# Generated by Visualization Toolkit
mtllib ssss.mtl
v 129 70.5 1
v 129.5 71 1
v 130 71.5 1
v 128.5 71 1
v 128 71.5 1
v 127 71.5 1
v 127 71 1.5
v 126 71.5 1
v 125 71.5 1
v 130.5 72 1
v 131 72.5 1
v 131 72 1.5
v 124.5 72 1
v 131.5 73 1
v 132 73.5 1
v 132 73 1.5
v 124.5 73 1
v 124 73.5 1
v 124 73 1.5
v 132.5 74 1
v 123.5 74 1
v 123 74 1.5
v 132.5 75 1
v 133 75 1.5
v 123.5 75 1
v 132.5 76 1
v 133 76 1.5
v 123.5 76 1
v 132.5 77 1
v 123.5 77 1
v 124 77.5 1
v 132.5 78 1
v 132 78.5 1
v 124.5 78 1
v 125 78.5 1
v 124 78 1.5
v 131.5 79 1
v 131 79.5 1
v 130 79.5 1
v 129 79.5 1
v 125.5 79 1
v 126 79.5 1
v 128.5 80 1
v 129 80 1.5
v 128 80.5 1
v 126.5 80 1
v 127 80.5 1
v 115 98.5 1
v 114 98.5 1
v 113 98.5 1
v 115.5 99 1
v 116 99.5 1
v 116 99 1.5
v 112.5 99 1
v 116.5 100 1
v 112.5 100 1
v 116.5 101 1
v 116 101.5 1
v 112.5 101 1
v 115.5 102 1
v 116 102 1.5
v 115 102.5 1
v 114 102.5 1
v 112.5 102 1
v 113 102.5 1
v 115 138.5 1
v 114 138.5 1
v 115.5 139 1
v 116 139.5 1
v 113.5 139 1
v 113 139.5 1
v 116.5 140 1
v 112.5 140 1
v 116.5 141 1
v 117 141 1.5
v 112.5 141 1
v 116.5 142 1
v 117 142 1.5
v 116 142.5 1
v 112.5 142 1
v 115.5 143 1
v 116 143 1.5
v 115 143.5 1
v 114 143.5 1
v 112.5 143 1
v 113 143.5 1
v 134 150.5 1
v 133 150.5 1
v 132 150.5 1
v 131 150.5 1
v 134.5 151 1
v 135 151.5 1
v 130.5 151 1
v 130 151.5 1
v 135.5 152 1
v 136 152.5 1
v 129.5 152 1
v 129 152.5 1
v 136.5 153 1
v 128.5 153 1
v 136.5 154 1
v 128.5 154 1
v 136.5 155 1
v 137 155 1.5
v 128.5 155 1
v 129 155.5 1
v 136.5 156 1
v 129.5 156 1
v 129 156 1.5
v 136.5 157 1
v 136 157.5 1
v 129.5 157 1
v 135.5 158 1
v 135 158.5 1
v 134 158.5 1
v 133 158.5 1
v 132 158.5 1
v 131 158.5 1
v 129.5 158 1
v 130 158.5 1
v 130 158 1.5
v 133 159 1.5
v 132 159 1.5
v 129 70.5 2
v 127 70.5 2
v 131 71.5 2
v 129.5 71 2
v 130 71.5 2
v 128.5 71 2
v 127.5 71 2
v 128 71.5 2
v 128 71 2.5
v 126.5 71 2
v 126 71.5 2
v 126 71 2.5
v 125 71.5 2
v 125 71 2.5
v 131.5 72 2
v 132 72.5 2
v 124.5 72 2
v 124 72.5 2
v 124 72 2.5
v 132.5 73 2
v 123.5 73 2
v 123 73.5 2
v 123 73 2.5
v 132.5 74 2
v 133 74.5 2
v 122.5 74 2
v 123 74.5 2
v 133.5 75 2
v 123.5 75 2
v 133.5 76 2
v 133 76.5 2
v 123.5 76 2
v 132.5 77 2
v 133 77 2.5
v 123.5 77 2
v 132.5 78 2
v 132 78.5 2
v 125 78.5 2
v 123.5 78 2
v 124 78.5 2
v 124 78 2.5
v 131.5 79 2
v 131 79.5 2
v 130 79.5 2
v 125.5 79 2
v 126 79.5 2
v 129.5 80 2
v 129 80.5 2
v 129 80 2.5
v 128 80.5 2
v 128 80 2.5
v 126.5 80 2
v 127 80.5 2
v 116 98.5 2
v 115 98.5 2
v 114 98.5 2
v 113 98.5 2
v 116.5 99 2
v 112.5 99 2
v 113 99 2.5
v 116.5 100 2
v 112.5 100 2
v 116.5 101 2
v 117 101 2.5
v 112.5 101 2
v 116.5 102 2
v 116 102.5 2
v 115 102.5 2
v 114 102.5 2
v 112.5 102 2
v 113 102.5 2
v 113 102 2.5
v 115 138.5 2
v 114 138.5 2
v 115.5 139 2
v 116 139.5 2
v 113.5 139 2
v 113 139.5 2
v 116.5 140 2
v 117 140.5 2
v 117 140 2.5
v 112.5 140 2
v 117.5 141 2
v 112.5 141 2
v 117.5 142 2
v 117 142.5 2
v 112.5 142 2
v 116.5 143 2
v 116 143.5 2
v 115 143.5 2
v 114 143.5 2
v 112.5 143 2
v 113 143.5 2
v 113 143 2.5
v 134 150.5 2
v 133 150.5 2
v 132 150.5 2
v 131 150.5 2
v 134.5 151 2
v 135 151.5 2
v 130.5 151 2
v 130 151.5 2
v 135.5 152 2
v 136 152.5 2
v 129.5 152 2
v 129 152.5 2
v 136.5 153 2
v 128.5 153 2
v 129 153 2.5
v 136.5 154 2
v 137 154.5 2
v 128.5 154 2
v 137.5 155 2
v 137 155.5 2
v 128.5 155 2
v 136.5 156 2
v 137 156 2.5
v 128.5 156 2
v 129 156.5 2
v 136.5 157 2
v 136 157.5 2
v 129.5 157 2
v 130 157.5 2
v 135.5 158 2
v 136 158 2.5
v 135 158.5 2
v 134 158.5 2
v 130.5 158 2
v 131 158.5 2
v 133.5 159 2
v 133 159.5 2
v 133 159 2.5
v 131.5 159 2
v 132 159.5 2
v 132 159 2.5
v 129 70.5 3
v 128 70.5 3
v 127 70.5 3
v 126 70.5 3
v 125 70.5 3
v 131 71.5 3
v 129.5 71 3
v 130 71.5 3
v 124.5 71 3
v 124 71.5 3
v 124 71 3.5
v 131.5 72 3
v 132 72.5 3
v 123.5 72 3
v 123 72.5 3
v 132.5 73 3
v 122.5 73 3
v 132.5 74 3
v 133 74.5 3
v 133 74 3.5
v 122.5 74 3
v 123 74.5 3
v 133.5 75 3
v 123.5 75 3
v 123 75 3.5
v 133.5 76 3
v 123.5 76 3
v 133.5 77 3
v 133 77.5 3
v 133 77 3.5
v 123.5 77 3
v 124 77.5 3
v 132.5 78 3
v 132 78.5 3
v 132 78 3.5
v 124.5 78 3
v 125 78.5 3
v 131.5 79 3
v 131 79.5 3
v 131 79 3.5
v 130 79.5 3
v 129 79.5 3
v 128 79.5 3
v 125.5 79 3
v 126 79.5 3
v 127.5 80 3
v 126.5 80 3
v 127 80.5 3
v 127 80 3.5
v 116 98.5 3
v 115 98.5 3
v 114 98.5 3
v 116.5 99 3
v 113.5 99 3
v 113 99.5 3
v 116.5 100 3
v 117 100.5 3
v 117 100 3.5
v 112.5 100 3
v 117.5 101 3
v 117 101.5 3
v 112.5 101 3
v 113 101.5 3
v 116.5 102 3
v 116 102.5 3
v 115 102.5 3
v 113.5 102 3
v 114 102.5 3
v 115 138.5 3
v 114 138.5 3
v 117 139.5 3
v 115.5 139 3
v 116 139.5 3
v 116 139 3.5
v 113.5 139 3
v 114 139 3.5
v 113 139.5 3
v 117.5 140 3
v 112.5 140 3
v 113 140 3.5
v 117.5 141 3
v 112.5 141 3
v 117.5 142 3
v 117 142.5 3
v 112.5 142 3
v 113 142.5 3
v 116.5 143 3
v 116 143.5 3
v 115 143.5 3
v 113.5 143 3
v 114 143.5 3
v 134 150.5 3
v 133 150.5 3
v 132 150.5 3
v 131 150.5 3
v 134.5 151 3
v 135 151.5 3
v 130.5 151 3
v 131 151 3.5
v 130 151.5 3
v 135.5 152 3
v 136 152.5 3
v 129.5 152 3
v 136.5 153 3
v 136 153 3.5
v 129.5 153 3
v 129 153.5 3
v 136.5 154 3
v 137 154.5 3
v 128.5 154 3
v 137.5 155 3
v 128.5 155 3
v 137.5 156 3
v 137 156.5 3
v 128.5 156 3
v 129 156.5 3
v 136.5 157 3
v 129.5 157 3
v 130 157.5 3
v 136.5 158 3
v 136 158.5 3
v 135 158.5 3
v 134 158.5 3
v 133 158.5 3
v 132 158.5 3
v 130.5 158 3
v 131 158.5 3
v 130 158 3.5
v 135 159 3.5
v 134 159 3.5
v 133 159 3.5
v 129 70.5 4
v 128 70.5 4
v 127 70.5 4
v 126 70.5 4
v 125 70.5 4
v 124 70.5 4
v 131 71.5 4
v 129.5 71 4
v 130 71.5 4
v 123.5 71 4
v 123 71 4.5
v 131.5 72 4
v 132 72.5 4
v 123.5 72 4
v 123 72.5 4
v 123 72 4.5
v 132.5 73 4
v 133 73.5 4
v 133 73 4.5
v 122.5 73 4
v 133.5 74 4
v 122.5 74 4
v 133.5 75 4
v 122.5 75 4
v 123 75.5 4
v 123 75 4.5
v 133.5 76 4
v 133 76.5 4
v 123.5 76 4
v 132.5 77 4
v 132 77.5 4
v 123.5 77 4
v 124 77.5 4
v 131.5 78 4
v 131 78.5 4
v 124.5 78 4
v 125 78.5 4
v 130.5 79 4
v 130 79.5 4
v 130 79 4.5
v 129 79.5 4
v 129 79 4.5
v 128 79.5 4
v 127 79.5 4
v 125.5 79 4
v 126 79.5 4
v 116 98.5 4
v 115 98.5 4
v 114 98.5 4
v 116.5 99 4
v 117 99.5 4
v 113.5 99 4
v 113 99.5 4
v 117.5 100 4
v 112.5 100 4
v 113 100 4.5
v 117.5 101 4
v 117 101.5 4
v 112.5 101 4
v 113 101.5 4
v 113 101 4.5
v 116.5 102 4
v 116 102.5 4
v 115 102.5 4
v 113.5 102 4
v 114 102.5 4
v 116 138.5 4
v 115 138.5 4
v 116.5 139 4
v 117 139.5 4
v 114.5 139 4
v 114 139.5 4
v 117.5 140 4
v 113.5 140 4
v 113 140.5 4
v 117.5 141 4
v 112.5 141 4
v 113 141 4.5
v 117.5 142 4
v 117 142.5 4
v 112.5 142 4
v 113 142.5 4
v 113 142 4.5
v 116.5 143 4
v 117 143 4.5
v 116 143.5 4
v 115 143.5 4
v 113.5 143 4
v 114 143.5 4
v 134 150.5 4
v 133 150.5 4
v 132 150.5 4
v 134.5 151 4
v 135 151.5 4
v 131.5 151 4
v 132 151 4.5
v 131 151.5 4
v 130 151.5 4
v 135.5 152 4
v 129.5 152 4
v 130 152 4.5
v 135.5 153 4
v 136 153.5 4
v 129.5 153 4
v 129 153.5 4
v 136.5 154 4
v 137 154.5 4
v 128.5 154 4
v 137.5 155 4
v 137 155 4.5
v 128.5 155 4
v 137.5 156 4
v 137 156.5 4
v 128.5 156 4
v 129 156.5 4
v 136.5 157 4
v 129.5 157 4
v 136.5 158 4
v 136 158.5 4
v 132 158.5 4
v 131 158.5 4
v 129.5 158 4
v 130 158.5 4
v 135.5 159 4
v 136 159 4.5
v 135 159.5 4
v 134 159.5 4
v 132.5 159 4
v 133 159.5 4
v 129 70.5 5
v 128 70.5 5
v 127 70.5 5
v 126 70.5 5
v 125 70.5 5
v 124 70.5 5
v 123 70.5 5
v 131 71.5 5
v 129.5 71 5
v 130 71.5 5
v 129 71 5.5
v 128 71 5.5
v 122.5 71 5
v 122 71 5.5
v 133 72.5 5
v 131.5 72 5
v 132 72.5 5
v 132 72 5.5
v 122.5 72 5
v 122 72 5.5
v 133.5 73 5
v 122.5 73 5
v 133.5 74 5
v 122.5 74 5
v 123 74.5 5
v 133.5 75 5
v 123.5 75 5
v 123 75 5.5
v 133.5 76 5
v 133 76.5 5
v 123.5 76 5
v 132.5 77 5
v 132 77.5 5
v 123.5 77 5
v 124 77.5 5
v 131.5 78 5
v 131 78.5 5
v 131 78 5.5
v 130 78.5 5
v 129 78.5 5
v 124.5 78 5
v 125 78.5 5
v 128.5 79 5
v 128 79.5 5
v 128 79 5.5
v 127 79.5 5
v 127 79 5.5
v 125.5 79 5
v 126 79.5 5
v 116 98.5 5
v 115 98.5 5
v 114 98.5 5
v 116.5 99 5
v 117 99.5 5
v 113.5 99 5
v 114 99 5.5
v 117.5 100 5
v 113.5 100 5
v 117.5 101 5
v 117 101.5 5
v 113.5 101 5
v 116.5 102 5
v 116 102.5 5
v 115 102.5 5
v 113.5 102 5
v 114 102.5 5
v 116 138.5 5
v 115 138.5 5
v 116.5 139 5
v 117 139.5 5
v 116 139 5.5
v 114.5 139 5
v 115 139 5.5
v 114 139.5 5
v 117.5 140 5
v 113.5 140 5
v 117.5 141 5
v 113.5 141 5
v 117.5 142 5
v 113.5 142 5
v 117.5 143 5
v 117 143.5 5
v 116 143.5 5
v 115 143.5 5
v 113.5 143 5
v 114 143.5 5
v 114 143 5.5
v 134 150.5 5
v 133 150.5 5
v 134.5 151 5
v 135 151.5 5
v 134 151 5.5
v 132.5 151 5
v 133 151 5.5
v 132 151.5 5
v 131 151.5 5
v 135.5 152 5
v 130.5 152 5
v 130 152.5 5
v 135.5 153 5
v 136 153.5 5
v 129.5 153 5
v 129 153.5 5
v 136.5 154 5
v 128.5 154 5
v 136.5 155 5
v 137 155.5 5
v 128.5 155 5
v 137.5 156 5
v 137 156.5 5
v 137 156 5.5
v 128.5 156 5
v 129 156.5 5
v 136.5 157 5
v 137 157 5.5
v 129.5 157 5
v 136.5 158 5
v 132 158.5 5
v 131 158.5 5
v 129.5 158 5
v 130 158.5 5
v 136.5 159 5
v 136 159.5 5
v 135 159.5 5
v 134 159.5 5
v 132.5 159 5
v 133 159.5 5
v 132 159 5.5
v 135 160 5.5
v 134 160 5.5
v 127 70.5 6
v 126 70.5 6
v 125 70.5 6
v 124 70.5 6
v 123 70.5 6
v 122 70.5 6
v 132 71.5 6
v 131 71.5 6
v 130 71.5 6
v 130 71 6.5
v 129 71.5 6
v 127.5 71 6
v 128 71.5 6
v 127 71 6.5
v 121.5 71 6
v 132.5 72 6
v 133 72.5 6
v 128 72 6.5
v 121.5 72 6
v 122 72.5 6
v 121 72 6.5
v 133.5 73 6
v 122.5 73 6
v 122 73 6.5
v 133.5 74 6
v 122.5 74 6
v 133.5 75 6
v 122.5 75 6
v 123 75.5 6
v 133.5 76 6
v 133 76.5 6
v 123.5 76 6
v 132.5 77 6
v 132 77.5 6
v 131 77.5 6
v 123.5 77 6
v 124 77.5 6
v 124 77 6.5
v 130.5 78 6
v 130 78.5 6
v 130 78 6.5
v 129 78.5 6
v 129 78 6.5
v 128 78.5 6
v 127 78.5 6
v 124.5 78 6
v 125 78.5 6
v 126.5 79 6
v 125.5 79 6
v 126 79.5 6
v 116 98.5 6
v 115 98.5 6
v 116.5 99 6
v 117 99.5 6
v 117 99 6.5
v 114.5 99 6
v 114 99.5 6
v 117.5 100 6
v 113.5 100 6
v 117.5 101 6
v 117 101.5 6
v 113.5 101 6
v 116.5 102 6
v 116 102.5 6
v 115 102.5 6
v 113.5 102 6
v 114 102.5 6
v 114 102 6.5
v 117 139.5 6
v 116 139.5 6
v 116 139 6.5
v 115 139.5 6
v 114 139.5 6
v 117.5 140 6
v 113.5 140 6
v 114 140 6.5
v 117.5 141 6
v 118 141 6.5
v 113.5 141 6
v 117.5 142 6
v 118 142 6.5
v 113.5 142 6
v 114 142.5 6
v 117.5 143 6
v 117 143.5 6
v 116 143.5 6
v 114.5 143 6
v 115 143.5 6
v 135 151.5 6
v 134 151.5 6
v 133 151.5 6
v 132 151.5 6
v 131 151.5 6
v 135.5 152 6
v 135 152 6.5
v 130.5 152 6
v 130 152.5 6
v 135.5 153 6
v 136 153.5 6
v 129.5 153 6
v 129 153.5 6
v 136.5 154 6
v 128.5 154 6
v 136.5 155 6
v 128.5 155 6
v 128 155 6.5
v 136.5 156 6
v 137 156.5 6
v 128.5 156 6
v 129 156.5 6
v 137.5 157 6
v 137 157.5 6
v 137 157 6.5
v 129.5 157 6
v 136.5 158 6
v 131 158.5 6
v 129.5 158 6
v 130 158.5 6
v 136.5 159 6
v 136 159.5 6
v 133 159.5 6
v 131.5 159 6
v 132 159.5 6
v 135.5 160 6
v 136 160 6.5
v 135 160.5 6
v 133.5 160 6
v 134 160.5 6
v 130 70.5 7
v 126 70.5 7
v 125 70.5 7
v 124 70.5 7
v 123 70.5 7
v 122 70.5 7
v 132 71.5 7
v 130.5 71 7
v 131 71.5 7
v 131 71 7.5
v 129.5 71 7
v 129 71.5 7
v 126.5 71 7
v 127 71.5 7
v 126 71 7.5
v 121.5 71 7
v 121 71.5 7
v 121 71 7.5
v 132.5 72 7
v 133 72.5 7
v 133 72 7.5
v 128.5 72 7
v 129 72 7.5
v 127.5 72 7
v 128 72.5 7
v 127 72 7.5
v 120.5 72 7
v 121 72.5 7
v 133.5 73 7
v 128 73 7.5
v 121.5 73 7
v 122 73.5 7
v 133.5 74 7
v 134 74 7.5
v 128 74 7.5
v 122.5 74 7
v 133.5 75 7
v 128 75 7.5
v 122.5 75 7
v 123 75.5 7
v 133.5 76 7
v 133 76.5 7
v 129 76 7.5
v 128 76 7.5
v 123.5 76 7
v 124 76.5 7
v 132.5 77 7
v 132 77.5 7
v 132 77 7.5
v 131 77.5 7
v 131 77 7.5
v 130 77.5 7
v 130 77 7.5
v 129 77.5 7
v 129 77 7.5
v 128 77 7.5
v 124.5 77 7
v 124 77 7.5
v 128.5 78 7
v 128 78.5 7
v 128 78 7.5
v 127 78.5 7
v 124.5 78 7
v 125 78.5 7
v 126.5 79 7
v 125.5 79 7
v 126 79.5 7
v 125 79 7.5
v 117 98.5 7
v 116 98.5 7
v 115 98.5 7
v 117.5 99 7
v 114.5 99 7
v 114 99.5 7
v 117.5 100 7
v 113.5 100 7
v 117.5 101 7
v 117 101.5 7
v 113.5 101 7
v 114 101.5 7
v 116.5 102 7
v 116 102.5 7
v 114.5 102 7
v 115 102.5 7
v 116 138.5 7
v 116.5 139 7
v 117 139.5 7
v 115.5 139 7
v 116 139 7.5
v 115 139.5 7
v 117.5 140 7
v 118 140.5 7
v 114.5 140 7
v 114 140.5 7
v 118.5 141 7
v 113.5 141 7
v 118.5 142 7
v 118 142.5 7
v 113.5 142 7
v 114 142.5 7
v 114 142 7.5
v 117.5 143 7
v 117 143.5 7
v 116 143.5 7
v 114.5 143 7
v 115 143.5 7
v 134 151.5 7
v 133 151.5 7
v 132 151.5 7
v 131 151.5 7
v 134.5 152 7
v 135 152.5 7
v 134 152 7.5
v 133 152 7.5
v 132 152 7.5
v 130.5 152 7
v 131 152 7.5
v 130 152.5 7
v 135.5 153 7
v 136 153.5 7
v 129.5 153 7
v 129 153.5 7
v 136.5 154 7
v 128.5 154 7
v 128 154.5 7
v 136.5 155 7
v 127.5 155 7
v 128 155.5 7
v 136.5 156 7
v 128.5 156 7
v 129 156.5 7
v 128 156 7.5
v 136.5 157 7
v 129.5 157 7
v 129 157 7.5
v 136.5 158 7
v 131 158.5 7
v 129.5 158 7
v 130 158.5 7
v 136.5 159 7
v 133 159.5 7
v 131.5 159 7
v 132 159.5 7
v 131 159 7.5
v 136.5 160 7
v 136 160.5 7
v 135 160.5 7
v 133.5 160 7
v 134 160.5 7
v 133 160 7.5
v 135 161 7.5
v 134 161 7.5
v 135 162 7.5
v 134 162 7.5
v 131 70.5 8
v 130 70.5 8
v 125 70.5 8
v 124 70.5 8
v 123 70.5 8
v 122 70.5 8
v 121 70.5 8
v 133 71.5 8
v 131.5 71 8
v 132 71.5 8
v 132 71 8.5
v 129.5 71 8
v 125.5 71 8
v 126 71.5 8
v 120.5 71 8
v 120 71 8.5
v 133.5 72 8
v 129.5 72 8
v 129 72.5 8
v 129 72 8.5
v 126.5 72 8
v 127 72.5 8
v 126 72 8.5
v 120.5 72 8
v 121 72.5 8
v 121 72 8.5
v 120 72 8.5
v 133.5 73 8
v 134 73.5 8
v 134 73 8.5
v 128.5 73 8
v 127.5 73 8
v 127 73 8.5
v 121.5 73 8
v 122 73.5 8
v 134.5 74 8
v 134 74.5 8
v 128.5 74 8
v 129 74 8.5
v 127.5 74 8
v 127 74 8.5
v 122.5 74 8
v 133.5 75 8
v 128.5 75 8
v 129 75.5 8
v 129 75 8.5
v 127.5 75 8
v 122.5 75 8
v 123 75.5 8
v 133.5 76 8
v 133 76.5 8
v 133 76 8.5
v 132 76.5 8
v 131 76.5 8
v 129.5 76 8
v 130 76.5 8
v 130 76 8.5
v 127.5 76 8
v 123.5 76 8
v 123 76 8.5
v 127.5 77 8
v 127 77 8.5
v 123.5 77 8
v 124 77.5 8
v 127.5 78 8
v 127 78.5 8
v 127 78 8.5
v 124.5 78 8
v 124 78 8.5
v 126.5 79 8
v 126 79.5 8
v 126 79 8.5
v 124.5 79 8
v 125 79.5 8
v 117 98.5 8
v 116 98.5 8
v 115 98.5 8
v 117.5 99 8
v 114.5 99 8
v 114 99.5 8
v 117.5 100 8
v 113.5 100 8
v 117.5 101 8
v 117 101.5 8
v 113.5 101 8
v 114 101.5 8
v 116.5 102 8
v 116 102.5 8
v 114.5 102 8
v 115 102.5 8
v 117 139.5 8
v 116 139.5 8
v 115 139.5 8
v 117.5 140 8
v 118 140.5 8
v 118 140 8.5
v 114.5 140 8
v 114 140.5 8
v 118.5 141 8
v 113.5 141 8
v 114 141.5 8
v 114 141 8.5
v 118.5 142 8
v 118 142.5 8
v 114.5 142 8
v 117.5 143 8
v 117 143.5 8
v 116 143.5 8
v 114.5 143 8
v 115 143.5 8
v 135 152.5 8
v 134 152.5 8
v 133 152.5 8
v 132 152.5 8
v 131 152.5 8
v 130 152.5 8
v 135.5 153 8
v 136 153.5 8
v 133 153 8.5
v 132 153 8.5
v 131 153 8.5
v 129.5 153 8
v 130 153 8.5
v 129 153.5 8
v 136.5 154 8
v 128.5 154 8
v 128 154.5 8
v 136.5 155 8
v 127.5 155 8
v 136.5 156 8
v 127.5 156 8
v 128 156.5 8
v 136.5 157 8
v 128.5 157 8
v 129 157.5 8
v 128 157 8.5
v 127 157 8.5
v 136.5 158 8
v 129.5 158 8
v 130 158.5 8
v 129 158 8.5
v 136.5 159 8
v 132 159.5 8
v 130.5 159 8
v 131 159.5 8
v 136.5 160 8
v 136 160.5 8
v 136 160 8.5
v 132.5 160 8
v 133 160.5 8
v 135.5 161 8
v 133.5 161 8
v 135.5 162 8
v 135 162.5 8
v 133.5 162 8
v 134 162.5 8
v 132 70.5 9
v 131 70.5 9
v 130 70.5 9
v 125 70.5 9
v 124 70.5 9
v 123 70.5 9
v 122 70.5 9
v 121 70.5 9
v 120 70.5 9
v 132.5 71 9
v 133 71.5 9
v 129.5 71 9
v 129 71.5 9
v 125.5 71 9
v 125 71 9.5
v 121 71.5 9
v 119.5 71 9
v 120 71 9.5
v 133.5 72 9
v 134 72.5 9
v 128.5 72 9
v 129 72 9.5
v 125.5 72 9
v 126 72.5 9
v 121.5 72 9
v 120.5 72 9
v 119.5 72 9
v 120 72.5 9
v 120 72 9.5
v 134.5 73 9
v 128.5 73 9
v 129 73.5 9
v 126.5 73 9
v 121.5 73 9
v 122 73.5 9
v 134.5 74 9
v 134 74.5 9
v 129.5 74 9
v 126.5 74 9
v 127 74.5 9
v 122.5 74 9
v 122 74 9.5
v 133.5 75 9
v 133 75.5 9
v 129.5 75 9
v 130 75.5 9
v 127.5 75 9
v 127 75 9.5
v 122.5 75 9
v 132.5 76 9
v 132 76.5 9
v 130.5 76 9
v 131 76.5 9
v 131 76 9.5
v 127.5 76 9
v 127 76.5 9
v 127 76 9.5
v 122.5 76 9
v 123 76.5 9
v 126.5 77 9
v 123.5 77 9
v 126.5 78 9
v 126 78.5 9
v 123.5 78 9
v 124 78.5 9
v 125.5 79 9
v 124.5 79 9
v 125 79.5 9
v 125 79 9.5
v 117 98.5 9
v 116 98.5 9
v 115 98.5 9
v 117.5 99 9
v 114.5 99 9
v 114 99.5 9
v 117.5 100 9
v 113.5 100 9
v 117.5 101 9
v 117 101.5 9
v 113.5 101 9
v 114 101.5 9
v 114 101 9.5
v 116.5 102 9
v 116 102.5 9
v 114.5 102 9
v 115 102.5 9
v 115 102 9.5
v 118 139.5 9
v 117 139.5 9
v 116 139.5 9
v 115 139.5 9
v 118.5 140 9
v 114.5 140 9
v 118.5 141 9
v 114.5 141 9
v 118.5 142 9
v 118 142.5 9
v 114.5 142 9
v 117.5 143 9
v 118 143 9.5
v 117 143.5 9
v 116 143.5 9
v 114.5 143 9
v 115 143.5 9
v 115 143 9.5
v 135 152.5 9
v 134 152.5 9
v 135.5 153 9
v 136 153.5 9
v 133.5 153 9
v 134 153 9.5
v 133 153.5 9
v 132 153.5 9
v 131 153.5 9
v 130 153.5 9
v 129 153.5 9
v 136.5 154 9
v 132 154 9.5
v 131 154 9.5
v 130 154 9.5
v 128.5 154 9
v 129 154 9.5
v 128 154.5 9
v 136.5 155 9
v 127.5 155 9
v 128 155 9.5
v 136.5 156 9
v 127.5 156 9
v 127 156.5 9
v 136.5 157 9
v 136 157 9.5
v 128 157.5 9
v 126.5 157 9
v 127 157.5 9
v 136.5 158 9
v 136 158 9.5
v 130 158.5 9
v 128.5 158 9
v 129 158.5 9
v 128 158 9.5
v 136.5 159 9
v 136 159.5 9
v 136 159 9.5
v 132 159.5 9
v 130.5 159 9
v 131 159.5 9
v 130 159 9.5
v 135.5 160 9
v 132.5 160 9
v 133 160.5 9
v 132 160 9.5
v 135.5 161 9
v 133.5 161 9
v 133 161 9.5
v 135.5 162 9
v 135 162.5 9
v 135 162 9.5
v 133.5 162 9
v 134 162.5 9
v 133 162 9.5
v 134 163 9.5
v 133 163 9.5
v 132 70.5 10
v 131 70.5 10
v 130 70.5 10
v 124 70.5 10
v 123 70.5 10
v 122 70.5 10
v 121 70.5 10
v 132.5 71 10
v 133 71.5 10
v 133 71 10.5
v 129.5 71 10
v 124.5 71 10
v 125 71.5 10
v 120.5 71 10
v 121 71.5 10
v 120 71 10.5
v 133.5 72 10
v 134 72.5 10
v 134 72 10.5
v 129.5 72 10
v 129 72.5 10
v 125.5 72 10
v 126 72.5 10
v 121.5 72 10
v 121 72 10.5
v 134.5 73 10
v 128.5 73 10
v 129 73.5 10
v 129 73 10.5
v 126.5 73 10
v 126 73 10.5
v 121.5 73 10
v 121 73 10.5
v 134.5 74 10
v 134 74.5 10
v 129.5 74 10
v 126.5 74 10
v 121.5 74 10
v 122 74.5 10
v 121 74 10.5
v 133.5 75 10
v 133 75.5 10
v 131 75.5 10
v 129.5 75 10
v 130 75.5 10
v 126.5 75 10
v 122.5 75 10
v 132.5 76 10
v 131.5 76 10
v 132 76.5 10
v 132 76 10.5
v 126.5 76 10
v 122.5 76 10
v 123 76.5 10
v 126.5 77 10
v 126 77 10.5
v 123.5 77 10
v 123 77 10.5
v 126.5 78 10
v 126 78.5 10
v 126 78 10.5
v 125 78.5 10
v 123.5 78 10
v 124 78.5 10
v 117 98.5 10
v 116 98.5 10
v 115 98.5 10
v 117.5 99 10
v 114.5 99 10
v 114 99.5 10
v 117.5 100 10
v 113.5 100 10
v 114 100.5 10
v 114 100 10.5
v 117.5 101 10
v 117 101.5 10
v 114.5 101 10
v 115 101.5 10
v 116.5 102 10
v 115.5 102 10
v 116 102.5 10
v 116 102 10.5
v 118 139.5 10
v 117 139.5 10
v 116 139.5 10
v 115 139.5 10
v 118.5 140 10
v 114.5 140 10
v 115 140 10.5
v 118.5 141 10
v 114.5 141 10
v 118.5 142 10
v 114.5 142 10
v 115 142.5 10
v 118.5 143 10
v 118 143.5 10
v 117 143.5 10
v 115.5 143 10
v 116 143.5 10
v 135 152.5 10
v 135.5 153 10
v 136 153.5 10
v 136 153 10.5
v 134.5 153 10
v 135 153 10.5
v 134 153.5 10
v 133 153.5 10
v 136.5 154 10
v 132.5 154 10
v 132 154.5 10
v 131 154.5 10
v 130 154.5 10
v 129 154.5 10
v 136.5 155 10
v 137 155 10.5
v 131 155 10.5
v 130 155 10.5
v 128.5 155 10
v 129 155 10.5
v 128 155.5 10
v 136.5 156 10
v 136 156.5 10
v 127.5 156 10
v 128 156 10.5
v 127 156.5 10
v 135.5 157 10
v 135 157 10.5
v 126.5 157 10
v 127 157.5 10
v 135.5 158 10
v 135 158 10.5
v 129 158.5 10
v 127.5 158 10
v 128 158.5 10
v 127 158 10.5
v 135.5 159 10
v 131 159.5 10
v 129.5 159 10
v 130 159.5 10
v 129 159 10.5
v 127 159 10.5
v 135.5 160 10
v 131.5 160 10
v 132 160.5 10
v 131 160 10.5
v 135.5 161 10
v 135 161.5 10
v 135 161 10.5
v 132.5 161 10
v 134.5 162 10
v 132.5 162 10
v 134.5 163 10
v 134 163.5 10
v 134 163 10.5
v 132.5 163 10
v 133 163.5 10
v 133 164 10.5
v 132 164 10.5
v 133 70.5 11
v 132 70.5 11
v 131 70.5 11
v 130 70.5 11
v 124 70.5 11
v 123 70.5 11
v 122 70.5 11
v 121 70.5 11
v 120 70.5 11
v 133.5 71 11
v 134 71.5 11
v 129.5 71 11
v 124.5 71 11
v 125 71.5 11
v 119.5 71 11
v 120 71.5 11
v 119 71 11.5
v 134.5 72 11
v 129.5 72 11
v 125.5 72 11
v 125 72 11.5
v 120.5 72 11
v 134.5 73 11
v 129.5 73 11
v 125.5 73 11
v 126 73.5 11
v 120.5 73 11
v 134.5 74 11
v 134 74.5 11
v 129.5 74 11
v 126.5 74 11
v 126 74 11.5
v 122 74.5 11
v 120.5 74 11
v 121 74.5 11
v 121 74 11.5
v 133.5 75 11
v 133 75.5 11
v 133 75 11.5
v 132 75.5 11
v 131 75.5 11
v 131 75 11.5
v 129.5 75 11
v 130 75.5 11
v 130 75 11.5
v 126.5 75 11
v 126 75 11.5
v 122.5 75 11
v 126.5 76 11
v 126 76.5 11
v 126 76 11.5
v 122.5 76 11
v 125.5 77 11
v 122.5 77 11
v 123 77.5 11
v 125.5 78 11
v 125 78.5 11
v 125 78 11.5
v 123.5 78 11
v 124 78.5 11
v 123 78 11.5
v 117 98.5 11
v 116 98.5 11
v 115 98.5 11
v 117.5 99 11
v 118 99 11.5
v 114.5 99 11
v 117.5 100 11
v 114.5 100 11
v 117.5 101 11
v 117 101.5 11
v 116 101.5 11
v 114.5 101 11
v 115 101.5 11
v 118 139.5 11
v 117 139.5 11
v 116 139.5 11
v 118.5 140 11
v 115.5 140 11
v 115 140.5 11
v 118.5 141 11
v 114.5 141 11
v 118.5 142 11
v 119 142 11.5
v 114.5 142 11
v 115 142.5 11
v 115 142 11.5
v 118.5 143 11
v 118 143.5 11
v 117 143.5 11
v 115.5 143 11
v 116 143.5 11
v 136 152.5 11
v 136.5 153 11
v 135.5 153 11
v 135 153.5 11
v 135 153 11.5
v 134 153.5 11
v 133 153.5 11
v 136.5 154 11
v 137 154.5 11
v 137 154 11.5
v 132.5 154 11
v 133 154 11.5
v 132 154.5 11
v 137.5 155 11
v 137 155.5 11
v 131.5 155 11
v 132 155 11.5
v 131 155.5 11
v 130 155.5 11
v 129 155.5 11
v 136.5 156 11
v 136 156.5 11
v 135 156.5 11
v 135 156 11.5
v 134 156 11.5
v 133 156 11.5
v 132 156 11.5
v 128.5 156 11
v 129 156 11.5
v 128 156.5 11
v 127 156.5 11
v 134.5 157 11
v 134 157 11.5
v 133 157 11.5
v 126.5 157 11
v 127 157 11.5
v 134.5 158 11
v 135 158.5 11
v 134 158 11.5
v 128 158.5 11
v 126.5 158 11
v 135.5 159 11
v 135 159 11.5
v 130 159.5 11
v 128.5 159 11
v 129 159.5 11
v 127.5 159 11
v 128 159 11.5
v 126.5 159 11
v 127 159.5 11
v 135.5 160 11
v 135 160.5 11
v 135 160 11.5
v 132 160.5 11
v 130.5 160 11
v 131 160.5 11
v 130 160 11.5
v 134.5 161 11
v 132.5 161 11
v 132 161 11.5
v 134.5 162 11
v 134 162.5 11
v 132.5 162 11
v 133.5 163 11
v 132.5 163 11
v 132 163.5 11
v 133.5 164 11
v 133 164.5 11
v 131.5 164 11
v 132 164.5 11
v 133 70.5 12
v 132 70.5 12
v 131 70.5 12
v 130 70.5 12
v 124 70.5 12
v 123 70.5 12
v 122 70.5 12
v 121 70.5 12
v 120 70.5 12
v 119 70.5 12
v 133.5 71 12
v 134 71.5 12
v 129.5 71 12
v 124.5 71 12
v 124 71 12.5
v 120 71.5 12
v 118.5 71 12
v 119 71.5 12
v 134.5 72 12
v 129.5 72 12
v 124.5 72 12
v 125 72.5 12
v 120.5 72 12
v 120 72 12.5
v 134.5 73 12
v 129.5 73 12
v 125.5 73 12
v 120.5 73 12
v 121 73.5 12
v 134.5 74 12
v 134 74.5 12
v 133 74.5 12
v 131 74.5 12
v 129.5 74 12
v 130 74.5 12
v 125.5 74 12
v 121.5 74 12
v 122 74.5 12
v 132.5 75 12
v 131.5 75 12
v 132 75.5 12
v 132 75 12.5
v 125.5 75 12
v 122.5 75 12
v 125.5 76 12
v 122.5 76 12
v 125.5 77 12
v 125 77.5 12
v 125 77 12.5
v 122.5 77 12
v 122 77 12.5
v 124.5 78 12
v 124 78.5 12
v 124 78 12.5
v 122.5 78 12
v 123 78.5 12
v 122 78 12.5
v 118 98.5 12
v 117 98.5 12
v 117 98 12.5
v 116 98.5 12
v 116 98 12.5
v 115 98.5 12
v 118.5 99 12
v 118 99.5 12
v 114.5 99 12
v 117.5 100 12
v 114.5 100 12
v 117.5 101 12
v 117 101.5 12
v 116 101.5 12
v 114.5 101 12
v 115 101.5 12
v 118 139.5 12
v 117 139.5 12
v 116 139.5 12
v 118.5 140 12
v 115.5 140 12
v 115 140.5 12
v 118.5 141 12
v 119 141.5 12
v 119 141 12.5
v 114.5 141 12
v 115 141.5 12
v 115 141 12.5
v 119.5 142 12
v 119 142.5 12
v 115.5 142 12
v 118.5 143 12
v 119 143 12.5
v 118 143.5 12
v 117 143.5 12
v 115.5 143 12
v 116 143.5 12
v 116 143 12.5
v 136 152.5 12
v 135 152.5 12
v 136.5 153 12
v 137 153.5 12
v 134.5 153 12
v 134 153.5 12
v 137.5 154 12
v 133.5 154 12
v 133 154.5 12
v 137.5 155 12
v 137 155.5 12
v 135 155.5 12
v 134 155.5 12
v 132.5 155 12
v 133 155.5 12
v 133 155 12.5
v 131 155.5 12
v 130 155.5 12
v 136.5 156 12
v 135.5 156 12
v 136 156.5 12
v 131.5 156 12
v 132 156.5 12
v 131 156 12.5
v 129.5 156 12
v 130 156 12.5
v 129 156.5 12
v 128 156.5 12
v 132.5 157 12
v 133 157.5 12
v 132 157 12.5
v 127.5 157 12
v 128 157 12.5
v 127 157.5 12
v 133.5 158 12
v 134 158.5 12
v 126.5 158 12
v 134.5 159 12
v 129 159.5 12
v 128 159.5 12
v 126.5 159 12
v 127 159.5 12
v 134.5 160 12
v 131 160.5 12
v 129.5 160 12
v 130 160.5 12
v 129 160 12.5
v 128 160 12.5
v 134.5 161 12
v 131.5 161 12
v 132 161.5 12
v 134.5 162 12
v 134 162.5 12
v 134 162 12.5
v 132.5 162 12
v 132 162 12.5
v 133.5 163 12
v 132.5 163 12
v 132 163.5 12
v 132 163 12.5
v 133.5 164 12
v 133 164.5 12
v 131.5 164 12
v 132 164.5 12
v 132 165 12.5
v 133 70.5 13
v 132 70.5 13
v 131 70.5 13
v 130 70.5 13
v 123 70.5 13
v 122 70.5 13
v 121 70.5 13
v 120 70.5 13
v 119 70.5 13
v 133.5 71 13
v 134 71.5 13
v 129.5 71 13
v 123.5 71 13
v 124 71.5 13
v 118.5 71 13
v 119 71.5 13
v 118 71 13.5
v 134.5 72 13
v 129.5 72 13
v 124.5 72 13
v 125 72.5 13
v 119.5 72 13
v 120 72.5 13
v 134.5 73 13
v 129.5 73 13
v 125.5 73 13
v 120.5 73 13
v 121 73.5 13
v 134.5 74 13
v 134 74.5 13
v 134 74 13.5
v 133 74.5 13
v 132 74.5 13
v 131 74.5 13
v 129.5 74 13
v 130 74.5 13
v 130 74 13.5
v 125.5 74 13
v 121.5 74 13
v 122 74.5 13
v 125.5 75 13
v 122.5 75 13
v 122 75 13.5
v 125.5 76 13
v 125 76.5 13
v 125 76 13.5
v 122.5 76 13
v 122 76.5 13
v 122 76 13.5
v 124.5 77 13
v 124 77.5 13
v 121.5 77 13
v 121 77 13.5
v 123.5 78 13
v 123 78.5 13
v 123 78 13.5
v 121.5 78 13
v 122 78.5 13
v 122 78 13.5
v 117 97.5 13
v 116 97.5 13
v 117.5 98 13
v 118 98.5 13
v 115.5 98 13
v 115 98.5 13
v 118.5 99 13
v 118 99.5 13
v 114.5 99 13
v 117.5 100 13
v 118 100 13.5
v 114.5 100 13
v 117.5 101 13
v 117 101.5 13
v 116 101.5 13
v 114.5 101 13
v 115 101.5 13
v 115 101 13.5
v 118 139.5 13
v 117 139.5 13
v 116 139.5 13
v 118.5 140 13
v 119 140.5 13
v 115.5 140 13
v 116 140 13.5
v 119.5 141 13
v 115.5 141 13
v 119.5 142 13
v 115.5 142 13
v 116 142.5 13
v 119.5 143 13
v 119 143.5 13
v 118 143.5 13
v 116.5 143 13
v 117 143.5 13
v 136 152.5 13
v 135 152.5 13
v 136.5 153 13
v 137 153.5 13
v 134.5 153 13
v 134 153.5 13
v 137.5 154 13
v 133.5 154 13
v 137.5 155 13
v 137 155.5 13
v 135 155.5 13
v 133.5 155 13
v 134 155.5 13
v 136.5 156 13
v 135.5 156 13
v 136 156.5 13
v 136 156 13.5
v 131 156.5 13
v 130 156.5 13
v 129 156.5 13
v 133 157.5 13
v 131.5 157 13
v 132 157.5 13
v 131 157 13.5
v 128.5 157 13
v 129 157 13.5
v 128 157.5 13
v 127 157.5 13
v 133.5 158 13
v 134 158.5 13
v 133 158 13.5
v 126.5 158 13
v 127 158 13.5
v 134.5 159 13
v 134 159 13.5
v 126.5 159 13
v 127 159.5 13
v 134.5 160 13
v 134 160 13.5
v 131 160.5 13
v 130 160.5 13
v 129 160.5 13
v 127.5 160 13
v 128 160.5 13
v 127 160 13.5
v 134.5 161 13
v 134 161.5 13
v 134 161 13.5
v 131.5 161 13
v 131 161 13.5
v 133.5 162 13
v 131.5 162 13
v 133.5 163 13
v 131.5 163 13
v 133.5 164 13
v 133 164.5 13
v 131.5 164 13
v 132.5 165 13
v 131.5 165 13
v 132 165.5 13
v 133 70.5 14
v 132 70.5 14
v 131 70.5 14
v 130 70.5 14
v 123 70.5 14
v 122 70.5 14
v 121 70.5 14
v 120 70.5 14
v 119 70.5 14
v 118 70.5 14
v 133.5 71 14
v 134 71.5 14
v 129.5 71 14
v 123.5 71 14
v 124 71.5 14
v 123 71 14.5
v 119 71.5 14
v 117.5 71 14
v 118 71.5 14
v 134.5 72 14
v 134 72 14.5
v 129.5 72 14
v 124.5 72 14
v 125 72.5 14
v 124 72 14.5
v 119.5 72 14
v 120 72.5 14
v 134.5 73 14
v 134 73.5 14
v 129.5 73 14
v 130 73.5 14
v 125.5 73 14
v 125 73 14.5
v 120.5 73 14
v 121 73.5 14
v 133.5 74 14
v 133 74.5 14
v 132 74.5 14
v 130.5 74 14
v 131 74.5 14
v 125.5 74 14
v 125 74 14.5
v 121.5 74 14
v 125.5 75 14
v 125 75.5 14
v 125 75 14.5
v 121.5 75 14
v 124.5 76 14
v 121.5 76 14
v 121 76.5 14
v 124.5 77 14
v 124 77.5 14
v 124 77 14.5
v 123 77.5 14
v 123 77 14.5
v 122 77.5 14
v 120.5 77 14
v 121 77.5 14
v 121 77 14.5
v 117 97.5 14
v 116 97.5 14
v 117.5 98 14
v 118 98.5 14
v 115.5 98 14
v 116 98 14.5
v 115 98.5 14
v 118.5 99 14
v 114.5 99 14
v 118.5 100 14
v 118 100.5 14
v 118 100 14.5
v 114.5 100 14
v 115 100.5 14
v 115 100 14.5
v 117.5 101 14
v 117 101.5 14
v 117 101 14.5
v 115.5 101 14
v 116 101.5 14
v 116 101 14.5
v 118 139.5 14
v 117 139.5 14
v 118.5 140 14
v 119 140.5 14
v 119 140 14.5
v 116.5 140 14
v 116 140.5 14
v 119.5 141 14
v 115.5 141 14
v 116 141 14.5
v 119.5 142 14
v 115.5 142 14
v 116 142.5 14
v 116 142 14.5
v 119.5 143 14
v 119 143.5 14
v 118 143.5 14
v 116.5 143 14
v 117 143.5 14
v 117 143 14.5
v 136 152.5 14
v 135 152.5 14
v 136.5 153 14
v 137 153.5 14
v 134.5 153 14
v 135 153 14.5
v 134 153.5 14
v 137.5 154 14
v 133.5 154 14
v 137.5 155 14
v 137 155.5 14
v 136 155.5 14
v 135 155.5 14
v 133.5 155 14
v 134 155.5 14
v 130 156.5 14
v 132 157.5 14
v 130.5 157 14
v 131 157.5 14
v 129.5 157 14
v 130 157 14.5
v 129 157.5 14
v 128 157.5 14
v 132.5 158 14
v 133 158.5 14
v 132 158 14.5
v 127.5 158 14
v 127 158.5 14
v 133.5 159 14
v 133 159 14.5
v 126.5 159 14
v 133.5 160 14
v 130 160.5 14
v 129 160.5 14
v 128 160.5 14
v 126.5 160 14
v 127 160.5 14
v 133.5 161 14
v 130.5 161 14
v 131 161.5 14
v 130 161 14.5
v 133.5 162 14
v 131.5 162 14
v 133.5 163 14
v 131.5 163 14
v 133.5 164 14
v 133 164.5 14
v 131.5 164 14
v 132.5 165 14
v 131.5 165 14
v 132 165.5 14
v 133 70.5 15
v 132 70.5 15
v 131 70.5 15
v 130 70.5 15
v 122 70.5 15
v 121 70.5 15
v 120 70.5 15
v 119 70.5 15
v 118 70.5 15
v 133.5 71 15
v 129.5 71 15
v 122.5 71 15
v 123 71.5 15
v 119 71.5 15
v 117.5 71 15
v 118 71.5 15
v 133.5 72 15
v 134 72.5 15
v 129.5 72 15
v 123.5 72 15
v 124 72.5 15
v 119.5 72 15
v 120 72.5 15
v 134.5 73 15
v 134 73.5 15
v 129.5 73 15
v 130 73.5 15
v 124.5 73 15
v 120.5 73 15
v 121 73.5 15
v 133.5 74 15
v 133 74.5 15
v 132 74.5 15
v 130.5 74 15
v 131 74.5 15
v 124.5 74 15
v 121.5 74 15
v 124.5 75 15
v 121.5 75 15
v 124.5 76 15
v 124 76.5 15
v 123 76.5 15
v 121.5 76 15
v 122.5 77 15
v 121.5 77 15
v 122 77.5 15
v 117 97.5 15
v 117.5 98 15
v 118 98.5 15
v 116.5 98 15
v 116 98.5 15
v 115 98.5 15
v 118.5 99 15
v 118 99.5 15
v 114.5 99 15
v 115 99.5 15
v 117.5 100 15
v 117 100.5 15
v 115.5 100 15
v 116 100.5 15
v 119 139.5 15
v 118 139.5 15
v 117 139.5 15
v 119.5 140 15
v 116.5 140 15
v 119.5 141 15
v 116.5 141 15
v 119.5 142 15
v 116.5 142 15
v 117 142.5 15
v 119.5 143 15
v 119 143.5 15
v 117.5 143 15
v 118 143.5 15
v 136 152.5 15
v 136.5 153 15
v 137 153.5 15
v 135.5 153 15
v 135 153.5 15
v 134 153.5 15
v 137.5 154 15
v 133.5 154 15
v 137.5 155 15
v 137 155.5 15
v 136 155.5 15
v 135 155.5 15
v 133.5 155 15
v 134 155.5 15
v 131 157.5 15
v 130 157.5 15
v 129 157.5 15
v 128 157.5 15
v 131.5 158 15
v 132 158.5 15
v 127.5 158 15
v 127 158.5 15
v 132.5 159 15
v 133 159.5 15
v 126.5 159 15
v 133.5 160 15
v 129 160.5 15
v 128 160.5 15
v 126.5 160 15
v 127 160.5 15
v 133.5 161 15
v 131 161.5 15
v 129.5 161 15
v 130 161.5 15
v 133.5 162 15
v 131.5 162 15
v 133.5 163 15
v 131.5 163 15
v 133.5 164 15
v 133 164.5 15
v 131.5 164 15
v 132.5 165 15
v 131.5 165 15
v 132 165.5 15
vn 0 -1 0
vn 0.4472135901451111 -0.8944271802902222 0
vn 0.7071067690849304 -0.7071067690849304 0
vn -0.4472135901451111 -0.8944271802902222 0
vn -0.4472135901451111 -0.8944271802902222 0
vn 0 -0.7071067690849304 -0.7071067690849304
vn 0 -0.5547001957893372 -0.8320503234863281
vn 0 -1 0
vn -0.4472135901451111 -0.8944271802902222 0
vn 0.5773502588272095 -0.5773502588272095 -0.5773502588272095
vn 0.5773502588272095 -0.5773502588272095 -0.5773502588272095
vn 0.48507124185562134 -0.48507124185562134 -0.7276068925857544
vn -0.8944271802902222 -0.4472135901451111 0
vn 0.5773502588272095 -0.5773502588272095 -0.5773502588272095
vn 0.5773502588272095 -0.5773502588272095 -0.5773502588272095
vn 0.48507124185562134 -0.48507124185562134 -0.7276068925857544
vn -0.6666666865348816 -0.3333333432674408 -0.6666666865348816
vn -0.5773502588272095 -0.5773502588272095 -0.5773502588272095
vn -0.48507124185562134 -0.48507124185562134 -0.7276068925857544
vn 0.8944271802902222 -0.4472135901451111 0
vn -0.6666666865348816 -0.3333333432674408 -0.6666666865348816
vn -0.5547001957893372 0 -0.8320503234863281
vn 0.7071067690849304 0 -0.7071067690849304
vn 0.5345224738121033 -0.26726123690605164 -0.8017837405204773
vn -1 0 0
vn 0.7071067690849304 0 -0.7071067690849304
vn 0.5345224738121033 0.26726123690605164 -0.8017837405204773
vn -1 0 0
vn 1 0 0
vn -0.8944271802902222 0.4472135901451111 0
vn -0.5773502588272095 0.5773502588272095 -0.5773502588272095
vn 0.8944271802902222 0.4472135901451111 0
vn 0.7071067690849304 0.7071067690849304 0
vn -0.5773502588272095 0.5773502588272095 -0.5773502588272095
vn -0.7071067690849304 0.7071067690849304 0
vn -0.5773502588272095 0.5773502588272095 -0.5773502588272095
vn 0.7071067690849304 0.7071067690849304 0
vn 0.4472135901451111 0.8944271802902222 0
vn 0 1 0
vn 0.3333333432674408 0.6666666865348816 -0.6666666865348816
vn -0.7071067690849304 0.7071067690849304 0
vn -0.7071067690849304 0.7071067690849304 0
vn 0.5773502588272095 0.5773502588272095 -0.5773502588272095
vn 0.5773502588272095 0.5773502588272095 -0.5773502588272095
vn 0.4472135901451111 0.8944271802902222 0
vn -0.7071067690849304 0.7071067690849304 0
vn -0.4472135901451111 0.8944271802902222 0
vn 0.4472135901451111 -0.8944271802902222 0
vn 0 -1 0
vn -0.4472135901451111 -0.8944271802902222 0
vn 0.5773502588272095 -0.5773502588272095 -0.5773502588272095
vn 0.5773502588272095 -0.5773502588272095 -0.5773502588272095
vn 0.48507124185562134 -0.48507124185562134 -0.7276068925857544
vn -0.8944271802902222 -0.4472135901451111 0
vn 0.8944271802902222 -0.4472135901451111 0
vn -1 0 0
vn 0.8944271802902222 0.4472135901451111 0
vn 0.5773502588272095 0.5773502588272095 -0.5773502588272095
vn -1 0 0
vn 0.5773502588272095 0.5773502588272095 -0.5773502588272095
vn 0.48507124185562134 0.48507124185562134 -0.7276068925857544
vn 0.4472135901451111 0.8944271802902222 0
vn 0 1 0
vn -0.8944271802902222 0.4472135901451111 0
vn -0.4472135901451111 0.8944271802902222 0
vn 0.4472135901451111 -0.8944271802902222 0
vn -0.4472135901451111 -0.8944271802902222 0
vn 0.7071067690849304 -0.7071067690849304 0
vn 0.7071067690849304 -0.7071067690849304 0
vn -0.7071067690849304 -0.7071067690849304 0
vn -0.7071067690849304 -0.7071067690849304 0
vn 0.8944271802902222 -0.4472135901451111 0
vn -0.8944271802902222 -0.4472135901451111 0
vn 0.7071067690849304 0 -0.7071067690849304
vn 0.5345224738121033 -0.26726123690605164 -0.8017837405204773
vn -1 0 0
vn 0.6666666865348816 0.3333333432674408 -0.6666666865348816
vn 0.5345224738121033 0.26726123690605164 -0.8017837405204773
vn 0.5773502588272095 0.5773502588272095 -0.5773502588272095
vn -1 0 0
vn 0.5773502588272095 0.5773502588272095 -0.5773502588272095
vn 0.48507124185562134 0.48507124185562134 -0.7276068925857544
vn 0.4472135901451111 0.8944271802902222 0
vn 0 1 0
vn -0.8944271802902222 0.4472135901451111 0
vn -0.4472135901451111 0.8944271802902222 0
vn 0.4472135901451111 -0.8944271802902222 0
vn 0 -1 0
vn 0 -1 0
vn -0.4472135901451111 -0.8944271802902222 0
vn 0.7071067690849304 -0.7071067690849304 0
vn 0.7071067690849304 -0.7071067690849304 0
vn -0.7071067690849304 -0.7071067690849304 0
vn -0.7071067690849304 -0.7071067690849304 0
vn 0.7071067690849304 -0.7071067690849304 0
vn 0.7071067690849304 -0.7071067690849304 0
vn -0.7071067690849304 -0.7071067690849304 0
vn -0.7071067690849304 -0.7071067690849304 0
vn 0.8944271802902222 -0.4472135901451111 0
vn -0.8944271802902222 -0.4472135901451111 0
vn 1 0 0
vn -1 0 0
vn 0.7071067690849304 0 -0.7071067690849304
vn 0.5547001957893372 0 -0.8320503234863281
vn -0.8944271802902222 0.4472135901451111 0
vn -0.5773502588272095 0.5773502588272095 -0.5773502588272095
vn 1 0 0
vn -0.6666666865348816 0.3333333432674408 -0.6666666865348816
vn -0.48507124185562134 0.48507124185562134 -0.7276068925857544
vn 0.8944271802902222 0.4472135901451111 0
vn 0.7071067690849304 0.7071067690849304 0
vn -1 0 0
vn 0.7071067690849304 0.7071067690849304 0
vn 0.4472135901451111 0.8944271802902222 0
vn 0 1 0
vn 0 0.7071067690849304 -0.7071067690849304
vn 0 0.7071067690849304 -0.7071067690849304
vn 0 1 0
vn -0.6666666865348816 0.3333333432674408 0.6666666865348816
vn -0.3333333432674408 0.6666666865348816 0.6666666865348816
vn -0.48507124185562134 0.48507124185562134 0.7276068925857544
vn 0.3333333432674408 0.6666666865348816 -0.6666666865348816
vn -0.3333333432674408 0.6666666865348816 -0.6666666865348816
vn 0 -1 0
vn 0 -0.8944271802902222 -0.4472135901451111
vn 0.40824830532073975 -0.8164966106414795 -0.40824830532073975
vn 0.4472135901451111 -0.8944271802902222 0
vn 0.4472135901451111 -0.8944271802902222 0
vn 0 -0.8944271802902222 -0.4472135901451111
vn 0 -0.7071067690849304 -0.7071067690849304
vn 0 -0.8944271802902222 -0.4472135901451111
vn 0 -0.7071067690849304 -0.7071067690849304
vn -0.3333333432674408 -0.6666666865348816 -0.6666666865348816
vn -0.40824830532073975 -0.8164966106414795 -0.40824830532073975
vn -0.3333333432674408 -0.6666666865348816 -0.6666666865348816
vn -0.40824830532073975 -0.8164966106414795 -0.40824830532073975
vn -0.3333333432674408 -0.6666666865348816 -0.6666666865348816
vn 0.6666666865348816 -0.6666666865348816 -0.3333333432674408
vn 0.6666666865348816 -0.6666666865348816 -0.3333333432674408
vn -0.6666666865348816 -0.6666666865348816 -0.3333333432674408
vn -0.5773502588272095 -0.5773502588272095 -0.5773502588272095
vn -0.5773502588272095 -0.5773502588272095 -0.5773502588272095
vn 0.8164966106414795 -0.40824830532073975 -0.40824830532073975
vn -0.5773502588272095 -0.5773502588272095 -0.5773502588272095
vn -0.6666666865348816 -0.3333333432674408 -0.6666666865348816
vn -0.5773502588272095 -0.5773502588272095 -0.5773502588272095
vn 0.8944271802902222 -0.4472135901451111 0
vn 0.6666666865348816 -0.6666666865348816 -0.3333333432674408
vn -0.8944271802902222 0 -0.4472135901451111
vn -0.8164966106414795 0.40824830532073975 -0.40824830532073975
vn 0.8164966106414795 -0.40824830532073975 -0.40824830532073975
vn -0.8944271802902222 0.4472135901451111 0
vn 0.8164966106414795 0.40824830532073975 -0.40824830532073975
vn 0.5773502588272095 0.5773502588272095 -0.5773502588272095
vn -1 0 0
vn 0.8164966106414795 0.40824830532073975 -0.40824830532073975
vn 0.6666666865348816 0.6666666865348816 -0.3333333432674408
vn -1 0 0
vn 0.8944271802902222 0.4472135901451111 0
vn 0.7071067690849304 0.7071067690849304 0
vn -0.4472135901451111 0.8944271802902222 0
vn -0.8944271802902222 0.4472135901451111 0
vn -0.4472135901451111 0.8944271802902222 0
vn -0.6666666865348816 0.6666666865348816 0.3333333432674408
vn 0.7071067690849304 0.7071067690849304 0
vn 0.4472135901451111 0.8944271802902222 0
vn 0.4472135901451111 0.8944271802902222 0
vn -0.7071067690849304 0.7071067690849304 0
vn -0.7071067690849304 0.7071067690849304 0
vn 0.7071067690849304 0.7071067690849304 0
vn 0.4472135901451111 0.8944271802902222 0
vn 0.40824830532073975 0.8164966106414795 0.40824830532073975
vn 0 0.8944271802902222 0.4472135901451111
vn 0.3333333432674408 0.6666666865348816 0.6666666865348816
vn -0.7071067690849304 0.7071067690849304 0
vn -0.4472135901451111 0.8944271802902222 0
vn 0.40824830532073975 -0.8164966106414795 -0.40824830532073975
vn 0 -1 0
vn 0 -1 0
vn -0.40824830532073975 -0.8164966106414795 0.40824830532073975
vn 0.8164966106414795 -0.40824830532073975 -0.40824830532073975
vn -0.8164966106414795 -0.40824830532073975 0.40824830532073975
vn -0.5773502588272095 -0.5773502588272095 0.5773502588272095
vn 1 0 0
vn -1 0 0
vn 0.8944271802902222 0 -0.4472135901451111
vn 0.7071067690849304 0 -0.7071067690849304
vn -1 0 0
vn 0.8164966106414795 0.40824830532073975 -0.40824830532073975
vn 0.40824830532073975 0.8164966106414795 -0.40824830532073975
vn 0 1 0
vn 0 1 0
vn -0.8164966106414795 0.40824830532073975 0.40824830532073975
vn -0.40824830532073975 0.8164966106414795 0.40824830532073975
vn -0.5773502588272095 0.5773502588272095 0.5773502588272095
vn 0.4472135901451111 -0.8944271802902222 0
vn -0.4472135901451111 -0.8944271802902222 0
vn 0.7071067690849304 -0.7071067690849304 0
vn 0.7071067690849304 -0.7071067690849304 0
vn -0.7071067690849304 -0.7071067690849304 0
vn -0.7071067690849304 -0.7071067690849304 0
vn 0.6666666865348816 -0.6666666865348816 -0.3333333432674408
vn 0.5773502588272095 -0.5773502588272095 -0.5773502588272095
vn 0.5773502588272095 -0.5773502588272095 -0.5773502588272095
vn -0.8944271802902222 -0.4472135901451111 0
vn 0.8164966106414795 -0.40824830532073975 -0.40824830532073975
vn -1 0 0
vn 0.8164966106414795 0.40824830532073975 -0.40824830532073975
vn 0.6666666865348816 0.6666666865348816 -0.3333333432674408
vn -1 0 0
vn 0.6666666865348816 0.6666666865348816 -0.3333333432674408
vn 0.40824830532073975 0.8164966106414795 -0.40824830532073975
vn 0 1 0
vn 0 1 0
vn -0.8164966106414795 0.40824830532073975 0.40824830532073975
vn -0.40824830532073975 0.8164966106414795 0.40824830532073975
vn -0.5773502588272095 0.5773502588272095 0.5773502588272095
vn 0.4472135901451111 -0.8944271802902222 0
vn 0 -1 0
vn 0 -1 0
vn -0.4472135901451111 -0.8944271802902222 0
vn 0.7071067690849304 -0.7071067690849304 0
vn 0.7071067690849304 -0.7071067690849304 0
vn -0.7071067690849304 -0.7071067690849304 0
vn -0.7071067690849304 -0.7071067690849304 0
vn 0.7071067690849304 -0.7071067690849304 0
vn 0.7071067690849304 -0.7071067690849304 0
vn -0.7071067690849304 -0.7071067690849304 0
vn -0.6666666865348816 -0.6666666865348816 0.3333333432674408
vn 0.8944271802902222 -0.4472135901451111 0
vn -0.8164966106414795 -0.40824830532073975 0.40824830532073975
vn -0.5773502588272095 -0.5773502588272095 0.5773502588272095
vn 0.8944271802902222 -0.4472135901451111 0
vn 0.8164966106414795 -0.40824830532073975 -0.40824830532073975
vn -1 0 0
vn 0.8944271802902222 0 -0.4472135901451111
vn 0.6666666865348816 0.3333333432674408 -0.6666666865348816
vn -1 0 0
vn 0.8164966106414795 0.40824830532073975 -0.40824830532073975
vn 0.5773502588272095 0.5773502588272095 -0.5773502588272095
vn -0.8164966106414795 0.40824830532073975 -0.40824830532073975
vn -0.6666666865348816 0.6666666865348816 -0.3333333432674408
vn 0.8944271802902222 0.4472135901451111 0
vn 0.6666666865348816 0.6666666865348816 -0.3333333432674408
vn -0.7071067690849304 0.7071067690849304 0
vn -0.6666666865348816 0.6666666865348816 0.3333333432674408
vn 0.6666666865348816 0.6666666865348816 -0.3333333432674408
vn 0.5773502588272095 0.5773502588272095 -0.5773502588272095
vn 0.4472135901451111 0.8944271802902222 0
vn 0.4472135901451111 0.8944271802902222 0
vn -0.6666666865348816 0.6666666865348816 0.3333333432674408
vn -0.7071067690849304 0.7071067690849304 0
vn 0.7071067690849304 0.7071067690849304 0
vn 0.4472135901451111 0.8944271802902222 0
vn 0.4472135901451111 0.8944271802902222 0
vn -0.7071067690849304 0.7071067690849304 0
vn -0.4472135901451111 0.8944271802902222 0
vn -0.40824830532073975 0.8164966106414795 0.40824830532073975
vn 0.4472135901451111 -0.8944271802902222 0
vn 0 -0.8944271802902222 -0.4472135901451111
vn 0 -1 0
vn 0 -0.8944271802902222 -0.4472135901451111
vn -0.40824830532073975 -0.8164966106414795 -0.40824830532073975
vn 0.4472135901451111 -0.8944271802902222 0
vn 0.7071067690849304 -0.7071067690849304 0
vn 0.4472135901451111 -0.8944271802902222 0
vn -0.5773502588272095 -0.5773502588272095 -0.5773502588272095
vn -0.5773502588272095 -0.5773502588272095 -0.5773502588272095
vn -0.5773502588272095 -0.5773502588272095 -0.5773502588272095
vn 0.7071067690849304 -0.7071067690849304 0
vn 0.7071067690849304 -0.7071067690849304 0
vn -0.6666666865348816 -0.6666666865348816 -0.3333333432674408
vn -0.6666666865348816 -0.6666666865348816 -0.3333333432674408
vn 0.8944271802902222 -0.4472135901451111 0
vn -0.8164966106414795 -0.40824830532073975 -0.40824830532073975
vn 0.8164966106414795 -0.40824830532073975 -0.40824830532073975
vn 0.6666666865348816 -0.6666666865348816 -0.3333333432674408
vn 0.5773502588272095 -0.5773502588272095 -0.5773502588272095
vn -0.8944271802902222 0.4472135901451111 0
vn -0.6666666865348816 0.6666666865348816 -0.3333333432674408
vn 0.8944271802902222 -0.4472135901451111 0
vn -0.8164966106414795 0.40824830532073975 -0.40824830532073975
vn -0.6666666865348816 0.6666666865348816 -0.3333333432674408
vn 1 0 0
vn -1 0 0
vn 0.8944271802902222 0.4472135901451111 0
vn 0.7071067690849304 0.7071067690849304 0
vn 0.6666666865348816 0.6666666865348816 0.3333333432674408
vn -0.8944271802902222 0.4472135901451111 0
vn -0.6666666865348816 0.6666666865348816 0.3333333432674408
vn 0.6666666865348816 0.6666666865348816 0.3333333432674408
vn 0.6666666865348816 0.6666666865348816 0.3333333432674408
vn 0.5773502588272095 0.5773502588272095 0.5773502588272095
vn -0.6666666865348816 0.6666666865348816 0.3333333432674408
vn -0.7071067690849304 0.7071067690849304 0
vn 0.6666666865348816 0.6666666865348816 0.3333333432674408
vn 0.40824830532073975 0.8164966106414795 0.40824830532073975
vn 0.5773502588272095 0.5773502588272095 0.5773502588272095
vn 0 1 0
vn 0 0.8944271802902222 0.4472135901451111
vn 0.40824830532073975 0.8164966106414795 0.40824830532073975
vn -0.7071067690849304 0.7071067690849304 0
vn -0.7071067690849304 0.7071067690849304 0
vn 0.3333333432674408 0.6666666865348816 0.6666666865348816
vn -0.40824830532073975 0.8164966106414795 0.40824830532073975
vn 0 0.8944271802902222 0.4472135901451111
vn 0 0.7071067690849304 0.7071067690849304
vn 0.4472135901451111 -0.8944271802902222 0
vn 0 -1 0
vn -0.4472135901451111 -0.8944271802902222 0
vn 0.8944271802902222 -0.4472135901451111 0
vn -0.6666666865348816 -0.6666666865348816 0.3333333432674408
vn -0.6666666865348816 -0.6666666865348816 0.3333333432674408
vn 0.8164966106414795 -0.40824830532073975 -0.40824830532073975
vn 0.6666666865348816 -0.3333333432674408 -0.6666666865348816
vn 0.5773502588272095 -0.5773502588272095 -0.5773502588272095
vn -0.8944271802902222 -0.4472135901451111 0
vn 0.8944271802902222 0 -0.4472135901451111
vn 0.8164966106414795 0.40824830532073975 -0.40824830532073975
vn -0.8944271802902222 0.4472135901451111 0
vn -0.6666666865348816 0.6666666865348816 0.3333333432674408
vn 0.7071067690849304 0.7071067690849304 0
vn 0.4472135901451111 0.8944271802902222 0
vn 0 1 0
vn -0.6666666865348816 0.6666666865348816 0.3333333432674408
vn -0.4472135901451111 0.8944271802902222 0
vn 0.4472135901451111 -0.8944271802902222 0
vn -0.40824830532073975 -0.8164966106414795 0.40824830532073975
vn 0.40824830532073975 -0.8164966106414795 -0.40824830532073975
vn 0.6666666865348816 -0.6666666865348816 -0.3333333432674408
vn 0.40824830532073975 -0.8164966106414795 -0.40824830532073975
vn 0.5773502588272095 -0.5773502588272095 -0.5773502588272095
vn -0.6666666865348816 -0.6666666865348816 0.3333333432674408
vn -0.5773502588272095 -0.5773502588272095 0.5773502588272095
vn -0.6666666865348816 -0.6666666865348816 0.3333333432674408
vn 0.8164966106414795 -0.40824830532073975 -0.40824830532073975
vn -0.8164966106414795 -0.40824830532073975 0.40824830532073975
vn -0.5773502588272095 -0.5773502588272095 0.5773502588272095
vn 1 0 0
vn -1 0 0
vn 0.8944271802902222 0.4472135901451111 0
vn 0.7071067690849304 0.7071067690849304 0
vn -0.8944271802902222 0.4472135901451111 0
vn -0.6666666865348816 0.6666666865348816 0.3333333432674408
vn 0.7071067690849304 0.7071067690849304 0
vn 0.4472135901451111 0.8944271802902222 0
vn 0 1 0
vn -0.6666666865348816 0.6666666865348816 0.3333333432674408
vn -0.4472135901451111 0.8944271802902222 0
vn 0.4472135901451111 -0.8944271802902222 0
vn 0 -1 0
vn 0 -1 0
vn -0.40824830532073975 -0.8164966106414795 0.40824830532073975
vn 0.7071067690849304 -0.7071067690849304 0
vn 0.7071067690849304 -0.7071067690849304 0
vn -0.6666666865348816 -0.6666666865348816 0.3333333432674408
vn -0.5773502588272095 -0.5773502588272095 0.5773502588272095
vn -0.7071067690849304 -0.7071067690849304 0
vn 0.7071067690849304 -0.7071067690849304 0
vn 0.6666666865348816 -0.6666666865348816 0.3333333432674408
vn -0.8944271802902222 -0.4472135901451111 0
vn 0.8164966106414795 -0.40824830532073975 0.40824830532073975
vn 0.5773502588272095 -0.5773502588272095 0.5773502588272095
vn -0.8164966106414795 -0.40824830532073975 0.40824830532073975
vn -0.6666666865348816 -0.6666666865348816 0.3333333432674408
vn 0.8944271802902222 -0.4472135901451111 0
vn 0.7071067690849304 -0.7071067690849304 0
vn -0.8944271802902222 -0.4472135901451111 0
vn 0.8944271802902222 -0.4472135901451111 0
vn -1 0 0
vn 0.8164966106414795 0.40824830532073975 -0.40824830532073975
vn 0.6666666865348816 0.6666666865348816 -0.3333333432674408
vn -0.8944271802902222 0.4472135901451111 0
vn -0.7071067690849304 0.7071067690849304 0
vn 0.8944271802902222 0.4472135901451111 0
vn -0.7071067690849304 0.7071067690849304 0
vn -0.6666666865348816 0.6666666865348816 -0.3333333432674408
vn 0.8164966106414795 0.40824830532073975 -0.40824830532073975
vn 0.40824830532073975 0.8164966106414795 -0.40824830532073975
vn 0 0.8944271802902222 -0.4472135901451111
vn 0 0.8944271802902222 -0.4472135901451111
vn 0 1 0
vn 0 0.8944271802902222 0.4472135901451111
vn -0.6666666865348816 0.6666666865348816 -0.3333333432674408
vn -0.4472135901451111 0.8944271802902222 0
vn -0.5773502588272095 0.5773502588272095 -0.5773502588272095
vn 0.3333333432674408 0.6666666865348816 -0.6666666865348816
vn 0 0.7071067690849304 -0.7071067690849304
vn -0.40824830532073975 0.8164966106414795 -0.40824830532073975
vn 0.4472135901451111 -0.8944271802902222 0
vn 0 -1 0
vn 0 -1 0
vn 0 -1 0
vn 0 -1 0
vn -0.40824830532073975 -0.8164966106414795 -0.40824830532073975
vn 0.4472135901451111 -0.8944271802902222 0
vn 0.7071067690849304 -0.7071067690849304 0
vn 0.4472135901451111 -0.8944271802902222 0
vn -0.6666666865348816 -0.3333333432674408 -0.6666666865348816
vn -0.6666666865348816 -0.3333333432674408 -0.6666666865348816
vn 0.7071067690849304 -0.7071067690849304 0
vn 0.7071067690849304 -0.7071067690849304 0
vn -0.8164966106414795 -0.40824830532073975 -0.40824830532073975
vn -0.6666666865348816 -0.6666666865348816 -0.3333333432674408
vn -0.6666666865348816 -0.3333333432674408 -0.6666666865348816
vn 0.6666666865348816 -0.6666666865348816 -0.3333333432674408
vn 0.5773502588272095 -0.5773502588272095 -0.5773502588272095
vn 0.5773502588272095 -0.5773502588272095 -0.5773502588272095
vn -0.8944271802902222 -0.4472135901451111 0
vn 0.8164966106414795 -0.40824830532073975 -0.40824830532073975
vn -1 0 0
vn 1 0 0
vn -0.8944271802902222 0.4472135901451111 0
vn -0.7071067690849304 0.7071067690849304 0
vn -0.7071067690849304 0.7071067690849304 0
vn 0.8944271802902222 0.4472135901451111 0
vn 0.6666666865348816 0.6666666865348816 0.3333333432674408
vn -0.8944271802902222 0.4472135901451111 0
vn 0.6666666865348816 0.6666666865348816 0.3333333432674408
vn 0.6666666865348816 0.6666666865348816 0.3333333432674408
vn -0.8944271802902222 0.4472135901451111 0
vn -0.7071067690849304 0.7071067690849304 0
vn 0.6666666865348816 0.6666666865348816 0.3333333432674408
vn 0.6666666865348816 0.6666666865348816 0.3333333432674408
vn -0.7071067690849304 0.7071067690849304 0
vn -0.7071067690849304 0.7071067690849304 0
vn 0.5773502588272095 0.5773502588272095 0.5773502588272095
vn 0.40824830532073975 0.8164966106414795 0.40824830532073975
vn 0.3333333432674408 0.6666666865348816 0.6666666865348816
vn 0 0.8944271802902222 0.4472135901451111
vn 0.3333333432674408 0.6666666865348816 0.6666666865348816
vn 0 1 0
vn 0 0.8944271802902222 0.4472135901451111
vn -0.7071067690849304 0.7071067690849304 0
vn -0.4472135901451111 0.8944271802902222 0
vn 0.4472135901451111 -0.8944271802902222 0
vn 0 -1 0
vn -0.4472135901451111 -0.8944271802902222 0
vn 0.7071067690849304 -0.7071067690849304 0
vn 0.6666666865348816 -0.6666666865348816 -0.3333333432674408
vn -0.7071067690849304 -0.7071067690849304 0
vn -0.6666666865348816 -0.6666666865348816 0.3333333432674408
vn 0.8164966106414795 -0.40824830532073975 -0.40824830532073975
vn -0.8164966106414795 -0.40824830532073975 0.40824830532073975
vn -0.6666666865348816 -0.3333333432674408 0.6666666865348816
vn 0.8944271802902222 0.4472135901451111 0
vn 0.7071067690849304 0.7071067690849304 0
vn -0.8164966106414795 0.40824830532073975 0.40824830532073975
vn -0.6666666865348816 0.6666666865348816 0.3333333432674408
vn -0.6666666865348816 0.3333333432674408 0.6666666865348816
vn 0.7071067690849304 0.7071067690849304 0
vn 0.4472135901451111 0.8944271802902222 0
vn 0 1 0
vn -0.7071067690849304 0.7071067690849304 0
vn -0.4472135901451111 0.8944271802902222 0
vn 0.40824830532073975 -0.8164966106414795 -0.40824830532073975
vn -0.4472135901451111 -0.8944271802902222 0
vn 0.6666666865348816 -0.6666666865348816 -0.3333333432674408
vn 0.7071067690849304 -0.7071067690849304 0
vn -0.6666666865348816 -0.6666666865348816 0.3333333432674408
vn -0.6666666865348816 -0.6666666865348816 0.3333333432674408
vn 0.8944271802902222 -0.4472135901451111 0
vn -0.6666666865348816 -0.6666666865348816 0.3333333432674408
vn -0.5773502588272095 -0.5773502588272095 0.5773502588272095
vn 1 0 0
vn -0.8164966106414795 -0.40824830532073975 0.40824830532073975
vn -0.6666666865348816 -0.3333333432674408 0.6666666865348816
vn 0.8944271802902222 0.4472135901451111 0
vn 0.6666666865348816 0.6666666865348816 -0.3333333432674408
vn -0.8164966106414795 0.40824830532073975 0.40824830532073975
vn -0.6666666865348816 0.6666666865348816 0.3333333432674408
vn -0.6666666865348816 0.3333333432674408 0.6666666865348816
vn 0.6666666865348816 0.6666666865348816 -0.3333333432674408
vn 0.5773502588272095 0.5773502588272095 -0.5773502588272095
vn 0.4472135901451111 0.8944271802902222 0
vn 0 1 0
vn -0.7071067690849304 0.7071067690849304 0
vn -0.4472135901451111 0.8944271802902222 0
vn 0.4472135901451111 -0.8944271802902222 0
vn 0 -1 0
vn -0.40824830532073975 -0.8164966106414795 0.40824830532073975
vn 0.7071067690849304 -0.7071067690849304 0
vn 0.7071067690849304 -0.7071067690849304 0
vn -0.5773502588272095 -0.5773502588272095 0.5773502588272095
vn -0.5773502588272095 -0.5773502588272095 0.5773502588272095
vn -0.40824830532073975 -0.8164966106414795 0.40824830532073975
vn -0.40824830532073975 -0.8164966106414795 0.40824830532073975
vn 0.8944271802902222 -0.4472135901451111 0
vn -0.8164966106414795 -0.40824830532073975 0.40824830532073975
vn -0.5773502588272095 -0.5773502588272095 0.5773502588272095
vn 0.8164966106414795 -0.40824830532073975 0.40824830532073975
vn 0.6666666865348816 -0.6666666865348816 0.3333333432674408
vn -0.8944271802902222 -0.4472135901451111 0
vn -0.7071067690849304 -0.7071067690849304 0
vn 0.7071067690849304 -0.7071067690849304 0
vn 0.6666666865348816 -0.6666666865348816 0.3333333432674408
vn -0.8944271802902222 -0.4472135901451111 0
vn 0.8164966106414795 -0.40824830532073975 0.40824830532073975
vn 0.5773502588272095 -0.5773502588272095 0.5773502588272095
vn -1 0 0
vn 0.8944271802902222 0.4472135901451111 0
vn 0.7071067690849304 0.7071067690849304 0
vn -0.8944271802902222 0.4472135901451111 0
vn -0.7071067690849304 0.7071067690849304 0
vn 0.8944271802902222 0.4472135901451111 0
vn -0.8944271802902222 0.4472135901451111 0
vn 0.8944271802902222 0.4472135901451111 0
vn 0.6666666865348816 0.6666666865348816 -0.3333333432674408
vn -0.4472135901451111 0.8944271802902222 0
vn 0 1 0
vn -0.8164966106414795 0.40824830532073975 -0.40824830532073975
vn -0.40824830532073975 0.8164966106414795 -0.40824830532073975
vn 0.5773502588272095 0.5773502588272095 -0.5773502588272095
vn 0.5773502588272095 0.5773502588272095 -0.5773502588272095
vn 0.40824830532073975 0.8164966106414795 -0.40824830532073975
vn 0 0.8944271802902222 -0.4472135901451111
vn -0.6666666865348816 0.6666666865348816 -0.3333333432674408
vn -0.40824830532073975 0.8164966106414795 -0.40824830532073975
vn 0.40824830532073975 -0.8164966106414795 0.40824830532073975
vn 0 -0.8944271802902222 0.4472135901451111
vn 0 -1 0
vn 0 -1 0
vn 0 -1 0
vn 0 -1 0
vn -0.40824830532073975 -0.8164966106414795 -0.40824830532073975
vn 0.4472135901451111 -0.8944271802902222 0
vn 0.6666666865348816 -0.6666666865348816 0.3333333432674408
vn 0.4472135901451111 -0.8944271802902222 0
vn 0.3333333432674408 -0.6666666865348816 0.6666666865348816
vn 0.3333333432674408 -0.6666666865348816 0.6666666865348816
vn -0.6666666865348816 -0.3333333432674408 -0.6666666865348816
vn -0.6666666865348816 -0.3333333432674408 -0.6666666865348816
vn 0.40824830532073975 -0.8164966106414795 -0.40824830532073975
vn 0.6666666865348816 -0.6666666865348816 -0.3333333432674408
vn 0.40824830532073975 -0.8164966106414795 -0.40824830532073975
vn 0.5773502588272095 -0.5773502588272095 -0.5773502588272095
vn -0.7071067690849304 0 -0.7071067690849304
vn -0.6666666865348816 0.3333333432674408 -0.6666666865348816
vn 0.8164966106414795 -0.40824830532073975 -0.40824830532073975
vn -1 0 0
vn 1 0 0
vn -0.8944271802902222 0.4472135901451111 0
vn -0.7071067690849304 0.7071067690849304 0
vn 1 0 0
vn -0.8944271802902222 0.4472135901451111 0
vn -0.6666666865348816 0.6666666865348816 -0.3333333432674408
vn 0.8944271802902222 0.4472135901451111 0
vn 0.7071067690849304 0.7071067690849304 0
vn -1 0 0
vn 0.7071067690849304 0.7071067690849304 0
vn 0.7071067690849304 0.7071067690849304 0
vn -0.8944271802902222 0.4472135901451111 0
vn -0.7071067690849304 0.7071067690849304 0
vn 0.6666666865348816 0.6666666865348816 0.3333333432674408
vn 0.40824830532073975 0.8164966106414795 0.40824830532073975
vn 0.5773502588272095 0.5773502588272095 0.5773502588272095
vn 0 0.8944271802902222 0.4472135901451111
vn 0.40824830532073975 0.8164966106414795 0.40824830532073975
vn -0.7071067690849304 0.7071067690849304 0
vn -0.7071067690849304 0.7071067690849304 0
vn 0.5773502588272095 0.5773502588272095 0.5773502588272095
vn 0.40824830532073975 0.8164966106414795 0.40824830532073975
vn 0.3333333432674408 0.6666666865348816 0.6666666865348816
vn 0 0.8944271802902222 0.4472135901451111
vn 0.3333333432674408 0.6666666865348816 0.6666666865348816
vn -0.7071067690849304 0.7071067690849304 0
vn -0.4472135901451111 0.8944271802902222 0
vn 0.4472135901451111 -0.8944271802902222 0
vn 0 -1 0
vn -0.40824830532073975 -0.8164966106414795 0.40824830532073975
vn 0.7071067690849304 -0.7071067690849304 0
vn 0.7071067690849304 -0.7071067690849304 0
vn -0.8164966106414795 -0.40824830532073975 0.40824830532073975
vn -0.5773502588272095 -0.5773502588272095 0.5773502588272095
vn 0.8944271802902222 -0.4472135901451111 0
vn -0.8944271802902222 0 0.4472135901451111
vn 0.8944271802902222 0.4472135901451111 0
vn 0.7071067690849304 0.7071067690849304 0
vn -0.8944271802902222 0 0.4472135901451111
vn 0.7071067690849304 0.7071067690849304 0
vn 0.4472135901451111 0.8944271802902222 0
vn 0 1 0
vn -0.8944271802902222 0.4472135901451111 0
vn -0.4472135901451111 0.8944271802902222 0
vn 0.40824830532073975 -0.8164966106414795 0.40824830532073975
vn -0.40824830532073975 -0.8164966106414795 0.40824830532073975
vn 0.6666666865348816 -0.6666666865348816 0.3333333432674408
vn 0.7071067690849304 -0.7071067690849304 0
vn 0.40824830532073975 -0.8164966106414795 0.40824830532073975
vn -0.6666666865348816 -0.6666666865348816 0.3333333432674408
vn -0.3333333432674408 -0.6666666865348816 0.6666666865348816
vn -0.7071067690849304 -0.7071067690849304 0
vn 0.8944271802902222 -0.4472135901451111 0
vn -0.8944271802902222 -0.4472135901451111 0
vn 1 0 0
vn -0.8944271802902222 0 0.4472135901451111
vn 1 0 0
vn -0.8944271802902222 0 0.4472135901451111
vn 0.8164966106414795 0.40824830532073975 -0.40824830532073975
vn 0.40824830532073975 0.8164966106414795 -0.40824830532073975
vn 0 1 0
vn 0 1 0
vn -0.8164966106414795 0.40824830532073975 0.40824830532073975
vn -0.40824830532073975 0.8164966106414795 0.40824830532073975
vn -0.5773502588272095 0.5773502588272095 0.5773502588272095
vn 0.40824830532073975 -0.8164966106414795 0.40824830532073975
vn -0.40824830532073975 -0.8164966106414795 0.40824830532073975
vn 0.6666666865348816 -0.6666666865348816 0.3333333432674408
vn 0.7071067690849304 -0.7071067690849304 0
vn 0.3333333432674408 -0.6666666865348816 0.6666666865348816
vn -0.5773502588272095 -0.5773502588272095 0.5773502588272095
vn -0.3333333432674408 -0.6666666865348816 0.6666666865348816
vn -0.40824830532073975 -0.8164966106414795 0.40824830532073975
vn -0.4472135901451111 -0.8944271802902222 0
vn 0.8944271802902222 -0.4472135901451111 0
vn -0.6666666865348816 -0.6666666865348816 0.3333333432674408
vn -0.6666666865348816 -0.6666666865348816 0.3333333432674408
vn 0.8944271802902222 -0.4472135901451111 0
vn 0.7071067690849304 -0.7071067690849304 0
vn -0.7071067690849304 -0.7071067690849304 0
vn -0.7071067690849304 -0.7071067690849304 0
vn 0.8944271802902222 -0.4472135901451111 0
vn -0.8944271802902222 -0.4472135901451111 0
vn 0.8164966106414795 -0.40824830532073975 0.40824830532073975
vn 0.6666666865348816 -0.3333333432674408 0.6666666865348816
vn -1 0 0
vn 0.8944271802902222 0 0.4472135901451111
vn 0.8944271802902222 0.4472135901451111 0
vn 0.6666666865348816 -0.3333333432674408 0.6666666865348816
vn -0.8944271802902222 0.4472135901451111 0
vn -0.7071067690849304 0.7071067690849304 0
vn 0.8164966106414795 0.40824830532073975 -0.40824830532073975
vn 0.8164966106414795 0.40824830532073975 -0.40824830532073975
vn -0.8944271802902222 0.4472135901451111 0
vn 1 0 0
vn -0.40824830532073975 0.8164966106414795 -0.40824830532073975
vn 0 1 0
vn -0.8944271802902222 0.4472135901451111 0
vn -0.4472135901451111 0.8944271802902222 0
vn 0.8164966106414795 0.40824830532073975 -0.40824830532073975
vn 0.40824830532073975 0.8164966106414795 -0.40824830532073975
vn 0 0.8944271802902222 -0.4472135901451111
vn 0 0.8944271802902222 -0.4472135901451111
vn -0.6666666865348816 0.6666666865348816 -0.3333333432674408
vn -0.4472135901451111 0.8944271802902222 0
vn -0.5773502588272095 0.5773502588272095 -0.5773502588272095
vn 0.3333333432674408 0.6666666865348816 -0.6666666865348816
vn -0.3333333432674408 0.6666666865348816 -0.6666666865348816
vn 0.40824830532073975 -0.8164966106414795 0.40824830532073975
vn 0 -1 0
vn 0 -1 0
vn 0 -1 0
vn 0 -1 0
vn -0.40824830532073975 -0.8164966106414795 -0.40824830532073975
vn 0.40824830532073975 -0.8164966106414795 -0.40824830532073975
vn 0 -1 0
vn 0 -0.8944271802902222 -0.4472135901451111
vn 0 -0.7071067690849304 -0.7071067690849304
vn 0 -0.8944271802902222 0.4472135901451111
vn 0.5773502588272095 -0.5773502588272095 0.5773502588272095
vn 0.3333333432674408 -0.6666666865348816 0.6666666865348816
vn 0.5773502588272095 -0.5773502588272095 0.5773502588272095
vn -0.8164966106414795 -0.40824830532073975 -0.40824830532073975
vn 0.6666666865348816 -0.6666666865348816 -0.3333333432674408
vn 0.7071067690849304 -0.7071067690849304 0
vn 0 -0.7071067690849304 0.7071067690849304
vn -0.6666666865348816 0.3333333432674408 -0.6666666865348816
vn -0.5773502588272095 0.5773502588272095 -0.5773502588272095
vn -0.7071067690849304 0 -0.7071067690849304
vn 0.8944271802902222 -0.4472135901451111 0
vn -0.8164966106414795 0.40824830532073975 -0.40824830532073975
vn -0.5773502588272095 0.5773502588272095 -0.5773502588272095
vn 1 0 0
vn -1 0 0
vn 1 0 0
vn -0.8164966106414795 0.40824830532073975 -0.40824830532073975
vn -0.6666666865348816 0.6666666865348816 -0.3333333432674408
vn 0.8944271802902222 0.4472135901451111 0
vn 0.7071067690849304 0.7071067690849304 0
vn -0.8944271802902222 0.4472135901451111 0
vn 0.7071067690849304 0.7071067690849304 0
vn 0.4472135901451111 0.8944271802902222 0
vn 0.40824830532073975 0.8164966106414795 0.40824830532073975
vn -0.8164966106414795 0.40824830532073975 0.40824830532073975
vn -0.6666666865348816 0.6666666865348816 0.3333333432674408
vn -0.6666666865348816 0.6666666865348816 0.3333333432674408
vn 0.5773502588272095 0.5773502588272095 0.5773502588272095
vn 0.40824830532073975 0.8164966106414795 0.40824830532073975
vn 0.3333333432674408 0.6666666865348816 0.6666666865348816
vn 0 0.8944271802902222 0.4472135901451111
vn 0.3333333432674408 0.6666666865348816 0.6666666865348816
vn 0 0.8944271802902222 0.4472135901451111
vn 0.40824830532073975 0.8164966106414795 0.40824830532073975
vn -0.7071067690849304 0.7071067690849304 0
vn -0.7071067690849304 0.7071067690849304 0
vn 0.40824830532073975 0.8164966106414795 0.40824830532073975
vn -0.4472135901451111 0.8944271802902222 0
vn 0 1 0
vn 0.4472135901451111 -0.8944271802902222 0
vn -0.4472135901451111 -0.8944271802902222 0
vn 0.6666666865348816 -0.6666666865348816 -0.3333333432674408
vn 0.6666666865348816 -0.6666666865348816 -0.3333333432674408
vn 0.5773502588272095 -0.5773502588272095 -0.5773502588272095
vn -0.6666666865348816 -0.6666666865348816 0.3333333432674408
vn -0.6666666865348816 -0.6666666865348816 0.3333333432674408
vn 0.8944271802902222 -0.4472135901451111 0
vn -0.8944271802902222 -0.4472135901451111 0
vn 0.8944271802902222 0.4472135901451111 0
vn 0.7071067690849304 0.7071067690849304 0
vn -1 0 0
vn 0.7071067690849304 0.7071067690849304 0
vn 0.4472135901451111 0.8944271802902222 0
vn 0 1 0
vn -0.8164966106414795 0.40824830532073975 0.40824830532073975
vn -0.40824830532073975 0.8164966106414795 0.40824830532073975
vn -0.5773502588272095 0.5773502588272095 0.5773502588272095
vn 0.4472135901451111 -0.8944271802902222 0
vn 0 -1 0
vn 0 -1 0
vn 0 -0.8944271802902222 0.4472135901451111
vn -0.40824830532073975 -0.8164966106414795 0.40824830532073975
vn 0.8944271802902222 -0.4472135901451111 0
vn -0.8164966106414795 -0.40824830532073975 0.40824830532073975
vn -0.5773502588272095 -0.5773502588272095 0.5773502588272095
vn 0.8944271802902222 0 -0.4472135901451111
vn 0.6666666865348816 -0.3333333432674408 -0.6666666865348816
vn -1 0 0
vn 0.8944271802902222 0 -0.4472135901451111
vn 0.6666666865348816 0.3333333432674408 -0.6666666865348816
vn -0.8944271802902222 0.4472135901451111 0
vn -0.6666666865348816 0.6666666865348816 0.3333333432674408
vn 0.8944271802902222 0.4472135901451111 0
vn 0.4472135901451111 0.8944271802902222 0
vn 0 1 0
vn -0.6666666865348816 0.6666666865348816 0.3333333432674408
vn -0.4472135901451111 0.8944271802902222 0
vn 0.40824830532073975 -0.8164966106414795 0.40824830532073975
vn 0 -0.8944271802902222 0.4472135901451111
vn 0 -0.8944271802902222 0.4472135901451111
vn 0 -1 0
vn -0.4472135901451111 -0.8944271802902222 0
vn 0.8164966106414795 -0.40824830532073975 0.40824830532073975
vn 0.5773502588272095 -0.5773502588272095 0.5773502588272095
vn -0.7071067690849304 -0.7071067690849304 0
vn -0.7071067690849304 -0.7071067690849304 0
vn 0.8944271802902222 -0.4472135901451111 0
vn 0.7071067690849304 -0.7071067690849304 0
vn -0.7071067690849304 -0.7071067690849304 0
vn -0.7071067690849304 -0.7071067690849304 0
vn 0.8944271802902222 -0.4472135901451111 0
vn -0.8944271802902222 -0.4472135901451111 0
vn 1 0 0
vn -0.8944271802902222 0 -0.4472135901451111
vn -0.7071067690849304 0 -0.7071067690849304
vn 0.8164966106414795 -0.40824830532073975 0.40824830532073975
vn 0.8164966106414795 -0.40824830532073975 0.40824830532073975
vn -0.8944271802902222 0.4472135901451111 0
vn -0.7071067690849304 0.7071067690849304 0
vn 1 0 0
vn 0.8944271802902222 0.4472135901451111 0
vn 0.8944271802902222 0 0.4472135901451111
vn -0.8944271802902222 0.4472135901451111 0
vn 0.8944271802902222 0.4472135901451111 0
vn -0.4472135901451111 0.8944271802902222 0
vn -0.8944271802902222 0.4472135901451111 0
vn -0.4472135901451111 0.8944271802902222 0
vn 0.8944271802902222 0.4472135901451111 0
vn 0.6666666865348816 0.6666666865348816 -0.3333333432674408
vn -0.4472135901451111 0.8944271802902222 0
vn -0.6666666865348816 0.6666666865348816 -0.3333333432674408
vn -0.40824830532073975 0.8164966106414795 -0.40824830532073975
vn 0.5773502588272095 0.5773502588272095 -0.5773502588272095
vn 0.5773502588272095 0.5773502588272095 -0.5773502588272095
vn 0.40824830532073975 0.8164966106414795 -0.40824830532073975
vn -0.6666666865348816 0.6666666865348816 -0.3333333432674408
vn -0.40824830532073975 0.8164966106414795 -0.40824830532073975
vn 0 -0.8944271802902222 -0.4472135901451111
vn 0.40824830532073975 -0.8164966106414795 0.40824830532073975
vn 0 -1 0
vn 0 -1 0
vn 0 -1 0
vn -0.4472135901451111 -0.8944271802902222 0
vn 0.4472135901451111 -0.8944271802902222 0
vn 0.3333333432674408 -0.6666666865348816 -0.6666666865348816
vn 0.40824830532073975 -0.8164966106414795 -0.40824830532073975
vn 0.5773502588272095 -0.5773502588272095 -0.5773502588272095
vn -0.40824830532073975 -0.8164966106414795 -0.40824830532073975
vn -0.6666666865348816 -0.6666666865348816 0.3333333432674408
vn 0.5773502588272095 -0.5773502588272095 0.5773502588272095
vn 0.5773502588272095 -0.5773502588272095 0.5773502588272095
vn 0.5773502588272095 -0.5773502588272095 0.5773502588272095
vn -0.6666666865348816 -0.6666666865348816 -0.3333333432674408
vn -0.6666666865348816 -0.3333333432674408 -0.6666666865348816
vn -0.5773502588272095 -0.5773502588272095 -0.5773502588272095
vn 0.6666666865348816 -0.6666666865348816 -0.3333333432674408
vn 0.6666666865348816 -0.6666666865348816 -0.3333333432674408
vn 0.5773502588272095 -0.5773502588272095 -0.5773502588272095
vn -0.3333333432674408 -0.6666666865348816 0.6666666865348816
vn -0.6666666865348816 -0.6666666865348816 0.3333333432674408
vn 0.3333333432674408 -0.6666666865348816 0.6666666865348816
vn 0 -0.7071067690849304 0.7071067690849304
vn 0.5773502588272095 -0.5773502588272095 0.5773502588272095
vn -0.8944271802902222 0 -0.4472135901451111
vn -0.8164966106414795 0.40824830532073975 -0.40824830532073975
vn 0.8944271802902222 -0.4472135901451111 0
vn 0 -0.4472135901451111 0.8944271802902222
vn -0.6666666865348816 0.6666666865348816 -0.3333333432674408
vn -0.6666666865348816 0.6666666865348816 -0.3333333432674408
vn 0.8944271802902222 0 -0.4472135901451111
vn 0.7071067690849304 0 -0.7071067690849304
vn 0 0 1
vn -0.8944271802902222 0.4472135901451111 0
vn 1 0 0
vn 0 0 1
vn -0.8944271802902222 0.4472135901451111 0
vn -0.7071067690849304 0.7071067690849304 0
vn 0.8944271802902222 0.4472135901451111 0
vn 0.7071067690849304 0.7071067690849304 0
vn -0.40824830532073975 0.40824830532073975 0.8164966106414795
vn 0.4472135901451111 0 0.8944271802902222
vn -0.7071067690849304 0.7071067690849304 0
vn -0.7071067690849304 0.7071067690849304 0
vn 0.6666666865348816 0.6666666865348816 0.3333333432674408
vn 0.40824830532073975 0.8164966106414795 0.40824830532073975
vn 0.3333333432674408 0.6666666865348816 0.6666666865348816
vn 0 0.8944271802902222 0.4472135901451111
vn 0 0.7071067690849304 0.7071067690849304
vn 0 0.7071067690849304 0.7071067690849304
vn 0 0.7071067690849304 0.7071067690849304
vn 0.3333333432674408 0.6666666865348816 0.6666666865348816
vn 0 0.4472135901451111 0.8944271802902222
vn 0.4472135901451111 0 0.8944271802902222
vn -0.8944271802902222 0.4472135901451111 0
vn -0.6666666865348816 0.6666666865348816 -0.3333333432674408
vn 0.5773502588272095 0.5773502588272095 0.5773502588272095
vn 0.40824830532073975 0.8164966106414795 0.40824830532073975
vn 0.6666666865348816 0.3333333432674408 0.6666666865348816
vn 0.4472135901451111 0.8944271802902222 0
vn -0.8944271802902222 0.4472135901451111 0
vn -0.6666666865348816 0.6666666865348816 -0.3333333432674408
vn 0.4472135901451111 0.8944271802902222 0
vn -0.40824830532073975 0.8164966106414795 -0.40824830532073975
vn 0 1 0
vn -0.5773502588272095 0.5773502588272095 -0.5773502588272095
vn 0.40824830532073975 -0.8164966106414795 -0.40824830532073975
vn 0 -1 0
vn -0.4472135901451111 -0.8944271802902222 0
vn 0.8164966106414795 -0.40824830532073975 -0.40824830532073975
vn -0.7071067690849304 -0.7071067690849304 0
vn -0.7071067690849304 -0.7071067690849304 0
vn 1 0 0
vn -0.8944271802902222 -0.4472135901451111 0
vn 0.8944271802902222 0.4472135901451111 0
vn 0.7071067690849304 0.7071067690849304 0
vn -0.8944271802902222 0.4472135901451111 0
vn -0.6666666865348816 0.6666666865348816 0.3333333432674408
vn 0.7071067690849304 0.7071067690849304 0
vn 0.4472135901451111 0.8944271802902222 0
vn -0.6666666865348816 0.6666666865348816 0.3333333432674408
vn -0.4472135901451111 0.8944271802902222 0
vn 0 -1 0
vn 0.4472135901451111 -0.8944271802902222 0
vn 0.7071067690849304 -0.7071067690849304 0
vn -0.4472135901451111 -0.8944271802902222 0
vn 0 -0.8944271802902222 0.4472135901451111
vn -0.7071067690849304 -0.7071067690849304 0
vn 0.7071067690849304 -0.7071067690849304 0
vn 0.6666666865348816 -0.6666666865348816 -0.3333333432674408
vn -0.6666666865348816 -0.6666666865348816 0.3333333432674408
vn -0.6666666865348816 -0.6666666865348816 0.3333333432674408
vn 0.8164966106414795 -0.40824830532073975 -0.40824830532073975
vn -0.8944271802902222 -0.4472135901451111 0
vn 0.8164966106414795 0.40824830532073975 -0.40824830532073975
vn 0.6666666865348816 0.6666666865348816 -0.3333333432674408
vn -0.8164966106414795 0.40824830532073975 0.40824830532073975
vn -0.6666666865348816 0.6666666865348816 0.3333333432674408
vn -0.5773502588272095 0.5773502588272095 0.5773502588272095
vn 0.7071067690849304 0.7071067690849304 0
vn 0.4472135901451111 0.8944271802902222 0
vn 0 1 0
vn -0.7071067690849304 0.7071067690849304 0
vn -0.4472135901451111 0.8944271802902222 0
vn 0.40824830532073975 -0.8164966106414795 0.40824830532073975
vn 0 -0.8944271802902222 0.4472135901451111
vn 0 -0.8944271802902222 0.4472135901451111
vn -0.40824830532073975 -0.8164966106414795 0.40824830532073975
vn 0.5773502588272095 -0.5773502588272095 0.5773502588272095
vn 0.6666666865348816 -0.6666666865348816 0.3333333432674408
vn 0.3333333432674408 -0.6666666865348816 0.6666666865348816
vn 0 -0.7071067690849304 0.7071067690849304
vn 0 -0.7071067690849304 0.7071067690849304
vn -0.6666666865348816 -0.6666666865348816 0.3333333432674408
vn -0.3333333432674408 -0.6666666865348816 0.6666666865348816
vn -0.7071067690849304 -0.7071067690849304 0
vn 0.7071067690849304 -0.7071067690849304 0
vn 0.7071067690849304 -0.7071067690849304 0
vn -0.7071067690849304 -0.7071067690849304 0
vn -0.7071067690849304 -0.7071067690849304 0
vn 0.8944271802902222 -0.4472135901451111 0
vn -0.7071067690849304 -0.7071067690849304 0
vn -0.8164966106414795 -0.40824830532073975 -0.40824830532073975
vn 1 0 0
vn -0.8944271802902222 0 -0.4472135901451111
vn -0.6666666865348816 0.3333333432674408 -0.6666666865348816
vn 1 0 0
vn -0.6666666865348816 0.6666666865348816 -0.3333333432674408
vn -0.6666666865348816 0.6666666865348816 -0.3333333432674408
vn -0.5773502588272095 0.5773502588272095 -0.5773502588272095
vn 0.8944271802902222 0 0.4472135901451111
vn -0.8164966106414795 0.40824830532073975 -0.40824830532073975
vn -0.5773502588272095 0.5773502588272095 -0.5773502588272095
vn 1 0 0
vn -0.40824830532073975 0.8164966106414795 -0.40824830532073975
vn -0.8944271802902222 0.4472135901451111 0
vn -0.4472135901451111 0.8944271802902222 0
vn 1 0 0
vn -0.40824830532073975 0.8164966106414795 -0.40824830532073975
vn -0.6666666865348816 0.6666666865348816 -0.3333333432674408
vn -0.4472135901451111 0.8944271802902222 0
vn -0.5773502588272095 0.5773502588272095 -0.5773502588272095
vn 0.8164966106414795 0.40824830532073975 -0.40824830532073975
vn 0.40824830532073975 0.8164966106414795 -0.40824830532073975
vn 0 0.8944271802902222 -0.4472135901451111
vn -0.6666666865348816 0.6666666865348816 -0.3333333432674408
vn -0.40824830532073975 0.8164966106414795 -0.40824830532073975
vn -0.5773502588272095 0.5773502588272095 -0.5773502588272095
vn 0.40824830532073975 0.40824830532073975 -0.8164966106414795
vn -0.40824830532073975 0.40824830532073975 -0.8164966106414795
vn 0.40824830532073975 0.40824830532073975 -0.8164966106414795
vn -0.40824830532073975 0.40824830532073975 -0.8164966106414795
vn 0.40824830532073975 -0.8164966106414795 -0.40824830532073975
vn -0.4472135901451111 -0.8944271802902222 0
vn 0.4472135901451111 -0.8944271802902222 0
vn 0 -1 0
vn 0 -1 0
vn 0 -1 0
vn -0.40824830532073975 -0.8164966106414795 -0.40824830532073975
vn 0.40824830532073975 -0.8164966106414795 -0.40824830532073975
vn 0.5773502588272095 -0.5773502588272095 -0.5773502588272095
vn 0.40824830532073975 -0.8164966106414795 -0.40824830532073975
vn 0.5773502588272095 -0.5773502588272095 -0.5773502588272095
vn -0.8944271802902222 -0.4472135901451111 0
vn 0.6666666865348816 -0.6666666865348816 0.3333333432674408
vn 0.5773502588272095 -0.5773502588272095 0.5773502588272095
vn -0.6666666865348816 -0.3333333432674408 -0.6666666865348816
vn -0.8164966106414795 -0.40824830532073975 -0.40824830532073975
vn 0.8164966106414795 -0.40824830532073975 -0.40824830532073975
vn -0.8944271802902222 -0.4472135901451111 0
vn -0.7071067690849304 -0.7071067690849304 0
vn -0.7071067690849304 -0.7071067690849304 0
vn 0.5773502588272095 -0.5773502588272095 0.5773502588272095
vn 0.5773502588272095 -0.5773502588272095 0.5773502588272095
vn 0.5773502588272095 -0.5773502588272095 0.5773502588272095
vn -0.8944271802902222 0.4472135901451111 0
vn -0.6666666865348816 0.6666666865348816 0.3333333432674408
vn -0.3333333432674408 0.6666666865348816 0.6666666865348816
vn -0.5773502588272095 0.5773502588272095 -0.5773502588272095
vn 0.8164966106414795 -0.40824830532073975 -0.40824830532073975
vn 0.6666666865348816 -0.3333333432674408 -0.6666666865348816
vn 0.5773502588272095 -0.5773502588272095 -0.5773502588272095
vn -0.5773502588272095 -0.5773502588272095 0.5773502588272095
vn 0.40824830532073975 -0.40824830532073975 0.8164966106414795
vn 0.6666666865348816 -0.3333333432674408 0.6666666865348816
vn -0.7071067690849304 0.7071067690849304 0
vn -0.7071067690849304 0.7071067690849304 0
vn 0.8944271802902222 0 -0.4472135901451111
vn 0.8164966106414795 0.40824830532073975 -0.40824830532073975
vn -0.4472135901451111 0 0.8944271802902222
vn -0.6666666865348816 0.3333333432674408 0.6666666865348816
vn 0.4472135901451111 0 0.8944271802902222
vn 0.6666666865348816 -0.3333333432674408 0.6666666865348816
vn -0.8944271802902222 0.4472135901451111 0
vn 0.8944271802902222 0.4472135901451111 0
vn -0.40824830532073975 0.40824830532073975 0.8164966106414795
vn -0.5773502588272095 0.5773502588272095 0.5773502588272095
vn -0.6666666865348816 0.3333333432674408 0.6666666865348816
vn 0.7071067690849304 0 0.7071067690849304
vn -0.8944271802902222 0.4472135901451111 0
vn -0.6666666865348816 0.6666666865348816 -0.3333333432674408
vn 0.8164966106414795 0.40824830532073975 0.40824830532073975
vn 0.40824830532073975 0.8164966106414795 0.40824830532073975
vn 0.5773502588272095 0.5773502588272095 0.5773502588272095
vn 0 0.8944271802902222 0.4472135901451111
vn 0 0.8944271802902222 0.4472135901451111
vn -0.5773502588272095 0.5773502588272095 0.5773502588272095
vn -0.3333333432674408 0.6666666865348816 0.6666666865348816
vn -0.5773502588272095 0.5773502588272095 0.5773502588272095
vn 0.8944271802902222 0 0.4472135901451111
vn -0.8164966106414795 0.40824830532073975 -0.40824830532073975
vn -0.5773502588272095 0.5773502588272095 -0.5773502588272095
vn 0.7071067690849304 0 0.7071067690849304
vn 0.6666666865348816 0.3333333432674408 0.6666666865348816
vn -0.8164966106414795 0.40824830532073975 -0.40824830532073975
vn -0.5773502588272095 0.5773502588272095 -0.5773502588272095
vn 0.6666666865348816 0.3333333432674408 0.6666666865348816
vn 0.6666666865348816 0.6666666865348816 0.3333333432674408
vn 0.6666666865348816 0.3333333432674408 0.6666666865348816
vn -0.8164966106414795 0.40824830532073975 -0.40824830532073975
vn -0.5773502588272095 0.5773502588272095 -0.5773502588272095
vn 0.6666666865348816 0.6666666865348816 0.3333333432674408
vn 0.40824830532073975 0.8164966106414795 0.40824830532073975
vn 0.5773502588272095 0.5773502588272095 0.5773502588272095
vn -0.8164966106414795 0.40824830532073975 -0.40824830532073975
vn -0.40824830532073975 0.8164966106414795 -0.40824830532073975
vn 0.4472135901451111 -0.8944271802902222 0
vn 0 -1 0
vn -0.4472135901451111 -0.8944271802902222 0
vn 0.8944271802902222 -0.4472135901451111 0
vn -0.7071067690849304 -0.7071067690849304 0
vn -0.7071067690849304 -0.7071067690849304 0
vn 1 0 0
vn -0.8944271802902222 -0.4472135901451111 0
vn 0.8944271802902222 0.4472135901451111 0
vn 0.7071067690849304 0.7071067690849304 0
vn -0.8944271802902222 0.4472135901451111 0
vn -0.7071067690849304 0.7071067690849304 0
vn 0.7071067690849304 0.7071067690849304 0
vn 0.4472135901451111 0.8944271802902222 0
vn -0.7071067690849304 0.7071067690849304 0
vn -0.4472135901451111 0.8944271802902222 0
vn 0.4472135901451111 -0.8944271802902222 0
vn 0 -0.8944271802902222 0.4472135901451111
vn -0.4472135901451111 -0.8944271802902222 0
vn 0.6666666865348816 -0.6666666865348816 -0.3333333432674408
vn 0.6666666865348816 -0.6666666865348816 -0.3333333432674408
vn 0.5773502588272095 -0.5773502588272095 -0.5773502588272095
vn -0.7071067690849304 -0.7071067690849304 0
vn -0.8164966106414795 -0.40824830532073975 0.40824830532073975
vn 0.8944271802902222 -0.4472135901451111 0
vn -0.8944271802902222 0 0.4472135901451111
vn -0.6666666865348816 0.3333333432674408 0.6666666865348816
vn -0.7071067690849304 0 0.7071067690849304
vn 0.8944271802902222 0.4472135901451111 0
vn 0.7071067690849304 0.7071067690849304 0
vn -0.8164966106414795 0.40824830532073975 0.40824830532073975
vn 0.7071067690849304 0.7071067690849304 0
vn 0.4472135901451111 0.8944271802902222 0
vn 0 1 0
vn -0.8944271802902222 0.4472135901451111 0
vn -0.4472135901451111 0.8944271802902222 0
vn 0.4472135901451111 -0.8944271802902222 0
vn 0 -0.8944271802902222 0.4472135901451111
vn 0 -0.7071067690849304 0.7071067690849304
vn 0 -0.7071067690849304 0.7071067690849304
vn 0 -0.7071067690849304 0.7071067690849304
vn -0.40824830532073975 -0.8164966106414795 0.40824830532073975
vn 0.7071067690849304 -0.7071067690849304 0
vn 0.7071067690849304 -0.7071067690849304 0
vn -0.3333333432674408 -0.6666666865348816 0.6666666865348816
vn 0 -0.7071067690849304 0.7071067690849304
vn 0 -0.7071067690849304 0.7071067690849304
vn -0.6666666865348816 -0.6666666865348816 0.3333333432674408
vn -0.3333333432674408 -0.6666666865348816 0.6666666865348816
vn -0.7071067690849304 -0.7071067690849304 0
vn 0.8944271802902222 -0.4472135901451111 0
vn -0.7071067690849304 -0.7071067690849304 0
vn -0.7071067690849304 -0.7071067690849304 0
vn 1 0 0
vn -0.8944271802902222 -0.4472135901451111 0
vn 1 0 0
vn -0.8164966106414795 0.40824830532073975 -0.40824830532073975
vn -0.5773502588272095 0.5773502588272095 -0.5773502588272095
vn 1 0 0
vn -0.5773502588272095 0.5773502588272095 -0.5773502588272095
vn -0.5773502588272095 0.5773502588272095 -0.5773502588272095
vn -0.3333333432674408 0.6666666865348816 -0.6666666865348816
vn -0.4472135901451111 0 -0.8944271802902222
vn 1 0 0
vn -0.6666666865348816 0.6666666865348816 -0.3333333432674408
vn -0.7071067690849304 0.7071067690849304 0
vn -0.5773502588272095 0.5773502588272095 -0.5773502588272095
vn 1 0 0
vn -0.4472135901451111 0.8944271802902222 0
vn -0.6666666865348816 0.6666666865348816 -0.3333333432674408
vn -0.40824830532073975 0.8164966106414795 -0.40824830532073975
vn 0.8164966106414795 0.40824830532073975 0.40824830532073975
vn 0.6666666865348816 0.6666666865348816 0.3333333432674408
vn 0.5773502588272095 0.5773502588272095 0.5773502588272095
vn -0.6666666865348816 0.6666666865348816 -0.3333333432674408
vn -0.6666666865348816 0.6666666865348816 -0.3333333432674408
vn 0.8164966106414795 0.40824830532073975 -0.40824830532073975
vn -0.8164966106414795 0.40824830532073975 -0.40824830532073975
vn 0.8164966106414795 0.40824830532073975 -0.40824830532073975
vn 0.40824830532073975 0.8164966106414795 -0.40824830532073975
vn -0.8164966106414795 0.40824830532073975 -0.40824830532073975
vn -0.40824830532073975 0.8164966106414795 -0.40824830532073975
vn 0.40824830532073975 -0.8164966106414795 -0.40824830532073975
vn 0 -1 0
vn -0.4472135901451111 -0.8944271802902222 0
vn 0.40824830532073975 -0.8164966106414795 0.40824830532073975
vn 0 -1 0
vn 0 -1 0
vn 0 -1 0
vn 0 -1 0
vn -0.4472135901451111 -0.8944271802902222 0
vn 0.6666666865348816 -0.6666666865348816 -0.3333333432674408
vn 0.7071067690849304 -0.7071067690849304 0
vn -0.7071067690849304 -0.7071067690849304 0
vn -0.7071067690849304 -0.7071067690849304 0
vn 0.8164966106414795 -0.40824830532073975 0.40824830532073975
vn 0.5773502588272095 -0.5773502588272095 0.5773502588272095
vn 0 0.7071067690849304 0.7071067690849304
vn -0.8944271802902222 -0.4472135901451111 0
vn -0.8944271802902222 -0.4472135901451111 0
vn 0.7071067690849304 -0.7071067690849304 0
vn 0.6666666865348816 -0.6666666865348816 -0.3333333432674408
vn -0.8944271802902222 -0.4472135901451111 0
vn -0.6666666865348816 -0.6666666865348816 0.3333333432674408
vn 0.8164966106414795 -0.40824830532073975 0.40824830532073975
vn 0.6666666865348816 -0.6666666865348816 0.3333333432674408
vn -0.5773502588272095 0.5773502588272095 0.5773502588272095
vn 0 0.8944271802902222 0.4472135901451111
vn -0.7071067690849304 0.7071067690849304 0
vn 0 1 0
vn 0 0.7071067690849304 0.7071067690849304
vn 0.8164966106414795 -0.40824830532073975 -0.40824830532073975
vn -0.8944271802902222 0.4472135901451111 0
vn -0.6666666865348816 0.6666666865348816 0.3333333432674408
vn 0.8164966106414795 -0.40824830532073975 0.40824830532073975
vn -0.8944271802902222 0.4472135901451111 0
vn -0.6666666865348816 0.6666666865348816 -0.3333333432674408
vn 0.8944271802902222 0.4472135901451111 0
vn 0.7071067690849304 0.7071067690849304 0
vn -0.8164966106414795 0.40824830532073975 0.40824830532073975
vn 0.8164966106414795 -0.40824830532073975 0.40824830532073975
vn 0.5773502588272095 -0.5773502588272095 0.5773502588272095
vn -0.8164966106414795 0.40824830532073975 -0.40824830532073975
vn -0.5773502588272095 0.5773502588272095 -0.5773502588272095
vn 0.7071067690849304 0.7071067690849304 0
vn 0.6666666865348816 0.6666666865348816 0.3333333432674408
vn -0.8164966106414795 0.40824830532073975 0.40824830532073975
vn -0.6666666865348816 0.6666666865348816 0.3333333432674408
vn 0.8164966106414795 -0.40824830532073975 0.40824830532073975
vn 0.6666666865348816 -0.3333333432674408 0.6666666865348816
vn -1 0 0
vn 0.6666666865348816 0.6666666865348816 0.3333333432674408
vn 0.4472135901451111 0.8944271802902222 0
vn -0.5773502588272095 0.5773502588272095 0.5773502588272095
vn -0.40824830532073975 0.8164966106414795 0.40824830532073975
vn -0.5773502588272095 0.5773502588272095 0.5773502588272095
vn 0.8164966106414795 0.40824830532073975 0.40824830532073975
vn 0.5773502588272095 0.5773502588272095 0.5773502588272095
vn 0.6666666865348816 0.3333333432674408 0.6666666865348816
vn -0.8164966106414795 0.40824830532073975 -0.40824830532073975
vn -0.6666666865348816 0.6666666865348816 -0.3333333432674408
vn 0.8164966106414795 0.40824830532073975 0.40824830532073975
vn -0.8944271802902222 0.4472135901451111 0
vn 0.8164966106414795 0.40824830532073975 0.40824830532073975
vn 0.6666666865348816 0.6666666865348816 0.3333333432674408
vn -0.8164966106414795 0.40824830532073975 -0.40824830532073975
vn -0.6666666865348816 0.6666666865348816 -0.3333333432674408
vn 0.3333333432674408 0.6666666865348816 0.6666666865348816
vn -0.40824830532073975 0.8164966106414795 0.40824830532073975
vn 0 0.8944271802902222 0.4472135901451111
vn 0 0.7071067690849304 0.7071067690849304
vn 0.4472135901451111 -0.8944271802902222 0
vn 0 -1 0
vn -0.4472135901451111 -0.8944271802902222 0
vn 0.8944271802902222 -0.4472135901451111 0
vn -0.7071067690849304 -0.7071067690849304 0
vn -0.7071067690849304 -0.7071067690849304 0
vn 1 0 0
vn -0.8944271802902222 -0.4472135901451111 0
vn 0.8944271802902222 0.4472135901451111 0
vn 0.7071067690849304 0.7071067690849304 0
vn -0.8164966106414795 0.40824830532073975 0.40824830532073975
vn -0.6666666865348816 0.6666666865348816 0.3333333432674408
vn -0.5773502588272095 0.5773502588272095 0.5773502588272095
vn 0.7071067690849304 0.7071067690849304 0
vn 0.4472135901451111 0.8944271802902222 0
vn -0.6666666865348816 0.6666666865348816 0.3333333432674408
vn -0.40824830532073975 0.8164966106414795 0.40824830532073975
vn -0.5773502588272095 0.5773502588272095 0.5773502588272095
vn 0.40824830532073975 -0.8164966106414795 -0.40824830532073975
vn 0 -1 0
vn 0 -1 0
vn -0.4472135901451111 -0.8944271802902222 0
vn 0.8164966106414795 -0.40824830532073975 -0.40824830532073975
vn -0.8944271802902222 -0.4472135901451111 0
vn 1 0 0
vn -0.8944271802902222 0 0.4472135901451111
vn 0.8944271802902222 0.4472135901451111 0
vn 0.6666666865348816 0.6666666865348816 -0.3333333432674408
vn -1 0 0
vn 0.6666666865348816 0.6666666865348816 -0.3333333432674408
vn 0.5773502588272095 0.5773502588272095 -0.5773502588272095
vn 0.4472135901451111 0.8944271802902222 0
vn 0 1 0
vn -0.8164966106414795 0.40824830532073975 0.40824830532073975
vn -0.40824830532073975 0.8164966106414795 0.40824830532073975
vn -0.5773502588272095 0.5773502588272095 0.5773502588272095
vn 0.4472135901451111 -0.8944271802902222 0
vn -0.40824830532073975 -0.8164966106414795 0.40824830532073975
vn 0.7071067690849304 -0.7071067690849304 0
vn 0.7071067690849304 -0.7071067690849304 0
vn -0.5773502588272095 -0.5773502588272095 0.5773502588272095
vn -0.5773502588272095 -0.5773502588272095 0.5773502588272095
vn -0.40824830532073975 -0.8164966106414795 0.40824830532073975
vn 0 -0.7071067690849304 0.7071067690849304
vn 0 -0.7071067690849304 0.7071067690849304
vn 0 -0.7071067690849304 0.7071067690849304
vn -0.40824830532073975 -0.8164966106414795 0.40824830532073975
vn 0.8944271802902222 -0.4472135901451111 0
vn -0.3333333432674408 -0.6666666865348816 0.6666666865348816
vn 0 -0.7071067690849304 0.7071067690849304
vn 0 -0.7071067690849304 0.7071067690849304
vn -0.6666666865348816 -0.6666666865348816 0.3333333432674408
vn -0.3333333432674408 -0.6666666865348816 0.6666666865348816
vn -0.6666666865348816 -0.6666666865348816 0.3333333432674408
vn 1 0 0
vn -0.8164966106414795 -0.40824830532073975 0.40824830532073975
vn -0.5773502588272095 -0.5773502588272095 0.5773502588272095
vn 1 0 0
vn -0.8944271802902222 -0.4472135901451111 0
vn -0.8164966106414795 -0.40824830532073975 -0.40824830532073975
vn 0.8944271802902222 0 0.4472135901451111
vn 0.6666666865348816 0.3333333432674408 0.6666666865348816
vn -0.3333333432674408 0.6666666865348816 -0.6666666865348816
vn -0.8944271802902222 0 -0.4472135901451111
vn -0.5773502588272095 0.5773502588272095 -0.5773502588272095
vn 0.8944271802902222 0 0.4472135901451111
vn 0.7071067690849304 0 0.7071067690849304
vn -0.40824830532073975 0.8164966106414795 -0.40824830532073975
vn -0.5773502588272095 0.5773502588272095 -0.5773502588272095
vn -0.40824830532073975 0.8164966106414795 -0.40824830532073975
vn -0.5773502588272095 0.5773502588272095 -0.5773502588272095
vn 0.8164966106414795 0.40824830532073975 0.40824830532073975
vn 0.5773502588272095 0.5773502588272095 0.5773502588272095
vn 0.6666666865348816 0.3333333432674408 0.6666666865348816
vn -0.40824830532073975 0.8164966106414795 -0.40824830532073975
vn -0.6666666865348816 0.6666666865348816 -0.3333333432674408
vn -0.4472135901451111 0.8944271802902222 0
vn -0.5773502588272095 0.5773502588272095 -0.5773502588272095
vn 0.8164966106414795 0.40824830532073975 0.40824830532073975
vn -0.6666666865348816 0.6666666865348816 -0.3333333432674408
vn -0.6666666865348816 0.6666666865348816 -0.3333333432674408
vn -0.5773502588272095 0.5773502588272095 -0.5773502588272095
vn 1 0 0
vn -0.8164966106414795 0.40824830532073975 -0.40824830532073975
vn -0.6666666865348816 0.3333333432674408 -0.6666666865348816
vn 0.8164966106414795 0.40824830532073975 0.40824830532073975
vn 0.40824830532073975 0.8164966106414795 0.40824830532073975
vn 0.5773502588272095 0.5773502588272095 0.5773502588272095
vn -0.8164966106414795 0.40824830532073975 -0.40824830532073975
vn -0.40824830532073975 0.8164966106414795 -0.40824830532073975
vn -0.7071067690849304 0 -0.7071067690849304
vn 0.40824830532073975 0.8164966106414795 -0.40824830532073975
vn -0.40824830532073975 0.40824830532073975 -0.8164966106414795
vn 0.4472135901451111 -0.8944271802902222 0
vn 0 -1 0
vn -0.4472135901451111 -0.8944271802902222 0
vn 0.4472135901451111 -0.8944271802902222 0
vn 0 -1 0
vn 0 -1 0
vn -0.7071067690849304 -0.7071067690849304 0
vn 0.6666666865348816 -0.6666666865348816 -0.3333333432674408
vn 0.6666666865348816 -0.6666666865348816 -0.3333333432674408
vn 0.5773502588272095 -0.5773502588272095 -0.5773502588272095
vn -0.8944271802902222 -0.4472135901451111 0
vn 0.6666666865348816 -0.6666666865348816 0.3333333432674408
vn 0.6666666865348816 -0.6666666865348816 0.3333333432674408
vn -1 0 0
vn -0.8164966106414795 0.40824830532073975 -0.40824830532073975
vn -0.8944271802902222 0 -0.4472135901451111
vn 0.6666666865348816 -0.6666666865348816 -0.3333333432674408
vn 0.6666666865348816 -0.6666666865348816 -0.3333333432674408
vn 0.5773502588272095 -0.5773502588272095 -0.5773502588272095
vn -0.8164966106414795 -0.40824830532073975 0.40824830532073975
vn -0.6666666865348816 -0.3333333432674408 0.6666666865348816
vn 0.7071067690849304 -0.7071067690849304 0
vn 0.6666666865348816 -0.6666666865348816 0.3333333432674408
vn -0.8164966106414795 0.40824830532073975 -0.40824830532073975
vn -0.6666666865348816 0.3333333432674408 -0.6666666865348816
vn 0.8944271802902222 -0.4472135901451111 0
vn -0.8944271802902222 0 0.4472135901451111
vn -0.8164966106414795 0.40824830532073975 0.40824830532073975
vn -0.7071067690849304 0 0.7071067690849304
vn 0.8164966106414795 -0.40824830532073975 0.40824830532073975
vn 0.5773502588272095 -0.5773502588272095 0.5773502588272095
vn -0.8944271802902222 0 -0.4472135901451111
vn -0.7071067690849304 0 -0.7071067690849304
vn 0.8944271802902222 0.4472135901451111 0
vn 0.7071067690849304 0.7071067690849304 0
vn -0.8944271802902222 0.4472135901451111 0
vn 1 0 0
vn -0.6666666865348816 0.3333333432674408 -0.6666666865348816
vn -0.6666666865348816 0.6666666865348816 -0.3333333432674408
vn -0.8164966106414795 0.40824830532073975 -0.40824830532073975
vn 0.7071067690849304 0.7071067690849304 0
vn 0.7071067690849304 0.7071067690849304 0
vn -0.40824830532073975 0.8164966106414795 0.40824830532073975
vn -0.8944271802902222 0.4472135901451111 0
vn -0.4472135901451111 0.8944271802902222 0
vn 0.8944271802902222 0 0.4472135901451111
vn -0.8944271802902222 0.4472135901451111 0
vn 0.40824830532073975 0.8164966106414795 0.40824830532073975
vn -0.3333333432674408 0.6666666865348816 0.6666666865348816
vn 0 0.8944271802902222 0.4472135901451111
vn 0 0.7071067690849304 0.7071067690849304
vn 0.8944271802902222 0 0.4472135901451111
vn -0.8944271802902222 0.4472135901451111 0
vn -0.6666666865348816 0.6666666865348816 -0.3333333432674408
vn 0.8944271802902222 0 0.4472135901451111
vn 0.6666666865348816 0.3333333432674408 0.6666666865348816
vn -0.8164966106414795 0.40824830532073975 -0.40824830532073975
vn -0.5773502588272095 0.5773502588272095 -0.5773502588272095
vn 0.8164966106414795 0.40824830532073975 0.40824830532073975
vn 0.40824830532073975 0.8164966106414795 0.40824830532073975
vn 0.6666666865348816 0.3333333432674408 0.6666666865348816
vn 0 0.8944271802902222 0.4472135901451111
vn -0.8944271802902222 0.4472135901451111 0
vn -0.4472135901451111 0.8944271802902222 0
vn 0.4472135901451111 -0.8944271802902222 0
vn 0 -1 0
vn -0.4472135901451111 -0.8944271802902222 0
vn 0.8944271802902222 -0.4472135901451111 0
vn -0.7071067690849304 -0.7071067690849304 0
vn -0.8164966106414795 -0.40824830532073975 0.40824830532073975
vn 1 0 0
vn -0.8944271802902222 0 0.4472135901451111
vn -0.6666666865348816 0.3333333432674408 0.6666666865348816
vn -0.7071067690849304 0 0.7071067690849304
vn 0.8944271802902222 0.4472135901451111 0
vn 0.7071067690849304 0.7071067690849304 0
vn -0.6666666865348816 0.6666666865348816 0.3333333432674408
vn -0.6666666865348816 0.6666666865348816 0.3333333432674408
vn 0.40824830532073975 0.8164966106414795 0.40824830532073975
vn -0.3333333432674408 0.6666666865348816 0.6666666865348816
vn 0 0.8944271802902222 0.4472135901451111
vn 0 0.7071067690849304 0.7071067690849304
vn 0.4472135901451111 -0.8944271802902222 0
vn 0 -1 0
vn 0 -1 0
vn -0.40824830532073975 -0.8164966106414795 0.40824830532073975
vn 0.8944271802902222 -0.4472135901451111 0
vn -0.8164966106414795 -0.40824830532073975 0.40824830532073975
vn -0.5773502588272095 -0.5773502588272095 0.5773502588272095
vn 1 0 0
vn -1 0 0
vn 1 0 0
vn -0.8944271802902222 0.4472135901451111 0
vn -0.6666666865348816 0.6666666865348816 0.3333333432674408
vn 0.8164966106414795 0.40824830532073975 -0.40824830532073975
vn 0.40824830532073975 0.8164966106414795 -0.40824830532073975
vn 0 1 0
vn -0.6666666865348816 0.6666666865348816 0.3333333432674408
vn -0.4472135901451111 0.8944271802902222 0
vn 0 -0.8944271802902222 0.4472135901451111
vn 0.4472135901451111 -0.8944271802902222 0
vn 0.6666666865348816 -0.6666666865348816 -0.3333333432674408
vn 0.3333333432674408 -0.6666666865348816 -0.6666666865348816
vn -0.3333333432674408 -0.6666666865348816 0.6666666865348816
vn -0.40824830532073975 -0.8164966106414795 0.40824830532073975
vn -0.40824830532073975 -0.8164966106414795 0.40824830532073975
vn -0.4472135901451111 -0.8944271802902222 0
vn 0.8944271802902222 -0.4472135901451111 0
vn -0.6666666865348816 -0.6666666865348816 0.3333333432674408
vn -0.40824830532073975 -0.8164966106414795 0.40824830532073975
vn 0 -0.7071067690849304 0.7071067690849304
vn 0 -0.7071067690849304 0.7071067690849304
vn -0.3333333432674408 -0.6666666865348816 0.6666666865348816
vn 0.8944271802902222 0 -0.4472135901451111
vn 0.7071067690849304 0 -0.7071067690849304
vn -0.3333333432674408 -0.6666666865348816 0.6666666865348816
vn 0 -0.7071067690849304 0.7071067690849304
vn -0.5773502588272095 -0.5773502588272095 0.5773502588272095
vn -0.3333333432674408 -0.6666666865348816 0.6666666865348816
vn -0.5773502588272095 -0.5773502588272095 0.5773502588272095
vn 0.8944271802902222 0.4472135901451111 0
vn 0.6666666865348816 0.6666666865348816 0.3333333432674408
vn -0.6666666865348816 -0.6666666865348816 0.3333333432674408
vn -0.5773502588272095 -0.5773502588272095 0.5773502588272095
vn -0.8944271802902222 -0.4472135901451111 0
vn 0.6666666865348816 0.3333333432674408 0.6666666865348816
vn 0.6666666865348816 0.3333333432674408 0.6666666865348816
vn -1 0 0
vn -0.8164966106414795 0.40824830532073975 -0.40824830532073975
vn 0.7071067690849304 0 0.7071067690849304
vn 0.6666666865348816 -0.3333333432674408 0.6666666865348816
vn -0.40824830532073975 0.8164966106414795 -0.40824830532073975
vn -0.5773502588272095 0.5773502588272095 -0.5773502588272095
vn -0.40824830532073975 0.8164966106414795 -0.40824830532073975
vn -0.6666666865348816 0.3333333432674408 -0.6666666865348816
vn 0.8944271802902222 0 0.4472135901451111
vn -0.40824830532073975 0.8164966106414795 -0.40824830532073975
vn -0.5773502588272095 0.5773502588272095 -0.5773502588272095
vn -0.40824830532073975 0.8164966106414795 -0.40824830532073975
vn -0.5773502588272095 0.5773502588272095 -0.5773502588272095
vn 0 0.4472135901451111 -0.8944271802902222
vn 1 0 0
vn -0.5773502588272095 0.5773502588272095 -0.5773502588272095
vn -0.6666666865348816 0.6666666865348816 -0.3333333432674408
vn -0.5773502588272095 0.5773502588272095 -0.5773502588272095
vn 0.8164966106414795 0.40824830532073975 0.40824830532073975
vn 0.5773502588272095 0.5773502588272095 0.5773502588272095
vn 0.5773502588272095 0.5773502588272095 0.5773502588272095
vn -0.8164966106414795 0.40824830532073975 -0.40824830532073975
vn 0.8164966106414795 0.40824830532073975 0.40824830532073975
vn -0.8944271802902222 0 -0.4472135901451111
vn 0.8944271802902222 0.4472135901451111 0
vn 0.4472135901451111 0.8944271802902222 0
vn 0.6666666865348816 0.6666666865348816 0.3333333432674408
vn -0.8164966106414795 0.40824830532073975 -0.40824830532073975
vn -0.3333333432674408 0.6666666865348816 -0.6666666865348816
vn 0.3333333432674408 0.6666666865348816 -0.6666666865348816
vn -0.4472135901451111 0 -0.8944271802902222
vn 0.40824830532073975 -0.8164966106414795 -0.40824830532073975
vn 0 -1 0
vn 0 -1 0
vn -0.4472135901451111 -0.8944271802902222 0
vn 0.4472135901451111 -0.8944271802902222 0
vn 0 -1 0
vn 0 -1 0
vn 0 -1 0
vn -0.5773502588272095 -0.5773502588272095 -0.5773502588272095
vn 0.6666666865348816 -0.6666666865348816 -0.3333333432674408
vn 0.6666666865348816 -0.6666666865348816 -0.3333333432674408
vn -0.8944271802902222 -0.4472135901451111 0
vn 0.7071067690849304 -0.7071067690849304 0
vn 0.6666666865348816 -0.6666666865348816 0.3333333432674408
vn -0.7071067690849304 0 -0.7071067690849304
vn -0.8164966106414795 0.40824830532073975 -0.40824830532073975
vn -0.7071067690849304 0 -0.7071067690849304
vn 0.8164966106414795 -0.40824830532073975 -0.40824830532073975
vn -1 0 0
vn 0.8164966106414795 -0.40824830532073975 0.40824830532073975
vn 0.5773502588272095 -0.5773502588272095 0.5773502588272095
vn -0.8164966106414795 0.40824830532073975 -0.40824830532073975
vn 1 0 0
vn -0.8944271802902222 0 0.4472135901451111
vn 0.8164966106414795 -0.40824830532073975 0.40824830532073975
vn 0.5773502588272095 -0.5773502588272095 0.5773502588272095
vn -0.8944271802902222 0 -0.4472135901451111
vn 0.8944271802902222 0.4472135901451111 0
vn 0.7071067690849304 0.7071067690849304 0
vn -1 0 0
vn 0.8164966106414795 -0.40824830532073975 0.40824830532073975
vn 0.6666666865348816 -0.3333333432674408 0.6666666865348816
vn -0.4472135901451111 0.8944271802902222 0
vn -0.8944271802902222 0.4472135901451111 0
vn -0.4472135901451111 0.8944271802902222 0
vn -0.6666666865348816 0.6666666865348816 0.3333333432674408
vn 0.6666666865348816 0.6666666865348816 0.3333333432674408
vn 0.40824830532073975 0.8164966106414795 0.40824830532073975
vn 0.5773502588272095 0.5773502588272095 0.5773502588272095
vn 0 0.8944271802902222 0.4472135901451111
vn 0 0.8944271802902222 0.4472135901451111
vn -0.3333333432674408 0.6666666865348816 0.6666666865348816
vn -0.8164966106414795 0.40824830532073975 0.40824830532073975
vn -0.40824830532073975 0.8164966106414795 0.40824830532073975
vn -0.3333333432674408 0.6666666865348816 0.6666666865348816
vn 0.8944271802902222 0 0.4472135901451111
vn 0.7071067690849304 0 0.7071067690849304
vn -0.8944271802902222 0.4472135901451111 0
vn 0.8164966106414795 0.40824830532073975 0.40824830532073975
vn 0.5773502588272095 0.5773502588272095 0.5773502588272095
vn 0.6666666865348816 0.3333333432674408 0.6666666865348816
vn -1 0 0
vn 0.8164966106414795 0.40824830532073975 0.40824830532073975
vn -0.8164966106414795 0.40824830532073975 -0.40824830532073975
vn -0.5773502588272095 0.5773502588272095 -0.5773502588272095
vn 0.6666666865348816 0.3333333432674408 0.6666666865348816
vn 0.40824830532073975 0.8164966106414795 0.40824830532073975
vn 0.5773502588272095 0.5773502588272095 0.5773502588272095
vn -0.6666666865348816 0.6666666865348816 -0.3333333432674408
vn -0.4472135901451111 0.8944271802902222 0
vn -0.5773502588272095 0.5773502588272095 -0.5773502588272095
vn 0.4472135901451111 -0.8944271802902222 0
vn 0 -1 0
vn -0.4472135901451111 -0.8944271802902222 0
vn 0.8164966106414795 -0.40824830532073975 -0.40824830532073975
vn 0.7071067690849304 0 -0.7071067690849304
vn -0.8944271802902222 -0.4472135901451111 0
vn 1 0 0
vn -0.8944271802902222 0 0.4472135901451111
vn 0.8944271802902222 0.4472135901451111 0
vn 0.4472135901451111 0.8944271802902222 0
vn 0 0.8944271802902222 0.4472135901451111
vn -0.8944271802902222 0.4472135901451111 0
vn -0.4472135901451111 0.8944271802902222 0
vn 0.4472135901451111 -0.8944271802902222 0
vn 0 -1 0
vn -0.4472135901451111 -0.8944271802902222 0
vn 0.8944271802902222 -0.4472135901451111 0
vn -0.6666666865348816 -0.6666666865348816 0.3333333432674408
vn -0.6666666865348816 -0.6666666865348816 0.3333333432674408
vn 1 0 0
vn -0.8944271802902222 -0.4472135901451111 0
vn 0.8944271802902222 0 -0.4472135901451111
vn 0.7071067690849304 0 -0.7071067690849304
vn -0.8164966106414795 0.40824830532073975 0.40824830532073975
vn -0.6666666865348816 0.6666666865348816 0.3333333432674408
vn -0.5773502588272095 0.5773502588272095 0.5773502588272095
vn 0.8944271802902222 0.4472135901451111 0
vn 0.4472135901451111 0.8944271802902222 0
vn 0 1 0
vn -0.7071067690849304 0.7071067690849304 0
vn -0.4472135901451111 0.8944271802902222 0
vn 0 -0.8944271802902222 -0.4472135901451111
vn 0.5773502588272095 -0.5773502588272095 -0.5773502588272095
vn -0.40824830532073975 -0.8164966106414795 -0.40824830532073975
vn -0.4472135901451111 -0.8944271802902222 0
vn -0.6666666865348816 -0.6666666865348816 -0.3333333432674408
vn 0 -1 0
vn -0.40824830532073975 -0.8164966106414795 0.40824830532073975
vn 0.8164966106414795 -0.40824830532073975 -0.40824830532073975
vn 0.6666666865348816 -0.3333333432674408 -0.6666666865348816
vn 0.5773502588272095 -0.5773502588272095 -0.5773502588272095
vn -0.6666666865348816 -0.6666666865348816 0.3333333432674408
vn -0.5773502588272095 -0.5773502588272095 0.5773502588272095
vn -0.6666666865348816 -0.6666666865348816 0.3333333432674408
vn 0.8944271802902222 0 -0.4472135901451111
vn 0.8164966106414795 0.40824830532073975 -0.40824830532073975
vn -0.5773502588272095 -0.5773502588272095 0.5773502588272095
vn -0.6666666865348816 -0.3333333432674408 0.6666666865348816
vn -0.40824830532073975 -0.8164966106414795 0.40824830532073975
vn 0 -0.8944271802902222 0.4472135901451111
vn -0.3333333432674408 -0.6666666865348816 0.6666666865348816
vn 0.7071067690849304 0.7071067690849304 0
vn 0.4472135901451111 0.8944271802902222 0
vn 0.3333333432674408 0.6666666865348816 0.6666666865348816
vn -0.3333333432674408 0.6666666865348816 0.6666666865348816
vn 0 0.4472135901451111 0.8944271802902222
vn 0 0.4472135901451111 0.8944271802902222
vn 0.40824830532073975 -0.40824830532073975 0.8164966106414795
vn -0.5773502588272095 -0.5773502588272095 0.5773502588272095
vn -0.5773502588272095 -0.5773502588272095 0.5773502588272095
vn -0.40824830532073975 -0.8164966106414795 0.40824830532073975
vn -0.40824830532073975 -0.8164966106414795 0.40824830532073975
vn 0.6666666865348816 0.3333333432674408 0.6666666865348816
vn 0.4472135901451111 0 0.8944271802902222
vn 0.40824830532073975 -0.40824830532073975 0.8164966106414795
vn -0.8164966106414795 -0.40824830532073975 0.40824830532073975
vn -0.5773502588272095 -0.5773502588272095 0.5773502588272095
vn 0.6666666865348816 -0.3333333432674408 0.6666666865348816
vn 0.5773502588272095 -0.5773502588272095 0.5773502588272095
vn 0.6666666865348816 -0.3333333432674408 0.6666666865348816
vn 0 0.8944271802902222 -0.4472135901451111
vn -0.8944271802902222 0 -0.4472135901451111
vn 0.8164966106414795 -0.40824830532073975 0.40824830532073975
vn 0.6666666865348816 -0.3333333432674408 0.6666666865348816
vn -0.40824830532073975 0.8164966106414795 -0.40824830532073975
vn -0.3333333432674408 0.6666666865348816 -0.6666666865348816
vn -0.40824830532073975 0.8164966106414795 -0.40824830532073975
vn 0 0.7071067690849304 -0.7071067690849304
vn 0 0.7071067690849304 -0.7071067690849304
vn -0.5773502588272095 0.5773502588272095 -0.5773502588272095
vn 0 0.8944271802902222 -0.4472135901451111
vn 0.8164966106414795 0.40824830532073975 0.40824830532073975
vn 0.5773502588272095 0.5773502588272095 0.5773502588272095
vn 0.6666666865348816 0.3333333432674408 0.6666666865348816
vn -0.40824830532073975 0.8164966106414795 -0.40824830532073975
vn -0.5773502588272095 0.5773502588272095 -0.5773502588272095
vn -0.40824830532073975 0.8164966106414795 -0.40824830532073975
vn -0.5773502588272095 0.5773502588272095 -0.5773502588272095
vn 0.8164966106414795 0.40824830532073975 0.40824830532073975
vn -0.8164966106414795 0.40824830532073975 -0.40824830532073975
vn -0.5773502588272095 0.5773502588272095 -0.5773502588272095
vn 0.8944271802902222 0.4472135901451111 0
vn 0.6666666865348816 0.6666666865348816 0.3333333432674408
vn -1 0 0
vn 0.5773502588272095 0.5773502588272095 0.5773502588272095
vn -0.7071067690849304 -0.7071067690849304 0
vn -0.8164966106414795 -0.40824830532073975 -0.40824830532073975
vn 0.8164966106414795 0.40824830532073975 -0.40824830532073975
vn 0.40824830532073975 0.8164966106414795 -0.40824830532073975
vn -0.8944271802902222 0 -0.4472135901451111
vn -0.5773502588272095 0.5773502588272095 -0.5773502588272095
vn 0.4472135901451111 -0.8944271802902222 0
vn 0 -1 0
vn 0 -1 0
vn -0.4472135901451111 -0.8944271802902222 0
vn 0.40824830532073975 -0.8164966106414795 0.40824830532073975
vn 0 -1 0
vn 0 -1 0
vn 0 -1 0
vn 0 -1 0
vn -0.5773502588272095 -0.5773502588272095 -0.5773502588272095
vn 0.7071067690849304 -0.7071067690849304 0
vn 0.7071067690849304 -0.7071067690849304 0
vn -0.8944271802902222 -0.4472135901451111 0
vn 0.8164966106414795 -0.40824830532073975 0.40824830532073975
vn 0.5773502588272095 -0.5773502588272095 0.5773502588272095
vn -0.5773502588272095 0.5773502588272095 -0.5773502588272095
vn -0.8944271802902222 0 -0.4472135901451111
vn -0.5773502588272095 0.5773502588272095 -0.5773502588272095
vn 0.8944271802902222 -0.4472135901451111 0
vn -1 0 0
vn 0.8164966106414795 -0.40824830532073975 0.40824830532073975
vn 0.6666666865348816 -0.6666666865348816 0.3333333432674408
vn -0.8164966106414795 0.40824830532073975 -0.40824830532073975
vn -0.5773502588272095 0.5773502588272095 -0.5773502588272095
vn 1 0 0
vn -1 0 0
vn 0.8944271802902222 -0.4472135901451111 0
vn -0.8944271802902222 0.4472135901451111 0
vn -0.6666666865348816 0.6666666865348816 0.3333333432674408
vn 0.8944271802902222 0.4472135901451111 0
vn 0.4472135901451111 0.8944271802902222 0
vn 0.40824830532073975 0.8164966106414795 0.40824830532073975
vn -0.40824830532073975 0.8164966106414795 0.40824830532073975
vn -0.8944271802902222 0.4472135901451111 0
vn -0.40824830532073975 0.8164966106414795 0.40824830532073975
vn 0.8944271802902222 0 0.4472135901451111
vn -0.6666666865348816 0.6666666865348816 0.3333333432674408
vn -0.7071067690849304 0.7071067690849304 0
vn 0.3333333432674408 0.6666666865348816 0.6666666865348816
vn -0.3333333432674408 0.6666666865348816 0.6666666865348816
vn 0 0.8944271802902222 0.4472135901451111
vn 0 0.7071067690849304 0.7071067690849304
vn 0.8944271802902222 0 0.4472135901451111
vn -0.8944271802902222 0.4472135901451111 0
vn 0.8944271802902222 0 0.4472135901451111
vn -1 0 0
vn 0.8164966106414795 0.40824830532073975 0.40824830532073975
vn 0.5773502588272095 0.5773502588272095 0.5773502588272095
vn 0.5773502588272095 0.5773502588272095 0.5773502588272095
vn -0.8944271802902222 0 -0.4472135901451111
vn -0.6666666865348816 -0.3333333432674408 -0.6666666865348816
vn 0.5773502588272095 0.5773502588272095 0.5773502588272095
vn 0.40824830532073975 0.8164966106414795 0.40824830532073975
vn 0.5773502588272095 0.5773502588272095 0.5773502588272095
vn -0.6666666865348816 0.3333333432674408 -0.6666666865348816
vn -0.40824830532073975 0.8164966106414795 -0.40824830532073975
vn -0.8164966106414795 0.40824830532073975 -0.40824830532073975
vn 0.5773502588272095 -0.5773502588272095 -0.5773502588272095
vn 0 -0.8944271802902222 -0.4472135901451111
vn 0.3333333432674408 -0.6666666865348816 -0.6666666865348816
vn 0 -0.8944271802902222 -0.4472135901451111
vn -0.3333333432674408 -0.6666666865348816 -0.6666666865348816
vn -0.4472135901451111 -0.8944271802902222 0
vn 0.8944271802902222 0 -0.4472135901451111
vn 0.8164966106414795 0.40824830532073975 -0.40824830532073975
vn -0.8944271802902222 -0.4472135901451111 0
vn 0.8944271802902222 0.4472135901451111 0
vn -1 0 0
vn 0.8944271802902222 0.4472135901451111 0
vn 0.4472135901451111 0.8944271802902222 0
vn 0 1 0
vn -0.8944271802902222 0.4472135901451111 0
vn -0.4472135901451111 0.8944271802902222 0
vn 0.4472135901451111 -0.8944271802902222 0
vn 0 -1 0
vn -0.4472135901451111 -0.8944271802902222 0
vn 0.8944271802902222 -0.4472135901451111 0
vn -0.7071067690849304 -0.7071067690849304 0
vn -0.8164966106414795 -0.40824830532073975 0.40824830532073975
vn 0.8164966106414795 -0.40824830532073975 -0.40824830532073975
vn 0.6666666865348816 -0.3333333432674408 -0.6666666865348816
vn 0.5773502588272095 -0.5773502588272095 -0.5773502588272095
vn -0.8944271802902222 0 0.4472135901451111
vn -0.6666666865348816 0.3333333432674408 0.6666666865348816
vn -0.7071067690849304 0 0.7071067690849304
vn 0.8944271802902222 0 -0.4472135901451111
vn 0.6666666865348816 0.3333333432674408 -0.6666666865348816
vn -0.8164966106414795 0.40824830532073975 0.40824830532073975
vn 0.6666666865348816 0.6666666865348816 -0.3333333432674408
vn 0.5773502588272095 0.5773502588272095 -0.5773502588272095
vn 0.4472135901451111 0.8944271802902222 0
vn 0 1 0
vn -0.8164966106414795 0.40824830532073975 0.40824830532073975
vn -0.40824830532073975 0.8164966106414795 0.40824830532073975
vn -0.5773502588272095 0.5773502588272095 0.5773502588272095
vn 0.4472135901451111 -0.8944271802902222 0
vn -0.40824830532073975 -0.8164966106414795 -0.40824830532073975
vn 0.7071067690849304 -0.7071067690849304 0
vn 0.6666666865348816 -0.6666666865348816 -0.3333333432674408
vn -0.6666666865348816 -0.6666666865348816 -0.3333333432674408
vn -0.7071067690849304 -0.7071067690849304 0
vn 0.8164966106414795 -0.40824830532073975 -0.40824830532073975
vn -0.6666666865348816 -0.6666666865348816 0.3333333432674408
vn -0.6666666865348816 -0.3333333432674408 0.6666666865348816
vn 0.8944271802902222 0.4472135901451111 0
vn 0.7071067690849304 0.7071067690849304 0
vn -0.40824830532073975 0.8164966106414795 0.40824830532073975
vn 0 0.8944271802902222 0.4472135901451111
vn -0.7071067690849304 0 0.7071067690849304
vn -0.40824830532073975 0.40824830532073975 0.8164966106414795
vn -0.7071067690849304 0 0.7071067690849304
vn 0.40824830532073975 -0.8164966106414795 0.40824830532073975
vn -0.40824830532073975 -0.8164966106414795 0.40824830532073975
vn 0.4472135901451111 0.8944271802902222 0
vn -0.40824830532073975 0.8164966106414795 0.40824830532073975
vn 0 1 0
vn 0.5773502588272095 -0.5773502588272095 0.5773502588272095
vn 0.5773502588272095 -0.5773502588272095 0.5773502588272095
vn 0.3333333432674408 -0.6666666865348816 0.6666666865348816
vn -0.5773502588272095 -0.5773502588272095 0.5773502588272095
vn -0.3333333432674408 -0.6666666865348816 0.6666666865348816
vn -0.40824830532073975 -0.8164966106414795 0.40824830532073975
vn -0.40824830532073975 -0.8164966106414795 0.40824830532073975
vn 0.5773502588272095 -0.5773502588272095 0.5773502588272095
vn 0.6666666865348816 -0.6666666865348816 0.3333333432674408
vn 0.5773502588272095 -0.5773502588272095 0.5773502588272095
vn -0.5773502588272095 -0.5773502588272095 0.5773502588272095
vn -0.5773502588272095 -0.5773502588272095 0.5773502588272095
vn -0.6666666865348816 -0.6666666865348816 0.3333333432674408
vn 0.6666666865348816 -0.6666666865348816 0.3333333432674408
vn 0.6666666865348816 -0.6666666865348816 0.3333333432674408
vn -0.8944271802902222 -0.4472135901451111 0
vn 0.8164966106414795 -0.40824830532073975 0.40824830532073975
vn -0.40824830532073975 0.8164966106414795 -0.40824830532073975
vn 0 0.7071067690849304 -0.7071067690849304
vn -0.8944271802902222 0.4472135901451111 0
vn -0.4472135901451111 0.8944271802902222 0
vn 0.8944271802902222 0 0.4472135901451111
vn -0.4472135901451111 0.8944271802902222 0
vn -0.5773502588272095 0.5773502588272095 -0.5773502588272095
vn -0.40824830532073975 0.8164966106414795 -0.40824830532073975
vn -0.3333333432674408 0.6666666865348816 -0.6666666865348816
vn -0.3333333432674408 0.6666666865348816 -0.6666666865348816
vn 1 0 0
vn -0.6666666865348816 0.6666666865348816 -0.3333333432674408
vn -0.5773502588272095 0.5773502588272095 -0.5773502588272095
vn 0.8164966106414795 0.40824830532073975 0.40824830532073975
vn 0.6666666865348816 0.6666666865348816 0.3333333432674408
vn 0.5773502588272095 0.5773502588272095 0.5773502588272095
vn -0.8164966106414795 0.40824830532073975 -0.40824830532073975
vn -0.6666666865348816 0.3333333432674408 -0.6666666865348816
vn 0.7071067690849304 0.7071067690849304 0
vn -0.5773502588272095 -0.5773502588272095 -0.5773502588272095
vn -0.8164966106414795 -0.40824830532073975 -0.40824830532073975
vn -0.6666666865348816 -0.3333333432674408 -0.6666666865348816
vn 0.8944271802902222 0.4472135901451111 0
vn 0.4472135901451111 0.8944271802902222 0
vn -1 0 0
vn -0.5773502588272095 0.5773502588272095 -0.5773502588272095
vn 0 0.7071067690849304 -0.7071067690849304
vn 0.4472135901451111 -0.8944271802902222 0
vn 0 -1 0
vn 0 -1 0
vn -0.4472135901451111 -0.8944271802902222 0
vn 0.4472135901451111 -0.8944271802902222 0
vn 0 -1 0
vn 0 -1 0
vn 0 -1 0
vn -0.7071067690849304 -0.7071067690849304 0
vn 0.7071067690849304 -0.7071067690849304 0
vn 0.7071067690849304 -0.7071067690849304 0
vn -0.8944271802902222 -0.4472135901451111 0
vn 0.6666666865348816 -0.6666666865348816 0.3333333432674408
vn 0.6666666865348816 -0.6666666865348816 0.3333333432674408
vn -0.8944271802902222 0 -0.4472135901451111
vn -0.8944271802902222 0.4472135901451111 0
vn -0.7071067690849304 0 -0.7071067690849304
vn 0.8944271802902222 -0.4472135901451111 0
vn -1 0 0
vn 0.7071067690849304 -0.7071067690849304 0
vn 0.7071067690849304 -0.7071067690849304 0
vn -0.6666666865348816 0.6666666865348816 -0.3333333432674408
vn -0.6666666865348816 0.6666666865348816 -0.3333333432674408
vn 1 0 0
vn -1 0 0
vn 0.8944271802902222 -0.4472135901451111 0
vn -0.7071067690849304 0.7071067690849304 0
vn -0.7071067690849304 0.7071067690849304 0
vn 0.8164966106414795 0.40824830532073975 0.40824830532073975
vn 0.40824830532073975 0.8164966106414795 0.40824830532073975
vn 0.5773502588272095 0.5773502588272095 0.5773502588272095
vn 0 1 0
vn 0 0.8944271802902222 0.4472135901451111
vn 0 1 0
vn -0.8164966106414795 0.40824830532073975 0.40824830532073975
vn -0.40824830532073975 0.8164966106414795 0.40824830532073975
vn -0.5773502588272095 0.5773502588272095 0.5773502588272095
vn 1 0 0
vn -0.7071067690849304 0.7071067690849304 0
vn -0.6666666865348816 0.6666666865348816 -0.3333333432674408
vn 1 0 0
vn -0.8164966106414795 0.40824830532073975 -0.40824830532073975
vn -0.6666666865348816 0.3333333432674408 -0.6666666865348816
vn 0.8164966106414795 0.40824830532073975 0.40824830532073975
vn 0.5773502588272095 0.5773502588272095 0.5773502588272095
vn 0.5773502588272095 0.5773502588272095 0.5773502588272095
vn -0.8164966106414795 -0.40824830532073975 -0.40824830532073975
vn -0.5773502588272095 -0.5773502588272095 -0.5773502588272095
vn -0.6666666865348816 -0.3333333432674408 -0.6666666865348816
vn 0.6666666865348816 0.6666666865348816 0.3333333432674408
vn 0.6666666865348816 0.6666666865348816 0.3333333432674408
vn -0.6666666865348816 -0.3333333432674408 -0.6666666865348816
vn -0.8944271802902222 0 -0.4472135901451111
vn 0.5773502588272095 0.5773502588272095 0.5773502588272095
vn 0.40824830532073975 0.8164966106414795 0.40824830532073975
vn 0.3333333432674408 0.6666666865348816 0.6666666865348816
vn -0.8944271802902222 0.4472135901451111 0
vn -0.4472135901451111 0.8944271802902222 0
vn -0.40824830532073975 0.8164966106414795 0.40824830532073975
vn 0.40824830532073975 -0.8164966106414795 -0.40824830532073975
vn -0.40824830532073975 -0.8164966106414795 -0.40824830532073975
vn 0.6666666865348816 -0.6666666865348816 -0.3333333432674408
vn 0.8944271802902222 -0.4472135901451111 0
vn -0.6666666865348816 -0.6666666865348816 -0.3333333432674408
vn -0.7071067690849304 -0.7071067690849304 0
vn 1 0 0
vn 0.8164966106414795 0.40824830532073975 -0.40824830532073975
vn -0.8944271802902222 -0.4472135901451111 0
vn 0.8164966106414795 0.40824830532073975 -0.40824830532073975
vn 0.6666666865348816 0.6666666865348816 -0.3333333432674408
vn -1 0 0
vn 0.8944271802902222 0.4472135901451111 0
vn 0.4472135901451111 0.8944271802902222 0
vn 0 1 0
vn -0.8164966106414795 0.40824830532073975 0.40824830532073975
vn -0.40824830532073975 0.8164966106414795 0.40824830532073975
vn -0.5773502588272095 0.5773502588272095 0.5773502588272095
vn 0.4472135901451111 -0.8944271802902222 0
vn 0 -1 0
vn -0.40824830532073975 -0.8164966106414795 0.40824830532073975
vn 0.7071067690849304 -0.7071067690849304 0
vn 0.6666666865348816 -0.6666666865348816 -0.3333333432674408
vn -0.8164966106414795 -0.40824830532073975 0.40824830532073975
vn -0.5773502588272095 -0.5773502588272095 0.5773502588272095
vn 0.8164966106414795 -0.40824830532073975 -0.40824830532073975
vn -0.8944271802902222 0 0.4472135901451111
vn 1 0 0
vn -0.8944271802902222 0.4472135901451111 0
vn -0.6666666865348816 0.6666666865348816 0.3333333432674408
vn 0.8164966106414795 0.40824830532073975 -0.40824830532073975
vn 0.40824830532073975 0.8164966106414795 -0.40824830532073975
vn 0 1 0
vn -0.6666666865348816 0.6666666865348816 0.3333333432674408
vn -0.4472135901451111 0.8944271802902222 0
vn 0.4472135901451111 -0.8944271802902222 0
vn -0.4472135901451111 -0.8944271802902222 0
vn 0.7071067690849304 -0.7071067690849304 0
vn 0.7071067690849304 -0.7071067690849304 0
vn -0.7071067690849304 -0.7071067690849304 0
vn -0.7071067690849304 -0.7071067690849304 0
vn 0.8944271802902222 -0.4472135901451111 0
vn -0.8944271802902222 -0.4472135901451111 0
vn 0.8944271802902222 0.4472135901451111 0
vn 0.7071067690849304 0.7071067690849304 0
vn -0.4472135901451111 0.8944271802902222 0
vn -0.8164966106414795 0.40824830532073975 0.40824830532073975
vn -0.4472135901451111 0.8944271802902222 0
vn 0.40824830532073975 0.8164966106414795 0.40824830532073975
vn -0.40824830532073975 0.8164966106414795 0.40824830532073975
vn 0 0.8944271802902222 0.4472135901451111
vn 0 0.7071067690849304 0.7071067690849304
vn 0.3333333432674408 -0.6666666865348816 0.6666666865348816
vn 0 -0.8944271802902222 0.4472135901451111
vn -0.40824830532073975 -0.8164966106414795 0.40824830532073975
vn 0.40824830532073975 -0.8164966106414795 0.40824830532073975
vn 0.5773502588272095 -0.5773502588272095 0.5773502588272095
vn 0.40824830532073975 -0.8164966106414795 0.40824830532073975
vn 0.5773502588272095 -0.5773502588272095 0.5773502588272095
vn -0.5773502588272095 -0.5773502588272095 0.5773502588272095
vn -0.5773502588272095 -0.5773502588272095 0.5773502588272095
vn -0.40824830532073975 -0.8164966106414795 0.40824830532073975
vn -0.40824830532073975 -0.8164966106414795 0.40824830532073975
vn 0.6666666865348816 -0.6666666865348816 0.3333333432674408
vn 0.6666666865348816 -0.6666666865348816 0.3333333432674408
vn 0.5773502588272095 -0.5773502588272095 0.5773502588272095
vn -0.8164966106414795 -0.40824830532073975 0.40824830532073975
vn -0.5773502588272095 -0.5773502588272095 0.5773502588272095
vn 0.8164966106414795 -0.40824830532073975 0.40824830532073975
vn 0.6666666865348816 -0.3333333432674408 0.6666666865348816
vn -0.8944271802902222 0.4472135901451111 0
vn -0.6666666865348816 0.6666666865348816 -0.3333333432674408
vn 0.8944271802902222 0 0.4472135901451111
vn 0.7071067690849304 0 0.7071067690849304
vn -0.40824830532073975 0.8164966106414795 -0.40824830532073975
vn 0 1 0
vn 0 0.8944271802902222 -0.4472135901451111
vn -0.5773502588272095 0.5773502588272095 -0.5773502588272095
vn -0.40824830532073975 0.8164966106414795 -0.40824830532073975
vn -0.5773502588272095 0.5773502588272095 -0.5773502588272095
vn 0.8164966106414795 0.40824830532073975 0.40824830532073975
vn 0.5773502588272095 0.5773502588272095 0.5773502588272095
vn 0.6666666865348816 0.3333333432674408 0.6666666865348816
vn -0.8164966106414795 0.40824830532073975 -0.40824830532073975
vn -0.5773502588272095 0.5773502588272095 -0.5773502588272095
vn 0.8164966106414795 0.40824830532073975 0.40824830532073975
vn -0.8944271802902222 0 -0.4472135901451111
vn 1 0 0
vn -0.8944271802902222 0 -0.4472135901451111
vn 0.8944271802902222 0.4472135901451111 0
vn 0.7071067690849304 0.7071067690849304 0
vn -1 0 0
vn 0.40824830532073975 0.8164966106414795 -0.40824830532073975
vn -0.5773502588272095 0.5773502588272095 -0.5773502588272095
vn 0 0.8944271802902222 -0.4472135901451111
vn 0.4472135901451111 -0.8944271802902222 0
vn 0 -1 0
vn 0 -1 0
vn -0.4472135901451111 -0.8944271802902222 0
vn 0.40824830532073975 -0.8164966106414795 0.40824830532073975
vn 0 -1 0
vn 0 -1 0
vn 0 -1 0
vn 0 -1 0
vn -0.5773502588272095 -0.5773502588272095 -0.5773502588272095
vn 0.7071067690849304 -0.7071067690849304 0
vn 0.6666666865348816 -0.6666666865348816 0.3333333432674408
vn -0.8944271802902222 -0.4472135901451111 0
vn 0.6666666865348816 -0.6666666865348816 0.3333333432674408
vn 0.6666666865348816 -0.6666666865348816 0.3333333432674408
vn 0.48507124185562134 -0.48507124185562134 0.7276068925857544
vn -0.7071067690849304 0.7071067690849304 0
vn -0.8944271802902222 0 -0.4472135901451111
vn -0.5773502588272095 0.5773502588272095 -0.5773502588272095
vn 0.8164966106414795 -0.40824830532073975 0.40824830532073975
vn 0.48507124185562134 -0.48507124185562134 0.7276068925857544
vn -1 0 0
vn 0.6666666865348816 -0.6666666865348816 0.3333333432674408
vn 0.6666666865348816 -0.6666666865348816 0.3333333432674408
vn 0.48507124185562134 -0.48507124185562134 0.7276068925857544
vn -0.7071067690849304 0.7071067690849304 0
vn -0.7071067690849304 0.7071067690849304 0
vn 0.8944271802902222 0.4472135901451111 0
vn 0.6666666865348816 0.6666666865348816 0.3333333432674408
vn -0.8944271802902222 0.4472135901451111 0
vn -0.6666666865348816 0.6666666865348816 0.3333333432674408
vn 0.8164966106414795 -0.40824830532073975 0.40824830532073975
vn 0.5345224738121033 -0.26726123690605164 0.8017837405204773
vn -0.7071067690849304 0.7071067690849304 0
vn -0.7071067690849304 0.7071067690849304 0
vn 0.6666666865348816 0.6666666865348816 0.3333333432674408
vn 0.4472135901451111 0.8944271802902222 0
vn 0 1 0
vn -0.6666666865348816 0.6666666865348816 0.3333333432674408
vn -0.4472135901451111 0.8944271802902222 0
vn 0.8944271802902222 0 0.4472135901451111
vn 0.5547001957893372 0 0.8320503234863281
vn -0.8944271802902222 0.4472135901451111 0
vn 0.8164966106414795 0.40824830532073975 0.40824830532073975
vn 0.5773502588272095 0.5773502588272095 0.5773502588272095
vn 0.5345224738121033 0.26726123690605164 0.8017837405204773
vn -0.8944271802902222 0 -0.4472135901451111
vn 0.8164966106414795 0.40824830532073975 0.40824830532073975
vn -0.8164966106414795 -0.40824830532073975 -0.40824830532073975
vn -0.8944271802902222 -0.4472135901451111 0
vn 0.8164966106414795 0.40824830532073975 0.40824830532073975
vn 0.40824830532073975 0.8164966106414795 0.40824830532073975
vn 0.26726123690605164 0.5345224738121033 0.8017837405204773
vn 0 0.7071067690849304 0.7071067690849304
vn 0.26726123690605164 0.5345224738121033 0.8017837405204773
vn 0 0.8944271802902222 0.4472135901451111
vn -1 0 0
vn -0.7071067690849304 0.7071067690849304 0
vn -0.7071067690849304 0 0.7071067690849304
vn 0.4472135901451111 -0.8944271802902222 0
vn -0.40824830532073975 -0.8164966106414795 0.40824830532073975
vn 0.7071067690849304 -0.7071067690849304 0
vn 0.7071067690849304 -0.7071067690849304 0
vn -0.6666666865348816 -0.6666666865348816 0.3333333432674408
vn -0.48507124185562134 -0.48507124185562134 0.7276068925857544
vn -0.7071067690849304 -0.7071067690849304 0
vn 0.8944271802902222 -0.4472135901451111 0
vn -0.8944271802902222 -0.4472135901451111 0
vn 0.8944271802902222 0.4472135901451111 0
vn 0.7071067690849304 0.7071067690849304 0
vn 0.5773502588272095 0.5773502588272095 0.5773502588272095
vn -0.8164966106414795 0.40824830532073975 0.40824830532073975
vn -0.5773502588272095 0.5773502588272095 0.5773502588272095
vn -0.48507124185562134 0.48507124185562134 0.7276068925857544
vn 0.6666666865348816 0.6666666865348816 0.3333333432674408
vn 0.40824830532073975 0.8164966106414795 0.40824830532073975
vn 0.26726123690605164 0.5345224738121033 0.8017837405204773
vn -0.5773502588272095 0.5773502588272095 0.5773502588272095
vn -0.40824830532073975 0.8164966106414795 0.40824830532073975
vn -0.26726123690605164 0.5345224738121033 0.8017837405204773
vn 0.4472135901451111 -0.8944271802902222 0
vn -0.4472135901451111 -0.8944271802902222 0
vn 0.6666666865348816 -0.6666666865348816 -0.3333333432674408
vn 0.6666666865348816 -0.6666666865348816 -0.3333333432674408
vn 0.48507124185562134 -0.48507124185562134 -0.7276068925857544
vn -0.6666666865348816 -0.6666666865348816 0.3333333432674408
vn -0.5773502588272095 -0.5773502588272095 0.5773502588272095
vn 0.8944271802902222 -0.4472135901451111 0
vn -0.8164966106414795 -0.40824830532073975 0.40824830532073975
vn -0.5345224738121033 -0.26726123690605164 0.8017837405204773
vn 1 0 0
vn -0.8164966106414795 0.40824830532073975 0.40824830532073975
vn -0.6666666865348816 0.6666666865348816 0.3333333432674408
vn -0.5345224738121033 0.26726123690605164 0.8017837405204773
vn 0.8944271802902222 0.4472135901451111 0
vn 0.4472135901451111 0.8944271802902222 0
vn 0 1 0
vn -0.6666666865348816 0.6666666865348816 0.3333333432674408
vn -0.40824830532073975 0.8164966106414795 0.40824830532073975
vn -0.48507124185562134 0.48507124185562134 0.7276068925857544
vn 0.4472135901451111 -0.8944271802902222 0
vn -0.40824830532073975 -0.8164966106414795 0.40824830532073975
vn 0.7071067690849304 -0.7071067690849304 0
vn 0.7071067690849304 -0.7071067690849304 0
vn -0.6666666865348816 -0.6666666865348816 0.3333333432674408
vn -0.48507124185562134 -0.48507124185562134 0.7276068925857544
vn -0.7071067690849304 -0.7071067690849304 0
vn 0.8944271802902222 -0.4472135901451111 0
vn -0.8944271802902222 -0.4472135901451111 0
vn 0.8944271802902222 0.4472135901451111 0
vn 0.4472135901451111 0.8944271802902222 0
vn 0 0.8944271802902222 0.4472135901451111
vn 0 1 0
vn -0.8944271802902222 0.4472135901451111 0
vn -0.4472135901451111 0.8944271802902222 0
vn 0 -0.8944271802902222 0.4472135901451111
vn 0.40824830532073975 -0.8164966106414795 0.40824830532073975
vn 0.3333333432674408 -0.6666666865348816 0.6666666865348816
vn 0.40824830532073975 -0.8164966106414795 0.40824830532073975
vn -0.3333333432674408 -0.6666666865348816 0.6666666865348816
vn 0 -0.5547001957893372 0.8320503234863281
vn -0.40824830532073975 -0.8164966106414795 0.40824830532073975
vn -0.4472135901451111 -0.8944271802902222 0
vn 0.5773502588272095 -0.5773502588272095 0.5773502588272095
vn 0.5773502588272095 -0.5773502588272095 0.5773502588272095
vn 0.48507124185562134 -0.48507124185562134 0.7276068925857544
vn -0.6666666865348816 -0.6666666865348816 0.3333333432674408
vn -0.6666666865348816 -0.6666666865348816 0.3333333432674408
vn 0.6666666865348816 -0.3333333432674408 0.6666666865348816
vn 0.48507124185562134 -0.48507124185562134 0.7276068925857544
vn -0.8944271802902222 -0.4472135901451111 0
vn 0.8944271802902222 0 0.4472135901451111
vn -0.40824830532073975 0.8164966106414795 -0.40824830532073975
vn 0 1 0
vn 0 1 0
vn -0.8164966106414795 0.40824830532073975 -0.40824830532073975
vn -0.40824830532073975 0.8164966106414795 -0.40824830532073975
vn 0.8944271802902222 0 0.4472135901451111
vn -0.5773502588272095 0.5773502588272095 -0.5773502588272095
vn -0.6666666865348816 0.6666666865348816 -0.3333333432674408
vn -0.48507124185562134 0.48507124185562134 -0.7276068925857544
vn 1 0 0
vn -0.8944271802902222 0.4472135901451111 0
vn 1 0 0
vn -1 0 0
vn 0.8944271802902222 0.4472135901451111 0
vn 0.7071067690849304 0.7071067690849304 0
vn -1 0 0
vn 0.4472135901451111 0.8944271802902222 0
vn -0.7071067690849304 0.7071067690849304 0
vn 0 1 0
vn 0.4472135901451111 -0.8944271802902222 0
vn 0 -1 0
vn 0 -1 0
vn -0.4472135901451111 -0.8944271802902222 0
vn 0.4472135901451111 -0.8944271802902222 0
vn 0 -1 0
vn 0 -1 0
vn 0 -1 0
vn -0.7071067690849304 -0.7071067690849304 0
vn 0.8944271802902222 -0.4472135901451111 0
vn -0.8944271802902222 -0.4472135901451111 0
vn 0.5773502588272095 -0.5773502588272095 0.5773502588272095
vn 0.5773502588272095 -0.5773502588272095 0.5773502588272095
vn -0.7071067690849304 0.7071067690849304 0
vn -1 0 0
vn -0.7071067690849304 0.7071067690849304 0
vn 0.6666666865348816 -0.3333333432674408 0.6666666865348816
vn 0.6666666865348816 -0.3333333432674408 0.6666666865348816
vn -1 0 0
vn 0.5773502588272095 -0.5773502588272095 0.5773502588272095
vn 0.5773502588272095 -0.5773502588272095 0.5773502588272095
vn -0.7071067690849304 0.7071067690849304 0
vn -0.7071067690849304 0.7071067690849304 0
vn 1 0 0
vn 0.8944271802902222 0.4472135901451111 0
vn -0.8944271802902222 0.4472135901451111 0
vn -0.7071067690849304 0.7071067690849304 0
vn 0.6666666865348816 -0.3333333432674408 0.6666666865348816
vn -0.7071067690849304 0.7071067690849304 0
vn -0.7071067690849304 0.7071067690849304 0
vn 0.7071067690849304 0.7071067690849304 0
vn 0.4472135901451111 0.8944271802902222 0
vn 0 1 0
vn -0.7071067690849304 0.7071067690849304 0
vn -0.4472135901451111 0.8944271802902222 0
vn 0.7071067690849304 0 0.7071067690849304
vn -0.8944271802902222 0.4472135901451111 0
vn 0.7071067690849304 0 0.7071067690849304
vn -1 0 0
vn 0.8944271802902222 0.4472135901451111 0
vn 0.3333333432674408 0.6666666865348816 0.6666666865348816
vn 0.3333333432674408 0.6666666865348816 0.6666666865348816
vn -1 0 0
vn 0.3333333432674408 0.6666666865348816 0.6666666865348816
vn -0.40824830532073975 0.40824830532073975 0.8164966106414795
vn 0 1 0
vn 0 -1 0
vn 0.4472135901451111 -0.8944271802902222 0
vn 0.8944271802902222 -0.4472135901451111 0
vn -0.3333333432674408 -0.6666666865348816 0.6666666865348816
vn -0.3333333432674408 -0.6666666865348816 0.6666666865348816
vn -0.7071067690849304 -0.7071067690849304 0
vn 1 0 0
vn 0.6666666865348816 0.3333333432674408 0.6666666865348816
vn -1 0 0
vn -0.6666666865348816 0.3333333432674408 0.6666666865348816
vn 0.5773502588272095 0.5773502588272095 0.5773502588272095
vn 0.3333333432674408 0.6666666865348816 0.6666666865348816
vn -0.5773502588272095 0.5773502588272095 0.5773502588272095
vn -0.3333333432674408 0.6666666865348816 0.6666666865348816
vn 0.3333333432674408 -0.6666666865348816 -0.6666666865348816
vn 0 -1 0
vn -0.4472135901451111 -0.8944271802902222 0
vn 0.6666666865348816 -0.3333333432674408 -0.6666666865348816
vn -0.8944271802902222 -0.4472135901451111 0
vn 1 0 0
vn -0.7071067690849304 0 0.7071067690849304
vn 1 0 0
vn -0.6666666865348816 0.3333333432674408 0.6666666865348816
vn -0.5773502588272095 0.5773502588272095 0.5773502588272095
vn 0.8944271802902222 0.4472135901451111 0
vn 0.4472135901451111 0.8944271802902222 0
vn -0.5773502588272095 0.5773502588272095 0.5773502588272095
vn -0.4472135901451111 0.8944271802902222 0
vn 0 -1 0
vn 0.4472135901451111 -0.8944271802902222 0
vn 0.7071067690849304 -0.7071067690849304 0
vn -0.3333333432674408 -0.6666666865348816 0.6666666865348816
vn -0.3333333432674408 -0.6666666865348816 0.6666666865348816
vn -0.4472135901451111 -0.8944271802902222 0
vn 0.8944271802902222 -0.4472135901451111 0
vn -0.8944271802902222 -0.4472135901451111 0
vn 0.8944271802902222 0.4472135901451111 0
vn 0.4472135901451111 0.8944271802902222 0
vn 0 1 0
vn 0 1 0
vn -0.8944271802902222 0.4472135901451111 0
vn -0.4472135901451111 0.8944271802902222 0
vn 0.4472135901451111 -0.8944271802902222 0
vn 0 -0.7071067690849304 0.7071067690849304
vn 0 -1 0
vn -0.4472135901451111 -0.8944271802902222 0
vn 0.5773502588272095 -0.5773502588272095 0.5773502588272095
vn 0.5773502588272095 -0.5773502588272095 0.5773502588272095
vn -0.7071067690849304 -0.7071067690849304 0
vn -0.7071067690849304 -0.7071067690849304 0
vn 0.5773502588272095 -0.5773502588272095 0.5773502588272095
vn 0.5773502588272095 -0.5773502588272095 0.5773502588272095
vn -0.8944271802902222 -0.4472135901451111 0
vn 0.8944271802902222 -0.4472135901451111 0
vn -0.4472135901451111 0.8944271802902222 0
vn 0 1 0
vn -0.8944271802902222 0.4472135901451111 0
vn -0.4472135901451111 0.8944271802902222 0
vn 1 0 0
vn -0.4472135901451111 0.8944271802902222 0
vn -0.5773502588272095 0.5773502588272095 -0.5773502588272095
vn -0.3333333432674408 0.6666666865348816 -0.6666666865348816
vn 1 0 0
vn -0.8944271802902222 0.4472135901451111 0
vn 1 0 0
vn -1 0 0
vn 0.8944271802902222 0.4472135901451111 0
vn 0.7071067690849304 0.7071067690849304 0
vn -1 0 0
vn 0.4472135901451111 0.8944271802902222 0
vn -0.7071067690849304 0.7071067690849304 0
vn 0 1 0
usemtl ssss
f 1//1 124//124 127//127
f 2//2 1//1 127//127
f 124//124 1//1 4//4
f 129//129 124//124 4//4
f 7//7 125//125 130//130
f 125//125 7//7 133//133
f 12//12 126//126 138//138
f 12//12 10//10 3//3
f 12//12 3//3 126//126
f 126//126 3//3 128//128
f 127//127 3//3 2//2
f 128//128 3//3 127//127
f 4//4 131//131 129//129
f 5//5 131//131 4//4
f 130//130 6//6 7//7
f 130//130 131//131 6//6
f 131//131 5//5 6//6
f 7//7 134//134 133//133
f 7//7 6//6 134//134
f 6//6 8//8 134//134
f 9//9 136//136 8//8
f 8//8 136//136 134//134
f 136//136 9//9 13//13
f 140//140 136//136 13//13
f 16//16 139//139 143//143
f 138//138 139//139 16//16
f 12//12 138//138 16//16
f 12//12 16//16 14//14
f 12//12 14//14 11//11
f 10//10 12//12 11//11
f 141//141 17//17 19//19
f 141//141 140//140 17//17
f 140//140 13//13 17//17
f 141//141 19//19 144//144
f 15//15 16//16 143//143
f 15//15 143//143 20//20
f 20//20 143//143 147//147
f 14//14 16//16 15//15
f 17//17 18//18 19//19
f 21//21 22//22 145//145
f 18//18 21//21 145//145
f 18//18 145//145 144//144
f 18//18 144//144 19//19
f 145//145 22//22 149//149
f 24//24 148//148 151//151
f 24//24 147//147 148//148
f 24//24 23//23 147//147
f 23//23 20//20 147//147
f 22//22 152//152 150//150
f 22//22 21//21 152//152
f 21//21 25//25 152//152
f 149//149 22//22 150//150
f 27//27 24//24 151//151
f 153//153 27//27 151//151
f 23//23 27//27 26//26
f 24//24 27//27 23//23
f 25//25 28//28 152//152
f 152//152 28//28 155//155
f 27//27 153//153 154//154
f 154//154 26//26 27//27
f 154//154 156//156 26//26
f 156//156 29//29 26//26
f 28//28 30//30 155//155
f 155//155 30//30 158//158
f 29//29 156//156 32//32
f 156//156 159//159 32//32
f 31//31 34//34 36//36
f 31//31 36//36 162//162
f 31//31 162//162 30//30
f 30//30 162//162 158//158
f 32//32 159//159 160//160
f 33//33 32//32 160//160
f 160//160 37//37 33//33
f 165//165 37//37 160//160
f 35//35 168//168 161//161
f 41//41 168//168 35//35
f 36//36 34//34 35//35
f 36//36 35//35 163//163
f 163//163 35//35 161//161
f 162//162 36//36 163//163
f 37//37 165//165 166//166
f 38//38 37//37 166//166
f 39//39 38//38 167//167
f 38//38 166//166 167//167
f 44//44 167//167 170//170
f 44//44 40//40 167//167
f 40//40 39//39 167//167
f 40//40 44//44 43//43
f 42//42 175//175 169//169
f 46//46 175//175 42//42
f 168//168 41//41 42//42
f 169//169 168//168 42//42
f 44//44 170//170 171//171
f 43//43 44//44 171//171
f 43//43 171//171 45//45
f 45//45 171//171 173//173
f 47//47 45//45 176//176
f 45//45 173//173 176//176
f 175//175 46//46 47//47
f 176//176 175//175 47//47
f 53//53 177//177 181//181
f 53//53 51//51 48//48
f 53//53 48//48 177//177
f 177//177 48//48 178//178
f 49//49 179//179 48//48
f 48//48 179//179 178//178
f 50//50 180//180 49//49
f 49//49 180//180 179//179
f 180//180 50//50 54//54
f 182//182 180//180 54//54
f 52//52 53//53 181//181
f 52//52 181//181 55//55
f 55//55 181//181 184//184
f 51//51 53//53 52//52
f 54//54 56//56 182//182
f 182//182 56//56 185//185
f 55//55 184//184 57//57
f 184//184 186//186 57//57
f 56//56 59//59 185//185
f 185//185 59//59 188//188
f 61//61 58//58 57//57
f 61//61 57//57 189//189
f 189//189 57//57 186//186
f 58//58 61//61 60//60
f 59//59 64//64 188//188
f 188//188 64//64 193//193
f 61//61 189//189 190//190
f 60//60 61//61 190//190
f 60//60 190//190 62//62
f 62//62 190//190 191//191
f 63//63 62//62 192//192
f 62//62 191//191 192//192
f 65//65 63//63 194//194
f 63//63 192//192 194//194
f 193//193 64//64 65//65
f 194//194 193//193 65//65
f 66//66 196//196 198//198
f 68//68 66//66 198//198
f 67//67 197//197 66//66
f 66//66 197//197 196//196
f 197//197 67//67 70//70
f 200//200 197//197 70//70
f 69//69 199//199 202//202
f 72//72 69//69 202//202
f 198//198 69//69 68//68
f 199//199 69//69 198//198
f 70//70 201//201 200//200
f 71//71 201//201 70//70
f 201//201 71//71 73//73
f 205//205 201//201 73//73
f 75//75 203//203 206//206
f 75//75 202//202 203//203
f 75//75 74//74 202//202
f 74//74 72//72 202//202
f 73//73 76//76 205//205
f 205//205 76//76 207//207
f 78//78 75//75 206//206
f 208//208 78//78 206//206
f 74//74 78//78 77//77
f 75//75 78//78 74//74
f 76//76 80//80 207//207
f 207//207 80//80 210//210
f 78//78 208//208 209//209
f 82//82 209//209 211//211
f 79//79 209//209 82//82
f 79//79 78//78 209//209
f 79//79 77//77 78//78
f 79//79 82//82 81//81
f 80//80 85//85 210//210
f 210//210 85//85 215//215
f 82//82 211//211 212//212
f 81//81 82//82 212//212
f 81//81 212//212 83//83
f 83//83 212//212 213//213
f 84//84 83//83 214//214
f 83//83 213//213 214//214
f 86//86 84//84 216//216
f 84//84 214//214 216//216
f 215//215 85//85 86//86
f 216//216 215//215 86//86
f 87//87 218//218 222//222
f 91//91 87//87 222//222
f 88//88 219//219 87//87
f 87//87 219//219 218//218
f 89//89 220//220 88//88
f 88//88 220//220 219//219
f 90//90 221//221 89//89
f 89//89 221//221 220//220
f 221//221 90//90 93//93
f 224//224 221//221 93//93
f 92//92 223//223 226//226
f 95//95 92//92 226//226
f 222//222 92//92 91//91
f 223//223 92//92 222//222
f 93//93 225//225 224//224
f 94//94 225//225 93//93
f 225//225 94//94 97//97
f 228//228 225//225 97//97
f 96//96 227//227 230//230
f 99//99 96//96 230//230
f 226//226 96//96 95//95
f 227//227 96//96 226//226
f 97//97 229//229 228//228
f 98//98 229//229 97//97
f 229//229 98//98 100//100
f 231//231 229//229 100//100
f 99//99 230//230 101//101
f 230//230 233//233 101//101
f 100//100 102//102 231//231
f 231//231 102//102 235//235
f 104//104 234//234 236//236
f 104//104 233//233 234//234
f 104//104 103//103 233//233
f 103//103 101//101 233//233
f 102//102 105//105 235//235
f 235//235 105//105 238//238
f 104//104 236//236 237//237
f 237//237 103//103 104//104
f 237//237 239//239 103//103
f 239//239 107//107 103//103
f 106//106 108//108 109//109
f 106//106 109//109 241//241
f 106//106 241//241 105//105
f 105//105 241//241 238//238
f 107//107 239//239 110//110
f 239//239 243//243 110//110
f 109//109 245//245 242//242
f 109//109 108//108 245//245
f 108//108 112//112 245//245
f 241//241 109//109 242//242
f 110//110 243//243 244//244
f 111//111 110//110 244//244
f 244//244 113//113 111//111
f 247//247 113//113 244//244
f 121//121 251//251 246//246
f 121//121 246//246 245//245
f 121//121 245//245 119//119
f 119//119 245//245 112//112
f 113//113 247//247 249//249
f 114//114 113//113 249//249
f 115//115 114//114 250//250
f 114//114 249//249 250//250
f 122//122 250//250 253//253
f 122//122 116//116 250//250
f 116//116 115//115 250//250
f 116//116 123//123 117//117
f 122//122 123//123 116//116
f 256//256 117//117 123//123
f 256//256 252//252 117//117
f 252//252 118//118 117//117
f 251//251 121//121 120//120
f 251//251 120//120 252//252
f 252//252 120//120 118//118
f 119//119 120//120 121//121
f 122//122 253//253 254//254
f 123//123 122//122 254//254
f 257//257 123//123 254//254
f 256//256 123//123 257//257
f 124//124 259//259 265//265
f 127//127 124//124 265//265
f 129//129 132//132 260//260
f 129//129 260//260 124//124
f 124//124 260//260 259//259
f 132//132 130//130 125//125
f 132//132 125//125 260//260
f 260//260 125//125 261//261
f 133//133 135//135 262//262
f 133//133 262//262 125//125
f 125//125 262//262 261//261
f 135//135 137//137 263//263
f 262//262 135//135 263//263
f 263//263 137//137 267//267
f 126//126 264//264 270//270
f 138//138 126//126 270//270
f 128//128 266//266 126//126
f 126//126 266//266 264//264
f 265//265 128//128 127//127
f 266//266 128//128 265//265
f 129//129 131//131 132//132
f 130//130 132//132 131//131
f 133//133 134//134 135//135
f 136//136 135//135 134//134
f 137//137 135//135 136//136
f 140//140 142//142 268//268
f 136//136 140//140 268//268
f 136//136 268//268 267//267
f 136//136 267//267 137//137
f 268//268 142//142 272//272
f 139//139 271//271 274//274
f 143//143 139//139 274//274
f 270//270 139//139 138//138
f 271//271 139//139 270//270
f 140//140 141//141 142//142
f 144//144 146//146 273//273
f 141//141 144//144 273//273
f 141//141 273//273 272//272
f 141//141 272//272 142//142
f 273//273 146//146 275//275
f 143//143 274//274 147//147
f 274//274 276//276 147//147
f 144//144 145//145 146//146
f 146//146 145//145 149//149
f 146//146 149//149 275//275
f 275//275 149//149 279//279
f 148//148 277//277 281//281
f 151//151 148//148 281//281
f 276//276 148//148 147//147
f 277//277 148//148 276//276
f 150//150 282//282 280//280
f 152//152 282//282 150//150
f 279//279 149//149 150//150
f 280//280 279//279 150//150
f 151//151 281//281 153//153
f 281//281 284//284 153//153
f 152//152 155//155 282//282
f 282//282 155//155 285//285
f 157//157 154//154 153//153
f 157//157 153//153 286//286
f 286//286 153//153 284//284
f 154//154 157//157 156//156
f 155//155 158//158 285//285
f 285//285 158//158 289//289
f 157//157 286//286 287//287
f 287//287 156//156 157//157
f 287//287 291//291 156//156
f 291//291 159//159 156//156
f 164//164 294//294 290//290
f 164//164 290//290 289//289
f 164//164 289//289 162//162
f 162//162 289//289 158//158
f 159//159 291//291 292//292
f 160//160 159//159 292//292
f 292//292 165//165 160//160
f 296//296 165//165 292//292
f 161//161 302//302 295//295
f 168//168 302//302 161//161
f 294//294 164//164 163//163
f 294//294 163//163 295//295
f 295//295 163//163 161//161
f 162//162 163//163 164//164
f 165//165 296//296 297//297
f 166//166 165//165 297//297
f 167//167 166//166 299//299
f 166//166 297//297 299//299
f 170//170 300//300 172//172
f 170//170 167//167 300//300
f 167//167 299//299 300//300
f 172//172 301//301 174//174
f 300//300 301//301 172//172
f 301//301 304//304 174//174
f 169//169 305//305 303//303
f 175//175 305//305 169//169
f 302//302 168//168 169//169
f 303//303 302//302 169//169
f 170//170 172//172 171//171
f 173//173 171//171 172//172
f 174//174 173//173 172//172
f 174//174 304//304 306//306
f 174//174 306//306 173//173
f 173//173 306//306 176//176
f 305//305 175//175 176//176
f 306//306 305//305 176//176
f 177//177 308//308 311//311
f 181//181 177//177 311//311
f 178//178 309//309 177//177
f 177//177 309//309 308//308
f 179//179 310//310 178//178
f 178//178 310//310 309//309
f 183//183 312//312 310//310
f 183//183 310//310 180//180
f 180//180 310//310 179//179
f 180//180 182//182 183//183
f 181//181 311//311 184//184
f 311//311 314//314 184//184
f 183//183 313//313 312//312
f 313//313 183//183 182//182
f 313//313 182//182 317//317
f 317//317 182//182 185//185
f 187//187 315//315 318//318
f 187//187 314//314 315//315
f 187//187 186//186 314//314
f 186//186 184//184 314//314
f 185//185 188//188 317//317
f 317//317 188//188 320//320
f 187//187 318//318 319//319
f 319//319 186//186 187//187
f 319//319 322//322 186//186
f 322//322 189//189 186//186
f 195//195 325//325 321//321
f 195//195 321//321 320//320
f 195//195 320//320 193//193
f 193//193 320//320 188//188
f 189//189 322//322 323//323
f 190//190 189//189 323//323
f 191//191 190//190 324//324
f 190//190 323//323 324//324
f 192//192 191//191 326//326
f 191//191 324//324 326//326
f 325//325 195//195 194//194
f 325//325 194//194 326//326
f 326//326 194//194 192//192
f 193//193 194//194 195//195
f 196//196 327//327 330//330
f 198//198 196//196 330//330
f 197//197 328//328 196//196
f 196//196 328//328 327//327
f 328//328 197//197 200//200
f 333//333 328//328 200//200
f 204//204 329//329 336//336
f 204//204 202//202 199//199
f 204//204 199//199 329//329
f 329//329 199//199 331//331
f 330//330 199//199 198//198
f 331//331 199//199 330//330
f 200//200 335//335 333//333
f 201//201 335//335 200//200
f 335//335 201//201 205//205
f 337//337 335//335 205//205
f 203//203 204//204 336//336
f 203//203 336//336 206//206
f 206//206 336//336 339//339
f 202//202 204//204 203//203
f 205//205 207//207 337//337
f 337//337 207//207 340//340
f 206//206 339//339 208//208
f 339//339 341//341 208//208
f 207//207 210//210 340//340
f 340//340 210//210 343//343
f 208//208 341//341 342//342
f 209//209 208//208 342//342
f 342//342 211//211 209//209
f 345//345 211//211 342//342
f 217//217 348//348 344//344
f 217//217 344//344 343//343
f 217//217 343//343 215//215
f 215//215 343//343 210//210
f 211//211 345//345 346//346
f 212//212 211//211 346//346
f 213//213 212//212 347//347
f 212//212 346//346 347//347
f 214//214 213//213 349//349
f 213//213 347//347 349//349
f 348//348 217//217 216//216
f 348//348 216//216 349//349
f 349//349 216//216 214//214
f 215//215 216//216 217//217
f 218//218 350//350 354//354
f 222//222 218//218 354//354
f 219//219 351//351 218//218
f 218//218 351//351 350//350
f 220//220 352//352 219//219
f 219//219 352//352 351//351
f 221//221 353//353 220//220
f 220//220 353//353 352//352
f 353//353 221//221 224//224
f 356//356 353//353 224//224
f 223//223 355//355 359//359
f 226//226 223//223 359//359
f 354//354 223//223 222//222
f 355//355 223//223 354//354
f 224//224 358//358 356//356
f 225//225 358//358 224//224
f 358//358 225//225 228//228
f 361//361 358//358 228//228
f 227//227 360//360 362//362
f 230//230 227//227 362//362
f 359//359 227//227 226//226
f 360//360 227//227 359//359
f 232//232 228//228 229//229
f 232//232 364//364 228//228
f 364//364 361//361 228//228
f 229//229 231//231 232//232
f 230//230 362//362 233//233
f 362//362 366//366 233//233
f 232//232 365//365 364//364
f 365//365 232//232 231//231
f 365//365 231//231 368//368
f 368//368 231//231 235//235
f 234//234 367//367 369//369
f 236//236 234//234 369//369
f 366//366 234//234 233//233
f 367//367 234//234 366//366
f 235//235 238//238 368//368
f 368//368 238//238 370//370
f 240//240 237//237 236//236
f 240//240 236//236 371//371
f 371//371 236//236 369//369
f 237//237 240//240 239//239
f 238//238 241//241 370//370
f 370//370 241//241 373//373
f 240//240 371//371 372//372
f 372//372 239//239 240//240
f 372//372 375//375 239//239
f 375//375 243//243 239//239
f 242//242 376//376 374//374
f 245//245 376//376 242//242
f 373//373 241//241 242//242
f 374//374 373//373 242//242
f 248//248 244//244 243//243
f 248//248 243//243 378//378
f 378//378 243//243 375//375
f 244//244 248//248 247//247
f 246//246 384//384 377//377
f 251//251 384//384 246//246
f 376//376 245//245 246//246
f 377//377 376//376 246//246
f 248//248 378//378 379//379
f 247//247 248//248 379//379
f 247//247 379//379 249//249
f 249//249 379//379 380//380
f 250//250 249//249 381//381
f 249//249 380//380 381//381
f 253//253 382//382 255//255
f 253//253 250//250 382//382
f 250//250 381//381 382//382
f 255//255 383//383 258//258
f 382//382 383//383 255//255
f 258//258 252//252 256//256
f 258//258 383//383 252//252
f 383//383 385//385 252//252
f 384//384 251//251 252//252
f 385//385 384//384 252//252
f 253//253 255//255 254//254
f 257//257 254//254 255//255
f 258//258 257//257 255//255
f 256//256 257//257 258//258
f 259//259 390//390 397//397
f 265//265 259//259 397//397
f 260//260 391//391 259//259
f 259//259 391//391 390//390
f 261//261 392//392 260//260
f 260//260 392//392 391//391
f 262//262 393//393 261//261
f 261//261 393//393 392//392
f 263//263 394//394 262//262
f 262//262 394//394 393//393
f 267//267 269//269 395//395
f 267//267 395//395 263//263
f 263//263 395//395 394//394
f 395//395 269//269 399//399
f 264//264 396//396 401//401
f 270//270 264//264 401//401
f 266//266 398//398 264//264
f 264//264 398//398 396//396
f 397//397 266//266 265//265
f 398//398 266//266 397//397
f 267//267 268//268 269//269
f 269//269 268//268 272//272
f 269//269 272//272 399//399
f 399//399 272//272 403//403
f 271//271 402//402 406//406
f 274//274 271//271 406//406
f 401//401 271//271 270//270
f 402//402 271//271 401//401
f 272//272 404//404 403//403
f 273//273 404//404 272//272
f 404//404 273//273 275//275
f 409//409 404//404 275//275
f 278//278 407//407 410//410
f 278//278 406//406 407//407
f 278//278 276//276 406//406
f 276//276 274//274 406//406
f 275//275 279//279 409//409
f 409//409 279//279 411//411
f 277//277 278//278 410//410
f 277//277 410//410 281//281
f 281//281 410//410 412//412
f 276//276 278//278 277//277
f 280//280 282//282 283//283
f 280//280 283//283 413//413
f 280//280 413//413 279//279
f 279//279 413//413 411//411
f 281//281 412//412 284//284
f 412//412 416//416 284//284
f 283//283 418//418 414//414
f 283//283 282//282 418//418
f 282//282 285//285 418//418
f 413//413 283//283 414//414
f 417//417 288//288 286//286
f 417//417 286//286 416//416
f 416//416 286//286 284//284
f 417//417 419//419 288//288
f 285//285 289//289 418//418
f 418//418 289//289 421//421
f 286//286 288//288 287//287
f 291//291 420//420 293//293
f 287//287 420//420 291//291
f 287//287 419//419 420//420
f 287//287 288//288 419//419
f 420//420 423//423 293//293
f 290//290 425//425 422//422
f 294//294 425//425 290//290
f 421//421 289//289 290//290
f 422//422 421//421 290//290
f 291//291 293//293 292//292
f 296//296 424//424 298//298
f 292//292 424//424 296//296
f 292//292 423//423 424//424
f 292//292 293//293 423//423
f 424//424 427//427 298//298
f 295//295 434//434 426//426
f 302//302 434//434 295//295
f 425//425 294//294 295//295
f 426//426 425//425 295//295
f 296//296 298//298 297//297
f 298//298 427//427 428//428
f 298//298 428//428 297//297
f 297//297 428//428 299//299
f 300//300 299//299 430//430
f 299//299 428//428 430//430
f 301//301 300//300 432//432
f 300//300 430//430 432//432
f 304//304 433//433 307//307
f 304//304 301//301 433//433
f 301//301 432//432 433//433
f 307//307 303//303 305//305
f 307//307 433//433 303//303
f 433//433 435//435 303//303
f 434//434 302//302 303//303
f 435//435 434//434 303//303
f 304//304 307//307 306//306
f 305//305 306//306 307//307
f 308//308 436//436 439//439
f 311//311 308//308 439//439
f 309//309 437//437 308//308
f 308//308 437//437 436//436
f 310//310 438//438 309//309
f 309//309 438//438 437//437
f 438//438 310//310 312//312
f 441//441 438//438 312//312
f 316//316 440//440 443//443
f 316//316 439//439 440//440
f 316//316 314//314 439//439
f 314//314 311//311 439//439
f 312//312 442//442 441//441
f 313//313 442//442 312//312
f 442//442 313//313 317//317
f 444//444 442//442 317//317
f 315//315 316//316 443//443
f 315//315 443//443 318//318
f 318//318 443//443 446//446
f 314//314 316//316 315//315
f 317//317 320//320 444//444
f 444//444 320//320 448//448
f 318//318 446//446 447//447
f 319//319 318//318 447//447
f 447//447 322//322 319//319
f 451//451 322//322 447//447
f 321//321 454//454 449//449
f 325//325 454//454 321//321
f 448//448 320//320 321//321
f 449//449 448//448 321//321
f 322//322 451//451 452//452
f 323//323 322//322 452//452
f 324//324 323//323 453//453
f 323//323 452//452 453//453
f 326//326 324//324 455//455
f 324//324 453//453 455//455
f 454//454 325//325 326//326
f 455//455 454//454 326//326
f 332//332 456//456 458//458
f 332//332 330//330 327//327
f 332//332 327//327 456//456
f 456//456 327//327 457//457
f 334//334 460//460 457//457
f 334//334 457//457 328//328
f 328//328 457//457 327//327
f 328//328 333//333 334//334
f 329//329 459//459 462//462
f 336//336 329//329 462//462
f 458//458 331//331 332//332
f 458//458 459//459 331//331
f 459//459 329//329 331//331
f 330//330 332//332 331//331
f 334//334 461//461 460//460
f 338//338 463//463 461//461
f 335//335 338//338 461//461
f 335//335 461//461 334//334
f 335//335 334//334 333//333
f 335//335 337//337 338//338
f 336//336 462//462 339//339
f 462//462 465//465 339//339
f 338//338 464//464 463//463
f 464//464 338//338 337//337
f 464//464 337//337 466//466
f 466//466 337//337 340//340
f 339//339 465//465 341//341
f 465//465 468//468 341//341
f 340//340 343//343 466//466
f 466//466 343//343 470//470
f 341//341 468//468 469//469
f 342//342 341//341 469//469
f 469//469 345//345 342//342
f 473//473 345//345 469//469
f 344//344 477//477 471//471
f 348//348 477//477 344//344
f 470//470 343//343 344//344
f 471//471 470//470 344//344
f 345//345 473//473 475//475
f 346//346 345//345 475//475
f 347//347 346//346 476//476
f 346//346 475//475 476//476
f 349//349 347//347 478//478
f 347//347 476//476 478//478
f 477//477 348//348 349//349
f 478//478 477//477 349//349
f 350//350 479//479 482//482
f 354//354 350//350 482//482
f 351//351 480//480 350//350
f 350//350 480//480 479//479
f 352//352 481//481 351//351
f 351//351 481//481 480//480
f 357//357 484//484 481//481
f 357//357 481//481 353//353
f 353//353 481//481 352//352
f 353//353 356//356 357//357
f 355//355 483//483 488//488
f 359//359 355//355 488//488
f 482//482 355//355 354//354
f 483//483 355//355 482//482
f 357//357 486//486 484//484
f 356//356 486//486 357//357
f 356//356 358//358 486//486
f 358//358 487//487 486//486
f 487//487 358//358 361//361
f 489//489 487//487 361//361
f 360//360 363//363 362//362
f 360//360 491//491 363//363
f 360//360 359//359 491//491
f 359//359 488//488 491//491
f 361//361 364//364 489//489
f 489//489 364//364 493//493
f 363//363 492//492 495//495
f 363//363 495//495 362//362
f 362//362 495//495 366//366
f 491//491 492//492 363//363
f 364//364 494//494 493//493
f 365//365 494//494 364//364
f 494//494 365//365 368//368
f 497//497 494//494 368//368
f 367//367 496//496 498//498
f 369//369 367//367 498//498
f 495//495 367//367 366//366
f 496//496 367//367 495//495
f 368//368 370//370 497//497
f 497//497 370//370 500//500
f 369//369 498//498 371//371
f 498//498 501//501 371//371
f 370//370 373//373 500//500
f 500//500 373//373 503//503
f 371//371 501//501 502//502
f 372//372 371//371 502//502
f 502//502 375//375 372//372
f 505//505 375//375 502//502
f 374//374 506//506 504//504
f 376//376 506//506 374//374
f 503//503 373//373 374//374
f 504//504 503//503 374//374
f 375//375 505//505 378//378
f 505//505 507//507 378//378
f 377//377 384//384 386//386
f 377//377 386//386 511//511
f 377//377 511//511 376//376
f 376//376 511//511 506//506
f 378//378 507//507 508//508
f 379//379 378//378 508//508
f 387//387 508//508 513//513
f 387//387 380//380 508//508
f 380//380 379//379 508//508
f 380//380 388//388 381//381
f 387//387 388//388 380//380
f 381//381 389//389 382//382
f 388//388 389//389 381//381
f 517//517 382//382 389//389
f 517//517 509//509 382//382
f 509//509 383//383 382//382
f 385//385 383//383 510//510
f 383//383 509//509 510//510
f 386//386 384//384 385//385
f 386//386 385//385 512//512
f 512//512 385//385 510//510
f 511//511 386//386 512//512
f 387//387 513//513 515//515
f 388//388 387//387 515//515
f 516//516 388//388 515//515
f 389//389 388//388 516//516
f 518//518 389//389 516//516
f 517//517 389//389 518//518
f 390//390 519//519 527//527
f 397//397 390//390 527//527
f 391//391 520//520 390//390
f 390//390 520//520 519//519
f 392//392 521//521 391//391
f 391//391 521//521 520//520
f 393//393 522//522 392//392
f 392//392 522//522 521//521
f 394//394 523//523 393//393
f 393//393 523//523 522//522
f 395//395 524//524 394//394
f 394//394 524//524 523//523
f 399//399 400//400 525//525
f 399//399 525//525 395//395
f 395//395 525//525 524//524
f 525//525 400//400 531//531
f 396//396 526//526 534//534
f 401//401 396//396 534//534
f 398//398 528//528 396//396
f 396//396 528//528 526//526
f 527//527 398//398 397//397
f 528//528 398//398 527//527
f 400//400 403//403 405//405
f 399//399 403//403 400//400
f 537//537 531//531 400//400
f 405//405 537//537 400//400
f 408//408 533//533 539//539
f 408//408 406//406 402//402
f 408//408 402//402 533//533
f 533//533 402//402 535//535
f 534//534 402//402 401//401
f 535//535 402//402 534//534
f 403//403 404//404 405//405
f 405//405 404//404 409//409
f 405//405 409//409 537//537
f 537//537 409//409 540//540
f 407//407 408//408 539//539
f 407//407 539//539 410//410
f 410//410 539//539 541//541
f 406//406 408//408 407//407
f 409//409 411//411 540//540
f 540//540 411//411 542//542
f 410//410 541//541 412//412
f 541//541 544//544 412//412
f 415//415 545//545 543//543
f 415//415 543//543 542//542
f 415//415 542//542 413//413
f 413//413 542//542 411//411
f 412//412 544//544 416//416
f 544//544 547//547 416//416
f 414//414 545//545 415//415
f 414//414 418//418 545//545
f 418//418 549//549 545//545
f 413//413 414//414 415//415
f 416//416 547//547 548//548
f 417//417 416//416 548//548
f 548//548 419//419 417//417
f 550//550 419//419 548//548
f 418//418 421//421 549//549
f 549//549 421//421 552//552
f 419//419 550//550 551//551
f 420//420 419//419 551//551
f 551//551 423//423 420//420
f 554//554 423//423 551//551
f 422//422 559//559 553//553
f 425//425 559//559 422//422
f 552//552 421//421 422//422
f 553//553 552//552 422//422
f 423//423 554//554 555//555
f 424//424 423//423 555//555
f 427//427 557//557 429//429
f 427//427 424//424 557//557
f 424//424 555//555 557//557
f 429//429 558//558 431//431
f 557//557 558//558 429//429
f 558//558 561//561 431//431
f 426//426 566//566 560//560
f 434//434 566//566 426//426
f 559//559 425//425 426//426
f 560//560 559//559 426//426
f 427//427 429//429 428//428
f 430//430 428//428 429//429
f 431//431 430//430 429//429
f 431//431 561//561 562//562
f 431//431 562//562 430//430
f 430//430 562//562 432//432
f 433//433 432//432 564//564
f 432//432 562//562 564//564
f 435//435 433//433 567//567
f 433//433 564//564 567//567
f 566//566 434//434 435//435
f 567//567 566//566 435//435
f 436//436 568//568 571//571
f 439//439 436//436 571//571
f 437//437 569//569 436//436
f 436//436 569//569 568//568
f 438//438 570//570 437//437
f 437//437 570//570 569//569
f 570//570 438//438 441//441
f 573//573 570//570 441//441
f 440//440 572//572 575//575
f 443//443 440//440 575//575
f 571//571 440//440 439//439
f 572//572 440//440 571//571
f 445//445 441//441 442//442
f 445//445 576//576 441//441
f 576//576 573//573 441//441
f 442//442 444//444 445//445
f 443//443 575//575 446//446
f 575//575 577//577 446//446
f 450//450 576//576 445//445
f 579//579 576//576 450//450
f 444//444 448//448 450//450
f 445//445 444//444 450//450
f 446//446 577//577 578//578
f 447//447 446//446 578//578
f 578//578 451//451 447//447
f 580//580 451//451 578//578
f 449//449 579//579 450//450
f 449//449 454//454 579//579
f 454//454 583//583 579//579
f 448//448 449//449 450//450
f 451//451 580//580 581//581
f 452//452 451//451 581//581
f 453//453 452//452 582//582
f 452//452 581//581 582//582
f 455//455 453//453 584//584
f 453//453 582//582 584//584
f 583//583 454//454 455//455
f 584//584 583//583 455//455
f 456//456 585//585 587//587
f 458//458 456//456 587//587
f 457//457 586//586 456//456
f 456//456 586//586 585//585
f 586//586 457//457 460//460
f 590//590 586//586 460//460
f 459//459 588//588 593//593
f 462//462 459//459 593//593
f 587//587 459//459 458//458
f 588//588 459//459 587//587
f 460//460 592//592 590//590
f 461//461 592//592 460//460
f 592//592 461//461 463//463
f 594//594 592//592 463//463
f 462//462 593//593 465//465
f 593//593 595//595 465//465
f 467//467 463//463 464//464
f 467//467 596//596 463//463
f 596//596 594//594 463//463
f 464//464 466//466 467//467
f 465//465 595//595 468//468
f 595//595 597//597 468//468
f 472//472 596//596 467//467
f 598//598 596//596 472//472
f 466//466 470//470 472//472
f 467//467 466//466 472//472
f 474//474 469//469 468//468
f 474//474 468//468 599//599
f 599//599 468//468 597//597
f 469//469 474//474 473//473
f 471//471 598//598 472//472
f 471//471 477//477 598//598
f 477//477 603//603 598//598
f 470//470 471//471 472//472
f 474//474 599//599 600//600
f 473//473 474//474 600//600
f 473//473 600//600 475//475
f 475//475 600//600 601//601
f 476//476 475//475 602//602
f 475//475 601//601 602//602
f 478//478 476//476 604//604
f 476//476 602//602 604//604
f 603//603 477//477 478//478
f 604//604 603//603 478//478
f 479//479 606//606 608//608
f 482//482 479//479 608//608
f 480//480 607//607 479//479
f 479//479 607//607 606//606
f 485//485 611//611 607//607
f 485//485 607//607 481//481
f 481//481 607//607 480//480
f 481//481 484//484 485//485
f 483//483 609//609 615//615
f 488//488 483//483 615//615
f 608//608 483//483 482//482
f 609//609 483//483 608//608
f 485//485 613//613 611//611
f 484//484 613//613 485//485
f 484//484 486//486 613//613
f 486//486 614//614 613//613
f 490//490 616//616 614//614
f 490//490 614//614 487//487
f 487//487 614//614 486//486
f 487//487 489//489 490//490
f 488//488 615//615 491//491
f 615//615 618//618 491//491
f 490//490 617//617 616//616
f 617//617 490//490 489//489
f 617//617 489//489 620//620
f 620//620 489//489 493//493
f 492//492 619//619 622//622
f 495//495 492//492 622//622
f 618//618 492//492 491//491
f 619//619 492//492 618//618
f 493//493 621//621 620//620
f 494//494 621//621 493//493
f 621//621 494//494 497//497
f 623//623 621//621 497//497
f 496//496 499//499 498//498
f 496//496 624//624 499//499
f 496//496 495//495 624//624
f 495//495 622//622 624//624
f 497//497 500//500 623//623
f 623//623 500//500 626//626
f 499//499 625//625 627//627
f 499//499 627//627 498//498
f 498//498 627//627 501//501
f 624//624 625//625 499//499
f 500//500 503//503 626//626
f 626//626 503//503 630//630
f 501//501 627//627 628//628
f 502//502 501//501 628//628
f 628//628 505//505 502//502
f 632//632 505//505 628//628
f 504//504 634//634 631//631
f 506//506 634//634 504//504
f 630//630 503//503 504//504
f 631//631 630//630 504//504
f 505//505 632//632 507//507
f 632//632 635//635 507//507
f 506//506 511//511 634//634
f 634//634 511//511 638//638
f 514//514 508//508 507//507
f 514//514 507//507 640//640
f 640//640 507//507 635//635
f 508//508 514//514 513//513
f 509//509 644//644 636//636
f 517//517 644//644 509//509
f 510//510 509//509 637//637
f 509//509 636//636 637//637
f 512//512 510//510 639//639
f 510//510 637//637 639//639
f 638//638 511//511 512//512
f 639//639 638//638 512//512
f 514//514 640//640 641//641
f 513//513 514//514 641//641
f 513//513 641//641 515//515
f 515//515 641//641 642//642
f 516//516 515//515 643//643
f 515//515 642//642 643//643
f 518//518 516//516 645//645
f 516//516 643//643 645//645
f 644//644 517//517 518//518
f 645//645 644//644 518//518
f 519//519 529//529 527//527
f 519//519 520//520 530//530
f 529//529 519//519 530//530
f 660//660 530//530 520//520
f 660//660 520//520 649//649
f 649//649 520//520 521//521
f 522//522 650//650 521//521
f 521//521 650//650 649//649
f 523//523 651//651 522//522
f 522//522 651//651 650//650
f 524//524 652//652 523//523
f 523//523 652//652 651//651
f 525//525 653//653 524//524
f 524//524 653//653 652//652
f 531//531 532//532 654//654
f 531//531 654//654 525//525
f 525//525 654//654 653//653
f 654//654 532//532 663//663
f 536//536 655//655 664//664
f 536//536 534//534 526//526
f 536//536 526//526 655//655
f 655//655 526//526 656//656
f 528//528 657//657 526//526
f 526//526 657//657 656//656
f 529//529 528//528 527//527
f 529//529 659//659 528//528
f 659//659 657//657 528//528
f 530//530 659//659 529//529
f 661//661 659//659 530//530
f 660//660 661//661 530//530
f 532//532 537//537 538//538
f 531//531 537//537 532//532
f 667//667 663//663 532//532
f 538//538 667//667 532//532
f 533//533 665//665 670//670
f 539//539 533//533 670//670
f 664//664 535//535 536//536
f 664//664 665//665 535//535
f 665//665 533//533 535//535
f 534//534 536//536 535//535
f 538//538 671//671 668//668
f 538//538 537//537 671//671
f 537//537 540//540 671//671
f 667//667 538//538 668//668
f 539//539 670//670 541//541
f 670//670 673//673 541//541
f 540//540 542//542 671//671
f 671//671 542//542 674//674
f 541//541 673//673 544//544
f 673//673 675//675 544//544
f 543//543 545//545 546//546
f 543//543 546//546 676//676
f 543//543 676//676 542//542
f 542//542 676//676 674//674
f 544//544 675//675 547//547
f 675//675 678//678 547//547
f 546//546 680//680 677//677
f 546//546 545//545 680//680
f 545//545 549//549 680//680
f 676//676 546//546 677//677
f 547//547 678//678 679//679
f 548//548 547//547 679//679
f 679//679 550//550 548//548
f 681//681 550//550 679//679
f 549//549 552//552 680//680
f 680//680 552//552 684//684
f 550//550 681//681 682//682
f 551//551 550//550 682//682
f 554//554 683//683 556//556
f 554//554 551//551 683//683
f 551//551 682//682 683//683
f 683//683 687//687 556//556
f 553//553 694//694 685//685
f 559//559 694//694 553//553
f 684//684 552//552 553//553
f 685//685 684//684 553//553
f 554//554 556//556 555//555
f 556//556 687//687 688//688
f 556//556 688//688 555//555
f 555//555 688//688 557//557
f 558//558 557//557 690//690
f 557//557 688//688 690//690
f 561//561 692//692 563//563
f 561//561 558//558 692//692
f 558//558 690//690 692//692
f 563//563 693//693 565//565
f 692//692 693//693 563//563
f 693//693 696//696 565//565
f 560//560 697//697 695//695
f 566//566 697//697 560//560
f 694//694 559//559 560//560
f 695//695 694//694 560//560
f 561//561 563//563 562//562
f 564//564 562//562 563//563
f 565//565 564//564 563//563
f 565//565 696//696 698//698
f 565//565 698//698 564//564
f 564//564 698//698 567//567
f 697//697 566//566 567//567
f 698//698 697//697 567//567
f 568//568 699//699 701//701
f 571//571 568//568 701//701
f 569//569 700//700 568//568
f 568//568 700//700 699//699
f 574//574 704//704 700//700
f 574//574 700//700 570//570
f 570//570 700//700 569//569
f 570//570 573//573 574//574
f 572//572 702//702 706//706
f 575//575 572//572 706//706
f 701//701 572//572 571//571
f 702//702 572//572 701//701
f 574//574 705//705 704//704
f 705//705 574//574 573//573
f 705//705 573//573 707//707
f 707//707 573//573 576//576
f 575//575 706//706 577//577
f 706//706 708//708 577//577
f 576//576 579//579 707//707
f 707//707 579//579 710//710
f 577//577 708//708 709//709
f 578//578 577//577 709//709
f 709//709 580//580 578//578
f 711//711 580//580 709//709
f 579//579 583//583 710//710
f 710//710 583//583 714//714
f 580//580 711//711 712//712
f 581//581 580//580 712//712
f 582//582 581//581 713//713
f 581//581 712//712 713//713
f 584//584 582//582 715//715
f 582//582 713//713 715//715
f 714//714 583//583 584//584
f 715//715 714//714 584//584
f 585//585 589//589 587//587
f 585//585 586//586 591//591
f 589//589 585//585 591//591
f 586//586 590//590 591//591
f 588//588 717//717 722//722
f 593//593 588//588 722//722
f 589//589 588//588 587//587
f 589//589 718//718 588//588
f 718//718 717//717 588//588
f 591//591 718//718 589//589
f 720//720 718//718 591//591
f 590//590 720//720 591//591
f 590//590 592//592 720//720
f 592//592 721//721 720//720
f 721//721 592//592 594//594
f 723//723 721//721 594//594
f 593//593 722//722 595//595
f 722//722 725//725 595//595
f 594//594 596//596 723//723
f 723//723 596//596 727//727
f 595//595 725//725 597//597
f 725//725 728//728 597//597
f 596//596 598//598 727//727
f 727//727 598//598 730//730
f 597//597 728//728 599//599
f 728//728 732//732 599//599
f 605//605 735//735 731//731
f 605//605 731//731 730//730
f 605//605 730//730 603//603
f 603//603 730//730 598//598
f 599//599 732//732 733//733
f 600//600 599//599 733//733
f 601//601 600//600 734//734
f 600//600 733//733 734//734
f 602//602 601//601 736//736
f 601//601 734//734 736//736
f 735//735 605//605 604//604
f 735//735 604//604 736//736
f 736//736 604//604 602//602
f 603//603 604//604 605//605
f 606//606 610//610 608//608
f 606//606 607//607 612//612
f 610//610 606//606 612//612
f 607//607 611//611 612//612
f 609//609 737//737 742//742
f 615//615 609//609 742//742
f 610//610 609//609 608//608
f 610//610 738//738 609//609
f 738//738 737//737 609//609
f 612//612 738//738 610//610
f 739//739 738//738 612//612
f 611//611 739//739 612//612
f 611//611 613//613 739//739
f 613//613 740//740 739//739
f 614//614 741//741 613//613
f 613//613 741//741 740//740
f 741//741 614//614 616//616
f 744//744 741//741 616//616
f 615//615 742//742 618//618
f 742//742 746//746 618//618
f 616//616 745//745 744//744
f 617//617 745//745 616//616
f 745//745 617//617 620//620
f 748//748 745//745 620//620
f 619//619 747//747 750//750
f 622//622 619//619 750//750
f 746//746 619//619 618//618
f 747//747 619//619 746//746
f 620//620 749//749 748//748
f 621//621 749//749 620//620
f 749//749 621//621 623//623
f 751//751 749//749 623//623
f 622//622 750//750 624//624
f 750//750 752//752 624//624
f 623//623 626//626 751//751
f 751//751 626//626 753//753
f 625//625 629//629 627//627
f 625//625 755//755 629//629
f 625//625 624//624 755//755
f 624//624 752//752 755//755
f 626//626 630//630 753//753
f 753//753 630//630 757//757
f 629//629 628//628 627//627
f 756//756 759//759 633//633
f 633//633 755//755 756//756
f 633//633 632//632 755//755
f 629//629 755//755 628//628
f 628//628 755//755 632//632
f 631//631 762//762 758//758
f 634//634 762//762 631//631
f 757//757 630//630 631//631
f 758//758 757//757 631//631
f 633//633 759//759 760//760
f 760//760 632//632 633//633
f 760//760 763//763 632//632
f 763//763 635//635 632//632
f 634//634 638//638 762//762
f 762//762 638//638 765//765
f 635//635 763//763 640//640
f 763//763 767//767 640//640
f 636//636 644//644 646//646
f 770//770 636//636 646//646
f 770//770 764//764 636//636
f 764//764 637//637 636//636
f 639//639 637//637 766//766
f 637//637 764//764 766//766
f 765//765 638//638 639//639
f 766//766 765//765 639//639
f 640//640 767//767 768//768
f 641//641 640//640 768//768
f 647//647 768//768 772//772
f 647//647 642//642 768//768
f 642//642 641//641 768//768
f 642//642 648//648 643//643
f 647//647 648//648 642//642
f 775//775 643//643 648//648
f 775//775 769//769 643//643
f 769//769 645//645 643//643
f 646//646 644//644 645//645
f 646//646 645//645 771//771
f 771//771 645//645 769//769
f 770//770 646//646 771//771
f 647//647 772//772 774//774
f 648//648 647//647 774//774
f 776//776 648//648 774//774
f 775//775 648//648 776//776
f 658//658 777//777 784//784
f 777//777 658//658 787//787
f 649//649 662//662 660//660
f 789//789 662//662 649//649
f 789//789 649//649 778//778
f 778//778 649//649 650//650
f 651//651 779//779 650//650
f 650//650 779//779 778//778
f 652//652 780//780 651//651
f 651//651 780//780 779//779
f 653//653 781//781 652//652
f 652//652 781//781 780//780
f 654//654 782//782 653//653
f 653//653 782//782 781//781
f 782//782 654//654 663//663
f 792//792 782//782 663//663
f 655//655 783//783 795//795
f 664//664 655//655 795//795
f 656//656 785//785 655//655
f 655//655 785//785 783//783
f 784//784 657//657 658//658
f 784//784 785//785 657//657
f 785//785 656//656 657//657
f 658//658 788//788 787//787
f 658//658 657//657 788//788
f 657//657 659//659 788//788
f 666//666 798//798 788//788
f 666//666 788//788 661//661
f 661//661 788//788 659//659
f 661//661 800//800 666//666
f 660//660 800//800 661//661
f 660//660 790//790 800//800
f 660//660 662//662 790//790
f 789//789 790//790 662//662
f 793//793 667//667 669//669
f 793//793 792//792 667//667
f 792//792 663//663 667//667
f 793//793 669//669 803//803
f 665//665 796//796 805//805
f 670//670 665//665 805//805
f 795//795 665//665 664//664
f 796//796 665//665 795//795
f 666//666 801//801 798//798
f 800//800 801//801 666//666
f 668//668 671//671 672//672
f 668//668 672//672 807//807
f 667//667 668//668 807//807
f 667//667 807//807 804//804
f 667//667 804//804 669//669
f 803//803 669//669 804//804
f 670//670 805//805 673//673
f 805//805 809//809 673//673
f 672//672 812//812 808//808
f 672//672 671//671 812//812
f 671//671 674//674 812//812
f 807//807 672//672 808//808
f 673//673 809//809 675//675
f 809//809 813//813 675//675
f 674//674 676//676 812//812
f 812//812 676//676 815//815
f 675//675 813//813 678//678
f 813//813 817//817 678//678
f 677//677 821//821 816//816
f 680//680 821//821 677//677
f 815//815 676//676 677//677
f 816//816 815//815 677//677
f 678//678 817//817 818//818
f 679//679 678//678 818//818
f 818//818 681//681 679//679
f 823//823 681//681 818//818
f 686//686 833//833 822//822
f 686//686 822//822 821//821
f 686//686 821//821 684//684
f 684//684 821//821 680//680
f 681//681 823//823 824//824
f 682//682 681//681 824//824
f 683//683 682//682 826//826
f 682//682 824//824 826//826
f 687//687 828//828 689//689
f 687//687 683//683 828//828
f 683//683 826//826 828//828
f 689//689 830//830 691//691
f 828//828 830//830 689//689
f 830//830 835//835 691//691
f 685//685 833//833 686//686
f 685//685 694//694 833//833
f 694//694 839//839 833//833
f 684//684 685//685 686//686
f 687//687 689//689 688//688
f 690//690 688//688 689//689
f 691//691 690//690 689//689
f 691//691 835//835 836//836
f 691//691 836//836 690//690
f 690//690 836//836 692//692
f 693//693 692//692 838//838
f 692//692 836//836 838//838
f 838//838 696//696 693//693
f 841//841 696//696 838//838
f 695//695 842//842 840//840
f 697//697 842//842 695//695
f 839//839 694//694 695//695
f 840//840 839//839 695//695
f 696//696 841//841 843//843
f 698//698 696//696 843//843
f 842//842 697//697 698//698
f 843//843 842//842 698//698
f 703//703 845//845 848//848
f 703//703 701//701 699//699
f 703//703 699//699 845//845
f 845//845 699//699 846//846
f 700//700 847//847 699//699
f 699//699 847//847 846//846
f 847//847 700//700 704//704
f 849//849 847//847 704//704
f 702//702 703//703 848//848
f 702//702 848//848 706//706
f 706//706 848//848 851//851
f 701//701 703//703 702//702
f 704//704 850//850 849//849
f 705//705 850//850 704//704
f 850//850 705//705 707//707
f 852//852 850//850 707//707
f 706//706 851//851 708//708
f 851//851 853//853 708//708
f 707//707 710//710 852//852
f 852//852 710//710 855//855
f 708//708 853//853 854//854
f 709//709 708//708 854//854
f 854//854 711//711 709//709
f 857//857 711//711 854//854
f 716//716 859//859 856//856
f 716//716 856//856 855//855
f 716//716 855//855 714//714
f 714//714 855//855 710//710
f 711//711 857//857 858//858
f 712//712 711//711 858//858
f 713//713 712//712 860//860
f 712//712 858//858 860//860
f 859//859 716//716 715//715
f 859//859 715//715 860//860
f 860//860 715//715 713//713
f 714//714 715//715 716//716
f 719//719 861//861 862//862
f 861//861 719//719 864//864
f 717//717 863//863 867//867
f 722//722 717//717 867//867
f 862//862 718//718 719//719
f 862//862 863//863 718//718
f 863//863 717//717 718//718
f 719//719 866//866 864//864
f 719//719 718//718 866//866
f 718//718 720//720 866//866
f 724//724 869//869 866//866
f 724//724 866//866 721//721
f 721//721 866//866 720//720
f 721//721 723//723 724//724
f 726//726 868//868 871//871
f 726//726 867//867 868//868
f 726//726 725//725 867//867
f 725//725 722//722 867//867
f 724//724 870//870 869//869
f 870//870 724//724 723//723
f 870//870 723//723 872//872
f 872//872 723//723 727//727
f 729//729 726//726 871//871
f 873//873 729//729 871//871
f 725//725 729//729 728//728
f 726//726 729//729 725//725
f 727//727 730//730 872//872
f 872//872 730//730 875//875
f 729//729 873//873 874//874
f 874//874 728//728 729//729
f 874//874 878//878 728//728
f 878//878 732//732 728//728
f 731//731 881//881 876//876
f 735//735 881//881 731//731
f 875//875 730//730 731//731
f 876//876 875//875 731//731
f 732//732 878//878 879//879
f 733//733 732//732 879//879
f 734//734 733//733 880//880
f 733//733 879//879 880//880
f 736//736 734//734 882//882
f 734//734 880//880 882//882
f 881//881 735//735 736//736
f 882//882 881//881 736//736
f 737//737 743//743 742//742
f 887//887 743//743 737//737
f 887//887 737//737 883//883
f 883//883 737//737 738//738
f 739//739 884//884 738//738
f 738//738 884//884 883//883
f 740//740 885//885 739//739
f 739//739 885//885 884//884
f 741//741 886//886 740//740
f 740//740 886//886 885//885
f 886//886 741//741 744//744
f 892//892 886//886 744//744
f 743//743 888//888 895//895
f 743//743 895//895 742//742
f 742//742 895//895 746//746
f 887//887 888//888 743//743
f 744//744 894//894 892//892
f 745//745 894//894 744//744
f 894//894 745//745 748//748
f 897//897 894//894 748//748
f 747//747 896//896 899//899
f 750//750 747//747 899//899
f 895//895 747//747 746//746
f 896//896 747//747 895//895
f 748//748 898//898 897//897
f 749//749 898//898 748//748
f 898//898 749//749 751//751
f 900//900 898//898 751//751
f 750//750 899//899 752//752
f 899//899 902//902 752//752
f 901//901 753//753 754//754
f 901//901 900//900 753//753
f 900//900 751//751 753//753
f 901//901 754//754 903//903
f 752//752 902//902 755//755
f 902//902 905//905 755//755
f 754//754 906//906 904//904
f 754//754 753//753 906//906
f 753//753 757//757 906//906
f 903//903 754//754 904//904
f 756//756 761//761 759//759
f 756//756 909//909 761//761
f 756//756 755//755 909//909
f 755//755 905//905 909//909
f 758//758 910//910 907//907
f 762//762 910//910 758//758
f 906//906 757//757 758//758
f 907//907 906//906 758//758
f 759//759 761//761 760//760
f 761//761 763//763 760//760
f 761//761 909//909 763//763
f 909//909 912//912 763//763
f 762//762 765//765 910//910
f 910//910 765//765 914//914
f 763//763 912//912 767//767
f 912//912 916//916 767//767
f 764//764 918//918 913//913
f 770//770 918//918 764//764
f 766//766 764//764 915//915
f 764//764 913//913 915//915
f 914//914 765//765 766//766
f 915//915 914//914 766//766
f 773//773 768//768 767//767
f 773//773 767//767 921//921
f 921//921 767//767 916//916
f 768//768 773//773 772//772
f 769//769 924//924 917//917
f 775//775 924//924 769//769
f 771//771 769//769 919//919
f 769//769 917//917 919//919
f 918//918 770//770 771//771
f 919//919 918//918 771//771
f 773//773 921//921 922//922
f 772//772 773//773 922//922
f 772//772 922//922 774//774
f 774//774 922//922 923//923
f 776//776 774//774 925//925
f 774//774 923//923 925//925
f 924//924 775//775 776//776
f 925//925 924//924 776//776
f 786//786 931//931 939//939
f 786//786 784//784 777//777
f 786//786 777//777 931//931
f 931//931 777//777 932//932
f 932//932 777//777 787//787
f 942//942 932//932 787//787
f 778//778 791//791 789//789
f 943//943 791//791 778//778
f 943//943 778//778 933//933
f 933//933 778//778 779//779
f 780//780 934//934 779//779
f 779//779 934//934 933//933
f 781//781 935//935 780//780
f 780//780 935//935 934//934
f 782//782 936//936 781//781
f 781//781 936//936 935//935
f 792//792 794//794 937//937
f 792//792 937//937 782//782
f 782//782 937//937 936//936
f 937//937 794//794 945//945
f 797//797 938//938 947//947
f 797//797 795//795 783//783
f 797//797 783//783 938//938
f 938//938 783//783 940//940
f 939//939 785//785 786//786
f 939//939 940//940 785//785
f 940//940 783//783 785//785
f 784//784 786//786 785//785
f 799//799 787//787 788//788
f 799//799 948//948 787//787
f 948//948 942//942 787//787
f 788//788 798//798 799//799
f 790//790 802//802 800//800
f 790//790 951//951 802//802
f 789//789 951//951 790//790
f 789//789 944//944 951//951
f 789//789 791//791 944//944
f 943//943 944//944 791//791
f 792//792 793//793 794//794
f 794//794 793//793 803//803
f 794//794 803//803 945//945
f 945//945 803//803 954//954
f 796//796 797//797 947//947
f 796//796 947//947 805//805
f 805//805 947//947 958//958
f 795//795 797//797 796//796
f 799//799 949//949 948//948
f 806//806 961//961 949//949
f 801//801 806//806 949//949
f 801//801 949//949 799//799
f 801//801 799//799 798//798
f 801//801 962//962 806//806
f 800//800 962//962 801//801
f 800//800 952//952 962//962
f 800//800 802//802 952//952
f 951//951 952//952 802//802
f 804//804 964//964 955//955
f 807//807 964//964 804//804
f 954//954 803//803 804//804
f 955//955 954//954 804//804
f 810//810 959//959 966//966
f 810//810 958//958 959//959
f 810//810 809//809 958//958
f 809//809 805//805 958//958
f 811//811 961//961 806//806
f 968//968 961//961 811//811
f 970//970 806//806 962//962
f 811//811 806//806 970//970
f 808//808 972//972 965//965
f 812//812 972//972 808//808
f 964//964 807//807 808//808
f 965//965 964//964 808//808
f 810//810 966//966 967//967
f 967//967 809//809 810//810
f 967//967 973//973 809//809
f 973//973 813//813 809//809
f 814//814 968//968 811//811
f 974//974 968//968 814//814
f 977//977 811//811 970//970
f 814//814 811//811 977//977
f 812//812 815//815 972//972
f 972//972 815//815 978//978
f 813//813 973//973 817//817
f 973//973 980//980 817//817
f 819//819 985//985 975//975
f 974//974 819//819 975//975
f 974//974 814//814 819//819
f 814//814 820//820 819//819
f 988//988 814//814 977//977
f 820//820 814//814 988//988
f 816//816 989//989 979//979
f 821//821 989//989 816//816
f 978//978 815//815 816//816
f 979//979 978//978 816//816
f 817//817 980//980 981//981
f 818//818 817//817 981//981
f 823//823 983//983 825//825
f 823//823 818//818 983//983
f 818//818 981//981 983//983
f 825//825 984//984 827//827
f 983//983 984//984 825//825
f 827//827 986//986 829//829
f 984//984 986//986 827//827
f 985//985 829//829 986//986
f 985//985 819//819 829//829
f 819//819 831//831 829//829
f 820//820 832//832 819//819
f 832//832 831//831 819//819
f 991//991 820//820 988//988
f 832//832 820//820 991//991
f 822//822 833//833 834//834
f 822//822 834//834 993//993
f 822//822 993//993 821//821
f 821//821 993//993 989//989
f 823//823 825//825 824//824
f 826//826 824//824 825//825
f 827//827 826//826 825//825
f 828//828 826//826 827//827
f 829//829 828//828 827//827
f 830//830 828//828 829//829
f 831//831 830//830 829//829
f 835//835 830//830 831//831
f 835//835 831//831 837//837
f 837//837 831//831 832//832
f 995//995 832//832 991//991
f 837//837 832//832 995//995
f 834//834 998//998 994//994
f 834//834 833//833 998//998
f 833//833 839//839 998//998
f 993//993 834//834 994//994
f 835//835 837//837 836//836
f 837//837 995//995 996//996
f 837//837 996//996 836//836
f 836//836 996//996 838//838
f 996//996 841//841 838//838
f 1000//1000 841//841 996//996
f 840//840 842//842 844//844
f 840//840 844//844 1003//1003
f 840//840 1003//1003 839//839
f 839//839 1003//1003 998//998
f 841//841 1000//1000 1001//1001
f 843//843 841//841 1001//1001
f 844//844 842//842 843//843
f 844//844 843//843 1004//1004
f 1004//1004 843//843 1001//1001
f 1003//1003 844//844 1004//1004
f 845//845 1005//1005 1008//1008
f 848//848 845//845 1008//1008
f 846//846 1006//1006 845//845
f 845//845 1006//1006 1005//1005
f 847//847 1007//1007 846//846
f 846//846 1007//1007 1006//1006
f 1007//1007 847//847 849//849
f 1009//1009 1007//1007 849//849
f 848//848 1008//1008 851//851
f 1008//1008 1011//1011 851//851
f 849//849 1010//1010 1009//1009
f 850//850 1010//1010 849//849
f 1010//1010 850//850 852//852
f 1012//1012 1010//1010 852//852
f 851//851 1011//1011 853//853
f 1011//1011 1013//1013 853//853
f 852//852 855//855 1012//1012
f 1012//1012 855//855 1015//1015
f 853//853 1013//1013 1014//1014
f 854//854 853//853 1014//1014
f 1014//1014 857//857 854//854
f 1017//1017 857//857 1014//1014
f 856//856 1019//1019 1016//1016
f 859//859 1019//1019 856//856
f 1015//1015 855//855 856//856
f 1016//1016 1015//1015 856//856
f 857//857 1017//1017 1018//1018
f 858//858 857//857 1018//1018
f 860//860 858//858 1020//1020
f 858//858 1018//1018 1020//1020
f 1019//1019 859//859 860//860
f 1020//1020 1019//1019 860//860
f 861//861 865//865 862//862
f 861//861 864//864 865//865
f 863//863 1021//1021 1024//1024
f 867//867 863//863 1024//1024
f 865//865 863//863 862//862
f 865//865 1022//1022 863//863
f 1022//1022 1021//1021 863//863
f 864//864 1022//1022 865//865
f 864//864 866//866 1022//1022
f 866//866 1023//1023 1022//1022
f 1023//1023 866//866 869//869
f 1027//1027 1023//1023 869//869
f 868//868 1025//1025 1029//1029
f 871//871 868//868 1029//1029
f 1024//1024 868//868 867//867
f 1025//1025 868//868 1024//1024
f 869//869 1028//1028 1027//1027
f 870//870 1028//1028 869//869
f 1028//1028 870//870 872//872
f 1030//1030 1028//1028 872//872
f 871//871 1029//1029 873//873
f 1029//1029 1033//1033 873//873
f 877//877 1035//1035 1031//1031
f 877//877 1031//1031 1030//1030
f 877//877 1030//1030 875//875
f 875//875 1030//1030 872//872
f 873//873 1033//1033 1034//1034
f 874//874 873//873 1034//1034
f 1034//1034 878//878 874//874
f 1036//1036 878//878 1034//1034
f 876//876 1035//1035 877//877
f 876//876 881//881 1035//1035
f 881//881 1039//1039 1035//1035
f 875//875 876//876 877//877
f 878//878 1036//1036 1037//1037
f 879//879 878//878 1037//1037
f 880//880 879//879 1038//1038
f 879//879 1037//1037 1038//1038
f 882//882 880//880 1040//1040
f 880//880 1038//1038 1040//1040
f 1039//1039 881//881 882//882
f 1040//1040 1039//1039 882//882
f 883//883 889//889 887//887
f 883//883 884//884 890//890
f 889//889 883//883 890//890
f 884//884 885//885 891//891
f 890//890 884//884 891//891
f 885//885 886//886 893//893
f 891//891 885//885 893//893
f 886//886 892//892 893//893
f 888//888 1041//1041 1047//1047
f 895//895 888//888 1047//1047
f 889//889 888//888 887//887
f 889//889 1042//1042 888//888
f 1042//1042 1041//1041 888//888
f 890//890 1042//1042 889//889
f 1043//1043 1042//1042 890//890
f 891//891 1043//1043 890//890
f 1044//1044 1043//1043 891//891
f 893//893 1044//1044 891//891
f 1045//1045 1044//1044 893//893
f 892//892 1045//1045 893//893
f 892//892 894//894 1045//1045
f 894//894 1046//1046 1045//1045
f 1046//1046 894//894 897//897
f 1052//1052 1046//1046 897//897
f 896//896 1048//1048 1055//1055
f 899//899 896//896 1055//1055
f 1047//1047 896//896 895//895
f 1048//1048 896//896 1047//1047
f 897//897 1054//1054 1052//1052
f 898//898 1054//1054 897//897
f 1054//1054 898//898 900//900
f 1056//1056 1054//1054 900//900
f 899//899 1055//1055 902//902
f 1055//1055 1058//1058 902//902
f 900//900 1057//1057 1056//1056
f 901//901 1057//1057 900//900
f 1057//1057 901//901 903//903
f 1059//1059 1057//1057 903//903
f 902//902 1058//1058 905//905
f 1058//1058 1060//1060 905//905
f 904//904 906//906 908//908
f 904//904 908//908 1061//1061
f 904//904 1061//1061 903//903
f 903//903 1061//1061 1059//1059
f 905//905 1060//1060 909//909
f 1060//1060 1063//1063 909//909
f 907//907 910//910 911//911
f 907//907 911//911 1064//1064
f 906//906 907//907 1064//1064
f 906//906 1064//1064 1062//1062
f 906//906 1062//1062 908//908
f 1061//1061 908//908 1062//1062
f 909//909 1063//1063 912//912
f 1063//1063 1068//1068 912//912
f 911//911 1069//1069 1065//1065
f 911//911 910//910 1069//1069
f 910//910 914//914 1069//1069
f 1064//1064 911//911 1065//1065
f 912//912 1068//1068 916//916
f 1068//1068 1072//1072 916//916
f 913//913 918//918 920//920
f 1074//1074 913//913 920//920
f 1074//1074 1070//1070 913//913
f 1070//1070 915//915 913//913
f 1069//1069 914//914 915//915
f 1070//1070 1069//1069 915//915
f 916//916 1072//1072 921//921
f 1072//1072 1076//1076 921//921
f 917//917 924//924 926//926
f 1079//1079 917//917 926//926
f 1079//1079 1073//1073 917//917
f 1073//1073 919//919 917//917
f 920//920 918//918 919//919
f 920//920 919//919 1075//1075
f 1075//1075 919//919 1073//1073
f 1074//1074 920//920 1075//1075
f 921//921 1076//1076 1077//1077
f 922//922 921//921 1077//1077
f 927//927 1077//1077 1081//1081
f 927//927 923//923 1077//1077
f 923//923 922//922 1077//1077
f 923//923 928//928 925//925
f 927//927 928//928 923//923
f 925//925 928//928 1082//1082
f 924//924 925//925 1082//1082
f 924//924 1082//1082 1080//1080
f 924//924 1080//1080 926//926
f 1079//1079 926//926 1080//1080
f 929//929 927//927 1081//1081
f 1083//1083 929//929 1081//1081
f 928//928 927//927 930//930
f 930//930 927//927 929//929
f 1085//1085 1082//1082 928//928
f 930//930 1085//1085 928//928
f 929//929 1083//1083 1084//1084
f 930//930 929//929 1084//1084
f 1086//1086 930//930 1084//1084
f 1085//1085 930//930 1086//1086
f 941//941 1087//1087 1096//1096
f 941//941 939//939 931//931
f 941//941 931//931 1087//1087
f 1087//1087 931//931 1088//1088
f 932//932 1089//1089 931//931
f 931//931 1089//1089 1088//1088
f 1089//1089 932//932 942//942
f 1098//1098 1089//1089 942//942
f 933//933 1090//1090 1100//1100
f 943//943 933//933 1100//1100
f 934//934 1091//1091 933//933
f 933//933 1091//1091 1090//1090
f 935//935 1092//1092 934//934
f 934//934 1092//1092 1091//1091
f 936//936 1093//1093 935//935
f 935//935 1093//1093 1092//1092
f 937//937 1094//1094 936//936
f 936//936 1094//1094 1093//1093
f 945//945 946//946 1095//1095
f 945//945 1095//1095 937//937
f 937//937 1095//1095 1094//1094
f 1095//1095 946//946 1103//1103
f 938//938 1097//1097 1105//1105
f 947//947 938//938 1105//1105
f 1096//1096 940//940 941//941
f 1096//1096 1097//1097 940//940
f 1097//1097 938//938 940//940
f 939//939 941//941 940//940
f 1099//1099 948//948 950//950
f 1099//1099 1098//1098 948//948
f 1098//1098 942//942 948//948
f 1099//1099 950//950 1107//1107
f 944//944 953//953 951//951
f 944//944 1109//1109 953//953
f 944//944 943//943 1109//1109
f 943//943 1100//1100 1109//1109
f 956//956 1111//1111 1102//1102
f 954//954 1102//1102 945//945
f 954//954 956//956 1102//1102
f 945//945 1102//1102 946//946
f 1112//1112 957//957 1102//1102
f 946//946 1102//1102 957//957
f 1113//1113 1103//1103 946//946
f 957//957 1113//1113 946//946
f 960//960 1106//1106 1116//1116
f 960//960 1105//1105 1106//1106
f 960//960 958//958 1105//1105
f 958//958 947//947 1105//1105
f 948//948 949//949 950//950
f 950//950 949//949 961//961
f 950//950 961//961 1107//1107
f 1107//1107 961//961 1117//1117
f 952//952 963//963 962//962
f 952//952 1119//1119 963//963
f 951//951 1119//1119 952//952
f 951//951 1110//1110 1119//1119
f 951//951 953//953 1110//1110
f 1109//1109 1110//1110 953//953
f 955//955 1111//1111 956//956
f 955//955 964//964 1111//1111
f 964//964 1120//1120 1111//1111
f 957//957 1112//1112 1114//1114
f 954//954 955//955 956//956
f 1113//1113 957//957 1114//1114
f 959//959 960//960 1116//1116
f 959//959 1116//1116 966//966
f 966//966 1116//1116 1122//1122
f 958//958 960//960 959//959
f 969//969 1124//1124 1118//1118
f 969//969 1118//1118 1117//1117
f 969//969 1117//1117 968//968
f 968//968 1117//1117 961//961
f 963//963 971//971 970//970
f 962//962 963//963 970//970
f 1125//1125 963//963 1119//1119
f 971//971 963//963 1125//1125
f 965//965 1127//1127 1121//1121
f 972//972 1127//1127 965//965
f 1120//1120 964//964 965//965
f 1121//1121 1120//1120 965//965
f 966//966 1122//1122 1123//1123
f 967//967 966//966 1123//1123
f 1123//1123 973//973 967//967
f 1129//1129 973//973 1123//1123
f 976//976 1124//1124 969//969
f 1131//1131 1124//1124 976//976
f 968//968 974//974 976//976
f 969//969 968//968 976//976
f 971//971 1126//1126 1133//1133
f 971//971 1133//1133 970//970
f 970//970 1133//1133 977//977
f 1125//1125 1126//1126 971//971
f 972//972 978//978 1127//1127
f 1127//1127 978//978 1135//1135
f 1130//1130 982//982 980//980
f 1130//1130 980//980 1129//1129
f 1129//1129 980//980 973//973
f 1130//1130 1136//1136 982//982
f 987//987 1138//1138 1132//1132
f 1131//1131 987//987 1132//1132
f 976//976 987//987 1131//1131
f 976//976 985//985 987//987
f 976//976 975//975 985//985
f 974//974 975//975 976//976
f 977//977 1133//1133 988//988
f 1133//1133 1141//1141 988//988
f 979//979 989//989 990//990
f 979//979 990//990 1144//1144
f 979//979 1144//1144 978//978
f 978//978 1144//1144 1135//1135
f 980//980 982//982 981//981
f 982//982 1136//1136 1137//1137
f 982//982 1137//1137 981//981
f 981//981 1137//1137 983//983
f 984//984 983//983 1139//1139
f 983//983 1137//1137 1139//1139
f 1138//1138 987//987 986//986
f 1138//1138 986//986 1139//1139
f 1139//1139 986//986 984//984
f 985//985 986//986 987//987
f 1142//1142 992//992 991//991
f 1142//1142 991//991 1141//1141
f 1141//1141 991//991 988//988
f 1142//1142 1146//1146 992//992
f 990//990 1147//1147 1145//1145
f 990//990 989//989 1147//1147
f 989//989 993//993 1147//1147
f 1144//1144 990//990 1145//1145
f 992//992 997//997 995//995
f 991//991 992//992 995//995
f 1148//1148 992//992 1146//1146
f 997//997 992//992 1148//1148
f 994//994 998//998 999//999
f 994//994 999//999 1150//1150
f 994//994 1150//1150 993//993
f 993//993 1150//1150 1147//1147
f 995//995 997//997 996//996
f 1000//1000 1149//1149 1002//1002
f 996//996 1149//1149 1000//1000
f 996//996 1148//1148 1149//1149
f 996//996 997//997 1148//1148
f 1149//1149 1152//1152 1002//1002
f 999//999 1153//1153 1151//1151
f 999//999 998//998 1153//1153
f 998//998 1003//1003 1153//1153
f 1150//1150 999//999 1151//1151
f 1000//1000 1002//1002 1001//1001
f 1002//1002 1152//1152 1154//1154
f 1002//1002 1154//1154 1001//1001
f 1001//1001 1154//1154 1004//1004
f 1153//1153 1003//1003 1004//1004
f 1154//1154 1153//1153 1004//1004
f 1005//1005 1156//1156 1159//1159
f 1008//1008 1005//1005 1159//1159
f 1006//1006 1157//1157 1005//1005
f 1005//1005 1157//1157 1156//1156
f 1007//1007 1158//1158 1006//1006
f 1006//1006 1158//1158 1157//1157
f 1158//1158 1007//1007 1009//1009
f 1160//1160 1158//1158 1009//1009
f 1008//1008 1159//1159 1011//1011
f 1159//1159 1162//1162 1011//1011
f 1009//1009 1161//1161 1160//1160
f 1010//1010 1161//1161 1009//1009
f 1161//1161 1010//1010 1012//1012
f 1163//1163 1161//1161 1012//1012
f 1011//1011 1162//1162 1013//1013
f 1162//1162 1164//1164 1013//1013
f 1012//1012 1015//1015 1163//1163
f 1163//1163 1015//1015 1166//1166
f 1013//1013 1164//1164 1165//1165
f 1014//1014 1013//1013 1165//1165
f 1165//1165 1017//1017 1014//1014
f 1169//1169 1017//1017 1165//1165
f 1016//1016 1171//1171 1167//1167
f 1019//1019 1171//1171 1016//1016
f 1166//1166 1015//1015 1016//1016
f 1167//1167 1166//1166 1016//1016
f 1017//1017 1169//1169 1170//1170
f 1018//1018 1017//1017 1170//1170
f 1020//1020 1018//1018 1172//1172
f 1018//1018 1170//1170 1172//1172
f 1171//1171 1019//1019 1020//1020
f 1172//1172 1171//1171 1020//1020
f 1026//1026 1174//1174 1178//1178
f 1026//1026 1024//1024 1021//1021
f 1026//1026 1021//1021 1174//1174
f 1174//1174 1021//1021 1175//1175
f 1022//1022 1176//1176 1021//1021
f 1021//1021 1176//1176 1175//1175
f 1023//1023 1177//1177 1022//1022
f 1022//1022 1177//1177 1176//1176
f 1177//1177 1023//1023 1027//1027
f 1179//1179 1177//1177 1027//1027
f 1025//1025 1026//1026 1178//1178
f 1025//1025 1178//1178 1029//1029
f 1029//1029 1178//1178 1180//1180
f 1024//1024 1026//1026 1025//1025
f 1032//1032 1027//1027 1028//1028
f 1032//1032 1181//1181 1027//1027
f 1181//1181 1179//1179 1027//1027
f 1028//1028 1030//1030 1032//1032
f 1029//1029 1180//1180 1033//1033
f 1180//1180 1182//1182 1033//1033
f 1031//1031 1181//1181 1032//1032
f 1031//1031 1035//1035 1181//1181
f 1035//1035 1184//1184 1181//1181
f 1030//1030 1031//1031 1032//1032
f 1033//1033 1182//1182 1183//1183
f 1034//1034 1033//1033 1183//1183
f 1183//1183 1036//1036 1034//1034
f 1185//1185 1036//1036 1183//1183
f 1035//1035 1039//1039 1184//1184
f 1184//1184 1039//1039 1189//1189
f 1036//1036 1185//1185 1187//1187
f 1037//1037 1036//1036 1187//1187
f 1038//1038 1037//1037 1188//1188
f 1037//1037 1187//1187 1188//1188
f 1040//1040 1038//1038 1190//1190
f 1038//1038 1188//1188 1190//1190
f 1189//1189 1039//1039 1040//1040
f 1190//1190 1189//1189 1040//1040
f 1041//1041 1192//1192 1194//1194
f 1047//1047 1041//1041 1194//1194
f 1042//1042 1193//1193 1041//1041
f 1041//1041 1193//1193 1192//1192
f 1049//1049 1196//1196 1193//1193
f 1049//1049 1193//1193 1043//1043
f 1043//1043 1193//1193 1042//1042
f 1043//1043 1044//1044 1050//1050
f 1049//1049 1043//1043 1050//1050
f 1044//1044 1045//1045 1051//1051
f 1050//1050 1044//1044 1051//1051
f 1045//1045 1046//1046 1053//1053
f 1051//1051 1045//1045 1053//1053
f 1046//1046 1052//1052 1053//1053
f 1048//1048 1195//1195 1203//1203
f 1055//1055 1048//1048 1203//1203
f 1194//1194 1048//1048 1047//1047
f 1195//1195 1048//1048 1194//1194
f 1049//1049 1198//1198 1196//1196
f 1050//1050 1198//1198 1049//1049
f 1199//1199 1198//1198 1050//1050
f 1051//1051 1199//1199 1050//1050
f 1200//1200 1199//1199 1051//1051
f 1053//1053 1200//1200 1051//1051
f 1201//1201 1200//1200 1053//1053
f 1052//1052 1201//1201 1053//1053
f 1052//1052 1054//1054 1201//1201
f 1054//1054 1202//1202 1201//1201
f 1202//1202 1054//1054 1056//1056
f 1207//1207 1202//1202 1056//1056
f 1055//1055 1203//1203 1058//1058
f 1203//1203 1210//1210 1058//1058
f 1056//1056 1209//1209 1207//1207
f 1057//1057 1209//1209 1056//1056
f 1209//1209 1057//1057 1059//1059
f 1211//1211 1209//1209 1059//1059
f 1058//1058 1210//1210 1060//1060
f 1210//1210 1213//1213 1060//1060
f 1059//1059 1061//1061 1211//1211
f 1211//1211 1061//1061 1214//1214
f 1060//1060 1213//1213 1063//1063
f 1213//1213 1216//1216 1063//1063
f 1062//1062 1064//1064 1066//1066
f 1215//1215 1214//1214 1061//1061
f 1215//1215 1061//1061 1066//1066
f 1215//1215 1066//1066 1067//1067
f 1066//1066 1061//1061 1062//1062
f 1215//1215 1067//1067 1219//1219
f 1063//1063 1216//1216 1068//1068
f 1216//1216 1221//1221 1068//1068
f 1065//1065 1069//1069 1071//1071
f 1065//1065 1071//1071 1224//1224
f 1064//1064 1065//1065 1224//1224
f 1064//1064 1224//1224 1218//1218
f 1064//1064 1218//1218 1066//1066
f 1067//1067 1066//1066 1218//1218
f 1220//1220 1067//1067 1218//1218
f 1219//1219 1067//1067 1220//1220
f 1068//1068 1221//1221 1072//1072
f 1221//1221 1227//1227 1072//1072
f 1070//1070 1231//1231 1223//1223
f 1074//1074 1231//1231 1070//1070
f 1071//1071 1069//1069 1070//1070
f 1071//1071 1070//1070 1225//1225
f 1225//1225 1070//1070 1223//1223
f 1224//1224 1071//1071 1225//1225
f 1228//1228 1078//1078 1076//1076
f 1228//1228 1076//1076 1227//1227
f 1227//1227 1076//1076 1072//1072
f 1228//1228 1234//1234 1078//1078
f 1073//1073 1235//1235 1230//1230
f 1079//1079 1235//1235 1073//1073
f 1075//1075 1073//1073 1232//1232
f 1073//1073 1230//1230 1232//1232
f 1231//1231 1074//1074 1075//1075
f 1232//1232 1231//1231 1075//1075
f 1076//1076 1078//1078 1077//1077
f 1078//1078 1081//1081 1077//1077
f 1078//1078 1234//1234 1081//1081
f 1234//1234 1238//1238 1081//1081
f 1080//1080 1239//1239 1236//1236
f 1082//1082 1239//1239 1080//1080
f 1235//1235 1079//1079 1080//1080
f 1236//1236 1235//1235 1080//1080
f 1081//1081 1238//1238 1083//1083
f 1238//1238 1241//1241 1083//1083
f 1082//1082 1085//1085 1239//1239
f 1239//1239 1085//1085 1244//1244
f 1083//1083 1241//1241 1242//1242
f 1084//1084 1083//1083 1242//1242
f 1086//1086 1084//1084 1245//1245
f 1084//1084 1242//1242 1245//1245
f 1244//1244 1085//1085 1086//1086
f 1245//1245 1244//1244 1086//1086
f 1087//1087 1249//1249 1256//1256
f 1096//1096 1087//1087 1256//1256
f 1088//1088 1250//1250 1087//1087
f 1087//1087 1250//1250 1249//1249
f 1089//1089 1251//1251 1088//1088
f 1088//1088 1251//1251 1250//1250
f 1251//1251 1089//1089 1098//1098
f 1259//1259 1251//1251 1098//1098
f 1090//1090 1101//1101 1100//1100
f 1260//1260 1101//1101 1090//1090
f 1260//1260 1090//1090 1252//1252
f 1252//1252 1090//1090 1091//1091
f 1092//1092 1253//1253 1091//1091
f 1091//1091 1253//1253 1252//1252
f 1093//1093 1254//1254 1092//1092
f 1092//1092 1254//1254 1253//1253
f 1094//1094 1255//1255 1093//1093
f 1093//1093 1255//1255 1254//1254
f 1104//1104 1262//1262 1255//1255
f 1104//1104 1255//1255 1095//1095
f 1095//1095 1255//1255 1094//1094
f 1095//1095 1103//1103 1104//1104
f 1097//1097 1257//1257 1265//1265
f 1105//1105 1097//1097 1265//1265
f 1256//1256 1097//1097 1096//1096
f 1257//1257 1097//1097 1256//1256
f 1108//1108 1098//1098 1099//1099
f 1108//1108 1268//1268 1098//1098
f 1268//1268 1259//1259 1098//1098
f 1099//1099 1107//1107 1108//1108
f 1101//1101 1261//1261 1270//1270
f 1101//1101 1270//1270 1100//1100
f 1100//1100 1270//1270 1109//1109
f 1260//1260 1261//1261 1101//1101
f 1102//1102 1272//1272 1263//1263
f 1111//1111 1272//1272 1102//1102
f 1112//1112 1104//1104 1115//1115
f 1112//1112 1263//1263 1104//1104
f 1112//1112 1102//1102 1263//1263
f 1263//1263 1262//1262 1104//1104
f 1103//1103 1113//1113 1115//1115
f 1104//1104 1103//1103 1115//1115
f 1106//1106 1266//1266 1274//1274
f 1116//1116 1106//1106 1274//1274
f 1265//1265 1106//1106 1105//1105
f 1266//1266 1106//1106 1265//1265
f 1108//1108 1269//1269 1268//1268
f 1269//1269 1108//1108 1107//1107
f 1269//1269 1107//1107 1275//1275
f 1275//1275 1107//1107 1117//1117
f 1110//1110 1271//1271 1278//1278
f 1119//1119 1110//1110 1278//1278
f 1270//1270 1110//1110 1109//1109
f 1271//1271 1110//1110 1270//1270
f 1111//1111 1120//1120 1272//1272
f 1272//1272 1120//1120 1280//1280
f 1112//1112 1115//1115 1114//1114
f 1113//1113 1114//1114 1115//1115
f 1116//1116 1274//1274 1122//1122
f 1274//1274 1282//1282 1122//1122
f 1118//1118 1284//1284 1276//1276
f 1124//1124 1284//1284 1118//1118
f 1275//1275 1117//1117 1118//1118
f 1276//1276 1275//1275 1118//1118
f 1119//1119 1278//1278 1125//1125
f 1278//1278 1285//1285 1125//1125
f 1121//1121 1127//1127 1128//1128
f 1121//1121 1128//1128 1286//1286
f 1121//1121 1286//1286 1120//1120
f 1120//1120 1286//1286 1280//1280
f 1122//1122 1282//1282 1283//1283
f 1123//1123 1122//1122 1283//1283
f 1283//1283 1129//1129 1123//1123
f 1289//1289 1129//1129 1283//1283
f 1124//1124 1131//1131 1284//1284
f 1284//1284 1131//1131 1292//1292
f 1126//1126 1134//1134 1133//1133
f 1126//1126 1294//1294 1134//1134
f 1126//1126 1125//1125 1294//1294
f 1125//1125 1285//1285 1294//1294
f 1128//1128 1295//1295 1287//1287
f 1128//1128 1127//1127 1295//1295
f 1127//1127 1135//1135 1295//1295
f 1286//1286 1128//1128 1287//1287
f 1129//1129 1289//1289 1290//1290
f 1130//1130 1129//1129 1290//1290
f 1290//1290 1136//1136 1130//1130
f 1296//1296 1136//1136 1290//1290
f 1140//1140 1297//1297 1291//1291
f 1140//1140 1132//1132 1138//1138
f 1140//1140 1291//1291 1132//1132
f 1291//1291 1293//1293 1132//1132
f 1292//1292 1131//1131 1132//1132
f 1293//1293 1292//1292 1132//1132
f 1134//1134 1143//1143 1141//1141
f 1133//1133 1134//1134 1141//1141
f 1300//1300 1134//1134 1294//1294
f 1143//1143 1134//1134 1300//1300
f 1135//1135 1144//1144 1295//1295
f 1295//1295 1144//1144 1301//1301
f 1136//1136 1296//1296 1298//1298
f 1137//1137 1136//1136 1298//1298
f 1297//1297 1140//1140 1139//1139
f 1297//1297 1139//1139 1298//1298
f 1298//1298 1139//1139 1137//1137
f 1138//1138 1139//1139 1140//1140
f 1141//1141 1143//1143 1142//1142
f 1143//1143 1146//1146 1142//1142
f 1143//1143 1300//1300 1146//1146
f 1300//1300 1303//1303 1146//1146
f 1145//1145 1305//1305 1302//1302
f 1147//1147 1305//1305 1145//1145
f 1301//1301 1144//1144 1145//1145
f 1302//1302 1301//1301 1145//1145
f 1146//1146 1303//1303 1148//1148
f 1303//1303 1307//1307 1148//1148
f 1147//1147 1150//1150 1305//1305
f 1305//1305 1150//1150 1311//1311
f 1148//1148 1307//1307 1308//1308
f 1149//1149 1148//1148 1308//1308
f 1152//1152 1310//1310 1155//1155
f 1152//1152 1149//1149 1310//1310
f 1149//1149 1308//1308 1310//1310
f 1155//1155 1151//1151 1153//1153
f 1155//1155 1310//1310 1151//1151
f 1310//1310 1312//1312 1151//1151
f 1311//1311 1150//1150 1151//1151
f 1312//1312 1311//1311 1151//1151
f 1152//1152 1155//1155 1154//1154
f 1153//1153 1154//1154 1155//1155
f 1156//1156 1313//1313 1316//1316
f 1159//1159 1156//1156 1316//1316
f 1157//1157 1314//1314 1156//1156
f 1156//1156 1314//1314 1313//1313
f 1158//1158 1315//1315 1157//1157
f 1157//1157 1315//1315 1314//1314
f 1315//1315 1158//1158 1160//1160
f 1317//1317 1315//1315 1160//1160
f 1159//1159 1316//1316 1162//1162
f 1316//1316 1319//1319 1162//1162
f 1160//1160 1318//1318 1317//1317
f 1161//1161 1318//1318 1160//1160
f 1318//1318 1161//1161 1163//1163
f 1320//1320 1318//1318 1163//1163
f 1162//1162 1319//1319 1164//1164
f 1319//1319 1323//1323 1164//1164
f 1168//1168 1325//1325 1321//1321
f 1168//1168 1321//1321 1320//1320
f 1168//1168 1320//1320 1166//1166
f 1166//1166 1320//1320 1163//1163
f 1164//1164 1323//1323 1324//1324
f 1165//1165 1164//1164 1324//1324
f 1324//1324 1169//1169 1165//1165
f 1327//1327 1169//1169 1324//1324
f 1173//1173 1328//1328 1326//1326
f 1325//1325 1173//1173 1326//1326
f 1168//1168 1173//1173 1325//1325
f 1168//1168 1171//1171 1173//1173
f 1168//1168 1167//1167 1171//1171
f 1166//1166 1167//1167 1168//1168
f 1169//1169 1327//1327 1329//1329
f 1170//1170 1169//1169 1329//1329
f 1328//1328 1173//1173 1172//1172
f 1328//1328 1172//1172 1329//1329
f 1329//1329 1172//1172 1170//1170
f 1171//1171 1172//1172 1173//1173
f 1174//1174 1331//1331 1335//1335
f 1178//1178 1174//1174 1335//1335
f 1175//1175 1332//1332 1174//1174
f 1174//1174 1332//1332 1331//1331
f 1176//1176 1333//1333 1175//1175
f 1175//1175 1333//1333 1332//1332
f 1177//1177 1334//1334 1176//1176
f 1176//1176 1334//1334 1333//1333
f 1334//1334 1177//1177 1179//1179
f 1336//1336 1334//1334 1179//1179
f 1178//1178 1335//1335 1180//1180
f 1335//1335 1338//1338 1180//1180
f 1179//1179 1181//1181 1336//1336
f 1336//1336 1181//1181 1339//1339
f 1180//1180 1338//1338 1182//1182
f 1338//1338 1340//1340 1182//1182
f 1181//1181 1184//1184 1339//1339
f 1339//1339 1184//1184 1341//1341
f 1186//1186 1183//1183 1182//1182
f 1186//1186 1182//1182 1343//1343
f 1343//1343 1182//1182 1340//1340
f 1183//1183 1186//1186 1185//1185
f 1191//1191 1346//1346 1342//1342
f 1191//1191 1342//1342 1341//1341
f 1191//1191 1341//1341 1189//1189
f 1189//1189 1341//1341 1184//1184
f 1186//1186 1343//1343 1344//1344
f 1185//1185 1186//1186 1344//1344
f 1185//1185 1344//1344 1187//1187
f 1187//1187 1344//1344 1345//1345
f 1188//1188 1187//1187 1347//1347
f 1187//1187 1345//1345 1347//1347
f 1346//1346 1191//1191 1190//1190
f 1346//1346 1190//1190 1347//1347
f 1347//1347 1190//1190 1188//1188
f 1189//1189 1190//1190 1191//1191
f 1192//1192 1348//1348 1349//1349
f 1194//1194 1192//1192 1349//1349
f 1197//1197 1352//1352 1348//1348
f 1197//1197 1348//1348 1193//1193
f 1193//1193 1348//1348 1192//1192
f 1193//1193 1196//1196 1197//1197
f 1195//1195 1350//1350 1356//1356
f 1203//1203 1195//1195 1356//1356
f 1349//1349 1195//1195 1194//1194
f 1350//1350 1195//1195 1349//1349
f 1197//1197 1354//1354 1352//1352
f 1196//1196 1354//1354 1197//1197
f 1196//1196 1198//1198 1354//1354
f 1198//1198 1355//1355 1354//1354
f 1204//1204 1357//1357 1355//1355
f 1204//1204 1355//1355 1199//1199
f 1199//1199 1355//1355 1198//1198
f 1199//1199 1200//1200 1205//1205
f 1204//1204 1199//1199 1205//1205
f 1200//1200 1201//1201 1206//1206
f 1205//1205 1200//1200 1206//1206
f 1201//1201 1202//1202 1208//1208
f 1206//1206 1201//1201 1208//1208
f 1202//1202 1207//1207 1208//1208
f 1203//1203 1356//1356 1210//1210
f 1356//1356 1362//1362 1210//1210
f 1204//1204 1358//1358 1357//1357
f 1205//1205 1358//1358 1204//1204
f 1359//1359 1358//1358 1205//1205
f 1206//1206 1359//1359 1205//1205
f 1360//1360 1359//1359 1206//1206
f 1208//1208 1360//1360 1206//1206
f 1361//1361 1360//1360 1208//1208
f 1212//1212 1366//1366 1361//1361
f 1209//1209 1212//1212 1361//1361
f 1209//1209 1361//1361 1208//1208
f 1209//1209 1208//1208 1207//1207
f 1209//1209 1211//1211 1212//1212
f 1210//1210 1362//1362 1213//1213
f 1362//1362 1369//1369 1213//1213
f 1212//1212 1368//1368 1366//1366
f 1368//1368 1212//1212 1211//1211
f 1368//1368 1211//1211 1371//1371
f 1371//1371 1211//1211 1214//1214
f 1370//1370 1217//1217 1216//1216
f 1370//1370 1216//1216 1369//1369
f 1369//1369 1216//1216 1213//1213
f 1370//1370 1374//1374 1217//1217
f 1214//1214 1373//1373 1371//1371
f 1215//1215 1373//1373 1214//1214
f 1373//1373 1215//1215 1219//1219
f 1376//1376 1373//1373 1219//1219
f 1217//1217 1222//1222 1221//1221
f 1216//1216 1217//1217 1221//1221
f 1378//1378 1217//1217 1374//1374
f 1222//1222 1217//1217 1378//1378
f 1218//1218 1224//1224 1226//1226
f 1381//1381 1218//1218 1226//1226
f 1381//1381 1377//1377 1218//1218
f 1377//1377 1220//1220 1218//1218
f 1376//1376 1219//1219 1220//1220
f 1377//1377 1376//1376 1220//1220
f 1222//1222 1229//1229 1227//1227
f 1221//1221 1222//1222 1227//1227
f 1384//1384 1222//1222 1378//1378
f 1229//1229 1222//1222 1384//1384
f 1223//1223 1231//1231 1233//1233
f 1386//1386 1223//1223 1233//1233
f 1386//1386 1380//1380 1223//1223
f 1380//1380 1225//1225 1223//1223
f 1226//1226 1224//1224 1225//1225
f 1226//1226 1225//1225 1382//1382
f 1382//1382 1225//1225 1380//1380
f 1381//1381 1226//1226 1382//1382
f 1227//1227 1229//1229 1228//1228
f 1229//1229 1234//1234 1228//1228
f 1229//1229 1384//1384 1234//1234
f 1384//1384 1390//1390 1234//1234
f 1230//1230 1235//1235 1237//1237
f 1391//1391 1230//1230 1237//1237
f 1391//1391 1385//1385 1230//1230
f 1385//1385 1232//1232 1230//1230
f 1233//1233 1231//1231 1232//1232
f 1233//1233 1232//1232 1387//1387
f 1387//1387 1232//1232 1385//1385
f 1386//1386 1233//1233 1387//1387
f 1234//1234 1390//1390 1238//1238
f 1390//1390 1394//1394 1238//1238
f 1236//1236 1239//1239 1240//1240
f 1236//1236 1240//1240 1397//1397
f 1235//1235 1236//1236 1397//1397
f 1235//1235 1397//1397 1392//1392
f 1235//1235 1392//1392 1237//1237
f 1391//1391 1237//1237 1392//1392
f 1395//1395 1243//1243 1241//1241
f 1395//1395 1241//1241 1394//1394
f 1394//1394 1241//1241 1238//1238
f 1395//1395 1398//1398 1243//1243
f 1240//1240 1244//1244 1246//1246
f 1239//1239 1244//1244 1240//1240
f 1399//1399 1397//1397 1240//1240
f 1246//1246 1399//1399 1240//1240
f 1241//1241 1243//1243 1242//1242
f 1243//1243 1245//1245 1242//1242
f 1243//1243 1400//1400 1245//1245
f 1243//1243 1398//1398 1400//1400
f 1400//1400 1247//1247 1245//1245
f 1245//1245 1246//1246 1244//1244
f 1245//1245 1247//1247 1246//1246
f 1247//1247 1248//1248 1246//1246
f 1403//1403 1399//1399 1246//1246
f 1248//1248 1403//1403 1246//1246
f 1247//1247 1400//1400 1401//1401
f 1248//1248 1247//1247 1401//1401
f 1404//1404 1248//1248 1401//1401
f 1403//1403 1248//1248 1404//1404
f 1258//1258 1407//1407 1416//1416
f 1258//1258 1256//1256 1249//1249
f 1258//1258 1249//1249 1407//1407
f 1407//1407 1249//1249 1408//1408
f 1250//1250 1409//1409 1249//1249
f 1249//1249 1409//1409 1408//1408
f 1251//1251 1410//1410 1250//1250
f 1250//1250 1410//1410 1409//1409
f 1410//1410 1251//1251 1259//1259
f 1418//1418 1410//1410 1259//1259
f 1252//1252 1411//1411 1419//1419
f 1260//1260 1252//1252 1419//1419
f 1253//1253 1412//1412 1252//1252
f 1252//1252 1412//1412 1411//1411
f 1254//1254 1413//1413 1253//1253
f 1253//1253 1413//1413 1412//1412
f 1255//1255 1414//1414 1254//1254
f 1254//1254 1414//1414 1413//1413
f 1262//1262 1264//1264 1415//1415
f 1262//1262 1415//1415 1255//1255
f 1255//1255 1415//1415 1414//1414
f 1415//1415 1264//1264 1421//1421
f 1267//1267 1417//1417 1424//1424
f 1416//1416 1417//1417 1267//1267
f 1258//1258 1416//1416 1267//1267
f 1258//1258 1267//1267 1265//1265
f 1258//1258 1265//1265 1257//1257
f 1256//1256 1258//1258 1257//1257
f 1259//1259 1268//1268 1418//1418
f 1418//1418 1268//1268 1425//1425
f 1261//1261 1420//1420 1426//1426
f 1270//1270 1261//1261 1426//1426
f 1419//1419 1261//1261 1260//1260
f 1420//1420 1261//1261 1419//1419
f 1263//1263 1272//1272 1273//1273
f 1263//1263 1273//1273 1428//1428
f 1262//1262 1263//1263 1428//1428
f 1262//1262 1428//1428 1422//1422
f 1262//1262 1422//1422 1264//1264
f 1421//1421 1264//1264 1422//1422
f 1266//1266 1267//1267 1424//1424
f 1266//1266 1424//1424 1274//1274
f 1274//1274 1424//1424 1429//1429
f 1265//1265 1267//1267 1266//1266
f 1277//1277 1268//1268 1269//1269
f 1277//1277 1430//1430 1268//1268
f 1430//1430 1425//1425 1268//1268
f 1269//1269 1275//1275 1277//1277
f 1271//1271 1279//1279 1278//1278
f 1271//1271 1431//1431 1279//1279
f 1271//1271 1270//1270 1431//1431
f 1270//1270 1426//1426 1431//1431
f 1273//1273 1280//1280 1281//1281
f 1272//1272 1280//1280 1273//1273
f 1433//1433 1428//1428 1273//1273
f 1281//1281 1433//1433 1273//1273
f 1274//1274 1429//1429 1282//1282
f 1429//1429 1434//1434 1282//1282
f 1276//1276 1430//1430 1277//1277
f 1276//1276 1284//1284 1430//1430
f 1284//1284 1436//1436 1430//1430
f 1275//1275 1276//1276 1277//1277
f 1279//1279 1432//1432 1437//1437
f 1279//1279 1437//1437 1278//1278
f 1278//1278 1437//1437 1285//1285
f 1431//1431 1432//1432 1279//1279
f 1281//1281 1286//1286 1288//1288
f 1280//1280 1286//1286 1281//1281
f 1440//1440 1433//1433 1281//1281
f 1288//1288 1440//1440 1281//1281
f 1282//1282 1434//1434 1435//1435
f 1283//1283 1282//1282 1435//1435
f 1435//1435 1289//1289 1283//1283
f 1443//1443 1289//1289 1435//1435
f 1284//1284 1292//1292 1436//1436
f 1436//1436 1292//1292 1449//1449
f 1285//1285 1437//1437 1294//1294
f 1437//1437 1452//1452 1294//1294
f 1287//1287 1454//1454 1439//1439
f 1295//1295 1454//1454 1287//1287
f 1288//1288 1286//1286 1287//1287
f 1288//1288 1287//1287 1441//1441
f 1441//1441 1287//1287 1439//1439
f 1440//1440 1288//1288 1441//1441
f 1289//1289 1443//1443 1444//1444
f 1290//1290 1289//1289 1444//1444
f 1296//1296 1446//1446 1299//1299
f 1296//1296 1290//1290 1446//1446
f 1290//1290 1444//1444 1446//1446
f 1299//1299 1291//1291 1297//1297
f 1299//1299 1446//1446 1291//1291
f 1446//1446 1447//1447 1291//1291
f 1293//1293 1291//1291 1450//1450
f 1291//1291 1447//1447 1450//1450
f 1449//1449 1292//1292 1293//1293
f 1450//1450 1449//1449 1293//1293
f 1294//1294 1452//1452 1300//1300
f 1452//1452 1455//1455 1300//1300
f 1295//1295 1301//1301 1454//1454
f 1454//1454 1301//1301 1458//1458
f 1296//1296 1299//1299 1298//1298
f 1297//1297 1298//1298 1299//1299
f 1456//1456 1304//1304 1303//1303
f 1456//1456 1303//1303 1455//1455
f 1455//1455 1303//1303 1300//1300
f 1456//1456 1459//1459 1304//1304
f 1302//1302 1305//1305 1306//1306
f 1302//1302 1306//1306 1460//1460
f 1302//1302 1460//1460 1301//1301
f 1301//1301 1460//1460 1458//1458
f 1304//1304 1309//1309 1307//1307
f 1303//1303 1304//1304 1307//1307
f 1462//1462 1304//1304 1459//1459
f 1309//1309 1304//1304 1462//1462
f 1306//1306 1465//1465 1461//1461
f 1306//1306 1305//1305 1465//1465
f 1305//1305 1311//1311 1465//1465
f 1460//1460 1306//1306 1461//1461
f 1307//1307 1309//1309 1308//1308
f 1309//1309 1462//1462 1463//1463
f 1309//1309 1463//1463 1308//1308
f 1308//1308 1463//1463 1310//1310
f 1312//1312 1310//1310 1466//1466
f 1310//1310 1463//1463 1466//1466
f 1465//1465 1311//1311 1312//1312
f 1466//1466 1465//1465 1312//1312
f 1313//1313 1468//1468 1471//1471
f 1316//1316 1313//1313 1471//1471
f 1314//1314 1469//1469 1313//1313
f 1313//1313 1469//1469 1468//1468
f 1315//1315 1470//1470 1314//1314
f 1314//1314 1470//1470 1469//1469
f 1470//1470 1315//1315 1317//1317
f 1473//1473 1470//1470 1317//1317
f 1316//1316 1471//1471 1319//1319
f 1471//1471 1474//1474 1319//1319
f 1322//1322 1317//1317 1318//1318
f 1322//1322 1475//1475 1317//1317
f 1475//1475 1473//1473 1317//1317
f 1318//1318 1320//1320 1322//1322
f 1319//1319 1474//1474 1323//1323
f 1474//1474 1476//1476 1323//1323
f 1321//1321 1475//1475 1322//1322
f 1321//1321 1325//1325 1475//1475
f 1325//1325 1479//1479 1475//1475
f 1320//1320 1321//1321 1322//1322
f 1323//1323 1476//1476 1477//1477
f 1324//1324 1323//1323 1477//1477
f 1327//1327 1478//1478 1330//1330
f 1327//1327 1324//1324 1478//1478
f 1324//1324 1477//1477 1478//1478
f 1330//1330 1326//1326 1328//1328
f 1330//1330 1478//1478 1326//1326
f 1478//1478 1480//1480 1326//1326
f 1479//1479 1325//1325 1326//1326
f 1480//1480 1479//1479 1326//1326
f 1327//1327 1330//1330 1329//1329
f 1328//1328 1329//1329 1330//1330
f 1331//1331 1481//1481 1484//1484
f 1335//1335 1331//1331 1484//1484
f 1332//1332 1482//1482 1331//1331
f 1331//1331 1482//1482 1481//1481
f 1333//1333 1483//1483 1332//1332
f 1332//1332 1483//1483 1482//1482
f 1337//1337 1485//1485 1483//1483
f 1337//1337 1483//1483 1334//1334
f 1334//1334 1483//1483 1333//1333
f 1334//1334 1336//1336 1337//1337
f 1335//1335 1484//1484 1338//1338
f 1484//1484 1487//1487 1338//1338
f 1337//1337 1486//1486 1485//1485
f 1486//1486 1337//1337 1336//1336
f 1486//1486 1336//1336 1488//1488
f 1488//1488 1336//1336 1339//1339
f 1338//1338 1487//1487 1340//1340
f 1487//1487 1489//1489 1340//1340
f 1339//1339 1341//1341 1488//1488
f 1488//1488 1341//1341 1491//1491
f 1340//1340 1489//1489 1343//1343
f 1489//1489 1494//1494 1343//1343
f 1342//1342 1497//1497 1492//1492
f 1346//1346 1497//1497 1342//1342
f 1491//1491 1341//1341 1342//1342
f 1492//1492 1491//1491 1342//1342
f 1343//1343 1494//1494 1495//1495
f 1344//1344 1343//1343 1495//1495
f 1345//1345 1344//1344 1496//1496
f 1344//1344 1495//1495 1496//1496
f 1347//1347 1345//1345 1498//1498
f 1345//1345 1496//1496 1498//1498
f 1497//1497 1346//1346 1347//1347
f 1498//1498 1497//1497 1347//1347
f 1351//1351 1499//1499 1500//1500
f 1353//1353 1349//1349 1348//1348
f 1501//1501 1499//1499 1351//1351
f 1348//1348 1352//1352 1353//1353
f 1350//1350 1351//1351 1500//1500
f 1350//1350 1500//1500 1356//1356
f 1356//1356 1500//1500 1506//1506
f 1351//1351 1502//1502 1501//1501
f 1351//1351 1350//1350 1502//1502
f 1353//1353 1502//1502 1349//1349
f 1349//1349 1502//1502 1350//1350
f 1352//1352 1502//1502 1353//1353
f 1352//1352 1354//1354 1502//1502
f 1354//1354 1504//1504 1502//1502
f 1355//1355 1505//1505 1354//1354
f 1354//1354 1505//1505 1504//1504
f 1505//1505 1355//1355 1357//1357
f 1509//1509 1505//1505 1357//1357
f 1363//1363 1507//1507 1512//1512
f 1363//1363 1506//1506 1507//1507
f 1363//1363 1362//1362 1506//1506
f 1362//1362 1356//1356 1506//1506
f 1357//1357 1511//1511 1509//1509
f 1358//1358 1511//1511 1357//1357
f 1364//1364 1514//1514 1511//1511
f 1364//1364 1511//1511 1359//1359
f 1359//1359 1511//1511 1358//1358
f 1359//1359 1360//1360 1365//1365
f 1364//1364 1359//1359 1365//1365
f 1360//1360 1361//1361 1367//1367
f 1365//1365 1360//1360 1367//1367
f 1361//1361 1366//1366 1367//1367
f 1363//1363 1512//1512 1513//1513
f 1513//1513 1362//1362 1363//1363
f 1513//1513 1519//1519 1362//1362
f 1519//1519 1369//1369 1362//1362
f 1364//1364 1516//1516 1514//1514
f 1365//1365 1516//1516 1364//1364
f 1517//1517 1516//1516 1365//1365
f 1367//1367 1517//1517 1365//1365
f 1518//1518 1517//1517 1367//1367
f 1372//1372 1526//1526 1518//1518
f 1368//1368 1372//1372 1518//1518
f 1368//1368 1518//1518 1367//1367
f 1368//1368 1367//1367 1366//1366
f 1368//1368 1371//1371 1372//1372
f 1369//1369 1519//1519 1520//1520
f 1370//1370 1369//1369 1520//1520
f 1374//1374 1521//1521 1375//1375
f 1374//1374 1370//1370 1521//1521
f 1370//1370 1520//1520 1521//1521
f 1521//1521 1530//1530 1375//1375
f 1372//1372 1528//1528 1526//1526
f 1371//1371 1528//1528 1372//1372
f 1371//1371 1373//1373 1528//1528
f 1373//1373 1529//1529 1528//1528
f 1529//1529 1373//1373 1376//1376
f 1533//1533 1529//1529 1376//1376
f 1375//1375 1379//1379 1378//1378
f 1374//1374 1375//1375 1378//1378
f 1535//1535 1375//1375 1530//1530
f 1379//1379 1375//1375 1535//1535
f 1377//1377 1381//1381 1383//1383
f 1377//1377 1383//1383 1539//1539
f 1377//1377 1539//1539 1376//1376
f 1376//1376 1539//1539 1533//1533
f 1379//1379 1536//1536 1540//1540
f 1379//1379 1540//1540 1378//1378
f 1378//1378 1540//1540 1384//1384
f 1535//1535 1536//1536 1379//1379
f 1380//1380 1386//1386 1388//1388
f 1543//1543 1380//1380 1388//1388
f 1543//1543 1538//1538 1380//1380
f 1538//1538 1382//1382 1380//1380
f 1381//1381 1382//1382 1538//1538
f 1381//1381 1538//1538 1389//1389
f 1381//1381 1389//1389 1383//1383
f 1545//1545 1389//1389 1538//1538
f 1547//1547 1539//1539 1383//1383
f 1389//1389 1547//1547 1383//1383
f 1384//1384 1540//1540 1390//1390
f 1540//1540 1549//1549 1390//1390
f 1385//1385 1391//1391 1393//1393
f 1553//1553 1385//1385 1393//1393
f 1553//1553 1542//1542 1385//1385
f 1542//1542 1387//1387 1385//1385
f 1388//1388 1386//1386 1387//1387
f 1388//1388 1387//1387 1544//1544
f 1544//1544 1387//1387 1542//1542
f 1543//1543 1388//1388 1544//1544
f 1389//1389 1545//1545 1548//1548
f 1547//1547 1389//1389 1548//1548
f 1550//1550 1396//1396 1394//1394
f 1550//1550 1394//1394 1549//1549
f 1549//1549 1394//1394 1390//1390
f 1550//1550 1556//1556 1396//1396
f 1392//1392 1557//1557 1552//1552
f 1397//1397 1557//1557 1392//1392
f 1393//1393 1391//1391 1392//1392
f 1393//1393 1392//1392 1554//1554
f 1554//1554 1392//1392 1552//1552
f 1553//1553 1393//1393 1554//1554
f 1394//1394 1396//1396 1395//1395
f 1396//1396 1398//1398 1395//1395
f 1396//1396 1556//1556 1398//1398
f 1556//1556 1559//1559 1398//1398
f 1397//1397 1399//1399 1557//1557
f 1557//1557 1399//1399 1561//1561
f 1560//1560 1402//1402 1400//1400
f 1560//1560 1400//1400 1559//1559
f 1559//1559 1400//1400 1398//1398
f 1560//1560 1562//1562 1402//1402
f 1399//1399 1403//1403 1561//1561
f 1561//1561 1403//1403 1563//1563
f 1400//1400 1402//1402 1401//1401
f 1402//1402 1404//1404 1401//1401
f 1402//1402 1565//1565 1404//1404
f 1402//1402 1562//1562 1565//1565
f 1565//1565 1405//1405 1404//1404
f 1564//1564 1563//1563 1403//1403
f 1564//1564 1403//1403 1405//1405
f 1564//1564 1405//1405 1406//1406
f 1405//1405 1403//1403 1404//1404
f 1564//1564 1406//1406 1567//1567
f 1405//1405 1565//1565 1566//1566
f 1406//1406 1405//1405 1566//1566
f 1568//1568 1406//1406 1566//1566
f 1567//1567 1406//1406 1568//1568
f 1407//1407 1569//1569 1579//1579
f 1416//1416 1407//1407 1579//1579
f 1408//1408 1570//1570 1407//1407
f 1407//1407 1570//1570 1569//1569
f 1409//1409 1571//1571 1408//1408
f 1408//1408 1571//1571 1570//1570
f 1410//1410 1572//1572 1409//1409
f 1409//1409 1572//1572 1571//1571
f 1572//1572 1410//1410 1418//1418
f 1581//1581 1572//1572 1418//1418
f 1411//1411 1573//1573 1582//1582
f 1419//1419 1411//1411 1582//1582
f 1412//1412 1574//1574 1411//1411
f 1411//1411 1574//1574 1573//1573
f 1413//1413 1575//1575 1412//1412
f 1412//1412 1575//1575 1574//1574
f 1414//1414 1576//1576 1413//1413
f 1413//1413 1576//1576 1575//1575
f 1415//1415 1577//1577 1414//1414
f 1414//1414 1577//1577 1576//1576
f 1421//1421 1423//1423 1578//1578
f 1421//1421 1578//1578 1415//1415
f 1415//1415 1578//1578 1577//1577
f 1578//1578 1423//1423 1585//1585
f 1417//1417 1580//1580 1587//1587
f 1424//1424 1417//1417 1587//1587
f 1579//1579 1417//1417 1416//1416
f 1580//1580 1417//1417 1579//1579
f 1418//1418 1425//1425 1581//1581
f 1581//1581 1425//1425 1588//1588
f 1420//1420 1427//1427 1426//1426
f 1420//1420 1589//1589 1427//1427
f 1420//1420 1419//1419 1589//1589
f 1419//1419 1582//1582 1589//1589
f 1422//1422 1591//1591 1584//1584
f 1428//1428 1591//1591 1422//1422
f 1423//1423 1421//1421 1422//1422
f 1423//1423 1422//1422 1586//1586
f 1586//1586 1422//1422 1584//1584
f 1585//1585 1423//1423 1586//1586
f 1424//1424 1587//1587 1429//1429
f 1587//1587 1593//1593 1429//1429
f 1425//1425 1430//1430 1588//1588
f 1588//1588 1430//1430 1594//1594
f 1427//1427 1590//1590 1595//1595
f 1427//1427 1595//1595 1426//1426
f 1426//1426 1595//1595 1431//1431
f 1589//1589 1590//1590 1427//1427
f 1428//1428 1433//1433 1591//1591
f 1591//1591 1433//1433 1596//1596
f 1429//1429 1593//1593 1434//1434
f 1593//1593 1598//1598 1434//1434
f 1430//1430 1436//1436 1594//1594
f 1594//1594 1436//1436 1602//1602
f 1432//1432 1438//1438 1437//1437
f 1432//1432 1604//1604 1438//1438
f 1432//1432 1431//1431 1604//1604
f 1431//1431 1595//1595 1604//1604
f 1442//1442 1605//1605 1597//1597
f 1442//1442 1597//1597 1596//1596
f 1442//1442 1596//1596 1440//1440
f 1440//1440 1596//1596 1433//1433
f 1434//1434 1598//1598 1599//1599
f 1435//1435 1434//1434 1599//1599
f 1443//1443 1600//1600 1445//1445
f 1443//1443 1435//1435 1600//1600
f 1435//1435 1599//1599 1600//1600
f 1600//1600 1607//1607 1445//1445
f 1448//1448 1608//1608 1601//1601
f 1448//1448 1603//1603 1451//1451
f 1601//1601 1603//1603 1448//1448
f 1451//1451 1603//1603 1602//1602
f 1451//1451 1602//1602 1449//1449
f 1449//1449 1602//1602 1436//1436
f 1438//1438 1453//1453 1452//1452
f 1437//1437 1438//1438 1452//1452
f 1611//1611 1438//1438 1604//1604
f 1453//1453 1438//1438 1611//1611
f 1439//1439 1612//1612 1606//1606
f 1454//1454 1612//1612 1439//1439
f 1605//1605 1442//1442 1441//1441
f 1605//1605 1441//1441 1606//1606
f 1606//1606 1441//1441 1439//1439
f 1440//1440 1441//1441 1442//1442
f 1443//1443 1445//1445 1444//1444
f 1445//1445 1607//1607 1609//1609
f 1445//1445 1609//1609 1444//1444
f 1444//1444 1609//1609 1446//1446
f 1608//1608 1448//1448 1447//1447
f 1608//1608 1447//1447 1609//1609
f 1609//1609 1447//1447 1446//1446
f 1450//1450 1447//1447 1448//1448
f 1451//1451 1450//1450 1448//1448
f 1449//1449 1450//1450 1451//1451
f 1453//1453 1457//1457 1455//1455
f 1452//1452 1453//1453 1455//1455
f 1613//1613 1453//1453 1611//1611
f 1457//1457 1453//1453 1613//1613
f 1454//1454 1458//1458 1612//1612
f 1612//1612 1458//1458 1614//1614
f 1455//1455 1457//1457 1456//1456
f 1457//1457 1459//1459 1456//1456
f 1457//1457 1613//1613 1459//1459
f 1613//1613 1615//1615 1459//1459
f 1458//1458 1460//1460 1614//1614
f 1614//1614 1460//1460 1618//1618
f 1616//1616 1464//1464 1462//1462
f 1616//1616 1462//1462 1615//1615
f 1615//1615 1462//1462 1459//1459
f 1616//1616 1620//1620 1464//1464
f 1461//1461 1465//1465 1467//1467
f 1461//1461 1467//1467 1623//1623
f 1461//1461 1623//1623 1460//1460
f 1460//1460 1623//1623 1618//1618
f 1462//1462 1464//1464 1463//1463
f 1464//1464 1620//1620 1621//1621
f 1464//1464 1621//1621 1463//1463
f 1463//1463 1621//1621 1466//1466
f 1467//1467 1465//1465 1466//1466
f 1467//1467 1466//1466 1624//1624
f 1624//1624 1466//1466 1621//1621
f 1623//1623 1467//1467 1624//1624
f 1472//1472 1626//1626 1632//1632
f 1472//1472 1471//1471 1468//1468
f 1472//1472 1468//1468 1626//1626
f 1626//1626 1468//1468 1627//1627
f 1469//1469 1629//1629 1468//1468
f 1468//1468 1629//1629 1627//1627
f 1470//1470 1631//1631 1469//1469
f 1469//1469 1631//1631 1629//1629
f 1631//1631 1470//1470 1473//1473
f 1634//1634 1631//1631 1473//1473
f 1472//1472 1632//1632 1633//1633
f 1633//1633 1471//1471 1472//1472
f 1633//1633 1635//1635 1471//1471
f 1635//1635 1474//1474 1471//1471
f 1473//1473 1475//1475 1634//1634
f 1634//1634 1475//1475 1636//1636
f 1474//1474 1635//1635 1476//1476
f 1635//1635 1637//1637 1476//1476
f 1475//1475 1479//1479 1636//1636
f 1636//1636 1479//1479 1640//1640
f 1476//1476 1637//1637 1638//1638
f 1477//1477 1476//1476 1638//1638
f 1478//1478 1477//1477 1639//1639
f 1477//1477 1638//1638 1639//1639
f 1480//1480 1478//1478 1641//1641
f 1478//1478 1639//1639 1641//1641
f 1640//1640 1479//1479 1480//1480
f 1641//1641 1640//1640 1480//1480
f 1481//1481 1642//1642 1645//1645
f 1484//1484 1481//1481 1645//1645
f 1482//1482 1643//1643 1481//1481
f 1481//1481 1643//1643 1642//1642
f 1483//1483 1644//1644 1482//1482
f 1482//1482 1644//1644 1643//1643
f 1644//1644 1483//1483 1485//1485
f 1646//1646 1644//1644 1485//1485
f 1484//1484 1645//1645 1487//1487
f 1645//1645 1648//1648 1487//1487
f 1485//1485 1647//1647 1646//1646
f 1486//1486 1647//1647 1485//1485
f 1647//1647 1486//1486 1488//1488
f 1651//1651 1647//1647 1488//1488
f 1490//1490 1649//1649 1654//1654
f 1490//1490 1648//1648 1649//1649
f 1490//1490 1489//1489 1648//1648
f 1489//1489 1487//1487 1648//1648
f 1493//1493 1656//1656 1652//1652
f 1493//1493 1652//1652 1651//1651
f 1493//1493 1651//1651 1491//1491
f 1491//1491 1651//1651 1488//1488
f 1490//1490 1654//1654 1655//1655
f 1655//1655 1489//1489 1490//1490
f 1655//1655 1657//1657 1489//1489
f 1657//1657 1494//1494 1489//1489
f 1492//1492 1656//1656 1493//1493
f 1492//1492 1497//1497 1656//1656
f 1497//1497 1661//1661 1656//1656
f 1491//1491 1492//1492 1493//1493
f 1494//1494 1657//1657 1659//1659
f 1495//1495 1494//1494 1659//1659
f 1496//1496 1495//1495 1660//1660
f 1495//1495 1659//1659 1660//1660
f 1498//1498 1496//1496 1662//1662
f 1496//1496 1660//1660 1662//1662
f 1661//1661 1497//1497 1498//1498
f 1662//1662 1661//1661 1498//1498
f 1499//1499 1664//1664 1666//1666
f 1500//1500 1499//1499 1666//1666
f 1501//1501 1503//1503 1665//1665
f 1501//1501 1665//1665 1499//1499
f 1499//1499 1665//1665 1664//1664
f 1665//1665 1503//1503 1668//1668
f 1508//1508 1667//1667 1670//1670
f 1508//1508 1666//1666 1667//1667
f 1508//1508 1506//1506 1666//1666
f 1506//1506 1500//1500 1666//1666
f 1501//1501 1502//1502 1503//1503
f 1503//1503 1669//1669 1668//1668
f 1503//1503 1502//1502 1669//1669
f 1502//1502 1504//1504 1669//1669
f 1510//1510 1671//1671 1669//1669
f 1510//1510 1669//1669 1505//1505
f 1505//1505 1669//1669 1504//1504
f 1505//1505 1509//1509 1510//1510
f 1507//1507 1508//1508 1670//1670
f 1507//1507 1670//1670 1512//1512
f 1512//1512 1670//1670 1673//1673
f 1506//1506 1508//1508 1507//1507
f 1510//1510 1672//1672 1671//1671
f 1515//1515 1677//1677 1672//1672
f 1511//1511 1515//1515 1672//1672
f 1511//1511 1672//1672 1510//1510
f 1511//1511 1510//1510 1509//1509
f 1511//1511 1514//1514 1515//1515
f 1512//1512 1673//1673 1674//1674
f 1513//1513 1512//1512 1674//1674
f 1674//1674 1519//1519 1513//1513
f 1682//1682 1519//1519 1674//1674
f 1522//1522 1683//1683 1675//1675
f 1522//1522 1676//1676 1523//1523
f 1675//1675 1676//1676 1522//1522
f 1523//1523 1678//1678 1524//1524
f 1676//1676 1678//1678 1523//1523
f 1677//1677 1524//1524 1678//1678
f 1677//1677 1515//1515 1524//1524
f 1515//1515 1525//1525 1524//1524
f 1514//1514 1525//1525 1515//1515
f 1514//1514 1680//1680 1525//1525
f 1514//1514 1516//1516 1680//1680
f 1680//1680 1685//1685 1525//1525
f 1517//1517 1681//1681 1516//1516
f 1516//1516 1681//1681 1680//1680
f 1527//1527 1688//1688 1681//1681
f 1527//1527 1681//1681 1518//1518
f 1518//1518 1681//1681 1517//1517
f 1518//1518 1526//1526 1527//1527
f 1519//1519 1682//1682 1684//1684
f 1520//1520 1519//1519 1684//1684
f 1683//1683 1522//1522 1521//1521
f 1683//1683 1521//1521 1684//1684
f 1684//1684 1521//1521 1520//1520
f 1530//1530 1521//1521 1522//1522
f 1530//1530 1522//1522 1531//1531
f 1531//1531 1522//1522 1523//1523
f 1524//1524 1532//1532 1523//1523
f 1532//1532 1531//1531 1523//1523
f 1692//1692 1525//1525 1686//1686
f 1692//1692 1532//1532 1525//1525
f 1532//1532 1524//1524 1525//1525
f 1685//1685 1686//1686 1525//1525
f 1527//1527 1690//1690 1688//1688
f 1526//1526 1690//1690 1527//1527
f 1526//1526 1528//1528 1690//1690
f 1528//1528 1691//1691 1690//1690
f 1534//1534 1695//1695 1691//1691
f 1534//1534 1691//1691 1529//1529
f 1529//1529 1691//1691 1528//1528
f 1529//1529 1533//1533 1534//1534
f 1531//1531 1537//1537 1535//1535
f 1530//1530 1531//1531 1535//1535
f 1698//1698 1532//1532 1693//1693
f 1698//1698 1537//1537 1532//1532
f 1537//1537 1531//1531 1532//1532
f 1692//1692 1693//1693 1532//1532
f 1534//1534 1697//1697 1695//1695
f 1697//1697 1534//1534 1533//1533
f 1697//1697 1533//1533 1700//1700
f 1700//1700 1533//1533 1539//1539
f 1536//1536 1541//1541 1540//1540
f 1536//1536 1701//1701 1541//1541
f 1535//1535 1701//1701 1536//1536
f 1535//1535 1699//1699 1701//1701
f 1535//1535 1537//1537 1699//1699
f 1698//1698 1699//1699 1537//1537
f 1538//1538 1543//1543 1546//1546
f 1538//1538 1546//1546 1545//1545
f 1539//1539 1547//1547 1700//1700
f 1700//1700 1547//1547 1704//1704
f 1541//1541 1551//1551 1549//1549
f 1540//1540 1541//1541 1549//1549
f 1706//1706 1541//1541 1701//1701
f 1551//1551 1541//1541 1706//1706
f 1542//1542 1553//1553 1555//1555
f 1708//1708 1542//1542 1555//1555
f 1708//1708 1702//1702 1542//1542
f 1702//1702 1544//1544 1542//1542
f 1546//1546 1543//1543 1544//1544
f 1546//1546 1544//1544 1703//1703
f 1703//1703 1544//1544 1702//1702
f 1545//1545 1546//1546 1703//1703
f 1545//1545 1703//1703 1548//1548
f 1548//1548 1703//1703 1705//1705
f 1704//1704 1547//1547 1548//1548
f 1705//1705 1704//1704 1548//1548
f 1549//1549 1551//1551 1550//1550
f 1551//1551 1556//1556 1550//1550
f 1551//1551 1706//1706 1556//1556
f 1706//1706 1712//1712 1556//1556
f 1552//1552 1557//1557 1558//1558
f 1713//1713 1552//1552 1558//1558
f 1713//1713 1707//1707 1552//1552
f 1707//1707 1554//1554 1552//1552
f 1555//1555 1553//1553 1554//1554
f 1555//1555 1554//1554 1709//1709
f 1709//1709 1554//1554 1707//1707
f 1708//1708 1555//1555 1709//1709
f 1556//1556 1712//1712 1559//1559
f 1712//1712 1715//1715 1559//1559
f 1558//1558 1718//1718 1714//1714
f 1558//1558 1557//1557 1718//1718
f 1557//1557 1561//1561 1718//1718
f 1713//1713 1558//1558 1714//1714
f 1559//1559 1715//1715 1716//1716
f 1560//1560 1559//1559 1716//1716
f 1716//1716 1562//1562 1560//1560
f 1720//1720 1562//1562 1716//1716
f 1561//1561 1563//1563 1718//1718
f 1718//1718 1563//1563 1721//1721
f 1562//1562 1720//1720 1565//1565
f 1720//1720 1724//1724 1565//1565
f 1563//1563 1722//1722 1721//1721
f 1564//1564 1722//1722 1563//1563
f 1722//1722 1564//1564 1567//1567
f 1726//1726 1722//1722 1567//1567
f 1565//1565 1724//1724 1725//1725
f 1566//1566 1565//1565 1725//1725
f 1568//1568 1566//1566 1727//1727
f 1566//1566 1725//1725 1727//1727
f 1726//1726 1567//1567 1568//1568
f 1727//1727 1726//1726 1568//1568
f 1569//1569 1729//1729 1738//1738
f 1579//1579 1569//1569 1738//1738
f 1570//1570 1730//1730 1569//1569
f 1569//1569 1730//1730 1729//1729
f 1571//1571 1731//1731 1570//1570
f 1570//1570 1731//1731 1730//1730
f 1572//1572 1732//1732 1571//1571
f 1571//1571 1732//1732 1731//1731
f 1732//1732 1572//1572 1581//1581
f 1740//1740 1732//1732 1581//1581
f 1573//1573 1583//1583 1582//1582
f 1741//1741 1583//1583 1573//1573
f 1741//1741 1573//1573 1733//1733
f 1733//1733 1573//1573 1574//1574
f 1575//1575 1734//1734 1574//1574
f 1574//1574 1734//1734 1733//1733
f 1576//1576 1735//1735 1575//1575
f 1575//1575 1735//1735 1734//1734
f 1577//1577 1736//1736 1576//1576
f 1576//1576 1736//1736 1735//1735
f 1578//1578 1737//1737 1577//1577
f 1577//1577 1737//1737 1736//1736
f 1737//1737 1578//1578 1585//1585
f 1743//1743 1737//1737 1585//1585
f 1580//1580 1739//1739 1746//1746
f 1587//1587 1580//1580 1746//1746
f 1738//1738 1580//1580 1579//1579
f 1739//1739 1580//1580 1738//1738
f 1581//1581 1588//1588 1740//1740
f 1740//1740 1588//1588 1747//1747
f 1583//1583 1742//1742 1748//1748
f 1583//1583 1748//1748 1582//1582
f 1582//1582 1748//1748 1589//1589
f 1741//1741 1742//1742 1583//1583
f 1584//1584 1591//1591 1592//1592
f 1750//1750 1584//1584 1592//1592
f 1750//1750 1744//1744 1584//1584
f 1744//1744 1586//1586 1584//1584
f 1743//1743 1585//1585 1586//1586
f 1744//1744 1743//1743 1586//1586
f 1587//1587 1746//1746 1593//1593
f 1746//1746 1752//1752 1593//1593
f 1588//1588 1594//1594 1747//1747
f 1747//1747 1594//1594 1753//1753
f 1590//1590 1749//1749 1754//1754
f 1595//1595 1590//1590 1754//1754
f 1748//1748 1590//1590 1589//1589
f 1749//1749 1590//1590 1748//1748
f 1592//1592 1755//1755 1751//1751
f 1592//1592 1591//1591 1755//1755
f 1591//1591 1596//1596 1755//1755
f 1750//1750 1592//1592 1751//1751
f 1593//1593 1752//1752 1598//1598
f 1752//1752 1757//1757 1598//1598
f 1594//1594 1602//1602 1753//1753
f 1753//1753 1602//1602 1763//1763
f 1595//1595 1754//1754 1604//1604
f 1754//1754 1766//1766 1604//1604
f 1597//1597 1767//1767 1756//1756
f 1605//1605 1767//1767 1597//1597
f 1755//1755 1596//1596 1597//1597
f 1756//1756 1755//1755 1597//1597
f 1598//1598 1757//1757 1758//1758
f 1599//1599 1598//1598 1758//1758
f 1600//1600 1599//1599 1760//1760
f 1599//1599 1758//1758 1760//1760
f 1607//1607 1761//1761 1610//1610
f 1607//1607 1600//1600 1761//1761
f 1600//1600 1760//1760 1761//1761
f 1610//1610 1601//1601 1608//1608
f 1610//1610 1761//1761 1601//1601
f 1761//1761 1762//1762 1601//1601
f 1603//1603 1601//1601 1764//1764
f 1601//1601 1762//1762 1764//1764
f 1763//1763 1602//1602 1603//1603
f 1764//1764 1763//1763 1603//1603
f 1604//1604 1766//1766 1611//1611
f 1766//1766 1769//1769 1611//1611
f 1606//1606 1770//1770 1768//1768
f 1612//1612 1770//1770 1606//1606
f 1767//1767 1605//1605 1606//1606
f 1768//1768 1767//1767 1606//1606
f 1607//1607 1610//1610 1609//1609
f 1608//1608 1609//1609 1610//1610
f 1611//1611 1769//1769 1613//1613
f 1769//1769 1772//1772 1613//1613
f 1612//1612 1614//1614 1770//1770
f 1770//1770 1614//1614 1775//1775
f 1773//1773 1617//1617 1615//1615
f 1773//1773 1615//1615 1772//1772
f 1772//1772 1615//1615 1613//1613
f 1773//1773 1778//1778 1617//1617
f 1776//1776 1618//1618 1619//1619
f 1776//1776 1775//1775 1618//1618
f 1775//1775 1614//1614 1618//1618
f 1776//1776 1619//1619 1780//1780
f 1615//1615 1617//1617 1616//1616
f 1620//1620 1779//1779 1622//1622
f 1616//1616 1779//1779 1620//1620
f 1616//1616 1778//1778 1779//1779
f 1616//1616 1617//1617 1778//1778
f 1779//1779 1782//1782 1622//1622
f 1619//1619 1623//1623 1625//1625
f 1618//1618 1623//1623 1619//1619
f 1785//1785 1780//1780 1619//1619
f 1625//1625 1785//1785 1619//1619
f 1620//1620 1622//1622 1621//1621
f 1622//1622 1782//1782 1783//1783
f 1622//1622 1783//1783 1621//1621
f 1621//1621 1783//1783 1624//1624
f 1625//1625 1623//1623 1624//1624
f 1625//1625 1624//1624 1786//1786
f 1786//1786 1624//1624 1783//1783
f 1785//1785 1625//1625 1786//1786
f 1628//1628 1788//1788 1790//1790
f 1628//1628 1630//1630 1789//1789
f 1788//1788 1628//1628 1789//1789
f 1789//1789 1630//1630 1792//1792
f 1626//1626 1791//1791 1794//1794
f 1632//1632 1626//1626 1794//1794
f 1790//1790 1627//1627 1628//1628
f 1790//1790 1791//1791 1627//1627
f 1791//1791 1626//1626 1627//1627
f 1629//1629 1628//1628 1627//1627
f 1630//1630 1628//1628 1629//1629
f 1630//1630 1793//1793 1792//1792
f 1630//1630 1629//1629 1793//1793
f 1629//1629 1631//1631 1793//1793
f 1793//1793 1631//1631 1634//1634
f 1796//1796 1793//1793 1634//1634
f 1632//1632 1794//1794 1795//1795
f 1633//1633 1632//1632 1795//1795
f 1795//1795 1635//1635 1633//1633
f 1797//1797 1635//1635 1795//1795
f 1634//1634 1636//1636 1796//1796
f 1796//1796 1636//1636 1799//1799
f 1635//1635 1797//1797 1637//1637
f 1797//1797 1800//1800 1637//1637
f 1636//1636 1640//1640 1799//1799
f 1799//1799 1640//1640 1803//1803
f 1637//1637 1800//1800 1801//1801
f 1638//1638 1637//1637 1801//1801
f 1639//1639 1638//1638 1802//1802
f 1638//1638 1801//1801 1802//1802
f 1641//1641 1639//1639 1804//1804
f 1639//1639 1802//1802 1804//1804
f 1803//1803 1640//1640 1641//1641
f 1804//1804 1803//1803 1641//1641
f 1642//1642 1806//1806 1809//1809
f 1645//1645 1642//1642 1809//1809
f 1643//1643 1807//1807 1642//1642
f 1642//1642 1807//1807 1806//1806
f 1644//1644 1808//1808 1643//1643
f 1643//1643 1808//1808 1807//1807
f 1808//1808 1644//1644 1646//1646
f 1811//1811 1808//1808 1646//1646
f 1650//1650 1810//1810 1813//1813
f 1650//1650 1809//1809 1810//1810
f 1650//1650 1648//1648 1809//1809
f 1648//1648 1645//1645 1809//1809
f 1653//1653 1646//1646 1647//1647
f 1653//1653 1814//1814 1646//1646
f 1814//1814 1811//1811 1646//1646
f 1647//1647 1651//1651 1653//1653
f 1649//1649 1650//1650 1813//1813
f 1649//1649 1813//1813 1654//1654
f 1654//1654 1813//1813 1815//1815
f 1648//1648 1650//1650 1649//1649
f 1652//1652 1814//1814 1653//1653
f 1652//1652 1656//1656 1814//1814
f 1656//1656 1816//1816 1814//1814
f 1651//1651 1652//1652 1653//1653
f 1658//1658 1655//1655 1654//1654
f 1658//1658 1654//1654 1818//1818
f 1818//1818 1654//1654 1815//1815
f 1655//1655 1658//1658 1657//1657
f 1663//1663 1821//1821 1817//1817
f 1663//1663 1817//1817 1816//1816
f 1663//1663 1816//1816 1661//1661
f 1661//1661 1816//1816 1656//1656
f 1658//1658 1818//1818 1819//1819
f 1657//1657 1658//1658 1819//1819
f 1657//1657 1819//1819 1659//1659
f 1659//1659 1819//1819 1820//1820
f 1660//1660 1659//1659 1822//1822
f 1659//1659 1820//1820 1822//1822
f 1821//1821 1663//1663 1662//1662
f 1821//1821 1662//1662 1822//1822
f 1822//1822 1662//1662 1660//1660
f 1661//1661 1662//1662 1663//1663
f 1664//1664 1823//1823 1825//1825
f 1666//1666 1664//1664 1825//1825
f 1665//1665 1824//1824 1664//1664
f 1664//1664 1824//1824 1823//1823
f 1824//1824 1665//1665 1668//1668
f 1827//1827 1824//1824 1668//1668
f 1667//1667 1826//1826 1829//1829
f 1670//1670 1667//1667 1829//1829
f 1825//1825 1667//1667 1666//1666
f 1826//1826 1667//1667 1825//1825
f 1668//1668 1828//1828 1827//1827
f 1669//1669 1828//1828 1668//1668
f 1828//1828 1669//1669 1671//1671
f 1830//1830 1828//1828 1671//1671
f 1670//1670 1829//1829 1673//1673
f 1829//1829 1831//1831 1673//1673
f 1679//1679 1671//1671 1672//1672
f 1679//1679 1834//1834 1671//1671
f 1834//1834 1830//1830 1671//1671
f 1672//1672 1677//1677 1679//1679
f 1673//1673 1831//1831 1832//1832
f 1674//1674 1673//1673 1832//1832
f 1832//1832 1682//1682 1674//1674
f 1836//1836 1682//1682 1832//1832
f 1675//1675 1837//1837 1833//1833
f 1683//1683 1837//1837 1675//1675
f 1676//1676 1675//1675 1835//1835
f 1675//1675 1833//1833 1835//1835
f 1834//1834 1679//1679 1678//1678
f 1834//1834 1678//1678 1835//1835
f 1835//1835 1678//1678 1676//1676
f 1677//1677 1678//1678 1679//1679
f 1680//1680 1687//1687 1685//1685
f 1680//1680 1681//1681 1689//1689
f 1687//1687 1680//1680 1689//1689
f 1681//1681 1688//1688 1689//1689
f 1682//1682 1836//1836 1838//1838
f 1684//1684 1682//1682 1838//1838
f 1837//1837 1683//1683 1684//1684
f 1838//1838 1837//1837 1684//1684
f 1686//1686 1694//1694 1692//1692
f 1686//1686 1844//1844 1694//1694
f 1685//1685 1844//1844 1686//1686
f 1685//1685 1840//1840 1844//1844
f 1685//1685 1687//1687 1840//1840
f 1689//1689 1840//1840 1687//1687
f 1841//1841 1840//1840 1689//1689
f 1688//1688 1841//1841 1689//1689
f 1688//1688 1690//1690 1841//1841
f 1690//1690 1842//1842 1841//1841
f 1696//1696 1847//1847 1842//1842
f 1696//1696 1842//1842 1691//1691
f 1691//1691 1842//1842 1690//1690
f 1691//1691 1695//1695 1696//1696
f 1693//1693 1843//1843 1851//1851
f 1698//1698 1693//1693 1851//1851
f 1694//1694 1693//1693 1692//1692
f 1694//1694 1845//1845 1693//1693
f 1845//1845 1843//1843 1693//1693
f 1844//1844 1845//1845 1694//1694
f 1696//1696 1849//1849 1847//1847
f 1695//1695 1849//1849 1696//1696
f 1695//1695 1697//1697 1849//1849
f 1697//1697 1850//1850 1849//1849
f 1850//1850 1697//1697 1700//1700
f 1854//1854 1850//1850 1700//1700
f 1699//1699 1852//1852 1856//1856
f 1701//1701 1699//1699 1856//1856
f 1851//1851 1699//1699 1698//1698
f 1852//1852 1699//1699 1851//1851
f 1700//1700 1704//1704 1854//1854
f 1854//1854 1704//1704 1858//1858
f 1701//1701 1856//1856 1706//1706
f 1856//1856 1860//1860 1706//1706
f 1702//1702 1708//1708 1710//1710
f 1702//1702 1711//1711 1703//1703
f 1710//1710 1711//1711 1702//1702
f 1865//1865 1703//1703 1711//1711
f 1865//1865 1859//1859 1703//1703
f 1859//1859 1705//1705 1703//1703
f 1858//1858 1704//1704 1705//1705
f 1859//1859 1858//1858 1705//1705
f 1706//1706 1860//1860 1712//1712
f 1860//1860 1868//1868 1712//1712
f 1707//1707 1871//1871 1862//1862
f 1713//1713 1871//1871 1707//1707
f 1709//1709 1707//1707 1863//1863
f 1707//1707 1862//1862 1863//1863
f 1710//1710 1708//1708 1709//1709
f 1710//1710 1709//1709 1864//1864
f 1864//1864 1709//1709 1863//1863
f 1711//1711 1710//1710 1864//1864
f 1866//1866 1711//1711 1864//1864
f 1865//1865 1711//1711 1866//1866
f 1869//1869 1717//1717 1715//1715
f 1869//1869 1715//1715 1868//1868
f 1868//1868 1715//1715 1712//1712
f 1869//1869 1873//1873 1717//1717
f 1714//1714 1718//1718 1719//1719
f 1714//1714 1719//1719 1874//1874
f 1714//1714 1874//1874 1713//1713
f 1713//1713 1874//1874 1871//1871
f 1715//1715 1717//1717 1716//1716
f 1717//1717 1720//1720 1716//1716
f 1717//1717 1873//1873 1720//1720
f 1873//1873 1875//1875 1720//1720
f 1719//1719 1721//1721 1723//1723
f 1718//1718 1721//1721 1719//1719
f 1876//1876 1874//1874 1719//1719
f 1723//1723 1876//1876 1719//1719
f 1720//1720 1875//1875 1724//1724
f 1875//1875 1877//1877 1724//1724
f 1721//1721 1722//1722 1723//1723
f 1723//1723 1722//1722 1726//1726
f 1723//1723 1726//1726 1876//1876
f 1876//1876 1726//1726 1879//1879
f 1724//1724 1877//1877 1878//1878
f 1725//1725 1724//1724 1878//1878
f 1728//1728 1878//1878 1880//1880
f 1728//1728 1727//1727 1878//1878
f 1727//1727 1725//1725 1878//1878
f 1727//1727 1728//1728 1881//1881
f 1727//1727 1881//1881 1726//1726
f 1726//1726 1881//1881 1879//1879
f 1728//1728 1880//1880 1882//1882
f 1881//1881 1728//1728 1882//1882
f 1729//1729 1883//1883 1893//1893
f 1738//1738 1729//1729 1893//1893
f 1730//1730 1884//1884 1729//1729
f 1729//1729 1884//1884 1883//1883
f 1731//1731 1885//1885 1730//1730
f 1730//1730 1885//1885 1884//1884
f 1732//1732 1886//1886 1731//1731
f 1731//1731 1886//1886 1885//1885
f 1886//1886 1732//1732 1740//1740
f 1895//1895 1886//1886 1740//1740
f 1733//1733 1887//1887 1896//1896
f 1741//1741 1733//1733 1896//1896
f 1734//1734 1888//1888 1733//1733
f 1733//1733 1888//1888 1887//1887
f 1735//1735 1889//1889 1734//1734
f 1734//1734 1889//1889 1888//1888
f 1736//1736 1890//1890 1735//1735
f 1735//1735 1890//1890 1889//1889
f 1737//1737 1891//1891 1736//1736
f 1736//1736 1891//1891 1890//1890
f 1743//1743 1745//1745 1892//1892
f 1743//1743 1892//1892 1737//1737
f 1737//1737 1892//1892 1891//1891
f 1892//1892 1745//1745 1900//1900
f 1739//1739 1894//1894 1902//1902
f 1746//1746 1739//1739 1902//1902
f 1893//1893 1739//1739 1738//1738
f 1894//1894 1739//1739 1893//1893
f 1740//1740 1747//1747 1895//1895
f 1895//1895 1747//1747 1904//1904
f 1742//1742 1897//1897 1905//1905
f 1748//1748 1742//1742 1905//1905
f 1896//1896 1742//1742 1741//1741
f 1897//1897 1742//1742 1896//1896
f 1744//1744 1908//1908 1899//1899
f 1750//1750 1908//1908 1744//1744
f 1745//1745 1743//1743 1744//1744
f 1745//1745 1744//1744 1901//1901
f 1901//1901 1744//1744 1899//1899
f 1900//1900 1745//1745 1901//1901
f 1746//1746 1902//1902 1752//1752
f 1902//1902 1910//1910 1752//1752
f 1747//1747 1753//1753 1904//1904
f 1904//1904 1753//1753 1912//1912
f 1749//1749 1906//1906 1914//1914
f 1754//1754 1749//1749 1914//1914
f 1905//1905 1749//1749 1748//1748
f 1906//1906 1749//1749 1905//1905
f 1751//1751 1916//1916 1909//1909
f 1755//1755 1916//1916 1751//1751
f 1908//1908 1750//1750 1751//1751
f 1909//1909 1908//1908 1751//1751
f 1911//1911 1759//1759 1757//1757
f 1911//1911 1757//1757 1910//1910
f 1910//1910 1757//1757 1752//1752
f 1911//1911 1918//1918 1759//1759
f 1765//1765 1921//1921 1913//1913
f 1765//1765 1913//1913 1912//1912
f 1765//1765 1912//1912 1763//1763
f 1763//1763 1912//1912 1753//1753
f 1754//1754 1914//1914 1766//1766
f 1914//1914 1923//1923 1766//1766
f 1756//1756 1925//1925 1917//1917
f 1767//1767 1925//1925 1756//1756
f 1916//1916 1755//1755 1756//1756
f 1917//1917 1916//1916 1756//1756
f 1757//1757 1759//1759 1758//1758
f 1759//1759 1918//1918 1919//1919
f 1759//1759 1919//1919 1758//1758
f 1758//1758 1919//1919 1760//1760
f 1761//1761 1760//1760 1920//1920
f 1760//1760 1919//1919 1920//1920
f 1762//1762 1761//1761 1922//1922
f 1761//1761 1920//1920 1922//1922
f 1921//1921 1765//1765 1764//1764
f 1921//1921 1764//1764 1922//1922
f 1922//1922 1764//1764 1762//1762
f 1763//1763 1764//1764 1765//1765
f 1766//1766 1923//1923 1769//1769
f 1923//1923 1926//1926 1769//1769
f 1768//1768 1770//1770 1771//1771
f 1768//1768 1771//1771 1929//1929
f 1768//1768 1929//1929 1767//1767
f 1767//1767 1929//1929 1925//1925
f 1927//1927 1774//1774 1772//1772
f 1927//1927 1772//1772 1926//1926
f 1926//1926 1772//1772 1769//1769
f 1927//1927 1930//1930 1774//1774
f 1771//1771 1775//1775 1777//1777
f 1770//1770 1775//1775 1771//1771
f 1931//1931 1929//1929 1771//1771
f 1777//1777 1931//1931 1771//1771
f 1772//1772 1774//1774 1773//1773
f 1774//1774 1778//1778 1773//1773
f 1774//1774 1930//1930 1778//1778
f 1930//1930 1933//1933 1778//1778
f 1775//1775 1776//1776 1777//1777
f 1780//1780 1781//1781 1932//1932
f 1776//1776 1780//1780 1932//1932
f 1776//1776 1932//1932 1931//1931
f 1776//1776 1931//1931 1777//1777
f 1932//1932 1781//1781 1939//1939
f 1778//1778 1933//1933 1934//1934
f 1779//1779 1778//1778 1934//1934
f 1782//1782 1936//1936 1784//1784
f 1782//1782 1779//1779 1936//1936
f 1779//1779 1934//1934 1936//1936
f 1784//1784 1938//1938 1787//1787
f 1936//1936 1938//1938 1784//1784
f 1781//1781 1938//1938 1940//1940
f 1781//1781 1785//1785 1938//1938
f 1781//1781 1780//1780 1785//1785
f 1785//1785 1787//1787 1938//1938
f 1939//1939 1781//1781 1940//1940
f 1782//1782 1784//1784 1783//1783
f 1786//1786 1783//1783 1784//1784
f 1787//1787 1786//1786 1784//1784
f 1785//1785 1786//1786 1787//1787
f 1788//1788 1942//1942 1944//1944
f 1790//1790 1788//1788 1944//1944
f 1789//1789 1943//1943 1788//1788
f 1788//1788 1943//1943 1942//1942
f 1943//1943 1789//1789 1792//1792
f 1946//1946 1943//1943 1792//1792
f 1791//1791 1945//1945 1949//1949
f 1794//1794 1791//1791 1949//1949
f 1944//1944 1791//1791 1790//1790
f 1945//1945 1791//1791 1944//1944
f 1792//1792 1948//1948 1946//1946
f 1793//1793 1948//1948 1792//1792
f 1948//1948 1793//1793 1796//1796
f 1950//1950 1948//1948 1796//1796
f 1798//1798 1795//1795 1794//1794
f 1798//1798 1794//1794 1951//1951
f 1951//1951 1794//1794 1949//1949
f 1795//1795 1798//1798 1797//1797
f 1796//1796 1799//1799 1950//1950
f 1950//1950 1799//1799 1954//1954
f 1798//1798 1951//1951 1952//1952
f 1952//1952 1797//1797 1798//1798
f 1952//1952 1957//1957 1797//1797
f 1957//1957 1800//1800 1797//1797
f 1805//1805 1960//1960 1955//1955
f 1805//1805 1955//1955 1954//1954
f 1805//1805 1954//1954 1803//1803
f 1803//1803 1954//1954 1799//1799
f 1800//1800 1957//1957 1958//1958
f 1801//1801 1800//1800 1958//1958
f 1802//1802 1801//1801 1961//1961
f 1801//1801 1958//1958 1961//1961
f 1960//1960 1805//1805 1804//1804
f 1960//1960 1804//1804 1961//1961
f 1961//1961 1804//1804 1802//1802
f 1803//1803 1804//1804 1805//1805
f 1806//1806 1963//1963 1965//1965
f 1809//1809 1806//1806 1965//1965
f 1807//1807 1964//1964 1806//1806
f 1806//1806 1964//1964 1963//1963
f 1812//1812 1968//1968 1964//1964
f 1812//1812 1964//1964 1808//1808
f 1808//1808 1964//1964 1807//1807
f 1808//1808 1811//1811 1812//1812
f 1810//1810 1966//1966 1970//1970
f 1813//1813 1810//1810 1970//1970
f 1965//1965 1810//1810 1809//1809
f 1966//1966 1810//1810 1965//1965
f 1812//1812 1969//1969 1968//1968
f 1969//1969 1812//1812 1811//1811
f 1969//1969 1811//1811 1971//1971
f 1971//1971 1811//1811 1814//1814
f 1813//1813 1970//1970 1815//1815
f 1970//1970 1973//1973 1815//1815
f 1814//1814 1816//1816 1971//1971
f 1971//1971 1816//1816 1974//1974
f 1815//1815 1973//1973 1818//1818
f 1973//1973 1977//1977 1818//1818
f 1817//1817 1980//1980 1975//1975
f 1821//1821 1980//1980 1817//1817
f 1974//1974 1816//1816 1817//1817
f 1975//1975 1974//1974 1817//1817
f 1818//1818 1977//1977 1978//1978
f 1819//1819 1818//1818 1978//1978
f 1820//1820 1819//1819 1979//1979
f 1819//1819 1978//1978 1979//1979
f 1822//1822 1820//1820 1981//1981
f 1820//1820 1979//1979 1981//1981
f 1980//1980 1821//1821 1822//1822
f 1981//1981 1980//1980 1822//1822
f 1823//1823 1983//1983 1985//1985
f 1825//1825 1823//1823 1985//1985
f 1824//1824 1984//1984 1823//1823
f 1823//1823 1984//1984 1983//1983
f 1984//1984 1824//1824 1827//1827
f 1987//1987 1984//1984 1827//1827
f 1826//1826 1986//1986 1990//1990
f 1829//1829 1826//1826 1990//1990
f 1985//1985 1826//1826 1825//1825
f 1986//1986 1826//1826 1985//1985
f 1827//1827 1989//1989 1987//1987
f 1828//1828 1989//1989 1827//1827
f 1989//1989 1828//1828 1830//1830
f 1991//1991 1989//1989 1830//1830
f 1829//1829 1990//1990 1831//1831
f 1990//1990 1992//1992 1831//1831
f 1830//1830 1834//1834 1991//1991
f 1991//1991 1834//1834 1996//1996
f 1831//1831 1992//1992 1993//1993
f 1832//1832 1831//1831 1993//1993
f 1836//1836 1994//1994 1839//1839
f 1836//1836 1832//1832 1994//1994
f 1832//1832 1993//1993 1994//1994
f 1839//1839 1833//1833 1837//1837
f 1839//1839 1994//1994 1833//1833
f 1994//1994 1995//1995 1833//1833
f 1835//1835 1833//1833 1997//1997
f 1833//1833 1995//1995 1997//1997
f 1996//1996 1834//1834 1835//1835
f 1997//1997 1996//1996 1835//1835
f 1836//1836 1839//1839 1838//1838
f 1837//1837 1838//1838 1839//1839
f 1840//1840 1846//1846 1844//1844
f 2000//2000 1846//1846 1840//1840
f 2000//2000 1840//1840 1998//1998
f 1998//1998 1840//1840 1841//1841
f 1848//1848 2002//2002 1998//1998
f 1848//1848 1998//1998 1842//1842
f 1842//1842 1998//1998 1841//1841
f 1842//1842 1847//1847 1848//1848
f 1843//1843 1853//1853 1851//1851
f 2006//2006 1853//1853 1843//1843
f 2006//2006 1843//1843 1999//1999
f 1999//1999 1843//1843 1845//1845
f 1846//1846 1845//1845 1844//1844
f 1846//1846 2001//2001 1845//1845
f 2001//2001 1999//1999 1845//1845
f 2000//2000 2001//2001 1846//1846
f 1848//1848 2004//2004 2002//2002
f 1847//1847 2004//2004 1848//1848
f 1847//1847 1849//1849 2004//2004
f 1849//1849 2005//2005 2004//2004
f 1855//1855 2009//2009 2005//2005
f 1855//1855 2005//2005 1850//1850
f 1850//1850 2005//2005 1849//1849
f 1850//1850 1854//1854 1855//1855
f 1852//1852 1857//1857 1856//1856
f 1852//1852 2011//2011 1857//1857
f 1851//1851 2011//2011 1852//1852
f 1851//1851 2007//2007 2011//2011
f 1851//1851 1853//1853 2007//2007
f 2006//2006 2007//2007 1853//1853
f 1855//1855 2010//2010 2009//2009
f 2010//2010 1855//1855 1854//1854
f 2010//2010 1854//1854 2013//2013
f 2013//2013 1854//1854 1858//1858
f 1857//1857 1861//1861 1860//1860
f 1856//1856 1857//1857 1860//1860
f 2014//2014 1857//1857 2011//2011
f 1861//1861 1857//1857 2014//2014
f 1859//1859 1865//1865 1867//1867
f 1859//1859 1867//1867 2018//2018
f 1859//1859 2018//2018 1858//1858
f 1858//1858 2018//2018 2013//2013
f 1861//1861 1870//1870 1868//1868
f 1860//1860 1861//1861 1868//1868
f 2020//2020 1861//1861 2014//2014
f 1870//1870 1861//1861 2020//2020
f 1862//1862 1871//1871 1872//1872
f 2021//2021 1862//1862 1872//1872
f 2021//2021 2015//2015 1862//1862
f 2015//2015 1863//1863 1862//1862
f 1864//1864 1863//1863 2016//2016
f 1863//1863 2015//2015 2016//2016
f 1866//1866 1864//1864 2017//2017
f 1864//1864 2016//2016 2017//2017
f 1867//1867 1865//1865 1866//1866
f 1867//1867 1866//1866 2019//2019
f 2019//2019 1866//1866 2017//2017
f 2018//2018 1867//1867 2019//2019
f 1868//1868 1870//1870 1869//1869
f 1870//1870 1873//1873 1869//1869
f 1870//1870 2020//2020 1873//1873
f 2020//2020 2024//2024 1873//1873
f 1872//1872 2025//2025 2022//2022
f 1872//1872 1871//1871 2025//2025
f 1871//1871 1874//1874 2025//2025
f 2021//2021 1872//1872 2022//2022
f 1873//1873 2024//2024 1875//1875
f 2024//2024 2026//2026 1875//1875
f 1874//1874 1876//1876 2025//2025
f 2025//2025 1876//1876 2027//2027
f 1875//1875 2026//2026 1877//1877
f 2026//2026 2028//2028 1877//1877
f 1876//1876 1879//1879 2027//2027
f 2027//2027 1879//1879 2030//2030
f 1877//1877 2028//2028 2029//2029
f 1878//1878 1877//1877 2029//2029
f 2029//2029 1880//1880 1878//1878
f 2031//2031 1880//1880 2029//2029
f 1879//1879 1881//1881 2030//2030
f 2030//2030 1881//1881 2032//2032
f 1880//1880 2031//2031 2033//2033
f 1882//1882 1880//1880 2033//2033
f 2032//2032 1881//1881 1882//1882
f 2033//2033 2032//2032 1882//1882
f 1883//1883 2034//2034 2043//2043
f 1893//1893 1883//1883 2043//2043
f 1884//1884 2035//2035 1883//1883
f 1883//1883 2035//2035 2034//2034
f 1885//1885 2036//2036 1884//1884
f 1884//1884 2036//2036 2035//2035
f 1886//1886 2037//2037 1885//1885
f 1885//1885 2037//2037 2036//2036
f 2037//2037 1886//1886 1895//1895
f 2044//2044 2037//2037 1895//1895
f 1887//1887 1898//1898 1896//1896
f 2045//2045 1898//1898 1887//1887
f 2045//2045 1887//1887 2038//2038
f 2038//2038 1887//1887 1888//1888
f 1889//1889 2039//2039 1888//1888
f 1888//1888 2039//2039 2038//2038
f 1890//1890 2040//2040 1889//1889
f 1889//1889 2040//2040 2039//2039
f 1891//1891 2041//2041 1890//1890
f 1890//1890 2041//2041 2040//2040
f 1892//1892 2042//2042 1891//1891
f 1891//1891 2042//2042 2041//2041
f 2042//2042 1892//1892 1900//1900
f 2048//2048 2042//2042 1900//1900
f 1894//1894 1903//1903 1902//1902
f 1894//1894 2050//2050 1903//1903
f 1894//1894 1893//1893 2050//2050
f 1893//1893 2043//2043 2050//2050
f 1895//1895 1904//1904 2044//2044
f 2044//2044 1904//1904 2052//2052
f 1897//1897 1907//1907 1905//1905
f 1897//1897 2053//2053 1907//1907
f 1896//1896 2053//2053 1897//1897
f 1896//1896 2046//2046 2053//2053
f 1896//1896 1898//1898 2046//2046
f 2045//2045 2046//2046 1898//1898
f 1899//1899 2055//2055 2047//2047
f 1908//1908 2055//2055 1899//1899
f 1901//1901 1899//1899 2049//2049
f 1899//1899 2047//2047 2049//2049
f 2048//2048 1900//1900 1901//1901
f 2049//2049 2048//2048 1901//1901
f 1903//1903 2051//2051 2057//2057
f 1903//1903 2057//2057 1902//1902
f 1902//1902 2057//2057 1910//1910
f 2050//2050 2051//2051 1903//1903
f 1904//1904 1912//1912 2052//2052
f 2052//2052 1912//1912 2059//2059
f 1906//1906 1915//1915 1914//1914
f 1906//1906 2061//2061 1915//1915
f 1905//1905 2061//2061 1906//1906
f 1905//1905 2054//2054 2061//2061
f 1905//1905 1907//1907 2054//2054
f 2053//2053 2054//2054 1907//1907
f 1909//1909 2062//2062 2056//2056
f 1916//1916 2062//2062 1909//1909
f 2055//2055 1908//1908 1909//1909
f 2056//2056 2055//2055 1909//1909
f 1910//1910 2057//2057 2058//2058
f 1911//1911 1910//1910 2058//2058
f 2058//2058 1918//1918 1911//1911
f 2064//2064 1918//1918 2058//2058
f 1913//1913 2067//2067 2060//2060
f 1921//1921 2067//2067 1913//1913
f 2059//2059 1912//1912 1913//1913
f 2060//2060 2059//2059 1913//1913
f 1915//1915 1924//1924 1923//1923
f 1914//1914 1915//1915 1923//1923
f 2069//2069 1915//1915 2061//2061
f 1924//1924 1915//1915 2069//2069
f 1917//1917 2070//2070 2063//2063
f 1925//1925 2070//2070 1917//1917
f 2062//2062 1916//1916 1917//1917
f 2063//2063 2062//2062 1917//1917
f 1918//1918 2064//2064 2065//2065
f 1919//1919 1918//1918 2065//2065
f 1920//1920 1919//1919 2066//2066
f 1919//1919 2065//2065 2066//2066
f 1922//1922 1920//1920 2068//2068
f 1920//1920 2066//2066 2068//2068
f 2067//2067 1921//1921 1922//1922
f 2068//2068 2067//2067 1922//1922
f 1924//1924 1928//1928 1926//1926
f 1923//1923 1924//1924 1926//1926
f 2071//2071 1924//1924 2069//2069
f 1928//1928 1924//1924 2071//2071
f 1925//1925 1929//1929 2070//2070
f 2070//2070 1929//1929 2072//2072
f 1926//1926 1928//1928 1927//1927
f 1928//1928 1930//1930 1927//1927
f 1928//1928 2071//2071 1930//1930
f 2071//2071 2073//2073 1930//1930
f 1929//1929 1931//1931 2072//2072
f 2072//2072 1931//1931 2076//2076
f 2074//2074 1935//1935 1933//1933
f 2074//2074 1933//1933 2073//2073
f 2073//2073 1933//1933 1930//1930
f 1935//1935 2075//2075 1937//1937
f 2074//2074 2075//2075 1935//1935
f 2075//2075 2077//2077 1937//1937
f 1941//1941 1931//1931 1932//1932
f 1941//1941 2078//2078 1931//1931
f 2078//2078 2076//2076 1931//1931
f 1932//1932 1939//1939 1941//1941
f 1933//1933 1935//1935 1934//1934
f 1936//1936 1934//1934 1935//1935
f 1937//1937 1936//1936 1935//1935
f 1937//1937 2077//2077 2079//2079
f 1937//1937 2079//2079 1936//1936
f 1936//1936 2079//2079 1938//1938
f 2078//2078 1941//1941 1940//1940
f 2078//2078 1940//1940 2079//2079
f 2079//2079 1940//1940 1938//1938
f 1939//1939 1940//1940 1941//1941
f 1942//1942 2080//2080 2081//2081
f 1944//1944 1942//1942 2081//2081
f 1947//1947 2083//2083 2080//2080
f 1947//1947 2080//2080 1943//1943
f 1943//1943 2080//2080 1942//1942
f 1943//1943 1946//1946 1947//1947
f 1945//1945 2082//2082 2086//2086
f 1949//1949 1945//1945 2086//2086
f 2081//2081 1945//1945 1944//1944
f 2082//2082 1945//1945 2081//2081
f 1947//1947 2084//2084 2083//2083
f 1946//1946 2084//2084 1947//1947
f 1946//1946 1948//1948 2084//2084
f 1948//1948 2085//2085 2084//2084
f 2085//2085 1948//1948 1950//1950
f 2088//2088 2085//2085 1950//1950
f 2087//2087 1953//1953 1951//1951
f 2087//2087 1951//1951 2086//2086
f 2086//2086 1951//1951 1949//1949
f 2087//2087 2090//2090 1953//1953
f 1956//1956 2092//2092 2089//2089
f 1956//1956 2089//2089 2088//2088
f 1956//1956 2088//2088 1954//1954
f 1954//1954 2088//2088 1950//1950
f 1951//1951 1953//1953 1952//1952
f 1957//1957 2091//2091 1959//1959
f 1952//1952 2091//2091 1957//1957
f 1952//1952 2090//2090 2091//2091
f 1952//1952 1953//1953 2090//2090
f 1959//1959 2093//2093 1962//1962
f 2091//2091 2093//2093 1959//1959
f 2092//2092 1962//1962 2093//2093
f 1956//1956 1962//1962 2092//2092
f 1956//1956 1960//1960 1962//1962
f 1956//1956 1955//1955 1960//1960
f 1954//1954 1955//1955 1956//1956
f 1957//1957 1959//1959 1958//1958
f 1961//1961 1958//1958 1959//1959
f 1962//1962 1961//1961 1959//1959
f 1960//1960 1961//1961 1962//1962
f 1967//1967 2094//2094 2097//2097
f 1967//1967 1965//1965 1963//1963
f 1967//1967 1963//1963 2094//2094
f 2094//2094 1963//1963 2095//2095
f 1964//1964 2096//2096 1963//1963
f 1963//1963 2096//2096 2095//2095
f 2096//2096 1964//1964 1968//1968
f 2098//2098 2096//2096 1968//1968
f 1966//1966 1967//1967 2097//2097
f 1966//1966 2097//2097 1970//1970
f 1970//1970 2097//2097 2099//2099
f 1965//1965 1967//1967 1966//1966
f 1972//1972 1968//1968 1969//1969
f 1972//1972 2100//2100 1968//1968
f 2100//2100 2098//2098 1968//1968
f 1969//1969 1971//1971 1972//1972
f 1970//1970 2099//2099 1973//1973
f 2099//2099 2101//2101 1973//1973
f 1976//1976 2100//2100 1972//1972
f 2102//2102 2100//2100 1976//1976
f 1971//1971 1974//1974 1976//1976
f 1972//1972 1971//1971 1976//1976
f 1973//1973 2101//2101 1977//1977
f 2101//2101 2104//2104 1977//1977
f 1982//1982 2106//2106 2103//2103
f 2102//2102 1982//1982 2103//2103
f 1976//1976 1982//1982 2102//2102
f 1976//1976 1980//1980 1982//1982
f 1976//1976 1975//1975 1980//1980
f 1974//1974 1975//1975 1976//1976
f 1977//1977 2104//2104 2105//2105
f 1978//1978 1977//1977 2105//2105
f 1979//1979 1978//1978 2107//2107
f 1978//1978 2105//2105 2107//2107
f 2106//2106 1982//1982 1981//1981
f 2106//2106 1981//1981 2107//2107
f 2107//2107 1981//1981 1979//1979
f 1980//1980 1981//1981 1982//1982
f 1983//1983 2108//2108 2109//2109
f 1985//1985 1983//1983 2109//2109
f 1988//1988 2111//2111 2108//2108
f 1988//1988 2108//2108 1984//1984
f 1984//1984 2108//2108 1983//1983
f 1984//1984 1987//1987 1988//1988
f 1986//1986 2110//2110 2114//2114
f 1990//1990 1986//1986 2114//2114
f 2109//2109 1986//1986 1985//1985
f 2110//2110 1986//1986 2109//2109
f 1988//1988 2112//2112 2111//2111
f 1987//1987 2112//2112 1988//1988
f 1987//1987 1989//1989 2112//2112
f 1989//1989 2113//2113 2112//2112
f 2113//2113 1989//1989 1991//1991
f 2115//2115 2113//2113 1991//1991
f 1990//1990 2114//2114 1992//1992
f 2114//2114 2116//2116 1992//1992
f 1991//1991 1996//1996 2115//2115
f 2115//2115 1996//1996 2120//2120
f 1992//1992 2116//2116 2117//2117
f 1993//1993 1992//1992 2117//2117
f 1994//1994 1993//1993 2118//2118
f 1993//1993 2117//2117 2118//2118
f 1995//1995 1994//1994 2119//2119
f 1994//1994 2118//2118 2119//2119
f 1997//1997 1995//1995 2121//2121
f 1995//1995 2119//2119 2121//2121
f 2120//2120 1996//1996 1997//1997
f 2121//2121 2120//2120 1997//1997
f 1998//1998 2003//2003 2000//2000
f 1998//1998 2002//2002 2003//2003
f 1999//1999 2008//2008 2006//2006
f 2126//2126 2008//2008 1999//1999
f 2126//2126 1999//1999 2122//2122
f 2122//2122 1999//1999 2001//2001
f 2003//2003 2001//2001 2000//2000
f 2003//2003 2123//2123 2001//2001
f 2123//2123 2122//2122 2001//2001
f 2002//2002 2123//2123 2003//2003
f 2002//2002 2004//2004 2123//2123
f 2004//2004 2124//2124 2123//2123
f 2005//2005 2125//2125 2004//2004
f 2004//2004 2125//2125 2124//2124
f 2125//2125 2005//2005 2009//2009
f 2128//2128 2125//2125 2009//2009
f 2007//2007 2012//2012 2011//2011
f 2007//2007 2130//2130 2012//2012
f 2006//2006 2130//2130 2007//2007
f 2006//2006 2127//2127 2130//2130
f 2006//2006 2008//2008 2127//2127
f 2126//2126 2127//2127 2008//2008
f 2009//2009 2129//2129 2128//2128
f 2010//2010 2129//2129 2009//2009
f 2129//2129 2010//2010 2013//2013
f 2132//2132 2129//2129 2013//2013
f 2012//2012 2131//2131 2133//2133
f 2012//2012 2133//2133 2011//2011
f 2011//2011 2133//2133 2014//2014
f 2130//2130 2131//2131 2012//2012
f 2013//2013 2018//2018 2132//2132
f 2132//2132 2018//2018 2136//2136
f 2014//2014 2133//2133 2020//2020
f 2133//2133 2138//2138 2020//2020
f 2015//2015 2021//2021 2023//2023
f 2140//2140 2015//2015 2023//2023
f 2140//2140 2134//2134 2015//2015
f 2134//2134 2016//2016 2015//2015
f 2017//2017 2016//2016 2135//2135
f 2016//2016 2134//2134 2135//2135
f 2019//2019 2017//2017 2137//2137
f 2017//2017 2135//2135 2137//2137
f 2136//2136 2018//2018 2019//2019
f 2137//2137 2136//2136 2019//2019
f 2020//2020 2138//2138 2024//2024
f 2138//2138 2142//2142 2024//2024
f 2022//2022 2143//2143 2139//2139
f 2025//2025 2143//2143 2022//2022
f 2023//2023 2021//2021 2022//2022
f 2023//2023 2022//2022 2141//2141
f 2141//2141 2022//2022 2139//2139
f 2140//2140 2023//2023 2141//2141
f 2024//2024 2142//2142 2026//2026
f 2142//2142 2144//2144 2026//2026
f 2025//2025 2027//2027 2143//2143
f 2143//2143 2027//2027 2145//2145
f 2026//2026 2144//2144 2028//2028
f 2144//2144 2146//2146 2028//2028
f 2027//2027 2030//2030 2145//2145
f 2145//2145 2030//2030 2148//2148
f 2028//2028 2146//2146 2147//2147
f 2029//2029 2028//2028 2147//2147
f 2147//2147 2031//2031 2029//2029
f 2149//2149 2031//2031 2147//2147
f 2030//2030 2032//2032 2148//2148
f 2148//2148 2032//2032 2150//2150
f 2031//2031 2149//2149 2151//2151
f 2033//2033 2031//2031 2151//2151
f 2150//2150 2032//2032 2033//2033
f 2151//2151 2150//2150 2033//2033
