# Blender 4.1.1
# www.blender.org
mtllib aorta_smoothed2.mtl
o aorta_smoothed2
v 60.000000 1.423393 -2.000000
v 59.873867 2.000000 -2.000000
v 60.000000 2.000000 -1.857124
v 60.000000 1.000000 -2.303974
v 59.829277 1.000000 -3.000000
v 59.581821 2.000000 -3.000000
v 60.000000 1.000000 -3.319353
v 60.000000 2.000000 -3.742882
v 61.000000 1.000000 -1.411993
v 60.127472 1.000000 -2.000000
v 61.000000 2.000000 -1.336931
v 60.521217 1.000000 -4.000000
v 60.227657 2.000000 -4.000000
v 61.000000 1.000000 -4.248341
v 61.000000 2.000000 -4.332489
v 62.000000 1.000000 -1.234745
v 62.000000 2.000000 -1.233259
v 62.000000 1.000000 -4.462794
v 62.000000 2.000000 -4.473410
v 63.000000 1.000000 -1.240882
v 63.000000 2.000000 -1.252367
v 63.000000 1.000000 -4.419423
v 63.000000 2.000000 -4.390238
v 64.000000 1.000000 -1.578214
v 64.000000 2.000000 -1.618636
v 64.000000 1.000000 -4.086591
v 64.000000 2.000000 -4.021477
v 64.454231 1.000000 -2.000000
v 64.391060 2.000000 -2.000000
v 64.744064 1.000000 -3.000000
v 64.656174 2.000000 -3.000000
v 64.126999 1.000000 -4.000000
v 64.030930 2.000000 -4.000000
v 60.000000 3.000000 -1.600430
v 59.547390 3.000000 -2.000000
v 59.188725 3.000000 -3.000000
v 60.000000 2.428530 -4.000000
v 59.766842 3.000000 -4.000000
v 60.000000 3.000000 -4.148699
v 61.000000 3.000000 -1.267026
v 61.000000 3.000000 -4.442186
v 62.000000 3.000000 -1.241115
v 62.000000 3.000000 -4.477405
v 63.000000 3.000000 -1.315880
v 63.000000 3.000000 -4.311464
v 64.000000 3.000000 -1.813472
v 64.000000 2.121912 -4.000000
v 64.000000 3.000000 -3.660739
v 63.698433 3.000000 -4.000000
v 64.166489 3.000000 -2.000000
v 64.398254 3.000000 -3.000000
v 59.000000 3.374710 -3.000000
v 58.747688 4.000000 -3.000000
v 59.000000 4.000000 -2.243070
v 59.000000 4.000000 -3.684841
v 60.000000 4.000000 -1.428556
v 59.145844 4.000000 -2.000000
v 59.178875 4.000000 -4.000000
v 60.000000 4.000000 -4.446789
v 61.000000 4.000000 -1.231792
v 61.000000 4.000000 -4.591935
v 62.000000 4.000000 -1.260490
v 62.000000 4.000000 -4.485349
v 63.000000 4.000000 -1.448488
v 63.000000 4.000000 -4.180315
v 64.000000 3.447667 -2.000000
v 63.741093 4.000000 -2.000000
v 64.000000 3.937823 -3.000000
v 63.969646 4.000000 -3.000000
v 63.304466 4.000000 -4.000000
v 59.000000 4.322209 -2.000000
v 58.766842 5.000000 -2.000000
v 59.000000 5.000000 -1.766840
v 58.290222 5.000000 -3.000000
v 59.000000 4.245123 -4.000000
v 58.595066 5.000000 -4.000000
v 59.000000 5.000000 -4.366138
v 60.000000 5.000000 -1.323543
v 60.000000 5.000000 -4.764548
v 61.000000 5.000000 -1.238082
v 61.000000 5.000000 -4.764560
v 62.000000 5.000000 -1.332326
v 62.000000 5.000000 -4.481816
v 63.000000 5.000000 -1.755450
v 63.000000 4.844204 -4.000000
v 63.000000 5.000000 -3.908600
v 62.937111 5.000000 -4.000000
v 63.232010 5.000000 -2.000000
v 63.451290 5.000000 -3.000000
v 58.000000 5.552470 -3.000000
v 57.791321 6.000000 -3.000000
v 58.000000 6.000000 -2.535687
v 58.000000 5.966183 -4.000000
v 57.980938 6.000000 -4.000000
v 58.000000 6.000000 -4.023125
v 59.000000 6.000000 -1.548275
v 58.400513 6.000000 -2.000000
v 59.000000 6.000000 -4.859676
v 60.000000 6.000000 -1.258576
v 60.000000 5.679058 -5.000000
v 59.518585 6.000000 -5.000000
v 60.000000 6.000000 -5.106981
v 61.000000 6.000000 -1.247484
v 61.000000 6.000000 -4.970429
v 60.790894 6.000000 -5.000000
v 62.000000 6.000000 -1.428556
v 62.000000 6.000000 -4.482616
v 63.000000 5.646309 -2.000000
v 62.838531 6.000000 -2.000000
v 63.000000 6.000000 -2.436912
v 63.000000 6.000000 -3.290076
v 62.665321 6.000000 -4.000000
v 63.115330 6.000000 -3.000000
v 58.000000 6.952333 -2.000000
v 57.984680 7.000000 -2.000000
v 58.000000 7.000000 -1.983372
v 57.376316 7.000000 -3.000000
v 57.499138 7.000000 -4.000000
v 58.000000 7.000000 -4.557251
v 59.000000 7.000000 -1.414643
v 59.000000 6.391066 -5.000000
v 58.642838 7.000000 -5.000000
v 59.000000 7.000000 -5.176881
v 60.000000 7.000000 -1.228913
v 60.000000 7.000000 -5.296614
v 61.000000 7.000000 -1.260490
v 61.000000 6.254565 -5.000000
v 61.000000 7.000000 -5.084458
v 62.000000 7.000000 -1.554405
v 62.000000 7.000000 -4.432642
v 61.146538 7.000000 -5.000000
v 62.505810 7.000000 -2.000000
v 62.836361 7.000000 -3.000000
v 63.000000 6.425445 -3.000000
v 62.467148 7.000000 -4.000000
v 58.000000 8.000000 -1.786206
v 57.764492 8.000000 -2.000000
v 57.053665 8.000000 -3.000000
v 57.133263 8.000000 -4.000000
v 58.000000 8.000000 -4.911186
v 59.000000 8.000000 -1.349094
v 58.152252 8.000000 -5.000000
v 59.000000 8.000000 -5.341350
v 60.000000 8.000000 -1.227500
v 60.000000 8.000000 -5.385909
v 61.000000 8.000000 -1.255625
v 61.000000 8.000000 -5.126917
v 62.000000 8.000000 -1.595605
v 62.000000 8.000000 -4.412618
v 61.207500 8.000000 -5.000000
v 62.428589 8.000000 -2.000000
v 62.781372 8.000000 -3.000000
v 62.410206 8.000000 -4.000000
v 57.000000 8.163981 -3.000000
v 56.764870 9.000000 -3.000000
v 57.000000 9.000000 -2.543990
v 57.000000 8.404722 -4.000000
v 56.825298 9.000000 -4.000000
v 57.000000 9.000000 -4.241692
v 58.000000 9.000000 -1.607128
v 57.480846 9.000000 -2.000000
v 58.000000 8.395857 -5.000000
v 57.826679 9.000000 -5.000000
v 58.000000 9.000000 -5.105199
v 59.000000 9.000000 -1.283056
v 59.000000 9.000000 -5.408348
v 60.000000 9.000000 -1.227500
v 60.000000 9.000000 -5.408348
v 61.000000 9.000000 -1.277185
v 61.000000 9.000000 -5.117781
v 62.000000 9.000000 -1.679139
v 62.000000 9.000000 -4.370576
v 61.188633 9.000000 -5.000000
v 62.315685 9.000000 -2.000000
v 62.694969 9.000000 -3.000000
v 62.347416 9.000000 -4.000000
v 57.000000 10.000000 -2.145459
v 56.496513 10.000000 -3.000000
v 56.538509 10.000000 -4.000000
v 57.000000 10.000000 -4.574440
v 58.000000 10.000000 -1.476177
v 57.165157 10.000000 -2.000000
v 57.548244 10.000000 -5.000000
v 58.000000 10.000000 -5.235423
v 59.000000 10.000000 -1.246019
v 59.000000 10.000000 -5.452089
v 60.000000 10.000000 -1.227500
v 60.000000 10.000000 -5.419423
v 61.000000 10.000000 -1.325700
v 61.000000 10.000000 -5.113456
v 62.000000 10.000000 -1.807125
v 62.000000 10.000000 -4.334245
v 61.179420 10.000000 -5.000000
v 62.175343 10.000000 -2.000000
v 62.588390 10.000000 -3.000000
v 62.295250 10.000000 -4.000000
v 57.000000 10.417237 -2.000000
v 56.832233 11.000000 -2.000000
v 57.000000 11.000000 -1.838358
v 56.140324 11.000000 -3.000000
v 56.167801 11.000000 -4.000000
v 57.000000 11.000000 -4.920967
v 58.000000 11.000000 -1.366171
v 57.131721 11.000000 -5.000000
v 58.000000 11.000000 -5.347311
v 59.000000 11.000000 -1.227500
v 59.000000 11.000000 -5.473410
v 60.000000 11.000000 -1.228913
v 60.000000 11.000000 -5.390238
v 61.000000 11.000000 -1.419690
v 61.000000 11.000000 -5.036454
v 62.000000 10.701364 -2.000000
v 61.895161 11.000000 -2.000000
v 62.000000 11.000000 -2.129671
v 62.000000 11.000000 -4.151678
v 61.054543 11.000000 -5.000000
v 62.349972 11.000000 -3.000000
v 62.120354 11.000000 -4.000000
v 56.000000 11.397583 -3.000000
v 55.813686 12.000000 -3.000000
v 56.000000 12.000000 -2.638550
v 56.000000 11.449274 -4.000000
v 55.818378 12.000000 -4.000000
v 56.000000 12.000000 -4.279877
v 57.000000 12.000000 -1.640379
v 56.550472 12.000000 -2.000000
v 57.000000 11.282262 -5.000000
v 56.744534 12.000000 -5.000000
v 57.000000 12.000000 -5.149233
v 58.000000 12.000000 -1.291025
v 58.000000 12.000000 -5.427970
v 59.000000 12.000000 -1.227500
v 59.000000 12.000000 -5.473410
v 60.000000 12.000000 -1.239589
v 60.000000 12.000000 -5.326540
v 61.000000 12.000000 -1.517190
v 61.000000 11.238167 -5.000000
v 61.000000 12.000000 -4.861485
v 60.761929 12.000000 -5.000000
v 61.612453 12.000000 -2.000000
v 62.000000 12.000000 -2.664365
v 62.000000 11.503296 -4.000000
v 62.000000 12.000000 -3.491744
v 61.866737 12.000000 -4.000000
v 62.111290 12.000000 -3.000000
v 56.000000 13.000000 -2.242479
v 55.532928 13.000000 -3.000000
v 55.461586 13.000000 -4.000000
v 56.000000 13.000000 -4.807621
v 57.000000 13.000000 -1.515596
v 56.282890 13.000000 -2.000000
v 56.227192 13.000000 -5.000000
v 57.000000 13.000000 -5.382760
v 58.000000 13.000000 -1.246019
v 58.000000 13.000000 -5.569591
v 59.000000 13.000000 -1.227500
v 59.000000 13.000000 -5.537751
v 60.000000 13.000000 -1.280098
v 60.000000 13.000000 -5.285725
v 61.000000 13.000000 -1.673452
v 61.000000 13.000000 -4.612389
v 60.492874 13.000000 -5.000000
v 61.334511 13.000000 -2.000000
v 61.783207 13.000000 -3.000000
v 62.000000 12.364569 -3.000000
v 61.543194 13.000000 -4.000000
v 56.000000 14.000000 -2.043051
v 55.280968 14.000000 -3.000000
v 55.084885 14.000000 -4.000000
v 56.000000 13.350809 -5.000000
v 55.677773 14.000000 -5.000000
v 56.000000 14.000000 -5.250824
v 57.000000 14.000000 -1.450677
v 56.064342 14.000000 -2.000000
v 57.000000 14.000000 -5.652874
v 58.000000 14.000000 -1.227500
v 58.000000 14.000000 -5.793295
v 59.000000 14.000000 -1.227500
v 59.000000 14.000000 -5.706848
v 60.000000 14.000000 -1.350372
v 60.000000 14.000000 -5.344866
v 61.000000 14.000000 -1.886681
v 61.000000 14.000000 -4.434580
v 60.442379 14.000000 -5.000000
v 61.095947 14.000000 -2.000000
v 61.503487 14.000000 -3.000000
v 61.325367 14.000000 -4.000000
v 55.000000 14.794609 -3.000000
v 54.924885 15.000000 -3.000000
v 55.000000 15.000000 -2.897305
v 55.000000 14.170747 -4.000000
v 54.616249 15.000000 -4.000000
v 55.000000 15.000000 -4.988287
v 56.000000 14.254565 -2.000000
v 55.870113 15.000000 -2.000000
v 56.000000 15.000000 -1.880937
v 55.006626 15.000000 -5.000000
v 56.000000 15.000000 -5.719916
v 57.000000 15.000000 -1.401604
v 57.000000 14.865723 -6.000000
v 56.817295 15.000000 -6.000000
v 57.000000 15.000000 -6.054632
v 58.000000 15.000000 -1.227500
v 58.000000 14.560687 -6.000000
v 58.000000 15.000000 -6.165000
v 59.000000 15.000000 -1.236594
v 59.000000 14.896449 -6.000000
v 59.000000 15.000000 -6.035725
v 60.000000 15.000000 -1.459965
v 60.000000 15.000000 -5.529214
v 59.087135 15.000000 -6.000000
v 61.000000 14.355270 -2.000000
v 60.761452 15.000000 -2.000000
v 61.000000 15.000000 -2.335986
v 61.000000 15.000000 -4.253319
v 60.486389 15.000000 -5.000000
v 61.244274 15.000000 -3.000000
v 61.150726 15.000000 -4.000000
v 55.000000 16.000000 -2.558427
v 54.647236 16.000000 -3.000000
v 54.263496 16.000000 -4.000000
v 55.000000 15.010688 -5.000000
v 54.537163 16.000000 -5.000000
v 55.000000 16.000000 -5.561312
v 56.000000 16.000000 -1.739033
v 55.671051 16.000000 -2.000000
v 56.000000 15.647468 -6.000000
v 55.695000 16.000000 -6.000000
v 56.000000 16.000000 -6.131135
v 57.000000 16.000000 -1.346925
v 57.000000 16.000000 -6.344251
v 58.000000 16.000000 -1.227500
v 58.000000 16.000000 -6.397177
v 59.000000 16.000000 -1.255481
v 59.000000 16.000000 -6.248341
v 60.000000 16.000000 -1.574659
v 60.000000 16.000000 -5.689456
v 59.553593 16.000000 -6.000000
v 60.492500 16.000000 -2.000000
v 61.000000 16.000000 -2.948443
v 61.000000 15.942031 -4.000000
v 61.000000 16.000000 -3.629000
v 60.990726 16.000000 -4.000000
v 60.495548 16.000000 -5.000000
v 61.016552 16.000000 -3.000000
v 54.000000 16.747868 -4.000000
v 53.909763 17.000000 -4.000000
v 54.000000 17.000000 -3.788333
v 54.000000 17.000000 -4.439615
v 55.000000 17.000000 -2.255625
v 54.360764 17.000000 -3.000000
v 54.130867 17.000000 -5.000000
v 55.000000 17.000000 -5.994144
v 56.000000 17.000000 -1.583474
v 55.377232 17.000000 -2.000000
v 55.010555 17.000000 -6.000000
v 56.000000 17.000000 -6.353062
v 57.000000 17.000000 -1.283056
v 57.000000 17.000000 -6.483937
v 58.000000 17.000000 -1.227500
v 58.000000 17.000000 -6.498527
v 59.000000 17.000000 -1.305700
v 59.000000 17.000000 -6.323249
v 60.000000 17.000000 -1.757125
v 60.000000 17.000000 -5.685000
v 59.655560 17.000000 -6.000000
v 60.225929 17.000000 -2.000000
v 60.707310 17.000000 -3.000000
v 61.000000 16.055176 -3.000000
v 60.757545 17.000000 -4.000000
v 60.392868 17.000000 -5.000000
v 54.000000 18.000000 -3.189947
v 53.605465 18.000000 -4.000000
v 54.000000 17.364250 -5.000000
v 53.788082 18.000000 -5.000000
v 54.000000 18.000000 -5.320546
v 55.000000 18.000000 -2.062373
v 54.107559 18.000000 -3.000000
v 55.000000 17.021376 -6.000000
v 54.673790 18.000000 -6.000000
v 55.000000 18.000000 -6.187297
v 56.000000 18.000000 -1.486250
v 55.109501 18.000000 -2.000000
v 56.000000 18.000000 -6.445529
v 57.000000 18.000000 -1.246019
v 57.000000 18.000000 -6.515000
v 58.000000 18.000000 -1.235124
v 58.000000 18.000000 -6.496438
v 59.000000 18.000000 -1.387882
v 59.000000 18.000000 -6.285048
v 60.000000 17.971500 -2.000000
v 59.990395 18.000000 -2.000000
v 60.000000 18.000000 -2.009716
v 60.000000 18.000000 -5.471450
v 59.532257 18.000000 -6.000000
v 60.451527 18.000000 -3.000000
v 60.549755 18.000000 -4.000000
v 60.232243 18.000000 -5.000000
v 54.000000 18.388153 -3.000000
v 53.834442 19.000000 -3.000000
v 54.000000 19.000000 -2.809831
v 53.327461 19.000000 -4.000000
v 53.480083 19.000000 -5.000000
v 54.000000 19.000000 -5.737558
v 55.000000 18.428478 -2.000000
v 54.901165 19.000000 -2.000000
v 55.000000 19.000000 -1.909966
v 54.316402 19.000000 -6.000000
v 55.000000 19.000000 -6.335527
v 56.000000 19.000000 -1.420472
v 56.000000 19.000000 -6.547628
v 57.000000 19.000000 -1.227500
v 57.000000 19.000000 -6.589597
v 58.000000 19.000000 -1.250660
v 58.000000 19.000000 -6.541753
v 59.000000 19.000000 -1.506196
v 59.000000 19.000000 -6.264403
v 59.648998 19.000000 -2.000000
v 60.000000 19.000000 -2.491400
v 60.000000 19.000000 -5.114313
v 59.428589 19.000000 -6.000000
v 60.195614 19.000000 -3.000000
v 60.347500 19.000000 -4.000000
v 60.046658 19.000000 -5.000000
v 54.000000 20.000000 -2.611243
v 53.613583 20.000000 -3.000000
v 53.052982 20.000000 -4.000000
v 53.151722 20.000000 -5.000000
v 54.000000 19.638773 -6.000000
v 53.867050 20.000000 -6.000000
v 54.000000 20.000000 -6.104049
v 55.000000 20.000000 -1.841151
v 54.806839 20.000000 -2.000000
v 55.000000 20.000000 -6.542338
v 56.000000 20.000000 -1.402826
v 56.000000 20.000000 -6.742738
v 57.000000 20.000000 -1.227500
v 57.000000 20.000000 -6.765362
v 58.000000 20.000000 -1.295839
v 58.000000 20.000000 -6.667338
v 59.000000 20.000000 -1.675808
v 59.000000 20.000000 -6.291772
v 59.348305 20.000000 -2.000000
v 59.913635 20.000000 -3.000000
v 60.000000 19.719717 -3.000000
v 60.000000 20.000000 -3.322935
v 60.000000 19.295000 -5.000000
v 60.000000 20.000000 -4.587642
v 59.879917 20.000000 -5.000000
v 59.402519 20.000000 -6.000000
v 60.148308 20.000000 -4.000000
v 53.000000 20.189520 -4.000000
v 52.782757 21.000000 -4.000000
v 53.000000 21.000000 -3.578550
v 53.000000 20.463017 -5.000000
v 52.839458 21.000000 -5.000000
v 53.000000 21.000000 -5.299471
v 54.000000 21.000000 -2.462877
v 53.375683 21.000000 -3.000000
v 53.488960 21.000000 -6.000000
v 54.000000 21.000000 -6.413832
v 55.000000 21.000000 -1.793942
v 54.720478 21.000000 -2.000000
v 55.000000 21.000000 -6.843079
v 56.000000 21.000000 -1.394167
v 56.000000 20.768311 -7.000000
v 55.650101 21.000000 -7.000000
v 56.000000 21.000000 -7.082826
v 57.000000 21.000000 -1.235124
v 57.000000 20.751522 -7.000000
v 57.000000 21.000000 -7.082826
v 58.000000 21.000000 -1.374866
v 58.000000 21.000000 -6.892500
v 57.451183 21.000000 -7.000000
v 59.000000 21.000000 -1.923151
v 59.000000 21.000000 -6.343866
v 59.068245 21.000000 -2.000000
v 59.624435 21.000000 -3.000000
v 59.904083 21.000000 -4.000000
v 60.000000 20.610685 -4.000000
v 59.728004 21.000000 -5.000000
v 59.379135 21.000000 -6.000000
v 53.000000 22.000000 -3.017018
v 52.433094 22.000000 -4.000000
v 52.474274 22.000000 -5.000000
v 53.000000 21.998014 -6.000000
v 52.999138 22.000000 -6.000000
v 53.000000 22.000000 -6.000980
v 54.000000 22.000000 -2.330855
v 53.014160 22.000000 -3.000000
v 54.000000 22.000000 -6.809803
v 55.000000 22.000000 -1.760094
v 54.626030 22.000000 -2.000000
v 55.000000 21.436369 -7.000000
v 54.451401 22.000000 -7.000000
v 55.000000 22.000000 -7.192266
v 56.000000 22.000000 -1.394167
v 56.000000 22.000000 -7.351513
v 57.000000 22.000000 -1.250660
v 57.000000 22.000000 -7.301099
v 58.000000 22.000000 -1.495426
v 58.000000 21.695168 -7.000000
v 58.000000 22.000000 -7.046658
v 59.000000 21.228624 -2.000000
v 58.697498 22.000000 -2.000000
v 59.000000 22.000000 -2.321406
v 59.000000 22.000000 -6.308137
v 58.079521 22.000000 -7.000000
v 59.335800 22.000000 -3.000000
v 59.632004 22.000000 -4.000000
v 59.543968 22.000000 -5.000000
v 59.275703 22.000000 -6.000000
v 53.000000 22.038647 -3.000000
v 52.670391 23.000000 -3.000000
v 53.000000 23.000000 -2.749212
v 52.089577 23.000000 -4.000000
v 52.132591 23.000000 -5.000000
v 52.616314 23.000000 -6.000000
v 53.000000 23.000000 -6.438856
v 54.000000 23.000000 -2.234583
v 54.000000 22.520845 -7.000000
v 53.733803 23.000000 -7.000000
v 54.000000 23.000000 -7.155725
v 55.000000 23.000000 -1.738230
v 54.531723 23.000000 -2.000000
v 55.000000 23.000000 -7.453978
v 56.000000 23.000000 -1.394167
v 56.000000 23.000000 -7.558562
v 57.000000 23.000000 -1.295839
v 57.000000 23.000000 -7.464933
v 58.000000 23.000000 -1.670649
v 58.000000 23.000000 -7.120547
v 58.359543 23.000000 -2.000000
v 59.000000 23.000000 -2.948827
v 59.000000 23.000000 -6.131885
v 58.170185 23.000000 -7.000000
v 59.022167 23.000000 -3.000000
v 59.341801 23.000000 -4.000000
v 59.302128 23.000000 -5.000000
v 59.094204 23.000000 -6.000000
v 52.000000 23.283125 -4.000000
v 51.803211 24.000000 -4.000000
v 52.000000 24.000000 -3.577421
v 52.000000 23.335779 -5.000000
v 51.761005 24.000000 -5.000000
v 52.000000 24.000000 -5.647405
v 53.000000 24.000000 -2.612337
v 52.415569 24.000000 -3.000000
v 52.164822 24.000000 -6.000000
v 53.000000 24.000000 -6.910613
v 54.000000 24.000000 -2.183278
v 53.130707 24.000000 -7.000000
v 54.000000 24.000000 -7.430584
v 55.000000 24.000000 -1.727500
v 54.468132 24.000000 -2.000000
v 55.000000 24.000000 -7.685338
v 56.000000 24.000000 -1.394167
v 56.000000 24.000000 -7.752905
v 57.000000 24.000000 -1.356656
v 57.000000 24.000000 -7.610214
v 58.000000 24.000000 -1.875861
v 58.000000 24.000000 -7.141264
v 58.111359 24.000000 -2.000000
v 58.705082 24.000000 -3.000000
v 59.000000 23.070253 -3.000000
v 59.000000 24.000000 -3.884758
v 59.000000 23.476250 -6.000000
v 59.000000 24.000000 -5.245800
v 58.895248 24.000000 -6.000000
v 58.166523 24.000000 -7.000000
v 59.035370 24.000000 -4.000000
v 59.030724 24.000000 -5.000000
v 52.000000 25.000000 -3.353785
v 51.672298 25.000000 -4.000000
v 51.546021 25.000000 -5.000000
v 52.000000 24.442142 -6.000000
v 51.814049 25.000000 -6.000000
v 52.000000 25.000000 -6.276732
v 53.000000 25.000000 -2.551010
v 52.293449 25.000000 -3.000000
v 53.000000 24.247410 -7.000000
v 52.685486 25.000000 -7.000000
v 53.000000 25.000000 -7.219505
v 54.000000 25.000000 -2.131392
v 54.000000 25.000000 -7.661061
v 55.000000 25.000000 -1.690463
v 54.357117 25.000000 -2.000000
v 55.000000 25.000000 -7.971299
v 56.000000 25.000000 -1.384193
v 56.000000 24.857109 -8.000000
v 55.390335 25.000000 -8.000000
v 56.000000 25.000000 -8.044828
v 57.000000 25.000000 -1.454172
v 57.000000 25.000000 -7.830558
v 56.223049 25.000000 -8.000000
v 58.000000 24.445440 -2.000000
v 57.807602 25.000000 -2.000000
v 58.000000 25.000000 -2.176215
v 58.000000 25.000000 -7.174814
v 58.440723 25.000000 -3.000000
v 58.757545 25.000000 -4.000000
v 59.000000 24.119083 -4.000000
v 59.000000 24.130745 -5.000000
v 58.809090 25.000000 -5.000000
v 58.758480 25.000000 -6.000000
v 58.171616 25.000000 -7.000000
v 52.000000 26.000000 -3.261483
v 51.588940 26.000000 -4.000000
v 51.371040 26.000000 -5.000000
v 51.496658 26.000000 -6.000000
v 52.000000 26.000000 -6.777160
v 53.000000 26.000000 -2.496791
v 52.233749 26.000000 -3.000000
v 52.219330 26.000000 -7.000000
v 53.000000 26.000000 -7.498216
v 54.000000 26.000000 -2.047609
v 54.000000 26.000000 -7.908024
v 55.000000 26.000000 -1.616389
v 54.136875 26.000000 -2.000000
v 55.000000 25.110472 -8.000000
v 54.285683 26.000000 -8.000000
v 55.000000 26.000000 -8.217258
v 56.000000 26.000000 -1.382736
v 56.000000 26.000000 -8.243784
v 57.000000 26.000000 -1.588885
v 57.000000 26.000000 -7.971441
v 56.916294 26.000000 -8.000000
v 57.505707 26.000000 -2.000000
v 58.000000 26.000000 -2.547598
v 58.000000 26.000000 -7.111345
v 58.229576 26.000000 -3.000000
v 58.572075 26.000000 -4.000000
v 58.653629 26.000000 -5.000000
v 58.632561 26.000000 -6.000000
v 58.095531 26.000000 -7.000000
v 52.000000 27.000000 -3.150840
v 51.484734 27.000000 -4.000000
v 51.195583 27.000000 -5.000000
v 51.208897 27.000000 -6.000000
v 52.000000 26.480259 -7.000000
v 51.802975 27.000000 -7.000000
v 52.000000 27.000000 -7.180509
v 53.000000 27.000000 -2.410431
v 52.139668 27.000000 -3.000000
v 53.000000 27.000000 -7.776797
v 54.000000 26.365000 -2.000000
v 53.825050 27.000000 -2.000000
v 54.000000 27.000000 -1.894167
v 54.000000 26.342817 -8.000000
v 53.542469 27.000000 -8.000000
v 54.000000 27.000000 -8.169695
v 55.000000 27.000000 -1.505278
v 55.000000 27.000000 -8.385909
v 56.000000 27.000000 -1.392613
v 56.000000 27.000000 -8.342867
v 57.000000 27.000000 -1.791192
v 57.000000 27.000000 -7.994448
v 56.989037 27.000000 -8.000000
v 57.208809 27.000000 -2.000000
v 57.942368 27.000000 -3.000000
v 58.000000 26.824018 -3.000000
v 58.000000 27.000000 -3.113276
v 58.000000 26.504532 -7.000000
v 58.000000 27.000000 -6.849000
v 57.906185 27.000000 -7.000000
v 58.355507 27.000000 -4.000000
v 58.458622 27.000000 -5.000000
v 58.443508 27.000000 -6.000000
v 51.000000 27.747410 -5.000000
v 50.923950 28.000000 -5.000000
v 51.000000 28.000000 -4.811400
v 51.000000 27.571398 -6.000000
v 50.835339 28.000000 -6.000000
v 51.000000 28.000000 -6.323833
v 52.000000 28.000000 -3.035438
v 51.315311 28.000000 -4.000000
v 51.395161 28.000000 -7.000000
v 52.000000 28.000000 -7.551154
v 53.000000 28.000000 -2.366106
v 52.037060 28.000000 -3.000000
v 53.000000 27.714251 -8.000000
v 52.815643 28.000000 -8.000000
v 53.000000 28.000000 -8.083634
v 54.000000 28.000000 -1.838611
v 53.735909 28.000000 -2.000000
v 54.000000 28.000000 -8.351513
v 55.000000 28.000000 -1.495994
v 55.000000 28.000000 -8.456308
v 56.000000 28.000000 -1.515805
v 56.000000 28.000000 -8.336973
v 57.000000 27.603222 -2.000000
v 56.801613 28.000000 -2.000000
v 57.000000 28.000000 -2.139492
v 57.000000 28.000000 -7.872464
v 56.808010 28.000000 -8.000000
v 57.598614 28.000000 -3.000000
v 58.000000 28.000000 -3.839261
v 58.000000 28.000000 -6.391000
v 57.678585 28.000000 -7.000000
v 58.070724 28.000000 -4.000000
v 58.196789 28.000000 -5.000000
v 58.187599 28.000000 -6.000000
v 51.000000 29.000000 -4.131722
v 50.607311 29.000000 -5.000000
v 50.467659 29.000000 -6.000000
v 51.000000 28.845209 -7.000000
v 50.930775 29.000000 -7.000000
v 51.000000 29.000000 -7.080180
v 52.000000 28.303438 -3.000000
v 51.928558 29.000000 -3.000000
v 52.000000 29.000000 -2.938083
v 51.067741 29.000000 -4.000000
v 52.000000 29.000000 -7.929434
v 53.000000 29.000000 -2.379111
v 52.148186 29.000000 -8.000000
v 53.000000 29.000000 -8.305583
v 54.000000 29.000000 -1.949722
v 53.906380 29.000000 -2.000000
v 54.000000 29.000000 -8.462794
v 55.000000 29.000000 -1.684623
v 55.000000 29.000000 -8.485962
v 56.000000 29.000000 -1.835851
v 56.000000 29.000000 -8.311165
v 56.226913 29.000000 -2.000000
v 57.000000 29.000000 -2.651694
v 57.000000 29.000000 -7.710847
v 56.655239 29.000000 -8.000000
v 57.226585 29.000000 -3.000000
v 57.709442 29.000000 -4.000000
v 58.000000 28.191149 -4.000000
v 58.000000 28.599178 -5.000000
v 57.867054 29.000000 -5.000000
v 58.000000 28.700850 -6.000000
v 57.919926 29.000000 -6.000000
v 57.479050 29.000000 -7.000000
v 51.000000 29.359241 -4.000000
v 50.884453 30.000000 -4.000000
v 51.000000 30.000000 -3.857128
v 50.394413 30.000000 -5.000000
v 50.183872 30.000000 -6.000000
v 50.555355 30.000000 -7.000000
v 51.000000 30.000000 -7.511190
v 52.000000 30.000000 -2.910236
v 51.880936 30.000000 -3.000000
v 52.000000 29.241940 -8.000000
v 51.659222 30.000000 -8.000000
v 52.000000 30.000000 -8.176043
v 53.000000 30.000000 -2.458432
v 53.000000 30.000000 -8.423697
v 54.000000 29.181000 -2.000000
v 54.000000 30.000000 -2.170625
v 54.000000 30.000000 -8.504731
v 55.000000 29.783516 -2.000000
v 55.000000 30.000000 -2.070330
v 55.000000 30.000000 -8.466716
v 56.000000 29.304539 -2.000000
v 56.000000 30.000000 -2.320333
v 56.000000 30.000000 -8.234024
v 57.000000 29.533482 -3.000000
v 56.752651 30.000000 -3.000000
v 57.000000 30.000000 -3.317715
v 57.000000 30.000000 -7.406712
v 56.427349 30.000000 -8.000000
v 57.389877 30.000000 -4.000000
v 57.601658 30.000000 -5.000000
v 57.678936 30.000000 -6.000000
v 57.252205 30.000000 -7.000000
v 50.000000 30.717100 -6.000000
v 49.925552 31.000000 -6.000000
v 50.000000 31.000000 -5.785682
v 50.000000 31.000000 -6.314333
v 51.000000 31.000000 -3.755481
v 50.794918 31.000000 -4.000000
v 50.254192 31.000000 -5.000000
v 50.185875 31.000000 -7.000000
v 51.000000 31.000000 -7.913142
v 52.000000 31.000000 -2.902817
v 51.860256 31.000000 -3.000000
v 51.142834 31.000000 -8.000000
v 52.000000 31.000000 -8.341350
v 53.000000 31.000000 -2.527751
v 53.000000 31.000000 -8.483937
v 54.000000 31.000000 -2.354351
v 54.000000 31.000000 -8.508863
v 55.000000 31.000000 -2.387173
v 55.000000 31.000000 -8.418022
v 56.000000 31.000000 -2.732131
v 56.000000 31.000000 -8.107335
v 56.314301 31.000000 -3.000000
v 57.000000 31.000000 -3.836220
v 57.000000 30.981413 -7.000000
v 57.000000 31.000000 -6.990706
v 56.994621 31.000000 -7.000000
v 56.169159 31.000000 -8.000000
v 57.104923 31.000000 -4.000000
v 57.390121 31.000000 -5.000000
v 57.453457 31.000000 -6.000000
v 50.000000 32.000000 -5.384716
v 49.713520 32.000000 -6.000000
v 50.000000 31.617100 -7.000000
v 49.892445 32.000000 -7.000000
v 50.000000 32.000000 -7.174046
v 51.000000 32.000000 -3.741226
v 50.775166 32.000000 -4.000000
v 50.172729 32.000000 -5.000000
v 51.000000 31.313536 -8.000000
v 50.763489 32.000000 -8.000000
v 51.000000 32.000000 -8.137293
v 52.000000 32.000000 -2.913409
v 51.873001 32.000000 -3.000000
v 52.000000 32.000000 -8.423697
v 53.000000 32.000000 -2.570193
v 53.000000 32.000000 -8.504731
v 54.000000 32.000000 -2.453562
v 54.000000 32.000000 -8.496437
v 55.000000 32.000000 -2.571419
v 55.000000 32.000000 -8.347500
v 56.000000 32.000000 -2.993603
v 56.000000 31.571487 -8.000000
v 56.000000 32.000000 -7.878038
v 55.829517 32.000000 -8.000000
v 56.007534 32.000000 -3.000000
v 56.812954 32.000000 -4.000000
v 57.000000 31.373056 -4.000000
v 57.000000 32.000000 -4.512955
v 57.000000 32.000000 -6.390500
v 56.675415 32.000000 -7.000000
v 57.159924 32.000000 -5.000000
v 57.179310 32.000000 -6.000000
v 50.000000 33.000000 -5.211620
v 49.547100 33.000000 -6.000000
v 49.660408 33.000000 -7.000000
v 50.000000 33.000000 -7.597548
v 51.000000 33.000000 -3.732019
v 50.761631 33.000000 -4.000000
v 50.119659 33.000000 -5.000000
v 50.394859 33.000000 -8.000000
v 51.000000 33.000000 -8.292899
v 52.000000 33.000000 -2.913409
v 51.873001 33.000000 -3.000000
v 52.000000 33.000000 -8.483937
v 53.000000 33.000000 -2.580577
v 53.000000 33.000000 -8.515000
v 54.000000 33.000000 -2.501473
v 54.000000 33.000000 -8.477405
v 55.000000 33.000000 -2.684269
v 55.000000 33.000000 -8.276379
v 56.000000 32.030945 -3.000000
v 55.658524 33.000000 -3.000000
v 56.000000 33.000000 -3.254291
v 56.000000 33.000000 -7.597857
v 55.552757 33.000000 -8.000000
v 56.565296 33.000000 -4.000000
v 56.907963 33.000000 -5.000000
v 57.000000 32.642899 -5.000000
v 57.000000 32.702900 -6.000000
v 56.920135 33.000000 -6.000000
v 56.418499 33.000000 -7.000000
v 50.000000 34.000000 -5.139297
v 49.427776 34.000000 -6.000000
v 49.507568 34.000000 -7.000000
v 50.000000 34.000000 -7.908711
v 51.000000 34.000000 -3.727500
v 50.753380 34.000000 -4.000000
v 50.090134 34.000000 -5.000000
v 50.096249 34.000000 -8.000000
v 51.000000 34.000000 -8.367898
v 52.000000 34.000000 -2.913409
v 51.873001 34.000000 -3.000000
v 52.000000 34.000000 -8.504731
v 53.000000 34.000000 -2.580577
v 53.000000 34.000000 -8.515000
v 54.000000 34.000000 -2.535253
v 54.000000 34.000000 -8.464447
v 55.000000 34.000000 -2.786739
v 55.000000 34.000000 -8.226659
v 55.367874 34.000000 -3.000000
v 56.000000 34.000000 -3.583500
v 56.000000 34.000000 -7.350425
v 55.406422 34.000000 -8.000000
v 56.289547 34.000000 -4.000000
v 56.617638 34.000000 -5.000000
v 56.660542 34.000000 -6.000000
v 56.214710 34.000000 -7.000000
v 50.000000 35.000000 -5.081007
v 49.284042 35.000000 -6.000000
v 49.308662 35.000000 -7.000000
v 50.000000 34.268333 -8.000000
v 49.814270 35.000000 -8.000000
v 50.000000 35.000000 -8.122563
v 51.000000 35.000000 -3.727500
v 50.750595 35.000000 -4.000000
v 50.059643 35.000000 -5.000000
v 51.000000 35.000000 -8.431660
v 52.000000 35.000000 -2.913409
v 51.873001 35.000000 -3.000000
v 52.000000 35.000000 -8.515000
v 53.000000 35.000000 -2.591652
v 53.000000 35.000000 -8.515000
v 54.000000 35.000000 -2.610721
v 54.000000 35.000000 -8.455558
v 55.000000 35.000000 -2.983447
v 55.000000 35.000000 -8.193788
v 55.023472 35.000000 -3.000000
v 55.940273 35.000000 -4.000000
v 56.000000 34.846016 -4.000000
v 56.000000 35.000000 -4.129671
v 56.000000 35.000000 -7.110272
v 55.323513 35.000000 -8.000000
v 56.334064 35.000000 -5.000000
v 56.429310 35.000000 -6.000000
v 56.058304 35.000000 -7.000000
v 50.000000 36.000000 -5.005856
v 49.069584 36.000000 -6.000000
v 49.039032 36.000000 -7.000000
v 49.560131 36.000000 -8.000000
v 50.000000 36.000000 -8.239928
v 51.000000 36.000000 -3.727500
v 50.746292 36.000000 -4.000000
v 50.004913 36.000000 -5.000000
v 51.000000 36.000000 -8.466716
v 52.000000 36.000000 -2.913409
v 51.873001 36.000000 -3.000000
v 52.000000 36.000000 -8.525393
v 53.000000 36.000000 -2.621109
v 53.000000 36.000000 -8.535872
v 54.000000 36.000000 -2.714931
v 54.000000 36.000000 -8.483092
v 55.000000 35.066914 -3.000000
v 54.586273 36.000000 -3.000000
v 55.000000 36.000000 -3.302448
v 55.000000 36.000000 -8.187280
v 55.571442 36.000000 -4.000000
v 56.000000 36.000000 -4.985130
v 56.000000 35.362320 -7.000000
v 56.000000 36.000000 -6.628021
v 55.896793 36.000000 -7.000000
v 55.282383 36.000000 -8.000000
v 56.006027 36.000000 -5.000000
v 56.153801 36.000000 -6.000000
v 49.000000 36.264755 -6.000000
v 48.809208 37.000000 -6.000000
v 49.000000 37.000000 -5.805516
v 49.000000 36.114803 -7.000000
v 48.731281 37.000000 -7.000000
v 49.000000 37.000000 -7.684015
v 50.000000 36.044998 -5.000000
v 49.873112 37.000000 -5.000000
v 50.000000 37.000000 -4.870393
v 49.215000 37.000000 -8.000000
v 50.000000 37.000000 -8.344547
v 51.000000 37.000000 -3.706433
v 50.716793 37.000000 -4.000000
v 51.000000 37.000000 -8.506883
v 52.000000 37.000000 -2.923510
v 51.884388 37.000000 -3.000000
v 52.000000 37.000000 -8.567836
v 53.000000 37.000000 -2.694417
v 53.000000 37.000000 -8.604074
v 54.000000 37.000000 -2.899776
v 54.000000 37.000000 -8.538420
v 54.163780 37.000000 -3.000000
v 55.000000 37.000000 -3.761889
v 55.000000 37.000000 -8.134564
v 55.182644 37.000000 -4.000000
v 55.637539 37.000000 -5.000000
v 56.000000 36.015472 -5.000000
v 56.000000 36.424576 -6.000000
v 55.798744 37.000000 -6.000000
v 55.654839 37.000000 -7.000000
v 55.166512 37.000000 -8.000000
v 49.000000 38.000000 -5.606472
v 48.601585 38.000000 -6.000000
v 48.502102 38.000000 -7.000000
v 49.000000 37.613384 -8.000000
v 48.902630 38.000000 -8.000000
v 49.000000 38.000000 -8.069921
v 50.000000 38.000000 -4.683590
v 49.677090 38.000000 -5.000000
v 50.000000 38.000000 -8.443119
v 51.000000 38.000000 -3.675462
v 50.644653 38.000000 -4.000000
v 51.000000 38.000000 -8.594637
v 52.000000 37.890881 -3.000000
v 52.000000 38.000000 -3.010137
v 52.000000 38.000000 -8.692268
v 53.000000 38.000000 -2.860550
v 52.059837 38.000000 -3.000000
v 53.000000 38.000000 -8.734323
v 54.000000 37.373055 -3.000000
v 53.462620 38.000000 -3.000000
v 54.000000 38.000000 -3.214272
v 54.000000 38.000000 -8.589010
v 55.000000 37.446457 -4.000000
v 54.756981 38.000000 -4.000000
v 55.000000 38.000000 -4.428548
v 55.000000 37.723282 -8.000000
v 55.000000 38.000000 -7.883487
v 54.925587 38.000000 -8.000000
v 55.267059 38.000000 -5.000000
v 55.432743 38.000000 -6.000000
v 55.353394 38.000000 -7.000000
v 49.000000 39.000000 -5.436594
v 48.466599 39.000000 -6.000000
v 48.363323 39.000000 -7.000000
v 48.724854 39.000000 -8.000000
v 49.000000 39.000000 -8.193463
v 50.000000 39.000000 -4.447788
v 49.447788 39.000000 -5.000000
v 50.000000 39.000000 -8.545290
v 51.000000 39.000000 -3.639444
v 50.506195 39.000000 -4.000000
v 51.000000 39.000000 -8.704182
v 52.000000 39.000000 -3.179275
v 52.000000 39.000000 -8.816337
v 53.000000 38.493984 -3.000000
v 53.000000 39.000000 -3.155495
v 53.000000 39.000000 -8.813864
v 54.000000 39.000000 -3.626429
v 54.000000 39.000000 -8.500884
v 54.371265 39.000000 -4.000000
v 54.941639 39.000000 -5.000000
v 55.000000 38.830391 -5.000000
v 55.000000 39.000000 -5.361833
v 55.000000 38.973118 -7.000000
v 55.000000 39.000000 -6.911667
v 54.989864 39.000000 -7.000000
v 54.551308 39.000000 -8.000000
v 55.096207 39.000000 -6.000000
v 49.000000 40.000000 -5.299706
v 48.384224 40.000000 -6.000000
v 48.288177 40.000000 -7.000000
v 48.607933 40.000000 -8.000000
v 49.000000 40.000000 -8.271588
v 50.000000 40.000000 -4.236250
v 49.277908 40.000000 -5.000000
v 50.000000 40.000000 -8.626233
v 51.000000 40.000000 -3.633918
v 50.326149 40.000000 -4.000000
v 51.000000 40.000000 -8.803417
v 52.000000 40.000000 -3.376614
v 52.000000 40.000000 -8.896421
v 53.000000 40.000000 -3.477341
v 53.000000 40.000000 -8.796571
v 54.000000 40.000000 -3.999121
v 54.000000 40.000000 -8.284806
v 54.000988 40.000000 -4.000000
v 54.712746 40.000000 -5.000000
v 54.889053 40.000000 -6.000000
v 55.000000 39.455833 -6.000000
v 54.732063 40.000000 -7.000000
v 54.262768 40.000000 -8.000000
v 49.000000 41.000000 -5.213792
v 48.334404 41.000000 -6.000000
v 48.233070 41.000000 -7.000000
v 48.518257 41.000000 -8.000000
v 49.000000 41.000000 -8.323672
v 50.000000 41.000000 -4.108742
v 49.187382 41.000000 -5.000000
v 50.000000 41.000000 -8.670442
v 51.000000 41.000000 -3.635705
v 50.173763 41.000000 -4.000000
v 51.000000 41.000000 -8.846472
v 52.000000 41.000000 -3.505866
v 52.000000 41.000000 -8.899735
v 53.000000 41.000000 -3.704072
v 53.000000 41.000000 -8.704471
v 54.000000 40.002842 -4.000000
v 53.549957 41.000000 -4.000000
v 54.000000 41.000000 -4.350724
v 54.000000 41.000000 -8.047007
v 54.528904 41.000000 -5.000000
v 54.769928 41.000000 -6.000000
v 54.578373 41.000000 -7.000000
v 54.041542 41.000000 -8.000000
v 49.000000 42.000000 -5.138113
v 48.247715 42.000000 -6.000000
v 48.102776 42.000000 -7.000000
v 48.343075 42.000000 -8.000000
v 49.000000 42.000000 -8.415259
v 50.000000 42.000000 -4.093428
v 49.126392 42.000000 -5.000000
v 50.000000 42.000000 -8.772549
v 51.000000 42.000000 -3.671995
v 50.168808 42.000000 -4.000000
v 51.000000 41.912640 -9.000000
v 50.937099 42.000000 -9.000000
v 51.000000 42.000000 -9.017093
v 52.000000 42.000000 -3.605433
v 52.000000 41.651718 -9.000000
v 52.000000 42.000000 -9.060571
v 53.000000 42.000000 -3.885985
v 53.000000 42.000000 -8.746503
v 52.202637 42.000000 -9.000000
v 53.194496 42.000000 -4.000000
v 54.000000 42.000000 -4.652075
v 54.000000 41.285801 -8.000000
v 54.000000 42.000000 -7.836193
v 53.878536 42.000000 -8.000000
v 54.288956 42.000000 -5.000000
v 54.594902 42.000000 -6.000000
v 54.442451 42.000000 -7.000000
v 48.000000 42.401310 -7.000000
v 47.851212 43.000000 -7.000000
v 48.000000 43.000000 -6.355257
v 48.000000 42.930111 -8.000000
v 47.977211 43.000000 -8.000000
v 48.000000 43.000000 -8.021250
v 49.000000 43.000000 -5.043663
v 48.084480 43.000000 -6.000000
v 49.000000 43.000000 -8.682374
v 50.000000 43.000000 -4.194569
v 49.046631 43.000000 -5.000000
v 50.000000 42.641850 -9.000000
v 49.685001 43.000000 -9.000000
v 50.000000 43.000000 -9.162392
v 51.000000 43.000000 -3.793715
v 50.434040 43.000000 -4.000000
v 51.000000 43.000000 -9.478097
v 52.000000 43.000000 -3.755092
v 52.000000 43.000000 -9.438324
v 53.000000 42.538258 -4.000000
v 52.728012 43.000000 -4.000000
v 53.000000 43.000000 -4.115436
v 53.000000 43.000000 -8.917098
v 52.866798 43.000000 -9.000000
v 54.000000 43.000000 -4.977695
v 54.000000 43.000000 -7.547886
v 53.749401 43.000000 -8.000000
v 54.017971 43.000000 -5.000000
v 54.334045 43.000000 -6.000000
v 54.259243 43.000000 -7.000000
v 60.000000 42.836475 -24.000000
v 59.839378 43.000000 -24.000000
v 60.000000 43.000000 -23.337927
v 60.000000 42.691864 -25.000000
v 59.739529 43.000000 -25.000000
v 61.000000 42.977348 -22.000000
v 60.943985 43.000000 -22.000000
v 61.000000 43.000000 -21.960144
v 61.000000 42.558231 -23.000000
v 60.138550 43.000000 -23.000000
v 61.000000 42.281307 -24.000000
v 61.000000 42.118778 -25.000000
v 62.000000 42.801365 -22.000000
v 62.000000 43.000000 -21.693016
v 62.000000 42.349274 -23.000000
v 62.000000 42.116367 -24.000000
v 62.000000 42.024643 -25.000000
v 63.000000 42.857906 -22.000000
v 63.000000 43.000000 -21.746164
v 63.000000 42.463169 -23.000000
v 63.000000 42.307735 -24.000000
v 63.000000 42.294273 -25.000000
v 63.637684 43.000000 -22.000000
v 64.000000 43.000000 -22.275093
v 64.000000 42.793972 -23.000000
v 64.000000 42.670986 -24.000000
v 64.000000 42.642845 -25.000000
v 64.567322 43.000000 -23.000000
v 64.814316 43.000000 -24.000000
v 65.000000 43.000000 -24.990334
v 65.000000 42.999245 -25.000000
v 65.002640 43.000000 -25.000000
v 48.000000 43.322208 -6.000000
v 47.826519 44.000000 -6.000000
v 48.000000 44.000000 -5.813173
v 47.513306 44.000000 -7.000000
v 47.528843 44.000000 -8.000000
v 48.000000 44.000000 -8.504575
v 49.000000 43.326427 -5.000000
v 48.899681 44.000000 -5.000000
v 49.000000 44.000000 -4.918707
v 49.000000 43.611343 -9.000000
v 48.659008 44.000000 -9.000000
v 49.000000 44.000000 -9.252762
v 50.000000 44.000000 -4.337652
v 50.000000 44.000000 -9.886115
v 51.000000 43.865589 -4.000000
v 51.000000 44.000000 -4.034104
v 51.000000 43.805744 -10.000000
v 50.432178 44.000000 -10.000000
v 51.000000 44.000000 -10.125113
v 52.000000 43.857178 -4.000000
v 52.000000 44.000000 -4.044949
v 52.000000 44.000000 -9.915000
v 51.615139 44.000000 -10.000000
v 53.000000 44.000000 -4.448040
v 53.000000 43.311974 -9.000000
v 53.000000 44.000000 -9.174300
v 54.000000 43.055176 -5.000000
v 53.643345 44.000000 -5.000000
v 54.000000 44.000000 -5.912796
v 54.000000 44.000000 -7.183702
v 53.685726 44.000000 -8.000000
v 53.149399 44.000000 -9.000000
v 54.026520 44.000000 -6.000000
v 54.070026 44.000000 -7.000000
v 60.000000 43.754646 -21.000000
v 59.543991 44.000000 -21.000000
v 60.000000 44.000000 -20.234831
v 60.000000 43.406136 -22.000000
v 59.231991 44.000000 -22.000000
v 60.000000 43.088814 -23.000000
v 59.106007 44.000000 -23.000000
v 59.071815 44.000000 -24.000000
v 59.079018 44.000000 -25.000000
v 61.000000 43.545654 -21.000000
v 61.000000 44.000000 -20.033197
v 62.000000 43.956444 -20.000000
v 61.259544 44.000000 -20.000000
v 62.000000 44.000000 -19.923878
v 62.000000 43.458225 -21.000000
v 63.000000 43.841099 -20.000000
v 63.000000 44.000000 -19.706179
v 63.000000 43.398212 -21.000000
v 64.000000 43.694546 -20.000000
v 64.000000 44.000000 -19.345459
v 64.000000 43.375500 -21.000000
v 64.000000 43.074276 -22.000000
v 65.000000 43.645542 -20.000000
v 65.000000 44.000000 -19.217239
v 65.000000 43.369202 -21.000000
v 65.000000 43.243572 -22.000000
v 65.000000 43.144226 -23.000000
v 65.000000 43.075405 -24.000000
v 66.000000 43.800274 -20.000000
v 66.000000 44.000000 -19.594496
v 66.000000 43.480988 -21.000000
v 66.000000 43.352283 -22.000000
v 66.000000 43.304485 -23.000000
v 66.000000 43.307350 -24.000000
v 66.000000 43.294918 -25.000000
v 66.535263 44.000000 -20.000000
v 67.000000 44.000000 -20.341715
v 67.000000 43.667599 -21.000000
v 67.000000 43.404976 -22.000000
v 67.000000 43.368229 -23.000000
v 67.000000 43.499229 -24.000000
v 67.000000 43.656315 -25.000000
v 67.828949 44.000000 -21.000000
v 68.000000 44.000000 -21.163000
v 68.000000 43.629452 -22.000000
v 68.000000 43.517941 -23.000000
v 68.000000 43.697369 -24.000000
v 68.000000 43.992661 -25.000000
v 68.629601 44.000000 -22.000000
v 68.834679 44.000000 -23.000000
v 68.516617 44.000000 -24.000000
v 68.012054 44.000000 -25.000000
v 48.000000 45.000000 -5.596775
v 47.579353 45.000000 -6.000000
v 47.209145 45.000000 -7.000000
v 47.119610 45.000000 -8.000000
v 48.000000 44.727657 -9.000000
v 47.826855 45.000000 -9.000000
v 48.000000 45.000000 -9.201116
v 49.000000 45.000000 -4.854923
v 48.781822 45.000000 -5.000000
v 49.000000 44.897942 -10.000000
v 48.895302 45.000000 -10.000000
v 49.000000 45.000000 -10.075435
v 50.000000 45.000000 -4.474224
v 50.000000 44.134838 -10.000000
v 50.000000 45.000000 -10.610989
v 51.000000 45.000000 -4.304283
v 51.000000 45.000000 -10.680136
v 52.000000 45.000000 -4.386108
v 52.000000 44.203751 -10.000000
v 52.000000 45.000000 -10.312977
v 53.000000 45.000000 -4.798073
v 53.000000 45.000000 -9.334432
v 52.381302 45.000000 -10.000000
v 53.251007 45.000000 -5.000000
v 53.761410 45.000000 -6.000000
v 54.000000 44.102901 -6.000000
v 54.000000 44.456291 -7.000000
v 53.917377 45.000000 -7.000000
v 53.635757 45.000000 -8.000000
v 53.231125 45.000000 -9.000000
v 58.000000 44.975761 -20.000000
v 57.975178 45.000000 -20.000000
v 58.000000 45.000000 -19.834200
v 58.000000 45.000000 -20.690834
v 59.000000 44.635632 -19.000000
v 58.224247 45.000000 -19.000000
v 59.000000 45.000000 -18.224247
v 59.000000 44.400272 -20.000000
v 59.000000 44.284946 -21.000000
v 58.013538 45.000000 -21.000000
v 59.000000 44.174320 -22.000000
v 58.019161 45.000000 -22.000000
v 59.000000 44.102776 -23.000000
v 58.074558 45.000000 -23.000000
v 59.000000 44.085133 -24.000000
v 58.172783 45.000000 -24.000000
v 59.000000 44.106106 -25.000000
v 58.280777 45.000000 -25.000000
v 60.000000 44.458862 -19.000000
v 60.000000 45.000000 -18.076336
v 60.000000 44.069973 -20.000000
v 61.000000 44.522564 -19.000000
v 61.000000 45.000000 -18.225672
v 61.000000 44.015266 -20.000000
v 62.000000 44.514870 -19.000000
v 62.000000 45.000000 -18.168348
v 63.000000 44.898167 -18.000000
v 62.496185 45.000000 -18.000000
v 63.000000 45.000000 -17.840458
v 63.000000 44.381912 -19.000000
v 64.000000 44.705437 -18.000000
v 64.000000 45.000000 -17.546469
v 64.000000 44.175415 -19.000000
v 65.000000 44.710453 -18.000000
v 65.000000 45.000000 -17.580271
v 65.000000 44.112728 -19.000000
v 65.966873 45.000000 -18.000000
v 66.000000 45.000000 -18.015589
v 66.000000 44.334404 -19.000000
v 67.000000 44.916275 -19.000000
v 67.000000 45.000000 -18.889538
v 67.000000 44.206242 -20.000000
v 67.113319 45.000000 -19.000000
v 68.000000 45.000000 -19.791193
v 68.000000 44.822582 -20.000000
v 68.000000 44.086056 -21.000000
v 68.205643 45.000000 -20.000000
v 69.000000 45.000000 -20.881134
v 69.000000 44.898239 -21.000000
v 69.000000 44.290661 -22.000000
v 69.000000 44.124859 -23.000000
v 69.000000 44.321175 -24.000000
v 69.000000 44.590282 -25.000000
v 69.090096 45.000000 -21.000000
v 69.577087 45.000000 -22.000000
v 69.703064 45.000000 -23.000000
v 69.605659 45.000000 -24.000000
v 69.412308 45.000000 -25.000000
v 47.000000 45.472736 -8.000000
v 46.865788 46.000000 -8.000000
v 47.000000 46.000000 -7.179815
v 47.000000 46.000000 -8.219257
v 48.000000 46.000000 -5.485056
v 47.419460 46.000000 -6.000000
v 47.026676 46.000000 -7.000000
v 47.440529 46.000000 -9.000000
v 48.000000 46.000000 -9.794802
v 49.000000 46.000000 -4.828561
v 48.709545 46.000000 -5.000000
v 48.200428 46.000000 -10.000000
v 49.000000 46.000000 -10.589400
v 50.000000 46.000000 -4.560239
v 50.000000 45.905987 -11.000000
v 49.909557 46.000000 -11.000000
v 50.000000 46.000000 -11.036454
v 51.000000 46.000000 -4.490754
v 51.000000 45.949276 -11.000000
v 51.000000 46.000000 -11.016295
v 52.000000 46.000000 -4.681777
v 52.000000 46.000000 -10.547912
v 51.039314 46.000000 -11.000000
v 53.000000 45.502014 -5.000000
v 52.651894 46.000000 -5.000000
v 53.000000 46.000000 -5.291504
v 53.000000 46.000000 -9.483438
v 52.616856 46.000000 -10.000000
v 53.471054 46.000000 -6.000000
v 53.747047 46.000000 -7.000000
v 53.596924 46.000000 -8.000000
v 53.274849 46.000000 -9.000000
v 58.000000 45.582920 -18.000000
v 57.568436 46.000000 -18.000000
v 58.000000 46.000000 -17.408142
v 58.000000 45.143829 -19.000000
v 57.282398 46.000000 -19.000000
v 57.273861 46.000000 -20.000000
v 58.000000 45.014721 -21.000000
v 57.388447 46.000000 -21.000000
v 58.000000 45.023594 -22.000000
v 57.426479 46.000000 -22.000000
v 58.000000 45.098793 -23.000000
v 57.475025 46.000000 -23.000000
v 58.000000 45.230839 -24.000000
v 57.524036 46.000000 -24.000000
v 58.000000 45.378719 -25.000000
v 57.599274 46.000000 -25.000000
v 59.000000 45.878643 -17.000000
v 58.680237 46.000000 -17.000000
v 59.000000 46.000000 -16.800545
v 59.000000 45.127163 -18.000000
v 60.000000 45.847107 -17.000000
v 60.000000 46.000000 -16.724789
v 60.000000 45.053665 -18.000000
v 61.000000 45.869972 -17.000000
v 61.000000 46.000000 -16.727705
v 61.000000 45.155231 -18.000000
v 62.000000 45.768036 -17.000000
v 62.000000 46.000000 -16.467346
v 62.000000 45.106525 -18.000000
v 63.000000 45.942844 -16.000000
v 62.772552 46.000000 -16.000000
v 63.000000 46.000000 -15.881436
v 63.000000 45.511955 -17.000000
v 64.000000 45.828419 -16.000000
v 64.000000 46.000000 -15.692388
v 64.000000 45.346004 -17.000000
v 65.000000 45.946037 -16.000000
v 65.000000 46.000000 -15.912543
v 65.000000 45.387848 -17.000000
v 65.133484 46.000000 -16.000000
v 66.000000 46.000000 -16.562862
v 66.000000 45.712669 -17.000000
v 66.000000 45.010910 -18.000000
v 66.452614 46.000000 -17.000000
v 67.000000 46.000000 -17.528675
v 67.000000 45.657486 -18.000000
v 67.414627 46.000000 -18.000000
v 68.000000 45.699696 -19.000000
v 68.000000 46.000000 -18.638155
v 68.296272 46.000000 -19.000000
v 69.000000 45.782501 -20.000000
v 69.000000 46.000000 -19.782499
v 69.195602 46.000000 -20.000000
v 69.892441 46.000000 -21.000000
v 70.000000 46.000000 -21.270531
v 70.000000 45.608578 -22.000000
v 70.000000 45.484909 -23.000000
v 70.000000 45.671989 -24.000000
v 70.000000 45.977421 -25.000000
v 70.246895 46.000000 -22.000000
v 70.271233 46.000000 -23.000000
v 70.157570 46.000000 -24.000000
v 70.010887 46.000000 -25.000000
v 47.000000 46.220680 -7.000000
v 46.901466 47.000000 -7.000000
v 47.000000 47.000000 -6.740227
v 46.704365 47.000000 -8.000000
v 47.000000 47.000000 -8.549946
v 48.000000 47.000000 -5.438764
v 47.323544 47.000000 -6.000000
v 47.219135 47.000000 -9.000000
v 48.000000 46.423851 -10.000000
v 47.793266 47.000000 -10.000000
v 48.000000 47.000000 -10.214299
v 49.000000 47.000000 -4.826226
v 48.688404 47.000000 -5.000000
v 49.000000 47.000000 -10.955114
v 50.000000 47.000000 -4.614091
v 49.117237 47.000000 -11.000000
v 50.000000 47.000000 -11.271307
v 51.000000 47.000000 -4.635329
v 51.000000 47.000000 -11.197812
v 52.000000 47.000000 -4.973750
v 52.000000 47.000000 -10.681597
v 51.437714 47.000000 -11.000000
v 52.045132 47.000000 -5.000000
v 53.000000 47.000000 -5.818459
v 53.000000 47.000000 -9.533458
v 52.720669 47.000000 -10.000000
v 53.137970 47.000000 -6.000000
v 53.527809 47.000000 -7.000000
v 53.507652 47.000000 -8.000000
v 53.248241 47.000000 -9.000000
v 57.000000 46.654839 -18.000000
v 56.743183 47.000000 -18.000000
v 57.000000 47.000000 -17.137100
v 57.000000 46.436207 -19.000000
v 56.672825 47.000000 -19.000000
v 57.000000 46.476170 -20.000000
v 56.710720 47.000000 -20.000000
v 57.000000 46.710407 -21.000000
v 56.836826 47.000000 -21.000000
v 57.000000 46.784420 -22.000000
v 56.876812 47.000000 -22.000000
v 57.000000 46.914532 -23.000000
v 56.952862 47.000000 -23.000000
v 57.000000 47.000000 -23.914499
v 58.000000 46.683186 -16.000000
v 57.458893 47.000000 -16.000000
v 58.000000 47.000000 -15.100809
v 58.000000 46.256618 -17.000000
v 57.052330 47.000000 -17.000000
v 57.004318 47.000000 -24.000000
v 57.088829 47.000000 -25.000000
v 59.000000 46.712292 -15.000000
v 58.099346 47.000000 -15.000000
v 59.000000 47.000000 -14.136875
v 59.000000 46.385025 -16.000000
v 60.000000 46.861214 -14.000000
v 59.252693 47.000000 -14.000000
v 60.000000 47.000000 -13.711435
v 60.000000 46.588886 -15.000000
v 60.000000 46.308765 -16.000000
v 61.000000 46.793716 -14.000000
v 61.000000 47.000000 -13.571407
v 61.000000 46.538502 -15.000000
v 61.000000 46.277378 -16.000000
v 62.000000 46.789787 -14.000000
v 62.000000 47.000000 -13.602297
v 62.000000 46.483799 -15.000000
v 62.000000 46.176071 -16.000000
v 63.000000 46.801262 -14.000000
v 63.000000 47.000000 -13.681389
v 63.000000 46.385372 -15.000000
v 64.000000 46.889870 -14.000000
v 64.000000 47.000000 -13.843370
v 64.000000 46.371281 -15.000000
v 64.414604 47.000000 -14.000000
v 65.000000 47.000000 -14.253009
v 65.000000 46.545643 -15.000000
v 65.990395 47.000000 -15.000000
v 66.000000 46.367905 -16.000000
v 66.000000 47.000000 -15.007500
v 66.897980 47.000000 -16.000000
v 67.000000 46.384193 -17.000000
v 67.000000 47.000000 -16.114777
v 67.745453 47.000000 -17.000000
v 68.000000 46.529625 -18.000000
v 68.000000 47.000000 -17.328690
v 68.432159 47.000000 -18.000000
v 69.000000 46.806576 -19.000000
v 69.000000 47.000000 -18.783234
v 69.178337 47.000000 -19.000000
v 69.980843 47.000000 -20.000000
v 70.000000 47.000000 -20.029432
v 70.000000 46.159420 -21.000000
v 70.520142 47.000000 -21.000000
v 70.710724 47.000000 -22.000000
v 70.621040 47.000000 -23.000000
v 70.471504 47.000000 -24.000000
v 70.350197 47.000000 -25.000000
v 47.000000 48.000000 -6.532260
v 46.809246 48.000000 -7.000000
v 46.604752 48.000000 -8.000000
v 47.000000 48.000000 -8.837000
v 48.000000 48.000000 -5.448968
v 47.271713 48.000000 -6.000000
v 47.072540 48.000000 -9.000000
v 47.552853 48.000000 -10.000000
v 48.000000 48.000000 -10.500917
v 49.000000 48.000000 -4.901250
v 48.808144 48.000000 -5.000000
v 49.000000 47.160305 -11.000000
v 48.657124 48.000000 -11.000000
v 49.000000 48.000000 -11.207803
v 50.000000 48.000000 -4.732376
v 50.000000 48.000000 -11.410563
v 51.000000 48.000000 -4.833436
v 51.000000 48.000000 -11.267357
v 52.000000 47.077953 -5.000000
v 51.366093 48.000000 -5.000000
v 52.000000 48.000000 -5.353808
v 52.000000 48.000000 -10.707455
v 51.534714 48.000000 -11.000000
v 53.000000 47.349926 -6.000000
v 52.712467 48.000000 -6.000000
v 53.000000 48.000000 -6.439755
v 53.000000 48.000000 -9.535739
v 52.743050 48.000000 -10.000000
v 53.282894 48.000000 -7.000000
v 53.409752 48.000000 -8.000000
v 53.226658 48.000000 -9.000000
v 56.000000 47.889919 -16.000000
v 55.857128 48.000000 -16.000000
v 56.000000 48.000000 -15.542159
v 56.000000 47.888680 -17.000000
v 55.885159 48.000000 -17.000000
v 56.000000 47.904747 -18.000000
v 55.923130 48.000000 -18.000000
v 56.000000 48.000000 -18.386618
v 57.000000 47.834335 -14.000000
v 56.694656 48.000000 -14.000000
v 57.000000 48.000000 -13.694657
v 57.000000 47.532589 -15.000000
v 56.207436 48.000000 -15.000000
v 57.000000 47.270077 -16.000000
v 57.000000 47.041546 -17.000000
v 56.111523 48.000000 -19.000000
v 56.231590 48.000000 -20.000000
v 56.344276 48.000000 -21.000000
v 56.382362 48.000000 -22.000000
v 56.469879 48.000000 -23.000000
v 57.000000 47.009193 -24.000000
v 56.565353 48.000000 -24.000000
v 57.000000 47.194077 -25.000000
v 56.656734 48.000000 -25.000000
v 58.000000 47.943951 -13.000000
v 57.874752 48.000000 -13.000000
v 58.000000 48.000000 -12.890914
v 58.000000 47.406467 -14.000000
v 58.000000 47.036270 -15.000000
v 59.000000 47.555382 -13.000000
v 59.000000 48.000000 -12.072926
v 59.000000 47.051327 -14.000000
v 60.000000 47.804276 -12.000000
v 59.149021 48.000000 -12.000000
v 60.000000 48.000000 -11.653584
v 60.000000 47.353966 -13.000000
v 61.000000 47.739487 -12.000000
v 61.000000 48.000000 -11.533815
v 61.000000 47.287098 -13.000000
v 62.000000 47.822498 -12.000000
v 62.000000 48.000000 -11.674583
v 62.000000 47.332611 -13.000000
v 62.901154 48.000000 -12.000000
v 63.000000 48.000000 -12.035367
v 63.000000 47.449501 -13.000000
v 64.000000 47.632526 -13.000000
v 64.000000 48.000000 -12.434658
v 65.000000 47.980824 -13.000000
v 65.000000 48.000000 -12.972888
v 65.000000 47.176659 -14.000000
v 65.036568 48.000000 -13.000000
v 66.000000 48.000000 -13.662840
v 66.000000 47.731560 -14.000000
v 66.000000 47.005516 -15.000000
v 66.312187 48.000000 -14.000000
v 67.000000 48.000000 -14.859769
v 67.000000 47.889454 -15.000000
v 67.000000 47.089893 -16.000000
v 67.100296 48.000000 -15.000000
v 67.891403 48.000000 -16.000000
v 68.000000 47.247116 -17.000000
v 68.000000 48.000000 -16.133236
v 68.648712 48.000000 -17.000000
v 69.000000 47.635349 -18.000000
v 69.000000 48.000000 -17.517176
v 69.383423 48.000000 -18.000000
v 70.000000 47.810173 -19.000000
v 70.000000 48.000000 -18.755451
v 70.000000 47.021961 -20.000000
v 70.179771 48.000000 -19.000000
v 70.775276 48.000000 -20.000000
v 71.000000 47.835144 -21.000000
v 71.000000 48.000000 -20.682501
v 71.000000 47.741730 -22.000000
v 71.000000 48.000000 -22.428617
v 70.872726 48.000000 -23.000000
v 70.637810 48.000000 -24.000000
v 70.494232 48.000000 -25.000000
v 71.084877 48.000000 -21.000000
v 71.097321 48.000000 -22.000000
v 47.000000 49.000000 -6.285690
v 46.667675 49.000000 -7.000000
v 46.454739 49.000000 -8.000000
v 47.000000 48.301197 -9.000000
v 46.822403 49.000000 -9.000000
v 47.000000 49.000000 -9.440343
v 48.000000 49.000000 -5.481866
v 47.192673 49.000000 -6.000000
v 47.230820 49.000000 -10.000000
v 48.000000 49.000000 -10.945452
v 49.000000 48.610455 -5.000000
v 49.000000 49.000000 -5.063015
v 48.069511 49.000000 -11.000000
v 49.000000 49.000000 -11.525725
v 50.000000 49.000000 -4.945634
v 49.535625 49.000000 -5.000000
v 50.000000 49.000000 -11.632005
v 51.000000 48.639000 -5.000000
v 50.359516 49.000000 -5.000000
v 51.000000 49.000000 -5.100787
v 51.000000 49.000000 -11.397770
v 52.000000 49.000000 -5.626972
v 52.000000 49.000000 -10.744519
v 51.670620 49.000000 -11.000000
v 52.430416 49.000000 -6.000000
v 53.000000 49.000000 -6.800496
v 53.000000 49.000000 -9.327048
v 52.675262 49.000000 -10.000000
v 53.112411 49.000000 -7.000000
v 53.306229 49.000000 -8.000000
v 53.134380 49.000000 -9.000000
v 55.000000 48.953903 -15.000000
v 54.954491 49.000000 -15.000000
v 55.000000 49.000000 -14.801528
v 55.000000 48.769775 -16.000000
v 54.779602 49.000000 -16.000000
v 55.000000 49.000000 -16.803223
v 56.000000 48.980824 -13.000000
v 55.975040 49.000000 -13.000000
v 56.000000 49.000000 -12.961173
v 56.000000 48.402584 -14.000000
v 55.215336 49.000000 -14.000000
v 56.000000 48.138691 -15.000000
v 55.052395 49.000000 -17.000000
v 55.260082 49.000000 -18.000000
v 56.000000 48.191330 -19.000000
v 55.561466 49.000000 -19.000000
v 56.000000 48.416862 -20.000000
v 55.687099 49.000000 -20.000000
v 56.000000 48.598740 -21.000000
v 55.777077 49.000000 -21.000000
v 56.000000 48.662544 -22.000000
v 55.807167 49.000000 -22.000000
v 56.000000 48.949059 -23.000000
v 55.973202 49.000000 -23.000000
v 56.000000 49.000000 -23.093546
v 57.000000 48.845356 -12.000000
v 56.734482 49.000000 -12.000000
v 57.000000 49.000000 -11.746442
v 57.000000 48.382999 -13.000000
v 56.250526 49.000000 -24.000000
v 56.475025 49.000000 -25.000000
v 58.000000 48.966785 -11.000000
v 57.930954 49.000000 -11.000000
v 58.000000 49.000000 -10.919145
v 58.000000 48.429302 -12.000000
v 59.000000 48.973202 -10.000000
v 58.931400 49.000000 -10.000000
v 59.000000 49.000000 -9.943461
v 59.000000 48.564274 -11.000000
v 59.000000 48.036270 -12.000000
v 60.000000 48.777611 -10.000000
v 60.000000 49.000000 -9.534588
v 60.000000 48.360268 -11.000000
v 61.000000 48.710842 -10.000000
v 61.000000 49.000000 -9.392475
v 61.000000 48.291172 -11.000000
v 62.000000 48.740932 -10.000000
v 62.000000 49.000000 -9.430053
v 62.000000 48.342041 -11.000000
v 63.000000 48.876133 -10.000000
v 63.000000 49.000000 -9.723681
v 63.000000 48.489975 -11.000000
v 63.000000 48.019569 -12.000000
v 63.412212 49.000000 -10.000000
v 64.000000 49.000000 -10.407443
v 64.000000 48.741856 -11.000000
v 64.000000 48.255554 -12.000000
v 64.573021 49.000000 -11.000000
v 65.000000 49.000000 -11.332094
v 65.000000 48.590862 -12.000000
v 65.789345 49.000000 -12.000000
v 66.000000 48.514626 -13.000000
v 66.000000 49.000000 -12.210656
v 66.542671 49.000000 -13.000000
v 67.000000 48.767395 -14.000000
v 67.000000 49.000000 -13.700585
v 67.153801 49.000000 -14.000000
v 67.688698 49.000000 -15.000000
v 68.000000 49.000000 -15.381950
v 68.000000 48.153931 -16.000000
v 68.577118 49.000000 -16.000000
v 69.000000 48.410698 -17.000000
v 69.000000 49.000000 -16.443438
v 69.621277 49.000000 -17.000000
v 70.000000 48.562786 -18.000000
v 70.000000 49.000000 -17.428553
v 70.404625 49.000000 -18.000000
v 70.970573 49.000000 -19.000000
v 71.000000 49.000000 -19.069357
v 71.000000 48.361324 -20.000000
v 71.000000 48.571384 -23.000000
v 71.000000 49.000000 -23.275959
v 70.760834 49.000000 -24.000000
v 70.578674 49.000000 -25.000000
v 71.314713 49.000000 -20.000000
v 71.448624 49.000000 -21.000000
v 71.372223 49.000000 -22.000000
v 71.099236 49.000000 -23.000000
v 47.000000 50.000000 -6.142837
v 46.528332 50.000000 -7.000000
v 46.305805 50.000000 -8.000000
v 46.591099 50.000000 -9.000000
v 47.000000 49.716755 -10.000000
v 46.913662 50.000000 -10.000000
v 47.000000 50.000000 -10.142876
v 48.000000 50.000000 -5.552814
v 47.133827 50.000000 -6.000000
v 48.000000 49.109097 -11.000000
v 47.601585 50.000000 -11.000000
v 48.000000 50.000000 -11.400907
v 49.000000 50.000000 -5.289531
v 49.000000 50.000000 -11.905529
v 50.000000 49.163898 -5.000000
v 50.000000 50.000000 -5.257262
v 50.000000 50.000000 -11.955725
v 51.000000 50.000000 -5.407770
v 51.000000 50.000000 -11.616552
v 52.000000 50.000000 -5.879647
v 52.000000 50.000000 -10.855073
v 51.855072 50.000000 -11.000000
v 52.151676 50.000000 -6.000000
v 52.954857 50.000000 -7.000000
v 53.000000 49.738167 -7.000000
v 53.000000 50.000000 -7.157100
v 53.000000 50.000000 -9.118766
v 52.633217 50.000000 -10.000000
v 53.206593 50.000000 -8.000000
v 53.049168 50.000000 -9.000000
v 55.000000 49.998821 -13.000000
v 54.999115 50.000000 -13.000000
v 55.000000 50.000000 -12.997898
v 55.000000 49.230839 -14.000000
v 54.468811 50.000000 -14.000000
v 54.321800 50.000000 -15.000000
v 54.200291 50.000000 -16.000000
v 55.000000 49.086815 -17.000000
v 54.527184 50.000000 -17.000000
v 55.000000 49.531723 -18.000000
v 54.786064 50.000000 -18.000000
v 55.000000 50.000000 -18.554539
v 56.000000 49.505550 -12.000000
v 55.474861 50.000000 -12.000000
v 56.000000 50.000000 -11.326151
v 55.165146 50.000000 -19.000000
v 55.293152 50.000000 -20.000000
v 55.366768 50.000000 -21.000000
v 55.376675 50.000000 -22.000000
v 55.574276 50.000000 -23.000000
v 56.000000 50.000000 -23.990059
v 57.000000 49.879856 -10.000000
v 56.843369 50.000000 -10.000000
v 57.000000 50.000000 -9.742134
v 57.000000 49.460304 -11.000000
v 56.275036 50.000000 -11.000000
v 56.005180 50.000000 -24.000000
v 56.466599 50.000000 -25.000000
v 58.000000 49.730621 -9.000000
v 57.529175 50.000000 -9.000000
v 58.000000 50.000000 -8.268311
v 58.000000 49.351028 -10.000000
v 59.000000 49.748093 -8.000000
v 58.275764 50.000000 -8.000000
v 59.000000 50.000000 -7.445266
v 59.000000 49.401192 -9.000000
v 60.000000 49.921246 -7.000000
v 59.721638 50.000000 -7.000000
v 60.000000 50.000000 -6.835255
v 60.000000 49.558434 -8.000000
v 60.000000 49.240070 -9.000000
v 61.000000 49.757328 -7.000000
v 61.000000 50.000000 -6.409500
v 61.000000 49.472809 -8.000000
v 61.000000 49.180721 -9.000000
v 62.000000 49.671925 -7.000000
v 62.000000 50.000000 -6.061456
v 62.000000 49.451118 -8.000000
v 62.000000 49.190910 -9.000000
v 63.000000 49.744797 -7.000000
v 63.000000 50.000000 -6.108809
v 63.000000 49.562977 -8.000000
v 63.000000 49.315094 -9.000000
v 63.850681 50.000000 -7.000000
v 64.000000 50.000000 -7.339828
v 64.000000 49.901821 -8.000000
v 64.000000 49.645077 -9.000000
v 64.000000 49.195930 -10.000000
v 64.162247 50.000000 -8.000000
v 64.558563 50.000000 -9.000000
v 65.000000 50.000000 -9.611989
v 65.000000 49.791798 -10.000000
v 65.000000 49.234066 -11.000000
v 65.243896 50.000000 -10.000000
v 65.941818 50.000000 -11.000000
v 66.000000 49.159199 -12.000000
v 66.000000 50.000000 -11.066567
v 66.706055 50.000000 -12.000000
v 67.000000 49.765755 -13.000000
v 67.000000 50.000000 -12.694773
v 67.101234 50.000000 -13.000000
v 67.464119 50.000000 -14.000000
v 67.954063 50.000000 -15.000000
v 68.000000 50.000000 -15.051006
v 69.000000 50.000000 -15.864649
v 69.000000 49.733967 -16.000000
v 69.220428 50.000000 -16.000000
v 70.000000 49.403759 -17.000000
v 70.000000 50.000000 -16.531527
v 70.477783 50.000000 -17.000000
v 71.000000 49.792191 -18.000000
v 71.000000 50.000000 -17.758221
v 71.000000 49.045803 -19.000000
v 71.000000 50.000000 -23.590500
v 70.828583 50.000000 -24.000000
v 70.600616 50.000000 -25.000000
v 71.137405 50.000000 -18.000000
v 71.488625 50.000000 -19.000000
v 71.693695 50.000000 -20.000000
v 71.744957 50.000000 -21.000000
v 71.598808 50.000000 -22.000000
v 71.260513 50.000000 -23.000000
v 47.000000 51.000000 -6.040798
v 46.386318 51.000000 -7.000000
v 46.172550 51.000000 -8.000000
v 46.409927 51.000000 -9.000000
v 46.675629 51.000000 -10.000000
v 47.000000 51.000000 -10.651894
v 48.000000 51.000000 -5.590466
v 47.050053 51.000000 -6.000000
v 47.217304 51.000000 -11.000000
v 48.000000 51.000000 -11.807157
v 49.000000 51.000000 -5.421329
v 49.000000 50.262573 -12.000000
v 48.380924 51.000000 -12.000000
v 49.000000 51.000000 -12.231083
v 50.000000 51.000000 -5.441438
v 50.000000 50.140556 -12.000000
v 50.000000 51.000000 -12.247237
v 51.000000 51.000000 -5.609426
v 51.000000 51.000000 -11.875114
v 50.712433 51.000000 -12.000000
v 52.000000 50.553623 -6.000000
v 51.826649 51.000000 -6.000000
v 52.000000 51.000000 -6.122294
v 52.000000 50.794201 -11.000000
v 52.000000 51.000000 -11.038111
v 52.728096 51.000000 -7.000000
v 53.000000 51.000000 -7.996979
v 53.000000 50.268970 -9.000000
v 53.000000 51.000000 -8.005800
v 52.879929 51.000000 -9.000000
v 52.595615 51.000000 -10.000000
v 52.035000 51.000000 -11.000000
v 53.000824 51.000000 -8.000000
v 54.000000 50.981228 -15.000000
v 53.993744 51.000000 -15.000000
v 54.000000 51.000000 -14.932647
v 54.000000 50.664124 -16.000000
v 53.894806 51.000000 -16.000000
v 54.000000 51.000000 -16.265903
v 55.000000 50.631699 -12.000000
v 54.750652 51.000000 -12.000000
v 55.000000 51.000000 -11.602525
v 54.457130 51.000000 -13.000000
v 54.082150 51.000000 -14.000000
v 54.260368 51.000000 -17.000000
v 54.518356 51.000000 -18.000000
v 55.000000 50.497868 -19.000000
v 54.838177 51.000000 -19.000000
v 55.000000 50.813881 -20.000000
v 54.931335 51.000000 -20.000000
v 55.000000 51.000000 -20.943001
v 56.000000 50.819099 -10.000000
v 55.837772 51.000000 -10.000000
v 56.000000 51.000000 -9.700655
v 56.000000 50.257729 -11.000000
v 55.364403 51.000000 -11.000000
v 55.004253 51.000000 -21.000000
v 55.060177 51.000000 -22.000000
v 55.374889 51.000000 -23.000000
v 56.000000 51.000000 -23.919878
v 57.000000 50.810745 -8.000000
v 56.813171 51.000000 -8.000000
v 57.000000 51.000000 -7.708550
v 57.000000 50.366596 -9.000000
v 56.358871 51.000000 -9.000000
v 56.088783 51.000000 -24.000000
v 57.000000 50.892525 -25.000000
v 57.000000 51.000000 -24.903080
v 58.000000 50.673576 -7.000000
v 57.557915 51.000000 -7.000000
v 58.000000 51.000000 -6.561367
v 58.000000 50.112812 -8.000000
v 57.130783 51.000000 -25.000000
v 59.000000 50.795792 -6.000000
v 58.665325 51.000000 -6.000000
v 59.000000 51.000000 -5.708508
v 59.000000 50.216866 -7.000000
v 60.000000 50.421932 -6.000000
v 60.000000 51.000000 -5.049619
v 61.000000 50.730816 -5.000000
v 60.102718 51.000000 -5.000000
v 61.000000 51.000000 -4.644826
v 61.000000 50.188034 -6.000000
v 62.000000 50.582577 -5.000000
v 62.000000 51.000000 -4.435598
v 62.000000 50.025688 -6.000000
v 63.000000 50.545643 -5.000000
v 63.000000 51.000000 -4.361268
v 63.000000 50.035889 -6.000000
v 64.000000 50.702938 -5.000000
v 64.000000 51.000000 -4.557913
v 64.000000 50.280495 -6.000000
v 64.000000 50.051327 -7.000000
v 64.748596 51.000000 -5.000000
v 65.000000 51.000000 -5.325086
v 65.000000 50.787254 -6.000000
v 65.000000 50.640934 -7.000000
v 65.000000 50.549194 -8.000000
v 65.000000 50.316795 -9.000000
v 65.287834 51.000000 -6.000000
v 65.441742 51.000000 -7.000000
v 65.510345 51.000000 -8.000000
v 65.716942 51.000000 -9.000000
v 66.000000 50.772663 -10.000000
v 66.000000 51.000000 -9.595519
v 66.000000 50.064919 -11.000000
v 66.181076 51.000000 -10.000000
v 66.632095 51.000000 -11.000000
v 67.000000 50.694775 -12.000000
v 67.000000 51.000000 -11.765756
v 67.099236 51.000000 -12.000000
v 67.265503 51.000000 -13.000000
v 67.543968 51.000000 -14.000000
v 68.000000 51.000000 -14.903381
v 68.000000 50.436390 -15.000000
v 68.083839 51.000000 -15.000000
v 69.000000 51.000000 -15.551517
v 70.000000 51.000000 -15.968325
v 70.000000 50.930172 -16.000000
v 70.056374 51.000000 -16.000000
v 71.000000 50.710407 -17.000000
v 71.000000 51.000000 -16.761889
v 71.000000 51.000000 -23.763287
v 70.881645 51.000000 -24.000000
v 70.611732 51.000000 -25.000000
v 71.194817 51.000000 -17.000000
v 71.669106 51.000000 -18.000000
v 71.901711 51.000000 -19.000000
v 72.000000 51.000000 -19.567286
v 72.000000 50.813026 -20.000000
v 72.000000 50.765137 -21.000000
v 72.000000 51.000000 -21.381001
v 71.859322 51.000000 -22.000000
v 71.404770 51.000000 -23.000000
v 72.073517 51.000000 -20.000000
v 72.082825 51.000000 -21.000000
v 47.000000 51.346786 -6.000000
v 46.936050 52.000000 -6.000000
v 47.000000 52.000000 -5.951869
v 46.219521 52.000000 -7.000000
v 46.019768 52.000000 -8.000000
v 46.249290 52.000000 -9.000000
v 46.513466 52.000000 -10.000000
v 47.000000 51.833836 -11.000000
v 46.962196 52.000000 -11.000000
v 47.000000 52.000000 -11.056706
v 48.000000 52.000000 -5.569540
v 48.000000 51.734642 -12.000000
v 47.914268 52.000000 -12.000000
v 48.000000 52.000000 -12.056862
v 49.000000 52.000000 -5.464128
v 49.000000 52.000000 -12.390238
v 50.000000 52.000000 -5.537521
v 50.000000 52.000000 -12.385909
v 51.000000 52.000000 -5.778662
v 51.000000 51.728500 -12.000000
v 51.000000 52.000000 -12.041769
v 51.413551 52.000000 -6.000000
v 52.000000 52.000000 -6.457911
v 52.000000 52.000000 -11.194717
v 51.075417 52.000000 -12.000000
v 52.434864 52.000000 -7.000000
v 52.765121 52.000000 -8.000000
v 53.000000 51.002960 -8.000000
v 52.756550 52.000000 -9.000000
v 52.599712 52.000000 -10.000000
v 52.177536 52.000000 -11.000000
v 54.000000 51.440418 -14.000000
v 53.894527 52.000000 -14.000000
v 54.000000 52.000000 -13.531511
v 53.894527 52.000000 -15.000000
v 53.843307 52.000000 -16.000000
v 54.000000 52.000000 -16.502501
v 55.000000 51.640579 -11.000000
v 54.754353 52.000000 -11.000000
v 55.000000 52.000000 -10.598294
v 54.284885 52.000000 -12.000000
v 54.117809 52.000000 -13.000000
v 54.140755 52.000000 -17.000000
v 54.367996 52.000000 -18.000000
v 54.605553 52.000000 -19.000000
v 54.706554 52.000000 -20.000000
v 55.000000 51.021923 -21.000000
v 54.819218 52.000000 -21.000000
v 55.000000 52.000000 -21.847666
v 56.000000 51.560524 -9.000000
v 55.737812 52.000000 -9.000000
v 56.000000 52.000000 -8.475625
v 55.279423 52.000000 -10.000000
v 55.041798 52.000000 -22.000000
v 55.582325 52.000000 -23.000000
v 56.000000 52.000000 -23.442244
v 57.000000 51.650047 -7.000000
v 56.775620 52.000000 -7.000000
v 57.000000 52.000000 -6.719522
v 56.229973 52.000000 -8.000000
v 57.000000 51.911217 -24.000000
v 57.000000 52.000000 -23.930107
v 58.000000 51.584187 -6.000000
v 57.656746 52.000000 -6.000000
v 58.000000 52.000000 -5.639824
v 57.365002 52.000000 -24.000000
v 58.000000 51.494144 -25.000000
v 58.000000 52.000000 -24.188406
v 59.000000 51.670650 -5.000000
v 58.678024 52.000000 -5.000000
v 59.000000 52.000000 -4.730344
v 59.000000 51.968060 -25.000000
v 59.000000 52.000000 -24.916292
v 60.000000 51.038269 -5.000000
v 60.000000 52.000000 -4.068703
v 59.041145 52.000000 -25.000000
v 61.000000 51.556019 -4.000000
v 60.127705 52.000000 -4.000000
v 61.000000 52.000000 -3.492157
v 62.000000 51.341740 -4.000000
v 62.000000 52.000000 -3.189490
v 63.000000 51.266605 -4.000000
v 63.000000 52.000000 -3.060651
v 64.000000 51.380939 -4.000000
v 64.000000 52.000000 -3.183369
v 65.000000 51.700317 -4.000000
v 65.000000 52.000000 -3.592617
v 65.000000 51.104172 -5.000000
v 65.474045 52.000000 -4.000000
v 66.000000 52.000000 -4.590357
v 66.000000 51.763851 -5.000000
v 66.000000 51.569736 -6.000000
v 66.000000 51.508114 -7.000000
v 66.000000 51.502289 -8.000000
v 66.000000 51.322922 -9.000000
v 66.280731 52.000000 -5.000000
v 66.457153 52.000000 -6.000000
v 66.474823 52.000000 -7.000000
v 66.419266 52.000000 -8.000000
v 66.506027 52.000000 -9.000000
v 66.769188 52.000000 -10.000000
v 67.000000 52.000000 -10.933085
v 67.000000 51.954422 -11.000000
v 67.015800 52.000000 -11.000000
v 67.218262 52.000000 -12.000000
v 67.251839 52.000000 -13.000000
v 67.534431 52.000000 -14.000000
v 68.000000 52.000000 -14.761483
v 68.293175 52.000000 -15.000000
v 69.000000 52.000000 -15.323119
v 70.000000 52.000000 -15.595563
v 70.990173 52.000000 -16.000000
v 71.000000 52.000000 -16.006063
v 71.000000 52.000000 -23.815443
v 70.899734 52.000000 -24.000000
v 70.611732 52.000000 -25.000000
v 71.886993 52.000000 -17.000000
v 72.000000 52.000000 -17.266493
v 72.000000 51.568905 -18.000000
v 72.000000 51.206821 -19.000000
v 72.000000 51.733025 -22.000000
v 72.000000 52.000000 -22.092228
v 71.479919 52.000000 -23.000000
v 72.244499 52.000000 -18.000000
v 72.357491 52.000000 -19.000000
v 72.415070 52.000000 -20.000000
v 72.335495 52.000000 -21.000000
v 72.050728 52.000000 -22.000000
v 46.000000 52.128502 -8.000000
v 45.874302 53.000000 -8.000000
v 46.000000 53.000000 -7.346375
v 46.000000 53.000000 -8.726250
v 47.000000 53.000000 -5.889870
v 46.850037 53.000000 -6.000000
v 46.081501 53.000000 -7.000000
v 46.051327 53.000000 -9.000000
v 46.311489 53.000000 -10.000000
v 46.734684 53.000000 -11.000000
v 47.000000 53.000000 -11.382786
v 48.000000 53.000000 -5.523590
v 47.668224 53.000000 -12.000000
v 48.000000 53.000000 -12.193005
v 49.000000 53.000000 -5.442908
v 49.000000 53.000000 -12.452088
v 50.000000 53.000000 -5.555409
v 50.000000 53.000000 -12.419423
v 51.000000 53.000000 -5.880470
v 51.000000 53.000000 -12.086591
v 51.187172 53.000000 -6.000000
v 52.000000 53.000000 -6.765365
v 52.000000 53.000000 -11.308290
v 51.178593 53.000000 -12.000000
v 52.171898 53.000000 -7.000000
v 52.547405 53.000000 -8.000000
v 52.642193 53.000000 -9.000000
v 52.611916 53.000000 -10.000000
v 52.302975 53.000000 -11.000000
v 54.000000 52.755379 -12.000000
v 53.859608 53.000000 -12.000000
v 54.000000 53.000000 -11.735328
v 54.000000 52.431225 -13.000000
v 53.823715 53.000000 -13.000000
v 53.821598 53.000000 -14.000000
v 53.941952 53.000000 -15.000000
v 53.940720 53.000000 -16.000000
v 54.000000 53.000000 -16.348282
v 55.000000 52.737030 -10.000000
v 54.847523 53.000000 -10.000000
v 55.000000 53.000000 -9.802772
v 54.293171 53.000000 -11.000000
v 54.102734 53.000000 -17.000000
v 54.281158 53.000000 -18.000000
v 54.481979 53.000000 -19.000000
v 54.664501 53.000000 -20.000000
v 54.927086 53.000000 -21.000000
v 55.000000 53.000000 -21.162586
v 56.000000 52.565609 -8.000000
v 55.826244 53.000000 -8.000000
v 56.000000 53.000000 -7.654355
v 55.374897 53.000000 -9.000000
v 55.602108 53.000000 -22.000000
v 56.000000 52.469883 -23.000000
v 56.000000 53.000000 -22.415043
v 57.000000 53.000000 -6.128453
v 56.334370 53.000000 -7.000000
v 57.000000 52.780624 -23.000000
v 57.000000 53.000000 -22.697910
v 58.000000 52.917728 -5.000000
v 57.948772 53.000000 -5.000000
v 58.000000 53.000000 -4.946414
v 57.108212 53.000000 -6.000000
v 58.000000 52.628292 -23.000000
v 58.000000 53.000000 -22.278664
v 58.000000 52.094204 -24.000000
v 59.000000 53.000000 -4.011815
v 59.000000 52.893253 -22.000000
v 59.000000 53.000000 -21.699167
v 58.586353 53.000000 -22.000000
v 59.000000 52.556805 -23.000000
v 59.000000 52.275364 -24.000000
v 60.000000 52.080406 -4.000000
v 59.014721 53.000000 -4.000000
v 60.000000 53.000000 -3.188595
v 59.902500 53.000000 -22.000000
v 60.000000 52.810570 -23.000000
v 60.000000 53.000000 -22.057974
v 60.000000 52.753624 -24.000000
v 60.000000 52.673481 -25.000000
v 61.000000 52.565788 -3.000000
v 60.343513 53.000000 -3.000000
v 61.000000 53.000000 -2.720076
v 60.250755 53.000000 -23.000000
v 60.284771 53.000000 -24.000000
v 60.332455 53.000000 -25.000000
v 62.000000 52.217617 -3.000000
v 62.000000 53.000000 -2.513859
v 63.000000 52.069725 -3.000000
v 63.000000 53.000000 -2.426481
v 64.000000 52.194397 -3.000000
v 64.000000 53.000000 -2.466940
v 65.000000 52.566082 -3.000000
v 65.000000 53.000000 -2.689064
v 65.638954 53.000000 -3.000000
v 66.000000 52.396267 -4.000000
v 66.000000 53.000000 -3.271529
v 66.599625 53.000000 -4.000000
v 67.000000 52.785152 -5.000000
v 67.000000 53.000000 -4.676494
v 67.000000 52.673294 -6.000000
v 67.000000 52.721073 -7.000000
v 67.000000 52.913292 -8.000000
v 67.000000 52.893856 -9.000000
v 67.000000 52.515942 -10.000000
v 67.163635 53.000000 -5.000000
v 67.220657 53.000000 -6.000000
v 67.175728 53.000000 -7.000000
v 67.050224 53.000000 -8.000000
v 67.054901 53.000000 -9.000000
v 67.192268 53.000000 -10.000000
v 67.247238 53.000000 -11.000000
v 67.267624 53.000000 -12.000000
v 67.229973 53.000000 -13.000000
v 67.577972 53.000000 -14.000000
v 68.000000 53.000000 -14.527535
v 68.870331 53.000000 -15.000000
v 69.000000 53.000000 -15.048787
v 70.000000 53.000000 -15.255237
v 71.000000 53.000000 -15.486152
v 71.000000 52.008636 -16.000000
v 71.000000 53.000000 -23.738518
v 70.850220 53.000000 -24.000000
v 70.548454 53.000000 -25.000000
v 71.868538 53.000000 -16.000000
v 72.000000 52.160854 -17.000000
v 72.000000 53.000000 -16.137547
v 72.000000 53.000000 -22.223373
v 71.471054 53.000000 -23.000000
v 72.506226 53.000000 -17.000000
v 72.717781 53.000000 -18.000000
v 72.728378 53.000000 -19.000000
v 72.685341 53.000000 -20.000000
v 72.498405 53.000000 -21.000000
v 72.139328 53.000000 -22.000000
v 46.000000 53.659763 -7.000000
v 45.963547 54.000000 -7.000000
v 46.000000 54.000000 -6.939958
v 45.714275 54.000000 -8.000000
v 46.000000 53.164249 -9.000000
v 45.767849 54.000000 -9.000000
v 46.000000 53.953060 -10.000000
v 45.984276 54.000000 -10.000000
v 46.000000 54.000000 -10.038354
v 47.000000 54.000000 -5.848203
v 46.793297 54.000000 -6.000000
v 46.430901 54.000000 -11.000000
v 47.000000 54.000000 -11.754674
v 48.000000 54.000000 -5.472567
v 47.310596 54.000000 -12.000000
v 48.000000 54.000000 -12.351145
v 49.000000 54.000000 -5.409637
v 49.000000 54.000000 -12.536787
v 50.000000 54.000000 -5.559888
v 50.000000 54.000000 -12.450844
v 51.000000 54.000000 -5.993909
v 51.000000 54.000000 -12.097182
v 51.008236 54.000000 -6.000000
v 51.947292 54.000000 -7.000000
v 52.000000 53.784023 -7.000000
v 52.000000 54.000000 -7.095215
v 52.000000 54.000000 -11.370676
v 51.215111 54.000000 -12.000000
v 52.400692 54.000000 -8.000000
v 52.588947 54.000000 -9.000000
v 52.643719 54.000000 -10.000000
v 52.407375 54.000000 -11.000000
v 54.000000 54.000000 -11.133136
v 53.600430 54.000000 -12.000000
v 53.715084 54.000000 -13.000000
v 53.899765 54.000000 -14.000000
v 54.000000 53.293289 -15.000000
v 54.000000 54.000000 -14.416196
v 54.000000 53.265358 -16.000000
v 55.000000 54.000000 -9.302772
v 54.524853 54.000000 -10.000000
v 54.050034 54.000000 -11.000000
v 54.152584 54.000000 -15.000000
v 54.163254 54.000000 -16.000000
v 54.162647 54.000000 -17.000000
v 54.274120 54.000000 -18.000000
v 54.477032 54.000000 -19.000000
v 54.811165 54.000000 -20.000000
v 55.000000 53.188599 -21.000000
v 55.000000 54.000000 -20.385303
v 56.000000 54.000000 -7.062957
v 55.570713 54.000000 -8.000000
v 55.139275 54.000000 -9.000000
v 55.553226 54.000000 -21.000000
v 56.000000 53.327518 -22.000000
v 56.000000 54.000000 -21.332060
v 57.000000 53.270531 -6.000000
v 56.726448 54.000000 -6.000000
v 57.000000 54.000000 -5.638008
v 56.032528 54.000000 -7.000000
v 57.000000 53.506817 -22.000000
v 57.000000 54.000000 -21.461981
v 58.000000 54.000000 -4.367049
v 57.482132 54.000000 -5.000000
v 58.000000 53.985394 -21.000000
v 58.000000 54.000000 -20.985947
v 57.974590 54.000000 -21.000000
v 58.000000 53.175907 -22.000000
v 59.000000 53.017338 -4.000000
v 58.334526 54.000000 -4.000000
v 59.000000 54.000000 -3.269826
v 59.000000 53.339302 -21.000000
v 59.000000 54.000000 -20.160234
v 60.000000 53.267178 -3.000000
v 59.329281 54.000000 -3.000000
v 60.000000 54.000000 -2.587786
v 60.000000 53.873161 -19.000000
v 60.000000 54.000000 -18.488548
v 59.827663 54.000000 -19.000000
v 60.000000 53.713219 -20.000000
v 59.311726 54.000000 -20.000000
v 60.000000 53.247501 -21.000000
v 60.000000 53.013840 -22.000000
v 61.000000 54.000000 -2.251723
v 61.000000 53.945450 -18.000000
v 61.000000 54.000000 -17.781805
v 60.658478 54.000000 -18.000000
v 61.000000 53.872463 -19.000000
v 60.901310 54.000000 -20.000000
v 61.000000 54.000000 -19.811590
v 61.000000 53.886749 -21.000000
v 61.000000 54.000000 -20.207251
v 61.000000 53.810509 -22.000000
v 61.000000 53.689701 -23.000000
v 61.000000 53.749287 -24.000000
v 61.000000 53.770245 -25.000000
v 62.000000 54.000000 -2.062707
v 61.086319 54.000000 -18.000000
v 61.176781 54.000000 -19.000000
v 61.105701 54.000000 -21.000000
v 61.164822 54.000000 -22.000000
v 61.250561 54.000000 -23.000000
v 61.192959 54.000000 -24.000000
v 61.169357 54.000000 -25.000000
v 63.000000 53.915157 -2.000000
v 62.612144 54.000000 -2.000000
v 63.000000 54.000000 -1.949722
v 64.000000 53.948029 -2.000000
v 64.000000 54.000000 -1.967844
v 64.155907 54.000000 -2.000000
v 65.000000 54.000000 -2.143583
v 66.000000 54.000000 -2.507655
v 66.000000 53.273792 -3.000000
v 66.714302 54.000000 -3.000000
v 67.000000 53.511784 -4.000000
v 67.000000 54.000000 -3.383022
v 67.334198 54.000000 -4.000000
v 67.663918 54.000000 -5.000000
v 67.583626 54.000000 -6.000000
v 67.500648 54.000000 -7.000000
v 67.374542 54.000000 -8.000000
v 67.363075 54.000000 -9.000000
v 67.408348 54.000000 -10.000000
v 67.363075 54.000000 -11.000000
v 67.259750 54.000000 -12.000000
v 67.182594 54.000000 -13.000000
v 67.619064 54.000000 -14.000000
v 68.000000 54.000000 -14.330452
v 69.000000 54.000000 -14.693867
v 69.000000 53.136875 -15.000000
v 70.000000 53.619022 -15.000000
v 70.000000 54.000000 -14.843656
v 71.000000 53.957268 -15.000000
v 71.000000 54.000000 -14.979171
v 71.000000 54.000000 -23.525778
v 70.712166 54.000000 -24.000000
v 70.378548 54.000000 -25.000000
v 71.057571 54.000000 -15.000000
v 72.000000 53.133827 -16.000000
v 72.000000 54.000000 -15.413750
v 72.000000 54.000000 -22.189457
v 71.364464 54.000000 -23.000000
v 72.672340 54.000000 -16.000000
v 73.000000 53.790043 -17.000000
v 73.000000 54.000000 -16.659929
v 73.000000 53.535694 -18.000000
v 73.000000 53.657444 -19.000000
v 73.000000 54.000000 -19.793289
v 72.961868 54.000000 -20.000000
v 72.601616 54.000000 -21.000000
v 72.134079 54.000000 -22.000000
v 73.121948 54.000000 -17.000000
v 73.237656 54.000000 -18.000000
v 73.144928 54.000000 -19.000000
v 46.000000 55.000000 -6.845038
v 45.896694 55.000000 -7.000000
v 45.607292 55.000000 -8.000000
v 45.579460 55.000000 -9.000000
v 45.731159 55.000000 -10.000000
v 46.000000 55.000000 -10.730186
v 47.000000 55.000000 -5.860795
v 46.801861 55.000000 -6.000000
v 46.123474 55.000000 -11.000000
v 47.000000 54.735977 -12.000000
v 46.919571 55.000000 -12.000000
v 47.000000 55.000000 -12.068231
v 48.000000 55.000000 -5.494934
v 48.000000 55.000000 -12.540586
v 49.000000 55.000000 -5.430409
v 49.000000 55.000000 -12.670242
v 50.000000 55.000000 -5.606799
v 50.000000 55.000000 -12.516200
v 51.000000 54.042408 -6.000000
v 50.764954 55.000000 -6.000000
v 51.000000 55.000000 -6.166806
v 51.000000 55.000000 -12.118692
v 51.733780 55.000000 -7.000000
v 52.000000 55.000000 -7.454903
v 52.000000 55.000000 -11.364115
v 51.243633 55.000000 -12.000000
v 52.282135 55.000000 -8.000000
v 52.552296 55.000000 -9.000000
v 52.651196 55.000000 -10.000000
v 52.415607 55.000000 -11.000000
v 54.000000 55.000000 -11.118415
v 53.698792 55.000000 -12.000000
v 53.909328 55.000000 -13.000000
v 54.000000 54.324493 -14.000000
v 54.000000 55.000000 -13.261945
v 55.000000 54.795856 -9.000000
v 54.944180 55.000000 -9.000000
v 55.000000 55.000000 -8.920611
v 54.408714 55.000000 -10.000000
v 54.030922 55.000000 -11.000000
v 54.267483 55.000000 -14.000000
v 54.589630 55.000000 -15.000000
v 54.453190 55.000000 -16.000000
v 54.288712 55.000000 -17.000000
v 54.357807 55.000000 -18.000000
v 54.621838 55.000000 -19.000000
v 55.000000 54.552826 -20.000000
v 55.000000 55.000000 -19.714306
v 56.000000 54.146374 -7.000000
v 55.829273 55.000000 -7.000000
v 56.000000 55.000000 -6.726840
v 55.394547 55.000000 -8.000000
v 55.242954 55.000000 -20.000000
v 56.000000 54.412983 -21.000000
v 56.000000 55.000000 -20.579187
v 57.000000 55.000000 -5.202073
v 56.480713 55.000000 -6.000000
v 57.000000 54.564644 -21.000000
v 57.000000 55.000000 -20.688324
v 58.000000 54.607529 -4.000000
v 57.813416 55.000000 -4.000000
v 58.000000 55.000000 -3.739351
v 57.134350 55.000000 -5.000000
v 58.000000 55.000000 -20.254299
v 59.000000 54.422337 -3.000000
v 58.645699 55.000000 -3.000000
v 59.000000 55.000000 -2.694569
v 59.000000 54.906487 -19.000000
v 59.000000 55.000000 -18.775572
v 58.948322 55.000000 -19.000000
v 59.000000 54.163284 -20.000000
v 58.302738 55.000000 -20.000000
v 60.000000 55.000000 -2.129453
v 60.000000 54.692875 -16.000000
v 60.000000 55.000000 -15.395820
v 59.262901 55.000000 -16.000000
v 60.000000 54.357872 -17.000000
v 59.310055 55.000000 -17.000000
v 60.000000 54.144238 -18.000000
v 59.232010 55.000000 -18.000000
v 61.000000 54.617321 -2.000000
v 60.436054 55.000000 -2.000000
v 61.000000 55.000000 -1.799094
v 61.000000 54.837254 -16.000000
v 61.000000 55.000000 -15.781814
v 61.000000 54.238518 -17.000000
v 61.000000 54.030254 -20.000000
v 62.000000 54.171398 -2.000000
v 62.000000 55.000000 -1.616389
v 61.182156 55.000000 -16.000000
v 61.926342 55.000000 -17.000000
v 62.000000 54.670525 -18.000000
v 62.000000 55.000000 -17.148853
v 62.000000 54.654686 -19.000000
v 62.000000 54.924770 -20.000000
v 61.972729 55.000000 -21.000000
v 62.000000 55.000000 -20.703928
v 61.934826 55.000000 -22.000000
v 61.923950 55.000000 -23.000000
v 61.845795 55.000000 -24.000000
v 61.809765 55.000000 -25.000000
v 63.000000 55.000000 -1.542315
v 62.279827 55.000000 -18.000000
v 62.277565 55.000000 -19.000000
v 62.060833 55.000000 -20.000000
v 64.000000 55.000000 -1.542315
v 65.000000 55.000000 -1.638323
v 65.000000 54.327705 -2.000000
v 66.000000 54.898548 -2.000000
v 66.000000 55.000000 -1.930035
v 66.117966 55.000000 -2.000000
v 67.000000 54.311207 -3.000000
v 67.000000 55.000000 -2.495784
v 67.000000 54.975571 -13.000000
v 67.000000 55.000000 -12.975572
v 66.994850 55.000000 -13.000000
v 67.000000 55.000000 -13.016442
v 67.504219 55.000000 -3.000000
v 67.888458 55.000000 -4.000000
v 68.000000 55.000000 -4.863261
v 68.000000 54.953060 -5.000000
v 68.000000 55.000000 -5.060481
v 67.770638 55.000000 -6.000000
v 67.622368 55.000000 -7.000000
v 67.494377 55.000000 -8.000000
v 67.473412 55.000000 -9.000000
v 67.473412 55.000000 -10.000000
v 67.364670 55.000000 -11.000000
v 67.163376 55.000000 -12.000000
v 67.482498 55.000000 -14.000000
v 68.000000 55.000000 -14.291782
v 68.016998 55.000000 -5.000000
v 69.000000 55.000000 -14.501606
v 70.000000 55.000000 -14.552456
v 70.000000 54.966412 -25.000000
v 70.000000 55.000000 -24.965183
v 69.983398 55.000000 -25.000000
v 71.000000 55.000000 -14.573402
v 71.000000 55.000000 -23.163916
v 70.423233 55.000000 -24.000000
v 72.000000 55.000000 -14.808757
v 72.000000 54.652451 -15.000000
v 72.000000 55.000000 -22.054665
v 71.130524 55.000000 -23.000000
v 72.357872 55.000000 -15.000000
v 73.000000 54.454903 -16.000000
v 73.000000 55.000000 -15.535992
v 73.000000 54.206711 -20.000000
v 73.000000 55.000000 -20.289856
v 72.634384 55.000000 -21.000000
v 72.044510 55.000000 -22.000000
v 73.308487 55.000000 -16.000000
v 73.552574 55.000000 -17.000000
v 73.573387 55.000000 -18.000000
v 73.402489 55.000000 -19.000000
v 73.146332 55.000000 -20.000000
v 46.000000 56.000000 -6.741821
v 45.809765 56.000000 -7.000000
v 45.516907 56.000000 -8.000000
v 45.463829 56.000000 -9.000000
v 45.602825 56.000000 -10.000000
v 46.000000 55.607082 -11.000000
v 45.929626 56.000000 -11.000000
v 46.000000 56.000000 -11.112262
v 47.000000 56.000000 -5.863593
v 46.792786 56.000000 -6.000000
v 46.694752 56.000000 -12.000000
v 47.000000 56.000000 -12.276095
v 48.000000 56.000000 -5.527996
v 48.000000 56.000000 -12.769187
v 49.000000 56.000000 -5.483943
v 49.000000 56.000000 -12.869226
v 50.000000 56.000000 -5.719275
v 50.000000 56.000000 -12.614628
v 50.464008 56.000000 -6.000000
v 51.000000 56.000000 -6.410475
v 51.000000 56.000000 -12.132342
v 51.526241 56.000000 -7.000000
v 52.000000 56.000000 -7.748705
v 52.000000 56.000000 -11.223461
v 51.216766 56.000000 -12.000000
v 52.149708 56.000000 -8.000000
v 52.482433 56.000000 -9.000000
v 52.562988 56.000000 -10.000000
v 52.233437 56.000000 -11.000000
v 54.000000 55.469414 -12.000000
v 54.000000 55.152096 -13.000000
v 55.000000 56.000000 -8.985506
v 54.991261 56.000000 -9.000000
v 54.614891 56.000000 -10.000000
v 54.355171 56.000000 -11.000000
v 54.285698 56.000000 -12.000000
v 54.641098 56.000000 -13.000000
v 55.000000 55.873161 -14.000000
v 55.000000 56.000000 -13.735750
v 55.000000 55.623928 -15.000000
v 54.829117 56.000000 -16.000000
v 55.000000 56.000000 -15.585000
v 54.481716 56.000000 -17.000000
v 54.548981 56.000000 -18.000000
v 54.871418 56.000000 -19.000000
v 55.000000 56.000000 -19.192875
v 56.000000 56.000000 -6.565458
v 55.746868 56.000000 -7.000000
v 55.365517 56.000000 -8.000000
v 55.259918 56.000000 -14.000000
v 55.541985 56.000000 -15.000000
v 55.800453 56.000000 -20.000000
v 56.000000 56.000000 -20.142870
v 57.000000 55.497101 -5.000000
v 56.869717 56.000000 -5.000000
v 57.000000 56.000000 -4.795569
v 56.339275 56.000000 -6.000000
v 57.000000 56.000000 -20.296900
v 58.000000 56.000000 -3.256477
v 57.499260 56.000000 -4.000000
v 58.000000 55.965569 -14.000000
v 58.000000 56.000000 -13.911727
v 57.889660 56.000000 -14.000000
v 58.000000 55.896263 -15.000000
v 57.776024 56.000000 -15.000000
v 58.000000 56.000000 -15.147090
v 58.000000 55.657673 -20.000000
v 58.000000 56.000000 -19.821127
v 57.728012 56.000000 -20.000000
v 59.000000 56.000000 -2.374212
v 58.227215 56.000000 -3.000000
v 59.000000 55.742271 -14.000000
v 59.000000 56.000000 -13.433000
v 59.000000 55.331390 -15.000000
v 58.614464 56.000000 -16.000000
v 59.000000 55.268265 -16.000000
v 59.000000 55.940163 -17.000000
v 58.984280 56.000000 -17.000000
v 59.000000 55.590107 -18.000000
v 58.869965 56.000000 -18.000000
v 58.611710 56.000000 -19.000000
v 60.000000 55.443840 -2.000000
v 59.688549 56.000000 -2.000000
v 60.000000 56.000000 -1.802880
v 60.000000 55.848228 -14.000000
v 60.000000 56.000000 -13.726812
v 60.000000 55.219501 -15.000000
v 61.000000 56.000000 -1.486759
v 60.336231 56.000000 -14.000000
v 61.000000 55.564644 -15.000000
v 61.000000 56.000000 -14.440255
v 62.000000 56.000000 -1.338611
v 61.623352 56.000000 -15.000000
v 62.000000 55.675343 -16.000000
v 62.000000 56.000000 -15.436118
v 62.000000 55.058090 -17.000000
v 62.000000 55.031883 -21.000000
v 62.000000 55.083797 -22.000000
v 62.000000 55.103249 -23.000000
v 62.000000 55.198265 -24.000000
v 62.000000 55.237797 -25.000000
v 63.000000 56.000000 -1.301574
v 62.432880 56.000000 -16.000000
v 62.973572 56.000000 -17.000000
v 63.000000 55.868965 -18.000000
v 63.000000 56.000000 -17.165525
v 63.000000 55.967331 -19.000000
v 62.794632 56.000000 -20.000000
v 63.000000 56.000000 -19.096375
v 62.676640 56.000000 -21.000000
v 62.662254 56.000000 -22.000000
v 62.702030 56.000000 -23.000000
v 62.727501 56.000000 -24.000000
v 62.747452 56.000000 -25.000000
v 64.000000 56.000000 -1.301574
v 63.090084 56.000000 -18.000000
v 63.021065 56.000000 -19.000000
v 65.000000 56.000000 -1.340714
v 66.000000 56.000000 -1.531122
v 66.925888 56.000000 -2.000000
v 67.000000 56.000000 -2.036142
v 67.000000 55.682899 -12.000000
v 67.000000 56.000000 -11.756077
v 66.902733 56.000000 -12.000000
v 66.563629 56.000000 -13.000000
v 66.960350 56.000000 -14.000000
v 67.000000 55.947128 -14.000000
v 67.000000 56.000000 -14.019826
v 68.000000 56.000000 -2.969296
v 68.000000 55.948189 -3.000000
v 68.000000 55.248188 -4.000000
v 68.000000 56.000000 -5.705494
v 67.884201 56.000000 -6.000000
v 67.654144 56.000000 -7.000000
v 67.514999 56.000000 -8.000000
v 67.477592 56.000000 -9.000000
v 67.421227 56.000000 -10.000000
v 67.235146 56.000000 -11.000000
v 68.000000 56.000000 -14.264566
v 68.023552 56.000000 -3.000000
v 68.306862 56.000000 -4.000000
v 68.303963 56.000000 -5.000000
v 69.000000 56.000000 -14.290996
v 70.000000 56.000000 -14.224671
v 70.000000 56.000000 -24.001394
v 69.312218 56.000000 -25.000000
v 71.000000 56.000000 -14.142846
v 71.000000 55.491745 -23.000000
v 71.000000 56.000000 -22.866737
v 70.867546 56.000000 -23.000000
v 70.000908 56.000000 -24.000000
v 72.000000 56.000000 -14.258676
v 72.000000 55.313271 -22.000000
v 72.000000 56.000000 -21.868713
v 71.888405 56.000000 -22.000000
v 73.000000 56.000000 -14.750687
v 73.000000 55.629662 -15.000000
v 73.000000 56.000000 -20.401159
v 72.612152 56.000000 -21.000000
v 73.254303 56.000000 -15.000000
v 73.808487 56.000000 -16.000000
v 73.937294 56.000000 -17.000000
v 73.869225 56.000000 -18.000000
v 73.585136 56.000000 -19.000000
v 73.242249 56.000000 -20.000000
v 46.000000 57.000000 -6.685700
v 45.732132 57.000000 -7.000000
v 45.458431 57.000000 -8.000000
v 45.421329 57.000000 -9.000000
v 45.569595 57.000000 -10.000000
v 45.850266 57.000000 -11.000000
v 46.000000 57.000000 -11.251169
v 47.000000 57.000000 -5.928920
v 46.879101 57.000000 -6.000000
v 46.566189 57.000000 -12.000000
v 47.000000 57.000000 -12.404233
v 48.000000 57.000000 -5.651138
v 48.000000 57.000000 -12.928948
v 49.000000 57.000000 -5.629978
v 49.000000 56.994820 -13.000000
v 48.989643 57.000000 -13.000000
v 49.000000 57.000000 -13.000721
v 50.000000 57.000000 -5.941342
v 50.000000 57.000000 -12.654366
v 49.002041 57.000000 -13.000000
v 50.094448 57.000000 -6.000000
v 51.000000 57.000000 -6.651555
v 51.000000 57.000000 -12.067100
v 51.326542 57.000000 -7.000000
v 51.990082 57.000000 -8.000000
v 52.000000 56.938168 -8.000000
v 52.000000 57.000000 -8.025411
v 52.000000 56.843388 -11.000000
v 52.000000 57.000000 -10.936948
v 51.971100 57.000000 -11.000000
v 51.088009 57.000000 -12.000000
v 52.364845 57.000000 -9.000000
v 52.396400 57.000000 -10.000000
v 55.000000 56.018772 -9.000000
v 55.000000 56.577663 -10.000000
v 55.000000 56.778057 -11.000000
v 55.000000 56.654778 -12.000000
v 55.000000 56.264339 -13.000000
v 55.000000 56.326813 -16.000000
v 54.849354 57.000000 -17.000000
v 55.000000 57.000000 -16.708618
v 54.967228 57.000000 -18.000000
v 55.000000 56.325985 -19.000000
v 55.000000 57.000000 -18.097076
v 56.000000 57.000000 -6.671832
v 55.835098 57.000000 -7.000000
v 55.560863 57.000000 -8.000000
v 55.318378 57.000000 -9.000000
v 55.241337 57.000000 -10.000000
v 55.218334 57.000000 -11.000000
v 55.673187 57.000000 -12.000000
v 56.000000 56.575241 -13.000000
v 56.000000 57.000000 -12.246651
v 56.000000 56.264008 -14.000000
v 56.000000 56.275620 -15.000000
v 56.000000 57.000000 -15.718026
v 55.626221 57.000000 -16.000000
v 55.405552 57.000000 -19.000000
v 56.000000 56.321934 -20.000000
v 56.000000 57.000000 -19.579710
v 57.000000 57.000000 -4.590458
v 56.759094 57.000000 -5.000000
v 56.326225 57.000000 -6.000000
v 57.000000 56.519703 -13.000000
v 57.000000 57.000000 -12.300354
v 57.000000 56.240154 -14.000000
v 57.000000 56.348419 -15.000000
v 57.000000 57.000000 -15.510840
v 57.000000 56.708599 -20.000000
v 57.000000 57.000000 -19.814789
v 58.000000 56.995735 -3.000000
v 57.999172 57.000000 -3.000000
v 58.000000 57.000000 -2.999094
v 57.352512 57.000000 -4.000000
v 58.000000 56.977844 -12.000000
v 58.000000 57.000000 -11.969405
v 57.908215 57.000000 -12.000000
v 58.000000 56.278584 -13.000000
v 58.000000 57.000000 -15.702161
v 58.000000 57.000000 -19.218349
v 59.000000 57.000000 -2.219651
v 59.000000 56.807430 -12.000000
v 59.000000 57.000000 -11.716626
v 59.000000 56.157234 -13.000000
v 58.494999 57.000000 -16.000000
v 59.000000 57.000000 -16.853691
v 59.000000 56.231876 -17.000000
v 59.000000 57.000000 -17.118174
v 58.611397 57.000000 -18.000000
v 58.176678 57.000000 -19.000000
v 60.000000 57.000000 -1.626429
v 59.404507 57.000000 -2.000000
v 60.000000 56.907391 -12.000000
v 60.000000 57.000000 -11.845367
v 60.000000 56.323029 -13.000000
v 59.055359 57.000000 -17.000000
v 61.000000 57.000000 -1.338611
v 60.221775 57.000000 -12.000000
v 61.000000 56.769623 -13.000000
v 61.000000 57.000000 -12.597425
v 61.000000 56.271351 -14.000000
v 62.000000 57.000000 -1.227500
v 61.402576 57.000000 -13.000000
v 62.000000 56.792530 -14.000000
v 62.000000 57.000000 -13.629202
v 62.000000 56.207157 -15.000000
v 63.000000 57.000000 -1.227500
v 62.683430 57.000000 -14.000000
v 63.000000 56.574448 -15.000000
v 63.000000 57.000000 -14.166443
v 63.000000 56.315422 -16.000000
v 63.000000 56.020557 -17.000000
v 63.000000 56.296272 -20.000000
v 63.000000 56.452217 -21.000000
v 63.000000 56.422756 -22.000000
v 63.000000 56.319908 -23.000000
v 63.000000 56.246620 -24.000000
v 63.000000 56.209332 -25.000000
v 64.000000 57.000000 -1.227500
v 64.000000 56.824974 -15.000000
v 64.000000 57.000000 -14.450776
v 64.000000 56.872936 -16.000000
v 64.000000 56.949322 -17.000000
v 63.809513 57.000000 -18.000000
v 64.000000 57.000000 -17.191586
v 63.630817 57.000000 -19.000000
v 63.435814 57.000000 -20.000000
v 63.381439 57.000000 -21.000000
v 63.490490 57.000000 -22.000000
v 63.759281 57.000000 -23.000000
v 64.000000 56.916111 -24.000000
v 64.000000 57.000000 -23.689117
v 64.000000 56.783966 -25.000000
v 65.000000 57.000000 -1.227500
v 65.000000 56.959896 -14.000000
v 65.000000 57.000000 -13.882900
v 64.817032 57.000000 -14.000000
v 65.000000 57.000000 -14.390333
v 64.776955 57.000000 -15.000000
v 64.196892 57.000000 -16.000000
v 64.051010 57.000000 -17.000000
v 64.146805 57.000000 -24.000000
v 64.438553 57.000000 -25.000000
v 66.000000 57.000000 -1.340714
v 66.000000 56.649956 -13.000000
v 66.000000 57.000000 -12.526158
v 65.531868 57.000000 -13.000000
v 66.000000 56.705563 -14.000000
v 66.000000 57.000000 -14.294438
v 67.000000 57.000000 -1.730034
v 67.000000 56.130112 -2.000000
v 67.000000 56.682568 -11.000000
v 67.000000 57.000000 -10.673500
v 66.856255 57.000000 -11.000000
v 66.326859 57.000000 -12.000000
v 67.000000 57.000000 -14.236594
v 67.323509 57.000000 -2.000000
v 68.000000 57.000000 -2.572412
v 68.000000 57.000000 -5.879031
v 67.941605 57.000000 -6.000000
v 67.661430 57.000000 -7.000000
v 67.498528 57.000000 -8.000000
v 67.396286 57.000000 -9.000000
v 67.222382 57.000000 -10.000000
v 68.000000 57.000000 -14.116250
v 68.328735 57.000000 -3.000000
v 68.542168 57.000000 -4.000000
v 68.453392 57.000000 -5.000000
v 69.000000 56.816299 -14.000000
v 68.607086 57.000000 -14.000000
v 69.000000 57.000000 -13.903116
v 69.000000 56.329685 -25.000000
v 69.000000 57.000000 -24.151726
v 68.087097 57.000000 -25.000000
v 70.000000 56.435047 -14.000000
v 70.000000 57.000000 -13.596461
v 70.000000 56.001495 -24.000000
v 70.000000 57.000000 -23.409420
v 69.150398 57.000000 -24.000000
v 71.000000 56.225430 -14.000000
v 71.000000 57.000000 -13.360354
v 71.000000 57.000000 -22.561531
v 70.469543 57.000000 -23.000000
v 72.000000 56.344280 -14.000000
v 72.000000 57.000000 -13.400362
v 72.000000 57.000000 -21.607634
v 71.622726 57.000000 -22.000000
v 73.000000 56.918839 -14.000000
v 73.000000 57.000000 -13.924291
v 73.000000 57.000000 -20.294323
v 72.492676 57.000000 -21.000000
v 73.083153 57.000000 -14.000000
v 73.924004 57.000000 -15.000000
v 74.000000 57.000000 -15.191210
v 74.000000 56.410057 -16.000000
v 74.000000 56.191864 -17.000000
v 74.000000 56.663216 -18.000000
v 74.000000 57.000000 -18.160738
v 73.648308 57.000000 -19.000000
v 73.196709 57.000000 -20.000000
v 74.239929 57.000000 -16.000000
v 74.250671 57.000000 -17.000000
v 74.069336 57.000000 -18.000000
v 46.000000 58.000000 -6.682329
v 45.686226 58.000000 -7.000000
v 45.389786 58.000000 -8.000000
v 45.342850 58.000000 -9.000000
v 45.495064 58.000000 -10.000000
v 45.752869 58.000000 -11.000000
v 46.000000 58.000000 -11.438193
v 47.000000 57.707249 -6.000000
v 47.000000 58.000000 -6.031821
v 46.410152 58.000000 -12.000000
v 47.000000 58.000000 -12.549400
v 48.000000 58.000000 -5.785372
v 47.112595 58.000000 -6.000000
v 48.000000 57.494820 -13.000000
v 47.847904 58.000000 -13.000000
v 48.000000 58.000000 -13.069338
v 49.000000 58.000000 -5.788052
v 49.000000 58.000000 -13.106466
v 50.000000 57.247665 -6.000000
v 49.571457 58.000000 -6.000000
v 50.000000 58.000000 -6.177251
v 50.000000 58.000000 -12.689871
v 49.270061 58.000000 -13.000000
v 51.000000 58.000000 -6.851213
v 51.000000 57.714413 -12.000000
v 51.000000 58.000000 -11.966049
v 50.964817 58.000000 -12.000000
v 51.146191 58.000000 -7.000000
v 51.809040 58.000000 -8.000000
v 52.000000 58.000000 -8.491400
v 52.000000 58.000000 -10.406898
v 51.746731 58.000000 -11.000000
v 52.190723 58.000000 -9.000000
v 52.167423 58.000000 -10.000000
v 55.000000 57.276814 -17.000000
v 55.000000 57.057167 -18.000000
v 56.000000 57.543362 -7.000000
v 56.000000 57.891449 -8.000000
v 56.000000 57.935364 -9.000000
v 56.000000 57.749355 -10.000000
v 56.000000 57.543194 -11.000000
v 56.000000 57.144447 -12.000000
v 56.000000 57.440342 -16.000000
v 56.000000 58.000000 -16.498232
v 55.584393 58.000000 -17.000000
v 55.848549 58.000000 -18.000000
v 56.000000 57.738369 -19.000000
v 56.000000 58.000000 -18.378626
v 57.000000 58.000000 -4.577675
v 56.766285 58.000000 -5.000000
v 56.438911 58.000000 -6.000000
v 56.154751 58.000000 -7.000000
v 56.074348 58.000000 -8.000000
v 56.081238 58.000000 -9.000000
v 56.517151 58.000000 -10.000000
v 57.000000 57.793140 -11.000000
v 57.000000 58.000000 -10.501908
v 57.000000 57.213100 -12.000000
v 57.000000 58.000000 -15.869460
v 56.692459 58.000000 -16.000000
v 57.000000 57.981071 -19.000000
v 57.000000 58.000000 -18.963627
v 58.000000 57.072498 -3.000000
v 57.332600 58.000000 -4.000000
v 58.000000 58.000000 -3.013843
v 58.000000 57.690086 -11.000000
v 58.000000 58.000000 -10.467427
v 58.000000 58.000000 -15.778311
v 58.000000 57.285740 -19.000000
v 58.000000 58.000000 -18.207466
v 59.000000 58.000000 -2.262395
v 58.013062 58.000000 -3.000000
v 59.000000 57.476460 -11.000000
v 59.000000 58.000000 -10.142876
v 58.730568 58.000000 -16.000000
v 59.000000 58.000000 -16.359241
v 59.000000 58.000000 -17.234945
v 58.180298 58.000000 -18.000000
v 60.000000 58.000000 -1.663696
v 59.479374 58.000000 -2.000000
v 60.000000 57.477436 -11.000000
v 60.000000 58.000000 -10.107478
v 59.207302 58.000000 -17.000000
v 61.000000 58.000000 -1.357130
v 61.000000 57.767963 -11.000000
v 61.000000 58.000000 -10.570049
v 61.000000 57.309658 -12.000000
v 62.000000 58.000000 -1.227500
v 61.425777 58.000000 -11.000000
v 62.000000 57.834114 -12.000000
v 62.000000 58.000000 -11.657166
v 62.000000 57.321442 -13.000000
v 63.000000 58.000000 -1.227500
v 62.331776 58.000000 -12.000000
v 63.000000 57.647209 -13.000000
v 63.000000 58.000000 -12.493215
v 63.000000 57.088707 -14.000000
v 64.000000 58.000000 -1.227500
v 64.000000 57.663578 -13.000000
v 64.000000 58.000000 -12.588007
v 64.000000 57.151127 -14.000000
v 64.000000 57.238453 -18.000000
v 64.000000 57.539577 -19.000000
v 64.000000 57.911026 -20.000000
v 64.000000 57.908806 -21.000000
v 64.000000 57.595573 -22.000000
v 64.000000 57.206734 -23.000000
v 65.000000 58.000000 -1.227500
v 65.000000 57.306564 -13.000000
v 65.000000 58.000000 -12.194717
v 65.000000 57.073158 -15.000000
v 65.000000 57.713161 -16.000000
v 64.909851 58.000000 -17.000000
v 65.000000 58.000000 -16.703039
v 64.604889 58.000000 -18.000000
v 64.342026 58.000000 -19.000000
v 64.062027 58.000000 -20.000000
v 64.071419 58.000000 -21.000000
v 64.409966 58.000000 -22.000000
v 65.000000 57.877220 -23.000000
v 65.000000 58.000000 -22.797638
v 65.000000 57.451691 -24.000000
v 65.000000 57.261139 -25.000000
v 66.000000 58.000000 -1.283056
v 66.000000 57.353649 -12.000000
v 66.000000 58.000000 -11.211450
v 65.234421 58.000000 -12.000000
v 66.000000 58.000000 -14.980321
v 65.981819 58.000000 -15.000000
v 65.231323 58.000000 -16.000000
v 65.276642 58.000000 -23.000000
v 66.000000 57.709442 -24.000000
v 66.000000 58.000000 -23.488419
v 66.000000 57.438148 -25.000000
v 67.000000 58.000000 -1.561954
v 67.000000 57.693310 -10.000000
v 67.000000 58.000000 -9.736012
v 66.860970 58.000000 -10.000000
v 66.173317 58.000000 -11.000000
v 67.000000 58.000000 -14.266592
v 67.000000 57.767235 -24.000000
v 67.000000 58.000000 -23.662830
v 67.000000 57.400673 -25.000000
v 67.636009 58.000000 -2.000000
v 68.000000 58.000000 -2.264720
v 68.000000 58.000000 -5.898551
v 67.946526 58.000000 -6.000000
v 67.654144 58.000000 -7.000000
v 67.462479 58.000000 -8.000000
v 67.272980 58.000000 -9.000000
v 68.000000 57.307816 -14.000000
v 67.459946 58.000000 -14.000000
v 68.000000 58.000000 -13.603669
v 68.000000 57.589401 -24.000000
v 68.000000 58.000000 -23.539391
v 68.000000 57.050526 -25.000000
v 68.571442 58.000000 -3.000000
v 68.701691 58.000000 -4.000000
v 68.506027 58.000000 -5.000000
v 69.000000 58.000000 -13.035699
v 69.000000 57.123344 -24.000000
v 69.000000 58.000000 -23.270329
v 70.000000 57.616478 -13.000000
v 69.078308 58.000000 -13.000000
v 70.000000 58.000000 -12.675312
v 70.000000 57.692215 -23.000000
v 70.000000 58.000000 -22.825409
v 69.601936 58.000000 -23.000000
v 71.000000 57.393345 -13.000000
v 71.000000 58.000000 -12.536855
v 71.000000 58.000000 -22.211374
v 72.000000 57.428555 -13.000000
v 72.000000 58.000000 -12.566070
v 72.000000 58.000000 -21.332134
v 71.256348 58.000000 -22.000000
v 73.000000 57.910698 -13.000000
v 73.000000 58.000000 -12.926837
v 73.000000 58.000000 -20.104008
v 72.299683 58.000000 -21.000000
v 73.116776 58.000000 -13.000000
v 74.000000 57.902058 -14.000000
v 74.000000 58.000000 -13.883222
v 74.000000 57.122215 -15.000000
v 74.000000 58.000000 -18.349955
v 73.647484 58.000000 -19.000000
v 73.075645 58.000000 -20.000000
v 74.070206 58.000000 -14.000000
v 74.411331 58.000000 -15.000000
v 74.534592 58.000000 -16.000000
v 74.438148 58.000000 -17.000000
v 74.183388 58.000000 -18.000000
v 46.000000 59.000000 -6.742029
v 45.694965 59.000000 -7.000000
v 45.322498 59.000000 -8.000000
v 45.234638 59.000000 -9.000000
v 45.385330 59.000000 -10.000000
v 45.617931 59.000000 -11.000000
v 46.000000 59.000000 -11.733438
v 47.000000 59.000000 -6.214275
v 46.190159 59.000000 -12.000000
v 47.000000 59.000000 -12.722415
v 48.000000 59.000000 -5.989381
v 47.952332 59.000000 -6.000000
v 47.561550 59.000000 -13.000000
v 48.000000 59.000000 -13.179085
v 49.000000 59.000000 -5.960073
v 49.000000 59.000000 -13.179085
v 49.110069 59.000000 -6.000000
v 50.000000 59.000000 -6.329275
v 50.000000 59.000000 -12.737061
v 49.443546 59.000000 -13.000000
v 51.000000 59.000000 -6.958216
v 51.000000 59.000000 -11.883419
v 50.894299 59.000000 -12.000000
v 51.041782 59.000000 -7.000000
v 51.697701 59.000000 -8.000000
v 52.000000 59.000000 -8.808851
v 52.000000 59.000000 -10.027500
v 51.612984 59.000000 -11.000000
v 52.070026 59.000000 -9.000000
v 52.010944 59.000000 -10.000000
v 56.000000 58.489822 -17.000000
v 56.000000 58.142876 -18.000000
v 57.000000 59.000000 -4.868550
v 56.932934 59.000000 -5.000000
v 56.722332 59.000000 -6.000000
v 56.792843 59.000000 -7.000000
v 57.000000 58.824055 -8.000000
v 57.000000 59.000000 -7.534597
v 57.000000 58.498234 -9.000000
v 57.000000 58.189777 -10.000000
v 57.000000 58.370308 -16.000000
v 57.000000 59.000000 -16.514250
v 56.595207 59.000000 -17.000000
v 57.000000 58.517315 -18.000000
v 57.000000 59.000000 -17.388599
v 58.000000 59.000000 -3.232518
v 57.452370 59.000000 -4.000000
v 57.424339 59.000000 -8.000000
v 58.000000 58.673775 -9.000000
v 58.000000 59.000000 -8.365841
v 58.000000 58.238342 -10.000000
v 58.000000 59.000000 -15.906940
v 57.685665 59.000000 -16.000000
v 58.000000 58.226044 -18.000000
v 58.000000 59.000000 -17.506144
v 59.000000 59.000000 -2.370188
v 58.213791 59.000000 -3.000000
v 59.000000 58.672539 -9.000000
v 59.000000 59.000000 -8.505000
v 59.000000 58.086800 -10.000000
v 58.707249 59.000000 -16.000000
v 59.000000 59.000000 -16.234200
v 59.000000 59.000000 -17.159542
v 60.000000 59.000000 -1.726930
v 59.614777 59.000000 -2.000000
v 60.000000 58.761917 -9.000000
v 60.000000 59.000000 -8.677782
v 60.000000 58.069004 -10.000000
v 59.220058 59.000000 -17.000000
v 61.000000 59.000000 -1.375648
v 60.714249 59.000000 -9.000000
v 61.000000 58.342030 -10.000000
v 61.000000 59.000000 -9.132907
v 62.000000 59.000000 -1.227500
v 62.000000 58.880390 -10.000000
v 62.000000 59.000000 -9.839879
v 62.000000 58.341877 -11.000000
v 63.000000 59.000000 -1.227500
v 62.206821 59.000000 -10.000000
v 63.000000 58.924381 -11.000000
v 63.000000 59.000000 -10.855562
v 63.000000 58.376637 -12.000000
v 64.000000 59.000000 -1.227500
v 63.329617 59.000000 -11.000000
v 64.000000 58.513577 -12.000000
v 64.000000 59.000000 -11.253835
v 65.000000 59.000000 -1.227500
v 65.000000 58.947281 -11.000000
v 65.000000 59.000000 -10.932863
v 64.768974 59.000000 -11.000000
v 65.000000 58.171242 -12.000000
v 65.000000 58.119251 -17.000000
v 65.000000 58.486938 -18.000000
v 65.000000 58.799618 -19.000000
v 64.882545 59.000000 -20.000000
v 65.000000 59.000000 -19.601147
v 64.966148 59.000000 -21.000000
v 65.000000 58.563038 -22.000000
v 65.000000 59.000000 -21.071459
v 66.000000 59.000000 -1.246019
v 66.000000 58.182285 -11.000000
v 66.000000 59.000000 -10.160575
v 66.000000 58.038303 -15.000000
v 65.805832 59.000000 -16.000000
v 66.000000 59.000000 -15.605112
v 65.573616 59.000000 -17.000000
v 65.407013 59.000000 -18.000000
v 65.177025 59.000000 -19.000000
v 65.718872 59.000000 -22.000000
v 66.000000 58.336147 -23.000000
v 66.000000 59.000000 -22.188093
v 67.000000 59.000000 -1.457129
v 67.000000 59.000000 -9.069369
v 66.159164 59.000000 -10.000000
v 67.000000 59.000000 -14.230833
v 66.336594 59.000000 -15.000000
v 67.000000 58.527164 -23.000000
v 67.000000 59.000000 -22.488260
v 67.914619 59.000000 -2.000000
v 68.000000 59.000000 -2.056511
v 68.000000 59.000000 -5.827018
v 67.908913 59.000000 -6.000000
v 67.620720 59.000000 -7.000000
v 67.375648 59.000000 -8.000000
v 67.039047 59.000000 -9.000000
v 68.000000 58.947533 -13.000000
v 67.968834 59.000000 -13.000000
v 68.000000 59.000000 -12.966573
v 67.210960 59.000000 -14.000000
v 68.000000 58.509968 -23.000000
v 68.000000 59.000000 -22.515839
v 68.724556 59.000000 -3.000000
v 68.777946 59.000000 -4.000000
v 68.467072 59.000000 -5.000000
v 69.000000 58.040798 -13.000000
v 69.000000 59.000000 -12.291025
v 69.000000 58.311344 -23.000000
v 69.000000 59.000000 -22.435848
v 70.000000 58.886978 -12.000000
v 69.755722 59.000000 -12.000000
v 70.000000 59.000000 -11.917690
v 70.000000 59.000000 -22.181610
v 71.000000 58.780117 -12.000000
v 71.000000 59.000000 -11.855667
v 71.000000 58.446236 -22.000000
v 71.000000 59.000000 -21.753544
v 70.417465 59.000000 -22.000000
v 72.000000 58.860611 -12.000000
v 72.000000 59.000000 -11.911166
v 72.000000 58.983868 -21.000000
v 72.000000 59.000000 -20.994301
v 71.993805 59.000000 -21.000000
v 72.285751 59.000000 -12.000000
v 73.000000 59.000000 -12.243494
v 73.000000 58.362694 -20.000000
v 73.000000 59.000000 -19.815889
v 72.857155 59.000000 -20.000000
v 74.000000 59.000000 -12.820925
v 74.000000 58.778431 -13.000000
v 74.000000 59.000000 -18.355473
v 73.573669 59.000000 -19.000000
v 74.176659 59.000000 -13.000000
v 74.710304 59.000000 -14.000000
v 74.827454 59.000000 -15.000000
v 74.815849 59.000000 -16.000000
v 74.576004 59.000000 -17.000000
v 74.222389 59.000000 -18.000000
v 46.000000 60.000000 -6.787255
v 45.720394 60.000000 -7.000000
v 45.253201 60.000000 -8.000000
v 45.089787 60.000000 -9.000000
v 45.219517 60.000000 -10.000000
v 45.445328 60.000000 -11.000000
v 46.000000 59.785660 -12.000000
v 45.955490 60.000000 -12.000000
v 46.000000 60.000000 -12.055034
v 47.000000 60.000000 -6.331066
v 47.000000 60.000000 -12.926121
v 48.000000 59.071499 -6.000000
v 48.000000 60.000000 -6.130774
v 47.156769 60.000000 -13.000000
v 48.000000 60.000000 -13.308683
v 49.000000 59.280861 -6.000000
v 49.000000 60.000000 -6.099785
v 49.000000 60.000000 -13.301099
v 50.000000 60.000000 -6.437709
v 50.000000 60.000000 -12.896791
v 49.789940 60.000000 -13.000000
v 51.000000 59.376053 -7.000000
v 50.905914 60.000000 -7.000000
v 51.000000 60.000000 -7.089135
v 51.000000 60.000000 -11.993049
v 50.994518 60.000000 -12.000000
v 51.611843 60.000000 -8.000000
v 51.985935 60.000000 -9.000000
v 52.000000 59.832058 -9.000000
v 52.000000 59.134064 -10.000000
v 51.932415 60.000000 -10.000000
v 51.592937 60.000000 -11.000000
v 57.000000 59.172962 -5.000000
v 57.000000 59.510803 -6.000000
v 57.000000 59.223953 -7.000000
v 57.000000 59.393852 -17.000000
v 58.000000 60.000000 -3.717617
v 57.792271 60.000000 -4.000000
v 57.387993 60.000000 -5.000000
v 57.414841 60.000000 -6.000000
v 58.000000 59.781185 -7.000000
v 58.000000 60.000000 -6.658964
v 58.000000 59.208218 -8.000000
v 58.000000 59.321476 -16.000000
v 58.000000 60.000000 -16.995167
v 57.996777 60.000000 -17.000000
v 58.000000 60.000000 -17.001228
v 59.000000 60.000000 -2.632878
v 58.592613 60.000000 -3.000000
v 58.946377 60.000000 -7.000000
v 59.000000 59.335800 -8.000000
v 59.000000 60.000000 -7.016374
v 59.000000 59.517433 -17.000000
v 58.008057 60.000000 -17.000000
v 60.000000 60.000000 -1.932815
v 59.914749 60.000000 -2.000000
v 60.000000 59.484650 -8.000000
v 60.000000 60.000000 -7.284664
v 61.000000 60.000000 -1.495994
v 61.000000 59.878933 -8.000000
v 61.000000 60.000000 -7.844883
v 61.000000 59.103283 -9.000000
v 62.000000 60.000000 -1.283056
v 61.175709 60.000000 -8.000000
v 62.000000 59.671902 -9.000000
v 62.000000 60.000000 -8.646840
v 63.000000 60.000000 -1.246019
v 62.552773 60.000000 -9.000000
v 63.000000 59.437614 -10.000000
v 63.000000 60.000000 -9.296007
v 64.000000 60.000000 -1.227500
v 64.000000 59.709400 -10.000000
v 64.000000 60.000000 -9.665427
v 64.000000 59.139812 -11.000000
v 65.000000 60.000000 -1.227500
v 65.000000 59.686447 -10.000000
v 65.000000 60.000000 -9.699669
v 65.000000 59.122723 -20.000000
v 65.000000 59.032360 -21.000000
v 66.000000 60.000000 -1.227500
v 66.000000 59.168011 -10.000000
v 66.000000 60.000000 -9.420290
v 66.000000 59.390499 -16.000000
v 66.000000 59.742367 -17.000000
v 66.000000 59.829258 -18.000000
v 66.000000 59.938076 -19.000000
v 66.000000 59.964298 -20.000000
v 66.000000 59.729160 -21.000000
v 66.000000 59.155624 -22.000000
v 67.000000 60.000000 -1.382736
v 67.000000 59.132317 -9.000000
v 67.000000 60.000000 -8.506789
v 66.581650 60.000000 -9.000000
v 67.000000 60.000000 -14.198619
v 66.570686 60.000000 -15.000000
v 66.266289 60.000000 -16.000000
v 66.137405 60.000000 -17.000000
v 66.110382 60.000000 -18.000000
v 66.049744 60.000000 -19.000000
v 66.041824 60.000000 -20.000000
v 66.468552 60.000000 -21.000000
v 67.000000 59.470398 -22.000000
v 67.000000 60.000000 -21.379606
v 68.000000 60.000000 -1.854022
v 68.000000 59.280537 -2.000000
v 68.000000 60.000000 -5.876295
v 67.932083 60.000000 -6.000000
v 67.583611 60.000000 -7.000000
v 67.234856 60.000000 -8.000000
v 68.000000 60.000000 -12.312330
v 67.566071 60.000000 -13.000000
v 67.109764 60.000000 -14.000000
v 68.000000 59.610958 -22.000000
v 68.000000 60.000000 -21.695250
v 68.152611 60.000000 -2.000000
v 68.913635 60.000000 -3.000000
v 68.923820 60.000000 -4.000000
v 68.505905 60.000000 -5.000000
v 69.000000 59.414646 -12.000000
v 68.357819 60.000000 -12.000000
v 69.000000 60.000000 -11.599121
v 69.000000 59.648277 -22.000000
v 69.000000 60.000000 -21.795830
v 70.000000 60.000000 -11.322500
v 70.000000 59.334843 -22.000000
v 70.000000 60.000000 -21.700211
v 71.000000 60.000000 -11.321064
v 71.000000 60.000000 -21.391600
v 72.000000 60.000000 -11.383522
v 72.000000 60.000000 -20.673607
v 71.588890 60.000000 -21.000000
v 73.000000 60.000000 -11.640682
v 73.000000 59.375919 -12.000000
v 73.000000 60.000000 -19.616854
v 72.657661 60.000000 -20.000000
v 73.936119 60.000000 -12.000000
v 74.000000 60.000000 -12.032367
v 74.000000 60.000000 -18.360176
v 73.506226 60.000000 -19.000000
v 75.000000 60.000000 -12.914025
v 75.000000 59.923145 -13.000000
v 75.000000 59.389889 -14.000000
v 75.000000 59.355663 -15.000000
v 75.000000 59.571396 -16.000000
v 75.000000 60.000000 -16.334999
v 74.719147 60.000000 -17.000000
v 74.262283 60.000000 -18.000000
v 75.072464 60.000000 -13.000000
v 75.494789 60.000000 -14.000000
v 75.354744 60.000000 -15.000000
v 75.160141 60.000000 -16.000000
v 46.000000 61.000000 -6.864812
v 45.816460 61.000000 -7.000000
v 45.277298 61.000000 -8.000000
v 45.047607 61.000000 -9.000000
v 45.117241 61.000000 -10.000000
v 45.310310 61.000000 -11.000000
v 45.810028 61.000000 -12.000000
v 46.000000 61.000000 -12.229706
v 47.000000 61.000000 -6.451393
v 47.000000 60.535625 -13.000000
v 46.913605 61.000000 -13.000000
v 47.000000 61.000000 -13.056288
v 48.000000 61.000000 -6.283800
v 48.000000 61.000000 -13.385909
v 49.000000 61.000000 -6.265390
v 49.000000 61.000000 -13.378891
v 50.000000 61.000000 -6.560268
v 50.000000 60.811592 -13.000000
v 50.000000 61.000000 -13.021477
v 50.726974 61.000000 -7.000000
v 51.000000 61.000000 -7.236748
v 51.000000 60.044998 -12.000000
v 51.000000 61.000000 -12.122602
v 50.030933 61.000000 -13.000000
v 51.571442 61.000000 -8.000000
v 51.995705 61.000000 -9.000000
v 51.985935 61.000000 -10.000000
v 51.654545 61.000000 -11.000000
v 51.097553 61.000000 -12.000000
v 58.000000 60.350922 -4.000000
v 58.000000 60.768566 -5.000000
v 58.000000 60.515106 -6.000000
v 58.000000 60.001648 -17.000000
v 59.000000 60.865002 -3.000000
v 59.000000 61.000000 -3.092972
v 58.410152 61.000000 -4.000000
v 58.235077 61.000000 -5.000000
v 58.930473 61.000000 -6.000000
v 59.000000 60.014397 -7.000000
v 59.000000 61.000000 -6.033849
v 60.000000 60.215851 -2.000000
v 60.000000 61.000000 -2.213035
v 59.067501 61.000000 -3.000000
v 60.000000 60.272465 -7.000000
v 60.000000 61.000000 -6.404357
v 61.000000 61.000000 -1.707943
v 60.444035 61.000000 -2.000000
v 61.000000 60.886433 -7.000000
v 61.000000 61.000000 -6.912862
v 62.000000 61.000000 -1.394167
v 61.104961 61.000000 -7.000000
v 62.000000 60.824291 -8.000000
v 62.000000 61.000000 -7.856123
v 63.000000 61.000000 -1.283056
v 62.169701 61.000000 -8.000000
v 63.000000 60.326546 -9.000000
v 63.000000 61.000000 -8.533764
v 64.000000 61.000000 -1.227500
v 64.000000 60.835911 -9.000000
v 64.000000 61.000000 -8.898179
v 65.000000 61.000000 -1.227500
v 64.863258 61.000000 -9.000000
v 65.000000 61.000000 -9.017570
v 66.000000 61.000000 -1.227500
v 66.000000 60.740284 -9.000000
v 66.000000 61.000000 -8.857156
v 65.120964 61.000000 -9.000000
v 67.000000 61.000000 -1.340714
v 67.000000 60.982552 -8.000000
v 67.000000 61.000000 -7.992366
v 66.993805 61.000000 -8.000000
v 67.000000 61.000000 -14.076039
v 66.669090 61.000000 -15.000000
v 66.494934 61.000000 -16.000000
v 66.479355 61.000000 -17.000000
v 66.577515 61.000000 -18.000000
v 66.724098 61.000000 -19.000000
v 67.000000 60.931564 -20.000000
v 67.000000 61.000000 -19.841049
v 67.000000 60.354301 -21.000000
v 68.000000 61.000000 -1.691294
v 68.000000 60.989643 -6.000000
v 68.000000 61.000000 -6.001480
v 67.531792 61.000000 -7.000000
v 68.000000 60.575859 -12.000000
v 67.850853 61.000000 -12.000000
v 68.000000 61.000000 -11.757634
v 67.389786 61.000000 -13.000000
v 67.029129 61.000000 -14.000000
v 67.065697 61.000000 -20.000000
v 67.864777 61.000000 -21.000000
v 68.000000 61.000000 -21.087040
v 68.380562 61.000000 -2.000000
v 69.000000 61.000000 -2.781033
v 69.000000 60.424427 -3.000000
v 69.000000 60.495167 -4.000000
v 69.000000 61.000000 -4.154541
v 68.577271 61.000000 -5.000000
v 68.000778 61.000000 -6.000000
v 69.000000 61.000000 -11.078865
v 69.000000 61.000000 -21.425911
v 69.109482 61.000000 -3.000000
v 69.077271 61.000000 -4.000000
v 70.000000 60.560131 -11.000000
v 69.204048 61.000000 -11.000000
v 70.000000 61.000000 -10.745457
v 70.000000 61.000000 -21.440645
v 71.000000 60.527275 -11.000000
v 71.000000 61.000000 -10.693974
v 71.000000 61.000000 -21.154182
v 72.000000 60.654243 -11.000000
v 72.000000 61.000000 -10.776386
v 72.000000 61.000000 -20.475395
v 71.251167 61.000000 -21.000000
v 72.663628 61.000000 -11.000000
v 73.000000 61.000000 -11.109188
v 73.000000 61.000000 -19.516228
v 72.516228 61.000000 -20.000000
v 74.000000 61.000000 -11.489057
v 74.000000 60.046238 -12.000000
v 74.000000 61.000000 -18.400936
v 73.475395 61.000000 -19.000000
v 75.000000 60.929783 -12.000000
v 75.000000 61.000000 -11.954497
v 75.000000 61.000000 -16.904781
v 74.942261 61.000000 -17.000000
v 74.334114 61.000000 -18.000000
v 75.074722 61.000000 -12.000000
v 76.000000 60.998886 -13.000000
v 76.000000 61.000000 -12.998565
v 76.000000 60.642288 -14.000000
v 76.000000 61.000000 -14.795604
v 75.931076 61.000000 -15.000000
v 75.569862 61.000000 -16.000000
v 76.000999 61.000000 -13.000000
v 76.276314 61.000000 -14.000000
v 45.000000 61.828499 -10.000000
v 44.974655 62.000000 -10.000000
v 45.000000 62.000000 -9.428333
v 45.000000 62.000000 -10.165968
v 46.000000 62.000000 -6.949475
v 45.935600 62.000000 -7.000000
v 45.336079 62.000000 -8.000000
v 45.018806 62.000000 -9.000000
v 45.129925 62.000000 -11.000000
v 45.662182 62.000000 -12.000000
v 46.000000 62.000000 -12.386993
v 47.000000 62.000000 -6.533280
v 46.768692 62.000000 -13.000000
v 47.000000 62.000000 -13.141480
v 48.000000 62.000000 -6.388269
v 48.000000 62.000000 -13.430405
v 49.000000 62.000000 -6.428562
v 49.000000 62.000000 -13.419423
v 50.000000 62.000000 -6.721244
v 50.000000 62.000000 -13.086591
v 50.453533 62.000000 -7.000000
v 51.000000 62.000000 -7.450033
v 51.000000 62.000000 -12.209027
v 50.126999 62.000000 -13.000000
v 51.457310 62.000000 -8.000000
v 51.920326 62.000000 -9.000000
v 51.966724 62.000000 -10.000000
v 51.670494 62.000000 -11.000000
v 51.163063 62.000000 -12.000000
v 59.000000 61.728371 -4.000000
v 59.000000 61.643345 -5.000000
v 59.000000 61.033409 -6.000000
v 60.000000 62.000000 -2.692844
v 59.686974 62.000000 -3.000000
v 59.218628 62.000000 -4.000000
v 59.393101 62.000000 -5.000000
v 60.000000 61.531883 -6.000000
v 60.000000 62.000000 -5.577396
v 61.000000 61.782120 -2.000000
v 61.000000 62.000000 -2.070632
v 60.553226 62.000000 -6.000000
v 61.000000 62.000000 -6.301503
v 62.000000 62.000000 -1.574094
v 61.158703 62.000000 -2.000000
v 61.749046 62.000000 -7.000000
v 62.000000 62.000000 -7.264896
v 63.000000 62.000000 -1.338611
v 62.778347 62.000000 -8.000000
v 63.000000 62.000000 -8.157827
v 64.000000 62.000000 -1.227500
v 64.000000 62.000000 -8.562306
v 65.000000 62.000000 -1.227500
v 65.000000 61.041382 -9.000000
v 65.000000 62.000000 -8.665803
v 66.000000 62.000000 -1.227500
v 66.000000 62.000000 -8.486695
v 67.000000 62.000000 -1.283056
v 67.000000 62.000000 -7.645978
v 66.638107 62.000000 -8.000000
v 67.000000 61.225193 -14.000000
v 66.903152 62.000000 -14.000000
v 67.000000 62.000000 -13.708043
v 66.695778 62.000000 -15.000000
v 66.648483 62.000000 -16.000000
v 66.768913 62.000000 -17.000000
v 66.999268 62.000000 -18.000000
v 67.000000 61.461460 -19.000000
v 67.000000 62.000000 -18.002377
v 68.000000 62.000000 -1.475204
v 68.000000 62.000000 -6.119873
v 67.461891 62.000000 -7.000000
v 68.000000 62.000000 -11.354703
v 67.624901 62.000000 -12.000000
v 67.227234 62.000000 -13.000000
v 67.320290 62.000000 -19.000000
v 67.774292 62.000000 -20.000000
v 68.000000 61.157761 -21.000000
v 68.000000 62.000000 -20.320547
v 68.857170 62.000000 -2.000000
v 69.000000 62.000000 -2.154880
v 69.000000 62.000000 -4.445684
v 68.669106 62.000000 -5.000000
v 68.074844 62.000000 -6.000000
v 69.000000 61.173717 -11.000000
v 68.406357 62.000000 -11.000000
v 69.000000 62.000000 -10.676481
v 68.808548 62.000000 -21.000000
v 69.000000 62.000000 -21.098179
v 69.394073 62.000000 -3.000000
v 69.266045 62.000000 -4.000000
v 70.000000 62.000000 -10.298308
v 70.000000 62.000000 -21.211948
v 71.000000 62.000000 -10.140602
v 71.000000 61.692112 -21.000000
v 71.000000 62.000000 -20.927078
v 70.765167 62.000000 -21.000000
v 72.000000 62.000000 -10.183000
v 72.000000 62.000000 -20.310570
v 73.000000 62.000000 -10.501940
v 73.000000 61.186207 -11.000000
v 73.000000 62.000000 -19.457485
v 72.378441 62.000000 -20.000000
v 74.000000 61.912907 -11.000000
v 74.000000 62.000000 -10.948334
v 74.000000 62.000000 -18.455423
v 73.468315 62.000000 -19.000000
v 74.110184 62.000000 -11.000000
v 75.000000 62.000000 -11.380696
v 75.000000 61.241222 -17.000000
v 75.000000 62.000000 -17.251066
v 74.424545 62.000000 -18.000000
v 76.000000 62.000000 -11.917762
v 76.000000 61.876999 -12.000000
v 76.000000 61.146358 -15.000000
v 76.000000 62.000000 -15.785739
v 75.894669 62.000000 -16.000000
v 75.191826 62.000000 -17.000000
v 76.111382 62.000000 -12.000000
v 76.765251 62.000000 -13.000000
v 76.832275 62.000000 -14.000000
v 76.377838 62.000000 -15.000000
v 45.000000 63.000000 -9.328500
v 44.903149 63.000000 -10.000000
v 45.000000 63.000000 -10.959286
v 46.000000 62.415680 -7.000000
v 45.432934 63.000000 -8.000000
v 46.000000 63.000000 -7.103669
v 45.047607 63.000000 -9.000000
v 45.004406 63.000000 -11.000000
v 45.538082 63.000000 -12.000000
v 46.000000 63.000000 -12.526235
v 47.000000 63.000000 -6.614728
v 46.131172 63.000000 -7.000000
v 46.634365 63.000000 -13.000000
v 47.000000 63.000000 -13.203514
v 48.000000 63.000000 -6.464128
v 48.000000 63.000000 -13.452088
v 49.000000 63.000000 -6.538168
v 49.000000 63.000000 -13.419423
v 50.000000 63.000000 -6.837524
v 50.000000 63.000000 -13.086591
v 50.258945 63.000000 -7.000000
v 51.000000 63.000000 -7.604172
v 51.000000 63.000000 -12.209027
v 50.126999 63.000000 -13.000000
v 51.341457 63.000000 -8.000000
v 51.813522 63.000000 -9.000000
v 51.910213 63.000000 -10.000000
v 51.645538 63.000000 -11.000000
v 51.163063 63.000000 -12.000000
v 60.000000 62.506649 -3.000000
v 59.939613 63.000000 -4.000000
v 60.000000 63.000000 -3.825086
v 60.000000 62.815147 -5.000000
v 60.000000 63.000000 -4.349828
v 61.000000 63.000000 -2.426837
v 60.334652 63.000000 -3.000000
v 60.131855 63.000000 -5.000000
v 61.000000 62.832966 -6.000000
v 61.000000 63.000000 -5.926455
v 62.000000 63.000000 -1.749046
v 61.650047 63.000000 -2.000000
v 61.063995 63.000000 -6.000000
v 61.965000 63.000000 -7.000000
v 62.000000 63.000000 -7.035000
v 63.000000 63.000000 -1.386594
v 63.000000 62.685112 -8.000000
v 63.000000 63.000000 -7.915518
v 64.000000 63.000000 -1.227500
v 63.161106 63.000000 -8.000000
v 64.000000 63.000000 -8.330940
v 65.000000 63.000000 -1.227500
v 65.000000 63.000000 -8.403371
v 66.000000 63.000000 -1.227500
v 66.000000 63.000000 -8.155498
v 67.000000 63.000000 -1.246019
v 67.000000 63.000000 -7.381581
v 66.226974 63.000000 -8.000000
v 67.000000 63.000000 -13.600948
v 66.889259 63.000000 -14.000000
v 66.782745 63.000000 -15.000000
v 66.848373 63.000000 -16.000000
v 67.000000 62.696457 -17.000000
v 67.000000 63.000000 -16.595278
v 67.000000 62.001686 -18.000000
v 68.000000 63.000000 -1.325700
v 68.000000 63.000000 -6.025160
v 67.326767 63.000000 -7.000000
v 68.000000 63.000000 -11.200462
v 67.544762 63.000000 -12.000000
v 67.162872 63.000000 -13.000000
v 67.108734 63.000000 -17.000000
v 67.429276 63.000000 -18.000000
v 67.858673 63.000000 -19.000000
v 68.000000 62.346771 -20.000000
v 68.000000 63.000000 -19.266787
v 69.000000 63.000000 -1.707125
v 69.000000 62.267811 -2.000000
v 69.000000 63.000000 -4.526606
v 68.658661 63.000000 -5.000000
v 68.017090 63.000000 -6.000000
v 69.000000 63.000000 -10.463170
v 68.186371 63.000000 -11.000000
v 68.485504 63.000000 -20.000000
v 69.000000 62.203671 -21.000000
v 69.000000 63.000000 -20.504272
v 69.308289 63.000000 -2.000000
v 69.671616 63.000000 -3.000000
v 69.387878 63.000000 -4.000000
v 70.000000 62.936230 -10.000000
v 69.955902 63.000000 -10.000000
v 70.000000 63.000000 -9.979480
v 70.000000 62.537441 -21.000000
v 70.000000 63.000000 -20.786510
v 71.000000 62.339935 -10.000000
v 71.000000 63.000000 -9.760803
v 71.000000 63.000000 -20.588377
v 72.000000 62.380394 -10.000000
v 72.000000 63.000000 -9.747042
v 72.000000 63.000000 -20.056049
v 73.000000 62.946960 -10.000000
v 73.000000 63.000000 -9.974146
v 73.000000 63.000000 -19.324833
v 72.077446 63.000000 -20.000000
v 73.066818 63.000000 -10.000000
v 74.000000 63.000000 -10.382208
v 74.000000 63.000000 -18.431076
v 73.372726 63.000000 -19.000000
v 75.000000 63.000000 -10.805672
v 75.000000 62.671410 -11.000000
v 75.000000 63.000000 -17.380033
v 74.438728 63.000000 -18.000000
v 75.384521 63.000000 -11.000000
v 76.000000 63.000000 -11.325028
v 76.000000 62.401169 -16.000000
v 76.000000 63.000000 -16.196817
v 75.336098 63.000000 -17.000000
v 76.931358 63.000000 -12.000000
v 77.000000 63.000000 -12.121302
v 77.000000 62.364902 -13.000000
v 77.000000 62.382755 -14.000000
v 77.000000 63.000000 -14.472010
v 76.712006 63.000000 -15.000000
v 76.153801 63.000000 -16.000000
v 77.350517 63.000000 -13.000000
v 77.248169 63.000000 -14.000000
v 45.000000 63.821251 -9.000000
v 44.989380 64.000000 -9.000000
v 45.000000 64.000000 -8.976167
v 44.795624 64.000000 -10.000000
v 45.000000 63.028500 -11.000000
v 44.861214 64.000000 -11.000000
v 45.000000 64.000000 -11.303594
v 46.000000 64.000000 -7.173144
v 45.445965 64.000000 -8.000000
v 45.371418 64.000000 -12.000000
v 46.000000 64.000000 -12.729968
v 47.000000 64.000000 -6.646403
v 46.226288 64.000000 -7.000000
v 46.394859 64.000000 -13.000000
v 47.000000 64.000000 -13.291568
v 48.000000 64.000000 -6.485000
v 48.000000 64.000000 -13.483937
v 49.000000 64.000000 -6.580577
v 49.000000 64.000000 -13.419423
v 50.000000 64.000000 -6.899776
v 50.000000 64.000000 -13.086591
v 50.152615 64.000000 -7.000000
v 51.000000 64.000000 -7.731079
v 51.000000 64.000000 -12.198265
v 50.126999 64.000000 -13.000000
v 51.221210 64.000000 -8.000000
v 51.657959 64.000000 -9.000000
v 51.790615 64.000000 -10.000000
v 51.585136 64.000000 -11.000000
v 51.151798 64.000000 -12.000000
v 60.000000 63.079258 -4.000000
v 61.000000 63.942028 -3.000000
v 61.000000 64.000000 -3.124574
v 60.741226 64.000000 -4.000000
v 60.812794 64.000000 -5.000000
v 61.000000 64.000000 -5.298297
v 62.000000 63.866932 -2.000000
v 62.000000 64.000000 -2.039295
v 61.039295 64.000000 -3.000000
v 61.434387 64.000000 -6.000000
v 62.000000 63.197884 -7.000000
v 62.000000 64.000000 -6.799471
v 63.000000 64.000000 -1.482483
v 62.069702 64.000000 -2.000000
v 62.179783 64.000000 -7.000000
v 63.000000 64.000000 -7.590963
v 64.000000 64.000000 -1.250660
v 64.000000 63.974934 -8.000000
v 64.000000 64.000000 -7.989215
v 65.000000 64.000000 -1.228913
v 64.168640 64.000000 -8.000000
v 65.000000 64.000000 -8.046659
v 66.000000 64.000000 -1.227500
v 66.000000 63.385548 -8.000000
v 66.000000 64.000000 -7.746582
v 65.169350 64.000000 -8.000000
v 67.000000 64.000000 -1.228913
v 67.000000 64.000000 -7.046700
v 67.000000 63.964375 -14.000000
v 66.999275 64.000000 -15.000000
v 67.000000 64.000000 -14.855000
v 67.000000 63.487045 -16.000000
v 67.000000 64.000000 -15.004265
v 68.000000 64.000000 -1.260772
v 68.000000 63.074883 -6.000000
v 68.000000 64.000000 -5.696445
v 67.788834 64.000000 -6.000000
v 67.043304 64.000000 -7.000000
v 68.000000 64.000000 -11.077676
v 67.506363 64.000000 -12.000000
v 67.170624 64.000000 -13.000000
v 67.004189 64.000000 -14.000000
v 67.161217 64.000000 -16.000000
v 67.442711 64.000000 -17.000000
v 67.792198 64.000000 -18.000000
v 68.000000 63.290501 -19.000000
v 68.000000 64.000000 -18.391857
v 69.000000 64.000000 -1.519790
v 69.000000 64.000000 -4.408849
v 68.498016 64.000000 -5.000000
v 69.000000 64.000000 -10.291782
v 68.062363 64.000000 -11.000000
v 68.377838 64.000000 -19.000000
v 69.000000 63.692226 -20.000000
v 69.000000 64.000000 -19.756439
v 69.544235 64.000000 -2.000000
v 69.785263 64.000000 -3.000000
v 69.359222 64.000000 -4.000000
v 70.000000 64.000000 -9.745718
v 69.507919 64.000000 -10.000000
v 69.490654 64.000000 -20.000000
v 70.000000 64.000000 -20.196341
v 71.000000 64.000000 -9.517210
v 71.000000 64.000000 -20.128431
v 72.000000 64.000000 -9.457511
v 72.000000 63.149193 -20.000000
v 72.000000 64.000000 -19.703308
v 71.294449 64.000000 -20.000000
v 73.000000 64.000000 -9.584585
v 73.000000 64.000000 -19.095249
v 74.000000 64.000000 -9.857854
v 74.000000 63.718552 -10.000000
v 74.000000 64.000000 -18.288189
v 73.121597 64.000000 -19.000000
v 74.343231 64.000000 -10.000000
v 75.000000 64.000000 -10.281963
v 75.000000 64.000000 -17.328056
v 74.315376 64.000000 -18.000000
v 76.000000 64.000000 -10.766784
v 76.000000 63.572823 -11.000000
v 76.000000 64.000000 -16.348726
v 75.336357 64.000000 -17.000000
v 76.378464 64.000000 -11.000000
v 77.000000 63.098389 -12.000000
v 77.000000 64.000000 -11.466151
v 77.000000 64.000000 -14.983136
v 76.989464 64.000000 -15.000000
v 76.324539 64.000000 -16.000000
v 77.500893 64.000000 -12.000000
v 77.758842 64.000000 -13.000000
v 77.548958 64.000000 -14.000000
v 45.000000 65.000000 -8.915156
v 44.960075 65.000000 -9.000000
v 44.744797 65.000000 -10.000000
v 44.778133 65.000000 -11.000000
v 45.000000 65.000000 -11.540955
v 46.000000 65.000000 -7.197463
v 45.445965 65.000000 -8.000000
v 45.229523 65.000000 -12.000000
v 46.000000 65.000000 -12.896373
v 47.000000 65.000000 -6.655452
v 46.260727 65.000000 -7.000000
v 46.165157 65.000000 -13.000000
v 47.000000 65.000000 -13.354624
v 48.000000 65.000000 -6.485000
v 48.000000 65.000000 -13.504731
v 49.000000 65.000000 -6.580577
v 49.000000 65.000000 -13.419423
v 50.000000 65.000000 -6.908819
v 50.000000 65.000000 -13.086591
v 50.135410 65.000000 -7.000000
v 51.000000 65.000000 -7.777550
v 51.000000 65.000000 -12.198265
v 50.126999 65.000000 -13.000000
v 51.174446 65.000000 -8.000000
v 51.585136 65.000000 -9.000000
v 51.740562 65.000000 -10.000000
v 51.561741 65.000000 -11.000000
v 51.151798 65.000000 -12.000000
v 61.000000 64.279900 -4.000000
v 61.000000 64.218910 -5.000000
v 62.000000 65.000000 -2.734481
v 61.816044 65.000000 -3.000000
v 61.682934 65.000000 -4.000000
v 61.739349 65.000000 -5.000000
v 62.000000 64.777054 -6.000000
v 62.000000 65.000000 -5.588707
v 63.000000 65.000000 -1.849252
v 62.802628 65.000000 -2.000000
v 62.253777 65.000000 -6.000000
v 63.000000 64.864952 -7.000000
v 63.000000 65.000000 -6.825235
v 64.000000 65.000000 -1.440379
v 63.316063 65.000000 -7.000000
v 64.000000 65.000000 -7.208734
v 65.000000 65.000000 -1.306242
v 65.000000 64.073753 -8.000000
v 65.000000 65.000000 -7.308103
v 66.000000 65.000000 -1.258576
v 66.000000 65.000000 -7.075906
v 67.000000 65.000000 -1.257129
v 67.000000 64.081192 -7.000000
v 67.000000 65.000000 -6.405478
v 66.130592 65.000000 -7.000000
v 67.000000 64.002129 -15.000000
v 68.000000 65.000000 -1.322698
v 68.000000 65.000000 -5.122137
v 67.336250 65.000000 -6.000000
v 68.000000 64.983887 -11.000000
v 67.999222 65.000000 -11.000000
v 68.000000 65.000000 -10.999000
v 67.546852 65.000000 -12.000000
v 67.319542 65.000000 -13.000000
v 67.259438 65.000000 -14.000000
v 67.308434 65.000000 -15.000000
v 67.469658 65.000000 -16.000000
v 67.774902 65.000000 -17.000000
v 68.000000 64.501770 -18.000000
v 68.000000 65.000000 -17.530403
v 69.000000 65.000000 -1.649575
v 69.000000 65.000000 -4.072843
v 68.096466 65.000000 -5.000000
v 69.000000 65.000000 -10.108989
v 68.240326 65.000000 -18.000000
v 69.000000 64.955864 -19.000000
v 69.000000 65.000000 -18.963768
v 69.367775 65.000000 -2.000000
v 69.564400 65.000000 -3.000000
v 69.072372 65.000000 -4.000000
v 70.000000 65.000000 -9.511601
v 69.159790 65.000000 -10.000000
v 69.048073 65.000000 -19.000000
v 70.000000 64.283424 -20.000000
v 70.000000 65.000000 -19.519703
v 71.000000 65.000000 -9.246928
v 71.000000 64.219498 -20.000000
v 71.000000 65.000000 -19.572861
v 72.000000 65.000000 -9.137404
v 72.000000 65.000000 -19.298712
v 73.000000 65.000000 -9.206034
v 73.000000 64.252129 -19.000000
v 73.000000 65.000000 -18.719032
v 72.537682 65.000000 -19.000000
v 74.000000 65.000000 -9.406152
v 74.000000 64.964325 -18.000000
v 74.000000 65.000000 -17.988689
v 73.985947 65.000000 -18.000000
v 75.000000 65.000000 -9.756985
v 75.000000 64.533218 -10.000000
v 75.000000 65.000000 -17.131815
v 75.476212 65.000000 -10.000000
v 76.000000 65.000000 -10.278790
v 76.000000 65.000000 -16.411594
v 75.169044 65.000000 -17.000000
v 77.000000 65.000000 -10.923129
v 77.000000 64.843513 -11.000000
v 77.000000 64.029442 -15.000000
v 77.000000 65.000000 -15.449595
v 76.504272 65.000000 -16.000000
v 77.092567 65.000000 -11.000000
v 77.958458 65.000000 -12.000000
v 78.000000 65.000000 -12.155795
v 78.000000 64.547012 -13.000000
v 78.000000 65.000000 -13.714327
v 77.920982 65.000000 -14.000000
v 77.339691 65.000000 -15.000000
v 78.205223 65.000000 -13.000000
v 45.000000 66.000000 -8.743676
v 44.875500 66.000000 -9.000000
v 44.660152 66.000000 -10.000000
v 44.671925 66.000000 -11.000000
v 45.000000 66.000000 -11.882679
v 46.000000 66.000000 -7.163250
v 45.393032 66.000000 -8.000000
v 45.057297 66.000000 -12.000000
v 46.000000 65.689346 -13.000000
v 45.950035 66.000000 -13.000000
v 46.000000 66.000000 -13.037409
v 47.000000 66.000000 -6.649574
v 46.226288 66.000000 -7.000000
v 47.000000 66.000000 -13.430461
v 48.000000 66.000000 -6.485000
v 48.000000 66.000000 -13.567836
v 49.000000 66.000000 -6.580577
v 49.000000 66.000000 -13.472249
v 50.000000 66.000000 -6.913409
v 50.000000 66.000000 -13.118692
v 50.126999 66.000000 -7.000000
v 51.000000 66.000000 -7.812793
v 51.000000 66.000000 -12.195452
v 50.166512 66.000000 -13.000000
v 51.140648 66.000000 -8.000000
v 51.527431 66.000000 -9.000000
v 51.680462 66.000000 -10.000000
v 51.527431 66.000000 -11.000000
v 51.145077 66.000000 -12.000000
v 62.000000 65.194107 -3.000000
v 62.000000 65.282440 -4.000000
v 62.000000 65.199677 -5.000000
v 63.000000 65.184090 -2.000000
v 63.000000 65.960442 -3.000000
v 63.000000 65.924286 -4.000000
v 63.000000 65.714294 -5.000000
v 63.000000 65.381226 -6.000000
v 64.000000 65.882011 -2.000000
v 63.060989 66.000000 -3.000000
v 64.000000 66.000000 -2.107475
v 63.129486 66.000000 -4.000000
v 63.630516 66.000000 -5.000000
v 64.000000 65.726624 -6.000000
v 64.000000 66.000000 -5.373779
v 64.000000 65.184738 -7.000000
v 65.000000 66.000000 -1.707520
v 64.226143 66.000000 -2.000000
v 65.000000 65.974037 -6.000000
v 65.000000 66.000000 -5.950459
v 65.000000 65.293938 -7.000000
v 66.000000 66.000000 -1.550404
v 66.000000 65.951515 -6.000000
v 66.000000 66.000000 -5.928591
v 66.000000 65.080963 -7.000000
v 67.000000 66.000000 -1.533244
v 67.000000 65.430817 -6.000000
v 67.000000 66.000000 -5.349509
v 68.000000 66.000000 -1.737432
v 68.000000 65.147041 -5.000000
v 68.000000 66.000000 -4.358723
v 67.308228 66.000000 -5.000000
v 68.000000 66.000000 -10.854962
v 67.903793 66.000000 -11.000000
v 67.558319 66.000000 -12.000000
v 67.421326 66.000000 -13.000000
v 67.420662 66.000000 -14.000000
v 67.528244 66.000000 -15.000000
v 67.768532 66.000000 -16.000000
v 68.000000 65.512726 -17.000000
v 68.000000 66.000000 -16.523315
v 69.000000 65.508835 -2.000000
v 68.448387 66.000000 -2.000000
v 69.000000 65.809547 -3.000000
v 68.822121 66.000000 -3.000000
v 69.000000 65.117317 -4.000000
v 68.369514 66.000000 -4.000000
v 69.000000 65.349167 -10.000000
v 68.762535 66.000000 -10.000000
v 69.000000 66.000000 -9.789551
v 68.254974 66.000000 -17.000000
v 68.870033 66.000000 -18.000000
v 69.000000 66.000000 -18.147043
v 70.000000 66.000000 -9.118135
v 70.000000 65.836044 -19.000000
v 70.000000 66.000000 -18.885727
v 71.000000 65.518547 -9.000000
v 70.312218 66.000000 -9.000000
v 71.000000 66.000000 -8.750544
v 70.628502 66.000000 -19.000000
v 71.000000 66.000000 -19.058968
v 72.000000 65.264725 -9.000000
v 72.000000 66.000000 -8.595227
v 72.000000 65.672104 -19.000000
v 72.000000 66.000000 -18.844866
v 71.278625 66.000000 -19.000000
v 73.000000 65.396805 -9.000000
v 73.000000 66.000000 -8.667627
v 73.000000 66.000000 -18.310194
v 74.000000 65.812302 -9.000000
v 74.000000 66.000000 -8.899764
v 74.000000 66.000000 -17.641685
v 73.464005 66.000000 -18.000000
v 74.255264 66.000000 -9.000000
v 75.000000 66.000000 -9.286436
v 75.000000 65.651321 -17.000000
v 75.000000 66.000000 -16.939205
v 74.907379 66.000000 -17.000000
v 76.000000 66.000000 -9.789543
v 76.000000 65.569832 -10.000000
v 76.000000 66.000000 -16.398731
v 76.313164 66.000000 -10.000000
v 77.000000 66.000000 -10.511042
v 77.000000 66.000000 -15.663344
v 76.602592 66.000000 -16.000000
v 77.510216 66.000000 -11.000000
v 78.000000 66.000000 -11.641098
v 78.000000 65.134415 -12.000000
v 78.000000 65.247581 -14.000000
v 78.000000 66.000000 -14.406712
v 77.612617 66.000000 -15.000000
v 78.234818 66.000000 -12.000000
v 78.477890 66.000000 -13.000000
v 78.236359 66.000000 -14.000000
v 45.000000 67.000000 -8.665286
v 44.834999 67.000000 -9.000000
v 44.614090 67.000000 -10.000000
v 44.614090 67.000000 -11.000000
v 45.000000 66.518684 -12.000000
v 44.953342 67.000000 -12.000000
v 45.000000 67.000000 -12.069809
v 46.000000 67.000000 -7.146866
v 45.365734 67.000000 -8.000000
v 45.840378 67.000000 -13.000000
v 46.000000 67.000000 -13.121178
v 47.000000 67.000000 -6.646674
v 46.208549 67.000000 -7.000000
v 47.000000 67.000000 -13.543643
v 48.000000 67.000000 -6.485000
v 48.000000 67.000000 -13.704182
v 49.000000 67.000000 -6.580577
v 49.000000 67.000000 -13.596995
v 50.000000 67.000000 -6.913409
v 50.000000 67.000000 -13.190237
v 50.126999 67.000000 -7.000000
v 51.000000 67.000000 -7.824161
v 51.000000 67.000000 -12.226374
v 50.247570 67.000000 -13.000000
v 51.129612 67.000000 -8.000000
v 51.516201 67.000000 -9.000000
v 51.668755 67.000000 -10.000000
v 51.538765 67.000000 -11.000000
v 51.164845 67.000000 -12.000000
v 64.000000 66.503601 -3.000000
v 64.000000 66.461113 -4.000000
v 64.000000 66.162346 -5.000000
v 65.000000 66.306984 -2.000000
v 65.000000 66.876595 -3.000000
v 65.000000 66.808594 -4.000000
v 65.000000 66.445671 -5.000000
v 66.000000 66.555862 -2.000000
v 65.563652 67.000000 -3.000000
v 66.000000 67.000000 -2.751615
v 65.971375 67.000000 -4.000000
v 66.000000 66.515884 -5.000000
v 66.000000 67.000000 -4.011804
v 67.000000 66.576843 -2.000000
v 67.000000 67.000000 -2.915408
v 67.000000 66.890381 -4.000000
v 67.000000 67.000000 -3.180218
v 66.057251 67.000000 -4.000000
v 67.000000 66.234398 -5.000000
v 68.000000 66.264954 -2.000000
v 67.066856 67.000000 -3.000000
v 68.000000 66.600998 -3.000000
v 68.000000 66.343674 -4.000000
v 68.000000 67.000000 -10.630307
v 67.800262 67.000000 -11.000000
v 67.554474 67.000000 -12.000000
v 67.495270 67.000000 -13.000000
v 67.537209 67.000000 -14.000000
v 67.727440 67.000000 -15.000000
v 68.000000 66.678101 -16.000000
v 68.000000 67.000000 -15.721280
v 69.000000 67.000000 -9.471848
v 68.451920 67.000000 -10.000000
v 68.135239 67.000000 -16.000000
v 68.893784 67.000000 -17.000000
v 69.000000 66.162460 -18.000000
v 69.000000 67.000000 -17.134542
v 70.000000 66.283829 -9.000000
v 69.585373 67.000000 -9.000000
v 70.000000 67.000000 -8.697005
v 69.865456 67.000000 -18.000000
v 70.000000 67.000000 -18.100279
v 71.000000 67.000000 -8.280495
v 71.000000 66.089882 -19.000000
v 71.000000 67.000000 -18.383307
v 72.000000 67.000000 -8.081727
v 72.000000 67.000000 -18.293324
v 73.000000 67.000000 -8.162525
v 73.000000 66.676445 -18.000000
v 73.000000 67.000000 -17.860855
v 72.672501 67.000000 -18.000000
v 74.000000 67.000000 -8.427139
v 74.000000 67.000000 -17.389622
v 75.000000 67.000000 -8.803376
v 75.000000 66.594200 -9.000000
v 75.000000 67.000000 -16.821093
v 74.676712 67.000000 -17.000000
v 75.363289 67.000000 -9.000000
v 76.000000 67.000000 -9.357513
v 76.000000 67.000000 -16.381643
v 76.889961 67.000000 -10.000000
v 77.000000 67.000000 -10.095839
v 77.000000 67.000000 -15.762188
v 76.656929 67.000000 -16.000000
v 77.805428 67.000000 -11.000000
v 78.000000 67.000000 -11.296973
v 78.000000 67.000000 -14.803108
v 77.859901 67.000000 -15.000000
v 78.394806 67.000000 -12.000000
v 78.635757 67.000000 -13.000000
v 78.432739 67.000000 -14.000000
v 45.000000 68.000000 -8.760941
v 44.884472 68.000000 -9.000000
v 44.671925 68.000000 -10.000000
v 44.671925 68.000000 -11.000000
v 44.988998 68.000000 -12.000000
v 45.000000 68.000000 -12.017439
v 46.000000 68.000000 -7.208776
v 45.404499 68.000000 -8.000000
v 45.774712 68.000000 -13.000000
v 46.000000 68.000000 -13.193105
v 47.000000 68.000000 -6.670518
v 46.289856 68.000000 -7.000000
v 47.000000 68.000000 -13.727536
v 48.000000 68.000000 -6.495269
v 48.000000 68.000000 -13.952392
v 49.000000 68.000000 -6.580577
v 49.000000 68.000000 -13.816642
v 50.000000 68.000000 -6.913409
v 50.000000 68.000000 -13.306804
v 50.126999 68.000000 -7.000000
v 51.000000 68.000000 -7.824161
v 51.000000 68.000000 -12.301713
v 50.359905 68.000000 -13.000000
v 51.129612 68.000000 -8.000000
v 51.538765 68.000000 -9.000000
v 51.716202 68.000000 -10.000000
v 51.608963 68.000000 -11.000000
v 51.222397 68.000000 -12.000000
v 66.000000 67.084976 -3.000000
v 66.000000 67.005875 -4.000000
v 67.000000 67.023026 -3.000000
v 68.000000 68.000000 -10.290156
v 67.691650 68.000000 -11.000000
v 67.516060 68.000000 -12.000000
v 67.516060 68.000000 -13.000000
v 67.621109 68.000000 -14.000000
v 67.953575 68.000000 -15.000000
v 68.000000 68.000000 -15.086273
v 69.000000 68.000000 -9.173013
v 68.173012 68.000000 -10.000000
v 68.597870 68.000000 -16.000000
v 69.000000 67.150887 -17.000000
v 69.000000 68.000000 -16.417597
v 70.000000 68.000000 -8.321215
v 69.188210 68.000000 -9.000000
v 69.721069 68.000000 -17.000000
v 70.000000 67.131264 -18.000000
v 70.000000 68.000000 -17.247499
v 71.000000 67.673187 -8.000000
v 70.684998 68.000000 -8.000000
v 71.000000 68.000000 -7.873696
v 71.000000 67.589455 -18.000000
v 71.000000 68.000000 -17.709196
v 72.000000 67.195740 -8.000000
v 72.000000 68.000000 -7.707870
v 72.000000 67.551453 -18.000000
v 72.000000 68.000000 -17.769974
v 73.000000 67.413704 -8.000000
v 73.000000 68.000000 -7.790996
v 73.000000 68.000000 -17.550449
v 73.806160 68.000000 -8.000000
v 74.000000 68.000000 -8.054547
v 74.000000 68.000000 -17.222923
v 75.000000 68.000000 -8.415124
v 75.000000 68.000000 -16.760118
v 74.475723 68.000000 -17.000000
v 76.000000 68.000000 -8.934351
v 76.000000 67.846268 -9.000000
v 76.000000 68.000000 -16.382071
v 76.096390 68.000000 -9.000000
v 77.000000 67.221718 -10.000000
v 77.000000 68.000000 -9.685873
v 77.000000 68.000000 -15.830467
v 76.726944 68.000000 -16.000000
v 77.312248 68.000000 -10.000000
v 78.000000 67.677101 -11.000000
v 78.000000 68.000000 -10.876756
v 78.000000 67.840576 -15.000000
v 78.000000 68.000000 -15.026570
v 78.085876 68.000000 -11.000000
v 78.533699 68.000000 -12.000000
v 78.724167 68.000000 -13.000000
v 78.540970 68.000000 -14.000000
v 78.023415 68.000000 -15.000000
v 45.000000 68.778870 -9.000000
v 44.808628 69.000000 -10.000000
v 45.000000 69.000000 -9.142813
v 44.808628 69.000000 -11.000000
v 45.000000 68.089378 -12.000000
v 45.000000 69.000000 -11.653095
v 46.000000 69.000000 -7.362622
v 45.522800 69.000000 -8.000000
v 45.034103 69.000000 -9.000000
v 45.114426 69.000000 -12.000000
v 45.759384 69.000000 -13.000000
v 46.000000 69.000000 -13.244910
v 47.000000 69.000000 -6.726181
v 46.467163 69.000000 -7.000000
v 47.000000 69.000000 -13.931256
v 48.000000 69.000000 -6.516063
v 48.000000 68.205315 -14.000000
v 47.252060 69.000000 -14.000000
v 48.000000 69.000000 -14.178247
v 49.000000 69.000000 -6.580577
v 49.000000 68.945000 -14.000000
v 49.000000 69.000000 -14.010778
v 50.000000 69.000000 -6.913409
v 50.000000 69.000000 -13.395250
v 49.019325 69.000000 -14.000000
v 50.126999 69.000000 -7.000000
v 51.000000 69.000000 -7.801735
v 51.000000 69.000000 -12.404934
v 50.441895 69.000000 -13.000000
v 51.151798 69.000000 -8.000000
v 51.621040 69.000000 -9.000000
v 51.869225 69.000000 -10.000000
v 51.775219 69.000000 -11.000000
v 51.325241 69.000000 -12.000000
v 68.000000 69.000000 -10.123352
v 67.655602 69.000000 -11.000000
v 67.516060 69.000000 -12.000000
v 67.569595 69.000000 -13.000000
v 67.768913 69.000000 -14.000000
v 68.000000 68.160439 -15.000000
v 68.000000 69.000000 -14.511683
v 69.000000 69.000000 -9.037774
v 68.067841 69.000000 -10.000000
v 68.268845 69.000000 -15.000000
v 69.000000 68.857170 -16.000000
v 69.000000 69.000000 -15.923015
v 70.000000 69.000000 -8.124137
v 69.038269 69.000000 -9.000000
v 69.082863 69.000000 -16.000000
v 70.000000 68.337936 -17.000000
v 70.000000 69.000000 -16.635689
v 71.000000 69.000000 -7.703887
v 70.242500 69.000000 -8.000000
v 70.819702 69.000000 -17.000000
v 71.000000 69.000000 -17.085566
v 72.000000 69.000000 -7.547911
v 72.000000 69.000000 -17.320911
v 73.000000 69.000000 -7.591652
v 73.000000 69.000000 -17.269552
v 74.000000 69.000000 -7.752763
v 74.000000 68.167000 -8.000000
v 74.000000 69.000000 -17.049974
v 74.833000 69.000000 -8.000000
v 75.000000 69.000000 -8.055954
v 75.000000 69.000000 -16.709749
v 74.137093 69.000000 -17.000000
v 76.000000 69.000000 -8.569921
v 76.000000 69.000000 -16.415068
v 76.608482 69.000000 -9.000000
v 77.000000 69.000000 -9.324264
v 77.000000 69.000000 -15.962127
v 76.930756 69.000000 -16.000000
v 77.640381 69.000000 -10.000000
v 78.000000 69.000000 -10.483242
v 78.000000 69.000000 -15.193447
v 78.332390 69.000000 -11.000000
v 78.732750 69.000000 -12.000000
v 78.900215 69.000000 -13.000000
v 78.703148 69.000000 -14.000000
v 78.173996 69.000000 -15.000000
v 45.000000 69.935112 -10.000000
v 45.000000 69.979645 -11.000000
v 46.000000 70.000000 -7.644361
v 45.734684 70.000000 -8.000000
v 45.254112 70.000000 -9.000000
v 45.014065 70.000000 -10.000000
v 45.004192 70.000000 -11.000000
v 45.260170 70.000000 -12.000000
v 45.763931 70.000000 -13.000000
v 46.000000 70.000000 -13.292351
v 47.000000 70.000000 -6.833439
v 46.726841 70.000000 -7.000000
v 47.000000 69.357086 -14.000000
v 46.821960 70.000000 -14.000000
v 47.000000 70.000000 -14.117487
v 48.000000 70.000000 -6.554471
v 48.000000 70.000000 -14.368841
v 49.000000 70.000000 -6.569596
v 49.000000 70.000000 -14.188837
v 50.000000 70.000000 -6.879876
v 50.000000 70.000000 -13.489088
v 49.305161 70.000000 -14.000000
v 50.184315 70.000000 -7.000000
v 51.000000 70.000000 -7.712367
v 51.000000 70.000000 -12.420967
v 50.489090 70.000000 -13.000000
v 51.227077 70.000000 -8.000000
v 51.732750 70.000000 -9.000000
v 52.000000 70.000000 -9.997411
v 52.000000 69.994820 -10.000000
v 52.000000 70.000000 -10.005577
v 51.866726 70.000000 -11.000000
v 51.345055 70.000000 -12.000000
v 52.000721 70.000000 -10.000000
v 68.000000 70.000000 -10.267258
v 67.691650 70.000000 -11.000000
v 67.547913 70.000000 -12.000000
v 67.636925 70.000000 -13.000000
v 67.949776 70.000000 -14.000000
v 68.000000 70.000000 -14.093074
v 69.000000 70.000000 -9.064836
v 68.148834 70.000000 -10.000000
v 68.552261 70.000000 -15.000000
v 69.000000 70.000000 -15.513750
v 70.000000 70.000000 -8.055000
v 69.060837 70.000000 -9.000000
v 69.579048 70.000000 -16.000000
v 70.000000 70.000000 -16.282795
v 71.000000 70.000000 -7.643800
v 70.099495 70.000000 -8.000000
v 71.000000 69.199280 -17.000000
v 71.000000 70.000000 -16.708828
v 72.000000 70.000000 -7.495269
v 72.000000 69.917534 -17.000000
v 72.000000 70.000000 -16.971157
v 73.000000 70.000000 -7.516063
v 72.836426 70.000000 -17.000000
v 73.000000 70.000000 -17.005726
v 74.000000 70.000000 -7.602823
v 74.000000 69.266975 -17.000000
v 74.000000 70.000000 -16.869225
v 73.039482 70.000000 -17.000000
v 75.000000 70.000000 -7.807734
v 75.000000 69.208748 -8.000000
v 75.000000 70.000000 -16.658531
v 75.442421 70.000000 -8.000000
v 76.000000 70.000000 -8.270078
v 76.000000 70.000000 -16.450415
v 77.000000 70.000000 -8.957971
v 77.000000 69.880920 -9.000000
v 77.000000 69.253891 -16.000000
v 77.000000 70.000000 -16.099236
v 77.046700 70.000000 -9.000000
v 77.983009 70.000000 -10.000000
v 78.000000 70.000000 -10.023211
v 78.000000 70.000000 -15.365092
v 77.163780 70.000000 -16.000000
v 78.594780 70.000000 -11.000000
v 79.000000 70.000000 -11.974464
v 79.000000 69.963020 -12.000000
v 79.000000 69.417099 -13.000000
v 79.000000 70.000000 -13.662386
v 78.923431 70.000000 -14.000000
v 78.332275 70.000000 -15.000000
v 79.010674 70.000000 -12.000000
v 79.138130 70.000000 -13.000000
v 46.000000 71.000000 -7.911350
v 45.933636 71.000000 -8.000000
v 45.385773 71.000000 -9.000000
v 45.077721 71.000000 -10.000000
v 45.018806 71.000000 -11.000000
v 45.245758 71.000000 -12.000000
v 45.693138 71.000000 -13.000000
v 46.000000 71.000000 -13.426560
v 47.000000 71.000000 -6.937718
v 46.911350 71.000000 -7.000000
v 46.594521 71.000000 -14.000000
v 47.000000 71.000000 -14.279923
v 48.000000 71.000000 -6.589892
v 48.000000 71.000000 -14.551598
v 49.000000 71.000000 -6.547911
v 49.000000 71.000000 -14.364846
v 50.000000 71.000000 -6.815725
v 50.000000 71.000000 -13.604837
v 49.538979 71.000000 -14.000000
v 50.310123 71.000000 -7.000000
v 51.000000 71.000000 -7.565700
v 51.000000 71.000000 -12.365321
v 50.511787 71.000000 -13.000000
v 51.344681 71.000000 -8.000000
v 51.862782 71.000000 -9.000000
v 52.000000 71.000000 -9.619000
v 52.000000 71.000000 -10.439615
v 51.882500 71.000000 -11.000000
v 51.287331 71.000000 -12.000000
v 52.083229 71.000000 -10.000000
v 68.000000 71.000000 -10.493484
v 67.766769 71.000000 -11.000000
v 67.625458 71.000000 -12.000000
v 67.765388 71.000000 -13.000000
v 68.000000 70.207039 -14.000000
v 68.000000 71.000000 -13.568277
v 69.000000 71.000000 -9.159034
v 68.279175 71.000000 -10.000000
v 68.198242 71.000000 -14.000000
v 68.829689 71.000000 -15.000000
v 69.000000 71.000000 -15.192006
v 70.000000 71.000000 -8.081361
v 69.141151 71.000000 -9.000000
v 69.991058 71.000000 -16.000000
v 70.000000 71.000000 -16.006058
v 71.000000 71.000000 -7.643800
v 70.138229 71.000000 -8.000000
v 71.000000 71.000000 -16.452717
v 72.000000 71.000000 -7.485000
v 72.000000 71.000000 -16.697489
v 73.000000 71.000000 -7.485000
v 73.000000 70.024361 -17.000000
v 73.000000 71.000000 -16.790617
v 74.000000 71.000000 -7.516063
v 74.000000 71.000000 -16.777931
v 75.000000 71.000000 -7.655749
v 75.000000 71.000000 -16.668755
v 75.930298 71.000000 -8.000000
v 76.000000 71.000000 -8.031479
v 76.000000 71.000000 -16.515779
v 77.000000 71.000000 -8.719172
v 77.000000 71.000000 -16.210215
v 77.305252 71.000000 -9.000000
v 78.000000 71.000000 -9.745700
v 78.000000 70.069633 -10.000000
v 78.000000 71.000000 -15.513576
v 77.364838 71.000000 -16.000000
v 78.206192 71.000000 -10.000000
v 78.802765 71.000000 -11.000000
v 79.000000 71.000000 -11.462560
v 79.000000 70.571342 -14.000000
v 79.000000 71.000000 -14.100406
v 78.448318 71.000000 -15.000000
v 79.209007 71.000000 -12.000000
v 79.279930 71.000000 -13.000000
v 79.054901 71.000000 -14.000000
v 46.000000 71.311409 -8.000000
v 45.530998 72.000000 -9.000000
v 46.000000 72.000000 -8.218333
v 45.178909 72.000000 -10.000000
v 45.061802 72.000000 -11.000000
v 45.227234 72.000000 -12.000000
v 45.596382 72.000000 -13.000000
v 46.000000 72.000000 -13.654685
v 47.000000 71.639214 -7.000000
v 47.000000 72.000000 -7.044226
v 46.153458 72.000000 -8.000000
v 46.311028 72.000000 -14.000000
v 47.000000 72.000000 -14.508613
v 48.000000 72.000000 -6.622171
v 47.073711 72.000000 -7.000000
v 48.000000 72.000000 -14.848750
v 49.000000 72.000000 -6.526590
v 49.000000 72.000000 -14.691409
v 50.000000 72.000000 -6.751659
v 50.000000 72.000000 -13.920525
v 49.926998 72.000000 -14.000000
v 50.466183 72.000000 -7.000000
v 51.000000 72.000000 -7.405700
v 51.000000 72.000000 -12.253435
v 50.570724 72.000000 -13.000000
v 51.476711 72.000000 -8.000000
v 52.000000 72.000000 -8.998521
v 52.000000 71.994820 -9.000000
v 52.000000 72.000000 -10.406053
v 51.811916 72.000000 -11.000000
v 51.166542 72.000000 -12.000000
v 52.000725 72.000000 -9.000000
v 52.111813 72.000000 -10.000000
v 68.000000 72.000000 -10.541011
v 67.797440 72.000000 -11.000000
v 67.695778 72.000000 -12.000000
v 67.916771 72.000000 -13.000000
v 68.000000 72.000000 -13.173182
v 69.000000 72.000000 -9.139966
v 68.284103 72.000000 -10.000000
v 68.413406 72.000000 -14.000000
v 69.000000 71.628021 -15.000000
v 69.000000 72.000000 -14.866754
v 70.000000 72.000000 -8.068271
v 69.123405 72.000000 -9.000000
v 69.117470 72.000000 -15.000000
v 70.000000 71.024361 -16.000000
v 70.000000 72.000000 -15.745250
v 71.000000 72.000000 -7.636527
v 70.116722 72.000000 -8.000000
v 70.424583 72.000000 -16.000000
v 71.000000 72.000000 -16.287708
v 72.000000 72.000000 -7.485000
v 72.000000 72.000000 -16.571438
v 73.000000 72.000000 -7.485000
v 73.000000 72.000000 -16.740561
v 74.000000 72.000000 -7.495269
v 74.000000 72.000000 -16.842535
v 75.000000 72.000000 -7.591652
v 75.000000 72.000000 -16.790617
v 76.000000 72.000000 -7.887646
v 76.000000 71.201897 -8.000000
v 76.000000 72.000000 -16.649534
v 76.192879 72.000000 -8.000000
v 77.000000 72.000000 -8.550312
v 77.000000 72.000000 -16.327702
v 77.479668 72.000000 -9.000000
v 78.000000 72.000000 -9.553904
v 78.000000 72.000000 -15.658527
v 77.581047 72.000000 -16.000000
v 78.371750 72.000000 -10.000000
v 78.995476 72.000000 -11.000000
v 79.000000 72.000000 -11.011875
v 79.000000 72.000000 -14.106143
v 78.506027 72.000000 -15.000000
v 79.316200 72.000000 -12.000000
v 79.316200 72.000000 -13.000000
v 79.054634 72.000000 -14.000000
v 46.000000 73.000000 -8.422840
v 45.648071 73.000000 -9.000000
v 45.293152 73.000000 -10.000000
v 45.130775 73.000000 -11.000000
v 45.219517 73.000000 -12.000000
v 45.515751 73.000000 -13.000000
v 46.000000 73.000000 -13.896913
v 47.000000 73.000000 -7.156941
v 46.292015 73.000000 -8.000000
v 46.081200 73.000000 -14.000000
v 47.000000 73.000000 -14.729049
v 48.000000 73.000000 -6.660067
v 47.238548 73.000000 -7.000000
v 48.000000 72.550980 -15.000000
v 47.664734 73.000000 -15.000000
v 48.000000 73.000000 -15.120311
v 49.000000 73.000000 -6.537206
v 49.000000 72.886589 -15.000000
v 49.000000 73.000000 -15.036641
v 50.000000 73.000000 -6.744699
v 50.000000 72.175980 -14.000000
v 50.000000 73.000000 -14.344366
v 49.075211 73.000000 -15.000000
v 50.492367 73.000000 -7.000000
v 51.000000 73.000000 -7.369188
v 51.000000 73.000000 -12.359421
v 50.704586 73.000000 -13.000000
v 50.250790 73.000000 -14.000000
v 51.530846 73.000000 -8.000000
v 52.000000 73.000000 -8.802383
v 52.000000 73.000000 -10.631371
v 51.867889 73.000000 -11.000000
v 51.196236 73.000000 -12.000000
v 52.102150 73.000000 -9.000000
v 52.184647 73.000000 -10.000000
v 68.000000 73.000000 -10.331400
v 67.767845 73.000000 -11.000000
v 67.757332 73.000000 -12.000000
v 68.000000 72.439613 -13.000000
v 68.000000 73.000000 -12.708600
v 69.000000 72.802116 -9.000000
v 68.967644 73.000000 -9.000000
v 69.000000 73.000000 -8.965000
v 68.140427 73.000000 -10.000000
v 68.108734 73.000000 -13.000000
v 68.620483 73.000000 -14.000000
v 69.000000 73.000000 -14.536750
v 70.000000 73.000000 -8.005182
v 69.407890 73.000000 -15.000000
v 70.000000 73.000000 -15.525949
v 71.000000 73.000000 -7.622171
v 70.009827 73.000000 -8.000000
v 70.731506 73.000000 -16.000000
v 71.000000 73.000000 -16.149736
v 72.000000 73.000000 -7.485000
v 72.000000 73.000000 -16.516346
v 73.000000 73.000000 -7.485000
v 73.000000 73.000000 -16.793295
v 74.000000 73.000000 -7.485000
v 74.000000 72.868080 -17.000000
v 73.897102 73.000000 -17.000000
v 74.000000 73.000000 -17.025345
v 75.000000 73.000000 -7.547911
v 75.000000 72.899117 -17.000000
v 75.000000 73.000000 -17.025345
v 76.000000 73.000000 -7.792747
v 76.000000 73.000000 -16.835590
v 75.128624 73.000000 -17.000000
v 76.377304 73.000000 -8.000000
v 77.000000 73.000000 -8.428558
v 77.000000 73.000000 -16.424360
v 77.574821 73.000000 -9.000000
v 78.000000 73.000000 -9.466591
v 78.000000 73.000000 -15.677782
v 77.667793 73.000000 -16.000000
v 78.444031 73.000000 -10.000000
v 79.000000 73.000000 -10.879103
v 79.000000 72.056999 -11.000000
v 79.000000 72.359512 -14.000000
v 79.000000 73.000000 -13.716357
v 78.904083 73.000000 -14.000000
v 78.448486 73.000000 -15.000000
v 79.069679 73.000000 -11.000000
v 79.304222 73.000000 -12.000000
v 79.230026 73.000000 -13.000000
v 46.000000 74.000000 -8.720123
v 45.830967 74.000000 -9.000000
v 45.490250 74.000000 -10.000000
v 45.329758 74.000000 -11.000000
v 45.342850 74.000000 -12.000000
v 45.526138 74.000000 -13.000000
v 46.000000 73.538864 -14.000000
v 45.946884 74.000000 -14.000000
v 46.000000 74.000000 -14.070452
v 47.000000 74.000000 -7.413520
v 46.496357 74.000000 -8.000000
v 47.000000 74.000000 -14.977324
v 48.000000 74.000000 -6.813595
v 47.616226 74.000000 -7.000000
v 47.044312 74.000000 -15.000000
v 48.000000 74.000000 -15.379658
v 49.000000 74.000000 -6.667500
v 49.000000 74.000000 -15.381643
v 50.000000 74.000000 -6.873696
v 50.000000 74.000000 -14.937160
v 49.910740 74.000000 -15.000000
v 50.242085 74.000000 -7.000000
v 51.000000 74.000000 -7.496091
v 51.000000 74.000000 -12.878698
v 50.955502 74.000000 -13.000000
v 50.636658 74.000000 -14.000000
v 51.480606 74.000000 -8.000000
v 52.000000 74.000000 -8.761483
v 52.000000 74.000000 -10.916293
v 51.971775 74.000000 -11.000000
v 51.354393 74.000000 -12.000000
v 52.135311 74.000000 -9.000000
v 52.244907 74.000000 -10.000000
v 68.000000 73.828499 -10.000000
v 67.974014 74.000000 -10.000000
v 68.000000 74.000000 -9.960116
v 67.718803 74.000000 -11.000000
v 67.782745 74.000000 -12.000000
v 68.000000 74.000000 -12.518077
v 69.000000 74.000000 -8.749094
v 68.755211 74.000000 -9.000000
v 68.213928 74.000000 -13.000000
v 68.728851 74.000000 -14.000000
v 69.000000 74.000000 -14.369062
v 70.000000 73.061073 -8.000000
v 69.901169 74.000000 -8.000000
v 70.000000 74.000000 -7.934275
v 69.553993 74.000000 -15.000000
v 70.000000 74.000000 -15.415597
v 71.000000 74.000000 -7.601104
v 70.857124 74.000000 -16.000000
v 71.000000 74.000000 -16.087475
v 72.000000 74.000000 -7.485000
v 72.000000 74.000000 -16.564669
v 73.000000 74.000000 -7.485000
v 73.000000 74.000000 -16.936674
v 74.000000 74.000000 -7.485000
v 73.214249 74.000000 -17.000000
v 74.000000 74.000000 -17.217258
v 75.000000 74.000000 -7.526590
v 75.000000 74.000000 -17.217258
v 76.000000 74.000000 -7.741267
v 76.000000 74.000000 -16.980724
v 75.924408 74.000000 -17.000000
v 76.505814 74.000000 -8.000000
v 77.000000 74.000000 -8.334481
v 77.000000 74.000000 -16.467073
v 77.630898 74.000000 -9.000000
v 78.000000 74.000000 -9.425700
v 78.000000 74.000000 -15.588452
v 77.634827 74.000000 -16.000000
v 78.460670 74.000000 -10.000000
v 79.000000 74.000000 -10.925275
v 79.000000 74.000000 -13.279792
v 78.759933 74.000000 -14.000000
v 78.358185 74.000000 -15.000000
v 79.040520 74.000000 -11.000000
v 79.230026 74.000000 -12.000000
v 79.096848 74.000000 -13.000000
v 46.000000 74.682899 -9.000000
v 45.678234 75.000000 -10.000000
v 46.000000 75.000000 -9.184361
v 45.484356 75.000000 -11.000000
v 45.442425 75.000000 -12.000000
v 45.555893 75.000000 -13.000000
v 45.908360 75.000000 -14.000000
v 46.000000 75.000000 -14.133419
v 47.000000 75.000000 -7.841151
v 46.849094 75.000000 -8.000000
v 46.088577 75.000000 -9.000000
v 47.000000 74.128502 -15.000000
v 46.818436 75.000000 -15.000000
v 47.000000 75.000000 -15.140565
v 48.000000 74.559212 -7.000000
v 48.000000 75.000000 -7.172374
v 48.000000 75.000000 -15.587535
v 49.000000 75.000000 -6.959678
v 48.791153 75.000000 -7.000000
v 49.000000 75.000000 -15.675335
v 50.000000 74.484169 -7.000000
v 49.226250 75.000000 -7.000000
v 50.000000 75.000000 -7.144326
v 50.000000 74.109100 -15.000000
v 50.000000 75.000000 -15.366543
v 51.000000 75.000000 -7.711810
v 51.000000 74.132164 -13.000000
v 51.000000 74.915825 -14.000000
v 51.000000 75.000000 -14.074939
v 50.458179 75.000000 -15.000000
v 51.317375 75.000000 -8.000000
v 52.000000 75.000000 -8.836085
v 52.000000 74.156616 -11.000000
v 52.000000 75.000000 -11.266786
v 51.623795 75.000000 -12.000000
v 51.287846 75.000000 -13.000000
v 51.031513 75.000000 -14.000000
v 52.104164 75.000000 -9.000000
v 52.297951 75.000000 -10.000000
v 52.126919 75.000000 -11.000000
v 68.000000 75.000000 -9.774840
v 67.864037 75.000000 -10.000000
v 67.667503 75.000000 -11.000000
v 67.757332 75.000000 -12.000000
v 68.000000 75.000000 -12.584011
v 69.000000 75.000000 -8.599147
v 68.586998 75.000000 -9.000000
v 68.186478 75.000000 -13.000000
v 68.683189 75.000000 -14.000000
v 69.000000 75.000000 -14.433653
v 70.000000 75.000000 -7.882791
v 69.808372 75.000000 -8.000000
v 69.481056 75.000000 -15.000000
v 70.000000 75.000000 -15.512768
v 71.000000 75.000000 -7.587360
v 70.699615 75.000000 -16.000000
v 71.000000 75.000000 -16.193104
v 72.000000 75.000000 -7.485000
v 72.000000 75.000000 -16.746866
v 73.000000 75.000000 -7.485000
v 73.000000 74.285667 -17.000000
v 72.603149 75.000000 -17.000000
v 73.000000 75.000000 -17.155291
v 74.000000 75.000000 -7.485000
v 74.000000 75.000000 -17.382866
v 75.000000 75.000000 -7.526590
v 75.000000 75.000000 -17.336973
v 76.000000 75.000000 -7.741267
v 76.000000 74.350456 -17.000000
v 76.000000 75.000000 -17.035725
v 76.505814 75.000000 -8.000000
v 77.000000 75.000000 -8.338611
v 77.000000 75.000000 -16.421556
v 76.063232 75.000000 -17.000000
v 77.612259 75.000000 -9.000000
v 78.000000 75.000000 -9.471215
v 78.000000 75.000000 -15.374166
v 77.494522 75.000000 -16.000000
v 78.396591 75.000000 -10.000000
v 78.873833 75.000000 -11.000000
v 79.000000 74.246819 -11.000000
v 79.000000 75.000000 -11.753181
v 79.000000 74.447670 -13.000000
v 79.000000 75.000000 -12.246819
v 78.882759 75.000000 -13.000000
v 78.606033 75.000000 -14.000000
v 78.227753 75.000000 -15.000000
v 79.039925 75.000000 -12.000000
v 46.000000 76.000000 -9.841716
v 45.920074 76.000000 -10.000000
v 45.621109 76.000000 -11.000000
v 45.516064 76.000000 -12.000000
v 45.580578 76.000000 -13.000000
v 45.886543 76.000000 -14.000000
v 46.000000 76.000000 -14.179419
v 47.000000 75.256859 -8.000000
v 46.505028 76.000000 -9.000000
v 47.000000 76.000000 -8.453604
v 46.665756 76.000000 -15.000000
v 47.000000 76.000000 -15.295250
v 48.000000 76.000000 -7.736620
v 47.597050 76.000000 -8.000000
v 48.000000 76.000000 -15.868756
v 49.000000 75.080643 -7.000000
v 49.000000 76.000000 -7.464275
v 49.000000 75.837715 -16.000000
v 48.662949 76.000000 -16.000000
v 49.000000 76.000000 -16.065075
v 50.000000 76.000000 -7.543837
v 50.000000 76.000000 -15.847912
v 49.337051 76.000000 -16.000000
v 51.000000 76.000000 -7.999186
v 51.000000 75.985130 -15.000000
v 51.000000 76.000000 -15.008609
v 51.001106 76.000000 -8.000000
v 52.000000 76.000000 -8.915070
v 52.000000 76.000000 -11.835193
v 51.933048 76.000000 -12.000000
v 51.632275 76.000000 -13.000000
v 51.405453 76.000000 -14.000000
v 51.006470 76.000000 -15.000000
v 52.063923 76.000000 -9.000000
v 52.372223 76.000000 -10.000000
v 52.305843 76.000000 -11.000000
v 68.000000 76.000000 -9.598739
v 67.784370 76.000000 -10.000000
v 67.614090 76.000000 -11.000000
v 67.683800 76.000000 -12.000000
v 68.000000 76.000000 -12.988125
v 69.000000 76.000000 -8.453190
v 68.419846 76.000000 -9.000000
v 68.004410 76.000000 -13.000000
v 68.438385 76.000000 -14.000000
v 69.000000 76.000000 -14.862967
v 70.000000 76.000000 -7.820071
v 69.673973 76.000000 -8.000000
v 69.104691 76.000000 -15.000000
v 70.000000 76.000000 -15.954602
v 71.000000 76.000000 -7.569596
v 70.065285 76.000000 -16.000000
v 71.000000 76.000000 -16.570610
v 72.000000 76.000000 -7.485000
v 72.000000 75.751617 -17.000000
v 71.820610 76.000000 -17.000000
v 72.000000 76.000000 -17.081131
v 73.000000 76.000000 -7.485000
v 73.000000 76.000000 -17.356827
v 74.000000 76.000000 -7.485000
v 74.000000 76.000000 -17.494083
v 75.000000 76.000000 -7.547911
v 75.000000 76.000000 -17.381817
v 76.000000 76.000000 -7.796486
v 76.000000 76.000000 -17.021149
v 76.365639 76.000000 -8.000000
v 77.000000 76.000000 -8.459233
v 77.000000 76.000000 -16.345451
v 76.034538 76.000000 -17.000000
v 77.500824 76.000000 -9.000000
v 78.000000 76.000000 -9.650778
v 78.000000 76.000000 -15.177160
v 77.372833 76.000000 -16.000000
v 78.241768 76.000000 -10.000000
v 78.648308 76.000000 -11.000000
v 78.806229 76.000000 -12.000000
v 79.000000 75.162903 -12.000000
v 78.706001 76.000000 -13.000000
v 78.493980 76.000000 -14.000000
v 78.109627 76.000000 -15.000000
v 46.000000 76.256271 -10.000000
v 45.807735 77.000000 -11.000000
v 46.000000 77.000000 -10.532443
v 45.636921 77.000000 -12.000000
v 45.671925 77.000000 -13.000000
v 45.964275 77.000000 -14.000000
v 46.000000 77.000000 -14.060551
v 47.000000 77.000000 -8.980220
v 46.980095 77.000000 -9.000000
v 46.253269 77.000000 -10.000000
v 46.648273 77.000000 -15.000000
v 47.000000 77.000000 -15.355887
v 48.000000 76.471451 -8.000000
v 48.000000 77.000000 -8.282647
v 48.000000 76.601280 -16.000000
v 47.863930 77.000000 -16.000000
v 48.000000 77.000000 -16.087923
v 49.000000 77.000000 -7.947162
v 48.838966 77.000000 -8.000000
v 49.000000 77.000000 -16.375095
v 50.000000 77.000000 -7.952861
v 50.000000 76.319199 -16.000000
v 50.000000 77.000000 -16.287214
v 51.000000 76.002457 -8.000000
v 50.134487 77.000000 -8.000000
v 51.000000 77.000000 -8.309763
v 51.000000 77.000000 -15.608481
v 50.510601 77.000000 -16.000000
v 52.000000 76.809669 -9.000000
v 51.978695 77.000000 -9.000000
v 52.000000 77.000000 -9.027719
v 52.000000 76.154877 -12.000000
v 52.000000 76.835381 -13.000000
v 52.000000 77.000000 -13.302900
v 51.823071 77.000000 -14.000000
v 51.461491 77.000000 -15.000000
v 52.490906 77.000000 -10.000000
v 52.569408 77.000000 -11.000000
v 52.352486 77.000000 -12.000000
v 52.080990 77.000000 -13.000000
v 68.000000 77.000000 -9.257916
v 67.628960 77.000000 -10.000000
v 67.462250 77.000000 -11.000000
v 67.483803 77.000000 -12.000000
v 68.000000 76.011711 -13.000000
v 67.658081 77.000000 -13.000000
v 68.000000 76.952354 -14.000000
v 67.977951 77.000000 -14.000000
v 68.000000 77.000000 -14.046573
v 69.000000 77.000000 -8.271903
v 68.178558 77.000000 -9.000000
v 69.000000 76.165245 -15.000000
v 68.499146 77.000000 -15.000000
v 69.000000 77.000000 -15.686653
v 70.000000 77.000000 -7.743630
v 69.460144 77.000000 -8.000000
v 70.000000 76.064667 -16.000000
v 69.281555 77.000000 -16.000000
v 70.000000 77.000000 -16.652269
v 71.000000 77.000000 -7.547911
v 71.000000 76.761391 -17.000000
v 70.695457 77.000000 -17.000000
v 71.000000 77.000000 -17.116894
v 72.000000 77.000000 -7.485000
v 72.000000 77.000000 -17.399748
v 73.000000 77.000000 -7.485000
v 73.000000 77.000000 -17.529274
v 74.000000 77.000000 -7.495269
v 74.000000 77.000000 -17.581419
v 75.000000 77.000000 -7.598513
v 75.000000 77.000000 -17.415068
v 76.000000 77.000000 -7.919677
v 76.000000 77.000000 -17.011171
v 76.129158 77.000000 -8.000000
v 77.000000 77.000000 -8.671945
v 77.000000 77.000000 -16.267130
v 76.017021 77.000000 -17.000000
v 77.307198 77.000000 -9.000000
v 78.000000 77.000000 -9.951230
v 78.000000 76.692032 -15.000000
v 78.000000 77.000000 -14.886724
v 77.947578 77.000000 -15.000000
v 77.262474 77.000000 -16.000000
v 78.032173 77.000000 -10.000000
v 78.441032 77.000000 -11.000000
v 78.592743 77.000000 -12.000000
v 78.537422 77.000000 -13.000000
v 78.347504 77.000000 -14.000000
v 46.000000 77.663628 -11.000000
v 45.870739 78.000000 -12.000000
v 46.000000 78.000000 -11.434479
v 45.875500 78.000000 -13.000000
v 46.000000 77.204140 -14.000000
v 46.000000 78.000000 -13.484167
v 47.000000 77.037895 -9.000000
v 46.626972 78.000000 -10.000000
v 47.000000 78.000000 -9.543231
v 46.106949 78.000000 -11.000000
v 46.140682 78.000000 -14.000000
v 46.693195 78.000000 -15.000000
v 47.000000 78.000000 -15.359904
v 48.000000 78.000000 -8.749245
v 47.623867 78.000000 -9.000000
v 47.679287 78.000000 -16.000000
v 48.000000 78.000000 -16.245546
v 49.000000 77.104591 -8.000000
v 49.000000 78.000000 -8.407770
v 49.000000 78.000000 -16.662537
v 50.000000 77.107590 -8.000000
v 50.000000 78.000000 -8.346370
v 50.000000 78.000000 -16.732706
v 51.000000 78.000000 -8.559114
v 51.000000 77.493973 -16.000000
v 51.000000 78.000000 -16.330153
v 51.837681 78.000000 -9.000000
v 52.000000 78.000000 -9.128453
v 52.000000 77.274452 -14.000000
v 52.000000 77.760757 -15.000000
v 52.000000 78.000000 -15.276560
v 51.407104 78.000000 -16.000000
v 52.673027 78.000000 -10.000000
v 52.923820 78.000000 -11.000000
v 52.854923 78.000000 -12.000000
v 52.701309 78.000000 -13.000000
v 52.511917 78.000000 -14.000000
v 52.183811 78.000000 -15.000000
v 68.000000 77.663216 -9.000000
v 67.921417 78.000000 -9.000000
v 68.000000 78.000000 -8.905700
v 67.413597 78.000000 -10.000000
v 67.204933 78.000000 -11.000000
v 67.149055 78.000000 -12.000000
v 67.214272 78.000000 -13.000000
v 67.424759 78.000000 -14.000000
v 68.000000 77.684311 -15.000000
v 67.766991 78.000000 -15.000000
v 68.000000 78.000000 -15.403557
v 69.000000 78.000000 -8.062029
v 69.000000 77.303558 -16.000000
v 68.393570 78.000000 -16.000000
v 69.000000 78.000000 -16.701929
v 70.000000 78.000000 -7.655749
v 69.121964 78.000000 -8.000000
v 70.000000 77.480499 -17.000000
v 69.398476 78.000000 -17.000000
v 70.000000 78.000000 -17.293051
v 71.000000 78.000000 -7.516063
v 71.000000 78.000000 -17.530907
v 72.000000 78.000000 -7.485000
v 72.000000 78.000000 -17.661289
v 73.000000 78.000000 -7.485000
v 73.000000 78.000000 -17.676201
v 74.000000 78.000000 -7.516063
v 74.000000 78.000000 -17.627312
v 75.000000 78.000000 -7.670467
v 75.000000 78.000000 -17.395161
v 76.000000 77.461288 -8.000000
v 75.797256 78.000000 -8.000000
v 76.000000 78.000000 -8.107131
v 76.000000 77.134064 -17.000000
v 76.000000 78.000000 -16.922163
v 75.861450 78.000000 -17.000000
v 77.000000 78.000000 -8.960097
v 77.000000 78.000000 -16.102184
v 77.036362 78.000000 -9.000000
v 77.738976 78.000000 -10.000000
v 78.000000 77.109734 -10.000000
v 78.000000 78.000000 -10.541903
v 78.000000 78.000000 -14.315000
v 77.714294 78.000000 -15.000000
v 77.092255 78.000000 -16.000000
v 78.199738 78.000000 -11.000000
v 78.371185 78.000000 -12.000000
v 78.336975 78.000000 -13.000000
v 78.125694 78.000000 -14.000000
v 46.000000 78.301613 -12.000000
v 46.000000 78.326813 -13.000000
v 47.000000 78.789940 -10.000000
v 46.539673 79.000000 -11.000000
v 47.000000 79.000000 -10.163807
v 46.299309 79.000000 -12.000000
v 46.250488 79.000000 -13.000000
v 46.412464 79.000000 -14.000000
v 46.832577 79.000000 -15.000000
v 47.000000 79.000000 -15.232935
v 48.000000 78.573158 -9.000000
v 48.000000 79.000000 -9.215994
v 47.120644 79.000000 -10.000000
v 47.653427 79.000000 -16.000000
v 48.000000 79.000000 -16.313660
v 49.000000 79.000000 -8.775995
v 48.437256 79.000000 -9.000000
v 49.000000 79.000000 -16.901796
v 50.000000 79.000000 -8.662927
v 50.000000 78.682304 -17.000000
v 49.438488 79.000000 -17.000000
v 50.000000 79.000000 -17.116642
v 51.000000 79.000000 -8.811803
v 51.000000 79.000000 -16.930672
v 50.670696 79.000000 -17.000000
v 51.420914 79.000000 -9.000000
v 52.000000 79.000000 -9.314941
v 52.000000 78.606575 -16.000000
v 52.000000 79.000000 -16.340967
v 52.746147 79.000000 -10.000000
v 53.000000 79.000000 -10.468883
v 53.000000 78.247581 -11.000000
v 53.000000 78.265289 -12.000000
v 53.000000 78.416832 -13.000000
v 53.000000 78.593613 -14.000000
v 53.000000 78.916817 -15.000000
v 53.000000 79.000000 -15.122677
v 52.370617 79.000000 -16.000000
v 53.220219 79.000000 -11.000000
v 53.374489 79.000000 -12.000000
v 53.407005 79.000000 -13.000000
v 53.336006 79.000000 -14.000000
v 53.075436 79.000000 -15.000000
v 67.000000 78.447502 -11.000000
v 66.726540 79.000000 -11.000000
v 67.000000 79.000000 -10.191866
v 67.000000 78.261482 -12.000000
v 66.548470 79.000000 -12.000000
v 67.000000 78.319817 -13.000000
v 66.487953 79.000000 -13.000000
v 67.000000 78.562363 -14.000000
v 66.606674 79.000000 -14.000000
v 67.000000 78.847733 -15.000000
v 66.827278 79.000000 -15.000000
v 67.000000 79.000000 -15.361641
v 68.000000 79.000000 -8.657653
v 67.677330 79.000000 -9.000000
v 67.067657 79.000000 -10.000000
v 68.000000 78.413254 -16.000000
v 67.332153 79.000000 -16.000000
v 68.000000 79.000000 -16.855677
v 69.000000 78.402039 -8.000000
v 68.869797 79.000000 -8.000000
v 69.000000 79.000000 -7.920074
v 69.000000 78.310287 -17.000000
v 68.141380 79.000000 -17.000000
v 69.000000 79.000000 -17.472725
v 70.000000 79.000000 -7.602823
v 70.000000 79.000000 -17.772310
v 71.000000 79.000000 -7.495269
v 71.000000 79.000000 -17.912903
v 72.000000 79.000000 -7.485000
v 72.000000 79.000000 -17.952160
v 73.000000 79.000000 -7.495269
v 73.000000 79.000000 -17.878042
v 74.000000 79.000000 -7.576303
v 74.000000 79.000000 -17.715631
v 75.000000 79.000000 -7.827881
v 75.000000 79.000000 -17.375696
v 75.328590 79.000000 -8.000000
v 76.000000 79.000000 -8.434442
v 76.000000 79.000000 -16.770948
v 75.662247 79.000000 -17.000000
v 77.000000 78.090370 -9.000000
v 76.608513 79.000000 -9.000000
v 77.000000 79.000000 -9.461604
v 77.000000 78.403625 -16.000000
v 77.000000 79.000000 -15.804467
v 76.849022 79.000000 -16.000000
v 77.385803 79.000000 -10.000000
v 77.860855 79.000000 -11.000000
v 78.000000 78.610794 -11.000000
v 78.000000 79.000000 -11.655000
v 78.000000 78.415001 -14.000000
v 78.000000 79.000000 -13.198804
v 77.825333 79.000000 -14.000000
v 77.474129 79.000000 -15.000000
v 78.069000 79.000000 -12.000000
v 78.044830 79.000000 -13.000000
v 47.000000 79.939636 -11.000000
v 46.699783 80.000000 -12.000000
v 47.000000 80.000000 -11.086102
v 46.586491 80.000000 -13.000000
v 46.689461 80.000000 -14.000000
v 47.000000 79.784027 -15.000000
v 47.000000 80.000000 -14.881933
v 48.000000 80.000000 -9.820092
v 47.797604 80.000000 -10.000000
v 47.034443 80.000000 -11.000000
v 47.047607 80.000000 -15.000000
v 47.737530 80.000000 -16.000000
v 48.000000 80.000000 -16.276962
v 49.000000 79.470871 -9.000000
v 49.000000 80.000000 -9.274365
v 49.000000 79.673393 -17.000000
v 48.927994 80.000000 -17.000000
v 49.000000 80.000000 -17.046421
v 50.000000 79.903023 -9.000000
v 50.000000 80.000000 -9.039672
v 50.000000 80.000000 -17.356508
v 51.000000 79.652420 -9.000000
v 51.000000 80.000000 -9.102734
v 51.000000 79.131721 -17.000000
v 51.000000 80.000000 -17.363464
v 52.000000 80.000000 -9.493974
v 52.000000 79.837753 -17.000000
v 52.000000 80.000000 -17.102930
v 52.681881 80.000000 -10.000000
v 53.000000 80.000000 -10.367664
v 53.000000 79.582916 -16.000000
v 53.000000 80.000000 -16.467257
v 52.212723 80.000000 -17.000000
v 53.383804 80.000000 -11.000000
v 53.764259 80.000000 -12.000000
v 54.000000 80.000000 -12.870090
v 54.000000 79.940948 -13.000000
v 54.000000 79.825378 -14.000000
v 54.000000 79.985794 -15.000000
v 54.000000 80.000000 -15.029792
v 53.470795 80.000000 -16.000000
v 54.038414 80.000000 -13.000000
v 54.138924 80.000000 -14.000000
v 54.013325 80.000000 -15.000000
v 66.000000 79.814270 -12.000000
v 65.864357 80.000000 -12.000000
v 66.000000 80.000000 -11.634167
v 66.000000 79.556763 -13.000000
v 65.585960 80.000000 -13.000000
v 66.000000 79.550888 -14.000000
v 65.457329 80.000000 -14.000000
v 66.000000 79.580391 -15.000000
v 65.296974 80.000000 -15.000000
v 66.000000 79.788712 -16.000000
v 65.553947 80.000000 -16.000000
v 66.000000 80.000000 -16.743425
v 67.000000 79.181053 -10.000000
v 66.690720 80.000000 -10.000000
v 67.000000 80.000000 -9.556145
v 66.219139 80.000000 -11.000000
v 67.000000 79.229523 -16.000000
v 67.000000 79.620445 -17.000000
v 66.177628 80.000000 -17.000000
v 67.000000 80.000000 -17.454929
v 68.000000 80.000000 -8.529916
v 67.464043 80.000000 -9.000000
v 68.000000 79.094254 -17.000000
v 68.000000 80.000000 -17.842690
v 69.000000 80.000000 -7.892500
v 68.810730 80.000000 -8.000000
v 69.000000 79.744881 -18.000000
v 68.436050 80.000000 -18.000000
v 69.000000 80.000000 -18.178583
v 70.000000 80.000000 -7.602823
v 70.000000 79.404099 -18.000000
v 70.000000 80.000000 -18.346310
v 71.000000 80.000000 -7.495269
v 71.000000 79.189949 -18.000000
v 71.000000 80.000000 -18.380726
v 72.000000 80.000000 -7.495269
v 72.000000 79.136871 -18.000000
v 72.000000 80.000000 -18.300217
v 73.000000 80.000000 -7.543692
v 73.000000 79.445778 -18.000000
v 73.000000 80.000000 -18.155291
v 74.000000 80.000000 -7.712977
v 74.000000 80.000000 -17.870075
v 73.554222 80.000000 -18.000000
v 75.000000 79.623192 -8.000000
v 74.742882 80.000000 -8.000000
v 75.000000 80.000000 -8.126329
v 75.000000 80.000000 -17.378990
v 76.000000 80.000000 -8.901656
v 76.000000 80.000000 -16.582697
v 75.515106 80.000000 -17.000000
v 76.098343 80.000000 -9.000000
v 76.889740 80.000000 -10.000000
v 77.000000 79.792801 -10.000000
v 77.000000 80.000000 -10.207198
v 77.000000 80.000000 -15.334605
v 76.558983 80.000000 -16.000000
v 77.373810 80.000000 -11.000000
v 77.595833 80.000000 -12.000000
v 78.000000 79.145828 -12.000000
v 78.000000 79.102753 -13.000000
v 77.623329 80.000000 -13.000000
v 77.493759 80.000000 -14.000000
v 77.187904 80.000000 -15.000000
v 47.000000 80.603348 -12.000000
v 46.989326 81.000000 -13.000000
v 47.000000 81.000000 -12.950116
v 47.000000 80.881935 -14.000000
v 47.000000 81.000000 -13.195000
v 48.000000 80.264954 -10.000000
v 47.652340 81.000000 -11.000000
v 48.000000 81.000000 -10.573440
v 47.210594 81.000000 -12.000000
v 47.044273 81.000000 -14.000000
v 47.339275 81.000000 -15.000000
v 47.942028 81.000000 -16.000000
v 48.000000 81.000000 -16.069487
v 49.000000 81.000000 -9.816878
v 48.709255 81.000000 -10.000000
v 48.963512 81.000000 -17.000000
v 49.000000 81.000000 -17.027222
v 50.000000 81.000000 -9.491976
v 50.000000 81.000000 -17.461849
v 51.000000 81.000000 -9.482725
v 51.000000 81.000000 -17.655046
v 52.000000 81.000000 -9.789000
v 52.000000 81.000000 -17.652248
v 52.334511 81.000000 -10.000000
v 53.000000 81.000000 -10.521369
v 53.000000 80.475540 -17.000000
v 53.000000 81.000000 -17.476494
v 53.419804 81.000000 -11.000000
v 54.000000 81.000000 -11.851271
v 54.000000 80.725075 -12.000000
v 54.000000 80.420815 -16.000000
v 54.000000 80.963203 -17.000000
v 54.000000 81.000000 -17.049557
v 54.099697 81.000000 -12.000000
v 54.589012 81.000000 -13.000000
v 54.879452 81.000000 -14.000000
v 54.987633 81.000000 -15.000000
v 54.821751 81.000000 -16.000000
v 54.079803 81.000000 -17.000000
v 64.000000 80.738831 -15.000000
v 63.503513 81.000000 -15.000000
v 64.000000 81.000000 -14.251567
v 64.000000 80.680870 -16.000000
v 63.177628 81.000000 -16.000000
v 64.000000 80.815994 -17.000000
v 63.361000 81.000000 -17.000000
v 64.000000 81.000000 -17.316622
v 65.000000 80.619339 -13.000000
v 64.593613 81.000000 -13.000000
v 65.000000 81.000000 -12.275361
v 65.000000 80.372063 -14.000000
v 64.131683 81.000000 -14.000000
v 65.000000 80.179131 -15.000000
v 65.000000 80.254364 -16.000000
v 65.000000 80.453773 -17.000000
v 65.000000 81.000000 -17.810675
v 66.000000 80.383987 -11.000000
v 65.622780 81.000000 -11.000000
v 66.000000 81.000000 -10.430975
v 65.132881 81.000000 -12.000000
v 66.000000 80.077835 -17.000000
v 66.000000 80.813919 -18.000000
v 65.441757 81.000000 -18.000000
v 66.000000 81.000000 -18.197025
v 67.000000 81.000000 -9.164602
v 66.287315 81.000000 -10.000000
v 67.000000 80.505623 -18.000000
v 67.000000 81.000000 -18.439444
v 68.000000 81.000000 -8.458863
v 67.188293 81.000000 -9.000000
v 68.000000 80.181427 -18.000000
v 68.000000 81.000000 -18.612814
v 69.000000 81.000000 -7.945368
v 68.890732 81.000000 -8.000000
v 69.000000 81.000000 -18.789127
v 70.000000 81.000000 -7.648487
v 70.000000 81.000000 -18.873783
v 71.000000 81.000000 -7.526590
v 71.000000 81.000000 -18.800743
v 72.000000 81.000000 -7.537206
v 72.000000 81.000000 -18.578373
v 73.000000 81.000000 -7.673460
v 73.000000 81.000000 -18.340307
v 74.000000 81.000000 -7.999253
v 74.000000 81.000000 -17.969021
v 73.924934 81.000000 -18.000000
v 74.001366 81.000000 -8.000000
v 75.000000 81.000000 -8.657484
v 75.000000 81.000000 -17.359917
v 76.000000 80.142876 -9.000000
v 75.377708 81.000000 -9.000000
v 76.000000 81.000000 -9.688295
v 76.000000 81.000000 -16.378443
v 75.409714 81.000000 -17.000000
v 76.243462 81.000000 -10.000000
v 76.772530 81.000000 -11.000000
v 77.000000 80.632851 -11.000000
v 77.000000 81.000000 -11.675080
v 77.000000 80.615242 -15.000000
v 77.000000 81.000000 -14.581491
v 76.876396 81.000000 -15.000000
v 76.315720 81.000000 -16.000000
v 77.103844 81.000000 -12.000000
v 77.219147 81.000000 -13.000000
v 77.160118 81.000000 -14.000000
v 47.000000 81.022820 -13.000000
v 48.000000 81.578316 -11.000000
v 47.707577 82.000000 -12.000000
v 48.000000 82.000000 -11.438550
v 47.441612 82.000000 -13.000000
v 47.458637 82.000000 -14.000000
v 47.690823 82.000000 -15.000000
v 48.000000 81.174911 -16.000000
v 48.000000 82.000000 -15.564955
v 49.000000 81.312691 -10.000000
v 49.000000 82.000000 -10.423575
v 48.306679 82.000000 -11.000000
v 48.268848 82.000000 -16.000000
v 49.000000 81.183746 -17.000000
v 49.000000 82.000000 -16.850620
v 50.000000 82.000000 -9.957578
v 49.899445 82.000000 -10.000000
v 49.181389 82.000000 -17.000000
v 50.000000 82.000000 -17.508104
v 51.000000 82.000000 -9.860668
v 51.000000 82.000000 -17.940725
v 52.000000 81.709396 -10.000000
v 51.625446 82.000000 -10.000000
v 52.000000 82.000000 -10.087787
v 52.000000 81.649574 -18.000000
v 51.241940 82.000000 -18.000000
v 52.000000 82.000000 -18.188553
v 53.000000 82.000000 -10.645608
v 53.000000 81.588051 -18.000000
v 53.000000 82.000000 -18.326876
v 53.419247 82.000000 -11.000000
v 54.000000 82.000000 -11.558837
v 54.000000 81.681244 -18.000000
v 54.000000 82.000000 -18.338312
v 54.427715 82.000000 -12.000000
v 55.000000 82.000000 -12.685073
v 55.000000 81.640457 -13.000000
v 55.000000 81.131165 -14.000000
v 55.000000 81.010078 -15.000000
v 55.000000 81.102737 -16.000000
v 55.000000 81.337402 -17.000000
v 55.000000 81.782761 -18.000000
v 55.000000 82.000000 -18.296795
v 55.319592 82.000000 -13.000000
v 56.000000 82.000000 -13.798739
v 56.000000 81.868492 -14.000000
v 56.000000 81.532646 -15.000000
v 56.000000 81.431076 -16.000000
v 56.000000 81.521484 -17.000000
v 56.000000 81.846573 -18.000000
v 56.000000 82.000000 -18.237747
v 56.243633 82.000000 -14.000000
v 57.000000 82.000000 -14.733214
v 57.000000 81.874306 -15.000000
v 57.000000 81.625458 -16.000000
v 57.000000 81.636925 -17.000000
v 57.000000 81.915955 -18.000000
v 57.000000 82.000000 -18.139391
v 57.594204 82.000000 -15.000000
v 58.000000 82.000000 -15.228910
v 58.000000 81.724106 -16.000000
v 58.000000 81.688835 -17.000000
v 58.000000 81.983955 -18.000000
v 58.000000 82.000000 -18.026428
v 59.000000 81.772247 -16.000000
v 59.000000 82.000000 -15.445353
v 59.000000 81.699783 -17.000000
v 59.000000 82.000000 -17.900652
v 58.314499 82.000000 -18.000000
v 60.000000 81.692352 -16.000000
v 60.000000 82.000000 -15.260179
v 60.000000 81.595230 -17.000000
v 60.000000 81.971420 -18.000000
v 59.571251 82.000000 -18.000000
v 60.000000 82.000000 -18.041830
v 61.000000 81.905983 -15.000000
v 60.546375 82.000000 -15.000000
v 61.000000 82.000000 -14.814847
v 61.000000 81.542984 -16.000000
v 61.000000 81.443710 -17.000000
v 61.000000 81.828873 -18.000000
v 61.000000 82.000000 -18.234173
v 62.000000 81.599289 -15.000000
v 62.000000 82.000000 -14.087277
v 62.000000 81.327881 -16.000000
v 62.000000 81.280678 -17.000000
v 62.000000 81.701920 -18.000000
v 62.000000 82.000000 -18.385630
v 63.000000 81.630577 -14.000000
v 62.096973 82.000000 -14.000000
v 63.000000 82.000000 -13.282892
v 63.000000 81.253014 -15.000000
v 63.000000 81.068588 -16.000000
v 63.000000 81.102348 -17.000000
v 63.000000 81.590622 -18.000000
v 63.000000 82.000000 -18.514494
v 64.000000 81.513771 -13.000000
v 63.257633 82.000000 -13.000000
v 64.000000 82.000000 -12.283233
v 64.000000 81.091606 -14.000000
v 64.000000 81.421417 -18.000000
v 64.000000 82.000000 -18.685165
v 65.000000 81.168053 -12.000000
v 64.225037 82.000000 -12.000000
v 65.000000 82.000000 -11.024612
v 65.000000 81.141151 -18.000000
v 65.000000 82.000000 -18.936419
v 66.000000 81.747871 -10.000000
v 65.890793 82.000000 -10.000000
v 66.000000 82.000000 -9.889387
v 65.017731 82.000000 -11.000000
v 66.000000 81.877533 -19.000000
v 65.364998 82.000000 -19.000000
v 66.000000 82.000000 -19.091196
v 67.000000 82.000000 -9.016893
v 67.000000 81.760757 -19.000000
v 67.000000 82.000000 -19.152248
v 68.000000 82.000000 -8.494599
v 67.025955 82.000000 -9.000000
v 68.000000 81.668442 -19.000000
v 68.000000 82.000000 -19.170607
v 69.000000 81.327797 -8.000000
v 69.000000 82.000000 -8.109879
v 69.000000 81.433205 -19.000000
v 69.000000 82.000000 -19.241411
v 70.000000 82.000000 -7.795625
v 69.341118 82.000000 -8.000000
v 70.000000 81.309807 -19.000000
v 70.000000 82.000000 -19.243784
v 71.000000 82.000000 -7.660154
v 71.000000 81.616745 -19.000000
v 71.000000 82.000000 -19.116081
v 72.000000 82.000000 -7.691317
v 72.000000 82.000000 -18.775221
v 71.344925 82.000000 -19.000000
v 73.000000 82.000000 -7.949275
v 73.000000 82.000000 -18.427227
v 74.000000 81.001747 -8.000000
v 73.109085 82.000000 -8.000000
v 74.000000 82.000000 -8.481715
v 74.000000 82.000000 -17.946148
v 73.901451 82.000000 -18.000000
v 75.000000 81.501320 -9.000000
v 74.619064 82.000000 -9.000000
v 75.000000 82.000000 -9.397500
v 75.000000 82.000000 -17.231627
v 76.000000 81.342873 -10.000000
v 75.513237 82.000000 -10.000000
v 76.000000 82.000000 -10.751000
v 76.000000 82.000000 -16.008945
v 75.235817 82.000000 -17.000000
v 76.144447 82.000000 -11.000000
v 76.518318 82.000000 -12.000000
v 77.000000 81.173660 -12.000000
v 77.000000 81.406715 -13.000000
v 76.680313 82.000000 -13.000000
v 77.000000 81.328171 -14.000000
v 76.673775 82.000000 -14.000000
v 76.473618 82.000000 -15.000000
v 76.006325 82.000000 -16.000000
v 48.000000 82.488220 -12.000000
v 47.957577 83.000000 -13.000000
v 48.000000 83.000000 -12.878433
v 47.907894 83.000000 -14.000000
v 48.000000 82.739822 -15.000000
v 48.000000 83.000000 -14.453625
v 49.000000 82.869690 -11.000000
v 49.000000 83.000000 -11.116055
v 48.342178 83.000000 -12.000000
v 48.115025 83.000000 -15.000000
v 48.615433 83.000000 -16.000000
v 49.000000 83.000000 -16.511835
v 50.000000 82.074043 -10.000000
v 50.000000 83.000000 -10.530495
v 49.141476 83.000000 -11.000000
v 49.443497 83.000000 -17.000000
v 50.000000 83.000000 -17.465273
v 51.000000 82.273254 -10.000000
v 51.000000 83.000000 -10.359879
v 51.000000 82.320404 -18.000000
v 50.795570 83.000000 -18.000000
v 51.000000 83.000000 -18.127640
v 52.000000 83.000000 -10.470457
v 52.000000 83.000000 -18.529543
v 53.000000 83.000000 -10.839458
v 53.000000 83.000000 -18.881580
v 53.268490 83.000000 -11.000000
v 54.000000 83.000000 -11.451356
v 54.000000 82.823318 -19.000000
v 53.496849 83.000000 -19.000000
v 54.000000 83.000000 -19.122459
v 54.799572 83.000000 -12.000000
v 55.000000 83.000000 -12.153899
v 55.000000 82.640099 -19.000000
v 55.000000 83.000000 -19.306803
v 56.000000 83.000000 -12.789855
v 56.000000 82.717621 -13.000000
v 56.000000 82.601540 -19.000000
v 56.000000 83.000000 -19.377972
v 56.415459 83.000000 -13.000000
v 57.000000 82.408264 -14.000000
v 57.000000 83.000000 -13.328096
v 57.000000 82.611877 -19.000000
v 57.000000 83.000000 -19.397308
v 58.000000 82.671341 -14.000000
v 58.000000 83.000000 -13.616911
v 58.000000 82.091095 -15.000000
v 58.000000 82.658264 -19.000000
v 58.000000 83.000000 -19.362320
v 59.000000 82.757133 -14.000000
v 59.000000 83.000000 -13.694404
v 59.000000 82.187401 -15.000000
v 59.000000 82.036270 -18.000000
v 59.000000 82.695816 -19.000000
v 59.000000 83.000000 -19.330153
v 60.000000 82.648735 -14.000000
v 60.000000 83.000000 -13.523461
v 60.000000 82.109825 -15.000000
v 60.000000 82.673454 -19.000000
v 60.000000 83.000000 -19.342186
v 61.000000 82.407425 -14.000000
v 61.000000 83.000000 -13.120113
v 61.000000 82.602692 -19.000000
v 61.000000 83.000000 -19.388121
v 62.000000 82.663902 -13.000000
v 61.214256 83.000000 -13.000000
v 62.000000 83.000000 -12.622435
v 62.000000 82.042007 -14.000000
v 62.000000 82.535698 -19.000000
v 62.000000 83.000000 -19.427780
v 63.000000 82.169739 -13.000000
v 63.000000 83.000000 -12.033254
v 63.000000 82.454781 -19.000000
v 63.000000 83.000000 -19.473324
v 64.000000 82.243370 -12.000000
v 63.045372 83.000000 -12.000000
v 64.000000 83.000000 -11.361594
v 64.000000 82.334648 -19.000000
v 64.000000 83.000000 -19.508797
v 65.000000 82.034401 -11.000000
v 64.419243 83.000000 -11.000000
v 65.000000 83.000000 -10.531316
v 65.000000 82.080780 -19.000000
v 65.000000 83.000000 -19.575102
v 66.000000 83.000000 -9.686340
v 65.618065 83.000000 -10.000000
v 66.000000 83.000000 -19.557365
v 67.000000 83.000000 -9.020951
v 67.000000 83.000000 -19.522015
v 68.000000 83.000000 -8.570114
v 67.039337 83.000000 -9.000000
v 68.000000 83.000000 -19.437023
v 69.000000 83.000000 -8.277877
v 69.000000 83.000000 -19.428581
v 70.000000 82.919685 -8.000000
v 70.000000 83.000000 -8.018805
v 70.000000 83.000000 -19.367445
v 71.000000 83.000000 -7.912343
v 70.175224 83.000000 -8.000000
v 71.000000 83.000000 -19.205326
v 72.000000 83.000000 -7.999271
v 72.000000 83.000000 -18.802767
v 71.531868 83.000000 -19.000000
v 73.000000 82.122231 -8.000000
v 72.001984 83.000000 -8.000000
v 73.000000 83.000000 -8.391693
v 73.000000 83.000000 -18.325609
v 74.000000 82.891449 -9.000000
v 73.912460 83.000000 -9.000000
v 74.000000 83.000000 -9.075909
v 74.000000 83.000000 -17.676960
v 73.530121 83.000000 -18.000000
v 75.000000 82.698700 -10.000000
v 74.786575 83.000000 -10.000000
v 75.000000 83.000000 -10.311783
v 75.000000 82.602234 -17.000000
v 75.000000 83.000000 -16.798008
v 74.821693 83.000000 -17.000000
v 76.000000 82.217873 -11.000000
v 75.457489 83.000000 -11.000000
v 76.000000 82.881584 -12.000000
v 75.920830 83.000000 -12.000000
v 76.000000 83.000000 -12.322209
v 76.000000 82.971161 -15.000000
v 76.000000 83.000000 -14.920694
v 75.984398 83.000000 -15.000000
v 76.000000 82.013962 -16.000000
v 75.558167 83.000000 -16.000000
v 76.150230 83.000000 -13.000000
v 76.169106 83.000000 -14.000000
v 48.000000 83.067879 -13.000000
v 48.000000 83.159164 -14.000000
v 49.000000 83.927422 -12.000000
v 49.000000 84.000000 -12.106687
v 48.601372 84.000000 -13.000000
v 48.486572 84.000000 -14.000000
v 48.633274 84.000000 -15.000000
v 49.000000 83.889313 -16.000000
v 49.000000 84.000000 -15.889313
v 50.000000 83.770470 -11.000000
v 50.000000 84.000000 -11.173258
v 49.064636 84.000000 -12.000000
v 49.049469 84.000000 -16.000000
v 49.741646 84.000000 -17.000000
v 50.000000 84.000000 -17.269657
v 51.000000 84.000000 -10.845410
v 50.471142 84.000000 -11.000000
v 50.828758 84.000000 -18.000000
v 51.000000 84.000000 -18.126413
v 52.000000 84.000000 -10.840075
v 52.000000 84.000000 -18.640120
v 53.000000 83.724304 -11.000000
v 52.730568 84.000000 -11.000000
v 53.000000 84.000000 -11.059275
v 53.000000 83.476143 -19.000000
v 52.748550 84.000000 -19.000000
v 53.000000 84.000000 -19.125099
v 54.000000 84.000000 -11.411635
v 54.000000 84.000000 -19.481466
v 55.000000 84.000000 -11.820174
v 55.000000 83.417015 -12.000000
v 55.000000 84.000000 -19.805725
v 55.397198 84.000000 -12.000000
v 56.000000 84.000000 -12.278452
v 56.000000 83.980675 -20.000000
v 55.947681 84.000000 -20.000000
v 56.000000 84.000000 -20.010778
v 57.000000 84.000000 -12.621169
v 57.000000 83.400436 -13.000000
v 57.000000 83.821411 -20.000000
v 57.000000 84.000000 -20.108025
v 58.000000 83.706970 -13.000000
v 58.000000 84.000000 -12.797248
v 58.000000 83.820580 -20.000000
v 58.000000 84.000000 -20.113457
v 59.000000 83.723137 -13.000000
v 59.000000 84.000000 -12.791995
v 59.000000 83.825981 -20.000000
v 59.000000 84.000000 -20.115149
v 60.000000 83.509216 -13.000000
v 60.000000 84.000000 -12.618280
v 60.000000 83.813744 -20.000000
v 60.000000 84.000000 -20.125725
v 61.000000 83.110870 -13.000000
v 61.000000 84.000000 -12.305219
v 61.000000 83.784111 -20.000000
v 61.000000 84.000000 -20.145000
v 62.000000 83.812332 -12.000000
v 61.716091 84.000000 -12.000000
v 62.000000 84.000000 -11.883448
v 62.000000 83.777519 -20.000000
v 62.000000 84.000000 -20.142868
v 63.000000 83.042587 -12.000000
v 63.000000 84.000000 -11.440282
v 63.000000 83.760757 -20.000000
v 63.000000 84.000000 -20.145628
v 64.000000 83.723190 -11.000000
v 63.794952 84.000000 -11.000000
v 64.000000 84.000000 -10.882831
v 64.000000 83.827522 -20.000000
v 64.000000 84.000000 -20.093390
v 65.000000 84.000000 -10.317205
v 65.000000 83.900597 -20.000000
v 65.000000 84.000000 -20.045273
v 66.000000 84.000000 -9.670985
v 65.487045 84.000000 -10.000000
v 66.000000 84.000000 -19.862986
v 65.254028 84.000000 -20.000000
v 67.000000 84.000000 -9.183358
v 67.000000 84.000000 -19.724005
v 68.000000 84.000000 -8.751658
v 67.409500 84.000000 -9.000000
v 68.000000 84.000000 -19.539474
v 69.000000 84.000000 -8.517365
v 69.000000 84.000000 -19.472248
v 70.000000 84.000000 -8.346370
v 70.000000 84.000000 -19.332500
v 71.000000 83.203873 -8.000000
v 71.000000 84.000000 -8.335806
v 71.000000 84.000000 -19.088512
v 72.000000 83.001495 -8.000000
v 72.000000 84.000000 -8.484275
v 72.000000 84.000000 -18.606970
v 71.193031 84.000000 -19.000000
v 73.000000 84.000000 -8.952919
v 73.000000 84.000000 -18.012119
v 73.065689 84.000000 -9.000000
v 74.000000 84.000000 -9.839529
v 74.000000 84.000000 -17.198376
v 73.016754 84.000000 -18.000000
v 74.133400 84.000000 -10.000000
v 74.768761 84.000000 -11.000000
v 75.000000 83.654091 -11.000000
v 75.000000 84.000000 -11.510427
v 75.000000 83.937111 -16.000000
v 75.000000 84.000000 -15.903451
v 74.958702 84.000000 -16.000000
v 74.210442 84.000000 -17.000000
v 75.224274 84.000000 -12.000000
v 75.444626 84.000000 -13.000000
v 76.000000 83.219139 -13.000000
v 76.000000 83.253014 -14.000000
v 75.484970 84.000000 -14.000000
v 75.343018 84.000000 -15.000000
v 49.000000 84.537285 -13.000000
v 49.000000 84.790192 -14.000000
v 49.000000 84.597855 -15.000000
v 50.000000 84.908829 -12.000000
v 50.000000 85.000000 -12.112763
v 49.387001 85.000000 -13.000000
v 49.148369 85.000000 -14.000000
v 49.251869 85.000000 -15.000000
v 49.579865 85.000000 -16.000000
v 50.000000 84.575264 -17.000000
v 50.000000 85.000000 -16.710409
v 51.000000 84.228371 -11.000000
v 51.000000 85.000000 -11.572219
v 50.144440 85.000000 -12.000000
v 50.195431 85.000000 -17.000000
v 51.000000 84.492752 -18.000000
v 51.000000 85.000000 -17.840673
v 52.000000 84.289597 -11.000000
v 52.000000 85.000000 -11.394275
v 51.198841 85.000000 -18.000000
v 52.000000 85.000000 -18.510944
v 53.000000 85.000000 -11.419127
v 52.855846 85.000000 -19.000000
v 53.000000 85.000000 -19.082373
v 54.000000 85.000000 -11.540250
v 54.000000 85.000000 -19.546148
v 55.000000 85.000000 -11.759883
v 55.000000 85.000000 -19.965895
v 55.799141 85.000000 -12.000000
v 56.000000 85.000000 -12.063325
v 55.108810 85.000000 -20.000000
v 56.000000 85.000000 -20.255205
v 57.000000 85.000000 -12.321913
v 57.000000 85.000000 -20.385910
v 58.000000 85.000000 -12.415633
v 58.000000 85.000000 -20.419422
v 59.000000 85.000000 -12.331099
v 59.000000 85.000000 -20.440281
v 60.000000 85.000000 -12.123045
v 60.000000 85.000000 -20.472248
v 61.000000 84.594200 -12.000000
v 60.394524 85.000000 -12.000000
v 61.000000 85.000000 -11.816610
v 61.000000 85.000000 -20.505066
v 62.000000 85.000000 -11.501667
v 62.000000 85.000000 -20.494030
v 63.000000 85.000000 -11.126740
v 63.000000 85.000000 -20.461500
v 64.000000 85.000000 -10.680262
v 63.278011 85.000000 -11.000000
v 64.000000 85.000000 -20.339933
v 65.000000 85.000000 -10.272034
v 65.000000 85.000000 -20.193169
v 66.000000 85.000000 -9.759093
v 65.536369 85.000000 -10.000000
v 66.000000 85.000000 -19.896589
v 65.674507 85.000000 -20.000000
v 67.000000 85.000000 -9.364242
v 67.000000 85.000000 -19.712902
v 68.000000 85.000000 -8.989275
v 67.972847 85.000000 -9.000000
v 68.000000 85.000000 -19.516644
v 69.000000 85.000000 -8.777617
v 69.000000 85.000000 -19.404238
v 70.000000 85.000000 -8.664442
v 70.000000 85.000000 -19.179085
v 71.000000 85.000000 -8.754191
v 71.000000 84.312843 -19.000000
v 71.000000 85.000000 -18.793497
v 70.489037 85.000000 -19.000000
v 72.000000 84.946281 -9.000000
v 71.895447 85.000000 -9.000000
v 72.000000 85.000000 -9.034240
v 72.000000 85.000000 -18.232845
v 73.000000 84.071449 -9.000000
v 73.000000 85.000000 -9.687370
v 73.000000 84.023834 -18.000000
v 73.000000 85.000000 -17.447453
v 72.324196 85.000000 -18.000000
v 74.000000 84.189270 -10.000000
v 73.336678 85.000000 -10.000000
v 74.000000 85.000000 -10.817716
v 74.000000 84.280586 -17.000000
v 74.000000 85.000000 -16.345451
v 73.471161 85.000000 -17.000000
v 74.120140 85.000000 -11.000000
v 74.549973 85.000000 -12.000000
v 75.000000 84.316101 -12.000000
v 75.000000 84.625153 -13.000000
v 74.748207 85.000000 -13.000000
v 75.000000 84.682556 -14.000000
v 74.782463 85.000000 -14.000000
v 75.000000 84.478691 -15.000000
v 74.634270 85.000000 -15.000000
v 74.245026 85.000000 -16.000000
v 50.000000 85.674301 -13.000000
v 49.944908 86.000000 -14.000000
v 50.000000 86.000000 -13.842327
v 49.964481 86.000000 -15.000000
v 50.000000 85.610504 -16.000000
v 50.000000 86.000000 -15.109732
v 51.000000 85.525139 -12.000000
v 51.000000 86.000000 -12.495359
v 50.410545 86.000000 -13.000000
v 50.293266 86.000000 -16.000000
v 50.882175 86.000000 -17.000000
v 51.000000 86.000000 -17.135410
v 52.000000 85.976974 -12.000000
v 52.000000 86.000000 -12.017844
v 51.926842 86.000000 -18.000000
v 52.000000 86.000000 -18.054434
v 53.000000 86.000000 -11.856403
v 52.092098 86.000000 -12.000000
v 53.000000 85.227394 -19.000000
v 53.000000 86.000000 -18.693548
v 54.000000 86.000000 -11.806995
v 53.494190 86.000000 -19.000000
v 54.000000 86.000000 -19.292421
v 55.000000 86.000000 -11.902208
v 55.000000 86.000000 -19.775103
v 55.516537 86.000000 -12.000000
v 56.000000 86.000000 -12.089786
v 55.541420 86.000000 -20.000000
v 56.000000 86.000000 -20.175213
v 57.000000 86.000000 -12.247094
v 57.000000 86.000000 -20.367445
v 58.000000 86.000000 -12.247094
v 58.000000 86.000000 -20.452089
v 59.000000 86.000000 -12.061803
v 59.000000 86.000000 -20.515379
v 60.000000 85.376595 -12.000000
v 59.238056 86.000000 -12.000000
v 60.000000 86.000000 -11.808628
v 60.000000 86.000000 -20.590363
v 61.000000 86.000000 -11.572689
v 61.000000 86.000000 -20.657152
v 62.000000 86.000000 -11.335705
v 62.000000 86.000000 -20.645649
v 63.000000 86.000000 -11.014064
v 63.000000 86.000000 -20.579340
v 64.000000 86.000000 -10.669093
v 63.038582 86.000000 -11.000000
v 64.000000 86.000000 -20.415480
v 65.000000 86.000000 -10.354463
v 65.000000 86.000000 -20.188475
v 66.000000 86.000000 -9.958863
v 65.903038 86.000000 -10.000000
v 66.000000 86.000000 -19.813864
v 65.521362 86.000000 -20.000000
v 67.000000 86.000000 -9.631392
v 67.000000 86.000000 -19.563196
v 68.000000 85.027153 -9.000000
v 68.000000 86.000000 -9.364242
v 68.000000 86.000000 -19.355818
v 69.000000 85.501541 -9.000000
v 69.000000 86.000000 -9.230813
v 69.000000 86.000000 -19.205452
v 70.000000 85.674255 -9.000000
v 70.000000 86.000000 -9.180595
v 70.000000 85.706390 -19.000000
v 70.000000 86.000000 -18.919107
v 69.731270 86.000000 -19.000000
v 71.000000 85.421387 -9.000000
v 71.000000 86.000000 -9.372190
v 71.000000 86.000000 -18.467073
v 72.000000 86.000000 -9.782259
v 72.000000 85.501724 -18.000000
v 72.000000 86.000000 -17.740030
v 71.682915 86.000000 -18.000000
v 73.000000 85.364738 -10.000000
v 72.301208 86.000000 -10.000000
v 73.000000 86.000000 -10.630488
v 73.000000 85.664909 -17.000000
v 73.000000 86.000000 -16.732426
v 72.768677 86.000000 -17.000000
v 74.000000 85.169159 -11.000000
v 73.321213 86.000000 -11.000000
v 74.000000 85.870041 -12.000000
v 73.906181 86.000000 -12.000000
v 74.000000 86.000000 -12.330313
v 74.000000 85.354156 -16.000000
v 74.000000 86.000000 -15.027152
v 73.560829 86.000000 -16.000000
v 74.164848 86.000000 -13.000000
v 74.207802 86.000000 -14.000000
v 74.011658 86.000000 -15.000000
v 50.000000 86.057877 -14.000000
v 50.000000 86.040970 -15.000000
v 51.000000 86.412621 -13.000000
v 51.000000 86.896790 -14.000000
v 50.978607 87.000000 -15.000000
v 51.000000 87.000000 -14.850238
v 51.000000 86.775131 -16.000000
v 51.000000 87.000000 -15.082763
v 51.000000 86.132446 -17.000000
v 52.000000 86.958199 -13.000000
v 51.159420 87.000000 -14.000000
v 52.000000 87.000000 -13.067871
v 51.270195 87.000000 -16.000000
v 51.943295 87.000000 -17.000000
v 52.000000 86.074959 -18.000000
v 52.000000 87.000000 -17.059542
v 53.000000 86.210037 -12.000000
v 53.000000 87.000000 -12.645457
v 52.105461 87.000000 -13.000000
v 53.000000 86.977516 -18.000000
v 53.000000 87.000000 -17.976599
v 54.000000 86.340210 -12.000000
v 54.000000 87.000000 -12.434944
v 53.027718 87.000000 -18.000000
v 54.000000 86.555893 -19.000000
v 54.000000 87.000000 -18.690655
v 55.000000 86.207680 -12.000000
v 55.000000 87.000000 -12.404500
v 54.477180 87.000000 -19.000000
v 55.000000 87.000000 -19.287397
v 56.000000 87.000000 -12.439275
v 56.000000 86.458580 -20.000000
v 56.000000 87.000000 -19.747959
v 57.000000 87.000000 -12.449067
v 56.827454 87.000000 -20.000000
v 57.000000 87.000000 -20.046421
v 58.000000 87.000000 -12.316849
v 58.000000 87.000000 -20.234322
v 59.000000 87.000000 -12.049030
v 59.000000 87.000000 -20.371183
v 60.000000 87.000000 -11.782742
v 59.172894 87.000000 -12.000000
v 60.000000 87.000000 -20.498436
v 61.000000 87.000000 -11.572689
v 61.000000 87.000000 -20.572077
v 62.000000 87.000000 -11.381159
v 62.000000 87.000000 -20.572725
v 63.000000 87.000000 -11.120072
v 63.000000 87.000000 -20.475986
v 64.000000 87.000000 -10.853665
v 63.451908 87.000000 -11.000000
v 64.000000 87.000000 -20.276379
v 65.000000 87.000000 -10.602177
v 65.000000 86.772018 -20.000000
v 65.000000 87.000000 -19.936604
v 64.833031 87.000000 -20.000000
v 66.000000 86.111572 -10.000000
v 66.000000 87.000000 -10.324275
v 66.000000 87.000000 -19.521149
v 67.000000 86.908661 -10.000000
v 67.000000 87.000000 -10.042006
v 67.000000 87.000000 -19.209923
v 68.000000 87.000000 -9.830893
v 67.191582 87.000000 -10.000000
v 68.000000 86.951813 -19.000000
v 68.000000 87.000000 -18.978703
v 67.914330 87.000000 -19.000000
v 69.000000 87.000000 -9.764870
v 69.000000 86.526161 -19.000000
v 69.000000 87.000000 -18.803762
v 70.000000 87.000000 -9.821417
v 70.000000 87.000000 -18.567217
v 71.000000 86.847771 -10.000000
v 70.606506 87.000000 -10.000000
v 71.000000 87.000000 -10.138113
v 71.000000 87.000000 -18.124435
v 72.000000 86.258179 -10.000000
v 72.000000 87.000000 -10.752572
v 72.000000 87.000000 -17.242584
v 71.170181 87.000000 -18.000000
v 73.000000 86.338928 -11.000000
v 72.262657 87.000000 -11.000000
v 73.000000 87.000000 -11.895841
v 73.000000 86.917244 -16.000000
v 73.000000 87.000000 -15.886475
v 72.948814 87.000000 -16.000000
v 72.220398 87.000000 -17.000000
v 73.070541 87.000000 -12.000000
v 73.425392 87.000000 -13.000000
v 74.000000 86.238113 -13.000000
v 74.000000 86.316498 -14.000000
v 73.537216 87.000000 -14.000000
v 74.000000 86.017586 -15.000000
v 73.365845 87.000000 -15.000000
v 51.000000 87.017372 -15.000000
v 52.000000 87.475479 -14.000000
v 52.000000 87.618355 -15.000000
v 52.000000 87.480331 -16.000000
v 52.000000 87.041542 -17.000000
v 53.000000 87.350273 -13.000000
v 53.000000 87.921402 -14.000000
v 52.778549 88.000000 -15.000000
v 53.000000 88.000000 -14.401486
v 52.998577 88.000000 -16.000000
v 53.000000 87.633751 -17.000000
v 53.000000 88.000000 -16.002102
v 54.000000 87.648369 -13.000000
v 53.251781 88.000000 -14.000000
v 54.000000 88.000000 -13.554090
v 53.810059 88.000000 -17.000000
v 54.000000 87.578873 -18.000000
v 54.000000 88.000000 -17.181404
v 55.000000 87.796799 -13.000000
v 55.000000 88.000000 -13.272217
v 54.867321 88.000000 -18.000000
v 55.000000 87.327637 -19.000000
v 55.000000 88.000000 -18.099508
v 56.000000 87.904396 -13.000000
v 56.000000 88.000000 -13.105848
v 56.000000 87.861885 -19.000000
v 56.000000 88.000000 -18.815443
v 57.000000 88.000000 -12.925312
v 56.474201 88.000000 -13.000000
v 56.293732 88.000000 -19.000000
v 57.000000 87.077499 -20.000000
v 57.000000 88.000000 -19.315378
v 58.000000 88.000000 -12.653484
v 58.000000 87.506516 -20.000000
v 58.000000 88.000000 -19.717602
v 59.000000 88.000000 -12.350026
v 58.828053 88.000000 -20.000000
v 59.000000 88.000000 -20.051237
v 60.000000 87.812843 -12.000000
v 60.000000 88.000000 -12.057739
v 60.000000 88.000000 -20.260118
v 61.000000 88.000000 -11.833439
v 60.241222 88.000000 -12.000000
v 61.000000 88.000000 -20.321438
v 62.000000 88.000000 -11.646929
v 62.000000 88.000000 -20.290556
v 63.000000 88.000000 -11.453852
v 63.000000 88.000000 -20.145725
v 64.000000 87.346497 -11.000000
v 64.000000 88.000000 -11.278701
v 64.000000 87.758270 -20.000000
v 64.000000 88.000000 -19.895828
v 63.607189 88.000000 -20.000000
v 65.000000 87.823219 -11.000000
v 65.000000 88.000000 -11.092513
v 65.000000 88.000000 -19.478582
v 66.000000 88.000000 -10.875565
v 65.435486 88.000000 -11.000000
v 66.000000 87.991699 -19.000000
v 66.000000 88.000000 -18.994484
v 65.990173 88.000000 -19.000000
v 67.000000 88.000000 -10.680297
v 67.000000 87.348686 -19.000000
v 67.000000 88.000000 -18.537018
v 68.000000 87.245522 -10.000000
v 68.000000 88.000000 -10.556584
v 68.000000 88.000000 -18.322853
v 69.000000 87.309212 -10.000000
v 69.000000 88.000000 -10.576314
v 69.000000 88.000000 -18.301760
v 70.000000 87.208733 -10.000000
v 70.000000 88.000000 -10.756864
v 70.000000 88.000000 -18.175102
v 71.000000 87.788757 -11.000000
v 70.528984 88.000000 -11.000000
v 71.000000 88.000000 -11.242048
v 71.000000 87.335434 -18.000000
v 71.000000 88.000000 -17.711603
v 70.426811 88.000000 -18.000000
v 72.000000 87.212082 -11.000000
v 71.965881 88.000000 -12.000000
v 72.000000 87.975754 -12.000000
v 72.000000 88.000000 -12.041903
v 72.000000 87.410736 -17.000000
v 72.000000 88.000000 -16.552975
v 71.685730 88.000000 -17.000000
v 73.000000 87.074799 -12.000000
v 72.550903 88.000000 -13.000000
v 73.000000 87.514496 -13.000000
v 73.000000 87.758423 -14.000000
v 72.813324 88.000000 -14.000000
v 73.000000 87.548767 -15.000000
v 72.694328 88.000000 -15.000000
v 72.352448 88.000000 -16.000000
v 53.000000 88.106468 -15.000000
v 53.000000 88.000732 -16.000000
v 54.000000 88.207253 -14.000000
v 54.000000 88.374542 -15.000000
v 54.000000 88.308685 -16.000000
v 54.000000 88.079529 -17.000000
v 55.000000 88.352257 -14.000000
v 55.000000 88.545296 -15.000000
v 55.000000 88.528763 -16.000000
v 55.000000 88.400658 -17.000000
v 55.000000 88.058044 -18.000000
v 56.000000 88.483795 -14.000000
v 56.000000 88.739197 -15.000000
v 56.000000 88.800690 -16.000000
v 56.000000 88.748276 -17.000000
v 56.000000 88.470131 -18.000000
v 57.000000 88.088219 -13.000000
v 57.000000 88.767471 -14.000000
v 56.624779 89.000000 -15.000000
v 57.000000 89.000000 -14.550724
v 56.373707 89.000000 -16.000000
v 56.428555 89.000000 -17.000000
v 56.944138 89.000000 -18.000000
v 57.000000 88.325615 -19.000000
v 57.000000 89.000000 -18.055864
v 58.000000 88.493523 -13.000000
v 57.450054 89.000000 -14.000000
v 58.000000 89.000000 -13.566567
v 57.952797 89.000000 -19.000000
v 58.000000 89.000000 -19.032358
v 59.000000 88.985275 -13.000000
v 59.000000 89.000000 -13.013442
v 59.000000 88.110275 -20.000000
v 59.000000 89.000000 -19.562273
v 60.000000 89.000000 -12.698040
v 59.033726 89.000000 -13.000000
v 60.000000 88.612724 -20.000000
v 60.000000 89.000000 -19.821257
v 61.000000 88.286934 -12.000000
v 61.000000 89.000000 -12.482131
v 61.000000 88.649002 -20.000000
v 61.000000 89.000000 -19.807041
v 62.000000 88.633720 -12.000000
v 62.000000 89.000000 -12.249157
v 62.000000 88.509705 -20.000000
v 62.000000 89.000000 -19.683853
v 63.000000 88.984009 -12.000000
v 63.000000 89.000000 -12.011311
v 63.000000 88.233162 -20.000000
v 63.000000 89.000000 -19.461489
v 64.000000 89.000000 -11.847865
v 63.061832 89.000000 -12.000000
v 64.000000 89.000000 -19.179434
v 65.000000 89.000000 -11.735467
v 65.000000 88.633423 -19.000000
v 65.000000 89.000000 -18.684462
v 64.376816 89.000000 -19.000000
v 66.000000 88.172722 -11.000000
v 66.000000 89.000000 -11.629858
v 66.000000 89.000000 -18.063068
v 67.000000 88.405106 -11.000000
v 67.000000 89.000000 -11.496314
v 67.000000 88.594299 -18.000000
v 67.000000 89.000000 -17.619656
v 66.130646 89.000000 -18.000000
v 68.000000 88.537384 -11.000000
v 68.000000 89.000000 -11.390251
v 68.000000 88.420181 -18.000000
v 68.000000 89.000000 -17.554491
v 69.000000 88.491028 -11.000000
v 69.000000 89.000000 -11.429358
v 69.000000 88.523407 -18.000000
v 69.000000 89.000000 -17.716553
v 70.000000 88.254189 -11.000000
v 70.000000 89.000000 -11.696091
v 70.000000 88.367149 -18.000000
v 70.000000 89.000000 -17.678389
v 71.000000 88.690788 -12.000000
v 70.506516 89.000000 -12.000000
v 71.000000 89.000000 -12.378721
v 71.000000 89.000000 -17.208735
v 72.000000 88.572372 -13.000000
v 71.548935 89.000000 -13.000000
v 72.000000 89.000000 -13.968456
v 72.000000 88.610909 -16.000000
v 72.000000 89.000000 -15.198921
v 71.774284 89.000000 -16.000000
v 71.198425 89.000000 -17.000000
v 72.012695 89.000000 -14.000000
v 72.056053 89.000000 -15.000000
v 57.000000 89.230713 -15.000000
v 57.000000 89.508301 -16.000000
v 57.000000 89.527824 -17.000000
v 57.000000 89.049553 -18.000000
v 58.000000 89.334282 -14.000000
v 58.000000 90.000000 -14.901372
v 57.910839 90.000000 -15.000000
v 57.424095 90.000000 -16.000000
v 57.347500 90.000000 -17.000000
v 57.705719 90.000000 -18.000000
v 58.000000 89.055923 -19.000000
v 58.000000 90.000000 -18.361361
v 59.000000 89.861679 -14.000000
v 59.000000 90.000000 -14.160699
v 58.827190 90.000000 -19.000000
v 59.000000 90.000000 -19.100248
v 60.000000 89.332153 -13.000000
v 60.000000 90.000000 -13.752500
v 59.383423 90.000000 -14.000000
v 60.000000 90.000000 -19.321815
v 61.000000 89.562622 -13.000000
v 61.000000 90.000000 -13.524852
v 61.000000 90.000000 -19.167500
v 62.000000 89.802139 -13.000000
v 62.000000 90.000000 -13.267689
v 62.000000 89.857155 -19.000000
v 62.000000 90.000000 -18.840801
v 61.582901 90.000000 -19.000000
v 63.000000 89.988686 -13.000000
v 63.000000 90.000000 -13.016562
v 63.000000 89.540428 -19.000000
v 63.000000 90.000000 -18.537384
v 64.000000 89.187630 -12.000000
v 64.000000 90.000000 -12.870393
v 63.092751 90.000000 -13.000000
v 64.000000 89.210808 -19.000000
v 64.000000 90.000000 -18.294657
v 65.000000 89.300903 -12.000000
v 65.000000 90.000000 -12.810543
v 65.000000 89.819283 -18.000000
v 65.000000 90.000000 -17.820639
v 64.664017 90.000000 -18.000000
v 66.000000 89.399666 -12.000000
v 66.000000 90.000000 -12.694007
v 66.000000 89.066750 -18.000000
v 66.000000 90.000000 -17.024008
v 67.000000 89.565033 -12.000000
v 67.000000 90.000000 -12.449370
v 67.000000 89.648010 -17.000000
v 67.000000 90.000000 -16.554918
v 66.055176 90.000000 -17.000000
v 68.000000 89.779610 -12.000000
v 68.000000 90.000000 -12.180439
v 68.000000 89.737930 -17.000000
v 68.000000 90.000000 -16.747427
v 69.000000 89.798004 -12.000000
v 69.000000 90.000000 -12.143639
v 68.471016 90.000000 -17.000000
v 69.000000 90.000000 -17.211596
v 70.000000 89.391754 -12.000000
v 70.000000 90.000000 -12.460680
v 70.000000 90.000000 -17.245251
v 71.000000 89.621277 -13.000000
v 70.651039 90.000000 -13.000000
v 71.000000 90.000000 -13.531033
v 71.000000 89.446457 -17.000000
v 71.000000 90.000000 -16.536570
v 70.525536 90.000000 -17.000000
v 72.000000 89.016129 -14.000000
v 71.247963 90.000000 -14.000000
v 72.000000 89.087456 -15.000000
v 71.454353 90.000000 -15.000000
v 71.253548 90.000000 -16.000000
v 58.000000 90.090607 -15.000000
v 58.000000 90.980263 -16.000000
v 57.757446 91.000000 -17.000000
v 58.000000 91.000000 -16.040325
v 58.000000 90.819084 -18.000000
v 58.000000 91.000000 -17.802637
v 59.000000 90.809540 -15.000000
v 58.018368 91.000000 -16.000000
v 59.000000 91.000000 -15.213135
v 58.110764 91.000000 -18.000000
v 59.000000 90.218613 -19.000000
v 59.000000 91.000000 -18.573322
v 60.000000 90.204330 -14.000000
v 60.000000 90.936523 -15.000000
v 60.000000 91.000000 -15.104375
v 60.000000 90.513824 -19.000000
v 60.000000 91.000000 -18.571444
v 61.000000 90.332359 -14.000000
v 61.000000 90.837471 -15.000000
v 61.000000 91.000000 -15.461667
v 61.000000 90.930672 -18.000000
v 61.000000 91.000000 -17.799068
v 60.866798 91.000000 -18.000000
v 61.000000 90.194298 -19.000000
v 62.000000 90.418968 -14.000000
v 62.000000 90.778481 -15.000000
v 62.000000 91.000000 -15.917100
v 62.000000 90.953880 -17.000000
v 62.000000 91.000000 -16.318846
v 61.841873 91.000000 -17.000000
v 62.000000 90.585876 -18.000000
v 63.000000 90.527008 -14.000000
v 63.000000 90.928215 -15.000000
v 63.000000 91.000000 -15.238879
v 62.442749 91.000000 -17.000000
v 63.000000 90.471771 -18.000000
v 63.000000 91.000000 -17.109264
v 64.000000 90.093048 -13.000000
v 64.000000 90.595932 -14.000000
v 63.629772 91.000000 -15.000000
v 64.000000 91.000000 -14.912419
v 64.000000 90.329689 -18.000000
v 64.000000 91.000000 -17.220692
v 65.000000 90.132042 -13.000000
v 65.000000 90.590309 -14.000000
v 64.626541 91.000000 -15.000000
v 65.000000 90.973618 -15.000000
v 65.000000 91.000000 -15.131216
v 65.000000 90.866234 -17.000000
v 65.000000 91.000000 -16.656021
v 64.616928 91.000000 -17.000000
v 66.000000 90.228279 -13.000000
v 66.000000 90.620216 -14.000000
v 66.000000 90.794418 -15.000000
v 65.349403 91.000000 -16.000000
v 66.000000 90.628227 -16.000000
v 66.000000 90.024384 -17.000000
v 67.000000 90.510094 -13.000000
v 67.000000 90.908356 -14.000000
v 67.000000 90.940636 -15.000000
v 67.000000 90.438858 -16.000000
v 68.000000 91.000000 -12.867395
v 67.782890 91.000000 -13.000000
v 67.135513 91.000000 -14.000000
v 67.092102 91.000000 -15.000000
v 68.000000 90.852440 -16.000000
v 68.000000 91.000000 -15.844739
v 69.000000 91.000000 -12.658803
v 68.182198 91.000000 -16.000000
v 69.000000 90.501862 -17.000000
v 69.000000 91.000000 -16.673487
v 70.000000 91.000000 -12.946521
v 70.000000 90.712013 -17.000000
v 70.000000 91.000000 -16.815928
v 70.062210 91.000000 -13.000000
v 70.642029 91.000000 -14.000000
v 71.000000 90.414856 -14.000000
v 71.000000 90.927841 -15.000000
v 70.957153 91.000000 -15.000000
v 71.000000 90.549347 -16.000000
v 70.676453 91.000000 -16.000000
v 58.000000 92.000000 -16.833689
v 57.931454 92.000000 -17.000000
v 58.000000 92.000000 -17.220543
v 59.000000 91.944237 -16.000000
v 59.000000 92.000000 -16.092936
v 58.796780 92.000000 -18.000000
v 59.000000 92.000000 -18.062210
v 60.000000 91.585815 -16.000000
v 59.732628 92.000000 -17.000000
v 60.000000 91.864578 -17.000000
v 60.000000 91.580040 -18.000000
v 59.140694 92.000000 -18.000000
v 61.000000 91.206360 -16.000000
v 61.000000 91.264862 -17.000000
v 62.000000 91.025124 -16.000000
v 63.000000 91.315323 -16.000000
v 63.000000 91.086395 -17.000000
v 64.000000 91.055405 -15.000000
v 64.000000 91.541489 -16.000000
v 64.000000 91.271446 -17.000000
v 65.000000 91.263481 -16.000000
v 68.000000 91.228302 -13.000000
v 67.965927 92.000000 -14.000000
v 68.000000 92.000000 -13.935687
v 67.890167 92.000000 -15.000000
v 68.000000 92.000000 -15.163081
v 69.000000 91.822372 -13.000000
v 69.000000 92.000000 -13.129486
v 68.673615 92.000000 -16.000000
v 69.000000 92.000000 -16.352150
v 70.000000 91.147499 -13.000000
v 70.000000 92.000000 -13.508222
v 70.000000 92.000000 -16.552191
v 70.299095 92.000000 -14.000000
v 70.639908 92.000000 -15.000000
v 70.396332 92.000000 -16.000000
v 58.000000 93.000000 -16.984734
v 57.989494 93.000000 -17.000000
v 58.000000 93.000000 -17.027927
v 59.000000 92.892891 -17.000000
v 58.143124 93.000000 -17.000000
v 59.000000 92.172546 -18.000000
v 68.000000 92.100883 -14.000000
v 68.000000 92.393784 -15.000000
v 69.000000 93.000000 -13.477773
v 68.424583 93.000000 -14.000000
v 68.185486 93.000000 -15.000000
v 68.794563 93.000000 -16.000000
v 69.000000 93.000000 -16.234541
v 70.000000 93.000000 -13.688405
v 70.000000 93.000000 -16.538368
v 70.225906 93.000000 -14.000000
v 70.624352 93.000000 -15.000000
v 70.422684 93.000000 -16.000000
v 58.000000 94.000000 -16.833570
v 57.817532 94.000000 -17.000000
v 58.000000 94.000000 -17.488548
v 58.336555 94.000000 -17.000000
v 69.000000 94.000000 -13.606577
v 68.606575 94.000000 -14.000000
v 68.325996 94.000000 -15.000000
v 68.808258 94.000000 -16.000000
v 69.000000 94.000000 -16.215889
v 70.000000 94.000000 -13.633246
v 70.000000 94.000000 -16.581051
v 70.366753 94.000000 -14.000000
v 70.877861 94.000000 -15.000000
v 70.664856 94.000000 -16.000000
v 58.000000 95.000000 -16.753115
v 57.639168 95.000000 -17.000000
v 58.000000 94.466324 -18.000000
v 57.737030 95.000000 -18.000000
v 58.000000 95.000000 -18.137463
v 58.562901 95.000000 -17.000000
v 58.370308 95.000000 -18.000000
v 69.000000 95.000000 -13.524612
v 68.646507 95.000000 -14.000000
v 68.507835 95.000000 -15.000000
v 69.000000 94.809586 -16.000000
v 69.000000 95.000000 -15.925489
v 70.000000 95.000000 -13.321961
v 69.118187 95.000000 -16.000000
v 70.000000 95.000000 -16.370615
v 70.872726 95.000000 -14.000000
v 71.000000 95.000000 -14.267813
v 71.000000 94.324135 -15.000000
v 71.000000 95.000000 -15.650833
v 70.730644 95.000000 -16.000000
v 71.184975 95.000000 -15.000000
v 58.000000 96.000000 -16.768742
v 57.654354 96.000000 -17.000000
v 57.418808 96.000000 -18.000000
v 58.000000 96.000000 -18.487095
v 58.974091 96.000000 -17.000000
v 59.000000 96.000000 -17.061071
v 59.000000 95.701248 -18.000000
v 59.000000 96.000000 -18.136927
v 59.083195 96.000000 -18.000000
v 69.000000 96.000000 -13.759716
v 68.877777 96.000000 -14.000000
v 68.879173 96.000000 -15.000000
v 69.000000 96.000000 -15.209356
v 70.000000 96.000000 -13.036368
v 70.000000 95.799141 -16.000000
v 70.000000 96.000000 -15.891059
v 71.000000 96.000000 -13.437967
v 71.000000 95.200859 -14.000000
v 71.000000 96.000000 -15.530833
v 71.317673 96.000000 -14.000000
v 71.318497 96.000000 -15.000000
v 58.000000 96.845924 -17.000000
v 57.676998 97.000000 -18.000000
v 58.000000 97.000000 -17.136164
v 58.000000 97.000000 -18.523169
v 59.000000 97.000000 -17.051527
v 59.000000 97.000000 -18.461418
v 59.264690 97.000000 -18.000000
v 69.000000 96.330391 -14.000000
v 69.000000 96.211449 -15.000000
v 70.000000 96.160622 -13.000000
v 69.820137 97.000000 -13.000000
v 70.000000 97.000000 -12.877909
v 69.342842 97.000000 -14.000000
v 69.736961 97.000000 -15.000000
v 70.000000 97.000000 -15.194103
v 71.000000 96.498184 -13.000000
v 71.000000 97.000000 -12.744299
v 71.000000 97.000000 -15.164251
v 71.483673 97.000000 -13.000000
v 71.768494 97.000000 -14.000000
v 71.206367 97.000000 -15.000000
v 58.000000 97.700851 -18.000000
v 59.000000 98.000000 -17.408125
v 58.323570 98.000000 -18.000000
v 59.000000 98.000000 -18.613796
v 59.441933 98.000000 -18.000000
v 70.000000 97.629532 -13.000000
v 69.957909 98.000000 -14.000000
v 70.000000 98.000000 -13.658611
v 70.000000 97.263039 -15.000000
v 70.000000 98.000000 -14.072294
v 71.000000 98.000000 -12.368529
v 70.136261 98.000000 -13.000000
v 71.000000 97.321930 -15.000000
v 71.000000 98.000000 -14.569025
v 72.000000 98.000000 -12.298187
v 72.000000 97.432877 -13.000000
v 72.000000 97.639404 -14.000000
v 72.000000 98.000000 -14.119252
v 72.479874 98.000000 -13.000000
v 72.113022 98.000000 -14.000000
v 59.000000 98.720543 -18.000000
v 70.000000 98.059662 -14.000000
v 71.000000 99.000000 -12.207338
v 70.619034 99.000000 -13.000000
v 71.000000 99.000000 -13.862193
v 71.000000 98.895264 -14.000000
v 72.000000 98.233871 -12.000000
v 71.141266 99.000000 -12.000000
v 72.000000 99.000000 -11.359468
v 71.604233 99.000000 -14.000000
v 72.000000 99.000000 -14.031565
v 73.000000 98.677773 -12.000000
v 73.000000 99.000000 -11.455000
v 73.000000 98.640579 -13.000000
v 73.000000 99.000000 -13.296913
v 72.059822 99.000000 -14.000000
v 73.367874 99.000000 -12.000000
v 73.254814 99.000000 -13.000000
v 71.000000 99.506653 -13.000000
v 72.000000 99.827454 -11.000000
v 71.938210 100.000000 -11.000000
v 72.000000 100.000000 -10.927421
v 71.391823 100.000000 -12.000000
v 71.473808 100.000000 -13.000000
v 72.000000 99.061989 -14.000000
v 72.000000 100.000000 -13.405687
v 73.000000 99.392075 -11.000000
v 73.000000 100.000000 -10.475734
v 73.000000 100.000000 -13.240967
v 73.828186 100.000000 -11.000000
v 73.962570 100.000000 -12.000000
v 73.344238 100.000000 -13.000000
v 72.000000 100.190521 -11.000000
v 72.000000 100.896263 -12.000000
v 72.000000 100.446594 -13.000000
v 73.000000 101.000000 -10.545893
v 72.504608 101.000000 -11.000000
v 72.193237 101.000000 -12.000000
v 73.000000 100.451813 -13.000000
v 73.000000 101.000000 -12.484058
v 73.953629 101.000000 -11.000000
v 73.663628 101.000000 -12.000000
v 73.000000 101.315247 -11.000000
v 73.000000 101.291809 -12.000000
vn 0.7718 0.2097 -0.6003
vn 0.8471 0.2167 -0.4853
vn 0.5920 0.1791 -0.7858
vn 0.9390 0.2006 -0.2793
vn 0.9660 0.2302 0.1179
vn 0.9496 0.2954 0.1048
vn 0.8253 0.2257 0.5176
vn 0.7865 0.2772 0.5519
vn 0.3611 0.0517 -0.9311
vn 0.7178 0.1909 -0.6696
vn 0.2921 0.0744 -0.9535
vn 0.6023 0.1851 0.7765
vn 0.5639 0.2236 0.7950
vn 0.3071 0.0793 0.9484
vn 0.2483 0.0873 0.9647
vn 0.0813 -0.0018 -0.9967
vn 0.0442 -0.0011 -0.9990
vn 0.0740 0.0006 0.9973
vn 0.0272 0.0060 0.9996
vn -0.1713 -0.0180 -0.9850
vn -0.1958 -0.0492 -0.9794
vn -0.1888 -0.0369 0.9813
vn -0.2179 -0.0549 0.9744
vn -0.5088 -0.0348 -0.8602
vn -0.5213 -0.0978 -0.8477
vn -0.4409 -0.0585 0.8956
vn -0.4541 -0.1020 0.8851
vn -0.8552 -0.0494 -0.5160
vn -0.8597 -0.1220 -0.4960
vn -0.9873 -0.0804 0.1372
vn -0.9758 -0.1611 0.1476
vn -0.7261 -0.0681 0.6842
vn -0.7222 -0.1246 0.6804
vn 0.4792 0.1719 -0.8607
vn 0.7852 0.2729 -0.5559
vn 0.9135 0.4004 0.0726
vn 0.6108 0.2714 0.7438
vn 0.6756 0.3325 0.6581
vn 0.3792 0.2420 0.8931
vn 0.1857 0.0649 -0.9805
vn 0.1537 0.1208 0.9807
vn -0.0286 -0.0179 -0.9994
vn -0.0683 0.0023 0.9977
vn -0.2725 -0.1007 -0.9569
vn -0.2818 -0.0972 0.9545
vn -0.5704 -0.2304 -0.7884
vn -0.6161 -0.1866 0.7653
vn -0.7638 -0.3083 0.5671
vn -0.5821 -0.2272 0.7807
vn -0.8573 -0.2568 -0.4463
vn -0.9390 -0.3070 0.1546
vn 0.8962 0.4429 0.0269
vn 0.9214 0.3886 0.0015
vn 0.8387 0.3828 -0.3874
vn 0.8166 0.4402 0.3733
vn 0.3747 0.1249 -0.9187
vn 0.6890 0.3036 -0.6581
vn 0.6291 0.4139 0.6580
vn 0.2853 0.2684 0.9201
vn 0.0906 0.0224 -0.9956
vn 0.0136 0.1550 0.9878
vn -0.1269 -0.0653 -0.9898
vn -0.2058 -0.0034 0.9786
vn -0.3625 -0.1950 -0.9113
vn -0.3836 -0.1401 0.9128
vn -0.7747 -0.3423 -0.5317
vn -0.7764 -0.3700 -0.5102
vn -0.8880 -0.4188 0.1898
vn -0.8841 -0.4319 0.1786
vn -0.6637 -0.2494 0.7052
vn 0.7034 0.2976 -0.6455
vn 0.7786 0.2578 -0.5721
vn 0.5373 0.2111 -0.8166
vn 0.9019 0.4252 -0.0760
vn 0.6796 0.4228 0.5995
vn 0.7594 0.4324 0.4861
vn 0.4757 0.3809 0.7929
vn 0.2600 0.0944 -0.9610
vn 0.1760 0.3073 0.9352
vn -0.0013 -0.0048 -1.0000
vn -0.1433 0.1781 0.9735
vn -0.2577 -0.0932 -0.9617
vn -0.3624 0.0023 0.9320
vn -0.5074 -0.2764 -0.8162
vn -0.6105 -0.2422 0.7540
vn -0.8175 -0.3086 0.4863
vn -0.6322 -0.2089 0.7461
vn -0.8203 -0.3585 -0.4456
vn -0.9166 -0.3761 0.1356
vn 0.8740 0.4674 -0.1330
vn 0.9148 0.3830 -0.1281
vn 0.7964 0.3768 -0.4730
vn 0.7667 0.4661 0.4414
vn 0.8233 0.4201 0.3816
vn 0.6422 0.3947 0.6571
vn 0.4353 0.1512 -0.8875
vn 0.6849 0.2781 -0.6735
vn 0.4334 0.3511 0.8300
vn 0.1573 0.0585 -0.9858
vn 0.0740 0.3420 0.9368
vn 0.2328 0.3428 0.9101
vn 0.0229 0.2466 0.9689
vn -0.0882 -0.0154 -0.9960
vn -0.2899 0.1530 0.9448
vn -0.1341 0.2185 0.9666
vn -0.3559 -0.1007 -0.9291
vn -0.5036 -0.0100 0.8639
vn -0.7646 -0.3033 -0.5687
vn -0.7535 -0.2861 -0.5920
vn -0.9166 -0.3064 -0.2569
vn -0.8875 -0.2493 0.3876
vn -0.7492 -0.1643 0.6416
vn -0.9552 -0.2797 0.0969
vn 0.6857 0.2764 -0.6733
vn 0.7800 0.2044 -0.5914
vn 0.5973 0.1974 -0.7774
vn 0.9206 0.3325 -0.2046
vn 0.8532 0.3522 0.3846
vn 0.6204 0.3203 0.7159
vn 0.3450 0.0983 -0.9334
vn 0.3830 0.2898 0.8771
vn 0.4957 0.2822 0.8214
vn 0.2595 0.2125 0.9421
vn 0.0887 0.0284 -0.9957
vn -0.0409 0.1397 0.9894
vn -0.1582 -0.0040 -0.9874
vn -0.3265 0.1077 0.9391
vn -0.3480 0.0807 0.9340
vn -0.4577 -0.0780 -0.8857
vn -0.6078 -0.0149 0.7939
vn -0.5315 0.0611 0.8448
vn -0.8162 -0.1661 -0.5533
vn -0.9844 -0.1723 0.0350
vn -0.9568 -0.2725 0.1017
vn -0.8168 -0.0878 0.5701
vn 0.5276 0.1455 -0.8369
vn 0.7348 0.1842 -0.6527
vn 0.9188 0.2997 -0.2570
vn 0.8710 0.2990 0.3899
vn 0.6058 0.2146 0.7661
vn 0.2682 0.0687 -0.9609
vn 0.4362 0.1873 0.8801
vn 0.1984 0.1109 0.9738
vn 0.0516 0.0059 -0.9986
vn -0.0984 0.0609 0.9933
vn -0.1841 -0.0156 -0.9828
vn -0.3847 0.0206 0.9228
vn -0.5066 -0.0518 -0.8607
vn -0.6505 -0.0196 0.7592
vn -0.5617 0.0099 0.8273
vn -0.8392 -0.0741 -0.5387
vn -0.9973 -0.0736 0.0050
vn -0.8409 -0.0487 0.5389
vn 0.9187 0.2963 -0.2612
vn 0.9452 0.2527 -0.2070
vn 0.7949 0.2552 -0.5505
vn 0.8789 0.2829 0.3841
vn 0.9092 0.2613 0.3242
vn 0.7277 0.2366 0.6438
vn 0.4514 0.1307 -0.8827
vn 0.6679 0.2031 -0.7160
vn 0.5198 0.1617 0.8388
vn 0.5856 0.1731 0.7919
vn 0.3896 0.1343 0.9111
vn 0.1907 0.0584 -0.9799
vn 0.1516 0.0588 0.9867
vn 0.0051 0.0022 -1.0000
vn -0.1371 0.0204 0.9903
vn -0.2196 -0.0400 -0.9748
vn -0.4050 -0.0027 0.9143
vn -0.5429 -0.0850 -0.8355
vn -0.6726 -0.0287 0.7395
vn -0.5739 -0.0104 0.8188
vn -0.8404 -0.1013 -0.5324
vn -0.9952 -0.0968 -0.0147
vn -0.8563 -0.0527 0.5138
vn 0.7515 0.2344 -0.6167
vn 0.9269 0.2856 -0.2437
vn 0.8950 0.2911 0.3380
vn 0.6843 0.2318 0.6914
vn 0.3774 0.1082 -0.9197
vn 0.5816 0.2074 -0.7866
vn 0.5275 0.1831 0.8296
vn 0.3155 0.1155 0.9419
vn 0.1304 0.0361 -0.9908
vn 0.0940 0.0362 0.9949
vn -0.0465 -0.0075 -0.9989
vn -0.1652 -0.0103 0.9862
vn -0.2773 -0.0757 -0.9578
vn -0.4144 -0.0354 0.9094
vn -0.5781 -0.1550 -0.8011
vn -0.6873 -0.0779 0.7222
vn -0.5900 -0.0467 0.8061
vn -0.8373 -0.1588 -0.5232
vn -0.9861 -0.1598 -0.0454
vn -0.8749 -0.1038 0.4730
vn 0.6520 0.2237 -0.7245
vn 0.7409 0.2008 -0.6409
vn 0.5467 0.1805 -0.8176
vn 0.9089 0.3128 -0.2757
vn 0.8796 0.3204 0.3516
vn 0.6220 0.2246 0.7501
vn 0.2897 0.0938 -0.9525
vn 0.4403 0.1872 0.8781
vn 0.2339 0.0871 0.9683
vn 0.0779 0.0190 -0.9968
vn 0.0244 0.0138 0.9996
vn -0.1027 -0.0140 -0.9946
vn -0.2109 -0.0467 0.9764
vn -0.3550 -0.0823 -0.9313
vn -0.4399 -0.0968 0.8928
vn -0.7314 -0.1986 -0.6524
vn -0.6592 -0.1994 -0.7251
vn -0.8442 -0.2211 -0.4883
vn -0.7136 -0.1587 0.6823
vn -0.6150 -0.1131 0.7803
vn -0.9733 -0.2199 -0.0657
vn -0.8856 -0.1776 0.4291
vn 0.9042 0.3187 -0.2843
vn 0.9351 0.2668 -0.2334
vn 0.7939 0.2636 -0.5479
vn 0.8835 0.3258 0.3366
vn 0.9145 0.3048 0.2660
vn 0.7431 0.3015 0.5974
vn 0.4731 0.1349 -0.8706
vn 0.6863 0.1940 -0.7010
vn 0.5233 0.1959 0.8293
vn 0.5786 0.2544 0.7749
vn 0.3652 0.1991 0.9094
vn 0.2054 0.0663 -0.9764
vn 0.1601 0.1111 0.9808
vn 0.0299 0.0043 -0.9995
vn -0.0532 0.0293 0.9982
vn -0.1526 -0.0372 -0.9876
vn -0.2735 -0.0538 0.9604
vn -0.4273 -0.1152 -0.8968
vn -0.5249 -0.1389 0.8397
vn -0.6033 -0.1737 0.7784
vn -0.4469 -0.1355 0.8842
vn -0.7393 -0.2046 -0.6415
vn -0.8859 -0.2555 -0.3872
vn -0.8443 -0.2219 0.4877
vn -0.9342 -0.2735 0.2290
vn -0.8380 -0.2444 0.4879
vn -0.9644 -0.2602 -0.0467
vn 0.7439 0.1923 -0.6400
vn 0.9217 0.2411 -0.3039
vn 0.9191 0.3206 0.2293
vn 0.7123 0.3254 0.6219
vn 0.4137 0.0874 -0.9062
vn 0.6055 0.1584 -0.7799
vn 0.5219 0.2997 0.7986
vn 0.3009 0.2302 0.9255
vn 0.1471 0.0383 -0.9884
vn 0.0790 0.1834 0.9799
vn -0.0201 -0.0031 -0.9998
vn -0.1424 0.1113 0.9835
vn -0.2212 -0.0639 -0.9731
vn -0.3769 0.0074 0.9262
vn -0.5143 -0.1551 -0.8435
vn -0.6744 -0.1549 0.7219
vn -0.5509 -0.0848 0.8303
vn -0.7950 -0.2134 -0.5678
vn -0.9520 -0.2955 -0.0803
vn -0.9480 -0.3144 -0.0490
vn -0.8590 -0.2310 0.4570
vn 0.6868 0.1412 -0.7130
vn 0.8782 0.2764 -0.3903
vn 0.9074 0.3922 0.1512
vn 0.6127 0.3243 0.7207
vn 0.6858 0.3968 0.6101
vn 0.4595 0.3490 0.8167
vn 0.3666 0.0543 -0.9288
vn 0.5238 0.1228 -0.8430
vn 0.2522 0.3139 0.9153
vn 0.1139 0.0136 -0.9934
vn 0.0261 0.2848 0.9582
vn -0.0711 -0.0145 -0.9974
vn -0.2207 0.2266 0.9487
vn -0.3026 -0.0849 -0.9493
vn -0.4881 0.0982 0.8672
vn -0.5976 -0.1998 -0.7765
vn -0.7487 -0.1100 0.6538
vn -0.6702 -0.0084 0.7421
vn -0.8329 -0.2159 -0.5096
vn -0.9639 -0.2494 -0.0931
vn -0.9020 -0.1773 0.3937
vn 0.8480 0.3117 -0.4286
vn 0.8603 0.2816 -0.4249
vn 0.7318 0.2533 -0.6327
vn 0.8887 0.4517 0.0790
vn 0.9307 0.3649 0.0236
vn 0.8211 0.4268 0.3789
vn 0.6172 0.1362 -0.7749
vn 0.6937 0.1287 -0.7086
vn 0.5484 0.1156 -0.8282
vn 0.6701 0.4306 0.6046
vn 0.4285 0.3710 0.8239
vn 0.3087 0.0536 -0.9496
vn 0.2083 0.3771 0.9025
vn 0.2836 0.3726 0.8836
vn 0.1752 0.3209 0.9308
vn 0.0852 0.0036 -0.9964
vn -0.0007 0.3523 0.9359
vn -0.0107 0.2854 0.9583
vn -0.1243 -0.0241 -0.9920
vn -0.2317 0.3130 0.9211
vn -0.2495 0.2548 0.9342
vn -0.3817 -0.1012 -0.9187
vn -0.5991 0.1379 0.7887
vn -0.4073 0.2350 0.8825
vn -0.7414 -0.2257 -0.6320
vn -0.6928 -0.2122 -0.6892
vn -0.8629 -0.2389 -0.4454
vn -0.8277 -0.1052 0.5512
vn -0.7859 0.0173 0.6181
vn -0.9676 -0.2247 -0.1156
vn -0.9388 -0.1552 0.3076
vn 0.6937 0.2144 -0.6876
vn 0.8431 0.2419 -0.4802
vn 0.9407 0.3363 -0.0453
vn 0.7391 0.3953 0.5454
vn 0.8309 0.3569 0.4269
vn 0.6150 0.3546 0.7043
vn 0.4883 0.1211 -0.8642
vn 0.6281 0.1589 -0.7618
vn 0.3619 0.3571 0.8611
vn 0.4384 0.3405 0.8318
vn 0.2737 0.2701 0.9231
vn 0.2450 0.0589 -0.9677
vn 0.1280 0.2056 0.9702
vn 0.0459 0.0005 -0.9989
vn -0.0433 0.1666 0.9851
vn -0.1795 -0.0463 -0.9827
vn -0.2783 0.1339 0.9511
vn -0.4626 -0.1306 -0.8769
vn -0.6917 0.0632 0.7194
vn -0.5024 0.1313 0.8546
vn -0.7617 -0.2065 -0.6142
vn -0.8974 -0.2504 -0.3633
vn -0.9425 -0.1530 0.2971
vn -0.9759 -0.2167 0.0248
vn -0.9529 -0.1778 0.2458
vn -0.8583 -0.0421 0.5115
vn -0.9612 -0.2438 -0.1288
vn 0.9347 0.3439 -0.0903
vn 0.9468 0.3050 -0.1022
vn 0.8777 0.2776 -0.3906
vn 0.9227 0.3289 0.2012
vn 0.6535 0.1824 -0.7346
vn 0.8213 0.2225 -0.5254
vn 0.8434 0.3194 0.4322
vn 0.6049 0.2602 0.7526
vn 0.4208 0.1123 -0.9002
vn 0.5536 0.1596 -0.8174
vn 0.4040 0.2367 0.8836
vn 0.2232 0.1429 0.9643
vn 0.1771 0.0543 -0.9827
vn 0.0774 0.0900 0.9929
vn -0.0126 -0.0051 -0.9999
vn -0.0788 0.0495 0.9957
vn -0.2576 -0.0740 -0.9634
vn -0.3087 0.0174 0.9510
vn -0.5527 -0.1736 -0.8151
vn -0.7703 -0.0605 0.6348
vn -0.5771 -0.0161 0.8165
vn -0.8046 -0.2059 -0.5570
vn -0.9395 -0.2561 -0.2276
vn -0.9469 -0.2898 -0.1392
vn -0.9664 -0.2040 0.1566
vn -0.8987 -0.1113 0.4243
vn 0.8580 0.2467 -0.4505
vn 0.9518 0.2771 -0.1315
vn 0.8591 0.3057 0.4105
vn 0.8912 0.2818 0.3555
vn 0.7529 0.2680 0.6011
vn 0.6140 0.1373 -0.7773
vn 0.7856 0.2143 -0.5804
vn 0.5252 0.1906 0.8293
vn 0.5905 0.2100 0.7792
vn 0.3606 0.1579 0.9192
vn 0.3696 0.0767 -0.9260
vn 0.4902 0.1274 -0.8623
vn 0.1672 0.1032 0.9805
vn 0.1257 0.0303 -0.9916
vn 0.0293 0.0567 0.9980
vn -0.0771 -0.0184 -0.9968
vn -0.1172 0.0176 0.9930
vn -0.3341 -0.0849 -0.9387
vn -0.3431 -0.0287 0.9389
vn -0.7095 -0.1778 -0.6819
vn -0.6162 -0.1997 -0.7619
vn -0.8024 -0.2181 -0.5554
vn -0.8153 -0.1528 0.5585
vn -0.6295 -0.0877 0.7720
vn -0.9422 -0.2299 -0.2436
vn -0.9743 -0.2007 0.1024
vn -0.9150 -0.1528 0.3734
vn 0.7869 0.2145 -0.5786
vn 0.8111 0.1922 -0.5524
vn 0.6949 0.1677 -0.6993
vn 0.9528 0.2601 -0.1564
vn 0.8937 0.2762 0.3536
vn 0.7155 0.2582 0.6492
vn 0.5839 0.1232 -0.8024
vn 0.6737 0.0953 -0.7328
vn 0.5538 0.0879 -0.8280
vn 0.5288 0.2205 0.8196
vn 0.3183 0.1674 0.9331
vn 0.3229 0.0459 -0.9453
vn 0.1270 0.1489 0.9807
vn 0.0837 0.0093 -0.9965
vn -0.0057 0.1213 0.9926
vn -0.1461 -0.0401 -0.9885
vn -0.1666 0.0760 0.9831
vn -0.4066 -0.1306 -0.9042
vn -0.3988 0.0042 0.9170
vn -0.7026 -0.2187 -0.6771
vn -0.8556 -0.2515 -0.4525
vn -0.8697 -0.1604 0.4667
vn -0.7049 -0.0561 0.7071
vn -0.9397 -0.2413 -0.2424
vn -0.9772 -0.2022 0.0639
vn -0.9307 -0.1577 0.3301
vn 0.6482 0.1246 -0.7512
vn 0.7830 0.1752 -0.5969
vn 0.9440 0.2637 -0.1981
vn 0.8950 0.2920 0.3372
vn 0.6122 0.2509 0.7499
vn 0.6983 0.2583 0.6675
vn 0.4986 0.2457 0.8313
vn 0.5195 0.0467 -0.8532
vn 0.6257 0.0644 -0.7774
vn 0.3006 0.2422 0.9225
vn 0.2924 0.0160 -0.9562
vn 0.1057 0.2537 0.9615
vn 0.0459 -0.0106 -0.9989
vn -0.0446 0.2291 0.9724
vn -0.2251 -0.0724 -0.9716
vn -0.2386 0.1547 0.9587
vn -0.4966 -0.1746 -0.8502
vn -0.4710 0.0362 0.8814
vn -0.7594 -0.2278 -0.6094
vn -0.8928 -0.2765 -0.3556
vn -0.9234 -0.2575 -0.2848
vn -0.9450 -0.2392 -0.2229
vn -0.9079 -0.1597 0.3875
vn -0.9449 -0.2013 0.2583
vn -0.9234 -0.1477 0.3543
vn -0.7734 -0.0268 0.6333
vn -0.9776 -0.2093 0.0215
vn 0.9393 0.2667 -0.2158
vn 0.9358 0.2859 -0.2061
vn 0.8350 0.2613 -0.4843
vn 0.9040 0.2926 0.3118
vn 0.9171 0.3036 0.2584
vn 0.8120 0.3091 0.4950
vn 0.5923 0.1099 -0.7982
vn 0.7279 0.2084 -0.6532
vn 0.6951 0.3026 0.6521
vn 0.4952 0.2881 0.8196
vn 0.4842 0.0344 -0.8743
vn 0.5711 0.0561 -0.8190
vn 0.3025 0.2998 0.9048
vn 0.2680 0.0065 -0.9634
vn 0.1039 0.3212 0.9413
vn 0.2144 0.3125 0.9254
vn 0.0991 0.2943 0.9506
vn -0.0013 -0.0225 -0.9997
vn -0.0791 0.3077 0.9482
vn -0.0964 0.2548 0.9622
vn -0.3117 -0.0909 -0.9458
vn -0.3432 0.1695 0.9239
vn -0.1800 0.2236 0.9579
vn -0.5884 -0.2184 -0.7786
vn -0.5688 0.0179 0.8223
vn -0.7932 -0.2302 -0.5637
vn -0.8958 -0.2538 -0.3648
vn -0.9686 -0.2466 -0.0320
vn -0.9706 -0.2396 0.0212
vn -0.9546 -0.1564 0.2535
vn -0.8350 -0.0528 0.5476
vn 0.7889 0.2775 -0.5483
vn 0.9198 0.3201 -0.2270
vn 0.9136 0.3232 0.2469
vn 0.7285 0.3404 0.5946
vn 0.7829 0.3158 0.5360
vn 0.6537 0.3157 0.6877
vn 0.5173 0.1026 -0.8497
vn 0.6480 0.2365 -0.7240
vn 0.4889 0.3101 0.8154
vn 0.4450 0.0268 -0.8951
vn 0.5078 0.0525 -0.8599
vn 0.2714 0.3160 0.9091
vn 0.3405 0.3116 0.8871
vn 0.2254 0.2770 0.9341
vn 0.2425 -0.0018 -0.9701
vn 0.0529 0.2306 0.9716
vn -0.0617 -0.0436 -0.9971
vn -0.1516 0.1807 0.9718
vn -0.3901 -0.1343 -0.9109
vn -0.3501 0.1421 0.9259
vn -0.3722 0.1083 0.9218
vn -0.7011 -0.2311 -0.6745
vn -0.6467 -0.2276 -0.7280
vn -0.7974 -0.2633 -0.5430
vn -0.6606 -0.0631 0.7481
vn -0.5700 0.0718 0.8185
vn -0.8978 -0.2677 -0.3497
vn -0.9612 -0.2613 -0.0879
vn -0.9639 -0.2011 0.1744
vn -0.8734 -0.1215 0.4716
vn 0.6768 0.2321 -0.6986
vn 0.7293 0.2095 -0.6513
vn 0.5181 0.1574 -0.8407
vn 0.9249 0.2975 -0.2366
vn 0.9126 0.3374 0.2307
vn 0.7883 0.3269 0.5212
vn 0.6460 0.3193 0.6934
vn 0.4411 0.0777 -0.8941
vn 0.4455 0.2939 0.8457
vn 0.5294 0.3089 0.7902
vn 0.3706 0.2703 0.8886
vn 0.4106 0.0185 -0.9116
vn 0.4492 0.0399 -0.8926
vn 0.1903 0.2342 0.9534
vn 0.2081 -0.0051 -0.9781
vn 0.0055 0.1971 0.9804
vn -0.1393 -0.0624 -0.9883
vn -0.2181 0.1402 0.9658
vn -0.4909 -0.1626 -0.8559
vn -0.4483 0.0488 0.8926
vn -0.7324 -0.2221 -0.6436
vn -0.8508 -0.2779 -0.4459
vn -0.7499 -0.1262 0.6493
vn -0.6689 0.0119 0.7433
vn -0.8995 -0.2804 -0.3351
vn -0.9527 -0.2776 -0.1234
vn -0.9622 -0.2436 0.1216
vn -0.9030 -0.1709 0.3942
vn 0.9239 0.2899 -0.2497
vn 0.9543 0.1952 -0.2263
vn 0.8399 0.1994 -0.5048
vn 0.9166 0.3495 0.1941
vn 0.9556 0.2601 0.1384
vn 0.8817 0.3076 0.3579
vn 0.4751 0.0902 -0.8753
vn 0.6984 0.1442 -0.7011
vn 0.7877 0.3223 0.5251
vn 0.6284 0.2932 0.7205
vn 0.3863 0.0550 -0.9207
vn 0.4883 0.2736 0.8287
vn 0.3417 0.2368 0.9095
vn 0.3871 0.0223 -0.9218
vn 0.4121 0.0373 -0.9104
vn 0.1579 0.2525 0.9546
vn 0.1668 -0.0074 -0.9860
vn -0.0400 0.2316 0.9720
vn -0.2210 -0.0783 -0.9721
vn -0.2981 0.1581 0.9413
vn -0.5829 -0.1852 -0.7911
vn -0.5318 0.0319 0.8463
vn -0.7849 -0.2025 -0.5855
vn -0.8812 -0.2538 -0.3988
vn -0.8973 -0.2825 -0.3393
vn -0.9185 -0.2701 -0.2889
vn -0.8898 -0.1849 0.4173
vn -0.9677 -0.2168 0.1285
vn -0.9130 -0.1477 0.3802
vn -0.7397 -0.0085 0.6729
vn -0.9496 -0.2823 -0.1362
vn -0.9691 -0.2363 0.0711
vn 0.8309 0.0868 -0.5496
vn 0.9523 0.1077 -0.2854
vn 0.9796 0.1900 0.0659
vn 0.8326 0.2873 0.4735
vn 0.8827 0.2704 0.3844
vn 0.7514 0.2894 0.5929
vn 0.4670 0.0562 -0.8825
vn 0.6675 0.0706 -0.7413
vn 0.5674 0.2545 0.7831
vn 0.6250 0.2771 0.7298
vn 0.4683 0.2444 0.8491
vn 0.3661 0.0634 -0.9284
vn 0.3475 0.2232 0.9107
vn 0.3583 0.0458 -0.9325
vn 0.3884 0.0619 -0.9194
vn 0.1743 0.2533 0.9516
vn 0.0998 -0.0083 -0.9950
vn -0.0566 0.2850 0.9568
vn 0.0692 0.2641 0.9620
vn -0.0697 0.2395 0.9684
vn -0.3009 -0.1042 -0.9479
vn -0.3922 0.1539 0.9069
vn -0.1985 0.2088 0.9576
vn -0.6912 -0.1891 -0.6975
vn -0.6125 -0.1908 -0.7671
vn -0.7720 -0.2047 -0.6017
vn -0.6194 0.0054 0.7850
vn -0.8998 -0.2139 -0.3803
vn -0.9607 -0.2192 -0.1704
vn -0.9535 -0.2691 -0.1357
vn -0.9719 -0.2285 0.0558
vn -0.9840 -0.1780 0.0061
vn -0.9483 -0.1141 0.2961
vn -0.7961 -0.0292 0.6045
vn 0.8152 0.0617 -0.5759
vn 0.9333 0.0940 -0.3465
vn 0.9829 0.1806 -0.0370
vn 0.9108 0.2620 0.3192
vn 0.7506 0.2836 0.5968
vn 0.4811 0.0618 -0.8745
vn 0.6548 0.0562 -0.7537
vn 0.6053 0.2770 0.7462
vn 0.4460 0.2408 0.8620
vn 0.3651 0.0960 -0.9260
vn 0.3363 0.2380 0.9112
vn 0.3066 0.0767 -0.9487
vn 0.3621 0.1027 -0.9265
vn 0.1735 0.2352 0.9563
vn 0.2890 0.2343 0.9282
vn 0.1427 0.1948 0.9704
vn -0.0009 -0.0186 -0.9998
vn -0.1195 0.1411 0.9828
vn -0.3968 -0.1465 -0.9061
vn -0.4986 0.0673 0.8642
vn -0.2924 0.1138 0.9495
vn -0.6747 -0.2012 -0.7101
vn -0.8085 -0.2309 -0.5413
vn -0.6906 -0.0838 0.7183
vn -0.9004 -0.2172 -0.3770
vn -0.9596 -0.1952 -0.2026
vn -0.9848 -0.1713 -0.0286
vn -0.9559 -0.1453 0.2553
vn -0.8198 -0.1033 0.5633
vn 0.7985 0.0710 -0.5977
vn 0.9075 0.1226 -0.4018
vn 0.9680 0.2149 -0.1294
vn 0.9200 0.2967 0.2561
vn 0.6781 0.2700 0.6836
vn 0.7430 0.2900 0.6032
vn 0.5711 0.2739 0.7738
vn 0.4996 0.0580 -0.8643
vn 0.6508 0.0627 -0.7567
vn 0.4364 0.2585 0.8618
vn 0.3954 0.1258 -0.9098
vn 0.4785 0.0871 -0.8738
vn 0.4339 0.0938 -0.8961
vn 0.3089 0.2329 0.9221
vn 0.3511 0.2543 0.9011
vn 0.2515 0.2033 0.9463
vn 0.2276 0.0471 -0.9726
vn 0.0827 0.1156 0.9899
vn -0.1344 -0.0656 -0.9888
vn -0.1847 0.0469 0.9817
vn -0.5075 -0.2159 -0.8342
vn -0.6070 -0.0452 0.7934
vn -0.3911 -0.0206 0.9201
vn -0.7303 -0.2446 -0.6378
vn -0.8213 -0.2831 -0.4953
vn -0.8714 -0.2543 -0.4194
vn -0.8825 -0.2597 -0.3921
vn -0.7578 -0.1510 0.6348
vn -0.8516 -0.1915 0.4879
vn -0.7814 -0.1550 0.6045
vn -0.9443 -0.2343 -0.2309
vn -0.9736 -0.2239 -0.0445
vn -0.9478 -0.2089 0.2408
vn 0.9424 0.2719 -0.1949
vn 0.9313 0.2877 -0.2235
vn 0.8991 0.2527 -0.3575
vn 0.9143 0.3481 0.2069
vn 0.9241 0.3403 0.1736
vn 0.8275 0.3409 0.4461
vn 0.7595 0.0834 -0.6451
vn 0.8661 0.1871 -0.4634
vn 0.7350 0.3235 0.5959
vn 0.5534 0.2953 0.7788
vn 0.4930 0.0076 -0.8700
vn 0.6154 0.0630 -0.7857
vn 0.3795 0.2633 0.8869
vn 0.4296 0.2848 0.8569
vn 0.3061 0.2340 0.9228
vn 0.4145 -0.0346 -0.9094
vn 0.4803 -0.0205 -0.8769
vn 0.1757 0.1367 0.9749
vn 0.1424 -0.0976 -0.9850
vn -0.0006 0.0566 0.9984
vn -0.2419 -0.1967 -0.9502
vn -0.2494 -0.0110 0.9684
vn -0.6229 -0.2391 -0.7449
vn -0.5269 -0.2799 -0.8025
vn -0.6781 -0.2862 -0.6770
vn -0.6802 -0.1097 0.7248
vn -0.4681 -0.0791 0.8801
vn -0.8266 -0.2943 -0.4797
vn -0.8719 -0.2935 -0.3920
vn -0.8701 -0.2216 0.4403
vn -0.8254 -0.1743 0.5370
vn -0.9210 -0.2972 -0.2517
vn -0.9576 -0.2824 -0.0565
vn -0.9438 -0.2476 0.2189
vn 0.8776 0.2228 -0.4245
vn 0.9312 0.2492 -0.2660
vn 0.9448 0.2990 0.1341
vn 0.7505 0.3455 0.5634
vn 0.8010 0.3194 0.5064
vn 0.6630 0.3151 0.6790
vn 0.6538 0.0852 -0.7519
vn 0.7069 0.0507 -0.7055
vn 0.5639 0.0369 -0.8250
vn 0.8217 0.1729 -0.5431
vn 0.5310 0.2630 0.8056
vn 0.4417 -0.0352 -0.8965
vn 0.3749 0.2380 0.8960
vn 0.2301 0.1564 0.9605
vn 0.3496 -0.1862 -0.9182
vn 0.4279 -0.1375 -0.8933
vn 0.0944 0.0812 0.9922
vn 0.0549 -0.2736 -0.9603
vn -0.0717 0.0084 0.9974
vn -0.3265 -0.3616 -0.8733
vn -0.2997 -0.0469 0.9529
vn -0.5687 -0.3779 -0.7306
vn -0.7048 -0.3502 -0.6169
vn -0.7309 -0.1519 0.6653
vn -0.5435 -0.1115 0.8320
vn -0.8234 -0.3273 -0.4636
vn -0.9039 -0.3158 -0.2886
vn -0.9103 -0.3275 -0.2530
vn -0.9476 -0.3100 -0.0774
vn -0.9522 -0.2878 -0.1024
vn -0.9435 -0.2586 0.2074
vn -0.9542 -0.2382 0.1812
vn -0.8582 -0.1750 0.4825
vn 0.8082 0.1552 -0.5681
vn 0.8382 0.1116 -0.5339
vn 0.7293 0.1029 -0.6764
vn 0.9344 0.1655 -0.3155
vn 0.9648 0.2547 0.0654
vn 0.8252 0.2976 0.4801
vn 0.6478 0.2945 0.7026
vn 0.5032 0.0083 -0.8641
vn 0.6604 0.0337 -0.7502
vn 0.4626 0.2211 0.8586
vn 0.5156 0.2601 0.8164
vn 0.3224 0.1837 0.9286
vn 0.3550 -0.0842 -0.9311
vn 0.1647 0.0911 0.9821
vn 0.2564 -0.2095 -0.9436
vn 0.1746 -0.2092 -0.9621
vn 0.0242 0.0258 0.9994
vn -0.0050 -0.3170 -0.9484
vn -0.0639 -0.3263 -0.9431
vn -0.1342 -0.0351 0.9903
vn -0.3831 -0.4074 -0.8290
vn -0.4346 -0.3691 -0.8215
vn -0.3499 -0.0905 0.9324
vn -0.7524 -0.3622 -0.5502
vn -0.6880 -0.3348 -0.6439
vn -0.7939 -0.3089 -0.5238
vn -0.7666 -0.2103 0.6067
vn -0.6045 -0.1516 0.7821
vn -0.9015 -0.2685 -0.3394
vn -0.9613 -0.2349 -0.1438
vn -0.9617 -0.2211 0.1622
vn -0.8656 -0.2008 0.4586
vn 0.9638 0.2660 -0.0170
vn 0.9740 0.2186 -0.0600
vn 0.9319 0.1754 -0.3174
vn 0.9404 0.2486 0.2323
vn 0.7123 0.0390 -0.7008
vn 0.8293 0.0495 -0.5566
vn 0.9166 0.1088 -0.3846
vn 0.8433 0.2777 0.4602
vn 0.6242 0.2417 0.7430
vn 0.4619 -0.0038 -0.8869
vn 0.6223 0.0091 -0.7827
vn 0.4404 0.2094 0.8730
vn 0.2421 0.1153 0.9634
vn 0.2638 -0.0522 -0.9632
vn 0.0915 0.0487 0.9946
vn 0.0728 -0.1364 -0.9880
vn -0.0330 -0.0043 0.9994
vn -0.1696 -0.2327 -0.9577
vn -0.1997 -0.0636 0.9778
vn -0.4772 -0.2680 -0.8369
vn -0.4071 -0.1326 0.9037
vn -0.6893 -0.2549 -0.6781
vn -0.7902 -0.2515 -0.5588
vn -0.8097 -0.2273 0.5411
vn -0.8576 -0.2524 0.4481
vn -0.7966 -0.2437 0.5532
vn -0.6494 -0.1721 0.7407
vn -0.8873 -0.2429 -0.3920
vn -0.9608 -0.2179 -0.1713
vn -0.9554 -0.2358 0.1780
vn 0.9032 0.1170 -0.4130
vn 0.9751 0.1778 -0.1325
vn 0.8686 0.2588 0.4226
vn 0.9128 0.2254 0.3405
vn 0.7774 0.2450 0.5793
vn 0.7030 0.0086 -0.7111
vn 0.8120 0.0188 -0.5834
vn 0.8877 0.0688 -0.4553
vn 0.5347 0.1888 0.8237
vn 0.6069 0.2187 0.7641
vn 0.3691 0.1595 0.9156
vn 0.4473 -0.0056 -0.8944
vn 0.6078 -0.0017 -0.7941
vn 0.1832 0.0738 0.9803
vn 0.2208 -0.0268 -0.9750
vn 0.0402 0.0195 0.9990
vn -0.0014 -0.0744 -0.9972
vn -0.0802 -0.0179 0.9966
vn -0.2446 -0.1329 -0.9605
vn -0.2669 -0.0675 0.9613
vn -0.5094 -0.1885 -0.8396
vn -0.5133 -0.1803 0.8391
vn -0.6783 -0.2116 0.7036
vn -0.4755 -0.1596 0.8651
vn -0.7009 -0.1937 -0.6865
vn -0.8487 -0.2326 -0.4749
vn -0.8743 -0.2466 -0.4181
vn -0.9215 -0.2338 -0.3101
vn -0.8682 -0.2481 0.4297
vn -0.8159 -0.2333 0.5291
vn -0.9574 -0.2345 -0.1682
vn -0.9475 -0.2506 0.1988
vn 0.8698 0.0655 -0.4890
vn 0.9697 0.1372 -0.2020
vn 0.9372 0.1766 0.3008
vn 0.7841 0.2073 0.5850
vn 0.6968 0.0053 -0.7173
vn 0.7988 0.0119 -0.6014
vn 0.8576 0.0409 -0.5126
vn 0.5752 0.1898 0.7957
vn 0.2975 0.1103 0.9483
vn 0.4438 -0.0000 -0.8961
vn 0.6043 0.0008 -0.7967
vn 0.1181 0.0488 0.9918
vn 0.1959 -0.0081 -0.9806
vn 0.0013 0.0097 1.0000
vn -0.0544 -0.0444 -0.9975
vn -0.1185 -0.0166 0.9928
vn -0.2939 -0.1005 -0.9505
vn -0.3217 -0.0546 0.9453
vn -0.5994 -0.1722 -0.7817
vn -0.5127 -0.1593 -0.8437
vn -0.6949 -0.1947 -0.6922
vn -0.7384 -0.1717 0.6521
vn -0.5573 -0.1193 0.8217
vn -0.8608 -0.2235 -0.4573
vn -0.9518 -0.2595 -0.1636
vn -0.9556 -0.2437 -0.1653
vn -0.9431 -0.2504 0.2187
vn -0.9433 -0.2519 0.2162
vn -0.8420 -0.1937 0.5035
vn 0.8390 0.0416 -0.5426
vn 0.9590 0.1197 -0.2570
vn 0.9472 0.1622 0.2766
vn 0.7809 0.1911 0.5947
vn 0.6928 0.0022 -0.7211
vn 0.7907 0.0060 -0.6121
vn 0.8360 0.0256 -0.5482
vn 0.5348 0.1695 0.8278
vn 0.2473 0.0634 0.9669
vn 0.4427 -0.0013 -0.8967
vn 0.6028 0.0004 -0.7979
vn 0.0784 0.0208 0.9967
vn 0.1743 -0.0136 -0.9846
vn -0.0186 0.0015 0.9998
vn -0.1096 -0.0638 -0.9919
vn -0.1428 -0.0121 0.9897
vn -0.3563 -0.1380 -0.9241
vn -0.3602 -0.0363 0.9322
vn -0.5787 -0.1906 -0.7929
vn -0.7351 -0.2478 -0.6310
vn -0.7877 -0.1394 0.6001
vn -0.6229 -0.0782 0.7784
vn -0.8620 -0.2672 -0.4308
vn -0.9459 -0.2737 -0.1743
vn -0.9546 -0.2348 0.1835
vn -0.8744 -0.1587 0.4586
vn 0.8017 0.0489 -0.5958
vn 0.9334 0.1608 -0.3207
vn 0.9464 0.2197 0.2369
vn 0.6416 0.1661 0.7488
vn 0.7311 0.1872 0.6561
vn 0.4087 0.1265 0.9039
vn 0.6907 0.0004 -0.7231
vn 0.7833 0.0047 -0.6216
vn 0.8118 0.0323 -0.5830
vn 0.1968 0.0546 0.9789
vn 0.4362 -0.0035 -0.8998
vn 0.6025 -0.0000 -0.7981
vn 0.0495 0.0183 0.9986
vn 0.1375 -0.0282 -0.9901
vn -0.0276 0.0125 0.9995
vn -0.1799 -0.0811 -0.9803
vn -0.1601 0.0063 0.9871
vn -0.4406 -0.1884 -0.8777
vn -0.3874 -0.0184 0.9217
vn -0.6367 -0.2297 -0.7361
vn -0.7982 -0.3045 -0.5198
vn -0.8349 -0.2959 -0.4641
vn -0.8819 -0.2998 -0.3637
vn -0.8293 -0.1378 0.5415
vn -0.6739 -0.0526 0.7369
vn -0.9362 -0.2793 -0.2135
vn -0.9620 -0.2404 0.1294
vn -0.9058 -0.1513 0.3957
vn 0.7536 0.0787 -0.6526
vn 0.9015 0.2226 -0.3711
vn 0.9361 0.2817 0.2106
vn 0.6945 0.2042 0.6899
vn 0.3346 0.1066 0.9363
vn 0.6859 0.0056 -0.7276
vn 0.7708 0.0161 -0.6369
vn 0.7798 0.0583 -0.6233
vn 0.1501 0.0472 0.9875
vn 0.4202 -0.0122 -0.9074
vn 0.6023 -0.0039 -0.7982
vn 0.0408 0.0327 0.9986
vn 0.0850 -0.0613 -0.9945
vn -0.0240 0.0416 0.9988
vn -0.2450 -0.1402 -0.9593
vn -0.1828 0.0273 0.9828
vn -0.5552 -0.2146 -0.8035
vn -0.5048 -0.2153 -0.8359
vn -0.6650 -0.2646 -0.6984
vn -0.4210 -0.0270 0.9066
vn -0.8123 -0.3066 -0.4962
vn -0.8770 -0.3156 -0.3623
vn -0.8913 -0.1530 0.4268
vn -0.9348 -0.2554 0.2467
vn -0.9026 -0.1871 0.3877
vn -0.7270 -0.0671 0.6834
vn -0.9153 -0.3212 -0.2429
vn -0.9560 -0.2872 0.0604
vn 0.8925 0.2268 -0.3899
vn 0.8910 0.2108 -0.4020
vn 0.6856 0.1627 -0.7096
vn 0.9319 0.3070 0.1930
vn 0.9578 0.2508 0.1401
vn 0.8419 0.2953 0.4517
vn 0.7454 0.0912 -0.6604
vn 0.6979 0.1210 -0.7059
vn 0.7350 0.1008 -0.6706
vn 0.6340 0.2323 0.7377
vn 0.2758 0.1000 0.9560
vn 0.6657 0.0102 -0.7462
vn 0.7474 0.0391 -0.6632
vn 0.1227 0.0757 0.9896
vn 0.3832 -0.0536 -0.9221
vn 0.5914 -0.0389 -0.8054
vn 0.0488 0.0834 0.9953
vn 0.0124 -0.1157 -0.9932
vn -0.0277 0.0857 0.9959
vn -0.3370 -0.2042 -0.9191
vn -0.2461 0.0281 0.9688
vn -0.5751 -0.2554 -0.7772
vn -0.7070 -0.3063 -0.6374
vn -0.4918 -0.0900 0.8660
vn -0.8124 -0.3220 -0.4861
vn -0.9022 -0.3337 -0.2734
vn -0.9084 -0.3413 -0.2416
vn -0.9403 -0.3375 0.0446
vn -0.9457 -0.3251 0.0048
vn -0.9246 -0.2448 0.2918
vn -0.7788 -0.1339 0.6128
vn 0.6816 0.1373 -0.7188
vn 0.8944 0.1593 -0.4179
vn 0.9745 0.1772 0.1376
vn 0.6896 0.1932 0.6980
vn 0.7806 0.1627 0.6034
vn 0.4631 0.1314 0.8765
vn 0.7018 0.1400 -0.6985
vn 0.6787 0.1477 -0.7194
vn 0.2557 0.1016 0.9614
vn 0.6047 0.0100 -0.7964
vn 0.6988 0.0704 -0.7119
vn 0.1260 0.1005 0.9869
vn 0.3714 -0.0712 -0.9257
vn 0.3520 -0.1322 -0.9266
vn 0.0592 0.1132 0.9918
vn -0.0511 -0.2140 -0.9755
vn 0.1556 -0.1917 -0.9690
vn -0.0723 0.0828 0.9939
vn -0.4478 -0.2525 -0.8578
vn -0.3163 -0.2841 -0.9051
vn -0.5270 -0.3022 -0.7943
vn -0.3512 -0.0251 0.9360
vn -0.7813 -0.3330 -0.5279
vn -0.7590 -0.3143 -0.5702
vn -0.8428 -0.3170 -0.4349
vn -0.6700 -0.1750 0.7214
vn -0.8412 -0.3059 0.4459
vn -0.6863 -0.2212 0.6928
vn -0.9068 -0.3137 -0.2817
vn -0.9460 -0.3228 -0.0310
vn -0.9277 -0.2935 0.2308
vn 0.7083 0.1078 -0.6976
vn 0.9067 0.1034 -0.4089
vn 0.9860 0.1101 0.1255
vn 0.7941 0.1115 0.5974
vn 0.4551 0.0901 0.8859
vn 0.6724 0.1544 -0.7239
vn 0.6949 0.1366 -0.7060
vn 0.2487 0.0928 0.9641
vn 0.4929 0.0043 -0.8701
vn 0.6209 0.0937 -0.7783
vn 0.1303 0.0997 0.9864
vn 0.2426 -0.1785 -0.9536
vn 0.0404 0.0875 0.9953
vn -0.1192 -0.2696 -0.9556
vn -0.1894 -0.3101 -0.9317
vn -0.1684 0.0141 0.9856
vn -0.5536 -0.3023 -0.7760
vn -0.4772 -0.1163 0.8711
vn -0.7615 -0.2877 -0.5808
vn -0.9026 -0.2785 -0.3283
vn -0.9072 -0.3053 -0.2895
vn -0.9526 -0.2643 -0.1509
vn -0.9088 -0.3392 0.2430
vn -0.9539 -0.2807 0.1058
vn -0.9229 -0.2881 0.2556
vn -0.7706 -0.2243 0.5965
vn -0.9633 -0.2673 -0.0247
vn 0.7385 0.0725 -0.6703
vn 0.9170 0.0620 -0.3940
vn 0.9915 0.0686 0.1103
vn 0.8045 0.0784 0.5887
vn 0.4528 0.0584 0.8897
vn 0.6500 0.1213 -0.7502
vn 0.7256 0.0912 -0.6821
vn 0.2541 0.0599 0.9653
vn 0.3624 -0.0005 -0.9320
vn 0.5306 0.0889 -0.8429
vn 0.1262 0.0632 0.9900
vn 0.0886 -0.1488 -0.9849
vn -0.0129 0.0321 0.9994
vn -0.2657 -0.2416 -0.9333
vn -0.2829 -0.0537 0.9577
vn -0.5490 -0.2591 -0.7946
vn -0.5804 -0.1604 0.7983
vn -0.7266 -0.2494 -0.6403
vn -0.9022 -0.1928 -0.3857
vn -0.9840 -0.1771 -0.0207
vn -0.9791 -0.2021 -0.0208
vn -0.9377 -0.1925 0.2894
vn -0.8044 -0.1864 0.5641
vn 0.7549 0.0498 -0.6540
vn 0.9175 0.0613 -0.3931
vn 0.9921 0.0908 0.0868
vn 0.8048 0.1002 0.5850
vn 0.4443 0.0687 0.8932
vn 0.6346 0.0505 -0.7712
vn 0.7407 0.0501 -0.6699
vn 0.2594 0.0792 0.9625
vn 0.2691 -0.0170 -0.9630
vn 0.4701 0.0385 -0.8818
vn 0.1118 0.1031 0.9884
vn -0.0267 -0.1078 -0.9938
vn -0.0785 0.0704 0.9944
vn -0.3206 -0.1804 -0.9299
vn -0.3860 -0.0291 0.9221
vn -0.6354 -0.2438 -0.7327
vn -0.5328 -0.2130 -0.8190
vn -0.6940 -0.2116 -0.6882
vn -0.6403 -0.1390 0.7554
vn -0.8849 -0.1797 -0.4296
vn -0.9871 -0.1564 -0.0347
vn -0.9359 -0.1478 0.3196
vn -0.8096 -0.1440 0.5691
vn 0.7451 0.0573 -0.6645
vn 0.9007 0.1115 -0.4199
vn 0.9821 0.1842 0.0389
vn 0.7915 0.2068 0.5751
vn 0.4460 0.1635 0.8800
vn 0.6042 -0.0381 -0.7959
vn 0.7186 0.0375 -0.6944
vn 0.2801 0.2104 0.9367
vn 0.2192 -0.0752 -0.9728
vn 0.4301 -0.0555 -0.9011
vn 0.1245 0.1685 0.9778
vn 0.2335 0.2485 0.9401
vn 0.1466 0.2919 0.9452
vn -0.0994 -0.1191 -0.9879
vn -0.1073 0.1591 0.9814
vn -0.1433 0.2412 0.9598
vn -0.3731 -0.1735 -0.9114
vn -0.4979 0.0792 0.8636
vn -0.2915 0.1710 0.9412
vn -0.5563 -0.2008 -0.8064
vn -0.6906 -0.2109 -0.6918
vn -0.7144 -0.1200 0.6894
vn -0.8382 -0.1417 0.5267
vn -0.7202 -0.1033 0.6861
vn -0.8633 -0.2127 -0.4578
vn -0.9760 -0.2072 -0.0670
vn -0.9403 -0.1586 0.3013
vn 0.9653 0.2603 -0.0226
vn 0.9589 0.2788 -0.0531
vn 0.9449 0.2412 -0.2214
vn 0.8106 0.2890 0.5094
vn 0.8459 0.3161 0.4296
vn 0.6034 0.2876 0.7438
vn 0.7049 0.0862 -0.7040
vn 0.8621 0.1918 -0.4691
vn 0.4638 0.3226 0.8252
vn 0.5286 -0.1042 -0.8425
vn 0.6467 0.0518 -0.7610
vn 0.3070 0.3491 0.8854
vn 0.3931 0.3767 0.8388
vn 0.3456 0.4608 0.8174
vn 0.1871 -0.1746 -0.9667
vn 0.3755 -0.1695 -0.9112
vn 0.1001 0.4677 0.8782
vn -0.1312 -0.2081 -0.9693
vn -0.2547 0.3674 0.8945
vn -0.4558 -0.1948 -0.8685
vn -0.3452 -0.2490 -0.9049
vn -0.5026 -0.2500 -0.8276
vn -0.6528 0.1712 0.7379
vn -0.4714 0.2619 0.8421
vn -0.6952 -0.2475 -0.6749
vn -0.8792 -0.1456 0.4537
vn -0.8194 -0.0698 0.5690
vn -0.8532 -0.2528 -0.4562
vn -0.9597 -0.2619 -0.1018
vn -0.9518 -0.1863 0.2435
vn 0.5975 0.7873 -0.1523
vn 0.7513 0.6468 -0.1312
vn 0.6201 0.7603 -0.1935
vn 0.6218 0.7755 -0.1090
vn 0.7877 0.6133 -0.0589
vn 0.2492 0.8698 -0.4259
vn 0.3603 0.8411 -0.4034
vn 0.2327 0.8408 -0.4888
vn 0.3120 0.8972 -0.3125
vn 0.4724 0.8426 -0.2585
vn 0.3249 0.9263 -0.1909
vn 0.3100 0.9412 -0.1346
vn 0.0551 0.8797 -0.4723
vn 0.0663 0.8422 -0.5351
vn 0.0438 0.9475 -0.3168
vn -0.0128 0.9873 -0.1580
vn -0.0653 0.9952 -0.0724
vn -0.1256 0.8925 -0.4331
vn -0.1066 0.8729 -0.4761
vn -0.2058 0.9450 -0.2541
vn -0.2694 0.9591 -0.0865
vn -0.2980 0.9544 -0.0162
vn -0.1788 0.9201 -0.3485
vn -0.2842 0.9202 -0.2691
vn -0.3249 0.9262 -0.1912
vn -0.3528 0.9334 -0.0653
vn -0.3411 0.9393 -0.0363
vn -0.3076 0.9421 -0.1334
vn -0.3649 0.9286 -0.0671
vn -0.3037 0.9501 -0.0710
vn -0.3047 0.9495 -0.0743
vn -0.2636 0.9628 -0.0593
vn 0.8403 0.2271 -0.4922
vn 0.8432 0.2056 -0.4968
vn 0.6858 0.1647 -0.7089
vn 0.9449 0.3024 -0.1255
vn 0.8688 0.3578 0.3423
vn 0.6381 0.3702 0.6751
vn 0.6172 0.0955 -0.7810
vn 0.6521 0.0894 -0.7528
vn 0.5489 0.0559 -0.8340
vn 0.4675 0.4539 0.7586
vn 0.5221 0.4495 0.7248
vn 0.4983 0.5070 0.7034
vn 0.4095 -0.1198 -0.9044
vn 0.3257 0.5823 0.7449
vn 0.1554 -0.2264 -0.9616
vn 0.1308 -0.2605 -0.9566
vn 0.0185 0.5508 0.8344
vn 0.1896 0.5734 0.7970
vn -0.0170 0.4985 0.8667
vn -0.1688 -0.2813 -0.9447
vn -0.1853 -0.3085 -0.9330
vn -0.3923 0.3774 0.8388
vn -0.1838 0.4496 0.8741
vn -0.5002 -0.2789 -0.8198
vn -0.6212 0.1919 0.7598
vn -0.6598 0.1658 0.7329
vn -0.8019 -0.2914 -0.5216
vn -0.7755 -0.3000 -0.5555
vn -0.9043 -0.2820 -0.3204
vn -0.9230 -0.1290 0.3625
vn -0.9019 -0.0370 0.4304
vn -0.8280 0.1038 0.5510
vn -0.9552 -0.2557 -0.1492
vn -0.9735 -0.1606 0.1627
vn 0.3279 0.8958 -0.3000
vn 0.4744 0.8483 -0.2352
vn 0.2739 0.9136 -0.3005
vn 0.4594 0.8369 -0.2977
vn 0.6053 0.7853 -0.1300
vn 0.6219 0.7592 -0.1919
vn 0.7000 0.7126 -0.0479
vn 0.7724 0.6343 -0.0322
vn 0.8173 0.5761 0.0090
vn 0.1425 0.8943 -0.4241
vn 0.0693 0.9046 -0.4205
vn 0.0765 0.8792 -0.4703
vn 0.0555 0.8863 -0.4597
vn 0.0775 0.8692 -0.4883
vn 0.0769 0.8723 -0.4829
vn 0.1109 0.8892 -0.4439
vn 0.1274 0.8760 -0.4651
vn 0.0222 0.9087 -0.4169
vn 0.0789 0.9222 -0.3785
vn 0.1046 0.8941 -0.4354
vn 0.0074 0.9522 -0.3054
vn -0.1723 0.9565 -0.2355
vn -0.0529 0.9374 -0.3443
vn -0.0584 0.8942 -0.4439
vn -0.0774 0.9722 -0.2208
vn -0.1470 0.9814 -0.1233
vn -0.2333 0.9693 -0.0780
vn -0.2932 0.9541 -0.0605
vn -0.2345 0.9053 -0.3541
vn -0.2556 0.8544 -0.4524
vn -0.1605 0.9597 -0.2307
vn -0.1024 0.9887 -0.1098
vn -0.1184 0.9925 -0.0297
vn -0.1993 0.9799 0.0036
vn -0.2738 0.9614 0.0275
vn -0.3348 0.8420 -0.4230
vn -0.3142 0.8410 -0.4404
vn -0.2474 0.9121 -0.3268
vn -0.1535 0.9746 -0.1633
vn -0.1306 0.9912 0.0213
vn -0.2043 0.9709 0.1252
vn -0.2927 0.9390 0.1807
vn -0.3669 0.8325 -0.4152
vn -0.4105 0.8298 -0.3781
vn -0.3448 0.9091 -0.2337
vn -0.3309 0.9434 0.0239
vn -0.3606 0.9114 0.1983
vn -0.4123 0.8728 0.2613
vn -0.5500 0.7942 -0.2583
vn -0.5605 0.8276 0.0288
vn -0.5201 0.8276 0.2112
vn -0.5059 0.8260 0.2485
vn 0.6421 0.1205 -0.7571
vn 0.8262 0.1697 -0.5372
vn 0.9492 0.2395 -0.2042
vn 0.9200 0.3026 0.2491
vn 0.6412 0.4606 0.6138
vn 0.7379 0.3668 0.5666
vn 0.6590 0.4065 0.6329
vn 0.4470 0.0300 -0.8940
vn 0.5873 0.0640 -0.8069
vn 0.4803 0.5446 0.6876
vn 0.5545 0.4702 0.6866
vn 0.4685 0.4564 0.7565
vn 0.2725 -0.0967 -0.9573
vn 0.2931 0.5744 0.7643
vn 0.2354 0.4608 0.8557
vn 0.0464 -0.2197 -0.9745
vn -0.1293 0.3989 0.9078
vn -0.2230 -0.2943 -0.9293
vn -0.4189 0.3416 0.8414
vn -0.4650 0.2767 0.8410
vn -0.4880 -0.3023 -0.8188
vn -0.7618 0.1160 0.6374
vn -0.6748 0.2247 0.7030
vn -0.7419 -0.3181 -0.5902
vn -0.9169 -0.2641 -0.2991
vn -0.9538 -0.2429 -0.1768
vn -0.9774 -0.1647 0.1324
vn -0.9853 -0.1606 0.0583
vn -0.9456 -0.0435 0.3224
vn -0.8820 0.0508 0.4685
vn 0.5987 0.7997 -0.0455
vn 0.7617 0.6468 -0.0383
vn 0.6218 0.7736 -0.1223
vn 0.6976 0.7163 0.0128
vn 0.2855 0.9057 -0.3132
vn 0.4777 0.8249 -0.3021
vn 0.2633 0.8473 -0.4612
vn 0.3904 0.9071 -0.1573
vn 0.5057 0.8540 -0.1225
vn 0.6719 0.7406 0.0066
vn 0.6158 0.7851 -0.0664
vn 0.7207 0.6931 0.0132
vn 0.6901 0.7233 -0.0258
vn 0.7546 0.6543 0.0499
vn 0.7478 0.6638 0.0079
vn 0.7746 0.6282 0.0728
vn 0.7801 0.6250 0.0287
vn 0.7877 0.6101 0.0856
vn 0.0599 0.9112 -0.4075
vn 0.0025 0.8383 -0.5452
vn 0.1856 0.9319 -0.3117
vn -0.0154 0.8795 -0.4757
vn -0.0266 0.8406 -0.5410
vn 0.0532 0.8990 -0.4347
vn 0.0728 0.8697 -0.4881
vn 0.1016 0.8508 -0.5156
vn 0.1686 0.8543 -0.4917
vn 0.1661 0.8501 -0.4997
vn 0.1593 0.8367 -0.5240
vn 0.1485 0.8706 -0.4690
vn 0.0813 0.8607 -0.5027
vn 0.0691 0.8376 -0.5419
vn 0.1078 0.8779 -0.4666
vn -0.1211 0.8408 -0.5277
vn -0.1285 0.8208 -0.5565
vn -0.0735 0.8685 -0.4902
vn -0.2485 0.8094 -0.5321
vn -0.3479 0.7752 -0.5273
vn -0.3040 0.8059 -0.5081
vn -0.4744 0.7176 -0.5099
vn -0.4842 0.7005 -0.5242
vn -0.3922 0.7609 -0.5169
vn -0.5070 0.6869 -0.5206
vn -0.5115 0.6572 -0.5535
vn -0.4979 0.6815 -0.5364
vn -0.4728 0.7417 -0.4757
vn -0.5709 0.6307 -0.5257
vn -0.6077 0.6053 -0.5141
vn -0.6121 0.6404 -0.4639
vn -0.6706 0.6946 -0.2603
vn -0.6852 0.7281 0.0184
vn -0.6451 0.7443 0.1727
vn -0.6242 0.7584 0.1878
vn -0.6918 0.5824 -0.4269
vn -0.7744 0.5926 -0.2216
vn -0.8125 0.5830 0.0011
vn -0.7995 0.5879 0.1228
vn -0.7739 0.6159 0.1474
vn 0.9472 0.2529 0.1973
vn 0.9625 0.1969 0.1864
vn 0.9725 0.1771 -0.1510
vn 0.8512 0.1775 0.4939
vn 0.6131 0.0619 -0.7876
vn 0.8159 0.1026 -0.5690
vn 0.9564 0.1489 -0.2511
vn 0.8164 0.2359 0.5270
vn 0.7288 0.3250 0.6026
vn 0.3827 0.0094 -0.9238
vn 0.5412 0.0305 -0.8403
vn 0.6142 0.3572 0.7037
vn 0.4730 0.3522 0.8076
vn 0.1671 -0.0669 -0.9837
vn 0.1965 0.3826 0.9028
vn 0.3761 0.3393 0.8622
vn 0.1554 0.2931 0.9434
vn -0.0629 -0.1678 -0.9838
vn -0.1912 0.3188 0.9283
vn -0.2007 0.2335 0.9514
vn -0.2899 -0.2605 -0.9209
vn -0.5359 0.1602 0.8289
vn -0.3980 0.2204 0.8905
vn -0.6268 -0.3401 -0.7010
vn -0.5105 -0.3319 -0.7932
vn -0.7137 -0.3309 -0.6174
vn -0.8317 0.0620 0.5517
vn -0.7376 0.1185 0.6648
vn -0.8825 -0.2632 -0.3898
vn -0.9810 -0.1864 -0.0540
vn -0.9727 -0.0690 0.2214
vn -0.9166 0.0069 0.3998
vn 0.5074 0.7496 -0.4249
vn 0.6896 0.6382 -0.3423
vn 0.4652 0.7376 -0.4894
vn 0.6306 0.7421 -0.2273
vn 0.7926 0.6022 -0.0956
vn 0.8393 0.5428 0.0317
vn 0.7918 0.6103 0.0248
vn 0.8627 0.5016 0.0645
vn 0.8190 0.5732 0.0262
vn 0.8700 0.4916 0.0375
vn 0.8306 0.5539 0.0576
vn 0.8725 0.4863 0.0479
vn 0.8261 0.5586 0.0741
vn 0.8673 0.4947 0.0558
vn 0.8238 0.5615 0.0781
vn 0.8631 0.5006 0.0668
vn 0.1646 0.8150 -0.5556
vn 0.3095 0.8114 -0.4959
vn 0.1607 0.8735 -0.4595
vn 0.2210 0.8232 -0.5230
vn 0.0092 0.8324 -0.5541
vn 0.0165 0.9017 -0.4320
vn 0.0004 0.8080 -0.5892
vn 0.0312 0.8565 -0.5151
vn 0.0467 0.9183 -0.3932
vn -0.0167 0.8214 -0.5702
vn 0.1520 0.8664 -0.4757
vn 0.1614 0.9137 -0.3729
vn 0.1117 0.8356 -0.5379
vn 0.1634 0.8977 -0.4092
vn 0.2158 0.8961 -0.3878
vn 0.1436 0.8953 -0.4216
vn 0.1720 0.8694 -0.4633
vn 0.0029 0.8910 -0.4539
vn -0.0145 0.8741 -0.4855
vn 0.0487 0.8695 -0.4916
vn -0.2128 0.8480 -0.4853
vn -0.2187 0.8343 -0.5061
vn -0.1512 0.8388 -0.5231
vn -0.3289 0.8110 -0.4839
vn -0.3864 0.7775 -0.4962
vn -0.3645 0.7700 -0.5237
vn -0.3669 0.7617 -0.5341
vn -0.4826 0.7215 -0.4965
vn -0.5183 0.6946 -0.4990
vn -0.5076 0.6938 -0.5109
vn -0.5610 0.6612 -0.4981
vn -0.5681 0.6276 -0.5324
vn -0.5934 0.6194 -0.5140
vn -0.6195 0.5846 -0.5239
vn -0.6158 0.5792 -0.5342
vn -0.6209 0.5501 -0.5584
vn -0.6546 0.5490 -0.5197
vn -0.7394 0.5450 -0.3953
vn -0.8043 0.5165 -0.2938
vn -0.8211 0.5408 -0.1826
vn -0.8663 0.4992 0.0185
vn -0.8732 0.4718 0.1219
vn -0.8747 0.4637 0.1414
vn -0.8659 0.4789 -0.1444
vn -0.9117 0.4076 0.0511
vn -0.9215 0.3680 0.1239
vn -0.9192 0.3721 0.1292
vn 0.9527 0.1253 -0.2768
vn 0.9560 0.1022 -0.2751
vn 0.9194 0.0978 -0.3809
vn 0.9805 0.1254 0.1515
vn 0.8809 0.1411 0.4518
vn 0.5855 0.0107 -0.8106
vn 0.7986 0.0586 -0.5990
vn 0.8662 0.1688 0.4703
vn 0.7080 0.2791 0.6487
vn 0.7854 0.2251 0.5767
vn 0.6441 0.2358 0.7277
vn 0.3461 -0.0377 -0.9375
vn 0.5155 -0.0227 -0.8566
vn 0.4696 0.2635 0.8427
vn 0.0904 -0.0882 -0.9920
vn 0.3171 0.2408 0.9173
vn 0.0982 0.1750 0.9797
vn -0.1613 -0.1564 -0.9744
vn -0.2404 0.1227 0.9629
vn -0.3767 -0.2701 -0.8861
vn -0.5831 0.0742 0.8090
vn -0.4562 0.1087 0.8832
vn -0.5462 -0.3244 -0.7723
vn -0.7044 -0.3121 -0.6375
vn -0.8801 0.0197 0.4744
vn -0.7799 0.0493 0.6240
vn -0.8399 -0.2924 -0.4571
vn -0.9621 -0.2171 -0.1648
vn -0.9867 -0.1032 0.1257
vn -0.9418 -0.0241 0.3354
vn 0.7456 0.6243 -0.2330
vn 0.7838 0.6018 -0.1532
vn 0.6982 0.6759 -0.2360
vn 0.8495 0.5257 -0.0452
vn 0.8569 0.5154 0.0086
vn 0.8693 0.4899 0.0661
vn 0.8820 0.4642 0.0813
vn 0.8724 0.4833 0.0731
vn 0.8826 0.4646 0.0722
vn 0.8740 0.4837 0.0463
vn 0.8819 0.4688 0.0506
vn 0.8800 0.4720 0.0537
vn 0.8863 0.4595 0.0577
vn 0.8895 0.4548 0.0455
vn 0.3773 0.8633 -0.3352
vn 0.5049 0.8183 -0.2747
vn 0.4066 0.8606 -0.3066
vn 0.4577 0.7941 -0.3998
vn 0.6013 0.7635 -0.2356
vn 0.8952 0.4418 0.0591
vn 0.8974 0.4347 0.0759
vn 0.2062 0.9300 -0.3042
vn 0.3081 0.8960 -0.3198
vn 0.2436 0.9139 -0.3248
vn 0.1833 0.9144 -0.3609
vn 0.1172 0.9308 -0.3461
vn 0.1680 0.9132 -0.3712
vn 0.1144 0.8920 -0.4373
vn 0.0852 0.9577 -0.2748
vn 0.0473 0.9413 -0.3344
vn 0.0313 0.9387 -0.3433
vn 0.0227 0.8941 -0.4472
vn 0.0424 0.9653 -0.2578
vn 0.0528 0.9482 -0.3133
vn -0.0007 0.9276 -0.3735
vn -0.0316 0.8731 -0.4865
vn 0.0655 0.9517 -0.2998
vn 0.1369 0.9323 -0.3348
vn -0.0380 0.8964 -0.4416
vn -0.0725 0.8339 -0.5471
vn 0.0558 0.9197 -0.3887
vn -0.1430 0.8541 -0.5000
vn -0.1563 0.7987 -0.5810
vn -0.0676 0.8832 -0.4640
vn -0.2254 0.8157 -0.5328
vn -0.2952 0.8048 -0.5149
vn -0.2526 0.8302 -0.4970
vn -0.3919 0.7632 -0.5138
vn -0.4202 0.7600 -0.4958
vn -0.4685 0.7285 -0.4998
vn -0.5421 0.6786 -0.4957
vn -0.5290 0.6924 -0.4907
vn -0.5660 0.6633 -0.4896
vn -0.5901 0.6430 -0.4882
vn -0.6174 0.6233 -0.4800
vn -0.6398 0.6220 -0.4514
vn -0.6619 0.5898 -0.4626
vn -0.6333 0.5623 -0.5318
vn -0.6427 0.5836 -0.4963
vn -0.6212 0.5880 -0.5180
vn -0.6721 0.5646 -0.4790
vn -0.7295 0.5321 -0.4299
vn -0.7838 0.5047 -0.3619
vn -0.8210 0.4953 -0.2839
vn -0.9171 0.3969 -0.0368
vn -0.9473 0.2954 0.1243
vn -0.9595 0.2427 0.1429
vn -0.9635 0.2380 0.1223
vn 0.9037 0.0894 -0.4187
vn 0.9501 0.1063 -0.2932
vn 0.9842 0.1277 0.1224
vn 0.9014 0.1570 0.4035
vn 0.5400 -0.0229 -0.8414
vn 0.7626 0.0468 -0.6452
vn 0.8885 0.1813 0.4215
vn 0.8100 0.2271 0.5406
vn 0.6648 0.2491 0.7043
vn 0.3085 -0.1153 -0.9442
vn 0.4756 -0.0961 -0.8744
vn 0.4263 0.2187 0.8777
vn 0.5388 0.2649 0.7997
vn 0.3397 0.2500 0.9067
vn 0.0337 -0.1613 -0.9863
vn 0.0285 0.1780 0.9836
vn -0.2319 -0.2191 -0.9477
vn -0.2973 0.0953 0.9500
vn -0.4765 -0.2935 -0.8287
vn -0.4331 -0.2724 -0.8592
vn -0.5578 -0.2666 -0.7859
vn -0.6181 0.0201 0.7859
vn -0.4919 0.0535 0.8690
vn -0.7808 -0.3207 -0.5362
vn -0.7295 -0.2657 -0.6303
vn -0.8466 -0.2362 -0.4769
vn -0.8960 -0.0429 0.4419
vn -0.7960 -0.0241 0.6048
vn -0.9448 -0.1808 -0.2733
vn -0.9947 -0.0989 0.0288
vn -0.9565 -0.0522 0.2871
vn 0.5651 0.8193 -0.0975
vn 0.6404 0.7626 -0.0910
vn 0.5727 0.7957 -0.1973
vn 0.6538 0.7566 -0.0095
vn 0.7211 0.6918 0.0392
vn 0.7724 0.6341 0.0369
vn 0.7934 0.5989 0.1089
vn 0.8101 0.5652 0.1557
vn 0.4073 0.8431 -0.3511
vn 0.4632 0.8180 -0.3410
vn 0.3948 0.8060 -0.4409
vn 0.4537 0.8562 -0.2471
vn 0.5169 0.8276 -0.2188
vn 0.5180 0.8334 -0.1926
vn 0.6449 0.7438 -0.1758
vn 0.8649 0.4878 0.1186
vn 0.8825 0.4584 0.1050
vn 0.8811 0.4684 0.0653
vn 0.8810 0.4701 0.0540
vn 0.8944 0.4393 0.0842
vn 0.9063 0.4175 0.0655
vn 0.9245 0.3667 0.1044
vn 0.9113 0.4044 0.0778
vn 0.9412 0.3170 0.1172
vn 0.3469 0.8302 -0.4364
vn 0.3619 0.8283 -0.4276
vn 0.3448 0.8419 -0.4150
vn 0.3478 0.8589 -0.3758
vn 0.3842 0.8704 -0.3078
vn 0.2516 0.8670 -0.4301
vn 0.2749 0.8637 -0.4223
vn 0.2467 0.8881 -0.3878
vn 0.1296 0.8851 -0.4470
vn 0.2020 0.8697 -0.4504
vn 0.1265 0.8668 -0.4824
vn 0.1212 0.8953 -0.4287
vn -0.0075 0.8932 -0.4496
vn -0.0016 0.8775 -0.4797
vn 0.0062 0.9008 -0.4342
vn -0.1184 0.8835 -0.4532
vn -0.1154 0.8795 -0.4617
vn -0.0754 0.8822 -0.4649
vn -0.1632 0.8835 -0.4390
vn -0.1715 0.8605 -0.4798
vn -0.1192 0.8496 -0.5138
vn -0.2114 0.8065 -0.5522
vn -0.2418 0.8243 -0.5119
vn -0.3310 0.7565 -0.5641
vn -0.3296 0.7901 -0.5169
vn -0.3180 0.7577 -0.5698
vn -0.3894 0.7510 -0.5332
vn -0.4761 0.6910 -0.5439
vn -0.4863 0.6957 -0.5287
vn -0.4961 0.6976 -0.5169
vn -0.5976 0.6333 -0.4917
vn -0.6366 0.5957 -0.4897
vn -0.6122 0.6193 -0.4917
vn -0.5900 0.6289 -0.5062
vn -0.6880 0.5361 -0.4892
vn -0.6533 0.5287 -0.5419
vn -0.6380 0.5998 -0.4829
vn -0.6704 0.5254 -0.5239
vn -0.6679 0.5585 -0.4920
vn -0.6310 0.6112 -0.4777
vn -0.6406 0.6072 -0.4702
vn -0.5989 0.6326 -0.4911
vn -0.6242 0.6138 -0.4833
vn -0.6159 0.6271 -0.4769
vn -0.6963 0.5747 -0.4300
vn -0.6764 0.5873 -0.4445
vn -0.7688 0.5342 -0.3515
vn -0.8712 0.4625 -0.1646
vn -0.8420 0.4778 -0.2504
vn -0.9366 0.3442 0.0655
vn -0.9445 0.2554 0.2065
vn -0.9538 0.2163 0.2084
vn -0.9702 0.1484 0.1914
vn -0.9811 0.1217 0.1503
vn -0.9067 0.4057 -0.1149
vn -0.9422 0.3164 0.1103
vn 0.8650 0.0932 -0.4931
vn 0.9386 0.1241 -0.3219
vn 0.9844 0.1572 0.0796
vn 0.8979 0.2240 0.3789
vn 0.9148 0.2130 0.3431
vn 0.9032 0.2382 0.3571
vn 0.4634 -0.0610 -0.8840
vn 0.6976 0.0485 -0.7149
vn 0.8236 0.2638 0.5021
vn 0.6702 0.3144 0.6723
vn 0.2746 -0.1394 -0.9514
vn 0.2455 -0.1868 -0.9512
vn 0.5267 0.3207 0.7873
vn 0.2863 0.3101 0.9066
vn -0.0057 -0.2576 -0.9662
vn 0.1133 -0.2368 -0.9649
vn -0.0625 0.2621 0.9630
vn -0.2918 -0.2469 -0.9240
vn -0.1460 -0.2897 -0.9459
vn -0.2987 -0.2637 -0.9172
vn -0.3719 0.1587 0.9146
vn -0.5547 -0.2087 -0.8055
vn -0.6838 0.0491 0.7281
vn -0.5581 0.0910 0.8248
vn -0.7255 -0.2018 -0.6579
vn -0.8308 -0.1676 -0.5307
vn -0.9086 -0.0809 0.4097
vn -0.8264 -0.0426 0.5614
vn -0.9316 -0.1424 -0.3344
vn -0.9943 -0.1058 -0.0151
vn -0.9577 -0.0858 0.2746
vn 0.6657 0.7310 -0.1502
vn 0.7721 0.6176 -0.1498
vn 0.7100 0.6819 -0.1759
vn 0.7045 0.7097 0.0029
vn 0.8011 0.5968 0.0445
vn 0.7833 0.5857 0.2085
vn 0.5190 0.7553 -0.4001
vn 0.5982 0.6934 -0.4016
vn 0.5446 0.7472 -0.3809
vn 0.5261 0.7855 -0.3260
vn 0.6410 0.6966 -0.3222
vn 0.5853 0.7869 -0.1956
vn 0.8080 0.5629 0.1739
vn 0.8527 0.4788 0.2090
vn 0.8560 0.4960 0.1455
vn 0.8858 0.4214 0.1945
vn 0.8723 0.4786 0.0998
vn 0.9023 0.4197 0.0987
vn 0.8698 0.4899 0.0585
vn 0.9002 0.4322 0.0532
vn 0.8697 0.4879 0.0739
vn 0.8932 0.4417 0.0844
vn 0.8846 0.4331 0.1727
vn 0.8880 0.4123 0.2035
vn 0.8856 0.3804 0.2665
vn 0.4087 0.8088 -0.4228
vn 0.4818 0.7672 -0.4234
vn 0.4169 0.7748 -0.4752
vn 0.4122 0.8104 -0.4163
vn 0.9430 0.2507 0.2189
vn 0.9517 0.1462 0.2700
vn 0.3711 0.8395 -0.3969
vn 0.3930 0.8305 -0.3946
vn 0.3686 0.8643 -0.3422
vn 0.3428 0.8381 -0.4244
vn 0.2570 0.8844 -0.3895
vn 0.3319 0.8698 -0.3650
vn 0.2413 0.8852 -0.3977
vn 0.2613 0.8733 -0.4112
vn 0.2687 0.8560 -0.4417
vn 0.1194 0.9069 -0.4041
vn 0.1135 0.9016 -0.4173
vn 0.1240 0.8942 -0.4302
vn 0.0171 0.9128 -0.4080
vn 0.0216 0.9066 -0.4213
vn 0.0099 0.9016 -0.4326
vn -0.0760 0.9157 -0.3945
vn -0.0665 0.9107 -0.4076
vn -0.0954 0.9079 -0.4081
vn -0.1966 0.9044 -0.3786
vn -0.1898 0.8982 -0.3964
vn -0.1850 0.9013 -0.3916
vn -0.1910 0.8732 -0.4483
vn -0.2711 0.8848 -0.3790
vn -0.3286 0.8609 -0.3884
vn -0.3008 0.8667 -0.3981
vn -0.2519 0.8480 -0.4663
vn -0.3962 0.8114 -0.4296
vn -0.3865 0.7786 -0.4944
vn -0.3395 0.8033 -0.4894
vn -0.4650 0.7215 -0.5130
vn -0.5010 0.7108 -0.4937
vn -0.5649 0.6816 -0.4651
vn -0.6848 0.5721 -0.4513
vn -0.7078 0.5428 -0.4521
vn -0.7572 0.4826 -0.4402
vn -0.8169 0.3979 -0.4175
vn -0.7847 0.3385 -0.5193
vn -0.7120 0.3275 -0.6212
vn -0.6723 0.4630 -0.5777
vn -0.6584 0.4121 -0.6298
vn -0.6131 0.5807 -0.5356
vn -0.6109 0.4815 -0.6284
vn -0.5769 0.5630 -0.5918
vn -0.6179 0.6251 -0.4769
vn -0.6331 0.5904 -0.5006
vn -0.6917 0.5649 -0.4498
vn -0.7577 0.5308 -0.3796
vn -0.8270 0.4665 -0.3139
vn -0.8375 0.4667 -0.2844
vn -0.9496 0.2033 0.2384
vn -0.9372 0.1453 0.3172
vn -0.9646 0.0937 0.2466
vn -0.9798 0.0633 0.1897
vn -0.8973 0.3894 -0.2078
vn -0.9497 0.3121 -0.0267
vn -0.9545 0.2442 0.1710
vn -0.9342 0.1945 0.2991
vn 0.8092 0.0763 -0.5825
vn 0.9255 0.1223 -0.3584
vn 0.9879 0.1498 0.0391
vn 0.9384 0.1942 0.2857
vn 0.8500 0.2719 0.4511
vn 0.8875 0.2338 0.3972
vn 0.8088 0.2620 0.5264
vn 0.3592 -0.0500 -0.9319
vn 0.6007 0.0445 -0.7982
vn 0.6228 0.3258 0.7113
vn 0.7331 0.3009 0.6099
vn 0.5570 0.3242 0.7646
vn 0.1642 -0.1708 -0.9715
vn 0.2454 0.3402 0.9078
vn -0.0290 -0.2941 -0.9553
vn -0.0591 -0.2403 -0.9689
vn -0.1323 0.3024 0.9440
vn -0.2851 -0.2376 -0.9286
vn -0.4494 0.2091 0.8685
vn -0.5259 -0.1952 -0.8278
vn -0.7614 0.0885 0.6422
vn -0.6365 0.1259 0.7609
vn -0.6968 -0.1861 -0.6927
vn -0.8741 -0.1821 -0.4503
vn -0.9158 -0.1424 -0.3755
vn -0.9542 -0.1694 -0.2465
vn -0.9151 -0.1190 0.3853
vn -0.8705 -0.0371 0.4907
vn -0.9882 -0.1477 -0.0396
vn -0.9554 -0.1304 0.2649
vn 0.7039 0.5959 -0.3867
vn 0.7803 0.5074 -0.3656
vn 0.7519 0.5668 -0.3367
vn 0.7422 0.5964 -0.3057
vn 0.8484 0.4619 -0.2587
vn 0.8953 0.4280 -0.1232
vn 0.9171 0.3889 0.0880
vn 0.8514 0.4800 0.2112
vn 0.8996 0.3487 0.2627
vn 0.8761 0.4091 0.2550
vn 0.9012 0.3231 0.2887
vn 0.8871 0.3273 0.3255
vn 0.5813 0.6979 -0.4183
vn 0.6777 0.6110 -0.4091
vn 0.5987 0.6373 -0.4852
vn 0.9153 0.3361 0.2221
vn 0.9316 0.3512 0.0935
vn 0.9313 0.3620 0.0409
vn 0.9322 0.3484 0.0981
vn 0.9134 0.2812 0.2943
vn 0.8917 0.1349 0.4320
vn 0.5145 0.7880 -0.3380
vn 0.6075 0.7161 -0.3438
vn 0.5499 0.7530 -0.3613
vn 0.4748 0.7788 -0.4098
vn 0.5859 0.6895 -0.4258
vn 0.9035 0.0589 0.4245
vn 0.8514 -0.1433 0.5045
vn 0.3866 0.8643 -0.3216
vn 0.4986 0.7993 -0.3356
vn 0.4191 0.8445 -0.3335
vn 0.3800 0.8601 -0.3404
vn 0.2489 0.9029 -0.3504
vn 0.3255 0.8677 -0.3758
vn 0.2825 0.8679 -0.4086
vn 0.2323 0.9097 -0.3442
vn 0.2010 0.9036 -0.3782
vn 0.2453 0.8834 -0.3994
vn 0.2114 0.8802 -0.4249
vn 0.1377 0.9381 -0.3177
vn 0.1082 0.9304 -0.3503
vn 0.1091 0.9358 -0.3352
vn 0.1425 0.9107 -0.3877
vn 0.0559 0.9606 -0.2723
vn 0.0277 0.9377 -0.3464
vn 0.0033 0.9587 -0.2845
vn 0.0500 0.9342 -0.3531
vn -0.0429 0.9715 -0.2329
vn -0.0630 0.9420 -0.3296
vn -0.1734 0.9564 -0.2350
vn -0.1599 0.9421 -0.2947
vn -0.2110 0.9562 -0.2030
vn -0.2084 0.9244 -0.3194
vn -0.2968 0.9356 -0.1911
vn -0.4211 0.8970 -0.1345
vn -0.4155 0.8916 -0.1799
vn -0.4104 0.8602 -0.3025
vn -0.3800 0.8338 -0.4005
vn -0.5210 0.8378 -0.1635
vn -0.5295 0.7985 -0.2863
vn -0.5459 0.7470 -0.3795
vn -0.5320 0.7438 -0.4046
vn -0.4774 0.7330 -0.4846
vn -0.6176 0.6825 -0.3909
vn -0.6067 0.6260 -0.4900
vn -0.5887 0.6219 -0.5164
vn -0.6437 0.5584 -0.5233
vn -0.7691 0.4664 -0.4371
vn -0.8245 0.4169 -0.3826
vn -0.8665 0.3772 -0.3269
vn -0.9106 0.2731 -0.3102
vn -0.9066 0.1799 -0.3816
vn -0.8170 0.1524 -0.5561
vn -0.6753 0.1883 -0.7131
vn -0.5539 0.3114 -0.7722
vn -0.5913 0.4002 -0.7002
vn -0.4934 0.3972 -0.7738
vn -0.6036 0.5303 -0.5954
vn -0.5623 0.4620 -0.6859
vn -0.6575 0.4886 -0.5735
vn -0.7378 0.5236 -0.4261
vn -0.7294 0.5093 -0.4567
vn -0.8170 0.4732 -0.3295
vn -0.9149 0.0933 0.3928
vn -0.9516 0.0557 0.3023
vn -0.9724 0.0261 0.2320
vn -0.8017 0.4687 -0.3710
vn -0.8813 0.4043 -0.2446
vn -0.9301 0.3459 -0.1235
vn -0.9540 0.2968 0.0419
vn -0.9455 0.2318 0.2288
vn -0.9181 0.1488 0.3673
vn 0.7496 0.0801 -0.6570
vn 0.9137 0.1365 -0.3827
vn 0.9887 0.1490 0.0182
vn 0.9546 0.1686 0.2456
vn 0.9189 0.1859 0.3478
vn 0.8492 0.2250 0.4778
vn 0.2847 -0.0070 -0.9586
vn 0.5152 0.0598 -0.8550
vn 0.7637 0.2463 0.5967
vn 0.5705 0.2594 0.7793
vn 0.0787 -0.0819 -0.9935
vn 0.2233 0.3223 0.9199
vn 0.3879 0.2614 0.8839
vn 0.1766 0.2213 0.9591
vn -0.0946 -0.1405 -0.9856
vn -0.1518 0.2926 0.9441
vn -0.1540 0.2037 0.9669
vn -0.2946 -0.1714 -0.9401
vn -0.5063 0.1922 0.8406
vn -0.3570 0.2170 0.9086
vn -0.6039 -0.1883 -0.7745
vn -0.4962 -0.1957 -0.8458
vn -0.6667 -0.2115 -0.7147
vn -0.6675 0.1292 0.7333
vn -0.6798 0.1296 0.7218
vn -0.8656 -0.2232 -0.4482
vn -0.9410 -0.2223 -0.2549
vn -0.9526 -0.1667 0.2544
vn -0.9700 -0.2073 0.1268
vn -0.9705 -0.1386 0.1972
vn -0.9225 -0.0141 0.3857
vn -0.8099 0.1015 0.5777
vn -0.9710 -0.2318 -0.0588
vn 0.9460 0.3104 -0.0938
vn 0.9731 0.2132 -0.0868
vn 0.9652 0.2467 -0.0872
vn 0.9516 0.2841 0.1176
vn 0.9740 0.1778 0.1403
vn 0.9264 0.1650 0.3385
vn 0.7587 0.5258 -0.3847
vn 0.8110 0.4666 -0.3530
vn 0.7527 0.4676 -0.4635
vn 0.8721 0.3853 -0.3017
vn 0.9401 0.2760 -0.2001
vn 0.9427 0.1765 0.2830
vn 0.9413 0.1981 0.2734
vn 0.9303 0.3021 0.2081
vn 0.9486 0.2554 0.1870
vn 0.9373 0.3386 0.0824
vn 0.9556 0.2834 0.0803
vn 0.9566 0.2819 0.0736
vn 0.6773 0.6412 -0.3606
vn 0.7522 0.5424 -0.3742
vn 0.7342 0.5580 -0.3867
vn 0.6534 0.6249 -0.4274
vn 0.7476 0.5175 -0.4163
vn 0.9635 0.2615 0.0571
vn 0.9754 0.1466 0.1646
vn 0.9019 0.0037 0.4318
vn 0.7306 -0.1690 0.6616
vn 0.6025 0.7058 -0.3726
vn 0.7284 0.5679 -0.3832
vn 0.6511 0.6018 -0.4625
vn 0.5978 0.7234 -0.3453
vn 0.7282 0.5811 -0.3634
vn 0.6605 -0.3067 0.6853
vn 0.5862 -0.5018 0.6361
vn 0.5303 -0.5823 0.6162
vn 0.4567 0.7544 -0.4715
vn 0.5798 0.6354 -0.5100
vn 0.5176 0.6426 -0.5650
vn 0.4425 0.8062 -0.3927
vn 0.4343 -0.6291 0.6447
vn 0.3800 0.7802 -0.4968
vn 0.4801 0.6867 -0.5459
vn 0.4210 0.7092 -0.5656
vn 0.3184 0.8341 -0.4505
vn 0.2506 0.8418 -0.4780
vn 0.3077 0.7837 -0.5395
vn 0.1842 0.8268 -0.5314
vn 0.2520 0.7812 -0.5712
vn 0.1883 0.7658 -0.6149
vn 0.1724 0.8757 -0.4510
vn 0.0798 0.8389 -0.5383
vn 0.0854 0.7947 -0.6010
vn 0.0694 0.8991 -0.4322
vn -0.0540 0.8516 -0.5214
vn -0.0327 0.8122 -0.5824
vn -0.1202 0.9240 -0.3629
vn -0.2384 0.8496 -0.4704
vn -0.2133 0.8087 -0.5482
vn -0.3252 0.9020 -0.2839
vn -0.4059 0.8994 -0.1621
vn -0.3448 0.8418 -0.4154
vn -0.4958 0.8245 -0.2726
vn -0.5200 0.8307 -0.1988
vn -0.5703 0.8153 -0.0999
vn -0.6032 0.7875 -0.1268
vn -0.6106 0.7418 -0.2772
vn -0.5943 0.7877 -0.1621
vn -0.6481 0.7585 -0.0679
vn -0.6848 0.7228 -0.0928
vn -0.7010 0.6707 -0.2425
vn -0.6974 0.6084 -0.3788
vn -0.7234 0.6044 -0.3337
vn -0.6910 0.5494 -0.4697
vn -0.7712 0.5400 -0.3370
vn -0.8190 0.4220 -0.3889
vn -0.8752 0.3226 -0.3606
vn -0.8673 0.3072 -0.3916
vn -0.9411 0.2112 -0.2640
vn -0.9744 0.0791 -0.2104
vn -0.9320 0.0339 -0.3609
vn -0.8228 0.0809 -0.5626
vn -0.7060 0.0933 -0.7020
vn -0.6341 0.0994 -0.7668
vn -0.4420 0.2256 -0.8682
vn -0.4225 0.3341 -0.8425
vn -0.5056 0.4050 -0.7618
vn -0.4989 0.4060 -0.7657
vn -0.6705 0.4913 -0.5560
vn -0.6166 0.4873 -0.6184
vn -0.8877 0.0504 0.4577
vn -0.9354 0.0299 0.3523
vn -0.9643 0.0096 0.2647
vn -0.7315 0.4755 -0.4886
vn -0.8354 0.4652 -0.2928
vn -0.8979 0.4033 -0.1765
vn -0.9096 0.3855 -0.1548
vn -0.9312 0.3533 -0.0893
vn -0.9455 0.3158 0.0797
vn -0.9468 0.2447 0.2092
vn -0.9325 0.1985 0.3016
vn -0.8901 0.1027 0.4441
vn -0.9323 0.3545 -0.0713
vn -0.9488 0.2967 0.1081
vn 0.6226 0.0766 -0.7788
vn 0.7138 0.0651 -0.6973
vn 0.4814 0.0575 -0.8746
vn 0.9092 0.1275 -0.3964
vn 0.9885 0.1505 0.0130
vn 0.9568 0.1709 0.2351
vn 0.9271 0.1729 0.3325
vn 0.8117 0.2003 0.5487
vn 0.8600 0.1930 0.4724
vn 0.7609 0.2069 0.6150
vn 0.2355 0.0349 -0.9712
vn 0.5232 0.1973 0.8291
vn 0.6248 0.1839 0.7588
vn 0.4213 0.1520 0.8941
vn 0.0190 -0.0078 -0.9998
vn 0.1555 0.1061 0.9821
vn -0.1576 -0.0596 -0.9857
vn -0.1619 0.0878 0.9829
vn -0.3404 -0.1243 -0.9320
vn -0.4301 0.1434 0.8913
vn -0.4038 0.0906 0.9104
vn -0.5355 -0.1684 -0.8276
vn -0.6950 -0.2102 -0.6876
vn -0.6910 0.1026 0.7155
vn -0.5680 0.1006 0.8169
vn -0.8582 -0.2302 -0.4589
vn -0.9673 -0.2103 -0.1421
vn -0.9690 -0.2411 -0.0534
vn -0.9898 -0.1149 0.0847
vn -0.9618 0.0068 0.2735
vn -0.8448 0.1006 0.5256
vn 0.9767 0.1699 -0.1308
vn 0.9857 0.1408 -0.0930
vn 0.9520 0.2199 -0.2128
vn 0.9988 0.0420 -0.0249
vn 0.9910 -0.0118 0.1335
vn 0.9587 0.0146 0.2842
vn 0.7841 0.4591 -0.4177
vn 0.7882 0.4496 -0.4201
vn 0.8043 0.4109 -0.4293
vn 0.8818 0.3728 -0.2887
vn 0.9410 0.2799 -0.1903
vn 0.9686 0.0674 0.2394
vn 0.9664 0.1179 0.2282
vn 0.9729 0.1678 0.1590
vn 0.9846 0.1357 0.1105
vn 0.9812 0.1704 0.0911
vn 0.9825 0.0558 0.1780
vn 0.9675 0.0250 0.2515
vn 0.7859 0.4805 -0.3892
vn 0.8295 0.3980 -0.3918
vn 0.8196 0.4074 -0.4028
vn 0.8342 0.3878 -0.3920
vn 0.9197 -0.1727 0.3525
vn 0.7559 -0.3672 0.5420
vn 0.5035 -0.5106 0.6969
vn 0.6932 0.4994 -0.5197
vn 0.7609 0.4117 -0.5015
vn 0.6929 0.4117 -0.5920
vn 0.8131 0.4088 -0.4145
vn 0.3449 -0.6189 0.7057
vn 0.2354 -0.6730 0.7012
vn 0.5797 0.5534 -0.5981
vn 0.6559 0.4529 -0.6039
vn 0.6173 0.4836 -0.6206
vn 0.1503 -0.7919 0.5918
vn 0.3284 -0.7609 0.5596
vn 0.1944 -0.8696 0.4538
vn 0.4686 0.5938 -0.6541
vn 0.5794 0.5020 -0.6421
vn 0.4954 0.5398 -0.6806
vn 0.4370 -0.8224 0.3644
vn 0.3846 -0.8750 0.2940
vn 0.3470 0.6989 -0.6254
vn 0.4049 0.6151 -0.6765
vn 0.5614 -0.7853 0.2610
vn 0.2430 0.7228 -0.6469
vn 0.3687 0.6379 -0.6761
vn 0.2911 0.6776 -0.6754
vn 0.1085 0.7717 -0.6267
vn 0.1453 0.7114 -0.6876
vn -0.0162 0.7938 -0.6080
vn 0.0031 0.7241 -0.6896
vn -0.1806 0.8005 -0.5715
vn -0.1667 0.7350 -0.6573
vn -0.3632 0.7742 -0.5184
vn -0.3732 0.7087 -0.5987
vn -0.4371 0.8224 -0.3641
vn -0.4909 0.7053 -0.5114
vn -0.5635 0.7007 -0.4375
vn -0.5768 0.7607 -0.2977
vn -0.6542 0.7498 -0.0993
vn -0.6973 0.7163 -0.0260
vn -0.7385 0.6718 -0.0580
vn -0.7561 0.6174 -0.2173
vn -0.6675 0.6918 -0.2754
vn -0.7309 0.6793 -0.0665
vn -0.7666 0.6419 0.0138
vn -0.8047 0.5935 -0.0128
vn -0.8332 0.5312 -0.1537
vn -0.8694 0.4358 -0.2328
vn -0.9045 0.3651 -0.2207
vn -0.8936 0.3255 -0.3091
vn -0.9406 0.2659 -0.2110
vn -0.9900 0.0890 -0.1097
vn -0.9895 -0.0081 -0.1446
vn -0.9175 0.0179 -0.3973
vn -0.7412 0.1178 -0.6609
vn -0.5198 0.1843 -0.8342
vn -0.3222 0.2363 -0.9167
vn -0.3224 0.3036 -0.8966
vn -0.4050 0.4532 -0.7941
vn -0.5641 0.4872 -0.6667
vn -0.8694 -0.0043 0.4940
vn -0.9252 -0.0152 0.3791
vn -0.9597 -0.0272 0.2798
vn -0.7264 0.5179 -0.4518
vn -0.8175 0.4896 -0.3035
vn -0.8446 0.4825 -0.2320
vn -0.8952 0.4207 -0.1470
vn -0.9309 0.1705 0.3230
vn -0.8726 0.1028 0.4776
vn -0.8621 0.0333 0.5057
vn -0.8707 0.4536 -0.1901
vn -0.9226 0.3776 -0.0790
vn -0.9559 0.2935 0.0125
vn -0.9610 0.2077 0.1827
vn -0.9146 0.1414 0.3789
vn 0.9877 0.1566 0.0002
vn 0.9893 0.1452 -0.0153
vn 0.9690 0.1333 -0.2080
vn 0.9714 0.1749 0.1606
vn 0.4728 0.0469 -0.8799
vn 0.7024 0.0548 -0.7097
vn 0.8965 0.1158 -0.4276
vn 0.9469 0.2370 0.2173
vn 0.9171 0.2447 0.3147
vn 0.8513 0.2282 0.4725
vn 0.7395 0.2196 0.6364
vn 0.2135 0.0469 -0.9758
vn 0.5798 0.1778 0.7951
vn 0.3637 0.1338 0.9219
vn -0.0174 0.0256 -0.9995
vn 0.1119 0.0747 0.9909
vn -0.2191 -0.0184 -0.9755
vn -0.1749 0.0331 0.9840
vn -0.4113 -0.0946 -0.9066
vn -0.3768 0.0257 0.9260
vn -0.6018 -0.1306 -0.7879
vn -0.7402 -0.1900 -0.6449
vn -0.6760 0.0675 0.7338
vn -0.5439 0.0401 0.8382
vn -0.8629 -0.2034 -0.4626
vn -0.9612 -0.1702 -0.2171
vn -0.9965 -0.0792 -0.0276
vn -0.9857 0.0240 0.1666
vn -0.8606 0.0882 0.5015
vn 0.8776 0.4026 -0.2603
vn 0.9027 0.3481 -0.2529
vn 0.8597 0.3259 -0.3932
vn 0.9619 0.2553 -0.0977
vn 0.9753 0.2209 0.0001
vn 0.9987 0.0253 0.0449
vn 0.9913 -0.1127 0.0676
vn 0.9852 -0.1434 0.0944
vn 0.9801 -0.1064 0.1677
vn 0.8178 0.3670 -0.4433
vn 0.7850 0.3572 -0.5062
vn 0.8167 0.3040 -0.4905
vn 0.8609 0.3032 -0.4087
vn 0.9865 -0.0110 0.1635
vn 0.9823 0.0421 0.1823
vn 0.9825 0.0535 0.1786
vn 0.9750 -0.0495 0.2166
vn 0.9200 -0.2183 0.3256
vn 0.8097 -0.3648 0.4597
vn 0.8455 0.3375 -0.4138
vn 0.8667 0.2876 -0.4076
vn 0.8512 0.2987 -0.4316
vn 0.8761 0.2663 -0.4018
vn 0.6457 -0.5737 0.5040
vn 0.4234 -0.6429 0.6382
vn 0.3774 -0.7119 0.5922
vn 0.7394 0.3156 -0.5948
vn 0.8081 0.2963 -0.5091
vn 0.0762 -0.7911 0.6069
vn -0.0131 -0.8212 0.5705
vn 0.6482 0.4291 -0.6291
vn 0.6927 0.3865 -0.6090
vn 0.6442 0.4008 -0.6514
vn 0.7197 0.3408 -0.6049
vn -0.1081 -0.8764 0.4692
vn -0.1875 -0.8633 0.4686
vn 0.0903 -0.8823 0.4620
vn 0.5641 0.4807 -0.6714
vn -0.0639 -0.9433 0.3257
vn -0.0768 -0.9138 0.3988
vn -0.2628 -0.8687 0.4198
vn 0.0837 -0.9417 0.3259
vn 0.3098 -0.9233 0.2272
vn 0.4359 0.5818 -0.6867
vn 0.5400 0.5169 -0.6642
vn 0.4703 0.5467 -0.6927
vn 0.1406 -0.9349 0.3259
vn 0.4475 -0.8829 0.1424
vn 0.4032 -0.8933 0.1988
vn 0.5448 -0.8369 0.0532
vn 0.5939 -0.7983 0.0996
vn 0.2901 0.5777 -0.7630
vn 0.3701 0.5145 -0.7735
vn 0.2649 0.4620 -0.8464
vn 0.6424 -0.7597 0.1005
vn 0.6865 -0.7267 0.0253
vn 0.7206 -0.6930 0.0219
vn 0.1453 0.5914 -0.7932
vn 0.1299 0.4665 -0.8749
vn 0.0066 0.5974 -0.8019
vn 0.0196 0.4792 -0.8775
vn -0.1486 0.6139 -0.7753
vn -0.1088 0.5007 -0.8588
vn -0.3284 0.6220 -0.7108
vn -0.2841 0.5082 -0.8130
vn -0.4151 0.5855 -0.6963
vn -0.5665 0.6557 -0.4991
vn -0.5462 0.6179 -0.5655
vn -0.6625 0.5909 -0.4603
vn -0.7469 0.6199 -0.2405
vn -0.7259 0.5614 -0.3974
vn -0.8052 0.5926 -0.0225
vn -0.8295 0.5554 0.0595
vn -0.8577 0.5126 0.0400
vn -0.8806 0.4642 -0.0956
vn -0.9066 0.3835 -0.1761
vn -0.8255 0.5251 -0.2069
vn -0.8854 0.4648 0.0083
vn -0.9015 0.4252 0.0801
vn -0.9117 0.4074 0.0538
vn -0.9248 0.3734 -0.0733
vn -0.9545 0.2813 -0.0993
vn -0.9859 0.1605 -0.0470
vn -0.9995 0.0273 0.0152
vn -0.9905 -0.0217 -0.1359
vn -0.8767 0.0425 -0.4791
vn -0.6336 0.1606 -0.7568
vn -0.3819 0.2665 -0.8849
vn -0.2606 0.2940 -0.9196
vn -0.2136 0.3635 -0.9068
vn -0.3371 0.4292 -0.8379
vn -0.5047 0.4655 -0.7271
vn -0.8526 -0.0725 0.5175
vn -0.9144 -0.0849 0.3957
vn -0.9500 -0.1040 0.2945
vn -0.5345 0.4971 -0.6835
vn -0.7684 0.5020 -0.3971
vn -0.6822 0.5241 -0.5099
vn -0.8417 0.0176 0.5397
vn -0.8315 -0.0432 0.5539
vn -0.8088 0.4953 -0.3170
vn -0.8908 0.4434 -0.0991
vn -0.9322 0.3617 0.0131
vn -0.9583 0.2630 0.1115
vn -0.9526 0.1387 0.2707
vn -0.8944 0.0481 0.4446
vn 0.8912 0.1135 -0.4393
vn 0.9200 0.0781 -0.3842
vn 0.8044 0.0724 -0.5896
vn 0.9870 0.1382 -0.0823
vn 0.9478 0.2667 0.1748
vn 0.9692 0.2151 0.1202
vn 0.9075 0.2963 0.2976
vn 0.9237 0.2630 0.2786
vn 0.8845 0.2772 0.3754
vn 0.4742 0.0116 -0.8803
vn 0.6885 0.0221 -0.7249
vn 0.8340 0.2528 0.4904
vn 0.6978 0.2330 0.6774
vn 0.2080 0.0131 -0.9780
vn 0.5288 0.2025 0.8242
vn 0.3093 0.1586 0.9376
vn -0.0441 0.0052 -0.9990
vn 0.0488 0.1088 0.9929
vn -0.2715 -0.0205 -0.9622
vn -0.2098 0.0489 0.9765
vn -0.4840 -0.1030 -0.8690
vn -0.3718 0.0156 0.9282
vn -0.6534 -0.1294 -0.7459
vn -0.7979 -0.1836 -0.5741
vn -0.8446 -0.1846 -0.5026
vn -0.8845 -0.1706 -0.4342
vn -0.6504 0.0197 0.7593
vn -0.5261 0.0131 0.8503
vn -0.9497 -0.1206 -0.2891
vn -0.9919 -0.0438 -0.1192
vn -0.9955 0.0226 0.0915
vn -0.8648 0.0440 0.5002
vn 0.9188 0.1155 -0.3775
vn 0.9850 0.0680 -0.1587
vn 0.9893 -0.0517 0.1362
vn 0.9617 -0.1840 0.2029
vn 0.9725 -0.2000 0.1191
vn 0.9391 -0.2493 0.2363
vn 0.9795 -0.1938 0.0545
vn 0.8517 0.2086 -0.4807
vn 0.8553 0.1878 -0.4829
vn 0.9169 0.1265 -0.3785
vn 0.9436 -0.3030 0.1331
vn 0.9643 -0.2644 -0.0120
vn 0.9909 -0.1202 0.0611
vn 0.9879 -0.0433 0.1492
vn 0.9660 -0.0770 0.2467
vn 0.9043 -0.2203 0.3658
vn 0.7690 -0.4062 0.4935
vn 0.7710 -0.3743 0.5153
vn 0.8765 0.2176 -0.4293
vn 0.8962 0.1913 -0.4003
vn 0.8976 0.1836 -0.4007
vn 0.5874 -0.5181 0.6217
vn 0.3646 -0.6993 0.6149
vn 0.2994 -0.6436 0.7044
vn 0.7628 0.2855 -0.5801
vn 0.7888 0.2533 -0.5600
vn 0.7688 0.2721 -0.5787
vn 0.8340 0.2254 -0.5036
vn -0.0602 -0.7636 0.6429
vn -0.1055 -0.6966 0.7097
vn 0.6925 0.3766 -0.6153
vn 0.7502 0.3051 -0.5866
vn -0.4013 -0.6847 0.6084
vn -0.4394 -0.5951 0.6729
vn -0.3602 -0.6386 0.6801
vn -0.2435 -0.7809 0.5752
vn 0.5955 0.4570 -0.6606
vn 0.6738 0.4142 -0.6119
vn 0.6157 0.4474 -0.6486
vn -0.2407 -0.8315 0.5007
vn -0.3705 -0.7112 0.5975
vn 0.4381 0.4748 -0.7633
vn 0.5193 0.4371 -0.7344
vn 0.3821 0.4156 -0.8254
vn -0.3054 -0.9333 0.1887
vn -0.3785 -0.8993 0.2189
vn -0.6270 -0.7461 0.2242
vn -0.0857 -0.9580 0.2735
vn -0.3959 -0.8069 0.4383
vn 0.1747 -0.9302 0.3227
vn 0.3631 -0.9053 0.2206
vn 0.2383 0.3954 -0.8871
vn 0.1959 -0.9687 0.1525
vn 0.2212 -0.9363 0.2727
vn -0.1510 -0.9705 0.1877
vn 0.3214 -0.9468 0.0194
vn 0.3319 -0.9428 0.0300
vn 0.4556 -0.8789 -0.1409
vn 0.6431 -0.7587 0.1041
vn 0.5287 -0.8401 0.1213
vn 0.6900 -0.7204 0.0698
vn 0.7245 -0.6882 0.0390
vn 0.7622 -0.6470 -0.0219
vn 0.7798 -0.6258 -0.0158
vn 0.1347 0.3757 -0.9169
vn 0.5626 -0.8146 0.1411
vn 0.6004 -0.7985 -0.0439
vn 0.7425 -0.6659 0.0730
vn 0.7685 -0.6378 0.0505
vn 0.8003 -0.5996 0.0034
vn 0.8143 -0.5794 -0.0337
vn 0.8222 -0.5687 -0.0217
vn 0.0411 0.4618 -0.8860
vn 0.1020 0.4019 -0.9100
vn 0.0513 0.4448 -0.8941
vn -0.0903 0.4772 -0.8741
vn -0.0983 0.4562 -0.8844
vn -0.1542 0.4323 -0.8884
vn -0.2281 0.4418 -0.8676
vn -0.4094 0.4727 -0.7803
vn -0.5043 0.5564 -0.6604
vn -0.5760 0.5303 -0.6222
vn -0.7283 0.5378 -0.4248
vn -0.7014 0.5561 -0.4458
vn -0.7999 0.4887 -0.3483
vn -0.9139 0.3939 -0.0984
vn -0.9564 0.2769 0.0931
vn -0.9689 0.2221 0.1091
vn -0.9748 0.2134 0.0654
vn -0.9807 0.1936 -0.0264
vn -0.9913 0.1317 -0.0064
vn -0.9965 0.0510 0.0666
vn -0.9943 -0.0445 0.0970
vn -0.9847 -0.0944 -0.1467
vn -0.8081 -0.0230 -0.5885
vn -0.4929 0.1161 -0.8623
vn -0.2305 0.2704 -0.9348
vn -0.2473 0.3245 -0.9130
vn -0.1442 0.3696 -0.9179
vn -0.1203 0.3410 -0.9323
vn -0.2583 0.4395 -0.8603
vn -0.2190 0.3967 -0.8914
vn -0.8290 -0.1533 0.5378
vn -0.8890 -0.1851 0.4188
vn -0.9144 -0.2358 0.3290
vn -0.3249 0.4426 -0.8358
vn -0.5873 0.5112 -0.6275
vn -0.4713 0.4831 -0.7379
vn -0.8044 -0.0572 0.5913
vn -0.7931 -0.1274 0.5956
vn -0.6798 0.5042 -0.5327
vn -0.8294 0.5042 -0.2407
vn -0.7897 0.5143 -0.3346
vn -0.8900 0.4541 -0.0403
vn -0.9237 0.3729 0.0880
vn -0.9544 0.2434 0.1726
vn -0.9506 0.1995 0.2377
vn -0.9212 0.0664 0.3834
vn -0.8592 -0.0306 0.5108
vn -0.8729 0.4465 -0.1967
vn -0.9196 0.3928 -0.0040
vn -0.9355 0.3254 0.1375
vn 0.7761 0.0556 -0.6281
vn 0.9054 0.0713 -0.4185
vn 0.9838 0.1068 -0.1438
vn 0.9860 0.1538 0.0647
vn 0.9533 0.1793 0.2429
vn 0.9065 0.2046 0.3694
vn 0.4610 -0.0091 -0.8874
vn 0.6583 0.0063 -0.7527
vn 0.8350 0.2099 0.5087
vn 0.6112 0.2153 0.7616
vn 0.7072 0.1859 0.6821
vn 0.5347 0.1911 0.8232
vn 0.2045 -0.0286 -0.9784
vn 0.2759 0.1957 0.9411
vn -0.0622 -0.0443 -0.9971
vn -0.0178 0.1587 0.9872
vn -0.3059 -0.0803 -0.9487
vn -0.2634 0.0778 0.9616
vn -0.5780 -0.1193 -0.8073
vn -0.5189 -0.1367 -0.8438
vn -0.6587 -0.1542 -0.7364
vn -0.4027 0.0159 0.9152
vn -0.7987 -0.1683 -0.5778
vn -0.8683 -0.1496 -0.4730
vn -0.6495 -0.0552 0.7584
vn -0.5546 -0.0092 0.8321
vn -0.9290 -0.1102 -0.3534
vn -0.9819 -0.0539 -0.1815
vn -0.9970 -0.0376 0.0683
vn -0.8550 -0.0627 0.5148
vn 0.9447 -0.1869 -0.2694
vn 0.9425 -0.3272 -0.0688
vn 0.9031 -0.3663 0.2241
vn 0.9068 -0.3216 0.2724
vn 0.8541 -0.4230 0.3028
vn 0.8766 0.1752 -0.4483
vn 0.8493 0.0943 -0.5194
vn 0.8796 0.0818 -0.4686
vn 0.9108 -0.0334 -0.4115
vn 0.9478 -0.1322 -0.2901
vn 0.8235 -0.4886 0.2884
vn 0.8750 -0.4787 0.0717
vn 0.9381 -0.3141 -0.1457
vn 0.9832 -0.1720 -0.0610
vn 0.9781 -0.1412 0.1532
vn 0.9194 -0.1946 0.3419
vn 0.7591 -0.3509 0.5484
vn 0.7888 -0.3050 0.5336
vn 0.8599 0.1774 -0.4785
vn 0.8795 0.1264 -0.4588
vn 0.8354 0.1326 -0.5334
vn 0.9147 0.1009 -0.3912
vn 0.6494 -0.3619 0.6688
vn 0.3243 -0.5801 0.7472
vn 0.3412 -0.4655 0.8167
vn 0.8125 0.2226 -0.5388
vn 0.8277 0.1633 -0.5369
vn -0.1213 -0.5988 0.7917
vn -0.1320 -0.4816 0.8664
vn 0.7254 0.3648 -0.5837
vn 0.7817 0.3110 -0.5406
vn 0.7381 0.3348 -0.5858
vn 0.7998 0.2481 -0.5466
vn -0.4818 -0.4251 0.7663
vn 0.5818 0.4025 -0.7067
vn 0.6612 0.3337 -0.6720
vn 0.5413 0.3247 -0.7756
vn -0.7781 -0.5552 0.2937
vn -0.8730 -0.4295 0.2313
vn -0.8505 -0.4025 0.3385
vn -0.4943 -0.6341 0.5946
vn -0.6700 -0.4171 0.6141
vn 0.3736 0.3257 -0.8685
vn -0.1161 -0.9178 0.3796
vn -0.0776 -0.8670 0.4922
vn -0.5441 -0.8243 0.1566
vn -0.3625 -0.8974 0.2517
vn -0.8320 -0.5548 -0.0061
vn -0.4851 -0.8481 0.2128
vn -0.8395 -0.5170 0.1671
vn 0.2387 0.4139 -0.8785
vn 0.2861 0.3428 -0.8948
vn 0.2425 0.3610 -0.9005
vn 0.3652 -0.7994 0.4770
vn 0.4079 -0.7364 0.5397
vn 0.2469 -0.8883 0.3871
vn 0.5091 -0.8599 -0.0365
vn 0.1325 0.3766 -0.9168
vn 0.1149 0.3378 -0.9342
vn 0.5782 -0.6788 0.4526
vn 0.5852 -0.7256 0.3620
vn 0.6785 -0.7213 0.1394
vn 0.6690 -0.6928 0.2692
vn 0.7034 -0.7062 -0.0813
vn 0.7214 -0.6809 -0.1263
vn 0.7509 -0.6599 -0.0255
vn 0.7795 -0.6228 -0.0678
vn 0.7960 -0.6052 -0.0114
vn 0.8177 -0.5746 -0.0352
vn 0.8144 -0.5786 -0.0446
vn 0.8133 -0.5811 -0.0279
vn 0.0407 0.3112 -0.9495
vn 0.7615 -0.6361 0.1242
vn 0.7833 -0.6148 -0.0922
vn 0.7854 -0.6073 -0.1198
vn -0.0425 0.3204 -0.9463
vn -0.1749 0.3755 -0.9102
vn -0.2039 0.4272 -0.8809
vn -0.3563 0.4949 -0.7926
vn -0.3569 0.4389 -0.8246
vn -0.4478 0.4262 -0.7860
vn -0.6235 0.5231 -0.5811
vn -0.5459 0.4236 -0.7229
vn -0.9754 -0.2046 -0.0826
vn -0.9558 -0.2293 0.1841
vn -0.9557 -0.2927 -0.0308
vn -0.8923 -0.2953 -0.3416
vn -0.7429 0.4340 -0.5096
vn -0.8761 0.4213 -0.2343
vn -0.9242 0.3638 -0.1158
vn -0.9491 0.3133 0.0318
vn -0.9411 0.2331 0.2451
vn -0.9710 0.1465 0.1888
vn -0.9856 0.0853 0.1460
vn -0.9948 0.0700 0.0742
vn -0.9985 0.0535 0.0069
vn -0.9986 0.0056 0.0532
vn -0.9866 -0.0650 0.1498
vn -0.9704 -0.1599 0.1812
vn -0.7042 -0.2051 -0.6798
vn -0.2991 0.0197 -0.9540
vn -0.9431 0.3207 0.0873
vn -0.1311 0.1916 -0.9727
vn -0.0346 0.2954 -0.9547
vn -0.8640 -0.3624 0.3495
vn -0.8482 -0.3682 0.3807
vn -0.7986 -0.4248 0.4263
vn -0.1161 0.3850 -0.9156
vn -0.7881 -0.2060 0.5801
vn -0.8315 -0.2899 0.4739
vn -0.3310 0.4412 -0.8341
vn -0.4168 0.4791 -0.7725
vn -0.7574 -0.1090 0.6437
vn -0.7445 -0.1850 0.6415
vn -0.4811 0.4886 -0.7279
vn -0.7346 0.4848 -0.4746
vn -0.6515 0.4917 -0.5777
vn -0.9496 0.1647 0.2668
vn -0.8933 0.0894 0.4405
vn -0.8770 0.0035 0.4805
vn -0.8124 -0.0850 0.5769
vn -0.8238 0.4323 -0.3668
vn -0.9190 0.3766 -0.1170
vn -0.9507 0.3016 0.0728
vn -0.9538 0.2154 0.2095
vn -0.9241 0.1424 0.3545
vn 0.7390 0.0437 -0.6723
vn 0.8922 0.0680 -0.4464
vn 0.9836 0.0786 -0.1621
vn 0.9956 0.0820 0.0458
vn 0.9698 0.0835 0.2293
vn 0.8677 0.1635 0.4694
vn 0.9030 0.1107 0.4152
vn 0.8122 0.1198 0.5710
vn 0.4313 -0.0360 -0.9015
vn 0.6258 -0.0175 -0.7798
vn 0.7279 0.1270 0.6738
vn 0.5590 0.1387 0.8175
vn 0.1824 -0.0755 -0.9803
vn 0.2650 0.1776 0.9477
vn -0.0985 -0.1043 -0.9897
vn -0.0815 0.1544 0.9846
vn -0.3577 -0.1542 -0.9210
vn -0.3403 0.0662 0.9380
vn -0.5532 -0.1871 -0.8117
vn -0.6670 -0.1786 -0.7233
vn -0.4711 -0.0159 0.8819
vn -0.7884 -0.1595 -0.5941
vn -0.8449 -0.1408 -0.5161
vn -0.6848 -0.1349 0.7162
vn -0.6234 -0.0534 0.7801
vn -0.9052 -0.1249 -0.4062
vn -0.9739 -0.0980 -0.2049
vn -0.9852 -0.1299 0.1116
vn -0.8260 -0.1685 0.5378
vn 0.8797 -0.4755 -0.0081
vn 0.8086 -0.5344 0.2460
vn 0.9013 -0.1504 -0.4062
vn 0.8691 -0.2327 -0.4366
vn 0.8782 -0.3800 -0.2904
vn 0.8646 -0.4796 -0.1500
vn 0.7907 -0.6039 0.1000
vn 0.6806 -0.6707 0.2949
vn 0.6032 -0.7430 0.2900
vn 0.5026 -0.7974 0.3339
vn 0.7554 -0.6492 -0.0888
vn 0.8753 -0.3846 -0.2931
vn 0.6688 -0.6101 -0.4248
vn 0.9537 -0.2690 -0.1346
vn 0.9426 -0.2826 0.1781
vn 0.8677 -0.2925 0.4018
vn 0.7322 -0.3344 0.5933
vn 0.8644 0.0236 -0.5023
vn 0.9018 -0.0047 -0.4320
vn 0.9354 -0.0723 -0.3460
vn 0.3827 -0.8893 0.2505
vn 0.5062 -0.8421 -0.1859
vn 0.6066 -0.3612 0.7082
vn 0.3546 -0.3744 0.8568
vn 0.8337 0.2064 -0.5122
vn 0.8546 0.1603 -0.4940
vn 0.8350 0.1625 -0.5256
vn 0.8666 0.0774 -0.4929
vn -0.1147 -0.3773 0.9190
vn 0.7690 0.2202 -0.6001
vn 0.8224 0.1855 -0.5378
vn -0.2514 -0.9445 0.2113
vn -0.2092 -0.9221 0.3255
vn -0.2697 -0.9474 0.1723
vn -0.4114 -0.8860 -0.2141
vn -0.3784 -0.8835 -0.2761
vn -0.4585 -0.6663 -0.5880
vn -0.5604 -0.3352 0.7574
vn -0.6295 -0.3860 0.6744
vn -0.4300 -0.3914 0.8136
vn 0.5460 0.1932 -0.8152
vn 0.6753 0.2159 -0.7052
vn -0.0943 -0.9290 0.3578
vn -0.0245 -0.9244 0.3807
vn -0.3753 -0.9012 0.2167
vn -0.8330 -0.4000 -0.3823
vn -0.8274 -0.5574 -0.0691
vn -0.9477 -0.3027 -0.1008
vn -0.9823 -0.1175 -0.1459
vn -0.9286 -0.3254 0.1783
vn -0.9483 -0.2366 0.2117
vn -0.8524 -0.3150 0.4173
vn 0.3861 0.2811 -0.8786
vn 0.4934 0.2063 -0.8450
vn 0.4055 0.2289 -0.8849
vn 0.2179 -0.8538 0.4728
vn 0.2330 -0.8723 0.4299
vn 0.0675 -0.8743 0.4807
vn 0.2179 0.2162 -0.9517
vn 0.3402 -0.8184 0.4630
vn 0.4021 -0.7521 0.5222
vn 0.4039 -0.7527 0.5200
vn 0.0893 0.1877 -0.9782
vn 0.4671 -0.7570 0.4569
vn 0.5454 -0.7135 0.4399
vn 0.4947 -0.7701 0.4028
vn 0.6308 -0.7034 0.3276
vn 0.7881 -0.6134 -0.0516
vn 0.8016 -0.5975 -0.0184
vn 0.7987 -0.6010 -0.0310
vn 0.7709 -0.6361 -0.0335
vn 0.7545 -0.6561 -0.0158
vn 0.0226 0.1586 -0.9871
vn 0.5224 -0.7706 0.3652
vn 0.6291 -0.7525 0.1948
vn 0.7892 -0.6126 0.0434
vn 0.7252 -0.6818 0.0961
vn 0.8161 -0.5655 -0.1190
vn 0.8082 -0.5729 -0.1367
vn 0.8270 -0.5322 -0.1810
vn 0.8146 -0.5774 -0.0550
vn 0.7956 -0.6057 0.0098
vn 0.7577 -0.6523 0.0225
vn 0.7069 -0.7071 0.0180
vn 0.6801 -0.7329 0.0198
vn -0.0144 0.1591 -0.9872
vn 0.8175 -0.5757 0.0154
vn 0.8346 -0.5354 -0.1299
vn -0.1078 0.2002 -0.9738
vn -0.3219 0.2535 -0.9122
vn -0.4224 0.3014 -0.8548
vn -0.5311 0.3019 -0.7917
vn -0.9355 -0.2523 0.2474
vn -0.8984 -0.3011 0.3196
vn -0.8684 -0.3784 0.3206
vn -0.8525 -0.5227 0.0100
vn -0.5890 -0.5436 -0.5980
vn -0.6251 -0.4016 -0.6694
vn -0.2810 -0.2410 -0.9290
vn -0.7113 0.2994 -0.6359
vn -0.8004 0.3907 -0.4547
vn -0.9014 0.3884 -0.1911
vn -0.9214 0.1273 0.3673
vn -0.9549 0.0743 0.2876
vn -0.9823 0.0238 0.1857
vn -0.9961 0.0029 0.0886
vn -0.9982 -0.0373 0.0478
vn -0.9854 -0.1175 0.1234
vn -0.9470 -0.2164 0.2376
vn -0.1088 0.1086 -0.9881
vn -0.8471 0.3138 -0.4290
vn -0.9463 0.2942 -0.1341
vn -0.9544 0.2150 0.2070
vn 0.0076 0.2586 -0.9660
vn 0.0595 0.3762 -0.9246
vn -0.7338 -0.4669 0.4934
vn -0.6810 -0.5469 0.4870
vn -0.0189 0.4634 -0.8860
vn -0.7459 -0.1929 0.6375
vn -0.6878 -0.1945 0.6993
vn -0.7149 -0.2363 0.6581
vn -0.7363 -0.3842 0.5570
vn -0.2495 0.5246 -0.8140
vn -0.7650 -0.1159 0.6335
vn -0.7792 -0.1326 0.6126
vn -0.7251 -0.1561 0.6707
vn -0.5121 0.5028 -0.6964
vn -0.5981 0.4905 -0.6338
vn -0.8519 -0.0092 0.5236
vn -0.8301 -0.0630 0.5540
vn -0.6997 0.4695 -0.5385
vn -0.8625 0.4262 -0.2729
vn -0.9427 0.3326 -0.0275
vn -0.9607 0.2269 0.1601
vn -0.9456 0.1215 0.3017
vn -0.9027 0.0306 0.4291
vn 0.6856 0.0167 -0.7278
vn 0.8801 0.0457 -0.4726
vn 0.9861 0.0580 -0.1560
vn 0.9969 0.0580 0.0526
vn 0.9750 0.0584 0.2144
vn 0.9167 0.0791 0.3916
vn 0.8263 0.0904 0.5560
vn 0.3871 -0.0775 -0.9188
vn 0.5715 -0.0620 -0.8183
vn 0.7385 0.1045 0.6661
vn 0.5754 0.1113 0.8102
vn 0.1485 -0.1223 -0.9813
vn 0.2682 0.1412 0.9530
vn -0.1390 -0.1486 -0.9791
vn -0.1206 0.1356 0.9834
vn 0.0713 0.1447 0.9869
vn -0.1379 0.1204 0.9831
vn -0.3990 -0.1979 -0.8954
vn -0.4206 0.0327 0.9067
vn -0.3333 0.1021 0.9373
vn -0.5465 -0.2026 -0.8126
vn -0.6501 -0.1648 -0.7418
vn -0.5474 -0.0559 0.8350
vn -0.7765 -0.1462 -0.6129
vn -0.8781 -0.1527 -0.4534
vn -0.8969 -0.1388 -0.4200
vn -0.9252 -0.1490 -0.3490
vn -0.7668 -0.1841 0.6149
vn -0.8900 -0.2088 0.4055
vn -0.8254 -0.1669 0.5393
vn -0.6817 -0.0874 0.7264
vn -0.9693 -0.1471 -0.1972
vn -0.9653 -0.1940 0.1747
vn 0.8928 -0.3387 -0.2971
vn 0.8495 -0.5024 -0.1608
vn 0.7421 -0.6701 -0.0127
vn 0.5613 -0.7990 0.2157
vn 0.4467 -0.8341 0.3238
vn 0.7240 -0.5139 -0.4601
vn 0.8940 -0.4215 -0.1518
vn 0.7178 -0.5031 -0.4812
vn 0.8796 -0.4333 0.1963
vn 0.7920 -0.3930 0.4671
vn 0.8145 -0.4848 0.3188
vn 0.8973 -0.1257 -0.4231
vn 0.9129 -0.1889 -0.3618
vn 0.9194 -0.3131 -0.2379
vn 0.8854 -0.4435 -0.1391
vn 0.7986 -0.6008 -0.0358
vn 0.6394 -0.7619 0.1035
vn 0.4051 -0.8457 0.3474
vn 0.1194 -0.9122 0.3920
vn 0.1886 -0.8447 0.5010
vn 0.1653 -0.9722 0.1659
vn 0.3219 -0.8717 -0.3695
vn 0.3870 -0.5374 -0.7493
vn 0.5798 -0.5156 -0.6309
vn 0.7110 -0.4964 0.4980
vn 0.4081 -0.4316 0.8045
vn 0.4141 -0.5231 0.7449
vn 0.8590 0.0556 -0.5090
vn 0.8872 0.0370 -0.4598
vn 0.9092 -0.0435 -0.4141
vn -0.1217 -0.8988 0.4212
vn -0.0798 -0.8170 0.5711
vn -0.1503 -0.9820 0.1141
vn -0.1567 -0.8593 -0.4868
vn 0.0131 -0.4432 -0.8963
vn -0.1328 -0.4809 0.8666
vn -0.1309 -0.5740 0.8083
vn 0.7283 0.1520 -0.6682
vn 0.7919 0.0718 -0.6064
vn 0.6726 0.0704 -0.7367
vn 0.8459 0.0671 -0.5291
vn -0.1653 -0.8036 0.5717
vn -0.1684 -0.8034 0.5711
vn -0.1797 -0.8105 0.5575
vn -0.1640 -0.8902 0.4250
vn -0.4117 -0.2058 -0.8878
vn -0.5857 -0.4572 0.6693
vn 0.5469 0.0487 -0.8358
vn -0.0240 -0.8299 0.5573
vn -0.0429 -0.8356 0.5477
vn 0.0072 -0.9024 0.4309
vn -0.6914 0.0231 -0.7221
vn -0.8942 0.1358 -0.4266
vn -0.9932 0.0546 -0.1028
vn -0.9206 0.0303 0.3893
vn -0.8695 -0.2570 0.4218
vn -0.7800 -0.3952 0.4853
vn 0.4060 0.0650 -0.9116
vn 0.5022 0.0531 -0.8631
vn 0.2153 -0.8357 0.5051
vn 0.1987 -0.8479 0.4914
vn 0.2463 -0.8627 0.4416
vn -0.9921 0.1177 0.0433
vn 0.1983 0.0682 -0.9778
vn 0.3372 -0.8182 0.4656
vn 0.4080 -0.8049 0.4309
vn 0.3879 -0.8096 0.4405
vn 0.3855 -0.8085 0.4447
vn 0.0596 0.0596 -0.9964
vn 0.4354 -0.7968 0.4189
vn 0.3401 -0.8190 0.4622
vn 0.3497 -0.8255 0.4429
vn 0.3942 -0.8236 0.4077
vn 0.0046 0.0416 -0.9991
vn 0.2519 -0.8543 0.4548
vn 0.2731 -0.8969 0.3478
vn 0.1737 -0.8840 0.4341
vn 0.4290 -0.8729 0.2323
vn 0.6445 -0.7571 0.1071
vn 0.8295 -0.5429 -0.1314
vn 0.8180 -0.5742 -0.0335
vn 0.7734 -0.6323 0.0463
vn 0.7048 -0.7059 0.0705
vn 0.6265 -0.7773 0.0571
vn 0.5859 -0.8089 0.0481
vn -0.0000 0.0370 -0.9993
vn 0.2429 -0.9526 0.1831
vn 0.0470 -0.9654 0.2566
vn 0.5134 -0.8561 -0.0593
vn 0.6842 -0.7183 -0.1258
vn 0.7773 -0.6171 -0.1224
vn 0.7387 -0.6486 -0.1831
vn 0.8268 -0.5394 -0.1595
vn 0.8399 -0.5305 -0.1142
vn 0.8208 -0.5710 0.0159
vn 0.7517 -0.6454 0.1356
vn 0.6427 -0.7404 0.1971
vn 0.5160 -0.8424 0.1553
vn 0.5596 -0.7971 0.2269
vn 0.4708 -0.8740 0.1199
vn -0.0538 0.0584 -0.9968
vn -0.2294 -0.9670 0.1110
vn -0.2502 -0.9246 0.2873
vn -0.1681 -0.9668 0.1923
vn 0.0939 -0.9713 -0.2185
vn 0.2317 -0.9706 -0.0657
vn 0.5787 -0.7869 -0.2140
vn 0.7119 -0.6831 -0.1634
vn 0.4732 -0.8619 0.1820
vn 0.4384 -0.8873 0.1430
vn -0.2437 0.1325 -0.9608
vn -0.6555 -0.7301 0.1932
vn -0.5928 -0.6593 0.4625
vn -0.4862 -0.8033 0.3439
vn -0.4068 -0.8509 -0.3323
vn 0.0651 -0.5266 -0.8476
vn -0.4974 0.1978 -0.8447
vn -0.5407 0.2398 -0.8063
vn -0.8791 -0.3483 0.3254
vn -0.8789 -0.3375 0.3371
vn -0.8044 -0.4375 0.4019
vn -0.7308 -0.5445 0.4116
vn 0.1129 -0.1021 -0.9884
vn -0.6223 0.2008 -0.7566
vn -0.7066 0.2232 -0.6715
vn -0.8938 0.0418 0.4466
vn -0.9368 0.0243 0.3491
vn -0.9768 -0.0015 0.2142
vn -0.9915 -0.0306 0.1268
vn -0.9857 -0.1045 0.1321
vn -0.9412 -0.2361 0.2415
vn 0.0941 0.2126 -0.9726
vn -0.8798 0.2306 -0.4156
vn -0.9796 0.1923 -0.0591
vn -0.9540 0.1018 0.2821
vn 0.1421 0.3739 -0.9165
vn 0.2123 0.4856 -0.8480
vn 0.2097 0.5661 -0.7972
vn -0.5793 -0.6328 0.5137
vn -0.5181 -0.6674 0.5349
vn -0.4502 -0.7598 0.4691
vn 0.1290 0.4963 -0.8585
vn 0.1914 0.6346 -0.7487
vn -0.6647 -0.4558 0.5919
vn -0.5576 -0.4226 0.7145
vn -0.5333 -0.5623 0.6320
vn 0.0219 0.5723 -0.8197
vn 0.0682 0.6609 -0.7474
vn -0.6346 -0.2416 0.7341
vn -0.6121 -0.3306 0.7184
vn -0.2073 0.6136 -0.7619
vn -0.1887 0.6718 -0.7163
vn -0.7370 -0.1736 0.6532
vn -0.6782 -0.2088 0.7046
vn -0.4549 0.5872 -0.6695
vn -0.4516 0.6228 -0.6389
vn -0.8206 -0.0880 0.5648
vn -0.7906 -0.1265 0.5991
vn -0.5800 0.5674 -0.5845
vn -0.7509 0.5038 -0.4271
vn -0.8585 0.4204 -0.2937
vn -0.9000 0.3921 -0.1904
vn -0.9538 0.2995 0.0216
vn -0.9563 0.1923 0.2202
vn -0.9193 0.1125 0.3772
vn -0.9173 0.0281 0.3972
vn -0.8682 -0.0629 0.4923
vn -0.9330 0.3360 -0.1291
vn -0.9650 0.2469 0.0884
vn -0.9428 0.1590 0.2931
vn 0.6283 -0.0323 -0.7773
vn 0.8606 0.0119 -0.5092
vn 0.9829 0.0591 -0.1742
vn 0.9951 0.0873 0.0463
vn 0.9750 0.0924 0.2020
vn 0.9229 0.1058 0.3703
vn 0.8360 0.1259 0.5341
vn 0.4096 -0.0852 -0.9083
vn 0.4023 -0.1383 -0.9050
vn 0.7403 0.1385 0.6579
vn 0.5735 0.1317 0.8085
vn 0.1237 -0.1567 -0.9799
vn 0.2522 -0.1552 -0.9552
vn 0.2589 0.1333 0.9567
vn 0.4352 0.1287 0.8911
vn 0.2211 0.1182 0.9681
vn -0.1671 -0.1625 -0.9725
vn -0.1654 0.0890 0.9822
vn -0.4444 -0.1995 -0.8733
vn -0.3582 -0.1845 -0.9152
vn -0.4632 -0.1659 -0.8706
vn -0.4898 0.0356 0.8711
vn -0.3809 0.0805 0.9211
vn -0.6379 -0.1144 -0.7615
vn -0.6077 -0.0778 0.7904
vn -0.7453 -0.0775 0.6622
vn -0.6300 -0.0518 0.7749
vn -0.7712 -0.1100 -0.6270
vn -0.8804 -0.1282 -0.4567
vn -0.9263 -0.1357 -0.3516
vn -0.9084 -0.1727 0.3808
vn -0.8485 -0.1453 0.5088
vn -0.9735 -0.1504 -0.1722
vn -0.9613 -0.1799 0.2085
vn 0.7990 -0.5669 -0.2004
vn 0.7968 -0.5635 0.2183
vn 0.9230 -0.2955 -0.2466
vn 0.8548 -0.5113 -0.0891
vn 0.7076 -0.7053 0.0420
vn 0.5588 -0.8164 0.1456
vn 0.4033 -0.8744 0.2697
vn 0.2348 -0.8658 0.4418
vn 0.5141 -0.5201 -0.6820
vn 0.5792 -0.5561 -0.5961
vn 0.7516 -0.6312 -0.1915
vn 0.7010 -0.6707 0.2424
vn 0.4423 -0.7142 0.5425
vn 0.4955 -0.7982 0.3426
vn 0.8707 -0.0626 -0.4878
vn 0.9092 -0.0896 -0.4067
vn 0.9356 -0.1933 -0.2953
vn 0.9054 -0.4012 -0.1388
vn 0.7725 -0.6350 -0.0013
vn 0.5673 -0.8147 0.1206
vn 0.3802 -0.8902 0.2509
vn 0.0510 -0.9049 0.4226
vn 0.1741 -0.9061 0.3855
vn -0.0733 -0.8422 0.5341
vn 0.2342 -0.3230 -0.9170
vn 0.4337 -0.4416 -0.7854
vn -0.1409 -0.7916 0.5946
vn -0.0926 -0.8600 0.5017
vn 0.7288 -0.0065 -0.6847
vn 0.8465 -0.0491 -0.5300
vn 0.7762 -0.0720 -0.6264
vn -0.1218 -0.8411 0.5269
vn -0.0880 -0.8713 0.4829
vn -0.1569 -0.1114 -0.9813
vn -0.5985 -0.5485 0.5839
vn -0.5652 -0.5773 0.5893
vn 0.5452 -0.0554 -0.8364
vn 0.6694 -0.0681 -0.7398
vn -0.0819 -0.8384 0.5388
vn -0.0895 -0.8516 0.5164
vn -0.5864 0.0626 -0.8076
vn -0.8667 0.1302 -0.4816
vn -0.7439 -0.0317 0.6675
vn -0.6470 -0.4031 0.6472
vn 0.4247 -0.0416 -0.9044
vn 0.5128 -0.0508 -0.8570
vn 0.1424 -0.8586 0.4925
vn 0.1063 -0.8488 0.5180
vn -0.9775 0.0740 0.1976
vn 0.2116 -0.0180 -0.9772
vn 0.3415 -0.8395 0.4228
vn 0.3391 -0.8167 0.4669
vn 0.3708 -0.8289 0.4187
vn 0.0621 -0.0023 -0.9981
vn 0.4486 -0.7899 0.4181
vn 0.4190 -0.8138 0.4028
vn 0.4384 -0.8033 0.4030
vn 0.3543 -0.8258 0.4388
vn -0.0000 -0.0000 -1.0000
vn 0.4016 -0.7981 0.4492
vn 0.1573 -0.8445 0.5120
vn 0.2319 -0.7798 0.5815
vn 0.1485 -0.8725 0.4655
vn -0.1144 -0.8370 0.5351
vn -0.0982 -0.7590 0.6437
vn -0.0492 -0.9177 0.3942
vn 0.7698 -0.6125 -0.1797
vn 0.8012 -0.5680 -0.1882
vn 0.8245 -0.5550 -0.1102
vn 0.7979 -0.5967 0.0858
vn 0.7092 -0.6667 0.2292
vn 0.5807 -0.7615 0.2879
vn -0.0231 0.0046 -0.9997
vn -0.3720 -0.8020 0.4673
vn -0.3670 -0.7019 0.6104
vn 0.5269 -0.8181 -0.2303
vn 0.6853 -0.6453 -0.3374
vn 0.7618 -0.6044 -0.2331
vn 0.7996 -0.5524 -0.2354
vn 0.7638 -0.6092 -0.2130
vn 0.7710 -0.6019 -0.2080
vn 0.7932 -0.5994 -0.1075
vn 0.7596 -0.6392 0.1203
vn 0.6478 -0.6904 0.3220
vn 0.4533 -0.7976 0.3978
vn 0.4861 -0.7319 0.4776
vn 0.3681 -0.8924 0.2611
vn 0.3170 -0.9281 0.1956
vn -0.1617 0.0475 -0.9857
vn -0.6005 -0.6356 0.4852
vn -0.5889 -0.6166 0.5224
vn -0.5092 -0.6688 0.5417
vn 0.6030 -0.4373 -0.6672
vn 0.6705 -0.4920 -0.5553
vn 0.7549 -0.5206 -0.3989
vn 0.3455 -0.8080 0.4772
vn 0.1472 -0.9213 0.3599
vn 0.2188 -0.8223 0.5253
vn 0.0896 -0.9552 0.2822
vn -0.4364 0.1147 -0.8924
vn -0.8708 -0.3332 0.3614
vn -0.8734 -0.2933 0.3887
vn -0.7700 -0.4233 0.4774
vn -0.6718 -0.5483 0.4981
vn 0.4576 -0.0110 -0.8891
vn -0.0546 -0.8931 0.4466
vn 0.0087 -0.7930 0.6091
vn -0.1399 -0.9158 0.3764
vn -0.5690 0.1687 -0.8049
vn -0.6824 0.1817 -0.7080
vn -0.8784 -0.0134 0.4777
vn -0.9271 -0.0166 0.3744
vn -0.9727 -0.0238 0.2308
vn -0.9811 -0.0644 0.1827
vn -0.9505 -0.1740 0.2576
vn 0.3017 0.3771 -0.8756
vn 0.5508 0.3117 -0.7742
vn 0.4863 0.4530 -0.7471
vn -0.2653 -0.8000 0.5381
vn -0.1509 -0.7100 0.6878
vn -0.3860 -0.8121 0.4376
vn -0.9071 0.1683 -0.3858
vn -0.9932 0.1132 0.0287
vn -0.9354 0.0161 0.3532
vn 0.3341 0.6134 -0.7156
vn -0.4169 -0.6555 0.6296
vn -0.2628 -0.6247 0.7353
vn 0.2000 0.6523 -0.7311
vn 0.2924 0.6376 -0.7127
vn 0.1880 0.6057 -0.7732
vn -0.5095 -0.4490 0.7340
vn -0.4167 -0.4492 0.7903
vn -0.3393 -0.5550 0.7595
vn 0.0608 0.6478 -0.7594
vn 0.0415 0.5835 -0.8110
vn -0.5577 -0.3265 0.7631
vn -0.1635 0.6391 -0.7515
vn -0.1522 0.5718 -0.8061
vn -0.6927 -0.2168 0.6879
vn -0.6192 -0.2808 0.7334
vn -0.3830 0.6199 -0.6848
vn -0.3642 0.5575 -0.7461
vn -0.7921 -0.1458 0.5927
vn -0.7517 -0.1855 0.6329
vn -0.4936 0.5746 -0.6528
vn -0.6629 0.5728 -0.4821
vn -0.6454 0.5792 -0.4980
vn -0.8318 0.4541 -0.3191
vn -0.8854 0.0362 0.4634
vn -0.8748 -0.0345 0.4833
vn -0.8269 -0.1247 0.5483
vn -0.7754 0.5044 -0.3799
vn -0.8944 0.4006 -0.1990
vn -0.9600 0.2800 -0.0086
vn -0.9698 0.1664 0.1782
vn -0.9276 0.0796 0.3650
vn 0.5579 -0.0434 -0.8288
vn 0.8220 -0.0086 -0.5695
vn 0.9723 0.0609 -0.2256
vn 0.9930 0.1165 0.0215
vn 0.9731 0.1345 0.1868
vn 0.9272 0.1448 0.3454
vn 0.8411 0.1642 0.5153
vn 0.3564 -0.1261 -0.9258
vn 0.7348 0.1675 0.6573
vn 0.5560 0.1511 0.8173
vn 0.1248 -0.1699 -0.9775
vn 0.2161 -0.1619 -0.9629
vn 0.4063 0.1393 0.9030
vn 0.1863 0.1205 0.9751
vn -0.1617 -0.1566 -0.9743
vn -0.1836 0.1025 0.9776
vn -0.3422 -0.1437 -0.9286
vn -0.4362 -0.1201 -0.8918
vn -0.5382 0.0846 0.8386
vn -0.3977 0.1029 0.9117
vn -0.6248 -0.0883 -0.7758
vn -0.7906 -0.0013 0.6124
vn -0.6809 0.0200 0.7321
vn -0.7726 -0.0839 -0.6293
vn -0.8869 -0.0901 -0.4530
vn -0.9334 -0.0955 -0.3460
vn -0.9233 -0.1060 0.3692
vn -0.8777 -0.0666 0.4745
vn -0.9831 -0.1054 -0.1496
vn -0.9694 -0.1150 0.2170
vn 0.6900 -0.7014 -0.1789
vn 0.5288 -0.7862 0.3197
vn 0.8669 -0.2272 -0.4436
vn 0.9062 -0.2611 -0.3326
vn 0.9080 -0.4072 -0.0992
vn 0.7706 -0.6190 0.1518
vn 0.4961 -0.8278 0.2618
vn 0.5406 -0.7817 0.3108
vn 0.3212 -0.9007 0.2926
vn 0.2128 -0.9197 0.3299
vn 0.4324 -0.4326 -0.7911
vn 0.5433 -0.5988 -0.5884
vn 0.6288 -0.7776 -0.0010
vn 0.0459 -0.8462 0.5309
vn 0.3273 -0.6536 0.6824
vn 0.7652 -0.2020 -0.6113
vn 0.8349 -0.1951 -0.5146
vn 0.3117 -0.8795 0.3597
vn 0.0772 -0.9115 0.4040
vn 0.1772 -0.8594 0.4796
vn -0.0387 -0.9004 0.4334
vn 0.0336 -0.2072 -0.9777
vn 0.3992 -0.4103 -0.8199
vn -0.4269 -0.5997 0.6768
vn -0.0957 -0.4725 0.8761
vn 0.5675 -0.1447 -0.8105
vn 0.6745 -0.1908 -0.7132
vn 0.0338 -0.8622 0.5054
vn 0.0877 -0.8263 0.5563
vn -0.0695 -0.8541 0.5155
vn -0.4243 -0.3762 -0.8236
vn -0.7438 -0.3350 -0.5784
vn -0.4953 -0.2155 0.8416
vn 0.4593 -0.1118 -0.8812
vn 0.5403 -0.1200 -0.8329
vn 0.1642 -0.8109 0.5616
vn 0.1791 -0.7961 0.5781
vn 0.1062 -0.8257 0.5540
vn -0.9374 -0.1903 0.2918
vn 0.2415 -0.0639 -0.9683
vn 0.2634 -0.7765 0.5723
vn 0.3260 -0.7889 0.5209
vn 0.3380 -0.7453 0.5747
vn 0.0757 -0.0253 -0.9968
vn 0.4244 -0.7627 0.4881
vn 0.4126 -0.7206 0.5572
vn 0.4520 -0.7842 0.4251
vn 0.0023 -0.0069 -1.0000
vn 0.4338 -0.7557 0.4906
vn 0.3287 -0.8319 0.4471
vn 0.3240 -0.8400 0.4352
vn 0.2790 -0.8056 0.5227
vn 0.1823 -0.8636 0.4700
vn -0.0759 -0.8076 0.5848
vn -0.0036 -0.8469 0.5318
vn -0.0069 0.0023 -1.0000
vn -0.3522 -0.7381 0.5755
vn -0.3226 -0.7418 0.5879
vn -0.1581 -0.8046 0.5724
vn -0.3701 -0.7224 0.5841
vn 0.7989 -0.5609 -0.2171
vn 0.7733 -0.6043 -0.1919
vn 0.7485 -0.6324 -0.1993
vn 0.7424 -0.6650 -0.0811
vn 0.7305 -0.6495 -0.2109
vn 0.7015 -0.6892 0.1817
vn 0.5393 -0.7218 0.4338
vn 0.5735 -0.7438 0.3434
vn -0.1107 0.0297 -0.9934
vn -0.5634 -0.6152 0.5515
vn -0.5342 -0.5940 0.6015
vn 0.7545 -0.3262 -0.5695
vn 0.8377 -0.4289 -0.3382
vn 0.8615 -0.2939 -0.4140
vn 0.8378 -0.5183 -0.1718
vn 0.7950 -0.5881 -0.1489
vn 0.7451 -0.6411 -0.1836
vn 0.4383 -0.7636 0.4742
vn 0.2648 -0.7765 0.5717
vn 0.2970 -0.7297 0.6160
vn -0.3754 0.0816 -0.9233
vn -0.7726 -0.3311 0.5417
vn -0.6223 -0.4967 0.6051
vn 0.7312 0.0030 -0.6822
vn 0.8128 -0.2120 -0.5426
vn 0.0691 -0.7651 0.6402
vn 0.1181 -0.7120 0.6922
vn -0.5189 0.1497 -0.8416
vn -0.6742 0.1476 -0.7237
vn -0.8770 -0.0040 0.4804
vn -0.9276 -0.0056 0.3735
vn -0.9656 -0.0335 0.2580
vn -0.9556 -0.1136 0.2719
vn -0.8881 -0.2336 0.3958
vn 0.5770 0.4336 -0.6922
vn 0.7210 0.3816 -0.5784
vn 0.5760 0.4525 -0.6808
vn 0.7624 0.1305 -0.6338
vn -0.0820 -0.7217 0.6873
vn -0.0201 -0.6584 0.7524
vn -0.9236 0.1489 -0.3533
vn -0.9881 0.1017 0.1157
vn -0.9126 0.0117 0.4086
vn 0.3698 0.5679 -0.7354
vn 0.3913 0.5376 -0.7469
vn -0.2281 -0.6411 0.7328
vn -0.1386 -0.5779 0.8042
vn 0.1665 0.5897 -0.7903
vn 0.2780 0.5407 -0.7940
vn 0.1593 0.5351 -0.8296
vn -0.2889 -0.4959 0.8189
vn 0.0131 0.5647 -0.8252
vn 0.0025 0.5089 -0.8608
vn -0.5062 -0.3732 0.7775
vn -0.4712 -0.3252 0.8199
vn -0.3589 -0.4176 0.8347
vn -0.1530 0.5416 -0.8266
vn -0.1545 0.4951 -0.8550
vn -0.6928 -0.2363 0.6813
vn -0.6964 -0.2233 0.6820
vn -0.6273 -0.2524 0.7367
vn -0.2600 0.5102 -0.8198
vn -0.3401 0.5309 -0.7762
vn -0.7878 -0.1704 0.5919
vn -0.7926 -0.1373 0.5941
vn -0.7649 -0.1623 0.6233
vn -0.5328 0.5188 -0.6686
vn -0.5905 0.5588 -0.5823
vn -0.8432 -0.0011 0.5376
vn -0.8273 -0.0624 0.5583
vn -0.6644 0.5350 -0.5219
vn -0.7990 0.5422 -0.2600
vn -0.9114 0.4090 -0.0457
vn -0.9533 0.2798 0.1136
vn -0.9470 0.1410 0.2886
vn -0.8968 0.0411 0.4406
vn 0.5109 -0.0534 -0.8580
vn 0.7860 -0.0376 -0.6170
vn 0.9560 0.0236 -0.2924
vn 0.9960 0.0868 -0.0221
vn 0.9782 0.1242 0.1666
vn 0.9321 0.1404 0.3339
vn 0.7774 0.1726 0.6049
vn 0.8308 0.1454 0.5372
vn 0.7091 0.1471 0.6895
vn 0.3124 -0.1108 -0.9434
vn 0.5428 0.1401 0.8281
vn 0.1209 -0.1396 -0.9828
vn 0.1111 -0.1458 -0.9831
vn 0.3849 0.1323 0.9134
vn 0.1670 0.1033 0.9805
vn -0.1593 -0.1378 -0.9776
vn -0.1444 -0.1404 -0.9795
vn -0.1800 0.1011 0.9785
vn -0.4253 -0.1028 -0.8992
vn -0.5551 0.1196 0.8231
vn -0.3981 0.1194 0.9096
vn -0.6961 -0.0886 -0.7125
vn -0.6071 -0.1013 -0.7882
vn -0.7592 -0.0959 -0.6438
vn -0.8223 0.0758 0.5641
vn -0.7231 0.0859 0.6853
vn -0.8846 -0.0622 -0.4623
vn -0.9867 -0.0421 -0.1571
vn -0.9860 -0.0826 -0.1447
vn -0.9735 -0.0781 0.2150
vn -0.9814 -0.0107 0.1916
vn -0.9036 0.0269 0.4276
vn 0.8825 -0.3740 -0.2853
vn 0.8295 -0.5580 0.0226
vn 0.5976 -0.7398 0.3090
vn 0.5992 -0.7977 0.0681
vn 0.7503 -0.3435 -0.5648
vn 0.8024 -0.3806 -0.4596
vn 0.8311 -0.5284 -0.1733
vn 0.6769 -0.6984 0.2324
vn 0.3278 -0.8137 0.4800
vn 0.3785 -0.7576 0.5318
vn 0.2379 -0.8487 0.4723
vn 0.0746 -0.6332 -0.7704
vn 0.0817 -0.8781 -0.4714
vn 0.4652 -0.8470 0.2571
vn 0.0598 -0.5433 0.8374
vn 0.5954 -0.2636 -0.7590
vn 0.6889 -0.2952 -0.6620
vn 0.1867 -0.8008 0.5691
vn 0.1098 -0.8285 0.5492
vn 0.1740 -0.7765 0.6056
vn -0.6518 -0.7109 0.2640
vn -0.3616 -0.9038 0.2288
vn 0.5073 -0.2084 -0.8362
vn 0.5768 -0.2062 -0.7904
vn 0.2081 -0.7951 0.5697
vn 0.2641 -0.7345 0.6251
vn 0.3035 -0.1528 -0.9405
vn 0.3949 -0.7279 0.5606
vn 0.4330 -0.6672 0.6061
vn 0.3475 -0.7413 0.5742
vn 0.1237 -0.0809 -0.9890
vn 0.5029 -0.6298 0.5920
vn 0.4144 -0.6966 0.5857
vn 0.4628 -0.6017 0.6510
vn 0.0278 -0.0278 -0.9992
vn 0.4195 -0.6394 0.6444
vn 0.3182 -0.7910 0.5225
vn 0.3378 -0.6814 0.6493
vn 0.0069 -0.0023 -1.0000
vn 0.0936 -0.8042 0.5870
vn 0.1447 -0.6772 0.7214
vn 0.0186 -0.8754 0.4830
vn -0.1899 -0.7408 0.6444
vn -0.1106 -0.6066 0.7872
vn 0.6979 -0.7144 -0.0509
vn 0.6145 -0.7555 0.2273
vn -0.0740 0.0121 -0.9972
vn -0.4601 -0.5807 0.6717
vn -0.3812 -0.4948 0.7809
vn 0.8815 -0.4007 -0.2500
vn 0.8679 -0.4852 -0.1066
vn 0.8188 -0.5704 -0.0647
vn 0.7523 -0.6562 -0.0595
vn 0.6381 -0.7665 0.0730
vn 0.5085 -0.7997 0.3192
vn 0.3597 -0.7673 0.5310
vn -0.2965 0.0737 -0.9522
vn -0.7847 -0.2973 0.5439
vn -0.8105 -0.2797 0.5146
vn -0.6312 -0.3955 0.6672
vn 0.8660 0.0128 -0.5000
vn 0.9102 -0.1546 -0.3842
vn 0.9351 -0.2978 -0.1921
vn 0.9191 -0.3891 -0.0627
vn 0.8808 -0.4727 -0.0267
vn 0.8157 -0.5784 -0.0109
vn 0.6749 -0.7247 0.1389
vn 0.4803 -0.7647 0.4295
vn 0.1821 -0.7435 0.6435
vn 0.3545 -0.6630 0.6594
vn -0.5614 0.1450 -0.8147
vn -0.6675 0.1584 -0.7276
vn -0.8708 0.0418 0.4899
vn -0.9161 0.0350 0.3995
vn -0.9429 -0.0405 0.3305
vn -0.9117 -0.1650 0.3763
vn 0.6888 0.3854 -0.6140
vn 0.8498 0.2196 -0.4792
vn 0.8902 0.0762 -0.4491
vn 0.0737 -0.6532 0.7536
vn 0.1842 -0.5335 0.8255
vn -0.7314 0.1508 -0.6650
vn -0.9290 0.1844 -0.3210
vn -0.9735 0.1373 0.1828
vn -0.8913 0.0563 0.4499
vn 0.3806 0.5205 -0.7643
vn 0.5385 0.4679 -0.7008
vn 0.3567 0.4818 -0.8004
vn -0.0711 -0.5448 0.8356
vn 0.0023 -0.4072 0.9134
vn 0.1252 0.5077 -0.8524
vn -0.2455 -0.4416 0.8630
vn -0.1873 -0.3223 0.9279
vn -0.0224 0.5000 -0.8657
vn -0.4214 -0.2668 0.8667
vn -0.1445 0.4793 -0.8657
vn -0.6563 -0.1843 0.7316
vn -0.5758 -0.2155 0.7886
vn -0.2732 0.4619 -0.8438
vn -0.2984 0.4985 -0.8139
vn -0.7546 -0.0942 0.6494
vn -0.7275 -0.1270 0.6742
vn -0.3493 0.5049 -0.7894
vn -0.4562 0.5448 -0.7036
vn -0.8017 0.0116 0.5977
vn -0.7834 -0.0410 0.6201
vn -0.6086 0.5573 -0.5648
vn -0.6676 0.6055 -0.4333
vn -0.7846 0.5934 -0.1795
vn -0.8856 0.4626 0.0423
vn -0.9273 0.3140 0.2038
vn -0.8847 0.2550 0.3901
vn -0.9073 0.1582 0.3896
vn -0.8558 0.0575 0.5141
vn -0.6680 0.6049 -0.4335
vn -0.7798 0.6170 -0.1059
vn -0.8583 0.4910 0.1489
vn -0.8791 0.3626 0.3094
vn 0.4909 -0.0690 -0.8685
vn 0.7585 -0.0736 -0.6475
vn 0.9361 -0.0365 -0.3498
vn 0.9962 0.0323 -0.0811
vn 0.9867 0.1102 0.1190
vn 0.9378 0.1451 0.3155
vn 0.8296 0.1247 0.5442
vn 0.7038 0.1188 0.7004
vn 0.2767 -0.0947 -0.9563
vn 0.4966 0.1082 0.8612
vn 0.5924 0.1027 0.7991
vn 0.4255 0.0898 0.9005
vn 0.0883 -0.1305 -0.9875
vn 0.1573 0.0621 0.9856
vn -0.1304 -0.1591 -0.9786
vn -0.1708 0.0608 0.9834
vn -0.4056 -0.1315 -0.9046
vn -0.5223 0.1034 0.8464
vn -0.4589 0.0752 0.8853
vn -0.5859 -0.1308 -0.7998
vn -0.7292 -0.1177 -0.6741
vn -0.7566 0.0873 0.6480
vn -0.7268 0.0731 0.6830
vn -0.6209 0.0807 0.7797
vn -0.8660 -0.0663 -0.4956
vn -0.9809 -0.0305 -0.1921
vn -0.9875 0.0106 0.1575
vn -0.9152 0.0352 0.4015
vn -0.8322 0.0646 0.5508
vn 0.7786 -0.4879 -0.3945
vn 0.7431 -0.6686 -0.0290
vn 0.5062 -0.7538 0.4190
vn 0.1190 -0.9566 0.2661
vn 0.6784 -0.3367 -0.6529
vn 0.7424 -0.4452 -0.5007
vn 0.7652 -0.5585 -0.3202
vn 0.6590 -0.7437 0.1120
vn 0.4016 -0.7354 0.5458
vn 0.2114 -0.7241 0.6566
vn 0.3027 -0.6570 0.6904
vn 0.5179 -0.2498 -0.8182
vn 0.5265 -0.2859 -0.8007
vn 0.6807 -0.3760 -0.6287
vn 0.2967 -0.6619 0.6883
vn 0.3418 -0.5711 0.7463
vn 0.3820 -0.2449 -0.8911
vn 0.4312 -0.2748 -0.8594
vn 0.4711 -0.5739 0.6698
vn 0.4774 -0.4967 0.7248
vn 0.2065 -0.1371 -0.9688
vn 0.5924 -0.4695 0.6547
vn 0.5300 -0.5263 0.6650
vn 0.5949 -0.4634 0.6567
vn 0.0806 -0.0484 -0.9956
vn 0.5427 -0.4362 0.7178
vn 0.3762 -0.5847 0.7187
vn 0.4092 -0.4239 0.8080
vn 0.0231 -0.0046 -0.9997
vn 0.2013 -0.5682 0.7979
vn 0.2118 -0.4193 0.8828
vn 0.1059 -0.4739 0.8742
vn -0.0166 -0.4911 0.8709
vn -0.0492 0.0072 -0.9988
vn -0.3821 -0.4726 0.7941
vn -0.3945 -0.3805 0.8364
vn -0.1410 -0.4470 0.8834
vn -0.2094 0.0622 -0.9758
vn -0.8140 -0.2420 0.5280
vn -0.8103 -0.2034 0.5496
vn -0.7059 -0.2704 0.6546
vn 0.9303 0.0647 -0.3612
vn 0.9619 -0.0707 -0.2640
vn 0.9785 -0.1852 -0.0909
vn 0.9533 -0.2993 0.0408
vn 0.9058 -0.4108 0.1040
vn 0.8218 -0.5398 0.1823
vn 0.6736 -0.6712 0.3095
vn 0.7646 -0.5795 0.2820
vn 0.4941 -0.6958 0.5213
vn -0.4976 0.1516 -0.8541
vn -0.9005 0.0592 0.4308
vn -0.8996 0.0462 0.4344
vn -0.8949 -0.0603 0.4423
vn 0.7184 0.3242 -0.6155
vn 0.8554 0.2489 -0.4543
vn 0.6852 0.3189 -0.6548
vn 0.9080 0.1587 -0.3878
vn 0.9327 0.0949 -0.3479
vn 0.6943 -0.6104 0.3813
vn 0.5351 -0.5797 0.6146
vn 0.3767 -0.4720 0.7970
vn -0.6786 0.2176 -0.7015
vn -0.8222 0.2456 -0.5134
vn -0.9540 0.1863 -0.2351
vn -0.9667 0.1460 0.2100
vn -0.8885 0.1301 0.4401
vn -0.8748 0.0788 0.4780
vn -0.8726 0.0662 0.4839
vn 0.4136 0.4057 -0.8151
vn 0.1440 -0.3412 0.9289
vn -0.9508 0.2276 -0.2100
vn -0.9513 0.1748 0.2540
vn 0.1379 0.4908 -0.8603
vn 0.3033 0.4581 -0.8356
vn 0.1663 0.4611 -0.8716
vn -0.1405 -0.2470 0.9588
vn -0.0233 0.5261 -0.8501
vn -0.0090 0.5170 -0.8559
vn -0.3969 -0.2082 0.8939
vn -0.1655 0.5174 -0.8396
vn -0.1735 0.5182 -0.8375
vn -0.6215 -0.1402 0.7708
vn -0.5350 -0.1835 0.8247
vn -0.2698 0.5036 -0.8207
vn -0.2911 0.4692 -0.8337
vn -0.7201 -0.0544 0.6917
vn -0.6885 -0.0947 0.7190
vn -0.3453 0.4473 -0.8250
vn -0.3881 0.4830 -0.7849
vn -0.7612 0.0294 0.6479
vn -0.7443 -0.0147 0.6677
vn -0.4779 0.5396 -0.6932
vn -0.4156 0.4736 -0.7765
vn -0.8332 0.2246 0.5053
vn -0.8478 0.1817 0.4982
vn -0.8059 0.0732 0.5874
vn -0.5203 0.5287 -0.6706
vn -0.6756 0.6299 -0.3830
vn -0.6212 0.6034 -0.5000
vn -0.8018 0.5976 -0.0022
vn -0.8411 0.4613 0.2824
vn -0.8566 0.4311 0.2837
vn -0.8532 0.3124 0.4177
vn -0.7242 0.5956 -0.3477
vn -0.8256 0.5618 0.0520
vn 0.9872 0.1479 0.0600
vn 0.9942 0.0981 0.0438
vn 0.9964 0.0691 -0.0488
vn 0.9825 0.1172 0.1447
vn 0.5059 -0.0854 -0.8584
vn 0.7510 -0.0969 -0.6531
vn 0.9128 -0.0632 -0.4034
vn 0.9858 0.0067 -0.1680
vn 0.9404 0.1390 0.3104
vn 0.8192 0.1100 0.5629
vn 0.6900 0.1027 0.7165
vn 0.2655 -0.0781 -0.9609
vn 0.5697 0.0823 0.8177
vn 0.3953 0.0659 0.9162
vn 0.0503 -0.0911 -0.9946
vn 0.1365 0.0347 0.9900
vn -0.1544 -0.1273 -0.9798
vn -0.1645 0.0204 0.9862
vn -0.4028 -0.1269 -0.9064
vn -0.4451 0.0262 0.8951
vn -0.5761 -0.1326 -0.8065
vn -0.7054 -0.1217 -0.6982
vn -0.7311 0.0295 0.6816
vn -0.6199 0.0297 0.7841
vn -0.8430 -0.0944 -0.5295
vn -0.9696 -0.0819 -0.2306
vn -0.9922 -0.0397 0.1182
vn -0.9287 -0.0029 0.3707
vn -0.8456 0.0253 0.5332
vn 0.7589 -0.6202 -0.1986
vn 0.6424 -0.7238 0.2520
vn 0.3685 -0.7212 0.5865
vn 0.5787 -0.3734 -0.7250
vn 0.7201 -0.4539 -0.5248
vn 0.7827 -0.6104 -0.1217
vn 0.6650 -0.6511 0.3658
vn 0.4272 -0.6019 0.6747
vn 0.5549 -0.5210 0.6486
vn 0.4474 -0.3108 -0.8386
vn 0.4663 -0.2667 -0.8435
vn 0.5347 -0.4627 0.7071
vn 0.5644 -0.3723 0.7368
vn 0.3317 -0.1711 -0.9278
vn 0.4232 -0.2483 -0.8713
vn 0.6801 -0.2870 0.6747
vn 0.6797 -0.2734 0.6806
vn 0.1607 -0.0603 -0.9852
vn 0.5995 -0.2630 0.7559
vn 0.4672 -0.2557 0.8464
vn 0.0484 -0.0069 -0.9988
vn 0.2266 -0.2757 0.9341
vn -0.0071 -0.3542 0.9351
vn -0.0417 -0.3014 0.9526
vn -0.3834 -0.3023 0.8727
vn -0.1155 0.0536 -0.9919
vn -0.7433 -0.1892 0.6417
vn -0.6333 -0.2370 0.7367
vn 0.9484 0.0997 -0.3008
vn 0.9643 0.0705 -0.2552
vn 0.9490 0.0784 -0.3053
vn 0.9884 -0.0446 -0.1451
vn 0.9838 -0.1765 0.0324
vn 0.9421 -0.2923 0.1645
vn 0.8905 -0.3910 0.2325
vn 0.8152 -0.5022 0.2884
vn 0.8574 -0.4379 0.2705
vn -0.3810 0.1566 -0.9112
vn -0.8588 -0.0103 0.5122
vn -0.8356 -0.0946 0.5411
vn 0.7412 0.2022 -0.6400
vn 0.8898 0.1290 -0.4378
vn 0.9354 0.1028 -0.3384
vn 0.8246 -0.4673 0.3188
vn 0.7523 -0.4807 0.4505
vn 0.5388 -0.4786 0.6933
vn 0.6387 -0.5031 0.5822
vn -0.5950 0.3096 -0.7417
vn -0.7887 0.3167 -0.5269
vn -0.8554 0.0926 0.5097
vn -0.8555 0.0417 0.5160
vn -0.8516 0.0117 0.5241
vn 0.4243 0.3589 -0.8314
vn 0.5666 0.2723 -0.7777
vn 0.4101 0.2720 -0.8706
vn 0.4898 -0.4721 0.7330
vn 0.2556 -0.3706 0.8929
vn -0.9520 0.2669 -0.1499
vn -0.9276 0.1599 0.3377
vn 0.2408 0.3444 -0.9074
vn -0.0868 -0.3038 0.9488
vn 0.0462 0.4258 -0.9037
vn -0.4078 -0.2041 0.8900
vn -0.3953 -0.2446 0.8854
vn -0.2615 -0.2755 0.9250
vn -0.1539 0.4673 -0.8706
vn -0.5760 -0.1729 0.7990
vn -0.3109 0.4727 -0.8246
vn -0.3118 0.4881 -0.8152
vn -0.6781 -0.0725 0.7314
vn -0.6354 -0.1317 0.7608
vn -0.3524 0.4621 -0.8138
vn -0.3681 0.4662 -0.8044
vn -0.7248 0.0081 0.6889
vn -0.7056 -0.0341 0.7078
vn -0.3590 0.4571 -0.8138
vn -0.3875 0.4562 -0.8011
vn -0.8284 0.1966 0.5245
vn -0.7943 0.1252 0.5945
vn -0.7597 0.0445 0.6488
vn -0.4825 0.4589 -0.7461
vn -0.5570 0.5442 -0.6273
vn -0.8700 0.3804 0.3136
vn -0.8656 0.2809 0.4145
vn -0.8382 0.2401 0.4897
vn -0.7899 0.1677 0.5899
vn -0.6131 0.5104 -0.6031
vn -0.7923 0.5486 -0.2672
vn -0.8832 0.4374 0.1690
vn -0.8493 0.3427 0.4014
vn 0.9898 0.0438 -0.1353
vn 0.9960 0.0857 -0.0257
vn 0.9877 0.1169 0.1041
vn 0.6539 -0.1106 -0.7484
vn 0.8944 -0.0461 -0.4449
vn 0.7431 -0.0827 -0.6641
vn 0.9667 0.0140 -0.2554
vn 0.9470 0.1327 0.2925
vn 0.8161 0.1184 0.5656
vn 0.6788 0.1188 0.7246
vn 0.2785 -0.0558 -0.9588
vn 0.5124 -0.0801 -0.8550
vn 0.5384 0.1012 0.8366
vn 0.3549 0.0697 0.9323
vn 0.0344 -0.0517 -0.9981
vn 0.1061 0.0274 0.9940
vn -0.1794 -0.0728 -0.9811
vn -0.1734 0.0027 0.9848
vn -0.4110 -0.0813 -0.9080
vn -0.4438 -0.0000 0.8961
vn -0.5803 -0.0859 -0.8098
vn -0.6987 -0.0937 -0.7093
vn -0.7327 -0.0041 0.6805
vn -0.6196 -0.0009 0.7849
vn -0.8357 -0.0962 -0.5407
vn -0.9604 -0.1156 -0.2537
vn -0.9929 -0.0877 0.0801
vn -0.9386 -0.0446 0.3420
vn -0.8522 -0.0101 0.5230
vn 0.7112 -0.4774 -0.5159
vn 0.8072 -0.5854 -0.0756
vn 0.7966 -0.5328 -0.2856
vn 0.7368 -0.5293 0.4206
vn 0.7945 -0.5889 0.1486
vn 0.5702 -0.3457 -0.7452
vn 0.7047 -0.4874 -0.5155
vn 0.7510 -0.5225 0.4038
vn 0.6815 -0.2841 0.6744
vn 0.7025 -0.3410 0.6247
vn 0.4575 -0.1971 -0.8671
vn 0.5457 -0.2485 -0.8003
vn 0.7269 -0.2951 0.6201
vn 0.7260 -0.1636 0.6679
vn 0.6687 -0.1628 0.7255
vn 0.2431 -0.0752 -0.9671
vn 0.5277 -0.2076 0.8236
vn 0.5502 -0.2370 0.8007
vn 0.0756 -0.0147 -0.9970
vn 0.3949 -0.2527 0.8833
vn 0.2128 -0.2674 0.9398
vn 0.0002 -0.0005 -1.0000
vn -0.0804 -0.2919 0.9531
vn -0.0071 0.0021 -1.0000
vn -0.3823 -0.3103 0.8704
vn -0.0476 0.0284 -0.9985
vn -0.6826 -0.2165 0.6980
vn -0.5677 -0.2780 0.7749
vn 0.9675 -0.0209 -0.2520
vn 0.9781 -0.0616 -0.1986
vn 0.9883 -0.1510 -0.0223
vn 0.9576 -0.2482 0.1461
vn 0.9198 -0.3176 0.2302
vn 0.9206 -0.3075 0.2408
vn 0.8763 -0.3901 0.2826
vn -0.2375 0.1247 -0.9633
vn -0.8221 -0.1264 0.5552
vn -0.7844 -0.1681 0.5970
vn 0.8031 0.0825 -0.5902
vn 0.9037 0.0550 -0.4245
vn 0.9508 0.0268 -0.3086
vn 0.9099 -0.3232 0.2599
vn 0.8780 -0.3446 0.3322
vn 0.8252 -0.4065 0.3921
vn 0.6854 -0.5013 0.5281
vn 0.7642 -0.4599 0.4523
vn -0.5207 0.2265 -0.8232
vn -0.7184 0.3193 -0.6180
vn -0.8092 -0.0138 0.5874
vn -0.8223 -0.0646 0.5653
vn -0.8262 -0.1123 0.5521
vn 0.4847 0.1646 -0.8591
vn 0.6450 0.1086 -0.7564
vn 0.6654 -0.4824 0.5697
vn 0.3572 -0.4744 0.8046
vn 0.4465 -0.4785 0.7561
vn -0.8038 0.2388 -0.5448
vn -0.9821 0.1848 -0.0361
vn -0.8941 0.0502 0.4451
vn 0.2902 0.2837 -0.9139
vn 0.4195 0.2433 -0.8745
vn 0.3058 0.2584 -0.9164
vn -0.0504 -0.4170 0.9075
vn 0.0340 -0.4380 0.8983
vn 0.0795 0.3527 -0.9324
vn 0.1104 0.2953 -0.9490
vn -0.3141 -0.3503 0.8824
vn -0.1221 0.4001 -0.9083
vn -0.0870 0.3378 -0.9372
vn -0.5164 -0.2638 0.8147
vn -0.2813 0.4273 -0.8592
vn -0.2692 0.3856 -0.8825
vn -0.6230 -0.1470 0.7683
vn -0.5660 -0.2263 0.7927
vn -0.3269 0.4013 -0.8556
vn -0.3487 0.4475 -0.8235
vn -0.6876 -0.0647 0.7232
vn -0.6585 -0.1112 0.7443
vn -0.3779 0.4485 -0.8100
vn -0.3802 0.4657 -0.7991
vn -0.7483 0.0200 0.6630
vn -0.7190 -0.0353 0.6941
vn -0.4069 0.4553 -0.7919
vn -0.4743 0.4412 -0.7618
vn -0.8399 0.2124 0.4995
vn -0.7747 0.1432 0.6159
vn -0.7529 0.0634 0.6551
vn -0.6477 0.4884 -0.5848
vn -0.7929 0.4797 -0.3757
vn -0.8461 0.4993 -0.1867
vn -0.8965 0.3814 0.2254
vn -0.8490 0.2785 0.4491
vn -0.8497 0.2536 0.4623
vn -0.8144 0.1871 0.5493
vn -0.8953 0.4288 -0.1204
vn -0.9009 0.3275 0.2848
vn 0.9529 0.0628 -0.2966
vn 0.9529 0.0418 -0.3003
vn 0.9096 0.0371 -0.4138
vn 0.9951 0.0790 -0.0592
vn 0.9502 0.1399 0.2785
vn 0.9655 0.1045 0.2387
vn 0.8916 0.1161 0.4377
vn 0.7321 -0.0286 -0.6806
vn 0.8760 0.0003 -0.4824
vn 0.8194 0.1250 0.5594
vn 0.6640 0.1309 0.7362
vn 0.2901 -0.0198 -0.9568
vn 0.5141 -0.0318 -0.8572
vn 0.4993 0.1147 0.8588
vn 0.3027 0.0724 0.9503
vn 0.0311 -0.0118 -0.9994
vn 0.0669 0.0304 0.9973
vn -0.1994 -0.0192 -0.9797
vn -0.1878 0.0040 0.9822
vn -0.4282 -0.0313 -0.9031
vn -0.5984 -0.0396 -0.8002
vn -0.7159 -0.0599 -0.6957
vn -0.7375 -0.0027 0.6753
vn -0.6215 -0.0000 0.7834
vn -0.8479 -0.0731 -0.5252
vn -0.9598 -0.1026 -0.2611
vn -0.9960 -0.0802 0.0400
vn -0.9521 -0.0378 0.3033
vn -0.8632 -0.0069 0.5048
vn 0.7935 -0.6048 -0.0678
vn 0.7227 -0.4981 -0.4792
vn 0.7678 -0.5957 -0.2358
vn 0.7561 -0.6492 -0.0830
vn 0.7683 -0.5657 0.2995
vn 0.7554 -0.4538 0.4727
vn 0.5542 -0.2563 -0.7919
vn 0.5875 -0.3223 -0.7423
vn 0.7290 -0.5200 -0.4451
vn 0.7582 -0.3940 0.5194
vn 0.7180 -0.1422 0.6814
vn 0.7269 -0.3570 0.5866
vn 0.3472 -0.2050 -0.9151
vn 0.4705 -0.2906 -0.8331
vn 0.6317 -0.3499 0.6917
vn 0.4496 -0.3942 0.8016
vn 0.1279 -0.0985 -0.9869
vn 0.2022 -0.3484 0.9153
vn 0.1906 -0.4953 0.8476
vn 0.0146 -0.0362 -0.9992
vn 0.0525 -0.4746 0.8786
vn -0.0936 -0.4300 0.8979
vn 0.0002 -0.0154 -0.9999
vn -0.3987 -0.3406 0.8515
vn -0.3932 -0.4294 0.8130
vn -0.2440 -0.4509 0.8586
vn -0.0230 -0.0119 -0.9997
vn -0.6240 -0.3275 0.7095
vn 0.9874 -0.1189 -0.1046
vn 0.9586 -0.2775 0.0642
vn 0.9829 -0.1841 -0.0045
vn 0.9341 -0.2955 0.2005
vn 0.9389 -0.3068 0.1560
vn -0.1553 -0.0124 -0.9878
vn -0.8080 -0.1850 0.5593
vn -0.7910 -0.2496 0.5585
vn -0.7831 -0.2633 0.5634
vn -0.7333 -0.2923 0.6139
vn 0.8310 0.0530 -0.5538
vn 0.9197 0.0019 -0.3927
vn 0.9686 -0.0735 -0.2376
vn 0.9830 -0.1693 -0.0712
vn 0.9342 -0.2909 0.2065
vn 0.9097 -0.3023 0.2846
vn 0.8636 -0.3364 0.3755
vn 0.7751 -0.4136 0.4777
vn 0.8031 -0.3773 0.4611
vn -0.4745 0.0112 -0.8802
vn -0.7518 -0.1515 0.6417
vn -0.7676 -0.2095 0.6057
vn 0.5419 0.1423 -0.8283
vn 0.7025 0.0725 -0.7080
vn 0.7322 -0.4256 0.5318
vn 0.5263 -0.5226 0.6707
vn 0.5366 -0.5237 0.6617
vn -0.8602 0.0108 -0.5098
vn -0.9957 -0.0609 0.0693
vn -0.8427 -0.1312 0.5221
vn 0.3393 0.2178 -0.9151
vn 0.4681 0.1816 -0.8648
vn 0.3302 -0.5667 0.7549
vn 0.1194 -0.5397 0.8333
vn 0.1420 0.2510 -0.9575
vn -0.2249 -0.4605 0.8587
vn -0.0302 0.2931 -0.9556
vn -0.4831 -0.3052 0.8206
vn -0.4299 -0.3141 0.8465
vn -0.3573 -0.3912 0.8481
vn -0.1867 0.3505 -0.9178
vn -0.5586 -0.2499 0.7909
vn -0.3079 0.3989 -0.8638
vn -0.3425 0.4320 -0.8343
vn -0.6466 -0.1701 0.7436
vn -0.6052 -0.2179 0.7657
vn -0.3462 0.4206 -0.8386
vn -0.3796 0.4285 -0.8199
vn -0.6986 -0.0905 0.7098
vn -0.6755 -0.1441 0.7232
vn -0.4400 0.4103 -0.7988
vn -0.4591 0.4383 -0.7727
vn -0.7151 0.0741 0.6951
vn -0.6872 -0.0404 0.7253
vn -0.5111 0.4112 -0.7548
vn -0.7150 0.4444 -0.5397
vn -0.6142 0.3919 -0.6850
vn -0.8302 0.2647 0.4907
vn -0.8187 0.2503 0.5168
vn -0.7698 0.1456 0.6215
vn -0.8012 0.3913 -0.4527
vn -0.9234 0.3826 -0.0294
vn -0.8902 0.3038 0.3396
vn 0.8996 0.0473 -0.4341
vn 0.9463 0.0558 -0.3184
vn 0.9938 0.0714 -0.0852
vn 0.9737 0.0921 0.2084
vn 0.9054 0.1161 0.4085
vn 0.7245 0.0039 -0.6893
vn 0.8630 0.0229 -0.5048
vn 0.8253 0.1295 0.5496
vn 0.6467 0.1191 0.7534
vn 0.2966 -0.0031 -0.9550
vn 0.5134 -0.0011 -0.8581
vn 0.4633 0.1044 0.8801
vn 0.2675 0.0674 0.9612
vn 0.0357 -0.0011 -0.9994
vn 0.0358 0.0458 0.9983
vn -0.2053 -0.0005 -0.9787
vn -0.2020 0.0261 0.9790
vn -0.4382 -0.0056 -0.8989
vn -0.4449 0.0134 0.8955
vn -0.6129 -0.0103 -0.7901
vn -0.7312 -0.0272 -0.6816
vn -0.7384 -0.0017 0.6744
vn -0.6235 0.0091 0.7818
vn -0.8623 -0.0365 -0.5050
vn -0.9631 -0.0575 -0.2631
vn -0.9986 -0.0514 0.0149
vn -0.9600 -0.0283 0.2785
vn -0.8688 -0.0060 0.4951
vn 0.7396 -0.6698 -0.0668
vn 0.7336 -0.6408 0.2262
vn 0.6020 -0.5744 -0.5547
vn 0.7185 -0.6281 -0.2986
vn 0.6996 -0.7142 -0.0224
vn 0.6692 -0.7221 0.1751
vn 0.6546 -0.6091 0.4478
vn 0.6064 -0.7307 0.3137
vn 0.4383 -0.4447 -0.7811
vn 0.5548 -0.4993 -0.6654
vn 0.5180 -0.7584 0.3956
vn 0.4182 -0.6173 0.6664
vn 0.3944 -0.7837 0.4799
vn 0.2411 -0.3472 -0.9063
vn 0.2503 -0.7391 0.6253
vn 0.1565 -0.6635 0.7316
vn 0.0860 -0.2267 -0.9702
vn -0.0936 -0.5711 0.8155
vn -0.0499 -0.6557 0.7534
vn 0.0202 -0.1604 -0.9868
vn -0.3028 -0.5951 0.7444
vn -0.0475 -0.1637 -0.9854
vn -0.6109 -0.4199 0.6712
vn -0.5840 -0.5010 0.6388
vn -0.4427 -0.5774 0.6859
vn 0.9503 -0.3005 0.0818
vn -0.1952 -0.2291 -0.9536
vn -0.7284 -0.3939 0.5606
vn -0.7086 -0.4387 0.5526
vn 0.7994 0.0345 -0.5998
vn 0.8545 0.0645 -0.5155
vn 0.7329 0.0742 -0.6763
vn 0.9471 -0.0253 -0.3199
vn 0.9818 -0.1252 -0.1426
vn 0.9792 -0.2030 -0.0047
vn 0.9629 -0.2472 0.1081
vn 0.9345 -0.2769 0.2237
vn 0.8842 -0.3315 0.3290
vn 0.8102 -0.3784 0.4478
vn 0.8357 -0.3862 0.3905
vn -0.4675 -0.3099 -0.8279
vn -0.6794 -0.3203 0.6601
vn -0.6999 -0.3781 0.6059
vn 0.5984 0.1824 -0.7801
vn 0.7626 -0.4157 0.4956
vn 0.5818 -0.4942 0.6460
vn 0.6064 -0.5029 0.6159
vn -0.8240 -0.3479 -0.4471
vn -0.9128 -0.3936 0.1093
vn -0.7704 -0.3546 0.5298
vn 0.3722 0.2787 -0.8853
vn 0.5256 0.2152 -0.8231
vn 0.4648 -0.5178 0.7182
vn 0.1559 -0.5693 0.8072
vn 0.2362 -0.5098 0.8273
vn 0.1708 0.3408 -0.9245
vn -0.1855 -0.4944 0.8492
vn -0.0959 -0.4560 0.8848
vn 0.0134 0.3805 -0.9247
vn -0.3611 -0.3751 0.8538
vn -0.1304 0.3977 -0.9082
vn -0.5348 -0.2944 0.7920
vn -0.5256 -0.3078 0.7931
vn -0.4730 -0.3340 0.8153
vn -0.2547 0.4081 -0.8767
vn -0.6422 -0.2286 0.7317
vn -0.6164 -0.2335 0.7520
vn -0.5872 -0.2632 0.7654
vn -0.3645 0.4073 -0.8374
vn -0.3859 0.4293 -0.8166
vn -0.6306 -0.1590 0.7596
vn -0.4216 0.4103 -0.8087
vn -0.4689 0.3846 -0.7951
vn -0.6126 0.0099 0.7903
vn -0.5841 -0.1182 0.8031
vn -0.5571 0.3397 -0.7577
vn -0.5853 0.3806 -0.7159
vn -0.8068 0.2778 0.5215
vn -0.7618 0.1945 0.6179
vn -0.6866 0.0970 0.7205
vn -0.6592 0.3279 -0.6767
vn -0.8400 0.3300 -0.4307
vn -0.9119 0.3390 -0.2311
vn -0.9172 0.3985 0.0044
vn -0.9164 0.3169 0.2444
vn -0.8796 0.3014 0.3680
vn -0.8029 0.2547 0.5389
vn -0.9421 0.3348 0.0195
vn 0.8897 0.0550 -0.4531
vn 0.9438 0.0585 -0.3253
vn 0.9930 0.0668 -0.0977
vn 0.9797 0.0818 0.1829
vn 0.9140 0.1093 0.3907
vn 0.7073 0.0201 -0.7067
vn 0.8499 0.0368 -0.5257
vn 0.8265 0.1144 0.5513
vn 0.5718 0.1047 0.8137
vn 0.6739 0.0912 0.7331
vn 0.4874 0.0915 0.8684
vn 0.2907 0.0051 -0.9568
vn 0.5021 0.0140 -0.8647
vn 0.2570 0.0957 0.9617
vn 0.0346 0.0007 -0.9994
vn 0.0207 0.0995 0.9948
vn -0.2068 -0.0000 -0.9784
vn -0.2206 0.0815 0.9719
vn -0.4433 -0.0017 -0.8964
vn -0.4611 0.0460 0.8862
vn -0.6222 -0.0049 -0.7829
vn -0.7436 -0.0159 -0.6684
vn -0.7497 0.0120 0.6617
vn -0.6409 0.0355 0.7668
vn -0.8728 -0.0218 -0.4877
vn -0.9656 -0.0336 -0.2580
vn -0.9995 -0.0327 0.0033
vn -0.9665 -0.0108 0.2563
vn -0.8766 0.0056 0.4812
vn 0.6278 -0.7220 -0.2909
vn 0.6094 -0.7929 0.0055
vn 0.5348 -0.8249 0.1832
vn 0.4790 -0.6194 -0.6220
vn 0.5459 -0.7937 -0.2684
vn 0.5102 -0.8548 0.0944
vn 0.4244 -0.8732 0.2396
vn 0.3651 -0.8591 0.3586
vn 0.3893 -0.5839 -0.7124
vn 0.5025 -0.8295 -0.2437
vn 0.4239 -0.6975 -0.5778
vn 0.4765 -0.8711 0.1187
vn 0.3882 -0.8755 0.2879
vn 0.2621 -0.8701 0.4175
vn 0.3069 -0.8707 0.3843
vn 0.1739 -0.8052 0.5670
vn 0.1949 -0.5410 -0.8181
vn 0.2955 -0.6520 -0.6983
vn 0.0929 -0.8647 0.4936
vn 0.1277 -0.8823 0.4531
vn -0.0220 -0.7701 0.6376
vn 0.0626 -0.4706 -0.8801
vn -0.2181 -0.7862 0.5783
vn -0.1761 -0.8259 0.5355
vn -0.2878 -0.6942 0.6597
vn -0.0895 -0.4561 -0.8854
vn -0.5284 -0.6174 0.5827
vn -0.4557 -0.7049 0.5436
vn -0.2704 -0.5249 -0.8071
vn -0.6635 -0.4713 0.5812
vn -0.5780 -0.5427 0.6094
vn -0.5680 -0.6251 0.5353
vn 0.7818 0.1349 -0.6087
vn 0.8903 0.0838 -0.4476
vn 0.9728 -0.0031 -0.2318
vn 0.9942 -0.0852 -0.0660
vn 0.9889 -0.1393 0.0508
vn 0.9650 -0.2016 0.1677
vn 0.9068 -0.2885 0.3074
vn 0.8185 -0.4043 0.4082
vn 0.8404 -0.3561 0.4086
vn -0.6289 -0.5919 -0.5041
vn -0.5242 -0.7019 -0.4823
vn -0.7581 -0.6443 0.1008
vn -0.6841 -0.7281 0.0436
vn -0.7254 -0.4756 0.4976
vn -0.6601 -0.6037 0.4469
vn 0.6123 0.2325 -0.7557
vn 0.6892 0.2380 -0.6843
vn 0.5955 0.2478 -0.7642
vn 0.7736 -0.4297 0.4657
vn 0.7024 -0.4852 0.5208
vn 0.5836 -0.5201 0.6236
vn 0.4166 0.3439 -0.8416
vn 0.3137 -0.5339 0.7852
vn 0.3337 -0.5594 0.7588
vn 0.1948 0.4274 -0.8829
vn 0.3231 0.4156 -0.8502
vn 0.2251 0.4376 -0.8705
vn 0.1401 -0.5657 0.8126
vn -0.0341 -0.5105 0.8592
vn 0.0254 0.4660 -0.8844
vn 0.0352 0.4681 -0.8830
vn -0.3410 -0.4011 0.8502
vn -0.3100 -0.4220 0.8519
vn -0.1745 -0.4845 0.8572
vn -0.1271 0.4671 -0.8750
vn -0.1361 0.4586 -0.8782
vn -0.4844 -0.3515 0.8011
vn -0.2585 0.4460 -0.8569
vn -0.2675 0.4326 -0.8610
vn -0.5444 -0.2317 0.8062
vn -0.5174 -0.2975 0.8024
vn -0.3262 0.4236 -0.8451
vn -0.3731 0.3981 -0.8381
vn -0.5938 -0.1530 0.7899
vn -0.5028 -0.1104 0.8573
vn -0.5657 -0.1478 0.8113
vn -0.4709 0.3667 -0.8024
vn -0.4857 0.3875 -0.7835
vn -0.5219 -0.0215 0.8528
vn -0.5432 0.3595 -0.7587
vn -0.6058 0.3133 -0.7313
vn -0.6867 0.1084 0.7188
vn -0.6023 0.0438 0.7971
vn -0.7228 0.2586 -0.6409
vn -0.7985 0.2170 -0.5615
vn -0.8756 0.2563 -0.4095
vn -0.8853 0.2797 0.3716
vn -0.8366 0.2206 0.5014
vn -0.7769 0.1957 0.5984
vn -0.9025 0.2016 -0.3807
vn -0.9771 0.2127 0.0033
vn -0.9063 0.2233 0.3588
vn 0.8872 -0.0018 -0.4613
vn 0.9442 -0.0031 -0.3293
vn 0.9944 -0.0033 -0.1057
vn 0.9862 0.0037 0.1657
vn 0.8586 0.0862 0.5053
vn 0.8988 0.0247 0.4376
vn 0.7863 0.0284 0.6171
vn 0.6974 -0.0141 -0.7165
vn 0.8424 -0.0036 -0.5388
vn 0.6837 0.0519 0.7279
vn 0.5121 0.0746 0.8557
vn 0.2879 -0.0077 -0.9576
vn 0.4980 -0.0137 -0.8671
vn 0.2780 0.1455 0.9495
vn 0.0341 -0.0035 -0.9994
vn 0.0196 0.1829 0.9829
vn -0.2525 0.1544 0.9552
vn -0.4438 -0.0000 -0.8961
vn -0.4947 0.0828 0.8651
vn -0.6261 -0.0009 -0.7797
vn -0.7486 -0.0042 -0.6630
vn -0.7614 0.0389 0.6471
vn -0.6648 0.0624 0.7444
vn -0.8765 -0.0049 -0.4814
vn -0.9656 0.0029 -0.2600
vn -0.9998 0.0177 -0.0113
vn -0.9701 0.0378 0.2397
vn -0.8789 0.0359 0.4757
vn 0.3973 -0.8919 -0.2161
vn 0.3919 -0.9076 0.1505
vn 0.3252 -0.8862 0.3301
vn 0.2397 -0.7645 -0.5983
vn 0.2730 -0.9382 -0.2127
vn 0.2506 -0.9482 0.1950
vn 0.1705 -0.9057 0.3881
vn 0.1000 -0.7640 -0.6374
vn 0.2116 -0.9581 -0.1930
vn 0.1029 -0.9016 -0.4202
vn 0.1774 -0.9523 0.2482
vn -0.0987 -0.8870 0.4511
vn 0.0239 -0.8879 0.4595
vn -0.1245 -0.7835 -0.6088
vn -0.1967 -0.9245 -0.3266
vn -0.2859 -0.8978 0.3349
vn -0.2791 -0.9502 0.1386
vn -0.1028 -0.9414 0.3212
vn -0.3879 -0.7823 0.4873
vn -0.3630 -0.7854 -0.5014
vn -0.3795 -0.9232 -0.0608
vn -0.4930 -0.8697 -0.0238
vn -0.5425 -0.7511 0.3762
vn 0.8403 0.1481 -0.5214
vn 0.9276 0.0964 -0.3608
vn 0.9884 0.0198 -0.1508
vn 0.9990 -0.0452 -0.0065
vn 0.9885 -0.1015 0.1118
vn 0.9430 -0.1991 0.2667
vn 0.8377 -0.3397 0.4276
vn 0.8818 -0.2805 0.3790
vn 0.6337 0.2384 -0.7359
vn 0.7327 0.2029 -0.6496
vn 0.7952 -0.3321 0.5073
vn 0.7028 -0.4592 0.5433
vn 0.6076 -0.5518 0.5712
vn 0.6309 -0.5377 0.5593
vn 0.4515 0.3423 -0.8240
vn 0.5895 0.2966 -0.7514
vn 0.4661 0.3305 -0.8207
vn 0.5404 -0.5593 0.6286
vn 0.3699 -0.5572 0.7435
vn 0.2648 0.3863 -0.8835
vn -0.0093 -0.5653 0.8248
vn 0.0822 -0.5407 0.8372
vn 0.0468 0.4144 -0.9089
vn -0.2294 -0.4731 0.8506
vn -0.1560 0.4015 -0.9025
vn -0.4548 -0.3686 0.8107
vn -0.3862 -0.2955 0.8738
vn -0.3524 -0.3834 0.8538
vn -0.2770 0.3785 -0.8832
vn -0.4606 -0.1877 0.8676
vn -0.3866 0.3670 -0.8461
vn -0.3870 0.4024 -0.8296
vn -0.4372 -0.0753 0.8962
vn -0.4945 -0.1122 0.8619
vn -0.4474 0.3664 -0.8158
vn -0.4989 0.3444 -0.7953
vn -0.4587 -0.0130 0.8885
vn -0.5895 0.3100 -0.7459
vn -0.6704 0.2836 -0.6856
vn -0.6165 0.0630 0.7849
vn -0.5387 0.0304 0.8419
vn -0.7744 0.2260 -0.5910
vn -0.8368 0.1954 -0.5115
vn -0.8408 0.1566 0.5182
vn -0.7438 0.1433 0.6528
vn -0.9247 0.1499 -0.3500
vn -0.9912 0.1322 -0.0072
vn -0.9314 0.1412 0.3355
vn 0.8903 -0.0849 -0.4474
vn 0.9420 -0.0937 -0.3223
vn 0.9897 -0.0970 -0.1050
vn 0.9837 -0.0926 0.1543
vn 0.9056 -0.0727 0.4178
vn 0.8085 -0.0630 0.5851
vn 0.6985 -0.0721 -0.7119
vn 0.8416 -0.0673 -0.5359
vn 0.7221 0.0302 0.6911
vn 0.5794 0.0590 0.8129
vn 0.3012 -0.0353 -0.9529
vn 0.5083 -0.0630 -0.8589
vn 0.3358 0.1711 0.9263
vn 0.0451 -0.0146 -0.9989
vn 0.0304 0.2215 0.9747
vn -0.2031 -0.0013 -0.9792
vn -0.3014 0.1856 0.9352
vn -0.5448 0.0943 0.8332
vn -0.6269 -0.0000 -0.7791
vn -0.7478 0.0056 -0.6639
vn -0.7661 0.0650 0.6394
vn -0.6902 0.0713 0.7201
vn -0.8725 0.0112 -0.4885
vn -0.9582 0.0466 -0.2822
vn -0.9948 0.0940 -0.0404
vn -0.9663 0.1114 0.2322
vn -0.8703 0.0763 0.4865
vn 0.0634 -0.9905 -0.1222
vn 0.0476 -0.9638 0.2622
vn -0.1942 -0.9780 -0.0759
vn 0.8813 0.1127 -0.4590
vn 0.9547 0.0645 -0.2904
vn 0.9958 0.0161 -0.0896
vn 0.9980 -0.0382 0.0511
vn 0.9719 -0.1174 0.2039
vn 0.8933 -0.2286 0.3870
vn 0.8253 -0.2892 0.4851
vn 0.6825 0.1533 -0.7146
vn 0.7796 0.1401 -0.6105
vn 0.7382 -0.3602 0.5704
vn 0.6204 -0.4823 0.6185
vn 0.6221 -0.3951 0.6760
vn 0.5146 0.2348 -0.8247
vn 0.6500 0.1731 -0.7400
vn 0.5657 -0.4699 0.6776
vn 0.4216 -0.5798 0.6972
vn 0.4670 -0.5391 0.7009
vn 0.2729 0.3576 -0.8931
vn 0.3851 0.2685 -0.8830
vn 0.2606 0.2513 -0.9322
vn 0.1345 -0.5718 0.8093
vn 0.2138 -0.5184 0.8280
vn 0.0465 0.3680 -0.9287
vn 0.0447 0.2530 -0.9664
vn -0.1864 -0.4708 0.8623
vn -0.0723 -0.3998 0.9138
vn -0.1638 0.3490 -0.9227
vn -0.1612 0.2619 -0.9515
vn -0.2509 -0.2742 0.9284
vn -0.2370 0.3003 -0.9239
vn -0.2837 0.3214 -0.9034
vn -0.3759 -0.1674 0.9114
vn -0.3812 0.3233 -0.8661
vn -0.3797 -0.0473 0.9239
vn -0.4137 -0.1053 0.9043
vn -0.4892 0.3166 -0.8127
vn -0.5026 0.3414 -0.7943
vn -0.4092 0.0167 0.9123
vn -0.5516 0.3095 -0.7745
vn -0.6523 0.2906 -0.7000
vn -0.6342 0.2790 -0.7210
vn -0.5767 0.0804 0.8130
vn -0.4976 0.0640 0.8650
vn -0.7202 0.2554 -0.6450
vn -0.8088 0.2233 -0.5440
vn -0.7843 0.2259 -0.5778
vn -0.7606 0.1225 0.6376
vn -0.6928 0.1111 0.7125
vn -0.8464 0.2066 -0.4909
vn -0.9415 0.1585 -0.2974
vn -0.9906 0.1367 0.0017
vn -0.9367 0.1305 0.3249
vn -0.8171 0.1184 0.5642
vn 0.9347 -0.1386 -0.3272
vn 0.9801 -0.1670 -0.1075
vn 0.9594 -0.1740 -0.2221
vn 0.9769 -0.1598 0.1419
vn 0.8896 -0.1020 0.4452
vn 0.9430 -0.1547 0.2947
vn 0.7095 -0.1411 -0.6905
vn 0.8432 -0.1427 -0.5183
vn 0.9276 -0.1723 -0.3314
vn 0.8983 -0.1306 0.4195
vn 0.7793 -0.0166 0.6264
vn 0.6570 0.0440 0.7526
vn 0.3365 -0.0725 -0.9389
vn 0.5364 -0.1158 -0.8360
vn 0.4027 0.1647 0.9004
vn 0.0731 -0.0275 -0.9969
vn 0.0281 0.2213 0.9748
vn 0.2374 0.1852 0.9536
vn 0.0336 0.1996 0.9793
vn -0.1917 0.0054 -0.9814
vn -0.3201 0.1849 0.9292
vn -0.3286 0.1702 0.9290
vn -0.4444 0.0150 -0.8957
vn -0.5920 0.0777 0.8022
vn -0.5050 0.1482 0.8503
vn -0.6215 0.0185 -0.7832
vn -0.7368 0.0356 -0.6752
vn -0.7544 0.0384 0.6553
vn -0.6994 0.0437 0.7134
vn -0.8561 0.0471 -0.5147
vn -0.9394 0.0958 -0.3291
vn -0.9874 0.1395 -0.0748
vn -0.9603 0.1216 0.2512
vn -0.8493 0.0568 0.5249
vn 0.9014 0.0015 -0.4330
vn 0.9656 -0.0072 -0.2598
vn 0.9985 -0.0231 -0.0497
vn 0.9908 -0.0670 0.1173
vn 0.9409 -0.1539 0.3017
vn 0.8357 -0.2687 0.4790
vn 0.8735 -0.2160 0.4363
vn 0.7086 0.0370 -0.7046
vn 0.8085 0.0110 -0.5884
vn 0.8065 -0.2390 0.5408
vn 0.6687 -0.3379 0.6623
vn 0.6991 -0.3025 0.6479
vn 0.5605 0.1048 -0.8215
vn 0.6921 0.0481 -0.7202
vn 0.5968 -0.3231 0.7344
vn 0.4772 -0.4725 0.7410
vn 0.4577 -0.3641 0.8111
vn 0.2577 0.1093 -0.9600
vn 0.4082 0.1148 -0.9057
vn 0.3788 -0.4125 0.8285
vn 0.3058 -0.4367 0.8460
vn 0.0590 0.1089 -0.9923
vn 0.0732 -0.3796 0.9223
vn -0.1054 0.1490 -0.9832
vn -0.1435 -0.2755 0.9505
vn -0.2194 0.2074 -0.9533
vn -0.2678 0.2870 -0.9198
vn -0.2863 -0.1818 0.9408
vn -0.2816 0.2517 -0.9259
vn -0.3721 0.2774 -0.8858
vn -0.2989 -0.0482 0.9531
vn -0.3197 -0.1358 0.9377
vn -0.4988 0.2719 -0.8229
vn -0.3449 0.0329 0.9381
vn -0.5796 0.2693 -0.7691
vn -0.6596 0.2562 -0.7066
vn -0.5429 0.1164 0.8317
vn -0.4466 0.0995 0.8892
vn -0.7400 0.2454 -0.6262
vn -0.7990 0.2351 -0.5535
vn -0.6766 0.1204 0.7265
vn -0.8663 0.2185 -0.4492
vn -0.9380 0.2191 -0.2685
vn -0.9783 0.2067 0.0172
vn -0.9268 0.1785 0.3306
vn -0.8092 0.1308 0.5728
vn 0.9717 -0.2054 -0.1164
vn 0.9739 -0.1902 0.1241
vn 0.7319 -0.1721 -0.6594
vn 0.8418 -0.1738 -0.5111
vn 0.9259 -0.1697 -0.3375
vn 0.9808 -0.1456 -0.1296
vn 0.9868 -0.1149 0.1142
vn 0.9302 -0.0494 0.3638
vn 0.8397 0.0288 0.5423
vn 0.7213 0.0570 0.6902
vn 0.3983 -0.0958 -0.9123
vn 0.5845 -0.1335 -0.8003
vn 0.4049 0.1680 0.8988
vn 0.5887 0.1254 0.7986
vn 0.4016 0.1560 0.9024
vn 0.1268 -0.0377 -0.9912
vn 0.0320 0.1818 0.9828
vn -0.1585 0.0149 -0.9872
vn -0.3560 0.1600 0.9207
vn -0.4282 0.0422 -0.9027
vn -0.6483 0.0802 0.7572
vn -0.5593 0.1389 0.8172
vn -0.6024 0.0552 -0.7962
vn -0.7211 0.0785 -0.6884
vn -0.7602 -0.0108 0.6496
vn -0.7305 0.0231 0.6826
vn -0.8414 0.0848 -0.5337
vn -0.9284 0.1133 -0.3540
vn -0.9593 0.1164 -0.2574
vn -0.9890 0.1280 -0.0742
vn -0.9874 0.0934 0.1278
vn -0.9528 0.0508 0.2995
vn -0.8313 -0.0089 0.5558
vn -0.9913 0.1137 -0.0665
vn 0.8969 -0.0784 -0.4353
vn 0.9617 -0.0559 -0.2685
vn 0.9978 -0.0586 -0.0310
vn 0.9772 -0.1025 0.1860
vn 0.9030 -0.1842 0.3881
vn 0.8486 -0.2133 0.4840
vn 0.7311 -0.0441 -0.6809
vn 0.8120 -0.0819 -0.5779
vn 0.7895 -0.2282 0.5698
vn 0.6794 -0.2523 0.6891
vn 0.5954 0.0117 -0.8033
vn 0.7217 -0.0337 -0.6914
vn 0.5791 -0.2629 0.7717
vn 0.4640 -0.2653 0.8452
vn 0.2592 0.0297 -0.9654
vn 0.4300 0.0221 -0.9026
vn 0.3193 -0.3499 0.8807
vn 0.3090 -0.2832 0.9079
vn 0.0667 0.0348 -0.9972
vn 0.1344 -0.3299 0.9344
vn 0.1390 -0.2950 0.9453
vn -0.0494 0.0572 -0.9971
vn 0.0349 -0.2950 0.9549
vn -0.0631 -0.2516 0.9658
vn -0.1529 0.1244 -0.9804
vn -0.2545 -0.1836 0.9495
vn -0.1605 -0.1154 0.9803
vn -0.1284 -0.2083 0.9696
vn -0.2979 0.1807 -0.9373
vn -0.3533 0.2320 -0.9063
vn -0.2115 -0.0271 0.9770
vn -0.4018 0.2013 -0.8933
vn -0.4930 0.2235 -0.8408
vn -0.2730 0.0434 0.9610
vn -0.6072 0.2185 -0.7639
vn -0.6436 0.2650 -0.7180
vn -0.4850 0.1202 0.8662
vn -0.4336 0.0997 0.8956
vn -0.6815 0.2179 -0.6987
vn -0.7519 0.2211 -0.6211
vn -0.8105 0.2144 -0.5451
vn -0.6725 0.1138 0.7313
vn -0.5585 0.1161 0.8214
vn -0.8733 0.2081 -0.4405
vn -0.9002 0.2222 -0.3746
vn -0.9301 0.2610 -0.2586
vn -0.9725 0.2304 0.0342
vn -0.9624 0.1741 0.2083
vn -0.9203 0.1566 0.3586
vn -0.7988 0.1112 0.5912
vn -0.9405 0.2260 -0.2536
vn -0.9804 0.1915 0.0457
vn 0.7509 -0.1687 -0.6385
vn 0.8329 -0.1650 -0.5282
vn 0.9161 -0.1214 -0.3821
vn 0.9812 -0.0795 -0.1759
vn 0.9964 -0.0324 0.0783
vn 0.9489 0.0142 0.3151
vn 0.8672 0.0683 0.4932
vn 0.7526 0.1154 0.6483
vn 0.4583 -0.0861 -0.8846
vn 0.6336 -0.1090 -0.7659
vn 0.6274 0.1561 0.7629
vn 0.4265 0.1772 0.8870
vn 0.1857 -0.0346 -0.9820
vn 0.0410 0.2354 0.9710
vn -0.1116 0.0193 -0.9936
vn -0.3801 0.2203 0.8983
vn -0.3938 0.0557 -0.9175
vn -0.7148 0.1325 0.6867
vn -0.5944 0.1846 0.7827
vn -0.5721 0.0800 -0.8163
vn -0.7070 0.1038 -0.6996
vn -0.7866 -0.0489 0.6156
vn -0.7822 0.0255 0.6225
vn -0.8351 0.1050 -0.5400
vn -0.9312 0.1185 -0.3447
vn -0.9711 0.1067 -0.2136
vn -0.9811 0.0288 0.1913
vn -0.9316 -0.0222 0.3629
vn -0.8191 -0.0661 0.5698
vn -0.9977 0.0684 -0.0007
vn 0.8928 -0.0533 -0.4473
vn 0.9583 -0.0496 -0.2815
vn 0.9972 -0.0752 -0.0022
vn 0.9566 -0.1351 0.2580
vn 0.8678 -0.2185 0.4463
vn 0.9010 -0.1825 0.3935
vn 0.7506 -0.0290 -0.6601
vn 0.8175 -0.0529 -0.5735
vn 0.8600 -0.1958 0.4713
vn 0.7803 -0.2074 0.5900
vn 0.6763 -0.2218 0.7025
vn 0.6225 -0.0096 -0.7825
vn 0.7383 -0.0241 -0.6740
vn 0.5811 -0.2262 0.7818
vn 0.4841 -0.2119 0.8489
vn 0.2687 0.0007 -0.9632
vn 0.4440 -0.0047 -0.8960
vn 0.3210 -0.1930 0.9272
vn 0.0774 0.0039 -0.9970
vn 0.1681 -0.1749 0.9701
vn -0.0155 0.0155 -0.9998
vn -0.0415 -0.2246 0.9736
vn 0.0535 -0.1152 0.9919
vn -0.0862 0.0518 -0.9949
vn -0.0685 -0.0210 0.9974
vn -0.2535 0.0998 -0.9622
vn -0.1408 0.0542 0.9886
vn -0.3715 0.1557 -0.9153
vn -0.4820 0.1703 -0.8595
vn -0.2303 0.0878 0.9692
vn -0.6150 0.1572 -0.7727
vn -0.4005 0.0997 0.9108
vn -0.6975 0.1515 -0.7003
vn -0.7455 0.1504 -0.6493
vn -0.7887 0.1801 -0.5878
vn -0.6857 0.0985 0.7212
vn -0.5533 0.1121 0.8254
vn -0.8090 0.1536 -0.5674
vn -0.8770 0.1741 -0.4479
vn -0.9110 0.1788 -0.3715
vn -0.9244 0.1222 0.3613
vn -0.8648 0.0561 0.4990
vn -0.8070 0.0660 0.5869
vn -0.9655 0.1474 -0.2146
vn -0.9921 0.0950 0.0820
vn -0.9329 0.0642 0.3543
vn 0.7982 -0.1678 -0.5786
vn 0.9020 -0.1177 -0.4154
vn 0.8311 -0.1394 -0.5384
vn 0.9711 -0.0976 -0.2177
vn 0.9982 -0.0538 0.0257
vn 0.9668 0.0118 0.2552
vn 0.8978 0.0776 0.4335
vn 0.7929 0.1401 0.5930
vn 0.5578 -0.0930 -0.8248
vn 0.6318 -0.0944 -0.7693
vn 0.7786 -0.1373 -0.6123
vn 0.6622 0.1704 0.7297
vn 0.4648 0.1953 0.8636
vn 0.2356 -0.0373 -0.9711
vn 0.4481 -0.0791 -0.8905
vn 0.0849 0.2744 0.9579
vn -0.0674 0.0007 -0.9977
vn -0.3718 0.2981 0.8791
vn -0.3542 0.0311 -0.9346
vn -0.7792 0.2306 0.5829
vn -0.6435 0.2621 0.7192
vn -0.5439 0.0536 -0.8374
vn -0.6928 0.0686 -0.7179
vn -0.8463 0.0043 0.5326
vn -0.8514 0.0897 0.5168
vn -0.8340 0.0754 -0.5466
vn -0.8858 0.1013 -0.4528
vn -0.9366 0.1299 -0.3254
vn -0.9610 0.0201 0.2760
vn -0.9050 -0.0090 0.4253
vn -0.8329 -0.0278 0.5527
vn -0.9515 0.0994 -0.2911
vn -0.9959 0.0474 0.0773
vn 0.9023 0.0374 -0.4295
vn 0.9674 0.0035 -0.2533
vn 0.9962 -0.0643 0.0592
vn 0.9314 -0.1487 0.3322
vn 0.8852 -0.1726 0.4319
vn 0.7571 0.0608 -0.6505
vn 0.8274 0.0545 -0.5589
vn 0.8502 -0.1833 0.4935
vn 0.7237 -0.2128 0.6565
vn 0.7735 -0.2046 0.5999
vn 0.6241 0.0301 -0.7808
vn 0.7325 0.0551 -0.6786
vn 0.6837 -0.2069 0.6998
vn 0.5517 -0.2136 0.8062
vn 0.5732 -0.1939 0.7962
vn 0.2656 0.0088 -0.9640
vn 0.4390 0.0245 -0.8982
vn 0.4760 -0.1811 0.8606
vn 0.3639 -0.1384 0.9211
vn 0.0760 0.0009 -0.9971
vn 0.2280 -0.0796 0.9704
vn -0.0039 0.0013 -1.0000
vn 0.1405 0.0073 0.9900
vn -0.0516 0.0171 -0.9985
vn 0.0167 0.1137 0.9934
vn -0.1974 0.0616 -0.9784
vn -0.1075 0.1609 0.9811
vn -0.3947 0.1055 -0.9127
vn -0.4666 0.1305 -0.8748
vn -0.2337 0.1419 0.9619
vn -0.5294 0.1106 -0.8411
vn -0.6214 0.1119 -0.7755
vn -0.4024 0.0932 0.9107
vn -0.7064 0.0991 -0.7009
vn -0.7464 0.0941 -0.6589
vn -0.7170 0.0529 0.6950
vn -0.5693 0.0785 0.8184
vn -0.8086 0.0988 -0.5800
vn -0.8888 0.1161 -0.4433
vn -0.9368 0.1063 -0.3334
vn -0.8772 -0.0621 0.4760
vn -0.8399 -0.0043 0.5427
vn -0.9873 0.0476 -0.1519
vn -0.9911 -0.0195 0.1317
vn -0.9298 -0.0609 0.3630
vn 0.8313 -0.1343 -0.5394
vn 0.8954 -0.1334 -0.4248
vn 0.9607 -0.1419 -0.2386
vn 0.9922 -0.1218 -0.0259
vn 0.9810 -0.0575 0.1854
vn 0.9274 0.0249 0.3733
vn 0.8348 0.1112 0.5393
vn 0.6531 -0.1393 -0.7444
vn 0.7873 -0.1364 -0.6014
vn 0.7005 0.1367 0.7004
vn 0.5036 0.1909 0.8426
vn 0.2640 -0.0923 -0.9601
vn 0.4807 -0.1298 -0.8672
vn 0.1179 0.2581 0.9589
vn 0.3404 0.2207 0.9140
vn 0.1398 0.2591 0.9557
vn -0.0441 -0.0728 -0.9964
vn -0.3178 0.3089 0.8964
vn -0.2457 0.3143 0.9170
vn -0.3353 -0.0580 -0.9403
vn -0.7084 0.2676 0.6531
vn -0.6764 0.3224 0.6622
vn -0.4742 0.3538 0.8062
vn -0.5313 -0.0569 -0.8453
vn -0.6755 -0.0372 -0.7364
vn -0.8870 0.1259 0.4443
vn -0.8877 0.1846 0.4219
vn -0.8361 0.2715 0.4767
vn -0.8183 0.0016 -0.5747
vn -0.8706 0.0492 -0.4896
vn -0.9510 0.0690 0.3015
vn -0.8913 0.0685 0.4482
vn -0.8531 0.0803 0.5155
vn -0.9584 0.0583 -0.2795
vn -0.9935 0.0614 0.0963
vn 0.9270 0.1027 -0.3608
vn 0.9842 0.0365 -0.1731
vn 0.9869 -0.0480 0.1542
vn 0.9062 -0.1746 0.3850
vn 0.9343 -0.1131 0.3382
vn 0.7284 0.1164 -0.6752
vn 0.7444 0.1378 -0.6534
vn 0.7067 0.1357 -0.6944
vn 0.8453 0.1280 -0.5187
vn 0.9052 -0.1298 0.4047
vn 0.8488 -0.1355 0.5111
vn 0.7762 -0.1504 0.6122
vn 0.5903 0.0664 -0.8045
vn 0.6969 -0.1480 0.7017
vn 0.6016 -0.1295 0.7883
vn 0.2483 0.0177 -0.9685
vn 0.4074 0.0512 -0.9118
vn 0.5104 -0.1070 0.8533
vn 0.4287 -0.0794 0.8999
vn 0.0699 0.0018 -0.9976
vn 0.3075 -0.0023 0.9515
vn 0.2326 0.0819 0.9691
vn -0.0300 0.0065 -0.9995
vn 0.0756 0.1666 0.9831
vn 0.2151 0.1384 0.9667
vn 0.1202 0.1849 0.9754
vn -0.1512 0.0316 -0.9880
vn -0.0973 0.2259 0.9693
vn -0.0993 0.2104 0.9726
vn -0.3679 0.0627 -0.9277
vn -0.2867 0.1510 0.9461
vn -0.1854 0.1885 0.9644
vn -0.5212 0.0780 -0.8499
vn -0.6337 0.0794 -0.7695
vn -0.4561 0.0643 0.8876
vn -0.7227 0.0565 -0.6889
vn -0.7544 0.0443 -0.6549
vn -0.7655 -0.0178 0.6432
vn -0.6229 0.0143 0.7822
vn -0.8100 0.0388 -0.5852
vn -0.8577 0.0261 -0.5135
vn -0.9057 0.0679 -0.4184
vn -0.9063 -0.1386 0.3992
vn -0.9404 -0.1368 0.3113
vn -0.9188 -0.1255 0.3743
vn -0.8722 -0.0621 0.4851
vn -0.9268 0.0106 -0.3754
vn -0.9956 -0.0467 -0.0817
vn -0.9760 -0.1065 0.1899
vn 0.8190 -0.1980 -0.5386
vn 0.8892 -0.1925 -0.4151
vn 0.9517 -0.1884 -0.2425
vn 0.9834 -0.1686 -0.0665
vn 0.9892 -0.1034 0.1037
vn 0.9570 -0.0153 0.2898
vn 0.7995 0.1085 0.5907
vn 0.8698 0.0589 0.4900
vn 0.7425 0.0804 0.6650
vn 0.6406 -0.2479 -0.7268
vn 0.7731 -0.2164 -0.5962
vn 0.5482 0.1796 0.8168
vn 0.2859 -0.2224 -0.9321
vn 0.4841 -0.2579 -0.8362
vn 0.4060 0.1978 0.8922
vn 0.1960 0.2314 0.9529
vn -0.0290 -0.2045 -0.9784
vn -0.1842 0.3002 0.9359
vn -0.3285 -0.1796 -0.9273
vn -0.6617 0.3794 0.6467
vn -0.4478 0.3698 0.8141
vn -0.5027 -0.1837 -0.8447
vn -0.6310 -0.1326 -0.7644
vn -0.9045 0.2487 0.3465
vn -0.9037 0.2795 0.3243
vn -0.8474 0.3328 0.4137
vn -0.7786 -0.0793 -0.6225
vn -0.8423 -0.0194 -0.5386
vn -0.9551 0.1076 0.2760
vn -0.8945 0.1322 0.4271
vn -0.8774 0.1874 0.4417
vn -0.9525 0.0023 -0.3046
vn -0.9966 0.0483 0.0674
vn 0.8830 0.1290 -0.4512
vn 0.9098 0.1207 -0.3971
vn 0.8075 0.1226 -0.5770
vn 0.9939 0.0502 -0.0984
vn 0.9743 -0.0044 0.2254
vn 0.9193 -0.0278 0.3926
vn 0.6769 0.1161 -0.7269
vn 0.7414 0.1346 -0.6574
vn 0.9012 -0.0350 0.4321
vn 0.8506 -0.0304 0.5250
vn 0.7806 -0.0321 0.6242
vn 0.5108 0.0719 -0.8567
vn 0.5954 0.0570 -0.8014
vn 0.4340 0.0502 -0.8995
vn 0.7148 -0.0245 0.6989
vn 0.6271 -0.0062 0.7789
vn 0.2205 0.0208 -0.9752
vn 0.5405 0.0106 0.8413
vn 0.4861 0.0246 0.8736
vn 0.0604 0.0026 -0.9982
vn 0.3814 0.0976 0.9192
vn 0.2951 0.1683 0.9405
vn -0.0208 -0.0000 -0.9998
vn 0.2694 0.1933 0.9434
vn 0.1244 0.1705 0.9775
vn -0.1287 0.0079 -0.9916
vn -0.1219 0.1444 0.9820
vn -0.3400 0.0228 -0.9402
vn -0.3550 0.0907 0.9305
vn -0.2370 0.1205 0.9640
vn -0.5112 0.0339 -0.8588
vn -0.6430 0.0318 -0.7652
vn -0.5214 0.0030 0.8533
vn -0.7404 0.0126 -0.6720
vn -0.7680 -0.0006 -0.6404
vn -0.7968 -0.0846 0.5982
vn -0.6732 -0.0565 0.7373
vn -0.8237 -0.0210 -0.5666
vn -0.8742 -0.0738 -0.4800
vn -0.9335 -0.1678 0.3170
vn -0.9297 -0.1392 0.3410
vn -0.8894 -0.0963 0.4468
vn -0.9366 -0.0953 -0.3372
vn -0.9903 -0.1353 -0.0327
vn -0.9594 -0.1663 0.2277
vn 0.8554 -0.2207 -0.4686
vn 0.9413 -0.2030 -0.2698
vn 0.8791 -0.2632 -0.3973
vn 0.9815 -0.1485 -0.1204
vn 0.9957 -0.0854 0.0364
vn 0.9739 -0.0249 0.2258
vn 0.8935 0.0225 0.4486
vn 0.7782 0.0324 0.6272
vn 0.6083 -0.3546 -0.7101
vn 0.7227 -0.3314 -0.6066
vn 0.8156 -0.2860 -0.5029
vn 0.5307 0.1441 0.8352
vn 0.6663 0.0991 0.7391
vn 0.5237 0.1398 0.8404
vn 0.3461 -0.3294 -0.8785
vn 0.3588 -0.3982 -0.8442
vn 0.2529 0.2378 0.9378
vn -0.0018 -0.3655 -0.9308
vn 0.1842 -0.4039 -0.8961
vn -0.0988 0.3234 0.9411
vn -0.3524 -0.2538 -0.9008
vn -0.1677 -0.3580 -0.9185
vn -0.3142 -0.3002 -0.9007
vn -0.5905 0.3568 0.7239
vn -0.4563 0.3480 0.8190
vn -0.5810 -0.1903 -0.7913
vn -0.9030 0.3089 0.2985
vn -0.8671 0.3522 0.3522
vn -0.8336 0.3691 0.4110
vn -0.6992 0.3722 0.6105
vn -0.7237 -0.1626 -0.6707
vn -0.7973 -0.0637 -0.6003
vn -0.9059 0.1526 0.3949
vn -0.8811 0.1856 0.4350
vn -0.8880 0.2605 0.3790
vn -0.9139 0.3050 0.2678
vn -0.8951 0.3316 0.2980
vn -0.9322 -0.0247 -0.3611
vn -0.9980 0.0609 -0.0143
vn -0.9470 0.1412 0.2886
vn 0.8249 0.1037 -0.5556
vn 0.9283 0.0849 -0.3619
vn 0.9973 0.0522 -0.0521
vn 0.9703 0.0459 0.2375
vn 0.9211 0.0734 0.3824
vn 0.6410 0.1092 -0.7598
vn 0.7406 0.1198 -0.6611
vn 0.8991 0.0956 0.4271
vn 0.8504 0.1174 0.5128
vn 0.7831 0.1399 0.6059
vn 0.4015 0.0480 -0.9146
vn 0.5619 0.0678 -0.8244
vn 0.7209 0.1617 0.6739
vn 0.6354 0.1932 0.7476
vn 0.1956 0.0176 -0.9805
vn 0.5416 0.2115 0.8136
vn 0.4980 0.2021 0.8433
vn 0.0527 0.0017 -0.9986
vn 0.4199 0.2201 0.8805
vn 0.2980 0.1947 0.9345
vn 0.3586 0.2363 0.9031
vn 0.2668 0.1975 0.9433
vn -0.0234 -0.0027 -0.9997
vn 0.0845 0.1326 0.9876
vn -0.1301 -0.0146 -0.9914
vn -0.1689 0.0794 0.9824
vn -0.3347 -0.0259 -0.9420
vn -0.3645 0.0504 0.9298
vn -0.3847 0.0261 0.9227
vn -0.5145 -0.0343 -0.8568
vn -0.6520 -0.0453 -0.7569
vn -0.5819 -0.0427 0.8122
vn -0.5142 0.0112 0.8576
vn -0.7513 -0.0513 -0.6580
vn -0.7844 -0.0683 -0.6165
vn -0.8107 -0.1140 0.5743
vn -0.7103 -0.0879 0.6984
vn -0.8475 -0.1004 -0.5212
vn -0.9407 -0.1760 -0.2899
vn -0.9301 -0.1577 -0.3317
vn -0.9665 -0.2005 -0.1599
vn -0.9509 -0.2032 0.2335
vn -0.9637 -0.2191 0.1528
vn -0.9603 -0.1867 0.2073
vn -0.9439 -0.1306 0.3034
vn -0.8927 -0.1103 0.4369
vn -0.9765 -0.2154 -0.0036
vn 0.8398 -0.2868 -0.4610
vn 0.9067 -0.2382 -0.3480
vn 0.9694 -0.1530 -0.1918
vn 0.9949 -0.0984 -0.0217
vn 0.9820 -0.0551 0.1808
vn 0.9095 -0.0256 0.4149
vn 0.8047 -0.0112 0.5936
vn 0.6223 -0.4127 -0.6651
vn 0.7616 -0.3453 -0.5484
vn 0.6174 -0.3934 -0.6812
vn 0.7281 0.0540 0.6834
vn 0.5957 0.0954 0.7976
vn 0.3742 -0.4407 -0.8159
vn 0.5200 -0.4311 -0.7374
vn 0.3311 0.2168 0.9184
vn 0.0157 -0.4575 -0.8890
vn 0.0798 -0.4240 -0.9021
vn -0.0173 0.3537 0.9352
vn 0.1742 0.2519 0.9519
vn 0.0221 0.3370 0.9412
vn -0.2342 -0.3642 -0.9014
vn -0.4065 0.3998 0.8215
vn -0.1870 0.3690 0.9104
vn -0.5048 -0.2567 -0.8242
vn -0.7505 0.3818 0.5395
vn -0.6824 0.3648 0.6334
vn -0.6318 -0.2249 -0.7418
vn -0.7273 -0.0766 -0.6820
vn -0.8953 0.2875 0.3402
vn -0.8885 0.3319 0.3169
vn -0.9028 0.3564 0.2407
vn -0.8915 0.3560 0.2803
vn -0.8140 0.3514 0.4625
vn -0.8964 -0.0395 -0.4415
vn -0.9882 0.0857 -0.1267
vn -0.9610 0.2006 0.1902
vn 0.8444 0.1313 -0.5194
vn 0.9395 0.1111 -0.3239
vn 0.9934 0.1050 -0.0465
vn 0.9725 0.1358 0.1890
vn 0.9294 0.2032 0.3081
vn 0.6173 0.1235 -0.7770
vn 0.7415 0.1421 -0.6557
vn 0.8945 0.2549 0.3672
vn 0.8378 0.2987 0.4570
vn 0.7723 0.3344 0.5401
vn 0.3610 0.0604 -0.9306
vn 0.5187 0.0891 -0.8503
vn 0.7089 0.3592 0.6069
vn 0.6048 0.3933 0.6925
vn 0.1667 0.0221 -0.9858
vn 0.4990 0.4049 0.7662
vn 0.4561 0.3780 0.8057
vn 0.0444 0.0022 -0.9990
vn 0.3693 0.2849 0.8845
vn 0.4069 0.3632 0.8382
vn 0.2937 0.2930 0.9099
vn -0.0013 -0.0013 -1.0000
vn 0.1936 0.1743 0.9655
vn -0.0364 -0.0101 -0.9993
vn 0.0161 0.1028 0.9946
vn -0.1581 -0.0412 -0.9866
vn -0.2236 0.0414 0.9738
vn -0.3583 -0.0820 -0.9300
vn -0.4269 -0.0044 0.9043
vn -0.5348 -0.1018 -0.8388
vn -0.6605 -0.1189 -0.7414
vn -0.6188 -0.0584 0.7833
vn -0.5467 -0.0180 0.8371
vn -0.7573 -0.1191 -0.6421
vn -0.7997 -0.1402 -0.5838
vn -0.8154 -0.1251 0.5652
vn -0.7396 -0.0884 0.6672
vn -0.8644 -0.1644 -0.4751
vn -0.9425 -0.2053 -0.2638
vn -0.9774 -0.2103 -0.0201
vn -0.9732 -0.2298 0.0007
vn -0.9740 -0.1659 0.1542
vn -0.9522 -0.1264 0.2783
vn -0.8889 -0.1215 0.4416
vn 0.8612 -0.2783 -0.4254
vn 0.9418 -0.2250 -0.2499
vn 0.8750 -0.2836 -0.3923
vn 0.9824 -0.1742 -0.0673
vn 0.9772 -0.1452 0.1548
vn 0.9128 -0.1168 0.3913
vn 0.8323 -0.1030 0.5447
vn 0.6072 -0.3590 -0.7088
vn 0.7177 -0.3486 -0.6029
vn 0.8213 -0.2937 -0.4891
vn 0.7712 -0.0088 0.6366
vn 0.6595 0.0181 0.7515
vn 0.4078 -0.4423 -0.7988
vn 0.4119 -0.4090 -0.8143
vn 0.3697 0.2065 0.9059
vn 0.5621 0.1148 0.8191
vn 0.4245 0.1757 0.8882
vn 0.1356 -0.4427 -0.8863
vn 0.2830 -0.4424 -0.8510
vn 0.1054 0.2978 0.9488
vn -0.1789 -0.3801 -0.9075
vn -0.3425 0.3864 0.8564
vn -0.2708 0.3864 0.8817
vn -0.5142 -0.2832 -0.8096
vn -0.3150 -0.3325 -0.8889
vn -0.4532 -0.2385 -0.8589
vn -0.6381 0.4468 0.6270
vn -0.5008 0.4252 0.7539
vn -0.8026 -0.0694 -0.5925
vn -0.6793 -0.1006 -0.7269
vn -0.8533 -0.0538 -0.5187
vn -0.8771 0.3731 0.3025
vn -0.8850 0.4027 0.2335
vn -0.8605 0.4633 0.2121
vn -0.8510 0.4531 0.2654
vn -0.7826 0.4518 0.4282
vn -0.9512 0.1350 -0.2776
vn -0.9552 0.2902 0.0575
vn -0.8962 0.3909 0.2097
vn -0.8580 0.4638 0.2205
vn 0.8460 0.1808 -0.5016
vn 0.9358 0.1716 -0.3079
vn 0.9771 0.2008 -0.0699
vn 0.9592 0.2641 0.1007
vn 0.9007 0.3146 0.2997
vn 0.9125 0.3488 0.2139
vn 0.8391 0.3908 0.3783
vn 0.8477 0.4196 0.3245
vn 0.7998 0.4518 0.3951
vn 0.5832 0.1573 -0.7969
vn 0.7325 0.1839 -0.6554
vn 0.7216 0.4401 0.5344
vn 0.7392 0.4910 0.4611
vn 0.6719 0.5033 0.5434
vn 0.3089 0.0754 -0.9481
vn 0.4620 0.1234 -0.8783
vn 0.5498 0.4755 0.6867
vn 0.6074 0.5140 0.6057
vn 0.4871 0.5071 0.7110
vn 0.1303 0.0291 -0.9910
vn 0.3538 0.4302 0.8305
vn 0.3527 0.4790 0.8039
vn 0.2649 0.3900 0.8819
vn 0.0341 0.0027 -0.9994
vn 0.1870 0.2654 0.9458
vn -0.0077 -0.0026 -1.0000
vn 0.0934 0.1614 0.9825
vn -0.0615 -0.0205 -0.9979
vn -0.0539 0.0687 0.9962
vn -0.2073 -0.0610 -0.9764
vn -0.2696 0.0075 0.9629
vn -0.4054 -0.1298 -0.9049
vn -0.4582 -0.0364 0.8881
vn -0.5620 -0.1482 -0.8138
vn -0.6676 -0.1730 -0.7241
vn -0.6501 -0.0869 0.7549
vn -0.5782 -0.0461 0.8146
vn -0.7572 -0.1782 -0.6284
vn -0.8065 -0.2024 -0.5555
vn -0.8577 -0.1434 0.4938
vn -0.9027 -0.1848 0.3885
vn -0.8557 -0.1713 0.4884
vn -0.7697 -0.1098 0.6289
vn -0.8639 -0.2163 -0.4548
vn -0.9410 -0.2137 -0.2625
vn -0.9769 -0.2092 -0.0432
vn -0.9764 -0.1799 0.1193
vn -0.9463 -0.1719 0.2739
vn 0.9088 -0.2764 -0.3124
vn 0.9465 -0.3080 -0.0962
vn 0.9171 -0.3355 -0.2153
vn 0.9540 -0.2729 0.1243
vn 0.9063 -0.1500 0.3952
vn 0.9326 -0.2622 0.2478
vn 0.6528 -0.3685 -0.6619
vn 0.7927 -0.3384 -0.5070
vn 0.6684 -0.3687 -0.6459
vn 0.8819 -0.3320 -0.3349
vn 0.9094 -0.2095 0.3594
vn 0.8177 -0.0943 0.5679
vn 0.7150 -0.0317 0.6985
vn 0.4223 -0.3629 -0.8306
vn 0.5639 -0.3679 -0.7394
vn 0.6570 0.0571 0.7518
vn 0.5172 0.1066 0.8492
vn 0.1462 -0.4301 -0.8909
vn 0.1800 -0.3632 -0.9142
vn 0.2269 0.2504 0.9412
vn -0.1509 -0.3856 -0.9102
vn -0.0807 -0.3097 -0.9474
vn -0.1353 0.3870 0.9121
vn -0.3511 -0.2103 -0.9124
vn -0.5574 0.4880 0.6717
vn -0.4484 0.4725 0.7587
vn -0.5422 -0.1527 -0.8263
vn -0.7142 -0.0938 -0.6936
vn -0.8003 0.5463 0.2471
vn -0.7439 0.5539 0.3739
vn -0.6688 0.5617 0.4870
vn -0.5957 0.5300 0.6035
vn -0.8940 0.1131 -0.4336
vn -0.9476 0.3043 -0.0969
vn -0.8796 0.4655 0.0979
vn -0.8250 0.5483 0.1370
vn -0.7841 0.5859 0.2049
vn -0.7229 0.5959 0.3498
vn 0.7713 0.1938 -0.6062
vn 0.8174 0.1894 -0.5441
vn 0.6946 0.1805 -0.6964
vn 0.9103 0.2503 -0.3296
vn 0.9356 0.3293 -0.1276
vn 0.9098 0.4149 0.0079
vn 0.8642 0.4875 0.1248
vn 0.8133 0.5350 0.2288
vn 0.7439 0.5387 0.3954
vn 0.7348 0.5942 0.3270
vn 0.6820 0.5922 0.4291
vn 0.5485 0.1526 -0.8221
vn 0.6197 0.5560 0.5539
vn 0.6446 0.5876 0.4892
vn 0.5584 0.5798 0.5933
vn 0.2542 0.0705 -0.9646
vn 0.4037 0.1290 -0.9058
vn 0.3959 0.4977 0.7717
vn 0.4373 0.5330 0.7243
vn 0.2858 0.4381 0.8523
vn 0.0890 0.0304 -0.9956
vn 0.1685 0.3635 0.9162
vn 0.0182 0.0027 -0.9998
vn 0.0755 0.2719 0.9594
vn -0.0218 -0.0114 -0.9997
vn -0.0169 0.1718 0.9850
vn -0.1009 -0.0493 -0.9937
vn -0.1385 0.0661 0.9882
vn -0.2539 -0.1091 -0.9610
vn -0.3239 -0.0202 0.9459
vn -0.4772 -0.1475 -0.8663
vn -0.4227 -0.1743 -0.8893
vn -0.5493 -0.2090 -0.8090
vn -0.4810 -0.0713 0.8738
vn -0.5657 -0.1052 0.8179
vn -0.4516 -0.0824 0.8884
vn -0.6708 -0.2546 -0.6966
vn -0.6776 -0.1446 0.7211
vn -0.7538 -0.2550 -0.6056
vn -0.8304 -0.2694 -0.4878
vn -0.8547 -0.2436 -0.4585
vn -0.8776 -0.2664 -0.3986
vn -0.8977 -0.2434 0.3672
vn -0.8701 -0.2074 0.4472
vn -0.7888 -0.1531 0.5953
vn -0.9261 -0.2596 -0.2739
vn -0.9656 -0.2518 -0.0652
vn -0.9641 -0.2403 0.1134
vn -0.9286 -0.2423 0.2811
vn 0.9141 -0.3909 -0.1075
vn 0.9342 -0.3442 0.0934
vn 0.7262 -0.3775 -0.5745
vn 0.8568 -0.3942 -0.3324
vn 0.7663 -0.4134 -0.4919
vn 0.9139 -0.3832 -0.1342
vn 0.9391 -0.3406 0.0457
vn 0.9243 -0.2548 0.2842
vn 0.8634 -0.1520 0.4811
vn 0.7731 -0.1184 0.6231
vn 0.4825 -0.3801 -0.7891
vn 0.5098 -0.4159 -0.7531
vn 0.6709 -0.4190 -0.6118
vn 0.7243 -0.0275 0.6889
vn 0.6086 0.0252 0.7931
vn 0.2300 -0.3719 -0.8993
vn 0.3706 -0.4116 -0.8326
vn 0.3464 0.1609 0.9242
vn -0.0155 -0.3244 -0.9458
vn -0.0144 0.3391 0.9406
vn 0.1926 0.1984 0.9610
vn 0.0493 0.2994 0.9529
vn -0.2864 -0.2491 -0.9251
vn -0.3144 0.4667 0.8266
vn -0.1720 0.3837 0.9073
vn -0.4373 -0.2260 -0.8705
vn -0.5820 -0.1394 -0.8011
vn -0.5977 0.5715 0.5623
vn -0.5015 0.5484 0.6692
vn -0.8033 0.0259 -0.5950
vn -0.8835 0.1509 -0.4434
vn -0.9389 0.2939 -0.1793
vn -0.8884 0.4580 0.0310
vn -0.8186 0.5682 0.0842
vn -0.7640 0.6268 0.1534
vn -0.7082 0.6341 0.3105
vn -0.6588 0.6193 0.4272
vn -0.5958 0.6021 0.5315
vn -0.9416 0.2174 -0.2572
vn -0.9134 0.3952 -0.0975
vn -0.8438 0.5366 -0.0022
vn -0.7790 0.6166 0.1139
vn -0.7078 0.6417 0.2953
vn 0.8869 0.4257 -0.1791
vn 0.8693 0.4436 -0.2181
vn 0.8742 0.3801 -0.3022
vn 0.8625 0.5049 -0.0333
vn 0.8398 0.5325 -0.1060
vn 0.8162 0.5719 0.0821
vn 0.7808 0.6247 0.0132
vn 0.7591 0.6289 0.1680
vn 0.7085 0.6966 0.1127
vn 0.6738 0.6943 0.2530
vn 0.6135 0.7644 0.1984
vn 0.5883 0.7537 0.2930
vn 0.6603 0.1266 -0.7403
vn 0.7827 0.1785 -0.5962
vn 0.8582 0.3105 -0.4087
vn 0.6213 0.6445 0.4456
vn 0.5701 0.7343 0.3684
vn 0.5421 0.6960 0.4709
vn 0.4755 0.1262 -0.8706
vn 0.5628 0.0763 -0.8231
vn 0.4104 0.0696 -0.9092
vn 0.4585 0.5592 0.6907
vn 0.4616 0.6317 0.6227
vn 0.3184 0.5379 0.7806
vn 0.2137 0.0342 -0.9763
vn 0.2008 0.4636 0.8630
vn 0.0613 0.0131 -0.9980
vn 0.0891 0.3935 0.9150
vn -0.0022 -0.0073 -1.0000
vn -0.0123 0.3105 0.9505
vn -0.0550 -0.0388 -0.9977
vn -0.1179 0.2266 0.9668
vn -0.1680 -0.1011 -0.9806
vn -0.2446 0.1136 0.9629
vn -0.3274 -0.1983 -0.9238
vn -0.4080 -0.0070 0.9130
vn -0.4868 -0.2458 -0.8382
vn -0.5918 -0.2897 -0.7522
vn -0.6158 -0.1359 0.7761
vn -0.5246 -0.0912 0.8465
vn -0.7109 -0.2950 -0.6384
vn -0.6853 -0.3212 -0.6536
vn -0.7472 -0.3328 -0.5752
vn -0.7274 -0.1806 0.6620
vn -0.8059 -0.2230 0.5485
vn -0.7208 -0.1987 0.6640
vn -0.8106 -0.3391 -0.4774
vn -0.8805 -0.3689 -0.2977
vn -0.9055 -0.3079 -0.2920
vn -0.9142 -0.3607 -0.1847
vn -0.9172 -0.2772 0.2862
vn -0.9202 -0.3343 0.2038
vn -0.9205 -0.2938 0.2576
vn -0.8824 -0.2340 0.4082
vn -0.9313 -0.3555 -0.0794
vn -0.9338 -0.3398 0.1123
vn 0.8083 -0.4290 -0.4031
vn 0.8993 -0.3947 -0.1881
vn 0.8382 -0.4518 -0.3056
vn 0.9383 -0.3458 -0.0053
vn 0.9331 -0.2905 0.2120
vn 0.8677 -0.1750 0.4653
vn 0.9018 -0.2642 0.3420
vn 0.5225 -0.4451 -0.7273
vn 0.6487 -0.4656 -0.6020
vn 0.7697 -0.4602 -0.4425
vn 0.8623 -0.2325 0.4499
vn 0.7719 -0.1166 0.6249
vn 0.6680 -0.0909 0.7385
vn 0.2899 -0.4372 -0.8514
vn 0.3293 -0.4322 -0.8395
vn 0.3876 0.1407 0.9110
vn 0.5776 0.0162 0.8161
vn 0.4330 0.0687 0.8988
vn 0.0436 -0.3787 -0.9245
vn 0.0773 -0.3811 -0.9213
vn 0.1675 0.1846 0.9684
vn -0.2669 -0.2857 -0.9204
vn -0.2125 -0.2912 -0.9328
vn -0.2321 0.4175 0.8786
vn -0.1107 0.3436 0.9326
vn -0.4868 -0.1872 -0.8532
vn -0.3656 0.5215 0.7710
vn -0.2694 0.5157 0.8134
vn -0.6891 -0.1235 -0.7141
vn -0.7987 -0.0296 -0.6010
vn -0.5949 0.6411 0.4849
vn -0.4812 0.6586 0.5785
vn -0.4006 0.5904 0.7007
vn -0.8990 0.0991 -0.4266
vn -0.8991 0.3186 -0.3001
vn -0.8721 0.4215 -0.2488
vn -0.8268 0.5453 -0.1382
vn -0.7736 0.6332 0.0250
vn -0.7134 0.6690 0.2087
vn -0.6602 0.6847 0.3088
vn -0.5765 0.6886 0.4398
vn -0.8521 0.4895 -0.1853
vn -0.8047 0.5936 -0.0089
vn -0.7224 0.6663 0.1848
vn 0.7954 0.5706 -0.2043
vn 0.7791 0.5762 -0.2470
vn 0.8043 0.5197 -0.2879
vn 0.7341 0.6745 -0.0786
vn 0.7241 0.6727 -0.1522
vn 0.6515 0.7586 0.0126
vn 0.6299 0.7717 -0.0876
vn 0.5430 0.8340 0.0974
vn 0.5201 0.8540 0.0137
vn 0.4587 0.8655 0.2014
vn 0.4207 0.8907 0.1719
vn 0.4182 0.8676 0.2690
vn 0.8241 0.3273 -0.4623
vn 0.8170 0.3045 -0.4898
vn 0.7622 0.2678 -0.5894
vn 0.8348 0.4402 -0.3307
vn 0.4983 0.8139 0.2987
vn 0.3945 0.7904 0.4686
vn 0.3677 0.8192 0.4402
vn 0.3137 0.6979 0.6438
vn 0.5974 0.0738 -0.7985
vn 0.7064 0.1743 -0.6860
vn 0.4217 0.6986 0.5780
vn 0.2743 0.6398 0.7179
vn 0.3892 -0.0096 -0.9211
vn 0.5288 0.0027 -0.8487
vn 0.2460 0.5747 0.7805
vn 0.2578 0.5938 0.7622
vn 0.1953 0.5257 0.8280
vn 0.1980 -0.0173 -0.9801
vn 0.1515 0.5051 0.8496
vn 0.0875 0.4633 0.8819
vn 0.0522 -0.0170 -0.9985
vn 0.0585 0.4322 0.8999
vn -0.0257 0.3799 0.9247
vn -0.0337 -0.0356 -0.9988
vn -0.0489 0.3429 0.9381
vn -0.1130 0.2810 0.9530
vn -0.1204 -0.1011 -0.9876
vn -0.1800 0.2713 0.9455
vn -0.2120 0.2109 0.9542
vn -0.2402 -0.1947 -0.9510
vn -0.3564 0.1208 0.9265
vn -0.2713 0.1806 0.9454
vn -0.4179 -0.2474 -0.8742
vn -0.3857 -0.2748 -0.8807
vn -0.5022 -0.3372 -0.7963
vn -0.5101 0.0019 0.8601
vn -0.6017 -0.4013 -0.6906
vn -0.6795 -0.1387 0.7204
vn -0.6198 -0.0759 0.7811
vn -0.6806 -0.4088 -0.6080
vn -0.7509 -0.4416 -0.4911
vn -0.7797 -0.3960 -0.4850
vn -0.7990 -0.4480 -0.4010
vn -0.8240 -0.2539 0.5065
vn -0.7640 -0.2040 0.6121
vn -0.8442 -0.4519 -0.2882
vn -0.8934 -0.4352 -0.1117
vn -0.9013 -0.4259 -0.0794
vn -0.9126 -0.3955 0.1034
vn -0.9237 -0.3802 0.0481
vn -0.9291 -0.3123 0.1984
vn -0.8872 -0.2628 0.3792
vn 0.8638 -0.4430 -0.2401
vn 0.9156 -0.3978 -0.0583
vn 0.8768 -0.4408 -0.1920
vn 0.9290 -0.3293 0.1690
vn 0.9206 -0.3873 0.0505
vn 0.5877 -0.4851 -0.6475
vn 0.7589 -0.4599 -0.4611
vn 0.6230 -0.4732 -0.6229
vn 0.8494 -0.4435 -0.2860
vn 0.9186 -0.3621 0.1584
vn 0.8765 -0.2814 0.3906
vn 0.7962 -0.2097 0.5675
vn 0.7086 -0.1907 0.6794
vn 0.3837 -0.4489 -0.8070
vn 0.5089 -0.4820 -0.7132
vn 0.6503 -0.0778 0.7557
vn 0.5178 -0.0488 0.8541
vn 0.1457 -0.4127 -0.8991
vn 0.3084 0.0863 0.9473
vn -0.1364 -0.3527 -0.9257
vn 0.0945 0.2785 0.9558
vn -0.4196 -0.2571 -0.8705
vn -0.0753 0.4735 0.8776
vn -0.5721 -0.2198 -0.7902
vn -0.6816 -0.1010 -0.7247
vn -0.3578 0.6615 0.6591
vn -0.2120 0.6554 0.7250
vn -0.8017 0.0312 -0.5970
vn -0.8025 0.2038 -0.5608
vn -0.8719 0.2983 -0.3883
vn -0.5422 0.7499 0.3791
vn -0.3846 0.7700 0.5091
vn -0.2602 0.7982 0.5434
vn -0.8312 0.2886 -0.4753
vn -0.8145 0.4760 -0.3317
vn -0.7588 0.6327 -0.1545
vn -0.6745 0.7382 0.0135
vn -0.5388 0.8012 0.2603
vn -0.3510 0.8497 0.3934
vn 0.4721 0.8649 -0.1704
vn 0.4350 0.8777 -0.2012
vn 0.4961 0.8179 -0.2915
vn 0.3992 0.9160 0.0397
vn 0.3615 0.9318 -0.0323
vn 0.3116 0.8990 0.3076
vn 0.2665 0.9249 0.2710
vn 0.2558 0.8240 0.5056
vn 0.6770 0.6916 -0.2518
vn 0.6256 0.7173 -0.3067
vn 0.6876 0.6318 -0.3577
vn 0.6015 0.7799 -0.1731
vn 0.5520 0.7875 -0.2743
vn 0.4934 0.8674 -0.0638
vn 0.3873 0.9130 0.1279
vn 0.3191 0.8752 0.3635
vn 0.2692 0.7804 0.5644
vn 0.7790 0.4757 -0.4086
vn 0.7657 0.4477 -0.4618
vn 0.7699 0.3809 -0.5119
vn 0.7463 0.5625 -0.3558
vn 0.3416 0.8403 0.4210
vn 0.2375 0.7451 0.6232
vn 0.2425 0.7429 0.6239
vn 0.2037 0.6741 0.7100
vn 0.6998 0.1898 -0.6886
vn 0.7590 0.2987 -0.5785
vn 0.2323 0.6944 0.6811
vn 0.1615 0.6035 0.7808
vn 0.5106 0.0228 -0.8595
vn 0.6034 0.1373 -0.7856
vn 0.2247 0.6149 0.7559
vn 0.1391 0.5418 0.8289
vn 0.3684 -0.0961 -0.9247
vn 0.4622 -0.0817 -0.8830
vn 0.1194 0.4826 0.8677
vn 0.2029 -0.0927 -0.9748
vn 0.0050 0.4228 0.9062
vn 0.0507 -0.0860 -0.9950
vn -0.1406 0.3409 0.9295
vn -0.0852 -0.1095 -0.9903
vn -0.2152 0.2293 0.9493
vn -0.2083 -0.1822 -0.9610
vn -0.2865 0.1287 0.9494
vn -0.3455 -0.3112 -0.8853
vn -0.4533 0.0337 0.8907
vn -0.3617 0.0645 0.9300
vn -0.4746 -0.3680 -0.7996
vn -0.5613 -0.4200 -0.7131
vn -0.5826 -0.0508 0.8112
vn -0.6353 -0.4528 -0.6256
vn -0.6268 -0.4636 -0.6263
vn -0.6761 -0.4754 -0.5630
vn -0.7286 -0.1795 0.6610
vn -0.6952 -0.1029 0.7114
vn -0.7293 -0.4940 -0.4734
vn -0.7940 -0.5025 -0.3422
vn -0.8185 -0.4824 -0.3119
vn -0.8400 -0.4717 -0.2680
vn -0.8772 -0.2784 0.3912
vn -0.8949 -0.3655 0.2561
vn -0.8742 -0.3191 0.3658
vn -0.8040 -0.2235 0.5510
vn -0.8694 -0.4610 -0.1777
vn -0.9083 -0.4178 -0.0189
vn -0.9158 -0.3719 0.1515
vn 0.9049 -0.4178 -0.0818
vn 0.6996 -0.4619 -0.5452
vn 0.8340 -0.4525 -0.3158
vn 0.7451 -0.4922 -0.4501
vn 0.8928 -0.4358 -0.1142
vn 0.9102 -0.3972 0.1172
vn 0.8792 -0.3349 0.3390
vn 0.7671 -0.2584 0.5872
vn 0.8216 -0.3087 0.4792
vn 0.4521 -0.4717 -0.7570
vn 0.4753 -0.4731 -0.7418
vn 0.6406 -0.4877 -0.5931
vn 0.7775 -0.2602 0.5726
vn 0.6345 -0.1370 0.7606
vn 0.6889 -0.1873 0.7002
vn 0.2117 -0.4551 -0.8649
vn 0.3579 -0.4773 -0.8025
vn 0.5869 -0.1598 0.7937
vn 0.4790 -0.0076 0.8778
vn -0.0717 -0.4074 -0.9104
vn 0.2886 0.1945 0.9375
vn -0.4108 -0.2760 -0.8690
vn -0.2074 -0.3683 -0.9063
vn -0.3359 -0.2857 -0.8975
vn 0.0773 0.4439 0.8927
vn 0.2120 0.2452 0.9460
vn 0.1872 0.4195 0.8882
vn -0.5760 -0.1126 -0.8096
vn -0.0258 0.6172 0.7864
vn 0.0716 0.5794 0.8119
vn -0.6841 -0.0331 -0.7286
vn -0.6867 0.1227 -0.7165
vn -0.0831 0.7474 0.6591
vn 0.0005 0.6970 0.7171
vn -0.7213 0.2566 -0.6433
vn -0.6714 0.4103 -0.6171
vn -0.7211 0.5438 -0.4293
vn -0.6629 0.7119 -0.2320
vn -0.5660 0.8241 -0.0225
vn -0.4055 0.9019 0.1489
vn -0.2682 0.9175 0.2938
vn -0.0985 0.8492 0.5188
vn -0.0256 0.7811 0.6239
vn -0.6022 0.5632 -0.5659
vn -0.5111 0.6849 -0.5193
vn -0.4856 0.7930 -0.3679
vn -0.3794 0.9065 -0.1852
vn -0.2529 0.9675 -0.0045
vn -0.1410 0.9688 0.2040
vn -0.0612 0.9024 0.4266
vn -0.0395 0.8170 0.5753
vn -0.4173 0.7795 -0.4671
vn -0.2752 0.8625 -0.4246
vn -0.2379 0.9199 -0.3117
vn -0.1467 0.9822 -0.1173
vn -0.0830 0.9865 0.1410
vn -0.0591 0.9152 0.3985
vn -0.0542 0.8368 0.5448
vn -0.1914 0.9064 -0.3766
vn -0.1143 0.9328 -0.3419
vn -0.0662 0.9810 -0.1826
vn -0.0379 0.9921 0.1192
vn -0.0495 0.9114 0.4085
vn -0.0510 0.8419 0.5372
vn 0.0146 0.9752 -0.2209
vn -0.0053 0.9234 -0.3839
vn 0.0389 0.9923 0.1177
vn 0.0111 0.9425 0.3339
vn -0.0467 0.8994 0.4347
vn 0.1170 0.9650 -0.2348
vn 0.1263 0.9150 -0.3832
vn 0.1214 0.9846 0.1261
vn 0.0931 0.8822 0.4616
vn 0.0579 0.8894 0.4535
vn 0.0788 0.8155 0.5734
vn 0.2293 0.8928 -0.3878
vn 0.1756 0.8997 -0.3997
vn 0.2323 0.8719 -0.4310
vn 0.1897 0.9588 -0.2113
vn 0.1595 0.9775 0.1381
vn 0.1207 0.8698 0.4785
vn 0.1014 0.7882 0.6070
vn 0.2857 0.8998 -0.3298
vn 0.3210 0.8606 -0.3954
vn 0.2324 0.9614 -0.1473
vn 0.1719 0.9687 0.1791
vn 0.1074 0.8557 0.5062
vn 0.0872 0.7669 0.6358
vn 0.3979 0.8385 -0.3723
vn 0.3473 0.8417 -0.4134
vn 0.4151 0.7954 -0.4416
vn 0.3744 0.8909 -0.2572
vn 0.2921 0.9535 -0.0738
vn 0.2010 0.9486 0.2445
vn 0.1166 0.8397 0.5304
vn 0.0973 0.7484 0.6560
vn 0.5671 0.7287 -0.3840
vn 0.4771 0.7484 -0.4607
vn 0.5567 0.6608 -0.5034
vn 0.5016 0.8021 -0.3242
vn 0.1906 0.8033 0.5643
vn 0.1489 0.7130 0.6851
vn 0.6785 0.5919 -0.4350
vn 0.6333 0.6002 -0.4886
vn 0.6960 0.4891 -0.5257
vn 0.2242 0.7519 0.6200
vn 0.1581 0.6688 0.7264
vn 0.6953 0.3112 -0.6478
vn 0.7068 0.2385 -0.6660
vn 0.6560 0.2131 -0.7240
vn 0.7182 0.4033 -0.5670
vn 0.1106 0.6433 0.7575
vn 0.1244 0.6045 0.7868
vn 0.0785 0.4997 0.8626
vn 0.6142 0.0725 -0.7858
vn 0.0731 0.5781 0.8127
vn 0.0304 0.4281 0.9032
vn 0.4228 -0.0578 -0.9044
vn 0.5036 0.0393 -0.8630
vn 0.0885 0.4922 0.8660
vn 0.0400 0.3450 0.9378
vn 0.3574 -0.1375 -0.9238
vn 0.3218 -0.1617 -0.9329
vn 0.0817 0.4249 0.9016
vn 0.0340 0.2752 0.9608
vn 0.2072 -0.1822 -0.9612
vn 0.2966 -0.1815 -0.9376
vn -0.0313 0.3673 0.9296
vn -0.0615 0.2211 0.9733
vn 0.0425 -0.1962 -0.9796
vn -0.2106 0.3012 0.9300
vn -0.2226 0.1805 0.9580
vn -0.1373 -0.2200 -0.9658
vn -0.3254 0.1054 0.9397
vn -0.3228 0.1691 0.9312
vn -0.2915 -0.3117 -0.9044
vn -0.3744 -0.0035 0.9272
vn -0.4137 -0.3640 -0.8344
vn -0.4165 -0.3717 -0.8297
vn -0.5101 -0.4051 -0.7587
vn -0.5312 -0.1262 0.8378
vn -0.4521 -0.0926 0.8872
vn -0.6144 -0.4676 -0.6355
vn -0.6109 -0.4453 -0.6546
vn -0.6538 -0.4800 -0.5850
vn -0.6221 -0.1829 0.7612
vn -0.7092 -0.5065 -0.4905
vn -0.6899 -0.5089 -0.5149
vn -0.7385 -0.5042 -0.4477
vn -0.7664 -0.2795 0.5783
vn -0.7341 -0.2065 0.6469
vn -0.7826 -0.5019 -0.3682
vn -0.8408 -0.4947 -0.2198
vn -0.8480 -0.4965 -0.1854
vn -0.8786 -0.4760 -0.0394
vn -0.8792 -0.4715 -0.0683
vn -0.8886 -0.4379 0.1365
vn -0.8948 -0.4355 0.0988
vn -0.8760 -0.3799 0.2971
vn -0.8221 -0.3078 0.4790
vn 0.7816 -0.5012 -0.3715
vn 0.8605 -0.4857 -0.1539
vn 0.8007 -0.5208 -0.2962
vn 0.8899 -0.4507 0.0698
vn 0.8749 -0.3675 0.3155
vn 0.8760 -0.4469 0.1812
vn 0.5591 -0.5046 -0.6578
vn 0.6166 -0.5318 -0.5806
vn 0.7488 -0.5153 -0.4168
vn 0.8603 -0.4137 0.2979
vn 0.8045 -0.3161 0.5029
vn 0.7370 -0.2746 0.6176
vn 0.2389 -0.4928 -0.8367
vn 0.2957 -0.4690 -0.8323
vn 0.4747 -0.5222 -0.7085
vn 0.6800 -0.1893 0.7084
vn 0.6008 -0.1010 0.7930
vn -0.0447 -0.4568 -0.8885
vn 0.0252 -0.4177 -0.9082
vn 0.3513 0.1796 0.9189
vn 0.5370 0.0216 0.8433
vn 0.4626 0.0906 0.8819
vn -0.2050 -0.3335 -0.9202
vn 0.3454 0.2067 0.9154
vn -0.4537 -0.1842 -0.8719
vn 0.2466 0.3364 0.9088
vn -0.5341 -0.1143 -0.8377
vn -0.5354 0.0529 -0.8430
vn 0.1260 0.5732 0.8097
vn 0.2093 0.3699 0.9052
vn 0.1990 0.4619 0.8643
vn -0.5655 0.2478 -0.7866
vn -0.5302 0.3701 -0.7629
vn 0.0564 0.6780 0.7329
vn 0.1130 0.5614 0.8198
vn -0.4479 0.4633 -0.7647
vn -0.5002 0.5814 -0.6416
vn 0.0057 0.7307 0.6827
vn 0.0404 0.6227 0.7814
vn -0.3825 0.5757 -0.7227
vn -0.3044 0.7729 -0.5567
vn -0.2853 0.6717 -0.6837
vn -0.0243 0.7617 0.6475
vn -0.0038 0.6586 0.7525
vn -0.1368 0.8063 -0.5755
vn -0.1229 0.7128 -0.6905
vn -0.1416 0.8903 -0.4328
vn -0.0339 0.7772 0.6284
vn -0.0230 0.6750 0.7375
vn 0.0119 0.8246 -0.5656
vn 0.0298 0.7460 -0.6653
vn -0.0041 0.8980 -0.4399
vn 0.0008 0.8905 0.4550
vn -0.0064 0.7856 0.6187
vn -0.0060 0.6839 0.7296
vn 0.1448 0.8321 -0.5354
vn 0.1731 0.7578 -0.6291
vn 0.1291 0.8959 -0.4252
vn 0.0386 0.7753 0.6305
vn 0.0227 0.6740 0.7384
vn 0.2520 0.8318 -0.4946
vn 0.2847 0.7536 -0.5925
vn 0.0561 0.7494 0.6598
vn 0.0320 0.6531 0.7566
vn 0.3461 0.7507 -0.5627
vn 0.3232 0.7011 -0.6356
vn 0.3603 0.6388 -0.6798
vn 0.3384 0.8245 -0.4535
vn 0.0571 0.7214 0.6902
vn 0.0329 0.6309 0.7752
vn 0.4342 0.7339 -0.5224
vn 0.4299 0.6255 -0.6511
vn 0.0713 0.6962 0.7143
vn 0.0311 0.6007 0.7989
vn 0.5725 0.5833 -0.5762
vn 0.4743 0.5618 -0.6778
vn 0.5374 0.4665 -0.7026
vn 0.1214 0.6502 0.7500
vn 0.0437 0.5394 0.8409
vn 0.6661 0.3768 -0.6437
vn 0.5992 0.3522 -0.7190
vn 0.6129 0.2473 -0.7505
vn 0.1221 0.5703 0.8123
vn 0.0027 0.4623 0.8867
vn 0.5796 0.0729 -0.8116
vn 0.6463 0.1409 -0.7499
vn -0.0212 0.3617 0.9321
vn 0.5232 -0.0593 -0.8501
vn -0.0594 0.2714 0.9606
vn 0.3431 -0.1188 -0.9317
vn 0.4398 -0.0851 -0.8940
vn -0.0409 0.1855 0.9818
vn 0.2624 -0.1931 -0.9455
vn -0.0348 0.1138 0.9929
vn 0.1821 -0.2120 -0.9602
vn 0.1680 -0.2687 -0.9485
vn -0.1124 0.0418 0.9928
vn 0.0126 -0.3160 -0.9487
vn 0.1009 -0.3118 -0.9448
vn -0.2576 -0.0114 0.9662
vn -0.1833 -0.3636 -0.9133
vn -0.4121 -0.0785 0.9078
vn -0.3806 -0.0362 0.9240
vn -0.3493 -0.3620 -0.8642
vn -0.3258 -0.4007 -0.8563
vn -0.4167 -0.4113 -0.8107
vn -0.4576 -0.1652 0.8737
vn -0.5775 -0.4357 -0.6904
vn -0.5417 -0.4474 -0.7116
vn -0.6217 -0.4684 -0.6278
vn -0.5764 -0.2846 0.7660
vn -0.5287 -0.2322 0.8164
vn -0.6917 -0.4961 -0.5248
vn -0.6987 -0.4753 -0.5347
vn -0.7221 -0.4968 -0.4814
vn -0.6841 -0.2889 0.6697
vn -0.7241 -0.3854 0.5720
vn -0.6530 -0.3505 0.6714
vn -0.7639 -0.5145 -0.3895
vn -0.7457 -0.5190 -0.4178
vn -0.8190 -0.5112 -0.2608
vn -0.7933 -0.5410 -0.2791
vn -0.8331 -0.5213 -0.1850
vn -0.8512 -0.4397 0.2866
vn -0.8474 -0.5062 0.1599
vn -0.8335 -0.4865 0.2618
vn -0.8031 -0.3680 0.4687
vn -0.7956 -0.4108 0.4454
vn -0.8537 -0.5113 -0.0990
vn -0.8631 -0.4999 0.0717
vn 0.8263 -0.5342 -0.1785
vn 0.8640 -0.5009 0.0513
vn 0.6814 -0.5486 -0.4845
vn 0.7180 -0.5871 -0.3739
vn 0.8069 -0.5498 -0.2157
vn 0.8499 -0.5268 0.0076
vn 0.8448 -0.4752 0.2460
vn 0.8152 -0.3452 0.4651
vn 0.8254 -0.4390 0.3549
vn 0.3878 -0.5331 -0.7520
vn 0.4245 -0.5755 -0.6990
vn 0.6168 -0.5896 -0.5214
vn 0.8029 -0.4021 0.4400
vn 0.7419 -0.2730 0.6124
vn 0.6634 -0.2190 0.7155
vn 0.1172 -0.5013 -0.8573
vn 0.2577 -0.5634 -0.7849
vn 0.6314 -0.1246 0.7654
vn 0.5339 -0.0922 0.8405
vn -0.1170 -0.4181 -0.9009
vn 0.4342 -0.0191 0.9006
vn -0.3874 -0.2154 -0.8964
vn -0.2013 -0.3442 -0.9171
vn -0.2509 -0.2382 -0.9382
vn 0.3146 0.2273 0.9216
vn 0.4331 0.0493 0.9000
vn 0.4003 0.0982 0.9111
vn -0.3592 0.0045 -0.9333
vn 0.3176 0.1967 0.9276
vn -0.3960 0.1548 -0.9051
vn -0.4750 0.2782 -0.8348
vn 0.2309 0.2843 0.9305
vn -0.3931 0.1941 -0.8988
vn -0.3682 0.3071 -0.8776
vn 0.1141 0.4951 0.8613
vn 0.1882 0.3119 0.9313
vn 0.1506 0.3566 0.9221
vn -0.2285 0.4099 -0.8831
vn -0.2734 0.5592 -0.7827
vn 0.0337 0.5479 0.8359
vn 0.0493 0.3981 0.9160
vn -0.0927 0.6033 -0.7921
vn -0.0690 0.4775 -0.8759
vn -0.0039 0.5714 0.8207
vn 0.0045 0.4198 0.9076
vn 0.0603 0.6381 -0.7676
vn 0.0775 0.5178 -0.8520
vn 0.0004 0.5887 0.8084
vn 0.0075 0.4371 0.8994
vn 0.1943 0.6482 -0.7362
vn 0.2022 0.5238 -0.8275
vn 0.0131 0.5943 0.8041
vn 0.0150 0.4486 0.8936
vn 0.2964 0.6460 -0.7034
vn 0.2969 0.5159 -0.8035
vn 0.0128 0.5888 0.8082
vn 0.0078 0.4495 0.8932
vn 0.3709 0.5246 -0.7663
vn 0.3415 0.4596 -0.8198
vn 0.3563 0.4066 -0.8413
vn 0.0091 0.5703 0.8214
vn -0.0024 0.4343 0.9008
vn 0.4343 0.5059 -0.7453
vn 0.4125 0.3662 -0.8341
vn -0.0113 0.5491 0.8357
vn -0.0288 0.4037 0.9144
vn 0.5038 0.3475 -0.7909
vn 0.4721 0.2981 -0.8296
vn 0.4653 0.2472 -0.8499
vn -0.0299 0.5021 0.8643
vn -0.0573 0.3480 0.9358
vn 0.5231 0.1147 -0.8445
vn -0.0898 0.4314 0.8977
vn -0.1175 0.2693 0.9559
vn 0.4873 -0.0321 -0.8726
vn 0.5496 0.0324 -0.8348
vn -0.1433 0.1773 0.9737
vn -0.1783 0.2467 0.9525
vn 0.4294 -0.1428 -0.8918
vn -0.1476 0.1042 0.9836
vn 0.3031 -0.1949 -0.9328
vn 0.3923 -0.1825 -0.9016
vn -0.1180 0.0462 0.9919
vn 0.1929 -0.2379 -0.9519
vn -0.1057 -0.0149 0.9943
vn 0.0948 -0.3160 -0.9440
vn -0.1881 -0.0929 0.9778
vn -0.0051 -0.3806 -0.9247
vn -0.0675 -0.4047 -0.9120
vn -0.3128 -0.1747 0.9336
vn -0.2102 -0.4240 -0.8809
vn -0.2515 -0.4501 -0.8568
vn -0.4607 -0.2422 0.8539
vn -0.4215 -0.1993 0.8846
vn -0.4426 -0.4697 -0.7638
vn -0.5117 -0.3147 0.7995
vn -0.5477 -0.4838 -0.6826
vn -0.6368 -0.4787 -0.6044
vn -0.5996 -0.4010 0.6926
vn -0.5723 -0.3429 0.7449
vn -0.7072 -0.4817 -0.5175
vn -0.7599 -0.5019 -0.4131
vn -0.7520 -0.5127 -0.4142
vn -0.7755 -0.5252 -0.3504
vn -0.7616 -0.4792 0.4363
vn -0.7795 -0.5412 0.3155
vn -0.7448 -0.5104 0.4299
vn -0.6637 -0.4331 0.6099
vn -0.7881 -0.5551 -0.2659
vn -0.8120 -0.5744 -0.1041
vn -0.8157 -0.5697 -0.1004
vn -0.8242 -0.5625 0.0654
vn -0.8212 -0.5687 0.0463
vn -0.8116 -0.5432 0.2151
vn 0.7507 -0.6043 -0.2670
vn 0.8233 -0.5671 -0.0253
vn 0.8367 -0.5093 0.2013
vn 0.5047 -0.6260 -0.5945
vn 0.5598 -0.6506 -0.5132
vn 0.7168 -0.6195 -0.3200
vn 0.7980 -0.6003 -0.0538
vn 0.8157 -0.5538 0.1673
vn 0.7942 -0.4771 0.3764
vn 0.7324 -0.3304 0.5954
vn 0.7590 -0.4387 0.4811
vn 0.1594 -0.5856 -0.7948
vn 0.2609 -0.5667 -0.7816
vn 0.4028 -0.6471 -0.6473
vn 0.7109 -0.4050 0.5751
vn 0.6112 -0.2236 0.7592
vn 0.6318 -0.3473 0.6930
vn -0.0672 -0.5011 -0.8628
vn 0.0625 -0.4698 -0.8805
vn 0.5613 -0.3272 0.7602
vn 0.4834 -0.2456 0.8403
vn -0.0497 -0.3516 -0.9348
vn 0.4933 -0.1873 0.8495
vn 0.4618 -0.1604 0.8724
vn -0.1769 -0.2028 -0.9631
vn 0.3975 -0.0878 0.9134
vn -0.2807 -0.0515 -0.9584
vn 0.3201 -0.0104 0.9473
vn -0.3010 0.0334 -0.9530
vn -0.2546 0.0907 -0.9628
vn 0.2982 0.0432 0.9535
vn 0.2146 0.0783 0.9736
vn -0.1690 0.1815 -0.9687
vn 0.0833 0.1276 0.9883
vn -0.0024 0.2665 -0.9638
vn 0.0288 0.1659 0.9857
vn 0.1315 0.3335 -0.9336
vn 0.0290 0.1965 0.9801
vn 0.2330 0.3640 -0.9018
vn 0.0333 0.2252 0.9737
vn 0.2895 0.4057 -0.8670
vn 0.2690 0.3315 -0.9043
vn 0.2730 0.3055 -0.9122
vn 0.0090 0.2438 0.9698
vn 0.3159 0.2484 -0.9157
vn -0.0243 0.2384 0.9709
vn 0.3821 0.1969 -0.9029
vn -0.0761 0.2079 0.9752
vn 0.3830 0.0911 -0.9193
vn 0.4034 0.1550 -0.9018
vn -0.1329 0.1552 0.9789
vn 0.4208 -0.0132 -0.9071
vn -0.2031 0.0754 0.9762
vn 0.4110 -0.1282 -0.9026
vn 0.4615 -0.0854 -0.8830
vn -0.2378 -0.0174 0.9711
vn -0.2929 0.0347 0.9555
vn 0.3614 -0.1940 -0.9120
vn -0.1820 -0.0742 0.9805
vn 0.2735 -0.2889 -0.9175
vn 0.3482 -0.2659 -0.8989
vn -0.1550 -0.0931 0.9835
vn 0.1487 -0.3273 -0.9332
vn -0.1645 -0.1300 0.9778
vn 0.0124 -0.3717 -0.9283
vn -0.2674 -0.1814 0.9463
vn -0.1477 -0.4303 -0.8905
vn -0.3451 -0.2484 0.9051
vn -0.4223 -0.2829 0.8612
vn -0.3406 -0.2305 0.9115
vn -0.3202 -0.4714 -0.8217
vn -0.2481 -0.5056 -0.8263
vn -0.3669 -0.5315 -0.7635
vn -0.5022 -0.3283 0.8000
vn -0.4825 -0.4977 -0.7207
vn -0.5195 -0.5344 -0.6668
vn -0.5455 -0.3920 0.7408
vn -0.5997 -0.4209 0.6806
vn -0.5630 -0.3709 0.7386
vn -0.6694 -0.5062 -0.5438
vn -0.6162 -0.5356 -0.5774
vn -0.6906 -0.5195 -0.5031
vn -0.6277 -0.4775 0.6149
vn -0.6886 -0.5007 0.5245
vn -0.6473 -0.4570 0.6100
vn -0.7546 -0.5133 -0.4087
vn -0.8112 -0.5264 -0.2549
vn -0.7983 -0.5444 -0.2576
vn -0.8195 -0.5641 -0.1013
vn -0.8399 -0.5331 -0.1021
vn -0.8199 -0.5710 0.0421
vn -0.8441 -0.5343 0.0458
vn -0.7982 -0.5655 0.2078
vn -0.8151 -0.5358 0.2205
vn -0.7494 -0.5142 0.4171
vn 0.6245 -0.6756 -0.3919
vn 0.7541 -0.6479 -0.1077
vn 0.6437 -0.7168 -0.2682
vn 0.7804 -0.6115 0.1302
vn 0.7637 -0.5451 0.3457
vn 0.7536 -0.6095 0.2461
vn 0.3610 -0.6442 -0.6743
vn 0.4152 -0.6704 -0.6149
vn 0.5402 -0.7217 -0.4329
vn 0.7274 -0.6012 0.3309
vn 0.6826 -0.5310 0.5021
vn 0.6172 -0.5097 0.5994
vn 0.2133 -0.5778 -0.7878
vn 0.2474 -0.6395 -0.7279
vn 0.5616 -0.4651 0.6843
vn 0.5100 -0.4285 0.7459
vn 0.0755 -0.4953 -0.8655
vn 0.1401 -0.5838 -0.7997
vn 0.4888 -0.3103 0.8153
vn 0.4836 -0.4189 0.7685
vn -0.0377 -0.3926 -0.9189
vn 0.4845 -0.3893 0.7834
vn 0.4328 -0.3311 0.8385
vn -0.1610 -0.2850 -0.9449
vn 0.3823 -0.2960 0.8754
vn -0.1823 -0.2340 -0.9550
vn -0.1337 -0.1803 -0.9745
vn 0.3556 -0.2527 0.8998
vn 0.2729 -0.2041 0.9401
vn -0.0744 -0.0589 -0.9955
vn 0.1390 -0.1565 0.9779
vn 0.0905 0.0475 -0.9948
vn 0.0760 -0.0877 0.9932
vn 0.2003 0.1289 -0.9712
vn 0.0702 -0.0328 0.9970
vn 0.2307 0.2796 -0.9320
vn 0.2465 0.1568 -0.9564
vn 0.2306 0.1537 -0.9608
vn 0.0662 0.0085 0.9978
vn 0.2296 0.1171 -0.9662
vn 0.0249 0.0303 0.9992
vn 0.2705 0.0587 -0.9609
vn -0.0425 0.0350 0.9985
vn 0.3245 0.0009 -0.9459
vn -0.1138 0.0071 0.9935
vn 0.3131 -0.0796 -0.9464
vn 0.3349 -0.0259 -0.9419
vn -0.1976 -0.0369 0.9796
vn 0.3383 -0.1437 -0.9300
vn -0.2689 -0.1070 0.9572
vn 0.3413 -0.2523 -0.9055
vn 0.3735 -0.2191 -0.9014
vn -0.3029 -0.1768 0.9365
vn -0.3460 -0.1414 0.9275
vn 0.2821 -0.3148 -0.9063
vn -0.2119 -0.2310 0.9496
vn 0.2434 -0.3373 -0.9094
vn 0.1796 -0.3925 -0.9020
vn -0.1705 -0.2523 0.9525
vn 0.1152 -0.4003 -0.9091
vn 0.0759 -0.4579 -0.8858
vn -0.1972 -0.2698 0.9425
vn -0.0239 -0.4592 -0.8880
vn -0.0591 -0.5228 -0.8504
vn -0.2964 -0.2385 0.9248
vn -0.3319 -0.2849 0.8992
vn -0.2541 -0.2780 0.9264
vn -0.1797 -0.5060 -0.8436
vn -0.2289 -0.5632 -0.7940
vn -0.4692 -0.2781 0.8382
vn -0.3968 -0.5725 -0.7175
vn -0.5582 -0.3624 0.7463
vn -0.6223 -0.3580 0.6961
vn -0.5644 -0.3207 0.7606
vn -0.5575 -0.5597 -0.6131
vn -0.5117 -0.5797 -0.6342
vn -0.5871 -0.5791 -0.5657
vn -0.6447 -0.4505 0.6176
vn -0.6927 -0.4500 0.5636
vn -0.6618 -0.4141 0.6249
vn -0.7169 -0.5439 -0.4361
vn -0.6617 -0.5803 -0.4748
vn -0.7882 -0.5377 -0.2994
vn -0.7459 -0.5823 -0.3234
vn -0.8025 -0.5568 -0.2143
vn -0.7364 -0.5123 0.4418
vn -0.7769 -0.5279 0.3433
vn -0.7489 -0.4875 0.4488
vn -0.8387 -0.5313 -0.1193
vn -0.8478 -0.5272 0.0576
vn -0.8132 -0.5266 0.2479
vn 0.6673 -0.7320 -0.1370
vn 0.7217 -0.6837 0.1078
vn 0.4784 -0.7461 -0.4632
vn 0.5771 -0.7826 -0.2335
vn 0.6665 -0.7444 0.0396
vn 0.5729 -0.8140 -0.0955
vn 0.6473 -0.6960 0.3108
vn 0.6262 -0.7603 0.1724
vn 0.6201 -0.6133 0.4892
vn 0.3490 -0.7423 -0.5719
vn 0.5026 -0.8223 -0.2668
vn 0.4061 -0.7925 -0.4550
vn 0.5792 -0.7629 0.2873
vn 0.5652 -0.6851 0.4595
vn 0.5210 -0.5514 0.6515
vn 0.5232 -0.6596 0.5396
vn 0.1271 -0.6093 -0.7827
vn 0.2182 -0.6420 -0.7350
vn 0.2957 -0.7506 -0.5909
vn 0.4992 -0.5705 0.6522
vn 0.4791 -0.6888 0.5440
vn 0.0108 -0.5384 -0.8426
vn 0.0919 -0.5828 -0.8074
vn 0.4564 -0.6599 0.5968
vn 0.4582 -0.4577 0.7620
vn 0.4470 -0.6053 0.6587
vn -0.1108 -0.4515 -0.8853
vn -0.0089 -0.5031 -0.8642
vn 0.4269 -0.5668 0.7046
vn 0.3777 -0.5155 0.7692
vn -0.0058 -0.4181 -0.9084
vn 0.3070 -0.3717 0.8761
vn 0.3039 -0.5170 0.8002
vn 0.0568 -0.3192 -0.9460
vn 0.2516 -0.4870 0.8364
vn 0.2045 -0.4029 0.8921
vn 0.1803 -0.2054 -0.9619
vn 0.1554 -0.3103 0.9379
vn 0.2549 -0.1431 -0.9563
vn 0.1283 -0.2218 0.9666
vn 0.2275 -0.1146 -0.9670
vn 0.2629 -0.1253 -0.9566
vn 0.0904 -0.1691 0.9815
vn 0.1977 -0.1223 -0.9726
vn 0.0319 -0.1687 0.9852
vn 0.2160 -0.1516 -0.9646
vn -0.0539 -0.1792 0.9823
vn 0.2511 -0.2031 -0.9464
vn -0.1425 -0.2067 0.9680
vn 0.2438 -0.2760 -0.9297
vn 0.2500 -0.2432 -0.9372
vn -0.2440 -0.2293 0.9423
vn 0.2524 -0.3406 -0.9057
vn -0.3120 -0.2286 0.9222
vn -0.3540 -0.3267 0.8763
vn -0.3142 -0.2836 0.9060
vn 0.2980 -0.3146 -0.9012
vn 0.2388 -0.4120 -0.8794
vn -0.3212 -0.3573 0.8770
vn 0.2277 -0.3798 -0.8966
vn 0.2108 -0.4703 -0.8570
vn -0.2322 -0.4103 0.8819
vn 0.1211 -0.4886 -0.8641
vn 0.1828 -0.4881 -0.8535
vn -0.1819 -0.3699 0.9111
vn -0.1724 -0.4576 0.8723
vn -0.2013 -0.4456 0.8723
vn 0.0082 -0.5344 -0.8452
vn -0.2057 -0.3639 0.9084
vn -0.1801 -0.3935 0.9015
vn -0.1247 -0.5826 -0.8031
vn -0.3013 -0.3330 0.8935
vn -0.2881 -0.6017 -0.7449
vn -0.2343 -0.6431 -0.7291
vn -0.3219 -0.6658 -0.6731
vn -0.4790 -0.2956 0.8265
vn -0.4307 -0.6071 -0.6678
vn -0.4581 -0.6562 -0.5996
vn -0.6595 -0.3564 0.6619
vn -0.6044 -0.3093 0.7342
vn -0.6109 -0.6156 -0.4978
vn -0.5539 -0.6506 -0.5196
vn -0.6316 -0.6218 -0.4630
vn -0.7596 -0.4652 0.4545
vn -0.7903 -0.5090 0.3411
vn -0.7642 -0.4706 0.4410
vn -0.7139 -0.3810 0.5875
vn -0.7014 -0.6181 -0.3548
vn -0.7728 -0.6122 -0.1676
vn -0.8043 -0.5812 -0.1237
vn -0.8268 -0.5599 0.0536
vn -0.8202 -0.5717 0.0205
vn -0.8065 -0.5340 0.2539
vn -0.8128 -0.5325 0.2361
vn 0.5747 -0.8180 0.0256
vn 0.4290 -0.8599 -0.2767
vn 0.4721 -0.8815 -0.0072
vn 0.4827 -0.8419 0.2413
vn 0.4943 -0.7608 0.4206
vn 0.2704 -0.7707 -0.5770
vn 0.3375 -0.8841 -0.3233
vn 0.4410 -0.8970 -0.0297
vn 0.3648 -0.9153 -0.1708
vn 0.4560 -0.8656 0.2066
vn 0.4366 -0.8110 0.3894
vn 0.4142 -0.8572 0.3062
vn 0.1702 -0.7574 -0.6304
vn 0.2721 -0.9047 -0.3277
vn 0.2068 -0.8539 -0.4775
vn 0.3762 -0.8552 0.3565
vn 0.4033 -0.7599 0.5098
vn 0.3776 -0.8362 0.3977
vn 0.0919 -0.7154 -0.6926
vn 0.1209 -0.8427 -0.5247
vn 0.3772 -0.8010 0.4649
vn 0.3766 -0.6728 0.6368
vn 0.3737 -0.7740 0.5111
vn 0.0977 -0.6475 -0.7557
vn 0.1174 -0.8101 -0.5744
vn 0.3359 -0.6838 0.6477
vn 0.3470 -0.7830 0.5162
vn 0.1638 -0.5448 -0.8224
vn 0.1261 -0.6905 -0.7123
vn 0.3277 -0.7068 0.6269
vn 0.2470 -0.5456 0.8008
vn 0.3301 -0.5853 0.7406
vn 0.2358 -0.4498 -0.8614
vn 0.2510 -0.4593 0.8521
vn 0.3000 -0.5067 0.8082
vn 0.2581 -0.4119 -0.8739
vn 0.2803 -0.4631 0.8409
vn 0.2131 -0.3692 0.9046
vn 0.2369 -0.2691 -0.9335
vn 0.2344 -0.4086 -0.8821
vn 0.1095 -0.3243 0.9396
vn 0.1849 -0.3733 -0.9091
vn 0.2054 -0.3990 -0.8937
vn 0.0102 -0.3476 0.9376
vn 0.1742 -0.3684 -0.9132
vn -0.0788 -0.3816 0.9210
vn 0.1807 -0.3972 -0.8998
vn -0.1660 -0.4129 0.8955
vn 0.1964 -0.3723 -0.9071
vn 0.1547 -0.4481 -0.8805
vn -0.2676 -0.3540 0.8961
vn -0.2825 -0.4753 0.8333
vn -0.2152 -0.4473 0.8681
vn 0.1858 -0.4342 -0.8814
vn 0.1680 -0.4968 -0.8515
vn -0.3594 -0.4777 0.8017
vn 0.1742 -0.5243 -0.8336
vn 0.1812 -0.5160 -0.8372
vn -0.3485 -0.4741 0.8086
vn -0.3655 -0.5798 0.7281
vn -0.3882 -0.5250 0.7574
vn 0.1431 -0.5738 -0.8064
vn -0.2537 -0.5209 0.8150
vn -0.2513 -0.5992 0.7601
vn 0.0941 -0.5703 -0.8160
vn 0.0459 -0.6211 -0.7824
vn -0.0824 -0.5694 0.8179
vn -0.0167 -0.6163 -0.7873
vn -0.0683 -0.6544 -0.7530
vn -0.0744 -0.4825 0.8728
vn -0.1510 -0.6567 -0.7388
vn -0.2123 -0.6828 -0.6991
vn -0.2457 -0.3957 0.8849
vn -0.3538 -0.6965 -0.6243
vn -0.3183 -0.6855 -0.6548
vn -0.3899 -0.6874 -0.6128
vn -0.5259 -0.3286 0.7845
vn -0.5562 -0.3521 0.7527
vn -0.3819 -0.3790 0.8429
vn -0.4780 -0.6828 -0.5525
vn -0.4961 -0.7149 -0.4926
vn -0.5541 -0.6925 -0.4620
vn -0.5842 -0.7007 -0.4096
vn -0.7012 -0.3851 0.6000
vn -0.7508 -0.4250 0.5056
vn -0.7178 -0.3727 0.5881
vn -0.6562 -0.6543 -0.3758
vn -0.6940 -0.6692 -0.2656
vn -0.7420 -0.6375 -0.2074
vn -0.7985 -0.6017 -0.0198
vn -0.7830 -0.6195 -0.0563
vn -0.8076 -0.5468 0.2208
vn -0.8170 -0.5474 0.1812
vn -0.7957 -0.4647 0.3884
vn 0.3460 -0.9377 -0.0317
vn 0.3780 -0.9075 0.1829
vn 0.1950 -0.9370 -0.2900
vn 0.2144 -0.9756 -0.0474
vn 0.2463 -0.9598 0.1344
vn 0.3182 -0.9033 0.2878
vn 0.1321 -0.9420 -0.3085
vn 0.1773 -0.9803 -0.0875
vn 0.2406 -0.9679 0.0719
vn 0.3022 -0.9303 0.2080
vn 0.3409 -0.8522 0.3969
vn 0.1773 -0.9145 -0.3636
vn 0.2816 -0.9467 -0.1562
vn 0.3700 -0.9290 -0.0060
vn 0.4210 -0.8946 0.1501
vn 0.3955 -0.8393 0.3731
vn 0.2163 -0.7288 -0.6496
vn 0.3388 -0.8293 -0.4444
vn 0.4433 -0.8646 -0.2366
vn 0.4528 -0.8084 -0.3761
vn 0.5418 -0.8386 -0.0564
vn 0.5719 -0.8067 0.1489
vn 0.5329 -0.7332 0.4223
vn 0.4148 -0.6943 0.5881
vn 0.5267 -0.6652 0.5291
vn 0.3086 -0.6468 -0.6975
vn 0.4377 -0.7609 -0.4791
vn 0.4052 -0.6962 -0.5926
vn 0.5195 -0.5755 0.6317
vn 0.4305 -0.4830 0.7625
vn 0.2942 -0.5988 -0.7449
vn 0.3144 -0.6782 -0.6642
vn 0.2701 -0.4350 0.8590
vn 0.3259 -0.4097 0.8520
vn 0.2040 -0.5986 -0.7746
vn 0.2518 -0.6526 -0.7146
vn 0.1135 -0.4077 0.9060
vn 0.0996 -0.4474 0.8888
vn 0.1839 -0.5189 -0.8348
vn 0.1722 -0.6125 -0.7715
vn -0.0240 -0.4549 0.8902
vn -0.0638 -0.5261 0.8480
vn 0.1788 -0.5169 -0.8372
vn 0.1752 -0.6196 -0.7651
vn -0.1042 -0.5080 0.8550
vn -0.1358 -0.5838 0.8005
vn 0.1622 -0.5271 -0.8342
vn 0.1615 -0.6342 -0.7561
vn -0.1768 -0.5389 0.8236
vn -0.1944 -0.6014 0.7749
vn 0.1106 -0.5611 -0.8203
vn 0.1356 -0.6000 -0.7884
vn -0.2843 -0.5890 0.7565
vn 0.1008 -0.6026 -0.7916
vn -0.3564 -0.5847 0.7288
vn -0.3875 -0.6014 0.6986
vn -0.3463 -0.5870 0.7317
vn 0.1445 -0.5791 -0.8024
vn 0.0978 -0.6423 -0.7602
vn -0.3727 -0.6349 0.6768
vn 0.1082 -0.6208 -0.7765
vn 0.0997 -0.6439 -0.7586
vn -0.2139 -0.6635 0.7170
vn -0.1747 -0.6597 0.7310
vn -0.3148 -0.6601 0.6821
vn 0.0284 -0.6389 -0.7688
vn 0.0310 -0.6266 -0.7787
vn -0.0252 -0.6220 0.7826
vn 0.0550 -0.5767 0.8151
vn -0.0887 -0.6446 -0.7593
vn -0.1135 -0.6185 -0.7776
vn -0.0090 -0.5247 0.8512
vn 0.0539 -0.4689 0.8816
vn -0.2409 -0.6620 -0.7097
vn -0.2994 -0.6278 -0.7185
vn -0.2201 -0.4434 0.8689
vn -0.2161 -0.4195 0.8817
vn -0.4476 -0.6751 -0.5864
vn -0.4366 -0.6279 -0.6443
vn -0.5293 -0.6337 -0.5641
vn -0.5489 -0.3670 0.7511
vn -0.6598 -0.6669 -0.3463
vn -0.6481 -0.6286 -0.4299
vn -0.7329 -0.6079 -0.3054
vn -0.8029 -0.4671 0.3703
vn -0.8304 -0.5058 0.2339
vn -0.8209 -0.4521 0.3491
vn -0.7513 -0.3562 0.5555
vn -0.7826 -0.6028 -0.1555
vn -0.8410 -0.5308 0.1046
vn 0.5537 -0.7724 -0.3111
vn 0.6822 -0.7205 -0.1246
vn 0.7403 -0.6581 0.1371
vn 0.6394 -0.6184 0.4568
vn 0.4393 -0.7293 -0.5246
vn 0.5092 -0.6609 -0.5513
vn 0.6249 -0.6623 -0.4132
vn 0.7919 -0.5716 -0.2151
vn 0.8536 -0.5111 0.1002
vn 0.7826 -0.4144 0.4646
vn 0.5548 -0.4576 0.6949
vn 0.6523 -0.3684 0.6624
vn 0.3256 -0.7222 -0.6103
vn 0.3520 -0.6958 -0.6261
vn 0.4984 -0.4041 0.7670
vn 0.3156 -0.4118 0.8549
vn 0.2015 -0.6984 -0.6868
vn 0.1931 -0.7511 -0.6313
vn 0.2555 -0.7391 -0.6232
vn 0.0259 -0.4883 0.8723
vn 0.1633 -0.7113 -0.6836
vn 0.1340 -0.7958 -0.5905
vn -0.1623 -0.5774 0.8002
vn 0.1504 -0.7346 -0.6616
vn 0.1328 -0.8324 -0.5380
vn -0.2044 -0.6607 0.7223
vn -0.2067 -0.7590 0.6174
vn -0.2293 -0.6741 0.7022
vn 0.1257 -0.7649 -0.6318
vn 0.1126 -0.8484 -0.5172
vn -0.2072 -0.6627 0.7196
vn -0.1855 -0.7079 0.6815
vn 0.1002 -0.6754 -0.7306
vn 0.0679 -0.7742 -0.6292
vn 0.0910 -0.8140 -0.5738
vn -0.2714 -0.6336 0.7245
vn -0.2467 -0.6458 0.7226
vn 0.0711 -0.7038 -0.7069
vn 0.0565 -0.7878 -0.6134
vn -0.4013 -0.6203 0.6739
vn -0.4230 -0.6339 0.6475
vn -0.3322 -0.6438 0.6893
vn 0.0964 -0.7142 -0.6933
vn 0.1232 -0.7641 -0.6332
vn -0.3923 -0.6413 0.6594
vn -0.3925 -0.6547 0.6460
vn 0.1369 -0.6916 -0.7092
vn 0.2065 -0.6844 -0.6993
vn -0.1080 -0.7353 0.6691
vn -0.0610 -0.7616 0.6452
vn -0.2821 -0.7454 0.6040
vn 0.0816 -0.6360 -0.7674
vn 0.1338 -0.5806 -0.8031
vn 0.2008 -0.6493 0.7335
vn 0.2557 -0.6533 0.7126
vn -0.1114 -0.5837 -0.8043
vn -0.1101 -0.5208 -0.8466
vn 0.3738 -0.5515 0.7457
vn 0.1681 -0.4324 0.8859
vn -0.3465 -0.5720 -0.7435
vn -0.4152 -0.4910 -0.7659
vn -0.1968 -0.3641 0.9103
vn -0.6420 -0.5822 -0.4988
vn -0.6468 -0.4846 -0.5889
vn -0.7410 -0.5203 -0.4245
vn -0.6406 -0.3974 0.6571
vn -0.7219 -0.4680 0.5098
vn -0.5206 -0.4312 0.7369
vn -0.7740 -0.6075 -0.1784
vn -0.8017 -0.5304 -0.2757
vn -0.8384 -0.5389 0.0814
vn -0.8790 -0.4768 0.0004
vn -0.8608 -0.4146 0.2953
vn 0.5847 -0.6254 -0.5167
vn 0.7339 -0.5496 -0.3991
vn 0.9593 -0.2811 0.0268
vn 0.7966 -0.5064 -0.3301
vn 0.7615 -0.3600 0.5390
vn 0.8828 -0.2956 0.3650
vn 0.3047 -0.7130 -0.6315
vn 0.6214 -0.6156 -0.4847
vn 0.2579 -0.7083 -0.6572
vn 0.6540 -0.3878 0.6495
vn 0.3191 -0.4263 0.8464
vn 0.2391 -0.4967 0.8343
vn 0.1584 -0.7682 -0.6203
vn 0.0193 -0.8394 -0.5432
vn -0.0499 -0.8611 -0.5060
vn -0.0402 -0.5809 0.8130
vn -0.1765 -0.6939 0.6981
vn 0.0719 -0.8416 -0.5353
vn -0.0630 -0.9224 -0.3811
vn -0.1170 -0.9373 -0.3283
vn -0.3566 -0.8256 0.4372
vn -0.3678 -0.8803 0.2996
vn -0.4382 -0.7874 0.4335
vn -0.2273 -0.6928 0.6844
vn 0.0794 -0.8947 -0.4396
vn 0.0296 -0.9536 -0.2995
vn 0.0535 -0.9577 -0.2828
vn -0.0894 -0.9733 0.2113
vn -0.1026 -0.9918 0.0767
vn -0.2742 -0.9451 0.1775
vn -0.1794 -0.8615 0.4751
vn 0.0913 -0.9047 -0.4161
vn 0.1253 -0.9369 -0.3263
vn 0.1702 -0.9295 -0.3271
vn 0.0925 -0.9596 0.2658
vn -0.1055 -0.8232 0.5578
vn 0.0844 -0.8032 0.5897
vn 0.0566 -0.8526 -0.5194
vn 0.0379 -0.9075 -0.4183
vn 0.1186 -0.9151 -0.3854
vn 0.0293 -0.8884 -0.4581
vn -0.2022 -0.7163 0.6679
vn -0.0849 -0.7011 0.7080
vn 0.0542 -0.8639 -0.5007
vn 0.0121 -0.9220 -0.3869
vn -0.0709 -0.9498 -0.3047
vn -0.0965 -0.9623 -0.2542
vn -0.1890 -0.9563 -0.2229
vn -0.4329 -0.7553 0.4921
vn -0.4650 -0.8204 0.3327
vn -0.2953 -0.8083 0.5094
vn 0.1532 -0.8588 -0.4889
vn 0.1244 -0.9475 -0.2947
vn -0.0362 -0.9990 -0.0271
vn -0.5161 -0.8441 0.1454
vn -0.2927 -0.8787 0.3771
vn -0.4318 -0.7111 0.5549
vn 0.3467 -0.7906 -0.5047
vn 0.4016 -0.8912 -0.2110
vn 0.3212 -0.9304 0.1765
vn 0.0726 -0.8435 0.5322
vn 0.3020 -0.5254 -0.7955
vn 0.5188 -0.6488 -0.5567
vn 0.6407 -0.7368 -0.2157
vn 0.6064 -0.7543 0.2515
vn 0.4175 -0.6604 0.6242
vn 0.5626 -0.5418 0.6244
vn -0.0523 -0.4389 -0.8970
vn 0.5685 -0.4775 0.6699
vn 0.2892 -0.4731 0.8322
vn 0.3905 -0.4067 0.8259
vn -0.4496 -0.3543 -0.8199
vn -0.2814 -0.4705 0.8364
vn -0.3610 -0.3963 0.8442
vn -0.7105 -0.3629 -0.6029
vn -0.8365 -0.4022 -0.3722
vn -0.8168 -0.4800 -0.3201
vn -0.8749 -0.4832 -0.0324
vn -0.9043 -0.4261 -0.0268
vn -0.7983 -0.4826 0.3604
vn -0.8062 -0.3973 0.4385
vn 0.7438 -0.3166 -0.5887
vn 0.9919 -0.1182 -0.0466
vn 0.8540 -0.1891 0.4847
vn 0.1103 -0.7452 -0.6577
vn -0.0189 -0.8410 -0.5407
vn 0.4548 -0.3921 0.7996
vn -0.0563 -0.4025 0.9137
vn -0.2769 -0.8497 -0.4488
vn -0.5579 -0.8295 -0.0251
vn -0.4671 -0.8839 0.0250
vn -0.3878 -0.7635 0.5164
vn -0.4803 -0.5713 0.6655
vn -0.2704 -0.9315 -0.2432
vn -0.4106 -0.9034 0.1237
vn 0.0375 -0.9940 -0.1027
vn 0.2376 -0.9673 -0.0890
vn 0.1738 -0.8920 0.4173
vn 0.0292 -0.8805 -0.4732
vn -0.0229 -0.9977 -0.0642
vn -0.1039 -0.8516 0.5137
vn -0.4313 -0.9016 0.0330
vn 0.4805 -0.5744 -0.6627
vn 0.8447 -0.4646 -0.2658
vn 0.7087 -0.4549 -0.5393
vn 0.8623 -0.4224 0.2793
vn 0.7656 -0.3031 0.5675
vn 0.0336 -0.5543 -0.8316
vn 0.1524 -0.4499 -0.8800
vn 0.7338 -0.2054 0.6476
vn 0.5018 -0.1757 0.8470
vn -0.5548 -0.3735 -0.7435
vn -0.6378 -0.2732 -0.7201
vn -0.3835 -0.1319 0.9141
vn -0.8875 -0.1869 -0.4213
vn -0.9848 -0.1671 -0.0472
vn -0.8980 -0.1076 0.4266
vn 0.4587 -0.0021 -0.8886
vn 0.9898 0.0399 -0.1368
vn 0.6156 -0.1243 0.7782
vn -0.3324 -0.9287 -0.1641
vn -0.2872 -0.9481 -0.1367
vn -0.1995 -0.5902 0.7822
vn 0.8556 -0.3724 -0.3596
vn 0.9315 -0.2839 0.2274
vn 0.2767 -0.2124 -0.9372
vn 0.8335 -0.2556 -0.4898
vn 0.9630 -0.2230 0.1511
vn 0.8016 -0.0745 0.5932
vn 0.5514 -0.0493 0.8328
vn -0.5783 -0.0603 -0.8136
vn -0.2936 0.0265 0.9556
vn -0.8710 0.0196 -0.4910
vn -0.9889 0.1102 -0.1001
vn -0.9000 0.1175 0.4198
vn 0.1453 0.1006 -0.9843
vn 0.9576 0.1530 -0.2442
vn 0.1326 0.5515 0.8236
vn -0.9426 0.2242 -0.2473
vn 0.4015 0.0013 -0.9159
vn 0.8660 -0.0767 -0.4941
vn 0.9851 -0.1261 0.1169
vn 0.8279 -0.0964 0.5525
vn 0.5564 -0.1081 0.8239
vn -0.4302 0.1534 -0.8896
vn -0.1595 -0.0577 0.9855
vn -0.7755 0.2375 -0.5850
vn -0.9422 0.3160 -0.1116
vn -0.8454 0.1523 0.5119
vn 0.0944 0.0434 -0.9946
vn 0.9167 0.1069 -0.3850
vn 0.1611 0.6504 0.7423
vn 0.8192 0.2765 0.5024
vn 0.0881 0.2664 0.9598
vn -0.8315 0.2794 -0.4802
vn -0.6724 0.4349 0.5990
vn 0.5631 -0.0072 -0.8263
vn 0.9149 -0.1315 -0.3816
vn 0.9532 -0.2455 0.1765
vn 0.6556 -0.2350 0.7176
vn 0.6838 -0.3494 0.6406
vn -0.2524 0.2581 -0.9326
vn 0.4326 -0.3760 0.8194
vn -0.0407 -0.3127 0.9490
vn -0.6972 0.4089 -0.5888
vn -0.8820 0.3562 -0.3086
vn -0.9508 0.3083 -0.0307
vn -0.8902 0.0826 0.4480
vn -0.6218 -0.1404 0.7705
vn -0.9729 0.2267 0.0451
vn 0.1561 -0.1145 -0.9811
vn 0.8494 -0.1231 -0.5131
vn 0.9586 0.0189 0.2843
vn 0.2361 0.1771 0.9555
vn -0.7607 -0.1024 -0.6409
vn -0.8919 0.1856 -0.4124
vn -0.7831 0.5115 0.3536
vn -0.6161 0.2708 0.7396
vn -0.9608 0.1937 0.1982
vn 0.7216 -0.2939 -0.6269
vn 0.9260 -0.2927 -0.2384
vn 0.8827 -0.4022 0.2430
vn 0.6677 -0.4558 0.5887
vn 0.1082 0.2751 -0.9553
vn 0.0013 -0.4793 0.8776
vn 0.1137 -0.4676 0.8766
vn -0.5999 0.4844 -0.6368
vn -0.8047 0.4074 -0.4318
vn -0.6317 -0.2116 0.7458
vn -0.8935 0.3756 -0.2461
vn -0.9504 0.0555 0.3060
vn 0.2685 -0.5481 -0.7921
vn 0.9486 -0.2867 0.1343
vn 0.5330 -0.4633 -0.7080
vn 0.5013 -0.1384 0.8541
vn -0.5589 -0.1081 -0.8222
vn -0.5305 0.1676 0.8310
vn -0.9877 0.1313 0.0846
vn 0.8788 -0.3887 -0.2769
vn 0.7672 -0.5488 0.3319
vn 0.3100 0.1606 -0.9371
vn 0.7303 -0.0851 -0.6778
vn 0.3847 0.0788 -0.9197
vn 0.8626 -0.5023 -0.0599
vn 0.6281 -0.5730 0.5265
vn 0.2591 -0.5583 0.7881
vn -0.3571 0.5122 -0.7811
vn -0.1626 0.3944 -0.9044
vn -0.3523 -0.4051 0.8437
vn -0.5621 0.5850 -0.5846
vn -0.9212 0.3670 0.1294
vn -0.7160 -0.1890 0.6720
vn 0.7513 -0.6537 0.0914
vn -0.2635 -0.4795 -0.8370
vn 0.7106 -0.7034 0.0159
vn -0.2018 -0.3454 0.9165
vn -0.9843 -0.1757 -0.0158
vn 0.7753 -0.2857 -0.5633
vn 0.8309 -0.5412 0.1296
vn 0.9261 -0.3558 -0.1253
vn 0.3227 -0.6698 0.6687
vn 0.5688 -0.5953 0.5676
vn 0.3008 0.2735 -0.9136
vn 0.8212 -0.2986 -0.4862
vn -0.1976 -0.5085 0.8381
vn 0.0582 -0.4907 0.8694
vn -0.3809 0.6872 -0.6186
vn -0.7094 0.6569 -0.2554
vn -0.8765 0.3127 0.3661
vn -0.6449 -0.0078 0.7642
vn -0.7403 0.6703 -0.0505
vn -0.7902 0.1903 0.5826
vn -0.0764 -0.9971 -0.0067
vn 0.7377 -0.6238 0.2584
vn 0.8031 -0.0788 -0.5906
vn 0.8189 -0.5668 -0.0901
vn 0.3942 -0.7836 0.4802
vn 0.3117 -0.6554 0.6880
vn -0.0501 0.7028 -0.7096
vn 0.7474 0.2827 -0.6013
vn 0.2546 0.5564 -0.7910
vn 0.1048 -0.7048 0.7016
vn -0.2529 -0.3237 0.9117
vn -0.5040 0.7898 -0.3496
vn -0.3802 0.7438 -0.5497
vn -0.7884 0.5664 0.2401
vn -0.7069 0.1632 0.6882
vn -0.4954 -0.2181 0.8408
vn -0.7498 0.6424 -0.1584
vn -0.8310 0.3654 0.4194
vn 0.7413 -0.6395 0.2036
vn 0.5081 0.3114 -0.8030
vn 0.8303 0.0128 -0.5572
vn 0.5735 0.0958 -0.8136
vn 0.8650 -0.4265 -0.2645
vn 0.6550 -0.6209 0.4307
vn -0.1302 -0.5601 0.8181
vn 0.2222 -0.5618 0.7968
vn -0.1965 0.6751 -0.7111
vn -0.0622 0.2851 -0.9565
vn -0.4128 -0.3065 0.8577
vn -0.7684 0.3431 -0.5402
vn -0.9702 0.1288 0.2054
vn -0.7152 -0.1914 0.6722
vn 0.7333 -0.3700 -0.5704
vn 0.6652 -0.7466 0.0016
vn 0.3069 -0.7694 0.5603
vn 0.0501 -0.4622 -0.8854
vn 0.6329 -0.6380 -0.4387
vn 0.3928 -0.8983 0.1971
vn -0.3108 -0.6300 0.7117
vn -0.0612 -0.7373 0.6728
vn -0.7777 -0.4898 -0.3941
vn -0.6653 -0.6467 0.3729
vn 0.0738 -0.9568 -0.2812
vn -0.0311 -0.9640 0.2641
s 1
f 1//1 2//2 3//3
f 4//4 5//5 1//1
f 1//1 5//5 6//6
f 1//1 6//6 2//2
f 5//5 7//7 6//6
f 6//6 7//7 8//8
f 9//9 10//10 11//11
f 11//11 10//10 1//1
f 11//11 1//1 3//3
f 10//10 4//4 1//1
f 7//7 12//12 8//8
f 8//8 12//12 13//13
f 12//12 14//14 13//13
f 13//13 14//14 15//15
f 16//16 9//9 17//17
f 17//17 9//9 11//11
f 18//18 19//19 14//14
f 14//14 19//19 15//15
f 20//20 16//16 21//21
f 21//21 16//16 17//17
f 22//22 23//23 18//18
f 18//18 23//23 19//19
f 24//24 20//20 25//25
f 25//25 20//20 21//21
f 26//26 27//27 22//22
f 22//22 27//27 23//23
f 24//24 25//25 28//28
f 28//28 25//25 29//29
f 28//28 29//29 30//30
f 30//30 29//29 31//31
f 30//30 31//31 32//32
f 32//32 31//31 33//33
f 32//32 33//33 26//26
f 26//26 33//33 27//27
f 3//3 2//2 34//34
f 34//34 2//2 35//35
f 2//2 6//6 35//35
f 35//35 6//6 36//36
f 6//6 8//8 36//36
f 36//36 8//8 37//37
f 36//36 37//37 38//38
f 37//37 39//39 38//38
f 11//11 3//3 40//40
f 40//40 3//3 34//34
f 8//8 13//13 37//37
f 13//13 15//15 37//37
f 37//37 15//15 41//41
f 37//37 41//41 39//39
f 17//17 11//11 42//42
f 42//42 11//11 40//40
f 19//19 43//43 15//15
f 15//15 43//43 41//41
f 21//21 17//17 44//44
f 44//44 17//17 42//42
f 23//23 45//45 19//19
f 19//19 45//45 43//43
f 25//25 21//21 46//46
f 46//46 21//21 44//44
f 47//47 48//48 49//49
f 27//27 47//47 23//23
f 23//23 47//47 49//49
f 23//23 49//49 45//45
f 25//25 46//46 29//29
f 29//29 46//46 50//50
f 29//29 50//50 31//31
f 31//31 50//50 51//51
f 31//31 51//51 33//33
f 33//33 51//51 48//48
f 33//33 48//48 47//47
f 33//33 47//47 27//27
f 52//52 53//53 54//54
f 52//52 55//55 53//53
f 34//34 35//35 56//56
f 56//56 35//35 57//57
f 35//35 36//36 57//57
f 57//57 36//36 52//52
f 57//57 52//52 54//54
f 36//36 38//38 52//52
f 52//52 38//38 58//58
f 52//52 58//58 55//55
f 38//38 39//39 58//58
f 58//58 39//39 59//59
f 40//40 34//34 60//60
f 60//60 34//34 56//56
f 41//41 61//61 39//39
f 39//39 61//61 59//59
f 42//42 40//40 62//62
f 62//62 40//40 60//60
f 43//43 63//63 41//41
f 41//41 63//63 61//61
f 44//44 42//42 64//64
f 64//64 42//42 62//62
f 45//45 65//65 43//43
f 43//43 65//65 63//63
f 46//46 44//44 66//66
f 66//66 44//44 64//64
f 66//66 64//64 67//67
f 66//66 67//67 68//68
f 68//68 67//67 69//69
f 48//48 68//68 49//49
f 49//49 68//68 69//69
f 49//49 69//69 70//70
f 49//49 70//70 45//45
f 45//45 70//70 65//65
f 46//46 66//66 50//50
f 50//50 66//66 51//51
f 51//51 66//66 68//68
f 51//51 68//68 48//48
f 71//71 72//72 73//73
f 54//54 53//53 71//71
f 71//71 53//53 74//74
f 71//71 74//74 72//72
f 53//53 55//55 74//74
f 74//74 55//55 75//75
f 74//74 75//75 76//76
f 75//75 77//77 76//76
f 56//56 57//57 78//78
f 78//78 57//57 71//71
f 78//78 71//71 73//73
f 57//57 54//54 71//71
f 55//55 58//58 75//75
f 58//58 59//59 75//75
f 75//75 59//59 79//79
f 75//75 79//79 77//77
f 60//60 56//56 80//80
f 80//80 56//56 78//78
f 61//61 81//81 59//59
f 59//59 81//81 79//79
f 62//62 60//60 82//82
f 82//82 60//60 80//80
f 63//63 83//83 61//61
f 61//61 83//83 81//81
f 64//64 62//62 84//84
f 84//84 62//62 82//82
f 85//85 86//86 87//87
f 65//65 85//85 63//63
f 63//63 85//85 87//87
f 63//63 87//87 83//83
f 64//64 84//84 67//67
f 67//67 84//84 88//88
f 67//67 88//88 69//69
f 69//69 88//88 89//89
f 69//69 89//89 70//70
f 70//70 89//89 86//86
f 70//70 86//86 85//85
f 70//70 85//85 65//65
f 90//90 91//91 92//92
f 90//90 93//93 91//91
f 91//91 93//93 94//94
f 93//93 95//95 94//94
f 73//73 72//72 96//96
f 96//96 72//72 97//97
f 72//72 74//74 97//97
f 97//97 74//74 90//90
f 97//97 90//90 92//92
f 74//74 76//76 90//90
f 90//90 76//76 93//93
f 76//76 77//77 93//93
f 93//93 77//77 98//98
f 93//93 98//98 95//95
f 78//78 73//73 99//99
f 99//99 73//73 96//96
f 79//79 100//100 77//77
f 77//77 100//100 101//101
f 77//77 101//101 98//98
f 100//100 102//102 101//101
f 80//80 78//78 103//103
f 103//103 78//78 99//99
f 81//81 104//104 79//79
f 79//79 104//104 105//105
f 79//79 105//105 100//100
f 100//100 105//105 102//102
f 82//82 80//80 106//106
f 106//106 80//80 103//103
f 83//83 107//107 81//81
f 81//81 107//107 104//104
f 84//84 82//82 108//108
f 108//108 82//82 106//106
f 108//108 106//106 109//109
f 108//108 109//109 110//110
f 86//86 111//111 87//87
f 87//87 111//111 112//112
f 87//87 112//112 83//83
f 83//83 112//112 107//107
f 84//84 108//108 88//88
f 88//88 108//108 89//89
f 89//89 108//108 110//110
f 89//89 110//110 113//113
f 89//89 113//113 86//86
f 86//86 113//113 111//111
f 114//114 115//115 116//116
f 92//92 91//91 114//114
f 114//114 91//91 117//117
f 114//114 117//117 115//115
f 91//91 94//94 117//117
f 117//117 94//94 118//118
f 94//94 95//95 118//118
f 118//118 95//95 119//119
f 96//96 97//97 120//120
f 120//120 97//97 114//114
f 120//120 114//114 116//116
f 97//97 92//92 114//114
f 98//98 121//121 95//95
f 95//95 121//121 122//122
f 95//95 122//122 119//119
f 121//121 123//123 122//122
f 99//99 96//96 124//124
f 124//124 96//96 120//120
f 98//98 101//101 121//121
f 101//101 102//102 121//121
f 121//121 102//102 125//125
f 121//121 125//125 123//123
f 103//103 99//99 126//126
f 126//126 99//99 124//124
f 104//104 127//127 105//105
f 105//105 127//127 102//102
f 102//102 127//127 128//128
f 102//102 128//128 125//125
f 106//106 103//103 129//129
f 129//129 103//103 126//126
f 107//107 130//130 104//104
f 104//104 130//130 131//131
f 104//104 131//131 127//127
f 127//127 131//131 128//128
f 106//106 129//129 109//109
f 109//109 129//129 132//132
f 109//109 132//132 110//110
f 110//110 132//132 133//133
f 110//110 133//133 134//134
f 111//111 134//134 112//112
f 112//112 134//134 133//133
f 112//112 133//133 135//135
f 112//112 135//135 107//107
f 107//107 135//135 130//130
f 110//110 134//134 113//113
f 113//113 134//134 111//111
f 116//116 115//115 136//136
f 136//136 115//115 137//137
f 115//115 117//117 137//137
f 137//137 117//117 138//138
f 117//117 118//118 138//138
f 138//138 118//118 139//139
f 118//118 119//119 139//139
f 139//139 119//119 140//140
f 120//120 116//116 141//141
f 141//141 116//116 136//136
f 119//119 122//122 140//140
f 140//140 122//122 142//142
f 122//122 123//123 142//142
f 142//142 123//123 143//143
f 124//124 120//120 144//144
f 144//144 120//120 141//141
f 125//125 145//145 123//123
f 123//123 145//145 143//143
f 126//126 124//124 146//146
f 146//146 124//124 144//144
f 128//128 147//147 125//125
f 125//125 147//147 145//145
f 129//129 126//126 148//148
f 148//148 126//126 146//146
f 130//130 149//149 131//131
f 131//131 149//149 150//150
f 131//131 150//150 128//128
f 128//128 150//150 147//147
f 129//129 148//148 132//132
f 132//132 148//148 151//151
f 132//132 151//151 133//133
f 133//133 151//151 152//152
f 133//133 152//152 135//135
f 135//135 152//152 153//153
f 135//135 153//153 130//130
f 130//130 153//153 149//149
f 154//154 155//155 156//156
f 154//154 157//157 155//155
f 155//155 157//157 158//158
f 157//157 159//159 158//158
f 136//136 137//137 160//160
f 160//160 137//137 161//161
f 137//137 138//138 161//161
f 161//161 138//138 154//154
f 161//161 154//154 156//156
f 138//138 139//139 154//154
f 154//154 139//139 157//157
f 139//139 140//140 157//157
f 157//157 140//140 162//162
f 157//157 162//162 159//159
f 159//159 162//162 163//163
f 162//162 164//164 163//163
f 141//141 136//136 165//165
f 165//165 136//136 160//160
f 140//140 142//142 162//162
f 142//142 143//143 162//162
f 162//162 143//143 166//166
f 162//162 166//166 164//164
f 144//144 141//141 167//167
f 167//167 141//141 165//165
f 145//145 168//168 143//143
f 143//143 168//168 166//166
f 146//146 144//144 169//169
f 169//169 144//144 167//167
f 147//147 170//170 145//145
f 145//145 170//170 168//168
f 148//148 146//146 171//171
f 171//171 146//146 169//169
f 149//149 172//172 150//150
f 150//150 172//172 173//173
f 150//150 173//173 147//147
f 147//147 173//173 170//170
f 148//148 171//171 151//151
f 151//151 171//171 174//174
f 151//151 174//174 152//152
f 152//152 174//174 175//175
f 152//152 175//175 153//153
f 153//153 175//175 176//176
f 153//153 176//176 149//149
f 149//149 176//176 172//172
f 156//156 155//155 177//177
f 177//177 155//155 178//178
f 155//155 158//158 178//178
f 178//178 158//158 179//179
f 158//158 159//159 179//179
f 179//179 159//159 180//180
f 160//160 161//161 181//181
f 181//181 161//161 182//182
f 161//161 156//156 182//182
f 182//182 156//156 177//177
f 159//159 163//163 180//180
f 180//180 163//163 183//183
f 163//163 164//164 183//183
f 183//183 164//164 184//184
f 165//165 160//160 185//185
f 185//185 160//160 181//181
f 166//166 186//186 164//164
f 164//164 186//186 184//184
f 167//167 165//165 187//187
f 187//187 165//165 185//185
f 168//168 188//188 166//166
f 166//166 188//188 186//186
f 169//169 167//167 189//189
f 189//189 167//167 187//187
f 170//170 190//190 168//168
f 168//168 190//190 188//188
f 171//171 169//169 191//191
f 191//191 169//169 189//189
f 172//172 192//192 173//173
f 173//173 192//192 193//193
f 173//173 193//193 170//170
f 170//170 193//193 190//190
f 171//171 191//191 174//174
f 174//174 191//191 194//194
f 174//174 194//194 175//175
f 175//175 194//194 195//195
f 175//175 195//195 176//176
f 176//176 195//195 196//196
f 176//176 196//196 172//172
f 172//172 196//196 192//192
f 197//197 198//198 199//199
f 177//177 178//178 197//197
f 197//197 178//178 200//200
f 197//197 200//200 198//198
f 178//178 179//179 200//200
f 200//200 179//179 201//201
f 179//179 180//180 201//201
f 201//201 180//180 202//202
f 181//181 182//182 203//203
f 203//203 182//182 197//197
f 203//203 197//197 199//199
f 182//182 177//177 197//197
f 180//180 183//183 202//202
f 202//202 183//183 204//204
f 183//183 184//184 204//204
f 204//204 184//184 205//205
f 185//185 181//181 206//206
f 206//206 181//181 203//203
f 186//186 207//207 184//184
f 184//184 207//207 205//205
f 187//187 185//185 208//208
f 208//208 185//185 206//206
f 188//188 209//209 186//186
f 186//186 209//209 207//207
f 189//189 187//187 210//210
f 210//210 187//187 208//208
f 190//190 211//211 188//188
f 188//188 211//211 209//209
f 191//191 189//189 212//212
f 212//212 189//189 210//210
f 212//212 210//210 213//213
f 212//212 213//213 214//214
f 192//192 215//215 193//193
f 193//193 215//215 216//216
f 193//193 216//216 190//190
f 190//190 216//216 211//211
f 191//191 212//212 194//194
f 194//194 212//212 195//195
f 195//195 212//212 214//214
f 195//195 214//214 217//217
f 195//195 217//217 196//196
f 196//196 217//217 218//218
f 196//196 218//218 192//192
f 192//192 218//218 215//215
f 219//219 220//220 221//221
f 219//219 222//222 220//220
f 220//220 222//222 223//223
f 222//222 224//224 223//223
f 199//199 198//198 225//225
f 225//225 198//198 226//226
f 198//198 200//200 226//226
f 226//226 200//200 219//219
f 226//226 219//219 221//221
f 200//200 201//201 219//219
f 219//219 201//201 222//222
f 201//201 202//202 222//222
f 222//222 202//202 227//227
f 222//222 227//227 224//224
f 224//224 227//227 228//228
f 227//227 229//229 228//228
f 203//203 199//199 230//230
f 230//230 199//199 225//225
f 202//202 204//204 227//227
f 204//204 205//205 227//227
f 227//227 205//205 231//231
f 227//227 231//231 229//229
f 206//206 203//203 232//232
f 232//232 203//203 230//230
f 207//207 233//233 205//205
f 205//205 233//233 231//231
f 208//208 206//206 234//234
f 234//234 206//206 232//232
f 209//209 235//235 207//207
f 207//207 235//235 233//233
f 210//210 208//208 236//236
f 236//236 208//208 234//234
f 237//237 238//238 239//239
f 211//211 237//237 209//209
f 209//209 237//237 239//239
f 209//209 239//239 235//235
f 210//210 236//236 213//213
f 213//213 236//236 240//240
f 213//213 240//240 214//214
f 214//214 240//240 241//241
f 242//242 243//243 244//244
f 215//215 242//242 216//216
f 216//216 242//242 244//244
f 216//216 244//244 237//237
f 237//237 244//244 238//238
f 216//216 237//237 211//211
f 214//214 241//241 217//217
f 217//217 241//241 245//245
f 217//217 245//245 218//218
f 218//218 245//245 243//243
f 218//218 243//243 242//242
f 218//218 242//242 215//215
f 221//221 220//220 246//246
f 246//246 220//220 247//247
f 220//220 223//223 247//247
f 247//247 223//223 248//248
f 223//223 224//224 248//248
f 248//248 224//224 249//249
f 225//225 226//226 250//250
f 250//250 226//226 251//251
f 226//226 221//221 251//251
f 251//251 221//221 246//246
f 224//224 228//228 249//249
f 249//249 228//228 252//252
f 228//228 229//229 252//252
f 252//252 229//229 253//253
f 230//230 225//225 254//254
f 254//254 225//225 250//250
f 231//231 255//255 229//229
f 229//229 255//255 253//253
f 232//232 230//230 256//256
f 256//256 230//230 254//254
f 233//233 257//257 231//231
f 231//231 257//257 255//255
f 234//234 232//232 258//258
f 258//258 232//232 256//256
f 235//235 259//259 233//233
f 233//233 259//259 257//257
f 236//236 234//234 260//260
f 260//260 234//234 258//258
f 238//238 261//261 239//239
f 239//239 261//261 262//262
f 239//239 262//262 235//235
f 235//235 262//262 259//259
f 236//236 260//260 240//240
f 240//240 260//260 263//263
f 240//240 263//263 241//241
f 241//241 263//263 264//264
f 241//241 264//264 265//265
f 243//243 265//265 244//244
f 244//244 265//265 264//264
f 244//244 264//264 266//266
f 244//244 266//266 238//238
f 238//238 266//266 261//261
f 241//241 265//265 245//245
f 245//245 265//265 243//243
f 246//246 247//247 267//267
f 267//267 247//247 268//268
f 247//247 248//248 268//268
f 268//268 248//248 269//269
f 248//248 249//249 269//269
f 269//269 249//249 270//270
f 269//269 270//270 271//271
f 270//270 272//272 271//271
f 250//250 251//251 273//273
f 273//273 251//251 274//274
f 251//251 246//246 274//274
f 274//274 246//246 267//267
f 249//249 252//252 270//270
f 252//252 253//253 270//270
f 270//270 253//253 275//275
f 270//270 275//275 272//272
f 254//254 250//250 276//276
f 276//276 250//250 273//273
f 255//255 277//277 253//253
f 253//253 277//277 275//275
f 256//256 254//254 278//278
f 278//278 254//254 276//276
f 257//257 279//279 255//255
f 255//255 279//279 277//277
f 258//258 256//256 280//280
f 280//280 256//256 278//278
f 259//259 281//281 257//257
f 257//257 281//281 279//279
f 260//260 258//258 282//282
f 282//282 258//258 280//280
f 261//261 283//283 262//262
f 262//262 283//283 284//284
f 262//262 284//284 259//259
f 259//259 284//284 281//281
f 260//260 282//282 263//263
f 263//263 282//282 285//285
f 263//263 285//285 264//264
f 264//264 285//285 286//286
f 264//264 286//286 266//266
f 266//266 286//286 287//287
f 266//266 287//287 261//261
f 261//261 287//287 283//283
f 288//288 289//289 290//290
f 288//288 291//291 289//289
f 289//289 291//291 292//292
f 291//291 293//293 292//292
f 294//294 295//295 296//296
f 267//267 268//268 294//294
f 294//294 268//268 288//288
f 294//294 288//288 295//295
f 295//295 288//288 290//290
f 268//268 269//269 288//288
f 288//288 269//269 291//291
f 269//269 271//271 291//291
f 291//291 271//271 297//297
f 291//291 297//297 293//293
f 271//271 272//272 297//297
f 297//297 272//272 298//298
f 273//273 274//274 299//299
f 299//299 274//274 294//294
f 299//299 294//294 296//296
f 274//274 267//267 294//294
f 275//275 300//300 272//272
f 272//272 300//300 301//301
f 272//272 301//301 298//298
f 300//300 302//302 301//301
f 276//276 273//273 303//303
f 303//303 273//273 299//299
f 277//277 304//304 275//275
f 275//275 304//304 300//300
f 300//300 304//304 302//302
f 302//302 304//304 305//305
f 278//278 276//276 306//306
f 306//306 276//276 303//303
f 279//279 307//307 277//277
f 277//277 307//307 304//304
f 304//304 307//307 305//305
f 305//305 307//307 308//308
f 280//280 278//278 309//309
f 309//309 278//278 306//306
f 281//281 310//310 279//279
f 279//279 310//310 311//311
f 279//279 311//311 307//307
f 307//307 311//311 308//308
f 282//282 280//280 312//312
f 312//312 280//280 309//309
f 312//312 309//309 313//313
f 312//312 313//313 314//314
f 283//283 315//315 284//284
f 284//284 315//315 316//316
f 284//284 316//316 281//281
f 281//281 316//316 310//310
f 282//282 312//312 285//285
f 285//285 312//312 286//286
f 286//286 312//312 314//314
f 286//286 314//314 317//317
f 286//286 317//317 287//287
f 287//287 317//317 318//318
f 287//287 318//318 283//283
f 283//283 318//318 315//315
f 290//290 289//289 319//319
f 319//319 289//289 320//320
f 289//289 292//292 320//320
f 320//320 292//292 321//321
f 292//292 293//293 321//321
f 321//321 293//293 322//322
f 321//321 322//322 323//323
f 322//322 324//324 323//323
f 296//296 295//295 325//325
f 325//325 295//295 326//326
f 295//295 290//290 326//326
f 326//326 290//290 319//319
f 293//293 297//297 322//322
f 297//297 298//298 322//322
f 322//322 298//298 327//327
f 322//322 327//327 324//324
f 324//324 327//327 328//328
f 327//327 329//329 328//328
f 299//299 296//296 330//330
f 330//330 296//296 325//325
f 298//298 301//301 327//327
f 301//301 302//302 327//327
f 327//327 302//302 331//331
f 327//327 331//331 329//329
f 303//303 299//299 332//332
f 332//332 299//299 330//330
f 305//305 333//333 302//302
f 302//302 333//333 331//331
f 306//306 303//303 334//334
f 334//334 303//303 332//332
f 308//308 335//335 305//305
f 305//305 335//335 333//333
f 309//309 306//306 336//336
f 336//336 306//306 334//334
f 310//310 337//337 311//311
f 311//311 337//337 338//338
f 311//311 338//338 308//308
f 308//308 338//338 335//335
f 309//309 336//336 313//313
f 313//313 336//336 339//339
f 313//313 339//339 314//314
f 314//314 339//339 340//340
f 341//341 342//342 343//343
f 315//315 341//341 316//316
f 316//316 341//341 343//343
f 316//316 343//343 344//344
f 316//316 344//344 310//310
f 310//310 344//344 337//337
f 314//314 340//340 317//317
f 317//317 340//340 345//345
f 317//317 345//345 318//318
f 318//318 345//345 342//342
f 318//318 342//342 341//341
f 318//318 341//341 315//315
f 346//346 347//347 348//348
f 346//346 349//349 347//347
f 319//319 320//320 350//350
f 350//350 320//320 351//351
f 320//320 321//321 351//351
f 351//351 321//321 346//346
f 351//351 346//346 348//348
f 321//321 323//323 346//346
f 346//346 323//323 352//352
f 346//346 352//352 349//349
f 323//323 324//324 352//352
f 352//352 324//324 353//353
f 325//325 326//326 354//354
f 354//354 326//326 355//355
f 326//326 319//319 355//355
f 355//355 319//319 350//350
f 324//324 328//328 353//353
f 353//353 328//328 356//356
f 328//328 329//329 356//356
f 356//356 329//329 357//357
f 330//330 325//325 358//358
f 358//358 325//325 354//354
f 331//331 359//359 329//329
f 329//329 359//359 357//357
f 332//332 330//330 360//360
f 360//360 330//330 358//358
f 333//333 361//361 331//331
f 331//331 361//361 359//359
f 334//334 332//332 362//362
f 362//362 332//332 360//360
f 335//335 363//363 333//333
f 333//333 363//363 361//361
f 336//336 334//334 364//364
f 364//364 334//334 362//362
f 337//337 365//365 338//338
f 338//338 365//365 366//366
f 338//338 366//366 335//335
f 335//335 366//366 363//363
f 336//336 364//364 339//339
f 339//339 364//364 367//367
f 339//339 367//367 340//340
f 340//340 367//367 368//368
f 340//340 368//368 369//369
f 342//342 369//369 343//343
f 343//343 369//369 368//368
f 343//343 368//368 370//370
f 343//343 370//370 344//344
f 344//344 370//370 371//371
f 344//344 371//371 337//337
f 337//337 371//371 365//365
f 340//340 369//369 345//345
f 345//345 369//369 342//342
f 348//348 347//347 372//372
f 372//372 347//347 373//373
f 347//347 349//349 373//373
f 373//373 349//349 374//374
f 373//373 374//374 375//375
f 374//374 376//376 375//375
f 350//350 351//351 377//377
f 377//377 351//351 378//378
f 351//351 348//348 378//378
f 378//378 348//348 372//372
f 349//349 352//352 374//374
f 352//352 353//353 374//374
f 374//374 353//353 379//379
f 374//374 379//379 376//376
f 376//376 379//379 380//380
f 379//379 381//381 380//380
f 354//354 355//355 382//382
f 382//382 355//355 383//383
f 355//355 350//350 383//383
f 383//383 350//350 377//377
f 353//353 356//356 379//379
f 356//356 357//357 379//379
f 379//379 357//357 384//384
f 379//379 384//384 381//381
f 358//358 354//354 385//385
f 385//385 354//354 382//382
f 359//359 386//386 357//357
f 357//357 386//386 384//384
f 360//360 358//358 387//387
f 387//387 358//358 385//385
f 361//361 388//388 359//359
f 359//359 388//388 386//386
f 362//362 360//360 389//389
f 389//389 360//360 387//387
f 363//363 390//390 361//361
f 361//361 390//390 388//388
f 364//364 362//362 391//391
f 391//391 362//362 389//389
f 391//391 389//389 392//392
f 391//391 392//392 393//393
f 365//365 394//394 366//366
f 366//366 394//394 395//395
f 366//366 395//395 363//363
f 363//363 395//395 390//390
f 364//364 391//391 367//367
f 367//367 391//391 368//368
f 368//368 391//391 393//393
f 368//368 393//393 396//396
f 368//368 396//396 370//370
f 370//370 396//396 397//397
f 370//370 397//397 371//371
f 371//371 397//397 398//398
f 371//371 398//398 365//365
f 365//365 398//398 394//394
f 399//399 400//400 401//401
f 372//372 373//373 399//399
f 399//399 373//373 402//402
f 399//399 402//402 400//400
f 373//373 375//375 402//402
f 402//402 375//375 403//403
f 375//375 376//376 403//403
f 403//403 376//376 404//404
f 405//405 406//406 407//407
f 377//377 378//378 405//405
f 405//405 378//378 399//399
f 405//405 399//399 406//406
f 406//406 399//399 401//401
f 378//378 372//372 399//399
f 376//376 380//380 404//404
f 404//404 380//380 408//408
f 380//380 381//381 408//408
f 408//408 381//381 409//409
f 382//382 383//383 410//410
f 410//410 383//383 405//405
f 410//410 405//405 407//407
f 383//383 377//377 405//405
f 384//384 411//411 381//381
f 381//381 411//411 409//409
f 385//385 382//382 412//412
f 412//412 382//382 410//410
f 386//386 413//413 384//384
f 384//384 413//413 411//411
f 387//387 385//385 414//414
f 414//414 385//385 412//412
f 388//388 415//415 386//386
f 386//386 415//415 413//413
f 389//389 387//387 416//416
f 416//416 387//387 414//414
f 390//390 417//417 388//388
f 388//388 417//417 415//415
f 389//389 416//416 392//392
f 392//392 416//416 418//418
f 392//392 418//418 393//393
f 393//393 418//418 419//419
f 394//394 420//420 395//395
f 395//395 420//420 421//421
f 395//395 421//421 390//390
f 390//390 421//421 417//417
f 393//393 419//419 396//396
f 396//396 419//419 422//422
f 396//396 422//422 397//397
f 397//397 422//422 423//423
f 397//397 423//423 398//398
f 398//398 423//423 424//424
f 398//398 424//424 394//394
f 394//394 424//424 420//420
f 401//401 400//400 425//425
f 425//425 400//400 426//426
f 400//400 402//402 426//426
f 426//426 402//402 427//427
f 402//402 403//403 427//427
f 427//427 403//403 428//428
f 403//403 404//404 428//428
f 428//428 404//404 429//429
f 428//428 429//429 430//430
f 429//429 431//431 430//430
f 407//407 406//406 432//432
f 432//432 406//406 433//433
f 406//406 401//401 433//433
f 433//433 401//401 425//425
f 404//404 408//408 429//429
f 408//408 409//409 429//429
f 429//429 409//409 434//434
f 429//429 434//434 431//431
f 410//410 407//407 435//435
f 435//435 407//407 432//432
f 411//411 436//436 409//409
f 409//409 436//436 434//434
f 412//412 410//410 437//437
f 437//437 410//410 435//435
f 413//413 438//438 411//411
f 411//411 438//438 436//436
f 414//414 412//412 439//439
f 439//439 412//412 437//437
f 415//415 440//440 413//413
f 413//413 440//440 438//438
f 416//416 414//414 441//441
f 441//441 414//414 439//439
f 417//417 442//442 415//415
f 415//415 442//442 440//440
f 416//416 441//441 418//418
f 418//418 441//441 443//443
f 418//418 443//443 419//419
f 419//419 443//443 444//444
f 419//419 444//444 445//445
f 445//445 444//444 446//446
f 447//447 448//448 449//449
f 420//420 447//447 421//421
f 421//421 447//447 449//449
f 421//421 449//449 450//450
f 421//421 450//450 417//417
f 417//417 450//450 442//442
f 419//419 445//445 422//422
f 422//422 445//445 423//423
f 423//423 445//445 446//446
f 423//423 446//446 451//451
f 423//423 451//451 424//424
f 424//424 451//451 448//448
f 424//424 448//448 447//447
f 424//424 447//447 420//420
f 452//452 453//453 454//454
f 452//452 455//455 453//453
f 453//453 455//455 456//456
f 455//455 457//457 456//456
f 425//425 426//426 458//458
f 458//458 426//426 459//459
f 426//426 427//427 459//459
f 459//459 427//427 452//452
f 459//459 452//452 454//454
f 427//427 428//428 452//452
f 452//452 428//428 455//455
f 428//428 430//430 455//455
f 455//455 430//430 460//460
f 455//455 460//460 457//457
f 430//430 431//431 460//460
f 460//460 431//431 461//461
f 432//432 433//433 462//462
f 462//462 433//433 463//463
f 433//433 425//425 463//463
f 463//463 425//425 458//458
f 434//434 464//464 431//431
f 431//431 464//464 461//461
f 435//435 432//432 465//465
f 465//465 432//432 462//462
f 436//436 466//466 434//434
f 434//434 466//466 467//467
f 434//434 467//467 464//464
f 466//466 468//468 467//467
f 437//437 435//435 469//469
f 469//469 435//435 465//465
f 438//438 470//470 436//436
f 436//436 470//470 466//466
f 466//466 470//470 468//468
f 468//468 470//470 471//471
f 439//439 437//437 472//472
f 472//472 437//437 469//469
f 440//440 473//473 438//438
f 438//438 473//473 474//474
f 438//438 474//474 470//470
f 470//470 474//474 471//471
f 441//441 439//439 475//475
f 475//475 439//439 472//472
f 442//442 476//476 440//440
f 440//440 476//476 473//473
f 441//441 475//475 443//443
f 443//443 475//475 477//477
f 443//443 477//477 444//444
f 444//444 477//477 478//478
f 444//444 478//478 446//446
f 446//446 478//478 479//479
f 446//446 479//479 480//480
f 448//448 480//480 449//449
f 449//449 480//480 479//479
f 449//449 479//479 481//481
f 449//449 481//481 450//450
f 450//450 481//481 482//482
f 450//450 482//482 442//442
f 442//442 482//482 476//476
f 446//446 480//480 451//451
f 451//451 480//480 448//448
f 454//454 453//453 483//483
f 483//483 453//453 484//484
f 453//453 456//456 484//484
f 484//484 456//456 485//485
f 456//456 457//457 485//485
f 485//485 457//457 486//486
f 485//485 486//486 487//487
f 486//486 488//488 487//487
f 458//458 459//459 489//489
f 489//489 459//459 490//490
f 459//459 454//454 490//490
f 490//490 454//454 483//483
f 457//457 460//460 486//486
f 460//460 461//461 486//486
f 486//486 461//461 491//491
f 486//486 491//491 488//488
f 462//462 463//463 492//492
f 492//492 463//463 493//493
f 463//463 458//458 493//493
f 493//493 458//458 489//489
f 464//464 494//494 461//461
f 461//461 494//494 495//495
f 461//461 495//495 491//491
f 494//494 496//496 495//495
f 465//465 462//462 497//497
f 497//497 462//462 492//492
f 464//464 467//467 494//494
f 467//467 468//468 494//494
f 494//494 468//468 498//498
f 494//494 498//498 496//496
f 469//469 465//465 499//499
f 499//499 465//465 497//497
f 471//471 500//500 468//468
f 468//468 500//500 498//498
f 472//472 469//469 501//501
f 501//501 469//469 499//499
f 473//473 502//502 474//474
f 474//474 502//502 471//471
f 471//471 502//502 503//503
f 471//471 503//503 500//500
f 475//475 472//472 504//504
f 504//504 472//472 501//501
f 504//504 501//501 505//505
f 504//504 505//505 506//506
f 476//476 507//507 473//473
f 473//473 507//507 508//508
f 473//473 508//508 502//502
f 502//502 508//508 503//503
f 475//475 504//504 477//477
f 477//477 504//504 478//478
f 478//478 504//504 506//506
f 478//478 506//506 509//509
f 478//478 509//509 479//479
f 479//479 509//509 510//510
f 479//479 510//510 481//481
f 481//481 510//510 511//511
f 481//481 511//511 482//482
f 482//482 511//511 512//512
f 482//482 512//512 476//476
f 476//476 512//512 507//507
f 513//513 514//514 515//515
f 483//483 484//484 513//513
f 513//513 484//484 516//516
f 513//513 516//516 514//514
f 484//484 485//485 516//516
f 516//516 485//485 517//517
f 485//485 487//487 517//517
f 517//517 487//487 518//518
f 487//487 488//488 518//518
f 518//518 488//488 519//519
f 489//489 490//490 520//520
f 520//520 490//490 513//513
f 520//520 513//513 515//515
f 490//490 483//483 513//513
f 491//491 521//521 488//488
f 488//488 521//521 522//522
f 488//488 522//522 519//519
f 521//521 523//523 522//522
f 492//492 493//493 524//524
f 524//524 493//493 525//525
f 493//493 489//489 525//525
f 525//525 489//489 520//520
f 491//491 495//495 521//521
f 495//495 496//496 521//521
f 521//521 496//496 526//526
f 521//521 526//526 523//523
f 497//497 492//492 527//527
f 527//527 492//492 524//524
f 498//498 528//528 496//496
f 496//496 528//528 526//526
f 499//499 497//497 529//529
f 529//529 497//497 527//527
f 500//500 530//530 498//498
f 498//498 530//530 528//528
f 501//501 499//499 531//531
f 531//531 499//499 529//529
f 503//503 532//532 500//500
f 500//500 532//532 530//530
f 501//501 531//531 505//505
f 505//505 531//531 533//533
f 505//505 533//533 506//506
f 506//506 533//533 534//534
f 507//507 535//535 508//508
f 508//508 535//535 536//536
f 508//508 536//536 503//503
f 503//503 536//536 532//532
f 506//506 534//534 509//509
f 509//509 534//534 537//537
f 509//509 537//537 510//510
f 510//510 537//537 538//538
f 510//510 538//538 511//511
f 511//511 538//538 539//539
f 511//511 539//539 512//512
f 512//512 539//539 540//540
f 512//512 540//540 507//507
f 507//507 540//540 535//535
f 541//541 542//542 543//543
f 541//541 544//544 542//542
f 542//542 544//544 545//545
f 544//544 546//546 545//545
f 515//515 514//514 547//547
f 547//547 514//514 548//548
f 514//514 516//516 548//548
f 548//548 516//516 541//541
f 548//548 541//541 543//543
f 516//516 517//517 541//541
f 541//541 517//517 544//544
f 517//517 518//518 544//544
f 544//544 518//518 549//549
f 544//544 549//549 546//546
f 518//518 519//519 549//549
f 549//549 519//519 550//550
f 520//520 515//515 551//551
f 551//551 515//515 547//547
f 519//519 522//522 550//550
f 550//550 522//522 552//552
f 522//522 523//523 552//552
f 552//552 523//523 553//553
f 524//524 525//525 554//554
f 554//554 525//525 555//555
f 525//525 520//520 555//555
f 555//555 520//520 551//551
f 526//526 556//556 523//523
f 523//523 556//556 553//553
f 527//527 524//524 557//557
f 557//557 524//524 554//554
f 528//528 558//558 526//526
f 526//526 558//558 556//556
f 529//529 527//527 559//559
f 559//559 527//527 557//557
f 530//530 560//560 528//528
f 528//528 560//560 558//558
f 531//531 529//529 561//561
f 561//561 529//529 559//559
f 532//532 562//562 530//530
f 530//530 562//562 560//560
f 531//531 561//561 533//533
f 533//533 561//561 563//563
f 533//533 563//563 534//534
f 534//534 563//563 564//564
f 534//534 564//564 565//565
f 565//565 564//564 566//566
f 567//567 568//568 569//569
f 535//535 567//567 536//536
f 536//536 567//567 569//569
f 536//536 569//569 570//570
f 536//536 570//570 532//532
f 532//532 570//570 562//562
f 534//534 565//565 537//537
f 537//537 565//565 538//538
f 538//538 565//565 566//566
f 538//538 566//566 571//571
f 538//538 571//571 539//539
f 539//539 571//571 572//572
f 539//539 572//572 540//540
f 540//540 572//572 568//568
f 540//540 568//568 567//567
f 540//540 567//567 535//535
f 543//543 542//542 573//573
f 573//573 542//542 574//574
f 542//542 545//545 574//574
f 574//574 545//545 575//575
f 545//545 546//546 575//575
f 575//575 546//546 576//576
f 575//575 576//576 577//577
f 576//576 578//578 577//577
f 547//547 548//548 579//579
f 579//579 548//548 580//580
f 548//548 543//543 580//580
f 580//580 543//543 573//573
f 546//546 549//549 576//576
f 549//549 550//550 576//576
f 576//576 550//550 581//581
f 576//576 581//581 578//578
f 578//578 581//581 582//582
f 581//581 583//583 582//582
f 551//551 547//547 584//584
f 584//584 547//547 579//579
f 550//550 552//552 581//581
f 552//552 553//553 581//581
f 581//581 553//553 585//585
f 581//581 585//585 583//583
f 554//554 555//555 586//586
f 586//586 555//555 587//587
f 555//555 551//551 587//587
f 587//587 551//551 584//584
f 556//556 588//588 553//553
f 553//553 588//588 585//585
f 557//557 554//554 589//589
f 589//589 554//554 586//586
f 558//558 590//590 556//556
f 556//556 590//590 591//591
f 556//556 591//591 588//588
f 590//590 592//592 591//591
f 559//559 557//557 593//593
f 593//593 557//557 589//589
f 560//560 594//594 558//558
f 558//558 594//594 595//595
f 558//558 595//595 590//590
f 590//590 595//595 592//592
f 561//561 559//559 596//596
f 596//596 559//559 593//593
f 596//596 593//593 597//597
f 596//596 597//597 598//598
f 562//562 599//599 560//560
f 560//560 599//599 594//594
f 561//561 596//596 563//563
f 563//563 596//596 564//564
f 564//564 596//596 598//598
f 564//564 598//598 600//600
f 564//564 600//600 566//566
f 566//566 600//600 601//601
f 566//566 601//601 602//602
f 602//602 601//601 603//603
f 603//603 601//601 604//604
f 568//568 603//603 569//569
f 569//569 603//603 604//604
f 569//569 604//604 605//605
f 569//569 605//605 570//570
f 570//570 605//605 606//606
f 570//570 606//606 562//562
f 562//562 606//606 599//599
f 566//566 602//602 571//571
f 571//571 602//602 572//572
f 572//572 602//602 603//603
f 572//572 603//603 568//568
f 573//573 574//574 607//607
f 607//607 574//574 608//608
f 574//574 575//575 608//608
f 608//608 575//575 609//609
f 575//575 577//577 609//609
f 609//609 577//577 610//610
f 577//577 578//578 610//610
f 610//610 578//578 611//611
f 579//579 580//580 612//612
f 612//612 580//580 613//613
f 580//580 573//573 613//613
f 613//613 573//573 607//607
f 578//578 582//582 611//611
f 611//611 582//582 614//614
f 582//582 583//583 614//614
f 614//614 583//583 615//615
f 584//584 579//579 616//616
f 616//616 579//579 612//612
f 585//585 617//617 583//583
f 583//583 617//617 615//615
f 586//586 587//587 618//618
f 618//618 587//587 619//619
f 587//587 584//584 619//619
f 619//619 584//584 616//616
f 588//588 620//620 585//585
f 585//585 620//620 621//621
f 585//585 621//621 617//617
f 620//620 622//622 621//621
f 589//589 586//586 623//623
f 623//623 586//586 618//618
f 588//588 591//591 620//620
f 591//591 592//592 620//620
f 620//620 592//592 624//624
f 620//620 624//624 622//622
f 593//593 589//589 625//625
f 625//625 589//589 623//623
f 594//594 626//626 595//595
f 595//595 626//626 627//627
f 595//595 627//627 592//592
f 592//592 627//627 624//624
f 593//593 625//625 597//597
f 597//597 625//625 628//628
f 597//597 628//628 598//598
f 598//598 628//628 629//629
f 599//599 630//630 594//594
f 594//594 630//630 626//626
f 598//598 629//629 600//600
f 600//600 629//629 631//631
f 600//600 631//631 601//601
f 601//601 631//631 632//632
f 601//601 632//632 604//604
f 604//604 632//632 633//633
f 604//604 633//633 605//605
f 605//605 633//633 634//634
f 605//605 634//634 606//606
f 606//606 634//634 635//635
f 606//606 635//635 599//599
f 599//599 635//635 630//630
f 607//607 608//608 636//636
f 636//636 608//608 637//637
f 608//608 609//609 637//637
f 637//637 609//609 638//638
f 609//609 610//610 638//638
f 638//638 610//610 639//639
f 610//610 611//611 639//639
f 639//639 611//611 640//640
f 639//639 640//640 641//641
f 640//640 642//642 641//641
f 612//612 613//613 643//643
f 643//643 613//613 644//644
f 613//613 607//607 644//644
f 644//644 607//607 636//636
f 611//611 614//614 640//640
f 614//614 615//615 640//640
f 640//640 615//615 645//645
f 640//640 645//645 642//642
f 646//646 647//647 648//648
f 616//616 612//612 646//646
f 646//646 612//612 643//643
f 646//646 643//643 647//647
f 617//617 649//649 615//615
f 615//615 649//649 650//650
f 615//615 650//650 645//645
f 649//649 651//651 650//650
f 618//618 619//619 652//652
f 652//652 619//619 646//646
f 652//652 646//646 648//648
f 619//619 616//616 646//646
f 617//617 621//621 649//649
f 621//621 622//622 649//649
f 649//649 622//622 653//653
f 649//649 653//653 651//651
f 623//623 618//618 654//654
f 654//654 618//618 652//652
f 624//624 655//655 622//622
f 622//622 655//655 653//653
f 625//625 623//623 656//656
f 656//656 623//623 654//654
f 626//626 657//657 627//627
f 627//627 657//657 658//658
f 627//627 658//658 624//624
f 624//624 658//658 655//655
f 625//625 656//656 628//628
f 628//628 656//656 659//659
f 628//628 659//659 629//629
f 629//629 659//659 660//660
f 629//629 660//660 661//661
f 661//661 660//660 662//662
f 663//663 664//664 665//665
f 630//630 663//663 626//626
f 626//626 663//663 665//665
f 626//626 665//665 657//657
f 629//629 661//661 631//631
f 631//631 661//661 632//632
f 632//632 661//661 662//662
f 632//632 662//662 666//666
f 632//632 666//666 633//633
f 633//633 666//666 667//667
f 633//633 667//667 634//634
f 634//634 667//667 668//668
f 634//634 668//668 635//635
f 635//635 668//668 664//664
f 635//635 664//664 663//663
f 635//635 663//663 630//630
f 669//669 670//670 671//671
f 669//669 672//672 670//670
f 670//670 672//672 673//673
f 672//672 674//674 673//673
f 636//636 637//637 675//675
f 675//675 637//637 676//676
f 637//637 638//638 676//676
f 676//676 638//638 669//669
f 676//676 669//669 671//671
f 638//638 639//639 669//669
f 669//669 639//639 672//672
f 639//639 641//641 672//672
f 672//672 641//641 677//677
f 672//672 677//677 674//674
f 641//641 642//642 677//677
f 677//677 642//642 678//678
f 643//643 644//644 679//679
f 679//679 644//644 680//680
f 644//644 636//636 680//680
f 680//680 636//636 675//675
f 645//645 681//681 642//642
f 642//642 681//681 682//682
f 642//642 682//682 678//678
f 681//681 683//683 682//682
f 648//648 647//647 684//684
f 684//684 647//647 685//685
f 647//647 643//643 685//685
f 685//685 643//643 679//679
f 645//645 650//650 681//681
f 650//650 651//651 681//681
f 681//681 651//651 686//686
f 681//681 686//686 683//683
f 652//652 648//648 687//687
f 687//687 648//648 684//684
f 653//653 688//688 651//651
f 651//651 688//688 686//686
f 654//654 652//652 689//689
f 689//689 652//652 687//687
f 655//655 690//690 653//653
f 653//653 690//690 688//688
f 656//656 654//654 691//691
f 691//691 654//654 689//689
f 691//691 689//689 692//692
f 691//691 692//692 693//693
f 657//657 694//694 658//658
f 658//658 694//694 695//695
f 658//658 695//695 655//655
f 655//655 695//695 690//690
f 656//656 691//691 659//659
f 659//659 691//691 660//660
f 660//660 691//691 693//693
f 660//660 693//693 696//696
f 660//660 696//696 662//662
f 662//662 696//696 697//697
f 664//664 698//698 665//665
f 665//665 698//698 699//699
f 665//665 699//699 657//657
f 657//657 699//699 694//694
f 662//662 697//697 666//666
f 666//666 697//697 700//700
f 666//666 700//700 667//667
f 667//667 700//700 701//701
f 667//667 701//701 668//668
f 668//668 701//701 702//702
f 668//668 702//702 664//664
f 664//664 702//702 698//698
f 671//671 670//670 703//703
f 703//703 670//670 704//704
f 670//670 673//673 704//704
f 704//704 673//673 705//705
f 673//673 674//674 705//705
f 705//705 674//674 706//706
f 705//705 706//706 707//707
f 706//706 708//708 707//707
f 709//709 710//710 711//711
f 675//675 676//676 709//709
f 709//709 676//676 712//712
f 709//709 712//712 710//710
f 676//676 671//671 712//712
f 712//712 671//671 703//703
f 674//674 677//677 706//706
f 677//677 678//678 706//706
f 706//706 678//678 713//713
f 706//706 713//713 708//708
f 679//679 680//680 714//714
f 714//714 680//680 709//709
f 714//714 709//709 711//711
f 680//680 675//675 709//709
f 678//678 682//682 713//713
f 713//713 682//682 715//715
f 682//682 683//683 715//715
f 715//715 683//683 716//716
f 684//684 685//685 717//717
f 717//717 685//685 718//718
f 685//685 679//679 718//718
f 718//718 679//679 714//714
f 686//686 719//719 683//683
f 683//683 719//719 716//716
f 687//687 684//684 720//720
f 720//720 684//684 717//717
f 688//688 721//721 686//686
f 686//686 721//721 719//719
f 689//689 687//687 722//722
f 722//722 687//687 720//720
f 690//690 723//723 688//688
f 688//688 723//723 721//721
f 689//689 722//722 692//692
f 692//692 722//722 724//724
f 692//692 724//724 693//693
f 693//693 724//724 725//725
f 694//694 726//726 695//695
f 695//695 726//726 727//727
f 695//695 727//727 690//690
f 690//690 727//727 723//723
f 693//693 725//725 696//696
f 696//696 725//725 728//728
f 696//696 728//728 697//697
f 697//697 728//728 729//729
f 697//697 729//729 730//730
f 730//730 729//729 731//731
f 731//731 729//729 732//732
f 731//731 732//732 733//733
f 733//733 732//732 734//734
f 698//698 733//733 699//699
f 699//699 733//733 734//734
f 699//699 734//734 735//735
f 699//699 735//735 694//694
f 694//694 735//735 726//726
f 697//697 730//730 700//700
f 700//700 730//730 701//701
f 701//701 730//730 731//731
f 701//701 731//731 702//702
f 702//702 731//731 733//733
f 702//702 733//733 698//698
f 736//736 737//737 738//738
f 703//703 704//704 736//736
f 736//736 704//704 739//739
f 736//736 739//739 737//737
f 704//704 705//705 739//739
f 739//739 705//705 740//740
f 705//705 707//707 740//740
f 740//740 707//707 741//741
f 707//707 708//708 741//741
f 741//741 708//708 742//742
f 711//711 710//710 743//743
f 743//743 710//710 744//744
f 710//710 712//712 744//744
f 744//744 712//712 736//736
f 744//744 736//736 738//738
f 712//712 703//703 736//736
f 713//713 745//745 708//708
f 708//708 745//745 746//746
f 708//708 746//746 742//742
f 745//745 747//747 746//746
f 714//714 711//711 748//748
f 748//748 711//711 743//743
f 713//713 715//715 745//745
f 715//715 716//716 745//745
f 745//745 716//716 749//749
f 745//745 749//749 747//747
f 717//717 718//718 750//750
f 718//718 714//714 750//750
f 750//750 714//714 748//748
f 750//750 748//748 751//751
f 719//719 752//752 716//716
f 716//716 752//752 749//749
f 720//720 717//717 753//753
f 753//753 717//717 750//750
f 750//750 751//751 753//753
f 753//753 751//751 754//754
f 721//721 755//755 719//719
f 719//719 755//755 752//752
f 722//722 720//720 756//756
f 756//756 720//720 753//753
f 753//753 754//754 756//756
f 756//756 754//754 757//757
f 723//723 758//758 721//721
f 721//721 758//758 755//755
f 722//722 756//756 724//724
f 724//724 756//756 725//725
f 725//725 756//756 757//757
f 725//725 757//757 759//759
f 759//759 757//757 760//760
f 759//759 760//760 761//761
f 726//726 762//762 727//727
f 727//727 762//762 763//763
f 727//727 763//763 723//723
f 723//723 763//763 758//758
f 725//725 759//759 728//728
f 728//728 759//759 729//729
f 729//729 759//759 761//761
f 729//729 761//761 764//764
f 729//729 764//764 732//732
f 732//732 764//764 765//765
f 732//732 765//765 734//734
f 734//734 765//765 766//766
f 734//734 766//766 735//735
f 735//735 766//766 767//767
f 735//735 767//767 726//726
f 726//726 767//767 762//762
f 768//768 769//769 770//770
f 768//768 771//771 769//769
f 738//738 737//737 772//772
f 772//772 737//737 773//773
f 737//737 739//739 773//773
f 773//773 739//739 774//774
f 739//739 740//740 774//774
f 774//774 740//740 768//768
f 774//774 768//768 770//770
f 740//740 741//741 768//768
f 768//768 741//741 775//775
f 768//768 775//775 771//771
f 741//741 742//742 775//775
f 775//775 742//742 776//776
f 743//743 744//744 777//777
f 777//777 744//744 778//778
f 744//744 738//738 778//778
f 778//778 738//738 772//772
f 742//742 746//746 776//776
f 776//776 746//746 779//779
f 746//746 747//747 779//779
f 779//779 747//747 780//780
f 748//748 743//743 781//781
f 781//781 743//743 777//777
f 749//749 782//782 747//747
f 747//747 782//782 780//780
f 751//751 748//748 783//783
f 783//783 748//748 781//781
f 752//752 784//784 749//749
f 749//749 784//784 782//782
f 754//754 751//751 785//785
f 785//785 751//751 783//783
f 755//755 786//786 752//752
f 752//752 786//786 784//784
f 757//757 754//754 787//787
f 787//787 754//754 785//785
f 758//758 788//788 755//755
f 755//755 788//788 786//786
f 757//757 787//787 760//760
f 760//760 787//787 789//789
f 760//760 789//789 761//761
f 761//761 789//789 790//790
f 791//791 792//792 793//793
f 762//762 791//791 763//763
f 763//763 791//791 793//793
f 763//763 793//793 794//794
f 763//763 794//794 758//758
f 758//758 794//794 788//788
f 761//761 790//790 764//764
f 764//764 790//790 795//795
f 764//764 795//795 765//765
f 765//765 795//795 796//796
f 765//765 796//796 766//766
f 766//766 796//796 797//797
f 766//766 797//797 767//767
f 767//767 797//797 792//792
f 767//767 792//792 791//791
f 767//767 791//791 762//762
f 770//770 769//769 798//798
f 798//798 769//769 799//799
f 769//769 771//771 799//799
f 799//799 771//771 800//800
f 799//799 800//800 801//801
f 800//800 802//802 801//801
f 772//772 773//773 803//803
f 803//803 773//773 804//804
f 773//773 774//774 804//804
f 804//804 774//774 805//805
f 774//774 770//770 805//805
f 805//805 770//770 798//798
f 771//771 775//775 800//800
f 775//775 776//776 800//800
f 800//800 776//776 806//806
f 800//800 806//806 802//802
f 802//802 806//806 807//807
f 806//806 808//808 807//807
f 777//777 778//778 809//809
f 809//809 778//778 810//810
f 778//778 772//772 810//810
f 810//810 772//772 803//803
f 776//776 779//779 806//806
f 779//779 780//780 806//806
f 806//806 780//780 811//811
f 806//806 811//811 808//808
f 781//781 777//777 812//812
f 812//812 777//777 809//809
f 782//782 813//813 780//780
f 780//780 813//813 811//811
f 783//783 781//781 814//814
f 814//814 781//781 812//812
f 784//784 815//815 782//782
f 782//782 815//815 813//813
f 785//785 783//783 816//816
f 816//816 783//783 814//814
f 786//786 817//817 784//784
f 784//784 817//817 815//815
f 787//787 785//785 818//818
f 818//818 785//785 816//816
f 819//819 820//820 821//821
f 788//788 819//819 786//786
f 786//786 819//819 821//821
f 786//786 821//821 817//817
f 787//787 818//818 789//789
f 789//789 818//818 822//822
f 789//789 822//822 790//790
f 790//790 822//822 823//823
f 790//790 823//823 824//824
f 824//824 823//823 825//825
f 792//792 826//826 793//793
f 793//793 826//826 827//827
f 793//793 827//827 794//794
f 794//794 827//827 820//820
f 794//794 820//820 819//819
f 794//794 819//819 788//788
f 790//790 824//824 795//795
f 795//795 824//824 796//796
f 796//796 824//824 825//825
f 796//796 825//825 828//828
f 796//796 828//828 797//797
f 797//797 828//828 829//829
f 797//797 829//829 792//792
f 792//792 829//829 826//826
f 798//798 799//799 830//830
f 830//830 799//799 831//831
f 799//799 801//801 831//831
f 831//831 801//801 832//832
f 801//801 802//802 832//832
f 832//832 802//802 833//833
f 803//803 804//804 834//834
f 834//834 804//804 835//835
f 804//804 805//805 835//835
f 835//835 805//805 836//836
f 805//805 798//798 836//836
f 836//836 798//798 830//830
f 802//802 807//807 833//833
f 833//833 807//807 837//837
f 807//807 808//808 837//837
f 837//837 808//808 838//838
f 809//809 810//810 839//839
f 839//839 810//810 840//840
f 810//810 803//803 840//840
f 840//840 803//803 834//834
f 811//811 841//841 808//808
f 808//808 841//841 838//838
f 812//812 809//809 842//842
f 842//842 809//809 839//839
f 813//813 843//843 811//811
f 811//811 843//843 841//841
f 814//814 812//812 844//844
f 844//844 812//812 842//842
f 815//815 845//845 813//813
f 813//813 845//845 843//843
f 816//816 814//814 846//846
f 846//846 814//814 844//844
f 817//817 847//847 815//815
f 815//815 847//847 845//845
f 818//818 816//816 848//848
f 848//848 816//816 846//846
f 848//848 846//846 849//849
f 848//848 849//849 850//850
f 820//820 851//851 821//821
f 821//821 851//851 852//852
f 821//821 852//852 817//817
f 817//817 852//852 847//847
f 818//818 848//848 822//822
f 822//822 848//848 823//823
f 823//823 848//848 850//850
f 823//823 850//850 853//853
f 823//823 853//853 825//825
f 825//825 853//853 854//854
f 825//825 854//854 855//855
f 855//855 854//854 856//856
f 856//856 854//854 857//857
f 826//826 856//856 827//827
f 827//827 856//856 857//857
f 827//827 857//857 858//858
f 827//827 858//858 820//820
f 820//820 858//858 851//851
f 825//825 855//855 828//828
f 828//828 855//855 829//829
f 829//829 855//855 856//856
f 829//829 856//856 826//826
f 830//830 831//831 859//859
f 859//859 831//831 860//860
f 831//831 832//832 860//860
f 860//860 832//832 861//861
f 832//832 833//833 861//861
f 861//861 833//833 862//862
f 834//834 835//835 863//863
f 863//863 835//835 864//864
f 835//835 836//836 864//864
f 864//864 836//836 865//865
f 836//836 830//830 865//865
f 865//865 830//830 859//859
f 833//833 837//837 862//862
f 862//862 837//837 866//866
f 837//837 838//838 866//866
f 866//866 838//838 867//867
f 839//839 840//840 868//868
f 868//868 840//840 869//869
f 840//840 834//834 869//869
f 869//869 834//834 863//863
f 841//841 870//870 838//838
f 838//838 870//870 867//867
f 842//842 839//839 871//871
f 871//871 839//839 868//868
f 843//843 872//872 841//841
f 841//841 872//872 870//870
f 844//844 842//842 873//873
f 873//873 842//842 871//871
f 845//845 874//874 843//843
f 843//843 874//874 872//872
f 846//846 844//844 875//875
f 875//875 844//844 873//873
f 847//847 876//876 845//845
f 845//845 876//876 874//874
f 846//846 875//875 849//849
f 849//849 875//875 877//877
f 849//849 877//877 850//850
f 850//850 877//877 878//878
f 851//851 879//879 852//852
f 852//852 879//879 880//880
f 852//852 880//880 847//847
f 847//847 880//880 876//876
f 850//850 878//878 853//853
f 853//853 878//878 881//881
f 853//853 881//881 854//854
f 854//854 881//881 882//882
f 854//854 882//882 857//857
f 857//857 882//882 883//883
f 857//857 883//883 858//858
f 858//858 883//883 884//884
f 858//858 884//884 851//851
f 851//851 884//884 879//879
f 859//859 860//860 885//885
f 885//885 860//860 886//886
f 860//860 861//861 886//886
f 886//886 861//861 887//887
f 861//861 862//862 887//887
f 887//887 862//862 888//888
f 887//887 888//888 889//889
f 888//888 890//890 889//889
f 863//863 864//864 891//891
f 891//891 864//864 892//892
f 864//864 865//865 892//892
f 892//892 865//865 893//893
f 865//865 859//859 893//893
f 893//893 859//859 885//885
f 862//862 866//866 888//888
f 866//866 867//867 888//888
f 888//888 867//867 894//894
f 888//888 894//894 890//890
f 868//868 869//869 895//895
f 895//895 869//869 896//896
f 869//869 863//863 896//896
f 896//896 863//863 891//891
f 870//870 897//897 867//867
f 867//867 897//897 894//894
f 871//871 868//868 898//898
f 898//898 868//868 895//895
f 872//872 899//899 870//870
f 870//870 899//899 897//897
f 873//873 871//871 900//900
f 900//900 871//871 898//898
f 874//874 901//901 872//872
f 872//872 901//901 899//899
f 875//875 873//873 902//902
f 902//902 873//873 900//900
f 876//876 903//903 874//874
f 874//874 903//903 901//901
f 875//875 902//902 877//877
f 877//877 902//902 904//904
f 877//877 904//904 878//878
f 878//878 904//904 905//905
f 878//878 905//905 906//906
f 906//906 905//905 907//907
f 879//879 908//908 880//880
f 880//880 908//908 909//909
f 880//880 909//909 876//876
f 876//876 909//909 903//903
f 878//878 906//906 881//881
f 881//881 906//906 882//882
f 882//882 906//906 907//907
f 882//882 907//907 910//910
f 882//882 910//910 883//883
f 883//883 910//910 911//911
f 883//883 911//911 884//884
f 884//884 911//911 912//912
f 884//884 912//912 879//879
f 879//879 912//912 908//908
f 885//885 886//886 913//913
f 913//913 886//886 914//914
f 886//886 887//887 914//914
f 914//914 887//887 915//915
f 887//887 889//889 915//915
f 915//915 889//889 916//916
f 889//889 890//890 916//916
f 916//916 890//890 917//917
f 891//891 892//892 918//918
f 918//918 892//892 919//919
f 892//892 893//893 919//919
f 919//919 893//893 920//920
f 893//893 885//885 920//920
f 920//920 885//885 913//913
f 894//894 921//921 890//890
f 890//890 921//921 917//917
f 895//895 896//896 922//922
f 922//922 896//896 923//923
f 896//896 891//891 923//923
f 923//923 891//891 918//918
f 897//897 924//924 894//894
f 894//894 924//924 921//921
f 898//898 895//895 925//925
f 925//925 895//895 922//922
f 899//899 926//926 897//897
f 897//897 926//926 924//924
f 900//900 898//898 927//927
f 927//927 898//898 925//925
f 901//901 928//928 899//899
f 899//899 928//928 926//926
f 902//902 900//900 929//929
f 929//929 900//900 927//927
f 929//929 927//927 930//930
f 929//929 930//930 931//931
f 903//903 932//932 901//901
f 901//901 932//932 928//928
f 902//902 929//929 904//904
f 904//904 929//929 905//905
f 905//905 929//929 931//931
f 905//905 931//931 933//933
f 905//905 933//933 907//907
f 907//907 933//933 934//934
f 935//935 936//936 937//937
f 908//908 935//935 909//909
f 909//909 935//935 937//937
f 909//909 937//937 938//938
f 909//909 938//938 903//903
f 903//903 938//938 932//932
f 907//907 934//934 910//910
f 910//910 934//934 939//939
f 910//910 939//939 911//911
f 911//911 939//939 940//940
f 911//911 940//940 912//912
f 912//912 940//940 936//936
f 912//912 936//936 935//935
f 912//912 935//935 908//908
f 941//941 942//942 943//943
f 941//941 944//944 942//942
f 942//942 944//944 945//945
f 944//944 946//946 945//945
f 947//947 948//948 949//949
f 913//913 914//914 947//947
f 947//947 914//914 941//941
f 947//947 941//941 948//948
f 948//948 941//941 943//943
f 914//914 915//915 941//941
f 941//941 915//915 944//944
f 915//915 916//916 944//944
f 944//944 916//916 950//950
f 944//944 950//950 946//946
f 916//916 917//917 950//950
f 950//950 917//917 951//951
f 918//918 919//919 952//952
f 952//952 919//919 953//953
f 919//919 920//920 953//953
f 953//953 920//920 947//947
f 953//953 947//947 949//949
f 920//920 913//913 947//947
f 921//921 954//954 917//917
f 917//917 954//954 951//951
f 922//922 923//923 955//955
f 955//955 923//923 956//956
f 923//923 918//918 956//956
f 956//956 918//918 952//952
f 924//924 957//957 921//921
f 921//921 957//957 954//954
f 925//925 922//922 958//958
f 958//958 922//922 955//955
f 926//926 959//959 924//924
f 924//924 959//959 957//957
f 927//927 925//925 960//960
f 960//960 925//925 958//958
f 928//928 961//961 926//926
f 926//926 961//961 959//959
f 927//927 960//960 930//930
f 930//930 960//960 962//962
f 930//930 962//962 931//931
f 931//931 962//962 963//963
f 932//932 964//964 928//928
f 928//928 964//964 961//961
f 931//931 963//963 933//933
f 933//933 963//963 965//965
f 933//933 965//965 934//934
f 934//934 965//965 966//966
f 934//934 966//966 967//967
f 967//967 966//966 968//968
f 968//968 966//966 969//969
f 936//936 968//968 937//937
f 937//937 968//968 969//969
f 937//937 969//969 970//970
f 937//937 970//970 938//938
f 938//938 970//970 971//971
f 938//938 971//971 932//932
f 932//932 971//971 964//964
f 934//934 967//967 939//939
f 939//939 967//967 940//940
f 940//940 967//967 968//968
f 940//940 968//968 936//936
f 943//943 942//942 972//972
f 972//972 942//942 973//973
f 942//942 945//945 973//973
f 973//973 945//945 974//974
f 945//945 946//946 974//974
f 974//974 946//946 975//975
f 974//974 975//975 976//976
f 975//975 977//977 976//976
f 949//949 948//948 978//978
f 978//978 948//948 979//979
f 948//948 943//943 979//979
f 979//979 943//943 972//972
f 946//946 950//950 975//975
f 950//950 951//951 975//975
f 975//975 951//951 980//980
f 975//975 980//980 977//977
f 952//952 953//953 981//981
f 981//981 953//953 982//982
f 953//953 949//949 982//982
f 982//982 949//949 978//978
f 954//954 983//983 951//951
f 951//951 983//983 980//980
f 955//955 956//956 984//984
f 956//956 952//952 984//984
f 984//984 952//952 981//981
f 984//984 981//981 985//985
f 957//957 986//986 954//954
f 954//954 986//986 983//983
f 958//958 955//955 987//987
f 987//987 955//955 984//984
f 987//987 984//984 988//988
f 984//984 985//985 988//988
f 959//959 989//989 957//957
f 957//957 989//989 986//986
f 960//960 958//958 990//990
f 990//990 958//958 987//987
f 990//990 987//987 991//991
f 990//990 991//991 992//992
f 961//961 993//993 959//959
f 959//959 993//993 989//989
f 960//960 990//990 962//962
f 962//962 990//990 963//963
f 963//963 990//990 992//992
f 963//963 992//992 994//994
f 994//994 992//992 995//995
f 994//994 995//995 996//996
f 997//997 998//998 999//999
f 964//964 997//997 961//961
f 961//961 997//997 999//999
f 961//961 999//999 993//993
f 963//963 994//994 965//965
f 965//965 994//994 966//966
f 966//966 994//994 996//996
f 966//966 996//996 1000//1000
f 966//966 1000//1000 969//969
f 969//969 1000//1000 1001//1001
f 969//969 1001//1001 970//970
f 970//970 1001//1001 1002//1002
f 970//970 1002//1002 971//971
f 971//971 1002//1002 998//998
f 971//971 998//998 997//997
f 971//971 997//997 964//964
f 972//972 973//973 1003//1003
f 1003//1003 973//973 1004//1004
f 973//973 974//974 1004//1004
f 1004//1004 974//974 1005//1005
f 974//974 976//976 1005//1005
f 1005//1005 976//976 1006//1006
f 976//976 977//977 1006//1006
f 1006//1006 977//977 1007//1007
f 978//978 979//979 1008//1008
f 1008//1008 979//979 1009//1009
f 979//979 972//972 1009//1009
f 1009//1009 972//972 1003//1003
f 980//980 1010//1010 977//977
f 977//977 1010//1010 1007//1007
f 981//981 982//982 1011//1011
f 1011//1011 982//982 1012//1012
f 982//982 978//978 1012//1012
f 1012//1012 978//978 1008//1008
f 983//983 1013//1013 980//980
f 980//980 1013//1013 1010//1010
f 985//985 981//981 1014//1014
f 1014//1014 981//981 1011//1011
f 986//986 1015//1015 983//983
f 983//983 1015//1015 1013//1013
f 987//987 988//988 1016//1016
f 988//988 985//985 1016//1016
f 1016//1016 985//985 1014//1014
f 1016//1016 1014//1014 1017//1017
f 989//989 1018//1018 986//986
f 986//986 1018//1018 1015//1015
f 987//987 1016//1016 991//991
f 991//991 1016//1016 992//992
f 992//992 1016//1016 1017//1017
f 992//992 1017//1017 1019//1019
f 993//993 1020//1020 989//989
f 989//989 1020//1020 1018//1018
f 992//992 1019//1019 995//995
f 995//995 1019//1019 1021//1021
f 995//995 1021//1021 996//996
f 996//996 1021//1021 1022//1022
f 996//996 1022//1022 1023//1023
f 1023//1023 1022//1022 1024//1024
f 1025//1025 1026//1026 1027//1027
f 998//998 1025//1025 999//999
f 999//999 1025//1025 1027//1027
f 999//999 1027//1027 1028//1028
f 999//999 1028//1028 993//993
f 993//993 1028//1028 1020//1020
f 996//996 1023//1023 1000//1000
f 1000//1000 1023//1023 1001//1001
f 1001//1001 1023//1023 1024//1024
f 1001//1001 1024//1024 1029//1029
f 1001//1001 1029//1029 1002//1002
f 1002//1002 1029//1029 1026//1026
f 1002//1002 1026//1026 1025//1025
f 1002//1002 1025//1025 998//998
f 1003//1003 1004//1004 1030//1030
f 1030//1030 1004//1004 1031//1031
f 1004//1004 1005//1005 1031//1031
f 1031//1031 1005//1005 1032//1032
f 1005//1005 1006//1006 1032//1032
f 1032//1032 1006//1006 1033//1033
f 1006//1006 1007//1007 1033//1033
f 1033//1033 1007//1007 1034//1034
f 1008//1008 1009//1009 1035//1035
f 1035//1035 1009//1009 1036//1036
f 1009//1009 1003//1003 1036//1036
f 1036//1036 1003//1003 1030//1030
f 1010//1010 1037//1037 1007//1007
f 1007//1007 1037//1037 1034//1034
f 1011//1011 1012//1012 1038//1038
f 1038//1038 1012//1012 1039//1039
f 1012//1012 1008//1008 1039//1039
f 1039//1039 1008//1008 1035//1035
f 1013//1013 1040//1040 1010//1010
f 1010//1010 1040//1040 1037//1037
f 1014//1014 1011//1011 1041//1041
f 1041//1041 1011//1011 1038//1038
f 1015//1015 1042//1042 1013//1013
f 1013//1013 1042//1042 1040//1040
f 1017//1017 1014//1014 1043//1043
f 1043//1043 1014//1014 1041//1041
f 1018//1018 1044//1044 1015//1015
f 1015//1015 1044//1044 1042//1042
f 1019//1019 1017//1017 1045//1045
f 1045//1045 1017//1017 1043//1043
f 1020//1020 1046//1046 1018//1018
f 1018//1018 1046//1046 1044//1044
f 1019//1019 1045//1045 1021//1021
f 1021//1021 1045//1045 1047//1047
f 1021//1021 1047//1047 1022//1022
f 1022//1022 1047//1047 1048//1048
f 1022//1022 1048//1048 1024//1024
f 1024//1024 1048//1048 1049//1049
f 1024//1024 1049//1049 1050//1050
f 1026//1026 1050//1050 1027//1027
f 1027//1027 1050//1050 1049//1049
f 1027//1027 1049//1049 1051//1051
f 1027//1027 1051//1051 1028//1028
f 1028//1028 1051//1051 1052//1052
f 1028//1028 1052//1052 1020//1020
f 1020//1020 1052//1052 1046//1046
f 1024//1024 1050//1050 1029//1029
f 1029//1029 1050//1050 1026//1026
f 1030//1030 1031//1031 1053//1053
f 1053//1053 1031//1031 1054//1054
f 1031//1031 1032//1032 1054//1054
f 1054//1054 1032//1032 1055//1055
f 1032//1032 1033//1033 1055//1055
f 1055//1055 1033//1033 1056//1056
f 1033//1033 1034//1034 1056//1056
f 1056//1056 1034//1034 1057//1057
f 1035//1035 1036//1036 1058//1058
f 1058//1058 1036//1036 1059//1059
f 1036//1036 1030//1030 1059//1059
f 1059//1059 1030//1030 1053//1053
f 1037//1037 1060//1060 1034//1034
f 1034//1034 1060//1060 1057//1057
f 1038//1038 1039//1039 1061//1061
f 1061//1061 1039//1039 1062//1062
f 1039//1039 1035//1035 1062//1062
f 1062//1062 1035//1035 1058//1058
f 1040//1040 1063//1063 1037//1037
f 1037//1037 1063//1063 1060//1060
f 1041//1041 1038//1038 1064//1064
f 1064//1064 1038//1038 1061//1061
f 1042//1042 1065//1065 1040//1040
f 1040//1040 1065//1065 1063//1063
f 1043//1043 1041//1041 1066//1066
f 1066//1066 1041//1041 1064//1064
f 1044//1044 1067//1067 1042//1042
f 1042//1042 1067//1067 1065//1065
f 1045//1045 1043//1043 1068//1068
f 1068//1068 1043//1043 1066//1066
f 1068//1068 1066//1066 1069//1069
f 1068//1068 1069//1069 1070//1070
f 1046//1046 1071//1071 1044//1044
f 1044//1044 1071//1071 1067//1067
f 1045//1045 1068//1068 1047//1047
f 1047//1047 1068//1068 1048//1048
f 1048//1048 1068//1068 1070//1070
f 1048//1048 1070//1070 1072//1072
f 1048//1048 1072//1072 1049//1049
f 1049//1049 1072//1072 1073//1073
f 1049//1049 1073//1073 1051//1051
f 1051//1051 1073//1073 1074//1074
f 1051//1051 1074//1074 1052//1052
f 1052//1052 1074//1074 1075//1075
f 1052//1052 1075//1075 1046//1046
f 1046//1046 1075//1075 1071//1071
f 1053//1053 1054//1054 1076//1076
f 1076//1076 1054//1054 1077//1077
f 1054//1054 1055//1055 1077//1077
f 1077//1077 1055//1055 1078//1078
f 1055//1055 1056//1056 1078//1078
f 1078//1078 1056//1056 1079//1079
f 1056//1056 1057//1057 1079//1079
f 1079//1079 1057//1057 1080//1080
f 1058//1058 1059//1059 1081//1081
f 1081//1081 1059//1059 1082//1082
f 1059//1059 1053//1053 1082//1082
f 1082//1082 1053//1053 1076//1076
f 1060//1060 1083//1083 1057//1057
f 1057//1057 1083//1083 1080//1080
f 1061//1061 1062//1062 1084//1084
f 1084//1084 1062//1062 1085//1085
f 1062//1062 1058//1058 1085//1085
f 1085//1085 1058//1058 1081//1081
f 1063//1063 1086//1086 1060//1060
f 1060//1060 1086//1086 1087//1087
f 1060//1060 1087//1087 1083//1083
f 1086//1086 1088//1088 1087//1087
f 1064//1064 1061//1061 1089//1089
f 1089//1089 1061//1061 1084//1084
f 1065//1065 1090//1090 1063//1063
f 1063//1063 1090//1090 1086//1086
f 1086//1086 1090//1090 1088//1088
f 1088//1088 1090//1090 1091//1091
f 1066//1066 1064//1064 1092//1092
f 1092//1092 1064//1064 1089//1089
f 1067//1067 1093//1093 1065//1065
f 1065//1065 1093//1093 1094//1094
f 1065//1065 1094//1094 1090//1090
f 1090//1090 1094//1094 1091//1091
f 1066//1066 1092//1092 1069//1069
f 1069//1069 1092//1092 1095//1095
f 1069//1069 1095//1095 1070//1070
f 1070//1070 1095//1095 1096//1096
f 1097//1097 1098//1098 1099//1099
f 1071//1071 1097//1097 1067//1067
f 1067//1067 1097//1097 1099//1099
f 1067//1067 1099//1099 1093//1093
f 1070//1070 1096//1096 1072//1072
f 1072//1072 1096//1096 1100//1100
f 1072//1072 1100//1100 1073//1073
f 1073//1073 1100//1100 1101//1101
f 1073//1073 1101//1101 1074//1074
f 1074//1074 1101//1101 1102//1102
f 1074//1074 1102//1102 1075//1075
f 1075//1075 1102//1102 1098//1098
f 1075//1075 1098//1098 1097//1097
f 1075//1075 1097//1097 1071//1071
f 1103//1103 1104//1104 1105//1105
f 1103//1103 1106//1106 1104//1104
f 1104//1104 1106//1106 1107//1107
f 1106//1106 1108//1108 1107//1107
f 1076//1076 1077//1077 1109//1109
f 1109//1109 1077//1077 1110//1110
f 1077//1077 1078//1078 1110//1110
f 1110//1110 1078//1078 1103//1103
f 1110//1110 1103//1103 1105//1105
f 1078//1078 1079//1079 1103//1103
f 1103//1103 1079//1079 1106//1106
f 1079//1079 1080//1080 1106//1106
f 1106//1106 1080//1080 1111//1111
f 1106//1106 1111//1111 1108//1108
f 1081//1081 1082//1082 1112//1112
f 1112//1112 1082//1082 1113//1113
f 1082//1082 1076//1076 1113//1113
f 1113//1113 1076//1076 1109//1109
f 1083//1083 1114//1114 1080//1080
f 1080//1080 1114//1114 1115//1115
f 1080//1080 1115//1115 1111//1111
f 1114//1114 1116//1116 1115//1115
f 1084//1084 1085//1085 1117//1117
f 1117//1117 1085//1085 1118//1118
f 1085//1085 1081//1081 1118//1118
f 1118//1118 1081//1081 1112//1112
f 1083//1083 1087//1087 1114//1114
f 1087//1087 1088//1088 1114//1114
f 1114//1114 1088//1088 1119//1119
f 1114//1114 1119//1119 1116//1116
f 1089//1089 1084//1084 1120//1120
f 1120//1120 1084//1084 1117//1117
f 1091//1091 1121//1121 1088//1088
f 1088//1088 1121//1121 1119//1119
f 1092//1092 1089//1089 1122//1122
f 1122//1122 1089//1089 1120//1120
f 1122//1122 1120//1120 1123//1123
f 1122//1122 1123//1123 1124//1124
f 1093//1093 1125//1125 1094//1094
f 1094//1094 1125//1125 1126//1126
f 1094//1094 1126//1126 1091//1091
f 1091//1091 1126//1126 1121//1121
f 1092//1092 1122//1122 1095//1095
f 1095//1095 1122//1122 1096//1096
f 1096//1096 1122//1122 1124//1124
f 1096//1096 1124//1124 1127//1127
f 1098//1098 1128//1128 1099//1099
f 1099//1099 1128//1128 1129//1129
f 1099//1099 1129//1129 1093//1093
f 1093//1093 1129//1129 1125//1125
f 1096//1096 1127//1127 1100//1100
f 1100//1100 1127//1127 1130//1130
f 1100//1100 1130//1130 1101//1101
f 1101//1101 1130//1130 1131//1131
f 1101//1101 1131//1131 1102//1102
f 1102//1102 1131//1131 1132//1132
f 1102//1102 1132//1132 1098//1098
f 1098//1098 1132//1132 1128//1128
f 1133//1133 1134//1134 1135//1135
f 1133//1133 1136//1136 1134//1134
f 1134//1134 1136//1136 1137//1137
f 1138//1138 1139//1139 1140//1140
f 1138//1138 1141//1141 1139//1139
f 1139//1139 1141//1141 1142//1142
f 1141//1141 1143//1143 1142//1142
f 1142//1142 1143//1143 1133//1133
f 1142//1142 1133//1133 1135//1135
f 1133//1133 1143//1143 1136//1136
f 1136//1136 1143//1143 1144//1144
f 1138//1138 1140//1140 1145//1145
f 1145//1145 1140//1140 1146//1146
f 1138//1138 1145//1145 1141//1141
f 1141//1141 1145//1145 1147//1147
f 1141//1141 1147//1147 1143//1143
f 1143//1143 1147//1147 1148//1148
f 1143//1143 1148//1148 1144//1144
f 1144//1144 1148//1148 1149//1149
f 1145//1145 1146//1146 1150//1150
f 1150//1150 1146//1146 1151//1151
f 1145//1145 1150//1150 1147//1147
f 1147//1147 1150//1150 1152//1152
f 1147//1147 1152//1152 1148//1148
f 1148//1148 1152//1152 1153//1153
f 1148//1148 1153//1153 1149//1149
f 1149//1149 1153//1153 1154//1154
f 1150//1150 1151//1151 1155//1155
f 1150//1150 1155//1155 1152//1152
f 1152//1152 1155//1155 1156//1156
f 1152//1152 1156//1156 1157//1157
f 1152//1152 1157//1157 1153//1153
f 1153//1153 1157//1157 1158//1158
f 1153//1153 1158//1158 1154//1154
f 1154//1154 1158//1158 1159//1159
f 1157//1157 1156//1156 1160//1160
f 1157//1157 1160//1160 1158//1158
f 1158//1158 1160//1160 1161//1161
f 1158//1158 1161//1161 1159//1159
f 1159//1159 1161//1161 1162//1162
f 1159//1159 1162//1162 1163//1163
f 1163//1163 1162//1162 1164//1164
f 1165//1165 1166//1166 1167//1167
f 1105//1105 1104//1104 1165//1165
f 1165//1165 1104//1104 1168//1168
f 1165//1165 1168//1168 1166//1166
f 1104//1104 1107//1107 1168//1168
f 1168//1168 1107//1107 1169//1169
f 1107//1107 1108//1108 1169//1169
f 1169//1169 1108//1108 1170//1170
f 1171//1171 1172//1172 1173//1173
f 1109//1109 1110//1110 1171//1171
f 1171//1171 1110//1110 1165//1165
f 1171//1171 1165//1165 1172//1172
f 1172//1172 1165//1165 1167//1167
f 1110//1110 1105//1105 1165//1165
f 1111//1111 1174//1174 1108//1108
f 1108//1108 1174//1174 1175//1175
f 1108//1108 1175//1175 1170//1170
f 1174//1174 1176//1176 1175//1175
f 1112//1112 1113//1113 1177//1177
f 1177//1177 1113//1113 1171//1171
f 1177//1177 1171//1171 1173//1173
f 1113//1113 1109//1109 1171//1171
f 1111//1111 1115//1115 1174//1174
f 1115//1115 1116//1116 1174//1174
f 1174//1174 1116//1116 1178//1178
f 1174//1174 1178//1178 1176//1176
f 1117//1117 1118//1118 1179//1179
f 1118//1118 1112//1112 1179//1179
f 1179//1179 1112//1112 1177//1177
f 1179//1179 1177//1177 1180//1180
f 1119//1119 1181//1181 1116//1116
f 1116//1116 1181//1181 1182//1182
f 1116//1116 1182//1182 1178//1178
f 1181//1181 1183//1183 1182//1182
f 1120//1120 1117//1117 1184//1184
f 1184//1184 1117//1117 1179//1179
f 1179//1179 1180//1180 1184//1184
f 1184//1184 1180//1180 1185//1185
f 1121//1121 1186//1186 1119//1119
f 1119//1119 1186//1186 1187//1187
f 1119//1119 1187//1187 1181//1181
f 1181//1181 1187//1187 1183//1183
f 1120//1120 1184//1184 1123//1123
f 1123//1123 1184//1184 1124//1124
f 1124//1124 1184//1184 1185//1185
f 1124//1124 1185//1185 1188//1188
f 1125//1125 1189//1189 1126//1126
f 1126//1126 1189//1189 1121//1121
f 1121//1121 1189//1189 1190//1190
f 1121//1121 1190//1190 1186//1186
f 1127//1127 1124//1124 1191//1191
f 1191//1191 1124//1124 1188//1188
f 1191//1191 1188//1188 1192//1192
f 1191//1191 1192//1192 1193//1193
f 1128//1128 1194//1194 1129//1129
f 1129//1129 1194//1194 1195//1195
f 1129//1129 1195//1195 1125//1125
f 1125//1125 1195//1195 1196//1196
f 1125//1125 1196//1196 1189//1189
f 1189//1189 1196//1196 1190//1190
f 1127//1127 1191//1191 1130//1130
f 1130//1130 1191//1191 1131//1131
f 1131//1131 1191//1191 1193//1193
f 1131//1131 1193//1193 1197//1197
f 1131//1131 1197//1197 1132//1132
f 1132//1132 1197//1197 1198//1198
f 1132//1132 1198//1198 1128//1128
f 1128//1128 1198//1198 1194//1194
f 1199//1199 1200//1200 1201//1201
f 1199//1199 1202//1202 1200//1200
f 1200//1200 1202//1202 1203//1203
f 1202//1202 1204//1204 1203//1203
f 1203//1203 1204//1204 1205//1205
f 1135//1135 1134//1134 1204//1204
f 1204//1204 1134//1134 1206//1206
f 1204//1204 1206//1206 1205//1205
f 1134//1134 1137//1137 1206//1206
f 1206//1206 1137//1137 1207//1207
f 1199//1199 1201//1201 1208//1208
f 1208//1208 1201//1201 1209//1209
f 1140//1140 1139//1139 1208//1208
f 1208//1208 1139//1139 1202//1202
f 1208//1208 1202//1202 1199//1199
f 1139//1139 1142//1142 1202//1202
f 1202//1202 1142//1142 1204//1204
f 1142//1142 1135//1135 1204//1204
f 1210//1210 1211//1211 1212//1212
f 1210//1210 1213//1213 1211//1211
f 1211//1211 1213//1213 1208//1208
f 1211//1211 1208//1208 1209//1209
f 1146//1146 1140//1140 1213//1213
f 1213//1213 1140//1140 1208//1208
f 1210//1210 1212//1212 1214//1214
f 1214//1214 1212//1212 1215//1215
f 1210//1210 1214//1214 1213//1213
f 1213//1213 1214//1214 1216//1216
f 1151//1151 1146//1146 1216//1216
f 1216//1216 1146//1146 1213//1213
f 1214//1214 1215//1215 1217//1217
f 1217//1217 1215//1215 1218//1218
f 1214//1214 1217//1217 1216//1216
f 1216//1216 1217//1217 1219//1219
f 1151//1151 1216//1216 1155//1155
f 1155//1155 1216//1216 1219//1219
f 1155//1155 1219//1219 1220//1220
f 1155//1155 1220//1220 1156//1156
f 1217//1217 1218//1218 1221//1221
f 1221//1221 1218//1218 1222//1222
f 1217//1217 1221//1221 1219//1219
f 1219//1219 1221//1221 1223//1223
f 1219//1219 1223//1223 1220//1220
f 1220//1220 1223//1223 1224//1224
f 1156//1156 1220//1220 1160//1160
f 1160//1160 1220//1220 1224//1224
f 1160//1160 1224//1224 1225//1225
f 1160//1160 1225//1225 1161//1161
f 1161//1161 1225//1225 1226//1226
f 1161//1161 1226//1226 1162//1162
f 1221//1221 1222//1222 1227//1227
f 1227//1227 1222//1222 1228//1228
f 1221//1221 1227//1227 1223//1223
f 1223//1223 1227//1227 1229//1229
f 1223//1223 1229//1229 1224//1224
f 1224//1224 1229//1229 1230//1230
f 1224//1224 1230//1230 1225//1225
f 1225//1225 1230//1230 1231//1231
f 1225//1225 1231//1231 1226//1226
f 1226//1226 1231//1231 1232//1232
f 1162//1162 1226//1226 1164//1164
f 1164//1164 1226//1226 1232//1232
f 1164//1164 1232//1232 1233//1233
f 1227//1227 1228//1228 1234//1234
f 1227//1227 1234//1234 1229//1229
f 1229//1229 1234//1234 1235//1235
f 1229//1229 1235//1235 1236//1236
f 1229//1229 1236//1236 1230//1230
f 1230//1230 1236//1236 1237//1237
f 1230//1230 1237//1237 1231//1231
f 1231//1231 1237//1237 1238//1238
f 1231//1231 1238//1238 1232//1232
f 1232//1232 1238//1238 1239//1239
f 1232//1232 1239//1239 1233//1233
f 1233//1233 1239//1239 1240//1240
f 1236//1236 1235//1235 1241//1241
f 1236//1236 1241//1241 1237//1237
f 1237//1237 1241//1241 1242//1242
f 1237//1237 1242//1242 1243//1243
f 1237//1237 1243//1243 1238//1238
f 1238//1238 1243//1243 1244//1244
f 1238//1238 1244//1244 1239//1239
f 1239//1239 1244//1244 1245//1245
f 1239//1239 1245//1245 1240//1240
f 1240//1240 1245//1245 1246//1246
f 1243//1243 1242//1242 1247//1247
f 1243//1243 1247//1247 1244//1244
f 1244//1244 1247//1247 1248//1248
f 1244//1244 1248//1248 1245//1245
f 1245//1245 1248//1248 1249//1249
f 1245//1245 1249//1249 1246//1246
f 1246//1246 1249//1249 1250//1250
f 1167//1167 1166//1166 1251//1251
f 1251//1251 1166//1166 1252//1252
f 1166//1166 1168//1168 1252//1252
f 1252//1252 1168//1168 1253//1253
f 1168//1168 1169//1169 1253//1253
f 1253//1253 1169//1169 1254//1254
f 1169//1169 1170//1170 1254//1254
f 1254//1254 1170//1170 1255//1255
f 1254//1254 1255//1255 1256//1256
f 1255//1255 1257//1257 1256//1256
f 1173//1173 1172//1172 1258//1258
f 1258//1258 1172//1172 1259//1259
f 1172//1172 1167//1167 1259//1259
f 1259//1259 1167//1167 1251//1251
f 1170//1170 1175//1175 1255//1255
f 1175//1175 1176//1176 1255//1255
f 1255//1255 1176//1176 1260//1260
f 1255//1255 1260//1260 1257//1257
f 1257//1257 1260//1260 1261//1261
f 1260//1260 1262//1262 1261//1261
f 1177//1177 1173//1173 1263//1263
f 1263//1263 1173//1173 1258//1258
f 1178//1178 1264//1264 1176//1176
f 1176//1176 1264//1264 1260//1260
f 1260//1260 1264//1264 1262//1262
f 1262//1262 1264//1264 1265//1265
f 1180//1180 1177//1177 1266//1266
f 1266//1266 1177//1177 1263//1263
f 1178//1178 1182//1182 1264//1264
f 1182//1182 1183//1183 1264//1264
f 1264//1264 1183//1183 1267//1267
f 1264//1264 1267//1267 1265//1265
f 1185//1185 1180//1180 1268//1268
f 1268//1268 1180//1180 1266//1266
f 1186//1186 1269//1269 1187//1187
f 1187//1187 1269//1269 1183//1183
f 1183//1183 1269//1269 1270//1270
f 1183//1183 1270//1270 1267//1267
f 1188//1188 1185//1185 1271//1271
f 1271//1271 1185//1185 1268//1268
f 1190//1190 1272//1272 1186//1186
f 1186//1186 1272//1272 1273//1273
f 1186//1186 1273//1273 1269//1269
f 1269//1269 1273//1273 1270//1270
f 1188//1188 1271//1271 1192//1192
f 1192//1192 1271//1271 1274//1274
f 1192//1192 1274//1274 1193//1193
f 1193//1193 1274//1274 1275//1275
f 1193//1193 1275//1275 1276//1276
f 1276//1276 1275//1275 1277//1277
f 1277//1277 1275//1275 1278//1278
f 1194//1194 1277//1277 1195//1195
f 1195//1195 1277//1277 1278//1278
f 1195//1195 1278//1278 1279//1279
f 1195//1195 1279//1279 1196//1196
f 1196//1196 1279//1279 1280//1280
f 1196//1196 1280//1280 1190//1190
f 1190//1190 1280//1280 1272//1272
f 1193//1193 1276//1276 1197//1197
f 1197//1197 1276//1276 1198//1198
f 1198//1198 1276//1276 1277//1277
f 1198//1198 1277//1277 1194//1194
f 1281//1281 1282//1282 1283//1283
f 1281//1281 1284//1284 1282//1282
f 1285//1285 1286//1286 1287//1287
f 1285//1285 1288//1288 1286//1286
f 1286//1286 1288//1288 1281//1281
f 1286//1286 1281//1281 1283//1283
f 1281//1281 1288//1288 1284//1284
f 1284//1284 1288//1288 1289//1289
f 1284//1284 1289//1289 1290//1290
f 1289//1289 1291//1291 1290//1290
f 1290//1290 1291//1291 1292//1292
f 1291//1291 1293//1293 1292//1292
f 1292//1292 1293//1293 1294//1294
f 1293//1293 1295//1295 1294//1294
f 1294//1294 1295//1295 1296//1296
f 1295//1295 1297//1297 1296//1296
f 1296//1296 1297//1297 1298//1298
f 1285//1285 1287//1287 1299//1299
f 1299//1299 1287//1287 1300//1300
f 1285//1285 1299//1299 1288//1288
f 1288//1288 1299//1299 1301//1301
f 1201//1201 1200//1200 1301//1301
f 1301//1301 1200//1200 1289//1289
f 1301//1301 1289//1289 1288//1288
f 1200//1200 1203//1203 1289//1289
f 1289//1289 1203//1203 1291//1291
f 1203//1203 1205//1205 1291//1291
f 1291//1291 1205//1205 1293//1293
f 1205//1205 1206//1206 1293//1293
f 1293//1293 1206//1206 1295//1295
f 1206//1206 1207//1207 1295//1295
f 1295//1295 1207//1207 1297//1297
f 1299//1299 1300//1300 1302//1302
f 1302//1302 1300//1300 1303//1303
f 1299//1299 1302//1302 1301//1301
f 1301//1301 1302//1302 1304//1304
f 1209//1209 1201//1201 1304//1304
f 1304//1304 1201//1201 1301//1301
f 1302//1302 1303//1303 1305//1305
f 1305//1305 1303//1303 1306//1306
f 1212//1212 1211//1211 1305//1305
f 1305//1305 1211//1211 1304//1304
f 1305//1305 1304//1304 1302//1302
f 1211//1211 1209//1209 1304//1304
f 1307//1307 1308//1308 1309//1309
f 1307//1307 1310//1310 1308//1308
f 1308//1308 1310//1310 1305//1305
f 1308//1308 1305//1305 1306//1306
f 1215//1215 1212//1212 1310//1310
f 1310//1310 1212//1212 1305//1305
f 1307//1307 1309//1309 1311//1311
f 1311//1311 1309//1309 1312//1312
f 1307//1307 1311//1311 1310//1310
f 1310//1310 1311//1311 1313//1313
f 1218//1218 1215//1215 1313//1313
f 1313//1313 1215//1215 1310//1310
f 1311//1311 1312//1312 1314//1314
f 1314//1314 1312//1312 1315//1315
f 1311//1311 1314//1314 1313//1313
f 1313//1313 1314//1314 1316//1316
f 1222//1222 1218//1218 1316//1316
f 1316//1316 1218//1218 1313//1313
f 1314//1314 1315//1315 1317//1317
f 1314//1314 1317//1317 1316//1316
f 1316//1316 1317//1317 1318//1318
f 1316//1316 1318//1318 1319//1319
f 1228//1228 1222//1222 1319//1319
f 1319//1319 1222//1222 1316//1316
f 1319//1319 1318//1318 1320//1320
f 1320//1320 1318//1318 1321//1321
f 1228//1228 1319//1319 1234//1234
f 1234//1234 1319//1319 1320//1320
f 1234//1234 1320//1320 1322//1322
f 1234//1234 1322//1322 1235//1235
f 1320//1320 1321//1321 1323//1323
f 1320//1320 1323//1323 1322//1322
f 1322//1322 1323//1323 1324//1324
f 1322//1322 1324//1324 1325//1325
f 1235//1235 1322//1322 1241//1241
f 1241//1241 1322//1322 1325//1325
f 1241//1241 1325//1325 1326//1326
f 1241//1241 1326//1326 1242//1242
f 1325//1325 1324//1324 1327//1327
f 1325//1325 1327//1327 1326//1326
f 1326//1326 1327//1327 1328//1328
f 1326//1326 1328//1328 1329//1329
f 1242//1242 1326//1326 1247//1247
f 1247//1247 1326//1326 1329//1329
f 1247//1247 1329//1329 1330//1330
f 1247//1247 1330//1330 1248//1248
f 1248//1248 1330//1330 1331//1331
f 1248//1248 1331//1331 1249//1249
f 1249//1249 1331//1331 1332//1332
f 1249//1249 1332//1332 1250//1250
f 1250//1250 1332//1332 1333//1333
f 1329//1329 1328//1328 1334//1334
f 1329//1329 1334//1334 1330//1330
f 1330//1330 1334//1334 1335//1335
f 1330//1330 1335//1335 1331//1331
f 1331//1331 1335//1335 1336//1336
f 1331//1331 1336//1336 1332//1332
f 1332//1332 1336//1336 1337//1337
f 1332//1332 1337//1337 1333//1333
f 1333//1333 1337//1337 1338//1338
f 1339//1339 1340//1340 1341//1341
f 1339//1339 1342//1342 1340//1340
f 1251//1251 1252//1252 1343//1343
f 1343//1343 1252//1252 1344//1344
f 1252//1252 1253//1253 1344//1344
f 1344//1344 1253//1253 1345//1345
f 1253//1253 1254//1254 1345//1345
f 1345//1345 1254//1254 1339//1339
f 1345//1345 1339//1339 1341//1341
f 1254//1254 1256//1256 1339//1339
f 1339//1339 1256//1256 1346//1346
f 1339//1339 1346//1346 1342//1342
f 1256//1256 1257//1257 1346//1346
f 1346//1346 1257//1257 1347//1347
f 1258//1258 1259//1259 1348//1348
f 1348//1348 1259//1259 1349//1349
f 1259//1259 1251//1251 1349//1349
f 1349//1349 1251//1251 1343//1343
f 1257//1257 1261//1261 1347//1347
f 1347//1347 1261//1261 1350//1350
f 1261//1261 1262//1262 1350//1350
f 1350//1350 1262//1262 1351//1351
f 1263//1263 1258//1258 1352//1352
f 1352//1352 1258//1258 1348//1348
f 1265//1265 1353//1353 1262//1262
f 1262//1262 1353//1353 1354//1354
f 1262//1262 1354//1354 1351//1351
f 1353//1353 1355//1355 1354//1354
f 1266//1266 1263//1263 1356//1356
f 1356//1356 1263//1263 1352//1352
f 1267//1267 1357//1357 1265//1265
f 1265//1265 1357//1357 1353//1353
f 1353//1353 1357//1357 1355//1355
f 1355//1355 1357//1357 1358//1358
f 1268//1268 1266//1266 1359//1359
f 1359//1359 1266//1266 1356//1356
f 1270//1270 1360//1360 1267//1267
f 1267//1267 1360//1360 1361//1361
f 1267//1267 1361//1361 1357//1357
f 1357//1357 1361//1361 1358//1358
f 1271//1271 1268//1268 1362//1362
f 1362//1362 1268//1268 1359//1359
f 1362//1362 1359//1359 1363//1363
f 1362//1362 1363//1363 1364//1364
f 1272//1272 1365//1365 1273//1273
f 1273//1273 1365//1365 1366//1366
f 1273//1273 1366//1366 1270//1270
f 1270//1270 1366//1366 1360//1360
f 1271//1271 1362//1362 1274//1274
f 1274//1274 1362//1362 1275//1275
f 1275//1275 1362//1362 1364//1364
f 1275//1275 1364//1364 1367//1367
f 1275//1275 1367//1367 1278//1278
f 1278//1278 1367//1367 1368//1368
f 1278//1278 1368//1368 1279//1279
f 1279//1279 1368//1368 1369//1369
f 1279//1279 1369//1369 1280//1280
f 1280//1280 1369//1369 1370//1370
f 1280//1280 1370//1370 1272//1272
f 1272//1272 1370//1370 1365//1365
f 1371//1371 1372//1372 1373//1373
f 1371//1371 1374//1374 1372//1372
f 1372//1372 1374//1374 1375//1375
f 1283//1283 1282//1282 1374//1374
f 1374//1374 1282//1282 1376//1376
f 1374//1374 1376//1376 1375//1375
f 1282//1282 1284//1284 1376//1376
f 1376//1376 1284//1284 1377//1377
f 1376//1376 1377//1377 1378//1378
f 1377//1377 1379//1379 1378//1378
f 1378//1378 1379//1379 1380//1380
f 1379//1379 1381//1381 1380//1380
f 1380//1380 1381//1381 1382//1382
f 1381//1381 1383//1383 1382//1382
f 1382//1382 1383//1383 1384//1384
f 1383//1383 1385//1385 1384//1384
f 1384//1384 1385//1385 1386//1386
f 1387//1387 1388//1388 1389//1389
f 1387//1387 1390//1390 1388//1388
f 1388//1388 1390//1390 1371//1371
f 1388//1388 1371//1371 1373//1373
f 1287//1287 1286//1286 1390//1390
f 1390//1390 1286//1286 1374//1374
f 1390//1390 1374//1374 1371//1371
f 1286//1286 1283//1283 1374//1374
f 1284//1284 1290//1290 1377//1377
f 1290//1290 1292//1292 1377//1377
f 1377//1377 1292//1292 1379//1379
f 1292//1292 1294//1294 1379//1379
f 1379//1379 1294//1294 1381//1381
f 1294//1294 1296//1296 1381//1381
f 1381//1381 1296//1296 1383//1383
f 1296//1296 1298//1298 1383//1383
f 1383//1383 1298//1298 1385//1385
f 1387//1387 1389//1389 1391//1391
f 1391//1391 1389//1389 1392//1392
f 1387//1387 1391//1391 1390//1390
f 1390//1390 1391//1391 1393//1393
f 1300//1300 1287//1287 1393//1393
f 1393//1393 1287//1287 1390//1390
f 1391//1391 1392//1392 1394//1394
f 1394//1394 1392//1392 1395//1395
f 1391//1391 1394//1394 1393//1393
f 1393//1393 1394//1394 1396//1396
f 1303//1303 1300//1300 1396//1396
f 1396//1396 1300//1300 1393//1393
f 1394//1394 1395//1395 1397//1397
f 1397//1397 1395//1395 1398//1398
f 1394//1394 1397//1397 1396//1396
f 1396//1396 1397//1397 1399//1399
f 1306//1306 1303//1303 1399//1399
f 1399//1399 1303//1303 1396//1396
f 1400//1400 1401//1401 1402//1402
f 1400//1400 1403//1403 1401//1401
f 1401//1401 1403//1403 1397//1397
f 1401//1401 1397//1397 1398//1398
f 1309//1309 1308//1308 1403//1403
f 1403//1403 1308//1308 1399//1399
f 1403//1403 1399//1399 1397//1397
f 1308//1308 1306//1306 1399//1399
f 1400//1400 1402//1402 1404//1404
f 1404//1404 1402//1402 1405//1405
f 1400//1400 1404//1404 1403//1403
f 1403//1403 1404//1404 1406//1406
f 1312//1312 1309//1309 1406//1406
f 1406//1406 1309//1309 1403//1403
f 1404//1404 1405//1405 1407//1407
f 1407//1407 1405//1405 1408//1408
f 1404//1404 1407//1407 1406//1406
f 1406//1406 1407//1407 1409//1409
f 1315//1315 1312//1312 1409//1409
f 1409//1409 1312//1312 1406//1406
f 1407//1407 1408//1408 1410//1410
f 1407//1407 1410//1410 1409//1409
f 1409//1409 1410//1410 1411//1411
f 1409//1409 1411//1411 1412//1412
f 1315//1315 1409//1409 1317//1317
f 1317//1317 1409//1409 1412//1412
f 1317//1317 1412//1412 1413//1413
f 1317//1317 1413//1413 1318//1318
f 1412//1412 1411//1411 1414//1414
f 1412//1412 1414//1414 1413//1413
f 1413//1413 1414//1414 1415//1415
f 1413//1413 1415//1415 1416//1416
f 1321//1321 1318//1318 1416//1416
f 1416//1416 1318//1318 1413//1413
f 1416//1416 1415//1415 1417//1417
f 1321//1321 1416//1416 1323//1323
f 1323//1323 1416//1416 1417//1417
f 1323//1323 1417//1417 1418//1418
f 1418//1418 1417//1417 1419//1419
f 1323//1323 1418//1418 1324//1324
f 1418//1418 1419//1419 1420//1420
f 1324//1324 1418//1418 1327//1327
f 1327//1327 1418//1418 1420//1420
f 1327//1327 1420//1420 1421//1421
f 1421//1421 1420//1420 1422//1422
f 1327//1327 1421//1421 1328//1328
f 1421//1421 1422//1422 1423//1423
f 1328//1328 1421//1421 1334//1334
f 1334//1334 1421//1421 1423//1423
f 1334//1334 1423//1423 1424//1424
f 1334//1334 1424//1424 1335//1335
f 1335//1335 1424//1424 1425//1425
f 1335//1335 1425//1425 1426//1426
f 1335//1335 1426//1426 1336//1336
f 1336//1336 1426//1426 1427//1427
f 1336//1336 1427//1427 1337//1337
f 1337//1337 1427//1427 1428//1428
f 1337//1337 1428//1428 1338//1338
f 1338//1338 1428//1428 1429//1429
f 1426//1426 1425//1425 1430//1430
f 1426//1426 1430//1430 1427//1427
f 1427//1427 1430//1430 1431//1431
f 1427//1427 1431//1431 1428//1428
f 1428//1428 1431//1431 1432//1432
f 1428//1428 1432//1432 1429//1429
f 1429//1429 1432//1432 1433//1433
f 1434//1434 1435//1435 1436//1436
f 1341//1341 1340//1340 1434//1434
f 1434//1434 1340//1340 1437//1437
f 1434//1434 1437//1437 1435//1435
f 1340//1340 1342//1342 1437//1437
f 1437//1437 1342//1342 1438//1438
f 1343//1343 1344//1344 1439//1439
f 1439//1439 1344//1344 1440//1440
f 1344//1344 1345//1345 1440//1440
f 1440//1440 1345//1345 1434//1434
f 1440//1440 1434//1434 1436//1436
f 1345//1345 1341//1341 1434//1434
f 1342//1342 1346//1346 1438//1438
f 1438//1438 1346//1346 1441//1441
f 1346//1346 1347//1347 1441//1441
f 1441//1441 1347//1347 1442//1442
f 1441//1441 1442//1442 1443//1443
f 1442//1442 1444//1444 1443//1443
f 1348//1348 1349//1349 1445//1445
f 1445//1445 1349//1349 1446//1446
f 1349//1349 1343//1343 1446//1446
f 1446//1446 1343//1343 1439//1439
f 1347//1347 1350//1350 1442//1442
f 1350//1350 1351//1351 1442//1442
f 1442//1442 1351//1351 1447//1447
f 1442//1442 1447//1447 1444//1444
f 1352//1352 1348//1348 1448//1448
f 1448//1448 1348//1348 1445//1445
f 1351//1351 1354//1354 1447//1447
f 1447//1447 1354//1354 1449//1449
f 1354//1354 1355//1355 1449//1449
f 1449//1449 1355//1355 1450//1450
f 1356//1356 1352//1352 1451//1451
f 1451//1451 1352//1352 1448//1448
f 1358//1358 1452//1452 1355//1355
f 1355//1355 1452//1452 1450//1450
f 1359//1359 1356//1356 1453//1453
f 1453//1453 1356//1356 1451//1451
f 1360//1360 1454//1454 1361//1361
f 1361//1361 1454//1454 1455//1455
f 1361//1361 1455//1455 1358//1358
f 1358//1358 1455//1455 1452//1452
f 1359//1359 1453//1453 1363//1363
f 1363//1363 1453//1453 1456//1456
f 1363//1363 1456//1456 1364//1364
f 1364//1364 1456//1456 1457//1457
f 1365//1365 1458//1458 1366//1366
f 1366//1366 1458//1458 1459//1459
f 1366//1366 1459//1459 1360//1360
f 1360//1360 1459//1459 1454//1454
f 1364//1364 1457//1457 1367//1367
f 1367//1367 1457//1457 1460//1460
f 1367//1367 1460//1460 1368//1368
f 1368//1368 1460//1460 1461//1461
f 1368//1368 1461//1461 1369//1369
f 1369//1369 1461//1461 1462//1462
f 1369//1369 1462//1462 1370//1370
f 1370//1370 1462//1462 1463//1463
f 1370//1370 1463//1463 1365//1365
f 1365//1365 1463//1463 1458//1458
f 1464//1464 1465//1465 1466//1466
f 1464//1464 1467//1467 1465//1465
f 1465//1465 1467//1467 1468//1468
f 1467//1467 1469//1469 1468//1468
f 1468//1468 1469//1469 1470//1470
f 1469//1469 1471//1471 1470//1470
f 1470//1470 1471//1471 1472//1472
f 1471//1471 1473//1473 1472//1472
f 1472//1472 1473//1473 1474//1474
f 1473//1473 1475//1475 1474//1474
f 1474//1474 1475//1475 1476//1476
f 1475//1475 1477//1477 1476//1476
f 1478//1478 1479//1479 1480//1480
f 1478//1478 1481//1481 1479//1479
f 1479//1479 1481//1481 1482//1482
f 1373//1373 1372//1372 1481//1481
f 1481//1481 1372//1372 1464//1464
f 1481//1481 1464//1464 1482//1482
f 1482//1482 1464//1464 1466//1466
f 1372//1372 1375//1375 1464//1464
f 1464//1464 1375//1375 1467//1467
f 1375//1375 1376//1376 1467//1467
f 1467//1467 1376//1376 1469//1469
f 1376//1376 1378//1378 1469//1469
f 1469//1469 1378//1378 1471//1471
f 1378//1378 1380//1380 1471//1471
f 1471//1471 1380//1380 1473//1473
f 1380//1380 1382//1382 1473//1473
f 1473//1473 1382//1382 1475//1475
f 1382//1382 1384//1384 1475//1475
f 1475//1475 1384//1384 1483//1483
f 1475//1475 1483//1483 1477//1477
f 1384//1384 1386//1386 1483//1483
f 1483//1483 1386//1386 1484//1484
f 1485//1485 1486//1486 1487//1487
f 1485//1485 1488//1488 1486//1486
f 1486//1486 1488//1488 1478//1478
f 1486//1486 1478//1478 1480//1480
f 1389//1389 1388//1388 1488//1488
f 1488//1488 1388//1388 1481//1481
f 1488//1488 1481//1481 1478//1478
f 1388//1388 1373//1373 1481//1481
f 1489//1489 1490//1490 1491//1491
f 1489//1489 1492//1492 1490//1490
f 1490//1490 1492//1492 1485//1485
f 1490//1490 1485//1485 1487//1487
f 1485//1485 1492//1492 1488//1488
f 1488//1488 1492//1492 1493//1493
f 1392//1392 1389//1389 1493//1493
f 1493//1493 1389//1389 1488//1488
f 1489//1489 1491//1491 1494//1494
f 1494//1494 1491//1491 1495//1495
f 1489//1489 1494//1494 1492//1492
f 1492//1492 1494//1494 1496//1496
f 1492//1492 1496//1496 1493//1493
f 1493//1493 1496//1496 1497//1497
f 1395//1395 1392//1392 1497//1497
f 1497//1497 1392//1392 1493//1493
f 1494//1494 1495//1495 1498//1498
f 1498//1498 1495//1495 1499//1499
f 1494//1494 1498//1498 1496//1496
f 1496//1496 1498//1498 1500//1500
f 1496//1496 1500//1500 1497//1497
f 1497//1497 1500//1500 1501//1501
f 1398//1398 1395//1395 1501//1501
f 1501//1501 1395//1395 1497//1497
f 1498//1498 1499//1499 1502//1502
f 1502//1502 1499//1499 1503//1503
f 1498//1498 1502//1502 1500//1500
f 1500//1500 1502//1502 1504//1504
f 1402//1402 1401//1401 1504//1504
f 1504//1504 1401//1401 1501//1501
f 1504//1504 1501//1501 1500//1500
f 1401//1401 1398//1398 1501//1501
f 1502//1502 1503//1503 1505//1505
f 1505//1505 1503//1503 1506//1506
f 1502//1502 1505//1505 1504//1504
f 1504//1504 1505//1505 1507//1507
f 1405//1405 1402//1402 1507//1507
f 1507//1507 1402//1402 1504//1504
f 1505//1505 1506//1506 1508//1508
f 1505//1505 1508//1508 1507//1507
f 1507//1507 1508//1508 1509//1509
f 1507//1507 1509//1509 1510//1510
f 1408//1408 1405//1405 1510//1510
f 1510//1510 1405//1405 1507//1507
f 1510//1510 1509//1509 1511//1511
f 1408//1408 1510//1510 1410//1410
f 1410//1410 1510//1510 1511//1511
f 1410//1410 1511//1511 1512//1512
f 1512//1512 1511//1511 1513//1513
f 1410//1410 1512//1512 1411//1411
f 1512//1512 1513//1513 1514//1514
f 1411//1411 1512//1512 1414//1414
f 1414//1414 1512//1512 1514//1514
f 1414//1414 1514//1514 1515//1515
f 1515//1515 1514//1514 1516//1516
f 1414//1414 1515//1515 1415//1415
f 1515//1515 1516//1516 1517//1517
f 1415//1415 1515//1515 1417//1417
f 1417//1417 1515//1515 1517//1517
f 1417//1417 1517//1517 1518//1518
f 1518//1518 1517//1517 1519//1519
f 1417//1417 1518//1518 1419//1419
f 1518//1518 1519//1519 1520//1520
f 1419//1419 1518//1518 1420//1420
f 1420//1420 1518//1518 1520//1520
f 1420//1420 1520//1520 1521//1521
f 1521//1521 1520//1520 1522//1522
f 1420//1420 1521//1521 1422//1422
f 1521//1521 1522//1522 1523//1523
f 1422//1422 1521//1521 1423//1423
f 1423//1423 1521//1521 1523//1523
f 1423//1423 1523//1523 1524//1524
f 1423//1423 1524//1524 1424//1424
f 1424//1424 1524//1524 1525//1525
f 1424//1424 1525//1525 1526//1526
f 1424//1424 1526//1526 1425//1425
f 1526//1526 1525//1525 1527//1527
f 1425//1425 1526//1526 1430//1430
f 1430//1430 1526//1526 1527//1527
f 1430//1430 1527//1527 1528//1528
f 1430//1430 1528//1528 1431//1431
f 1431//1431 1528//1528 1529//1529
f 1431//1431 1529//1529 1432//1432
f 1432//1432 1529//1529 1530//1530
f 1432//1432 1530//1530 1433//1433
f 1433//1433 1530//1530 1531//1531
f 1436//1436 1435//1435 1532//1532
f 1532//1532 1435//1435 1533//1533
f 1435//1435 1437//1437 1533//1533
f 1533//1533 1437//1437 1534//1534
f 1437//1437 1438//1438 1534//1534
f 1534//1534 1438//1438 1535//1535
f 1439//1439 1440//1440 1536//1536
f 1536//1536 1440//1440 1537//1537
f 1440//1440 1436//1436 1537//1537
f 1537//1537 1436//1436 1532//1532
f 1438//1438 1441//1441 1535//1535
f 1535//1535 1441//1441 1538//1538
f 1441//1441 1443//1443 1538//1538
f 1538//1538 1443//1443 1539//1539
f 1443//1443 1444//1444 1539//1539
f 1539//1539 1444//1444 1540//1540
f 1445//1445 1446//1446 1541//1541
f 1541//1541 1446//1446 1542//1542
f 1446//1446 1439//1439 1542//1542
f 1542//1542 1439//1439 1536//1536
f 1447//1447 1543//1543 1444//1444
f 1444//1444 1543//1543 1544//1544
f 1444//1444 1544//1544 1540//1540
f 1543//1543 1545//1545 1544//1544
f 1448//1448 1445//1445 1546//1546
f 1546//1546 1445//1445 1541//1541
f 1447//1447 1449//1449 1543//1543
f 1449//1449 1450//1450 1543//1543
f 1543//1543 1450//1450 1547//1547
f 1543//1543 1547//1547 1545//1545
f 1451//1451 1448//1448 1548//1548
f 1548//1548 1448//1448 1546//1546
f 1452//1452 1549//1549 1450//1450
f 1450//1450 1549//1549 1547//1547
f 1453//1453 1451//1451 1550//1550
f 1550//1550 1451//1451 1548//1548
f 1550//1550 1548//1548 1551//1551
f 1550//1550 1551//1551 1552//1552
f 1454//1454 1553//1553 1455//1455
f 1455//1455 1553//1553 1554//1554
f 1455//1455 1554//1554 1452//1452
f 1452//1452 1554//1554 1549//1549
f 1453//1453 1550//1550 1456//1456
f 1456//1456 1550//1550 1457//1457
f 1457//1457 1550//1550 1552//1552
f 1457//1457 1552//1552 1555//1555
f 1555//1555 1552//1552 1556//1556
f 1555//1555 1556//1556 1557//1557
f 1458//1458 1558//1558 1459//1459
f 1459//1459 1558//1558 1559//1559
f 1459//1459 1559//1559 1454//1454
f 1454//1454 1559//1559 1553//1553
f 1457//1457 1555//1555 1460//1460
f 1460//1460 1555//1555 1461//1461
f 1461//1461 1555//1555 1557//1557
f 1461//1461 1557//1557 1560//1560
f 1461//1461 1560//1560 1462//1462
f 1462//1462 1560//1560 1561//1561
f 1462//1462 1561//1561 1463//1463
f 1463//1463 1561//1561 1562//1562
f 1463//1463 1562//1562 1458//1458
f 1458//1458 1562//1562 1558//1558
f 1563//1563 1564//1564 1565//1565
f 1563//1563 1566//1566 1564//1564
f 1564//1564 1566//1566 1567//1567
f 1566//1566 1568//1568 1567//1567
f 1567//1567 1568//1568 1569//1569
f 1568//1568 1570//1570 1569//1569
f 1571//1571 1572//1572 1573//1573
f 1571//1571 1574//1574 1572//1572
f 1572//1572 1574//1574 1575//1575
f 1574//1574 1576//1576 1575//1575
f 1575//1575 1576//1576 1563//1563
f 1575//1575 1563//1563 1565//1565
f 1563//1563 1576//1576 1566//1566
f 1566//1566 1576//1576 1577//1577
f 1466//1466 1465//1465 1577//1577
f 1577//1577 1465//1465 1568//1568
f 1577//1577 1568//1568 1566//1566
f 1465//1465 1468//1468 1568//1568
f 1568//1568 1468//1468 1578//1578
f 1568//1568 1578//1578 1570//1570
f 1468//1468 1470//1470 1578//1578
f 1578//1578 1470//1470 1579//1579
f 1470//1470 1472//1472 1579//1579
f 1579//1579 1472//1472 1580//1580
f 1472//1472 1474//1474 1580//1580
f 1580//1580 1474//1474 1581//1581
f 1474//1474 1476//1476 1581//1581
f 1581//1581 1476//1476 1582//1582
f 1476//1476 1477//1477 1582//1582
f 1582//1582 1477//1477 1583//1583
f 1582//1582 1583//1583 1584//1584
f 1583//1583 1585//1585 1584//1584
f 1584//1584 1585//1585 1586//1586
f 1587//1587 1588//1588 1589//1589
f 1587//1587 1590//1590 1588//1588
f 1588//1588 1590//1590 1571//1571
f 1588//1588 1571//1571 1573//1573
f 1571//1571 1590//1590 1574//1574
f 1574//1574 1590//1590 1591//1591
f 1480//1480 1479//1479 1591//1591
f 1591//1591 1479//1479 1576//1576
f 1591//1591 1576//1576 1574//1574
f 1479//1479 1482//1482 1576//1576
f 1576//1576 1482//1482 1577//1577
f 1482//1482 1466//1466 1577//1577
f 1477//1477 1483//1483 1583//1583
f 1483//1483 1484//1484 1583//1583
f 1583//1583 1484//1484 1585//1585
f 1587//1587 1589//1589 1592//1592
f 1592//1592 1589//1589 1593//1593
f 1587//1587 1592//1592 1590//1590
f 1590//1590 1592//1592 1594//1594
f 1487//1487 1486//1486 1594//1594
f 1594//1594 1486//1486 1591//1591
f 1594//1594 1591//1591 1590//1590
f 1486//1486 1480//1480 1591//1591
f 1595//1595 1596//1596 1597//1597
f 1595//1595 1598//1598 1596//1596
f 1596//1596 1598//1598 1592//1592
f 1596//1596 1592//1592 1593//1593
f 1491//1491 1490//1490 1598//1598
f 1598//1598 1490//1490 1594//1594
f 1598//1598 1594//1594 1592//1592
f 1490//1490 1487//1487 1594//1594
f 1595//1595 1597//1597 1599//1599
f 1599//1599 1597//1597 1600//1600
f 1595//1595 1599//1599 1598//1598
f 1598//1598 1599//1599 1601//1601
f 1495//1495 1491//1491 1601//1601
f 1601//1601 1491//1491 1598//1598
f 1599//1599 1600//1600 1602//1602
f 1602//1602 1600//1600 1603//1603
f 1599//1599 1602//1602 1601//1601
f 1601//1601 1602//1602 1604//1604
f 1499//1499 1495//1495 1604//1604
f 1604//1604 1495//1495 1601//1601
f 1602//1602 1603//1603 1605//1605
f 1602//1602 1605//1605 1604//1604
f 1604//1604 1605//1605 1606//1606
f 1604//1604 1606//1606 1607//1607
f 1503//1503 1499//1499 1607//1607
f 1607//1607 1499//1499 1604//1604
f 1607//1607 1606//1606 1608//1608
f 1608//1608 1606//1606 1609//1609
f 1506//1506 1503//1503 1608//1608
f 1608//1608 1503//1503 1607//1607
f 1608//1608 1609//1609 1610//1610
f 1610//1610 1609//1609 1611//1611
f 1506//1506 1608//1608 1508//1508
f 1508//1508 1608//1608 1610//1610
f 1508//1508 1610//1610 1612//1612
f 1508//1508 1612//1612 1509//1509
f 1610//1610 1611//1611 1613//1613
f 1610//1610 1613//1613 1612//1612
f 1612//1612 1613//1613 1614//1614
f 1612//1612 1614//1614 1615//1615
f 1509//1509 1612//1612 1511//1511
f 1511//1511 1612//1612 1615//1615
f 1511//1511 1615//1615 1616//1616
f 1511//1511 1616//1616 1513//1513
f 1615//1615 1614//1614 1617//1617
f 1615//1615 1617//1617 1616//1616
f 1616//1616 1617//1617 1618//1618
f 1616//1616 1618//1618 1619//1619
f 1513//1513 1616//1616 1514//1514
f 1514//1514 1616//1616 1619//1619
f 1514//1514 1619//1619 1620//1620
f 1514//1514 1620//1620 1516//1516
f 1619//1619 1618//1618 1621//1621
f 1619//1619 1621//1621 1620//1620
f 1620//1620 1621//1621 1622//1622
f 1516//1516 1620//1620 1517//1517
f 1517//1517 1620//1620 1622//1622
f 1517//1517 1622//1622 1623//1623
f 1623//1623 1622//1622 1624//1624
f 1517//1517 1623//1623 1519//1519
f 1623//1623 1624//1624 1625//1625
f 1519//1519 1623//1623 1520//1520
f 1520//1520 1623//1623 1625//1625
f 1520//1520 1625//1625 1626//1626
f 1626//1626 1625//1625 1627//1627
f 1520//1520 1626//1626 1522//1522
f 1626//1626 1627//1627 1628//1628
f 1522//1522 1626//1626 1523//1523
f 1523//1523 1626//1626 1628//1628
f 1523//1523 1628//1628 1629//1629
f 1629//1629 1628//1628 1630//1630
f 1523//1523 1629//1629 1524//1524
f 1524//1524 1629//1629 1631//1631
f 1524//1524 1631//1631 1525//1525
f 1629//1629 1630//1630 1632//1632
f 1629//1629 1632//1632 1631//1631
f 1631//1631 1632//1632 1633//1633
f 1525//1525 1631//1631 1527//1527
f 1527//1527 1631//1631 1633//1633
f 1527//1527 1633//1633 1634//1634
f 1634//1634 1633//1633 1635//1635
f 1527//1527 1634//1634 1528//1528
f 1528//1528 1634//1634 1636//1636
f 1528//1528 1636//1636 1529//1529
f 1529//1529 1636//1636 1637//1637
f 1529//1529 1637//1637 1638//1638
f 1529//1529 1638//1638 1530//1530
f 1530//1530 1638//1638 1639//1639
f 1530//1530 1639//1639 1531//1531
f 1531//1531 1639//1639 1640//1640
f 1634//1634 1635//1635 1641//1641
f 1634//1634 1641//1641 1636//1636
f 1636//1636 1641//1641 1642//1642
f 1636//1636 1642//1642 1637//1637
f 1532//1532 1533//1533 1643//1643
f 1643//1643 1533//1533 1644//1644
f 1533//1533 1534//1534 1644//1644
f 1644//1644 1534//1534 1645//1645
f 1534//1534 1535//1535 1645//1645
f 1645//1645 1535//1535 1646//1646
f 1645//1645 1646//1646 1647//1647
f 1646//1646 1648//1648 1647//1647
f 1536//1536 1537//1537 1649//1649
f 1649//1649 1537//1537 1650//1650
f 1537//1537 1532//1532 1650//1650
f 1650//1650 1532//1532 1643//1643
f 1535//1535 1538//1538 1646//1646
f 1538//1538 1539//1539 1646//1646
f 1646//1646 1539//1539 1651//1651
f 1646//1646 1651//1651 1648//1648
f 1539//1539 1540//1540 1651//1651
f 1651//1651 1540//1540 1652//1652
f 1541//1541 1542//1542 1653//1653
f 1542//1542 1536//1536 1653//1653
f 1653//1653 1536//1536 1649//1649
f 1653//1653 1649//1649 1654//1654
f 1540//1540 1544//1544 1652//1652
f 1652//1652 1544//1544 1655//1655
f 1544//1544 1545//1545 1655//1655
f 1655//1655 1545//1545 1656//1656
f 1546//1546 1541//1541 1657//1657
f 1657//1657 1541//1541 1653//1653
f 1657//1657 1653//1653 1658//1658
f 1653//1653 1654//1654 1658//1658
f 1547//1547 1659//1659 1545//1545
f 1545//1545 1659//1659 1656//1656
f 1548//1548 1546//1546 1660//1660
f 1660//1660 1546//1546 1657//1657
f 1660//1660 1657//1657 1661//1661
f 1660//1660 1661//1661 1662//1662
f 1549//1549 1663//1663 1547//1547
f 1547//1547 1663//1663 1659//1659
f 1548//1548 1660//1660 1551//1551
f 1551//1551 1660//1660 1552//1552
f 1552//1552 1660//1660 1662//1662
f 1552//1552 1662//1662 1664//1664
f 1553//1553 1665//1665 1554//1554
f 1554//1554 1665//1665 1666//1666
f 1554//1554 1666//1666 1549//1549
f 1549//1549 1666//1666 1663//1663
f 1552//1552 1664//1664 1556//1556
f 1556//1556 1664//1664 1667//1667
f 1556//1556 1667//1667 1557//1557
f 1557//1557 1667//1667 1668//1668
f 1558//1558 1669//1669 1559//1559
f 1559//1559 1669//1669 1670//1670
f 1559//1559 1670//1670 1553//1553
f 1553//1553 1670//1670 1665//1665
f 1557//1557 1668//1668 1560//1560
f 1560//1560 1668//1668 1671//1671
f 1560//1560 1671//1671 1561//1561
f 1561//1561 1671//1671 1672//1672
f 1561//1561 1672//1672 1562//1562
f 1562//1562 1672//1672 1673//1673
f 1562//1562 1673//1673 1558//1558
f 1558//1558 1673//1673 1669//1669
f 1674//1674 1675//1675 1676//1676
f 1674//1674 1677//1677 1675//1675
f 1675//1675 1677//1677 1678//1678
f 1677//1677 1679//1679 1678//1678
f 1680//1680 1681//1681 1682//1682
f 1680//1680 1683//1683 1681//1681
f 1681//1681 1683//1683 1684//1684
f 1683//1683 1685//1685 1684//1684
f 1684//1684 1685//1685 1674//1674
f 1684//1684 1674//1674 1676//1676
f 1565//1565 1564//1564 1685//1685
f 1685//1685 1564//1564 1677//1677
f 1685//1685 1677//1677 1674//1674
f 1564//1564 1567//1567 1677//1677
f 1677//1677 1567//1567 1686//1686
f 1677//1677 1686//1686 1679//1679
f 1567//1567 1569//1569 1686//1686
f 1686//1686 1569//1569 1687//1687
f 1569//1569 1570//1570 1687//1687
f 1687//1687 1570//1570 1688//1688
f 1687//1687 1688//1688 1689//1689
f 1688//1688 1690//1690 1689//1689
f 1689//1689 1690//1690 1691//1691
f 1690//1690 1692//1692 1691//1691
f 1691//1691 1692//1692 1693//1693
f 1692//1692 1694//1694 1693//1693
f 1693//1693 1694//1694 1695//1695
f 1694//1694 1696//1696 1695//1695
f 1695//1695 1696//1696 1697//1697
f 1696//1696 1698//1698 1697//1697
f 1699//1699 1700//1700 1701//1701
f 1699//1699 1702//1702 1700//1700
f 1700//1700 1702//1702 1680//1680
f 1700//1700 1680//1680 1682//1682
f 1573//1573 1572//1572 1702//1702
f 1702//1702 1572//1572 1683//1683
f 1702//1702 1683//1683 1680//1680
f 1572//1572 1575//1575 1683//1683
f 1683//1683 1575//1575 1685//1685
f 1575//1575 1565//1565 1685//1685
f 1570//1570 1578//1578 1688//1688
f 1578//1578 1579//1579 1688//1688
f 1688//1688 1579//1579 1690//1690
f 1579//1579 1580//1580 1690//1690
f 1690//1690 1580//1580 1692//1692
f 1580//1580 1581//1581 1692//1692
f 1692//1692 1581//1581 1694//1694
f 1581//1581 1582//1582 1694//1694
f 1694//1694 1582//1582 1696//1696
f 1582//1582 1584//1584 1696//1696
f 1696//1696 1584//1584 1703//1703
f 1696//1696 1703//1703 1698//1698
f 1584//1584 1586//1586 1703//1703
f 1703//1703 1586//1586 1704//1704
f 1705//1705 1706//1706 1707//1707
f 1705//1705 1708//1708 1706//1706
f 1706//1706 1708//1708 1699//1699
f 1706//1706 1699//1699 1701//1701
f 1589//1589 1588//1588 1708//1708
f 1708//1708 1588//1588 1702//1702
f 1708//1708 1702//1702 1699//1699
f 1588//1588 1573//1573 1702//1702
f 1709//1709 1710//1710 1711//1711
f 1709//1709 1712//1712 1710//1710
f 1710//1710 1712//1712 1705//1705
f 1710//1710 1705//1705 1707//1707
f 1705//1705 1712//1712 1708//1708
f 1708//1708 1712//1712 1713//1713
f 1593//1593 1589//1589 1713//1713
f 1713//1713 1589//1589 1708//1708
f 1709//1709 1711//1711 1714//1714
f 1714//1714 1711//1711 1715//1715
f 1709//1709 1714//1714 1712//1712
f 1712//1712 1714//1714 1716//1716
f 1597//1597 1596//1596 1716//1716
f 1716//1716 1596//1596 1713//1713
f 1716//1716 1713//1713 1712//1712
f 1596//1596 1593//1593 1713//1713
f 1714//1714 1715//1715 1717//1717
f 1717//1717 1715//1715 1718//1718
f 1714//1714 1717//1717 1716//1716
f 1716//1716 1717//1717 1719//1719
f 1600//1600 1597//1597 1719//1719
f 1719//1719 1597//1597 1716//1716
f 1717//1717 1718//1718 1720//1720
f 1720//1720 1718//1718 1721//1721
f 1717//1717 1720//1720 1719//1719
f 1719//1719 1720//1720 1722//1722
f 1603//1603 1600//1600 1722//1722
f 1722//1722 1600//1600 1719//1719
f 1720//1720 1721//1721 1723//1723
f 1723//1723 1721//1721 1724//1724
f 1720//1720 1723//1723 1722//1722
f 1722//1722 1723//1723 1725//1725
f 1603//1603 1722//1722 1605//1605
f 1605//1605 1722//1722 1725//1725
f 1605//1605 1725//1725 1726//1726
f 1605//1605 1726//1726 1606//1606
f 1723//1723 1724//1724 1727//1727
f 1723//1723 1727//1727 1725//1725
f 1725//1725 1727//1727 1728//1728
f 1725//1725 1728//1728 1729//1729
f 1725//1725 1729//1729 1726//1726
f 1726//1726 1729//1729 1730//1730
f 1609//1609 1606//1606 1730//1730
f 1730//1730 1606//1606 1726//1726
f 1729//1729 1728//1728 1731//1731
f 1729//1729 1731//1731 1730//1730
f 1730//1730 1731//1731 1732//1732
f 1730//1730 1732//1732 1733//1733
f 1611//1611 1609//1609 1733//1733
f 1733//1733 1609//1609 1730//1730
f 1733//1733 1732//1732 1734//1734
f 1611//1611 1733//1733 1613//1613
f 1613//1613 1733//1733 1734//1734
f 1613//1613 1734//1734 1735//1735
f 1735//1735 1734//1734 1736//1736
f 1613//1613 1735//1735 1614//1614
f 1735//1735 1736//1736 1737//1737
f 1614//1614 1735//1735 1617//1617
f 1617//1617 1735//1735 1737//1737
f 1617//1617 1737//1737 1738//1738
f 1738//1738 1737//1737 1739//1739
f 1617//1617 1738//1738 1618//1618
f 1738//1738 1739//1739 1740//1740
f 1618//1618 1738//1738 1621//1621
f 1621//1621 1738//1738 1740//1740
f 1621//1621 1740//1740 1741//1741
f 1621//1621 1741//1741 1622//1622
f 1622//1622 1741//1741 1742//1742
f 1622//1622 1742//1742 1743//1743
f 1622//1622 1743//1743 1624//1624
f 1743//1743 1742//1742 1744//1744
f 1624//1624 1743//1743 1625//1625
f 1625//1625 1743//1743 1744//1744
f 1625//1625 1744//1744 1745//1745
f 1745//1745 1744//1744 1746//1746
f 1625//1625 1745//1745 1627//1627
f 1745//1745 1746//1746 1747//1747
f 1627//1627 1745//1745 1628//1628
f 1628//1628 1745//1745 1747//1747
f 1628//1628 1747//1747 1748//1748
f 1748//1748 1747//1747 1749//1749
f 1628//1628 1748//1748 1630//1630
f 1748//1748 1749//1749 1750//1750
f 1630//1630 1748//1748 1632//1632
f 1632//1632 1748//1748 1750//1750
f 1632//1632 1750//1750 1751//1751
f 1632//1632 1751//1751 1633//1633
f 1633//1633 1751//1751 1752//1752
f 1633//1633 1752//1752 1753//1753
f 1633//1633 1753//1753 1635//1635
f 1637//1637 1754//1754 1638//1638
f 1638//1638 1754//1754 1639//1639
f 1639//1639 1754//1754 1755//1755
f 1639//1639 1755//1755 1756//1756
f 1639//1639 1756//1756 1640//1640
f 1640//1640 1756//1756 1757//1757
f 1753//1753 1752//1752 1758//1758
f 1635//1635 1753//1753 1641//1641
f 1641//1641 1753//1753 1758//1758
f 1641//1641 1758//1758 1759//1759
f 1641//1641 1759//1759 1642//1642
f 1642//1642 1759//1759 1760//1760
f 1642//1642 1760//1760 1637//1637
f 1637//1637 1760//1760 1761//1761
f 1637//1637 1761//1761 1754//1754
f 1754//1754 1761//1761 1755//1755
f 1643//1643 1644//1644 1762//1762
f 1762//1762 1644//1644 1763//1763
f 1644//1644 1645//1645 1763//1763
f 1763//1763 1645//1645 1764//1764
f 1645//1645 1647//1647 1764//1764
f 1764//1764 1647//1647 1765//1765
f 1647//1647 1648//1648 1765//1765
f 1765//1765 1648//1648 1766//1766
f 1765//1765 1766//1766 1767//1767
f 1766//1766 1768//1768 1767//1767
f 1649//1649 1650//1650 1769//1769
f 1769//1769 1650//1650 1770//1770
f 1650//1650 1643//1643 1770//1770
f 1770//1770 1643//1643 1762//1762
f 1648//1648 1651//1651 1766//1766
f 1651//1651 1652//1652 1766//1766
f 1766//1766 1652//1652 1771//1771
f 1766//1766 1771//1771 1768//1768
f 1768//1768 1771//1771 1772//1772
f 1771//1771 1773//1773 1772//1772
f 1654//1654 1649//1649 1774//1774
f 1774//1774 1649//1649 1769//1769
f 1652//1652 1655//1655 1771//1771
f 1655//1655 1656//1656 1771//1771
f 1771//1771 1656//1656 1775//1775
f 1771//1771 1775//1775 1773//1773
f 1657//1657 1658//1658 1776//1776
f 1658//1658 1654//1654 1776//1776
f 1776//1776 1654//1654 1774//1774
f 1776//1776 1774//1774 1777//1777
f 1659//1659 1778//1778 1656//1656
f 1656//1656 1778//1778 1775//1775
f 1657//1657 1776//1776 1661//1661
f 1661//1661 1776//1776 1662//1662
f 1662//1662 1776//1776 1777//1777
f 1662//1662 1777//1777 1779//1779
f 1663//1663 1780//1780 1659//1659
f 1659//1659 1780//1780 1778//1778
f 1664//1664 1662//1662 1781//1781
f 1781//1781 1662//1662 1779//1779
f 1665//1665 1782//1782 1666//1666
f 1666//1666 1782//1782 1783//1783
f 1666//1666 1783//1783 1663//1663
f 1663//1663 1783//1783 1780//1780
f 1664//1664 1781//1781 1667//1667
f 1667//1667 1781//1781 1784//1784
f 1667//1667 1784//1784 1668//1668
f 1668//1668 1784//1784 1785//1785
f 1668//1668 1785//1785 1786//1786
f 1786//1786 1785//1785 1787//1787
f 1669//1669 1788//1788 1670//1670
f 1670//1670 1788//1788 1789//1789
f 1670//1670 1789//1789 1665//1665
f 1665//1665 1789//1789 1782//1782
f 1668//1668 1786//1786 1671//1671
f 1671//1671 1786//1786 1672//1672
f 1672//1672 1786//1786 1787//1787
f 1672//1672 1787//1787 1790//1790
f 1672//1672 1790//1790 1673//1673
f 1673//1673 1790//1790 1791//1791
f 1673//1673 1791//1791 1669//1669
f 1669//1669 1791//1791 1788//1788
f 1792//1792 1793//1793 1794//1794
f 1792//1792 1795//1795 1793//1793
f 1793//1793 1795//1795 1796//1796
f 1676//1676 1675//1675 1795//1795
f 1795//1795 1675//1675 1797//1797
f 1795//1795 1797//1797 1796//1796
f 1675//1675 1678//1678 1797//1797
f 1797//1797 1678//1678 1798//1798
f 1678//1678 1679//1679 1798//1798
f 1798//1798 1679//1679 1799//1799
f 1798//1798 1799//1799 1800//1800
f 1799//1799 1801//1801 1800//1800
f 1800//1800 1801//1801 1802//1802
f 1801//1801 1803//1803 1802//1802
f 1804//1804 1805//1805 1806//1806
f 1682//1682 1681//1681 1804//1804
f 1804//1804 1681//1681 1792//1792
f 1804//1804 1792//1792 1805//1805
f 1805//1805 1792//1792 1794//1794
f 1681//1681 1684//1684 1792//1792
f 1792//1792 1684//1684 1795//1795
f 1684//1684 1676//1676 1795//1795
f 1679//1679 1686//1686 1799//1799
f 1686//1686 1687//1687 1799//1799
f 1799//1799 1687//1687 1801//1801
f 1687//1687 1689//1689 1801//1801
f 1801//1801 1689//1689 1807//1807
f 1801//1801 1807//1807 1803//1803
f 1689//1689 1691//1691 1807//1807
f 1807//1807 1691//1691 1808//1808
f 1691//1691 1693//1693 1808//1808
f 1808//1808 1693//1693 1809//1809
f 1693//1693 1695//1695 1809//1809
f 1809//1809 1695//1695 1810//1810
f 1695//1695 1697//1697 1810//1810
f 1810//1810 1697//1697 1811//1811
f 1697//1697 1698//1698 1811//1811
f 1811//1811 1698//1698 1812//1812
f 1813//1813 1814//1814 1815//1815
f 1813//1813 1816//1816 1814//1814
f 1814//1814 1816//1816 1817//1817
f 1701//1701 1700//1700 1816//1816
f 1816//1816 1700//1700 1804//1804
f 1816//1816 1804//1804 1817//1817
f 1817//1817 1804//1804 1806//1806
f 1700//1700 1682//1682 1804//1804
f 1698//1698 1703//1703 1812//1812
f 1812//1812 1703//1703 1818//1818
f 1703//1703 1704//1704 1818//1818
f 1818//1818 1704//1704 1819//1819
f 1820//1820 1821//1821 1822//1822
f 1820//1820 1823//1823 1821//1821
f 1821//1821 1823//1823 1813//1813
f 1821//1821 1813//1813 1815//1815
f 1707//1707 1706//1706 1823//1823
f 1823//1823 1706//1706 1816//1816
f 1823//1823 1816//1816 1813//1813
f 1706//1706 1701//1701 1816//1816
f 1824//1824 1825//1825 1826//1826
f 1824//1824 1827//1827 1825//1825
f 1825//1825 1827//1827 1820//1820
f 1825//1825 1820//1820 1822//1822
f 1711//1711 1710//1710 1827//1827
f 1827//1827 1710//1710 1823//1823
f 1827//1827 1823//1823 1820//1820
f 1710//1710 1707//1707 1823//1823
f 1828//1828 1829//1829 1830//1830
f 1828//1828 1831//1831 1829//1829
f 1829//1829 1831//1831 1824//1824
f 1829//1829 1824//1824 1826//1826
f 1824//1824 1831//1831 1827//1827
f 1827//1827 1831//1831 1832//1832
f 1715//1715 1711//1711 1832//1832
f 1832//1832 1711//1711 1827//1827
f 1828//1828 1830//1830 1833//1833
f 1833//1833 1830//1830 1834//1834
f 1828//1828 1833//1833 1831//1831
f 1831//1831 1833//1833 1835//1835
f 1831//1831 1835//1835 1832//1832
f 1832//1832 1835//1835 1836//1836
f 1718//1718 1715//1715 1836//1836
f 1836//1836 1715//1715 1832//1832
f 1833//1833 1834//1834 1837//1837
f 1837//1837 1834//1834 1838//1838
f 1833//1833 1837//1837 1835//1835
f 1835//1835 1837//1837 1839//1839
f 1835//1835 1839//1839 1836//1836
f 1836//1836 1839//1839 1840//1840
f 1721//1721 1718//1718 1840//1840
f 1840//1840 1718//1718 1836//1836
f 1837//1837 1838//1838 1841//1841
f 1841//1841 1838//1838 1842//1842
f 1837//1837 1841//1841 1839//1839
f 1839//1839 1841//1841 1843//1843
f 1839//1839 1843//1843 1840//1840
f 1840//1840 1843//1843 1844//1844
f 1724//1724 1721//1721 1844//1844
f 1844//1844 1721//1721 1840//1840
f 1841//1841 1842//1842 1845//1845
f 1841//1841 1845//1845 1843//1843
f 1843//1843 1845//1845 1846//1846
f 1843//1843 1846//1846 1847//1847
f 1843//1843 1847//1847 1844//1844
f 1844//1844 1847//1847 1848//1848
f 1724//1724 1844//1844 1727//1727
f 1727//1727 1844//1844 1848//1848
f 1727//1727 1848//1848 1849//1849
f 1727//1727 1849//1849 1728//1728
f 1847//1847 1846//1846 1850//1850
f 1847//1847 1850//1850 1848//1848
f 1848//1848 1850//1850 1851//1851
f 1848//1848 1851//1851 1849//1849
f 1849//1849 1851//1851 1852//1852
f 1849//1849 1852//1852 1853//1853
f 1728//1728 1849//1849 1731//1731
f 1731//1731 1849//1849 1853//1853
f 1731//1731 1853//1853 1854//1854
f 1731//1731 1854//1854 1732//1732
f 1853//1853 1852//1852 1855//1855
f 1853//1853 1855//1855 1854//1854
f 1854//1854 1855//1855 1856//1856
f 1732//1732 1854//1854 1734//1734
f 1734//1734 1854//1854 1856//1856
f 1734//1734 1856//1856 1857//1857
f 1857//1857 1856//1856 1858//1858
f 1734//1734 1857//1857 1736//1736
f 1857//1857 1858//1858 1859//1859
f 1736//1736 1857//1857 1737//1737
f 1737//1737 1857//1857 1859//1859
f 1737//1737 1859//1859 1860//1860
f 1860//1860 1859//1859 1861//1861
f 1737//1737 1860//1860 1739//1739
f 1860//1860 1861//1861 1862//1862
f 1739//1739 1860//1860 1740//1740
f 1740//1740 1860//1860 1862//1862
f 1740//1740 1862//1862 1863//1863
f 1740//1740 1863//1863 1741//1741
f 1741//1741 1863//1863 1864//1864
f 1741//1741 1864//1864 1742//1742
f 1742//1742 1864//1864 1865//1865
f 1742//1742 1865//1865 1744//1744
f 1744//1744 1865//1865 1866//1866
f 1744//1744 1866//1866 1867//1867
f 1744//1744 1867//1867 1746//1746
f 1867//1867 1866//1866 1868//1868
f 1746//1746 1867//1867 1747//1747
f 1747//1747 1867//1867 1868//1868
f 1747//1747 1868//1868 1869//1869
f 1869//1869 1868//1868 1870//1870
f 1747//1747 1869//1869 1749//1749
f 1869//1869 1870//1870 1871//1871
f 1749//1749 1869//1869 1750//1750
f 1750//1750 1869//1869 1871//1871
f 1750//1750 1871//1871 1872//1872
f 1872//1872 1871//1871 1873//1873
f 1750//1750 1872//1872 1751//1751
f 1751//1751 1872//1872 1874//1874
f 1751//1751 1874//1874 1752//1752
f 1755//1755 1875//1875 1756//1756
f 1756//1756 1875//1875 1876//1876
f 1756//1756 1876//1876 1757//1757
f 1757//1757 1876//1876 1877//1877
f 1872//1872 1873//1873 1878//1878
f 1872//1872 1878//1878 1874//1874
f 1874//1874 1878//1878 1879//1879
f 1752//1752 1874//1874 1758//1758
f 1758//1758 1874//1874 1879//1879
f 1758//1758 1879//1879 1880//1880
f 1758//1758 1880//1880 1759//1759
f 1759//1759 1880//1880 1881//1881
f 1759//1759 1881//1881 1760//1760
f 1760//1760 1881//1881 1882//1882
f 1760//1760 1882//1882 1761//1761
f 1761//1761 1882//1882 1883//1883
f 1761//1761 1883//1883 1755//1755
f 1755//1755 1883//1883 1875//1875
f 1762//1762 1763//1763 1884//1884
f 1884//1884 1763//1763 1885//1885
f 1763//1763 1764//1764 1885//1885
f 1885//1885 1764//1764 1886//1886
f 1764//1764 1765//1765 1886//1886
f 1886//1886 1765//1765 1887//1887
f 1765//1765 1767//1767 1887//1887
f 1887//1887 1767//1767 1888//1888
f 1767//1767 1768//1768 1888//1888
f 1888//1888 1768//1768 1889//1889
f 1769//1769 1770//1770 1890//1890
f 1890//1890 1770//1770 1891//1891
f 1770//1770 1762//1762 1891//1891
f 1891//1891 1762//1762 1884//1884
f 1768//1768 1772//1772 1889//1889
f 1889//1889 1772//1772 1892//1892
f 1772//1772 1773//1773 1892//1892
f 1892//1892 1773//1773 1893//1893
f 1774//1774 1769//1769 1894//1894
f 1894//1894 1769//1769 1890//1890
f 1775//1775 1895//1895 1773//1773
f 1773//1773 1895//1895 1896//1896
f 1773//1773 1896//1896 1893//1893
f 1895//1895 1897//1897 1896//1896
f 1777//1777 1774//1774 1898//1898
f 1898//1898 1774//1774 1894//1894
f 1778//1778 1899//1899 1775//1775
f 1775//1775 1899//1899 1895//1895
f 1895//1895 1899//1899 1897//1897
f 1897//1897 1899//1899 1900//1900
f 1779//1779 1777//1777 1901//1901
f 1901//1901 1777//1777 1898//1898
f 1780//1780 1902//1902 1778//1778
f 1778//1778 1902//1902 1903//1903
f 1778//1778 1903//1903 1899//1899
f 1899//1899 1903//1903 1900//1900
f 1781//1781 1779//1779 1904//1904
f 1904//1904 1779//1779 1901//1901
f 1904//1904 1901//1901 1905//1905
f 1904//1904 1905//1905 1906//1906
f 1782//1782 1907//1907 1783//1783
f 1783//1783 1907//1907 1780//1780
f 1780//1780 1907//1907 1908//1908
f 1780//1780 1908//1908 1902//1902
f 1781//1781 1904//1904 1784//1784
f 1784//1784 1904//1904 1785//1785
f 1785//1785 1904//1904 1906//1906
f 1785//1785 1906//1906 1909//1909
f 1785//1785 1909//1909 1787//1787
f 1787//1787 1909//1909 1910//1910
f 1911//1911 1912//1912 1913//1913
f 1788//1788 1911//1911 1789//1789
f 1789//1789 1911//1911 1913//1913
f 1789//1789 1913//1913 1914//1914
f 1789//1789 1914//1914 1782//1782
f 1782//1782 1914//1914 1915//1915
f 1782//1782 1915//1915 1907//1907
f 1907//1907 1915//1915 1908//1908
f 1787//1787 1910//1910 1790//1790
f 1790//1790 1910//1910 1916//1916
f 1790//1790 1916//1916 1791//1791
f 1791//1791 1916//1916 1912//1912
f 1791//1791 1912//1912 1911//1911
f 1791//1791 1911//1911 1788//1788
f 1917//1917 1918//1918 1919//1919
f 1917//1917 1920//1920 1918//1918
f 1918//1918 1920//1920 1921//1921
f 1920//1920 1922//1922 1921//1921
f 1923//1923 1924//1924 1925//1925
f 1794//1794 1793//1793 1923//1923
f 1923//1923 1793//1793 1926//1926
f 1923//1923 1926//1926 1924//1924
f 1793//1793 1796//1796 1926//1926
f 1926//1926 1796//1796 1927//1927
f 1796//1796 1797//1797 1927//1927
f 1927//1927 1797//1797 1917//1917
f 1927//1927 1917//1917 1919//1919
f 1797//1797 1798//1798 1917//1917
f 1917//1917 1798//1798 1920//1920
f 1798//1798 1800//1800 1920//1920
f 1920//1920 1800//1800 1928//1928
f 1920//1920 1928//1928 1922//1922
f 1800//1800 1802//1802 1928//1928
f 1928//1928 1802//1802 1929//1929
f 1802//1802 1803//1803 1929//1929
f 1929//1929 1803//1803 1930//1930
f 1929//1929 1930//1930 1931//1931
f 1930//1930 1932//1932 1931//1931
f 1931//1931 1932//1932 1933//1933
f 1932//1932 1934//1934 1933//1933
f 1935//1935 1936//1936 1937//1937
f 1935//1935 1938//1938 1936//1936
f 1936//1936 1938//1938 1939//1939
f 1806//1806 1805//1805 1938//1938
f 1938//1938 1805//1805 1923//1923
f 1938//1938 1923//1923 1939//1939
f 1939//1939 1923//1923 1925//1925
f 1805//1805 1794//1794 1923//1923
f 1803//1803 1807//1807 1930//1930
f 1807//1807 1808//1808 1930//1930
f 1930//1930 1808//1808 1932//1932
f 1808//1808 1809//1809 1932//1932
f 1932//1932 1809//1809 1940//1940
f 1932//1932 1940//1940 1934//1934
f 1809//1809 1810//1810 1940//1940
f 1940//1940 1810//1810 1941//1941
f 1810//1810 1811//1811 1941//1941
f 1941//1941 1811//1811 1942//1942
f 1811//1811 1812//1812 1942//1942
f 1942//1942 1812//1812 1943//1943
f 1944//1944 1945//1945 1946//1946
f 1944//1944 1947//1947 1945//1945
f 1945//1945 1947//1947 1948//1948
f 1815//1815 1814//1814 1947//1947
f 1947//1947 1814//1814 1935//1935
f 1947//1947 1935//1935 1948//1948
f 1948//1948 1935//1935 1937//1937
f 1814//1814 1817//1817 1935//1935
f 1935//1935 1817//1817 1938//1938
f 1817//1817 1806//1806 1938//1938
f 1812//1812 1818//1818 1943//1943
f 1943//1943 1818//1818 1949//1949
f 1818//1818 1819//1819 1949//1949
f 1949//1949 1819//1819 1950//1950
f 1949//1949 1950//1950 1951//1951
f 1952//1952 1953//1953 1954//1954
f 1952//1952 1955//1955 1953//1953
f 1953//1953 1955//1955 1944//1944
f 1953//1953 1944//1944 1946//1946
f 1822//1822 1821//1821 1955//1955
f 1955//1955 1821//1821 1947//1947
f 1955//1955 1947//1947 1944//1944
f 1821//1821 1815//1815 1947//1947
f 1950//1950 1956//1956 1951//1951
f 1957//1957 1958//1958 1959//1959
f 1957//1957 1960//1960 1958//1958
f 1958//1958 1960//1960 1952//1952
f 1958//1958 1952//1952 1954//1954
f 1826//1826 1825//1825 1960//1960
f 1960//1960 1825//1825 1955//1955
f 1960//1960 1955//1955 1952//1952
f 1825//1825 1822//1822 1955//1955
f 1957//1957 1959//1959 1961//1961
f 1961//1961 1959//1959 1962//1962
f 1830//1830 1829//1829 1961//1961
f 1961//1961 1829//1829 1960//1960
f 1961//1961 1960//1960 1957//1957
f 1829//1829 1826//1826 1960//1960
f 1963//1963 1964//1964 1965//1965
f 1963//1963 1966//1966 1964//1964
f 1964//1964 1966//1966 1961//1961
f 1964//1964 1961//1961 1962//1962
f 1834//1834 1830//1830 1966//1966
f 1966//1966 1830//1830 1961//1961
f 1963//1963 1965//1965 1967//1967
f 1967//1967 1965//1965 1968//1968
f 1963//1963 1967//1967 1966//1966
f 1966//1966 1967//1967 1969//1969
f 1838//1838 1834//1834 1969//1969
f 1969//1969 1834//1834 1966//1966
f 1967//1967 1968//1968 1970//1970
f 1970//1970 1968//1968 1971//1971
f 1967//1967 1970//1970 1969//1969
f 1969//1969 1970//1970 1972//1972
f 1842//1842 1838//1838 1972//1972
f 1972//1972 1838//1838 1969//1969
f 1970//1970 1971//1971 1973//1973
f 1973//1973 1971//1971 1974//1974
f 1970//1970 1973//1973 1972//1972
f 1972//1972 1973//1973 1975//1975
f 1842//1842 1972//1972 1845//1845
f 1845//1845 1972//1972 1975//1975
f 1845//1845 1975//1975 1976//1976
f 1845//1845 1976//1976 1846//1846
f 1973//1973 1974//1974 1977//1977
f 1973//1973 1977//1977 1975//1975
f 1975//1975 1977//1977 1978//1978
f 1975//1975 1978//1978 1979//1979
f 1975//1975 1979//1979 1976//1976
f 1976//1976 1979//1979 1980//1980
f 1846//1846 1976//1976 1850//1850
f 1850//1850 1976//1976 1980//1980
f 1850//1850 1980//1980 1981//1981
f 1850//1850 1981//1981 1851//1851
f 1851//1851 1981//1981 1982//1982
f 1851//1851 1982//1982 1852//1852
f 1979//1979 1978//1978 1983//1983
f 1979//1979 1983//1983 1980//1980
f 1980//1980 1983//1983 1984//1984
f 1980//1980 1984//1984 1981//1981
f 1981//1981 1984//1984 1985//1985
f 1981//1981 1985//1985 1982//1982
f 1982//1982 1985//1985 1986//1986
f 1852//1852 1982//1982 1855//1855
f 1855//1855 1982//1982 1986//1986
f 1855//1855 1986//1986 1987//1987
f 1987//1987 1986//1986 1988//1988
f 1855//1855 1987//1987 1856//1856
f 1856//1856 1987//1987 1989//1989
f 1856//1856 1989//1989 1858//1858
f 1987//1987 1988//1988 1990//1990
f 1987//1987 1990//1990 1989//1989
f 1989//1989 1990//1990 1991//1991
f 1858//1858 1989//1989 1859//1859
f 1859//1859 1989//1989 1991//1991
f 1859//1859 1991//1991 1992//1992
f 1992//1992 1991//1991 1993//1993
f 1859//1859 1992//1992 1861//1861
f 1992//1992 1993//1993 1994//1994
f 1861//1861 1992//1992 1862//1862
f 1862//1862 1992//1992 1994//1994
f 1862//1862 1994//1994 1995//1995
f 1862//1862 1995//1995 1863//1863
f 1863//1863 1995//1995 1996//1996
f 1863//1863 1996//1996 1864//1864
f 1864//1864 1996//1996 1997//1997
f 1864//1864 1997//1997 1998//1998
f 1864//1864 1998//1998 1865//1865
f 1998//1998 1997//1997 1999//1999
f 1866//1866 1865//1865 2000//2000
f 2000//2000 1865//1865 1998//1998
f 2000//2000 1998//1998 1999//1999
f 1866//1866 2000//2000 1868//1868
f 1868//1868 2000//2000 2001//2001
f 1868//1868 2001//2001 2002//2002
f 1868//1868 2002//2002 1870//1870
f 2002//2002 2001//2001 2003//2003
f 1870//1870 2002//2002 1871//1871
f 1871//1871 2002//2002 2003//2003
f 1871//1871 2003//2003 2004//2004
f 2004//2004 2003//2003 2005//2005
f 1871//1871 2004//2004 1873//1873
f 1875//1875 2006//2006 1876//1876
f 1876//1876 2006//2006 2007//2007
f 1876//1876 2007//2007 1877//1877
f 1877//1877 2007//2007 2008//2008
f 2004//2004 2005//2005 2009//2009
f 1873//1873 2004//2004 1878//1878
f 1878//1878 2004//2004 2009//2009
f 1878//1878 2009//2009 2010//2010
f 1878//1878 2010//2010 1879//1879
f 1879//1879 2010//2010 2011//2011
f 1879//1879 2011//2011 1880//1880
f 1880//1880 2011//2011 2012//2012
f 1880//1880 2012//2012 2013//2013
f 1880//1880 2013//2013 1881//1881
f 1881//1881 2013//2013 2014//2014
f 1881//1881 2014//2014 1882//1882
f 1882//1882 2014//2014 2015//2015
f 1882//1882 2015//2015 2016//2016
f 1882//1882 2016//2016 1883//1883
f 1883//1883 2016//2016 2017//2017
f 1883//1883 2017//2017 1875//1875
f 1875//1875 2017//2017 2006//2006
f 2013//2013 2012//2012 2018//2018
f 2013//2013 2018//2018 2014//2014
f 2014//2014 2018//2018 2019//2019
f 2014//2014 2019//2019 2015//2015
f 2020//2020 2021//2021 2022//2022
f 1884//1884 1885//1885 2020//2020
f 2020//2020 1885//1885 2023//2023
f 2020//2020 2023//2023 2021//2021
f 1885//1885 1886//1886 2023//2023
f 2023//2023 1886//1886 2024//2024
f 1886//1886 1887//1887 2024//2024
f 2024//2024 1887//1887 2025//2025
f 1887//1887 1888//1888 2025//2025
f 2025//2025 1888//1888 2026//2026
f 1888//1888 1889//1889 2026//2026
f 2026//2026 1889//1889 2027//2027
f 2026//2026 2027//2027 2028//2028
f 2027//2027 2029//2029 2028//2028
f 1890//1890 1891//1891 2030//2030
f 2030//2030 1891//1891 2020//2020
f 2030//2030 2020//2020 2022//2022
f 1891//1891 1884//1884 2020//2020
f 1889//1889 1892//1892 2027//2027
f 1892//1892 1893//1893 2027//2027
f 2027//2027 1893//1893 2031//2031
f 2027//2027 2031//2031 2029//2029
f 2029//2029 2031//2031 2032//2032
f 2031//2031 2033//2033 2032//2032
f 1894//1894 1890//1890 2034//2034
f 2034//2034 1890//1890 2030//2030
f 1893//1893 1896//1896 2031//2031
f 1896//1896 1897//1897 2031//2031
f 2031//2031 1897//1897 2035//2035
f 2031//2031 2035//2035 2033//2033
f 1898//1898 1894//1894 2036//2036
f 2036//2036 1894//1894 2034//2034
f 1900//1900 2037//2037 1897//1897
f 1897//1897 2037//2037 2035//2035
f 1901//1901 1898//1898 2038//2038
f 2038//2038 1898//1898 2036//2036
f 1902//1902 2039//2039 1903//1903
f 1903//1903 2039//2039 1900//1900
f 1900//1900 2039//2039 2040//2040
f 1900//1900 2040//2040 2037//2037
f 1901//1901 2038//2038 1905//1905
f 1905//1905 2038//2038 2041//2041
f 1905//1905 2041//2041 1906//1906
f 1906//1906 2041//2041 2042//2042
f 1908//1908 2043//2043 1902//1902
f 1902//1902 2043//2043 2044//2044
f 1902//1902 2044//2044 2039//2039
f 2039//2039 2044//2044 2040//2040
f 1906//1906 2042//2042 1909//1909
f 1909//1909 2042//2042 2045//2045
f 1909//1909 2045//2045 1910//1910
f 1910//1910 2045//2045 2046//2046
f 1910//1910 2046//2046 2047//2047
f 1912//1912 2047//2047 1913//1913
f 1913//1913 2047//2047 2046//2046
f 1913//1913 2046//2046 2048//2048
f 1913//1913 2048//2048 1914//1914
f 1914//1914 2048//2048 2049//2049
f 1914//1914 2049//2049 1915//1915
f 1915//1915 2049//2049 2050//2050
f 1915//1915 2050//2050 1908//1908
f 1908//1908 2050//2050 2043//2043
f 1910//1910 2047//2047 1916//1916
f 1916//1916 2047//2047 1912//1912
f 2051//2051 2052//2052 2053//2053
f 1919//1919 1918//1918 2051//2051
f 2051//2051 1918//1918 2054//2054
f 2051//2051 2054//2054 2052//2052
f 1918//1918 1921//1921 2054//2054
f 2054//2054 1921//1921 2055//2055
f 1921//1921 1922//1922 2055//2055
f 2055//2055 1922//1922 2056//2056
f 2057//2057 2058//2058 2059//2059
f 1925//1925 1924//1924 2057//2057
f 2057//2057 1924//1924 2060//2060
f 2057//2057 2060//2060 2058//2058
f 1924//1924 1926//1926 2060//2060
f 2060//2060 1926//1926 2061//2061
f 1926//1926 1927//1927 2061//2061
f 2061//2061 1927//1927 2051//2051
f 2061//2061 2051//2051 2053//2053
f 1927//1927 1919//1919 2051//2051
f 1922//1922 1928//1928 2056//2056
f 2056//2056 1928//1928 2062//2062
f 1928//1928 1929//1929 2062//2062
f 2062//2062 1929//1929 2063//2063
f 1929//1929 1931//1931 2063//2063
f 2063//2063 1931//1931 2064//2064
f 1931//1931 1933//1933 2064//2064
f 2064//2064 1933//1933 2065//2065
f 1933//1933 1934//1934 2065//2065
f 2065//2065 1934//1934 2066//2066
f 2065//2065 2066//2066 2067//2067
f 2066//2066 2068//2068 2067//2067
f 2069//2069 2070//2070 2071//2071
f 1937//1937 1936//1936 2069//2069
f 2069//2069 1936//1936 2072//2072
f 2069//2069 2072//2072 2070//2070
f 1936//1936 1939//1939 2072//2072
f 2072//2072 1939//1939 2057//2057
f 2072//2072 2057//2057 2059//2059
f 1939//1939 1925//1925 2057//2057
f 1934//1934 1940//1940 2066//2066
f 1940//1940 1941//1941 2066//2066
f 2066//2066 1941//1941 2073//2073
f 2066//2066 2073//2073 2068//2068
f 1941//1941 1942//1942 2073//2073
f 2073//2073 1942//1942 2074//2074
f 1942//1942 1943//1943 2074//2074
f 2074//2074 1943//1943 2075//2075
f 2076//2076 2077//2077 2078//2078
f 1946//1946 1945//1945 2076//2076
f 2076//2076 1945//1945 2079//2079
f 2076//2076 2079//2079 2077//2077
f 1945//1945 1948//1948 2079//2079
f 2079//2079 1948//1948 2069//2069
f 2079//2079 2069//2069 2071//2071
f 1948//1948 1937//1937 2069//2069
f 1943//1943 1949//1949 2075//2075
f 2075//2075 1949//1949 2080//2080
f 2075//2075 2080//2080 2081//2081
f 1949//1949 1951//1951 2080//2080
f 2082//2082 2083//2083 2084//2084
f 1954//1954 1953//1953 2082//2082
f 2082//2082 1953//1953 2076//2076
f 2082//2082 2076//2076 2083//2083
f 2083//2083 2076//2076 2078//2078
f 1953//1953 1946//1946 2076//2076
f 2080//2080 2085//2085 2081//2081
f 1951//1951 1956//1956 2080//2080
f 2080//2080 1956//1956 2086//2086
f 2080//2080 2086//2086 2085//2085
f 2085//2085 2086//2086 2087//2087
f 2088//2088 2089//2089 2090//2090
f 1959//1959 1958//1958 2088//2088
f 2088//2088 1958//1958 2082//2082
f 2088//2088 2082//2082 2089//2089
f 2089//2089 2082//2082 2084//2084
f 1958//1958 1954//1954 2082//2082
f 2086//2086 2091//2091 2087//2087
f 2087//2087 2091//2091 2092//2092
f 2088//2088 2090//2090 2093//2093
f 2093//2093 2090//2090 2094//2094
f 1962//1962 1959//1959 2093//2093
f 2093//2093 1959//1959 2088//2088
f 2091//2091 2095//2095 2092//2092
f 2096//2096 2097//2097 2098//2098
f 1965//1965 1964//1964 2096//2096
f 2096//2096 1964//1964 2093//2093
f 2096//2096 2093//2093 2097//2097
f 2097//2097 2093//2093 2094//2094
f 1964//1964 1962//1962 2093//2093
f 2096//2096 2098//2098 2099//2099
f 2099//2099 2098//2098 2100//2100
f 1968//1968 1965//1965 2099//2099
f 2099//2099 1965//1965 2096//2096
f 2099//2099 2100//2100 2101//2101
f 2101//2101 2100//2100 2102//2102
f 1971//1971 1968//1968 2101//2101
f 2101//2101 1968//1968 2099//2099
f 2101//2101 2102//2102 2103//2103
f 2103//2103 2102//2102 2104//2104
f 1974//1974 1971//1971 2103//2103
f 2103//2103 1971//1971 2101//2101
f 2103//2103 2104//2104 2105//2105
f 2105//2105 2104//2104 2106//2106
f 1974//1974 2103//2103 1977//1977
f 1977//1977 2103//2103 2105//2105
f 1977//1977 2105//2105 2107//2107
f 1977//1977 2107//2107 1978//1978
f 2105//2105 2106//2106 2108//2108
f 2105//2105 2108//2108 2107//2107
f 2107//2107 2108//2108 2109//2109
f 2107//2107 2109//2109 2110//2110
f 1978//1978 2107//2107 1983//1983
f 1983//1983 2107//2107 2110//2110
f 1983//1983 2110//2110 2111//2111
f 1983//1983 2111//2111 1984//1984
f 1984//1984 2111//2111 2112//2112
f 1984//1984 2112//2112 1985//1985
f 1985//1985 2112//2112 2113//2113
f 1985//1985 2113//2113 1986//1986
f 1986//1986 2113//2113 2114//2114
f 1986//1986 2114//2114 1988//1988
f 2110//2110 2109//2109 2115//2115
f 2110//2110 2115//2115 2111//2111
f 2111//2111 2115//2115 2116//2116
f 2111//2111 2116//2116 2112//2112
f 2112//2112 2116//2116 2117//2117
f 2112//2112 2117//2117 2113//2113
f 2113//2113 2117//2117 2118//2118
f 2113//2113 2118//2118 2114//2114
f 2114//2114 2118//2118 2119//2119
f 1988//1988 2114//2114 1990//1990
f 1990//1990 2114//2114 2119//2119
f 1990//1990 2119//2119 2120//2120
f 1990//1990 2120//2120 1991//1991
f 1991//1991 2120//2120 2121//2121
f 1991//1991 2121//2121 2122//2122
f 1991//1991 2122//2122 1993//1993
f 2122//2122 2121//2121 2123//2123
f 1993//1993 2122//2122 1994//1994
f 1994//1994 2122//2122 2123//2123
f 1994//1994 2123//2123 2124//2124
f 1994//1994 2124//2124 1995//1995
f 1995//1995 2124//2124 2125//2125
f 1995//1995 2125//2125 1996//1996
f 1996//1996 2125//2125 2126//2126
f 1996//1996 2126//2126 1997//1997
f 1997//1997 2126//2126 2127//2127
f 1997//1997 2127//2127 1999//1999
f 1999//1999 2127//2127 2128//2128
f 1999//1999 2128//2128 2000//2000
f 2000//2000 2128//2128 2129//2129
f 2001//2001 2000//2000 2130//2130
f 2130//2130 2000//2000 2129//2129
f 2001//2001 2130//2130 2003//2003
f 2003//2003 2130//2130 2131//2131
f 2003//2003 2131//2131 2005//2005
f 2005//2005 2131//2131 2132//2132
f 2006//2006 2133//2133 2007//2007
f 2007//2007 2133//2133 2134//2134
f 2007//2007 2134//2134 2008//2008
f 2008//2008 2134//2134 2135//2135
f 2005//2005 2132//2132 2009//2009
f 2009//2009 2132//2132 2136//2136
f 2009//2009 2136//2136 2010//2010
f 2010//2010 2136//2136 2137//2137
f 2010//2010 2137//2137 2138//2138
f 2010//2010 2138//2138 2011//2011
f 2011//2011 2138//2138 2139//2139
f 2011//2011 2139//2139 2012//2012
f 2015//2015 2140//2140 2016//2016
f 2016//2016 2140//2140 2017//2017
f 2017//2017 2140//2140 2141//2141
f 2017//2017 2141//2141 2142//2142
f 2017//2017 2142//2142 2006//2006
f 2006//2006 2142//2142 2133//2133
f 2138//2138 2137//2137 2143//2143
f 2138//2138 2143//2143 2139//2139
f 2139//2139 2143//2143 2144//2144
f 2012//2012 2139//2139 2018//2018
f 2018//2018 2139//2139 2144//2144
f 2018//2018 2144//2144 2145//2145
f 2018//2018 2145//2145 2019//2019
f 2019//2019 2145//2145 2146//2146
f 2019//2019 2146//2146 2015//2015
f 2015//2015 2146//2146 2147//2147
f 2015//2015 2147//2147 2140//2140
f 2140//2140 2147//2147 2141//2141
f 2148//2148 2149//2149 2150//2150
f 2148//2148 2151//2151 2149//2149
f 2022//2022 2021//2021 2152//2152
f 2152//2152 2021//2021 2153//2153
f 2021//2021 2023//2023 2153//2153
f 2153//2153 2023//2023 2154//2154
f 2023//2023 2024//2024 2154//2154
f 2154//2154 2024//2024 2148//2148
f 2154//2154 2148//2148 2150//2150
f 2024//2024 2025//2025 2148//2148
f 2148//2148 2025//2025 2155//2155
f 2148//2148 2155//2155 2151//2151
f 2025//2025 2026//2026 2155//2155
f 2155//2155 2026//2026 2156//2156
f 2026//2026 2028//2028 2156//2156
f 2156//2156 2028//2028 2157//2157
f 2028//2028 2029//2029 2157//2157
f 2157//2157 2029//2029 2158//2158
f 2030//2030 2022//2022 2159//2159
f 2159//2159 2022//2022 2152//2152
f 2029//2029 2032//2032 2158//2158
f 2158//2158 2032//2032 2160//2160
f 2032//2032 2033//2033 2160//2160
f 2160//2160 2033//2033 2161//2161
f 2034//2034 2030//2030 2162//2162
f 2162//2162 2030//2030 2159//2159
f 2035//2035 2163//2163 2033//2033
f 2033//2033 2163//2163 2161//2161
f 2036//2036 2034//2034 2164//2164
f 2164//2164 2034//2034 2162//2162
f 2037//2037 2165//2165 2035//2035
f 2035//2035 2165//2165 2163//2163
f 2038//2038 2036//2036 2166//2166
f 2166//2166 2036//2036 2164//2164
f 2040//2040 2167//2167 2037//2037
f 2037//2037 2167//2167 2165//2165
f 2038//2038 2166//2166 2041//2041
f 2041//2041 2166//2166 2168//2168
f 2041//2041 2168//2168 2042//2042
f 2042//2042 2168//2168 2169//2169
f 2043//2043 2170//2170 2044//2044
f 2044//2044 2170//2170 2171//2171
f 2044//2044 2171//2171 2040//2040
f 2040//2040 2171//2171 2167//2167
f 2042//2042 2169//2169 2045//2045
f 2045//2045 2169//2169 2172//2172
f 2045//2045 2172//2172 2046//2046
f 2046//2046 2172//2172 2173//2173
f 2046//2046 2173//2173 2048//2048
f 2048//2048 2173//2173 2174//2174
f 2048//2048 2174//2174 2049//2049
f 2049//2049 2174//2174 2175//2175
f 2049//2049 2175//2175 2050//2050
f 2050//2050 2175//2175 2176//2176
f 2050//2050 2176//2176 2043//2043
f 2043//2043 2176//2176 2170//2170
f 2177//2177 2178//2178 2179//2179
f 2177//2177 2180//2180 2178//2178
f 2178//2178 2180//2180 2181//2181
f 2053//2053 2052//2052 2180//2180
f 2180//2180 2052//2052 2182//2182
f 2180//2180 2182//2182 2181//2181
f 2052//2052 2054//2054 2182//2182
f 2182//2182 2054//2054 2183//2183
f 2054//2054 2055//2055 2183//2183
f 2183//2183 2055//2055 2184//2184
f 2055//2055 2056//2056 2184//2184
f 2184//2184 2056//2056 2185//2185
f 2186//2186 2187//2187 2188//2188
f 2059//2059 2058//2058 2186//2186
f 2186//2186 2058//2058 2189//2189
f 2186//2186 2189//2189 2187//2187
f 2058//2058 2060//2060 2189//2189
f 2189//2189 2060//2060 2177//2177
f 2189//2189 2177//2177 2179//2179
f 2060//2060 2061//2061 2177//2177
f 2177//2177 2061//2061 2180//2180
f 2061//2061 2053//2053 2180//2180
f 2056//2056 2062//2062 2185//2185
f 2185//2185 2062//2062 2190//2190
f 2062//2062 2063//2063 2190//2190
f 2190//2190 2063//2063 2191//2191
f 2063//2063 2064//2064 2191//2191
f 2191//2191 2064//2064 2192//2192
f 2064//2064 2065//2065 2192//2192
f 2192//2192 2065//2065 2193//2193
f 2065//2065 2067//2067 2193//2193
f 2193//2193 2067//2067 2194//2194
f 2067//2067 2068//2068 2194//2194
f 2194//2194 2068//2068 2195//2195
f 2196//2196 2197//2197 2198//2198
f 2071//2071 2070//2070 2196//2196
f 2196//2196 2070//2070 2199//2199
f 2196//2196 2199//2199 2197//2197
f 2070//2070 2072//2072 2199//2199
f 2199//2199 2072//2072 2186//2186
f 2199//2199 2186//2186 2188//2188
f 2072//2072 2059//2059 2186//2186
f 2068//2068 2073//2073 2195//2195
f 2195//2195 2073//2073 2200//2200
f 2073//2073 2074//2074 2200//2200
f 2200//2200 2074//2074 2201//2201
f 2200//2200 2201//2201 2202//2202
f 2074//2074 2075//2075 2201//2201
f 2078//2078 2077//2077 2203//2203
f 2203//2203 2077//2077 2204//2204
f 2077//2077 2079//2079 2204//2204
f 2204//2204 2079//2079 2196//2196
f 2204//2204 2196//2196 2198//2198
f 2079//2079 2071//2071 2196//2196
f 2201//2201 2205//2205 2202//2202
f 2202//2202 2205//2205 2206//2206
f 2081//2081 2205//2205 2075//2075
f 2075//2075 2205//2205 2201//2201
f 2207//2207 2208//2208 2209//2209
f 2084//2084 2083//2083 2207//2207
f 2207//2207 2083//2083 2210//2210
f 2207//2207 2210//2210 2208//2208
f 2083//2083 2078//2078 2210//2210
f 2210//2210 2078//2078 2203//2203
f 2205//2205 2211//2211 2206//2206
f 2206//2206 2211//2211 2212//2212
f 2081//2081 2085//2085 2205//2205
f 2205//2205 2085//2085 2213//2213
f 2205//2205 2213//2213 2211//2211
f 2085//2085 2087//2087 2213//2213
f 2090//2090 2089//2089 2214//2214
f 2214//2214 2089//2089 2207//2207
f 2214//2214 2207//2207 2209//2209
f 2089//2089 2084//2084 2207//2207
f 2215//2215 2216//2216 2217//2217
f 2215//2215 2217//2217 2218//2218
f 2218//2218 2217//2217 2212//2212
f 2218//2218 2212//2212 2211//2211
f 2211//2211 2213//2213 2218//2218
f 2218//2218 2213//2213 2219//2219
f 2092//2092 2219//2219 2087//2087
f 2087//2087 2219//2219 2213//2213
f 2220//2220 2221//2221 2222//2222
f 2094//2094 2090//2090 2220//2220
f 2220//2220 2090//2090 2214//2214
f 2220//2220 2214//2214 2221//2221
f 2215//2215 2223//2223 2216//2216
f 2215//2215 2218//2218 2223//2223
f 2223//2223 2218//2218 2224//2224
f 2223//2223 2224//2224 2225//2225
f 2218//2218 2219//2219 2224//2224
f 2224//2224 2219//2219 2226//2226
f 2092//2092 2095//2095 2219//2219
f 2219//2219 2095//2095 2227//2227
f 2219//2219 2227//2227 2226//2226
f 2228//2228 2229//2229 2230//2230
f 2098//2098 2097//2097 2228//2228
f 2228//2228 2097//2097 2220//2220
f 2228//2228 2220//2220 2229//2229
f 2229//2229 2220//2220 2222//2222
f 2097//2097 2094//2094 2220//2220
f 2224//2224 2231//2231 2225//2225
f 2224//2224 2226//2226 2231//2231
f 2231//2231 2226//2226 2232//2232
f 2226//2226 2227//2227 2232//2232
f 2232//2232 2227//2227 2233//2233
f 2228//2228 2230//2230 2234//2234
f 2234//2234 2230//2230 2235//2235
f 2100//2100 2098//2098 2234//2234
f 2234//2234 2098//2098 2228//2228
f 2234//2234 2235//2235 2236//2236
f 2236//2236 2235//2235 2237//2237
f 2102//2102 2100//2100 2236//2236
f 2236//2236 2100//2100 2234//2234
f 2236//2236 2237//2237 2238//2238
f 2238//2238 2237//2237 2239//2239
f 2104//2104 2102//2102 2238//2238
f 2238//2238 2102//2102 2236//2236
f 2238//2238 2239//2239 2240//2240
f 2240//2240 2239//2239 2241//2241
f 2106//2106 2104//2104 2240//2240
f 2240//2240 2104//2104 2238//2238
f 2240//2240 2241//2241 2242//2242
f 2106//2106 2240//2240 2108//2108
f 2108//2108 2240//2240 2242//2242
f 2108//2108 2242//2242 2243//2243
f 2243//2243 2242//2242 2244//2244
f 2108//2108 2243//2243 2109//2109
f 2243//2243 2244//2244 2245//2245
f 2109//2109 2243//2243 2115//2115
f 2115//2115 2243//2243 2245//2245
f 2115//2115 2245//2245 2246//2246
f 2246//2246 2245//2245 2247//2247
f 2115//2115 2246//2246 2116//2116
f 2116//2116 2246//2246 2248//2248
f 2116//2116 2248//2248 2117//2117
f 2117//2117 2248//2248 2249//2249
f 2117//2117 2249//2249 2118//2118
f 2118//2118 2249//2249 2250//2250
f 2118//2118 2250//2250 2119//2119
f 2119//2119 2250//2250 2251//2251
f 2119//2119 2251//2251 2120//2120
f 2120//2120 2251//2251 2252//2252
f 2120//2120 2252//2252 2121//2121
f 2246//2246 2247//2247 2253//2253
f 2246//2246 2253//2253 2248//2248
f 2248//2248 2253//2253 2254//2254
f 2248//2248 2254//2254 2249//2249
f 2249//2249 2254//2254 2255//2255
f 2249//2249 2255//2255 2250//2250
f 2250//2250 2255//2255 2256//2256
f 2250//2250 2256//2256 2251//2251
f 2251//2251 2256//2256 2257//2257
f 2251//2251 2257//2257 2252//2252
f 2252//2252 2257//2257 2258//2258
f 2121//2121 2252//2252 2123//2123
f 2123//2123 2252//2252 2258//2258
f 2123//2123 2258//2258 2259//2259
f 2123//2123 2259//2259 2124//2124
f 2124//2124 2259//2259 2260//2260
f 2124//2124 2260//2260 2125//2125
f 2125//2125 2260//2260 2261//2261
f 2125//2125 2261//2261 2126//2126
f 2126//2126 2261//2261 2262//2262
f 2126//2126 2262//2262 2127//2127
f 2127//2127 2262//2262 2263//2263
f 2127//2127 2263//2263 2128//2128
f 2128//2128 2263//2263 2264//2264
f 2128//2128 2264//2264 2129//2129
f 2129//2129 2264//2264 2265//2265
f 2130//2130 2129//2129 2266//2266
f 2266//2266 2129//2129 2265//2265
f 2130//2130 2266//2266 2131//2131
f 2131//2131 2266//2266 2267//2267
f 2131//2131 2267//2267 2268//2268
f 2131//2131 2268//2268 2132//2132
f 2133//2133 2269//2269 2134//2134
f 2134//2134 2269//2269 2270//2270
f 2134//2134 2270//2270 2135//2135
f 2135//2135 2270//2270 2271//2271
f 2268//2268 2267//2267 2272//2272
f 2132//2132 2268//2268 2136//2136
f 2136//2136 2268//2268 2272//2272
f 2136//2136 2272//2272 2273//2273
f 2273//2273 2272//2272 2274//2274
f 2136//2136 2273//2273 2137//2137
f 2141//2141 2275//2275 2142//2142
f 2142//2142 2275//2275 2276//2276
f 2142//2142 2276//2276 2133//2133
f 2133//2133 2276//2276 2269//2269
f 2273//2273 2274//2274 2277//2277
f 2137//2137 2273//2273 2143//2143
f 2143//2143 2273//2273 2277//2277
f 2143//2143 2277//2277 2278//2278
f 2143//2143 2278//2278 2144//2144
f 2144//2144 2278//2278 2279//2279
f 2144//2144 2279//2279 2145//2145
f 2145//2145 2279//2279 2280//2280
f 2145//2145 2280//2280 2146//2146
f 2146//2146 2280//2280 2281//2281
f 2146//2146 2281//2281 2147//2147
f 2147//2147 2281//2281 2282//2282
f 2147//2147 2282//2282 2141//2141
f 2141//2141 2282//2282 2275//2275
f 2283//2283 2284//2284 2285//2285
f 2150//2150 2149//2149 2283//2283
f 2283//2283 2149//2149 2286//2286
f 2283//2283 2286//2286 2284//2284
f 2149//2149 2151//2151 2286//2286
f 2286//2286 2151//2151 2287//2287
f 2286//2286 2287//2287 2288//2288
f 2287//2287 2289//2289 2288//2288
f 2288//2288 2289//2289 2290//2290
f 2289//2289 2291//2291 2290//2290
f 2152//2152 2153//2153 2292//2292
f 2292//2292 2153//2153 2293//2293
f 2153//2153 2154//2154 2293//2293
f 2293//2293 2154//2154 2283//2283
f 2293//2293 2283//2283 2285//2285
f 2154//2154 2150//2150 2283//2283
f 2151//2151 2155//2155 2287//2287
f 2155//2155 2156//2156 2287//2287
f 2287//2287 2156//2156 2289//2289
f 2156//2156 2157//2157 2289//2289
f 2289//2289 2157//2157 2294//2294
f 2289//2289 2294//2294 2291//2291
f 2157//2157 2158//2158 2294//2294
f 2294//2294 2158//2158 2295//2295
f 2159//2159 2152//2152 2296//2296
f 2296//2296 2152//2152 2292//2292
f 2158//2158 2160//2160 2295//2295
f 2295//2295 2160//2160 2297//2297
f 2160//2160 2161//2161 2297//2297
f 2297//2297 2161//2161 2298//2298
f 2162//2162 2159//2159 2299//2299
f 2299//2299 2159//2159 2296//2296
f 2163//2163 2300//2300 2161//2161
f 2161//2161 2300//2300 2298//2298
f 2164//2164 2162//2162 2301//2301
f 2301//2301 2162//2162 2299//2299
f 2165//2165 2302//2302 2163//2163
f 2163//2163 2302//2302 2300//2300
f 2166//2166 2164//2164 2303//2303
f 2303//2303 2164//2164 2301//2301
f 2167//2167 2304//2304 2165//2165
f 2165//2165 2304//2304 2302//2302
f 2166//2166 2303//2303 2168//2168
f 2168//2168 2303//2303 2305//2305
f 2168//2168 2305//2305 2169//2169
f 2169//2169 2305//2305 2306//2306
f 2169//2169 2306//2306 2307//2307
f 2307//2307 2306//2306 2308//2308
f 2170//2170 2309//2309 2171//2171
f 2171//2171 2309//2309 2310//2310
f 2171//2171 2310//2310 2167//2167
f 2167//2167 2310//2310 2304//2304
f 2169//2169 2307//2307 2172//2172
f 2172//2172 2307//2307 2173//2173
f 2173//2173 2307//2307 2308//2308
f 2173//2173 2308//2308 2311//2311
f 2173//2173 2311//2311 2174//2174
f 2174//2174 2311//2311 2312//2312
f 2174//2174 2312//2312 2175//2175
f 2175//2175 2312//2312 2313//2313
f 2175//2175 2313//2313 2176//2176
f 2176//2176 2313//2313 2314//2314
f 2176//2176 2314//2314 2170//2170
f 2170//2170 2314//2314 2309//2309
f 2179//2179 2178//2178 2315//2315
f 2315//2315 2178//2178 2316//2316
f 2178//2178 2181//2181 2316//2316
f 2316//2316 2181//2181 2317//2317
f 2181//2181 2182//2182 2317//2317
f 2317//2317 2182//2182 2318//2318
f 2182//2182 2183//2183 2318//2318
f 2318//2318 2183//2183 2319//2319
f 2318//2318 2319//2319 2320//2320
f 2183//2183 2184//2184 2319//2319
f 2319//2319 2184//2184 2321//2321
f 2184//2184 2185//2185 2321//2321
f 2188//2188 2187//2187 2322//2322
f 2322//2322 2187//2187 2323//2323
f 2187//2187 2189//2189 2323//2323
f 2323//2323 2189//2189 2324//2324
f 2189//2189 2179//2179 2324//2324
f 2324//2324 2179//2179 2315//2315
f 2319//2319 2325//2325 2320//2320
f 2319//2319 2321//2321 2325//2325
f 2325//2325 2321//2321 2326//2326
f 2185//2185 2190//2190 2321//2321
f 2321//2321 2190//2190 2327//2327
f 2321//2321 2327//2327 2326//2326
f 2190//2190 2191//2191 2327//2327
f 2327//2327 2191//2191 2328//2328
f 2191//2191 2192//2192 2328//2328
f 2328//2328 2192//2192 2329//2329
f 2192//2192 2193//2193 2329//2329
f 2329//2329 2193//2193 2330//2330
f 2193//2193 2194//2194 2330//2330
f 2330//2330 2194//2194 2331//2331
f 2330//2330 2331//2331 2332//2332
f 2194//2194 2195//2195 2331//2331
f 2198//2198 2197//2197 2333//2333
f 2333//2333 2197//2197 2334//2334
f 2197//2197 2199//2199 2334//2334
f 2334//2334 2199//2199 2335//2335
f 2199//2199 2188//2188 2335//2335
f 2335//2335 2188//2188 2322//2322
f 2331//2331 2336//2336 2332//2332
f 2195//2195 2200//2200 2331//2331
f 2331//2331 2200//2200 2337//2337
f 2331//2331 2337//2337 2336//2336
f 2336//2336 2337//2337 2338//2338
f 2200//2200 2202//2202 2337//2337
f 2339//2339 2340//2340 2341//2341
f 2203//2203 2204//2204 2339//2339
f 2339//2339 2204//2204 2342//2342
f 2339//2339 2342//2342 2340//2340
f 2204//2204 2198//2198 2342//2342
f 2342//2342 2198//2198 2333//2333
f 2337//2337 2343//2343 2338//2338
f 2338//2338 2343//2343 2344//2344
f 2206//2206 2343//2343 2202//2202
f 2202//2202 2343//2343 2337//2337
f 2209//2209 2208//2208 2345//2345
f 2345//2345 2208//2208 2346//2346
f 2208//2208 2210//2210 2346//2346
f 2346//2346 2210//2210 2339//2339
f 2346//2346 2339//2339 2341//2341
f 2210//2210 2203//2203 2339//2339
f 2347//2347 2348//2348 2349//2349
f 2347//2347 2349//2349 2350//2350
f 2350//2350 2349//2349 2344//2344
f 2350//2350 2344//2344 2343//2343
f 2212//2212 2350//2350 2206//2206
f 2206//2206 2350//2350 2343//2343
f 2351//2351 2352//2352 2353//2353
f 2214//2214 2209//2209 2351//2351
f 2351//2351 2209//2209 2345//2345
f 2351//2351 2345//2345 2352//2352
f 2347//2347 2354//2354 2348//2348
f 2348//2348 2354//2354 2355//2355
f 2216//2216 2354//2354 2217//2217
f 2217//2217 2354//2354 2347//2347
f 2217//2217 2347//2347 2350//2350
f 2217//2217 2350//2350 2212//2212
f 2356//2356 2357//2357 2358//2358
f 2222//2222 2221//2221 2356//2356
f 2356//2356 2221//2221 2351//2351
f 2356//2356 2351//2351 2357//2357
f 2357//2357 2351//2351 2353//2353
f 2221//2221 2214//2214 2351//2351
f 2359//2359 2360//2360 2361//2361
f 2359//2359 2361//2361 2362//2362
f 2362//2362 2361//2361 2363//2363
f 2362//2362 2363//2363 2364//2364
f 2364//2364 2363//2363 2355//2355
f 2364//2364 2355//2355 2354//2354
f 2216//2216 2223//2223 2354//2354
f 2354//2354 2223//2223 2365//2365
f 2354//2354 2365//2365 2364//2364
f 2223//2223 2225//2225 2365//2365
f 2230//2230 2229//2229 2366//2366
f 2366//2366 2229//2229 2356//2356
f 2366//2366 2356//2356 2358//2358
f 2229//2229 2222//2222 2356//2356
f 2367//2367 2368//2368 2369//2369
f 2367//2367 2369//2369 2370//2370
f 2370//2370 2369//2369 2360//2360
f 2370//2370 2360//2360 2359//2359
f 2359//2359 2362//2362 2370//2370
f 2370//2370 2362//2362 2371//2371
f 2370//2370 2371//2371 2372//2372
f 2362//2362 2364//2364 2371//2371
f 2371//2371 2364//2364 2373//2373
f 2371//2371 2373//2373 2374//2374
f 2364//2364 2365//2365 2373//2373
f 2373//2373 2365//2365 2375//2375
f 2225//2225 2231//2231 2365//2365
f 2365//2365 2231//2231 2376//2376
f 2365//2365 2376//2376 2375//2375
f 2231//2231 2232//2232 2376//2376
f 2376//2376 2232//2232 2377//2377
f 2232//2232 2233//2233 2377//2377
f 2377//2377 2233//2233 2378//2378
f 2235//2235 2230//2230 2379//2379
f 2379//2379 2230//2230 2366//2366
f 2367//2367 2380//2380 2368//2368
f 2367//2367 2370//2370 2380//2380
f 2380//2380 2370//2370 2381//2381
f 2370//2370 2372//2372 2381//2381
f 2373//2373 2382//2382 2374//2374
f 2373//2373 2375//2375 2382//2382
f 2382//2382 2375//2375 2383//2383
f 2375//2375 2376//2376 2383//2383
f 2383//2383 2376//2376 2384//2384
f 2376//2376 2377//2377 2384//2384
f 2384//2384 2377//2377 2385//2385
f 2377//2377 2378//2378 2385//2385
f 2385//2385 2378//2378 2386//2386
f 2387//2387 2388//2388 2389//2389
f 2237//2237 2235//2235 2387//2387
f 2387//2387 2235//2235 2379//2379
f 2387//2387 2379//2379 2388//2388
f 2387//2387 2389//2389 2390//2390
f 2390//2390 2389//2389 2391//2391
f 2239//2239 2237//2237 2390//2390
f 2390//2390 2237//2237 2387//2387
f 2390//2390 2391//2391 2392//2392
f 2241//2241 2239//2239 2393//2393
f 2393//2393 2239//2239 2390//2390
f 2393//2393 2390//2390 2392//2392
f 2241//2241 2393//2393 2242//2242
f 2242//2242 2393//2393 2394//2394
f 2242//2242 2394//2394 2395//2395
f 2242//2242 2395//2395 2244//2244
f 2395//2395 2394//2394 2396//2396
f 2244//2244 2395//2395 2245//2245
f 2245//2245 2395//2395 2396//2396
f 2245//2245 2396//2396 2397//2397
f 2397//2397 2396//2396 2398//2398
f 2245//2245 2397//2397 2247//2247
f 2397//2397 2398//2398 2399//2399
f 2247//2247 2397//2397 2253//2253
f 2253//2253 2397//2397 2399//2399
f 2253//2253 2399//2399 2400//2400
f 2253//2253 2400//2400 2254//2254
f 2254//2254 2400//2400 2401//2401
f 2254//2254 2401//2401 2255//2255
f 2255//2255 2401//2401 2402//2402
f 2255//2255 2402//2402 2256//2256
f 2256//2256 2402//2402 2403//2403
f 2256//2256 2403//2403 2257//2257
f 2257//2257 2403//2403 2404//2404
f 2257//2257 2404//2404 2258//2258
f 2258//2258 2404//2404 2405//2405
f 2258//2258 2405//2405 2259//2259
f 2259//2259 2405//2405 2406//2406
f 2259//2259 2406//2406 2260//2260
f 2260//2260 2406//2406 2407//2407
f 2260//2260 2407//2407 2261//2261
f 2261//2261 2407//2407 2408//2408
f 2261//2261 2408//2408 2262//2262
f 2262//2262 2408//2408 2409//2409
f 2262//2262 2409//2409 2263//2263
f 2263//2263 2409//2409 2410//2410
f 2263//2263 2410//2410 2264//2264
f 2264//2264 2410//2410 2411//2411
f 2264//2264 2411//2411 2412//2412
f 2264//2264 2412//2412 2265//2265
f 2412//2412 2411//2411 2413//2413
f 2413//2413 2411//2411 2414//2414
f 2266//2266 2265//2265 2413//2413
f 2413//2413 2265//2265 2412//2412
f 2413//2413 2414//2414 2415//2415
f 2415//2415 2414//2414 2416//2416
f 2267//2267 2266//2266 2415//2415
f 2415//2415 2266//2266 2413//2413
f 2269//2269 2417//2417 2270//2270
f 2270//2270 2417//2417 2418//2418
f 2270//2270 2418//2418 2271//2271
f 2271//2271 2418//2418 2419//2419
f 2415//2415 2416//2416 2420//2420
f 2267//2267 2415//2415 2272//2272
f 2272//2272 2415//2415 2420//2420
f 2272//2272 2420//2420 2421//2421
f 2421//2421 2420//2420 2422//2422
f 2272//2272 2421//2421 2274//2274
f 2275//2275 2423//2423 2276//2276
f 2276//2276 2423//2423 2424//2424
f 2276//2276 2424//2424 2269//2269
f 2269//2269 2424//2424 2417//2417
f 2421//2421 2422//2422 2425//2425
f 2274//2274 2421//2421 2277//2277
f 2277//2277 2421//2421 2425//2425
f 2277//2277 2425//2425 2426//2426
f 2426//2426 2425//2425 2427//2427
f 2277//2277 2426//2426 2278//2278
f 2278//2278 2426//2426 2428//2428
f 2278//2278 2428//2428 2279//2279
f 2279//2279 2428//2428 2429//2429
f 2279//2279 2429//2429 2280//2280
f 2280//2280 2429//2429 2430//2430
f 2280//2280 2430//2430 2431//2431
f 2280//2280 2431//2431 2281//2281
f 2281//2281 2431//2431 2432//2432
f 2281//2281 2432//2432 2282//2282
f 2282//2282 2432//2432 2433//2433
f 2282//2282 2433//2433 2275//2275
f 2275//2275 2433//2433 2423//2423
f 2426//2426 2427//2427 2434//2434
f 2426//2426 2434//2434 2428//2428
f 2428//2428 2434//2434 2435//2435
f 2428//2428 2435//2435 2429//2429
f 2429//2429 2435//2435 2436//2436
f 2429//2429 2436//2436 2430//2430
f 2285//2285 2284//2284 2437//2437
f 2437//2437 2284//2284 2438//2438
f 2284//2284 2286//2286 2438//2438
f 2438//2438 2286//2286 2439//2439
f 2286//2286 2288//2288 2439//2439
f 2439//2439 2288//2288 2440//2440
f 2288//2288 2290//2290 2440//2440
f 2440//2440 2290//2290 2441//2441
f 2290//2290 2291//2291 2441//2441
f 2441//2441 2291//2291 2442//2442
f 2292//2292 2293//2293 2443//2443
f 2443//2443 2293//2293 2444//2444
f 2293//2293 2285//2285 2444//2444
f 2444//2444 2285//2285 2437//2437
f 2291//2291 2294//2294 2442//2442
f 2442//2442 2294//2294 2445//2445
f 2294//2294 2295//2295 2445//2445
f 2445//2445 2295//2295 2446//2446
f 2445//2445 2446//2446 2447//2447
f 2446//2446 2448//2448 2447//2447
f 2296//2296 2292//2292 2449//2449
f 2449//2449 2292//2292 2443//2443
f 2295//2295 2297//2297 2446//2446
f 2297//2297 2298//2298 2446//2446
f 2446//2446 2298//2298 2450//2450
f 2446//2446 2450//2450 2448//2448
f 2299//2299 2296//2296 2451//2451
f 2451//2451 2296//2296 2449//2449
f 2300//2300 2452//2452 2298//2298
f 2298//2298 2452//2452 2450//2450
f 2301//2301 2299//2299 2453//2453
f 2453//2453 2299//2299 2451//2451
f 2302//2302 2454//2454 2300//2300
f 2300//2300 2454//2454 2452//2452
f 2303//2303 2301//2301 2455//2455
f 2455//2455 2301//2301 2453//2453
f 2455//2455 2453//2453 2456//2456
f 2455//2455 2456//2456 2457//2457
f 2304//2304 2458//2458 2302//2302
f 2302//2302 2458//2458 2454//2454
f 2303//2303 2455//2455 2305//2305
f 2305//2305 2455//2455 2306//2306
f 2306//2306 2455//2455 2457//2457
f 2306//2306 2457//2457 2459//2459
f 2306//2306 2459//2459 2308//2308
f 2308//2308 2459//2459 2460//2460
f 2309//2309 2461//2461 2310//2310
f 2310//2310 2461//2461 2462//2462
f 2310//2310 2462//2462 2304//2304
f 2304//2304 2462//2462 2458//2458
f 2308//2308 2460//2460 2311//2311
f 2311//2311 2460//2460 2463//2463
f 2311//2311 2463//2463 2312//2312
f 2312//2312 2463//2463 2464//2464
f 2312//2312 2464//2464 2313//2313
f 2313//2313 2464//2464 2465//2465
f 2313//2313 2465//2465 2314//2314
f 2314//2314 2465//2465 2466//2466
f 2314//2314 2466//2466 2309//2309
f 2309//2309 2466//2466 2461//2461
f 2315//2315 2316//2316 2467//2467
f 2467//2467 2316//2316 2468//2468
f 2316//2316 2317//2317 2468//2468
f 2468//2468 2317//2317 2469//2469
f 2317//2317 2318//2318 2469//2469
f 2469//2469 2318//2318 2470//2470
f 2469//2469 2470//2470 2471//2471
f 2318//2318 2320//2320 2470//2470
f 2472//2472 2473//2473 2474//2474
f 2322//2322 2323//2323 2472//2472
f 2472//2472 2323//2323 2475//2475
f 2472//2472 2475//2475 2473//2473
f 2323//2323 2324//2324 2475//2475
f 2475//2475 2324//2324 2476//2476
f 2324//2324 2315//2315 2476//2476
f 2476//2476 2315//2315 2467//2467
f 2470//2470 2477//2477 2471//2471
f 2320//2320 2325//2325 2470//2470
f 2470//2470 2325//2325 2478//2478
f 2470//2470 2478//2478 2477//2477
f 2325//2325 2326//2326 2478//2478
f 2478//2478 2326//2326 2479//2479
f 2326//2326 2327//2327 2479//2479
f 2479//2479 2327//2327 2480//2480
f 2327//2327 2328//2328 2480//2480
f 2480//2480 2328//2328 2481//2481
f 2328//2328 2329//2329 2481//2481
f 2481//2481 2329//2329 2482//2482
f 2329//2329 2330//2330 2482//2482
f 2482//2482 2330//2330 2483//2483
f 2482//2482 2483//2483 2484//2484
f 2330//2330 2332//2332 2483//2483
f 2485//2485 2486//2486 2487//2487
f 2333//2333 2334//2334 2485//2485
f 2485//2485 2334//2334 2488//2488
f 2485//2485 2488//2488 2486//2486
f 2334//2334 2335//2335 2488//2488
f 2488//2488 2335//2335 2472//2472
f 2488//2488 2472//2472 2474//2474
f 2335//2335 2322//2322 2472//2472
f 2483//2483 2489//2489 2484//2484
f 2332//2332 2336//2336 2483//2483
f 2483//2483 2336//2336 2490//2490
f 2483//2483 2490//2490 2489//2489
f 2489//2489 2490//2490 2491//2491
f 2336//2336 2338//2338 2490//2490
f 2341//2341 2340//2340 2492//2492
f 2492//2492 2340//2340 2493//2493
f 2340//2340 2342//2342 2493//2493
f 2493//2493 2342//2342 2485//2485
f 2493//2493 2485//2485 2487//2487
f 2342//2342 2333//2333 2485//2485
f 2490//2490 2494//2494 2491//2491
f 2491//2491 2494//2494 2495//2495
f 2344//2344 2494//2494 2338//2338
f 2338//2338 2494//2494 2490//2490
f 2496//2496 2497//2497 2498//2498
f 2345//2345 2346//2346 2496//2496
f 2496//2496 2346//2346 2499//2499
f 2496//2496 2499//2499 2497//2497
f 2346//2346 2341//2341 2499//2499
f 2499//2499 2341//2341 2492//2492
f 2348//2348 2500//2500 2349//2349
f 2349//2349 2500//2500 2495//2495
f 2349//2349 2495//2495 2494//2494
f 2349//2349 2494//2494 2344//2344
f 2501//2501 2502//2502 2503//2503
f 2353//2353 2352//2352 2501//2501
f 2501//2501 2352//2352 2496//2496
f 2501//2501 2496//2496 2502//2502
f 2502//2502 2496//2496 2498//2498
f 2352//2352 2345//2345 2496//2496
f 2504//2504 2505//2505 2506//2506
f 2504//2504 2506//2506 2507//2507
f 2507//2507 2506//2506 2508//2508
f 2355//2355 2507//2507 2348//2348
f 2348//2348 2507//2507 2508//2508
f 2348//2348 2508//2508 2500//2500
f 2358//2358 2357//2357 2509//2509
f 2509//2509 2357//2357 2501//2501
f 2509//2509 2501//2501 2503//2503
f 2357//2357 2353//2353 2501//2501
f 2510//2510 2511//2511 2512//2512
f 2510//2510 2512//2512 2513//2513
f 2513//2513 2512//2512 2514//2514
f 2513//2513 2514//2514 2515//2515
f 2515//2515 2514//2514 2516//2516
f 2360//2360 2515//2515 2361//2361
f 2361//2361 2515//2515 2516//2516
f 2361//2361 2516//2516 2504//2504
f 2504//2504 2516//2516 2505//2505
f 2361//2361 2504//2504 2363//2363
f 2363//2363 2504//2504 2507//2507
f 2363//2363 2507//2507 2355//2355
f 2517//2517 2518//2518 2519//2519
f 2366//2366 2358//2358 2517//2517
f 2517//2517 2358//2358 2509//2509
f 2517//2517 2509//2509 2518//2518
f 2510//2510 2520//2520 2511//2511
f 2511//2511 2520//2520 2521//2521
f 2510//2510 2513//2513 2520//2520
f 2520//2520 2513//2513 2522//2522
f 2368//2368 2522//2522 2369//2369
f 2369//2369 2522//2522 2513//2513
f 2369//2369 2513//2513 2515//2515
f 2369//2369 2515//2515 2360//2360
f 2372//2372 2371//2371 2523//2523
f 2371//2371 2374//2374 2523//2523
f 2517//2517 2519//2519 2524//2524
f 2524//2524 2519//2519 2525//2525
f 2379//2379 2366//2366 2524//2524
f 2524//2524 2366//2366 2517//2517
f 2520//2520 2526//2526 2521//2521
f 2520//2520 2522//2522 2526//2526
f 2526//2526 2522//2522 2527//2527
f 2368//2368 2380//2380 2522//2522
f 2522//2522 2380//2380 2528//2528
f 2522//2522 2528//2528 2527//2527
f 2527//2527 2528//2528 2529//2529
f 2380//2380 2381//2381 2528//2528
f 2528//2528 2381//2381 2530//2530
f 2381//2381 2372//2372 2530//2530
f 2530//2530 2372//2372 2523//2523
f 2530//2530 2523//2523 2531//2531
f 2374//2374 2382//2382 2523//2523
f 2523//2523 2382//2382 2532//2532
f 2523//2523 2532//2532 2531//2531
f 2531//2531 2532//2532 2533//2533
f 2382//2382 2383//2383 2532//2532
f 2532//2532 2383//2383 2534//2534
f 2383//2383 2384//2384 2534//2534
f 2534//2534 2384//2384 2535//2535
f 2384//2384 2385//2385 2535//2535
f 2535//2535 2385//2385 2536//2536
f 2385//2385 2386//2386 2536//2536
f 2536//2536 2386//2386 2537//2537
f 2389//2389 2388//2388 2538//2538
f 2538//2538 2388//2388 2524//2524
f 2538//2538 2524//2524 2525//2525
f 2388//2388 2379//2379 2524//2524
f 2528//2528 2539//2539 2529//2529
f 2528//2528 2530//2530 2539//2539
f 2539//2539 2530//2530 2540//2540
f 2530//2530 2531//2531 2540//2540
f 2540//2540 2531//2531 2541//2541
f 2531//2531 2533//2533 2541//2541
f 2391//2391 2389//2389 2542//2542
f 2542//2542 2389//2389 2538//2538
f 2391//2391 2542//2542 2392//2392
f 2392//2392 2542//2542 2543//2543
f 2392//2392 2543//2543 2544//2544
f 2392//2392 2544//2544 2393//2393
f 2544//2544 2543//2543 2545//2545
f 2545//2545 2543//2543 2546//2546
f 2394//2394 2393//2393 2545//2545
f 2545//2545 2393//2393 2544//2544
f 2545//2545 2546//2546 2547//2547
f 2394//2394 2545//2545 2396//2396
f 2396//2396 2545//2545 2547//2547
f 2396//2396 2547//2547 2548//2548
f 2548//2548 2547//2547 2549//2549
f 2396//2396 2548//2548 2398//2398
f 2550//2550 2551//2551 2552//2552
f 2550//2550 2552//2552 2553//2553
f 2548//2548 2549//2549 2554//2554
f 2398//2398 2548//2548 2399//2399
f 2399//2399 2548//2548 2554//2554
f 2399//2399 2554//2554 2555//2555
f 2399//2399 2555//2555 2400//2400
f 2400//2400 2555//2555 2556//2556
f 2400//2400 2556//2556 2557//2557
f 2400//2400 2557//2557 2401//2401
f 2401//2401 2557//2557 2558//2558
f 2401//2401 2558//2558 2559//2559
f 2401//2401 2559//2559 2402//2402
f 2402//2402 2559//2559 2560//2560
f 2402//2402 2560//2560 2403//2403
f 2403//2403 2560//2560 2561//2561
f 2403//2403 2561//2561 2404//2404
f 2404//2404 2561//2561 2562//2562
f 2404//2404 2562//2562 2405//2405
f 2405//2405 2562//2562 2563//2563
f 2405//2405 2563//2563 2406//2406
f 2406//2406 2563//2563 2564//2564
f 2406//2406 2564//2564 2407//2407
f 2407//2407 2564//2564 2565//2565
f 2407//2407 2565//2565 2408//2408
f 2408//2408 2565//2565 2551//2551
f 2408//2408 2551//2551 2550//2550
f 2408//2408 2550//2550 2409//2409
f 2409//2409 2550//2550 2553//2553
f 2409//2409 2553//2553 2566//2566
f 2409//2409 2566//2566 2410//2410
f 2410//2410 2566//2566 2567//2567
f 2557//2557 2556//2556 2568//2568
f 2557//2557 2568//2568 2558//2558
f 2411//2411 2410//2410 2569//2569
f 2569//2569 2410//2410 2567//2567
f 2414//2414 2411//2411 2570//2570
f 2570//2570 2411//2411 2569//2569
f 2571//2571 2572//2572 2573//2573
f 2416//2416 2414//2414 2574//2574
f 2574//2574 2414//2414 2570//2570
f 2417//2417 2575//2575 2418//2418
f 2418//2418 2575//2575 2576//2576
f 2418//2418 2576//2576 2419//2419
f 2419//2419 2576//2576 2572//2572
f 2419//2419 2572//2572 2571//2571
f 2416//2416 2574//2574 2420//2420
f 2420//2420 2574//2574 2577//2577
f 2420//2420 2577//2577 2578//2578
f 2420//2420 2578//2578 2422//2422
f 2423//2423 2579//2579 2424//2424
f 2424//2424 2579//2579 2580//2580
f 2424//2424 2580//2580 2417//2417
f 2417//2417 2580//2580 2575//2575
f 2578//2578 2577//2577 2581//2581
f 2422//2422 2578//2578 2425//2425
f 2425//2425 2578//2578 2581//2581
f 2425//2425 2581//2581 2582//2582
f 2582//2582 2581//2581 2583//2583
f 2425//2425 2582//2582 2427//2427
f 2430//2430 2584//2584 2431//2431
f 2431//2431 2584//2584 2432//2432
f 2432//2432 2584//2584 2585//2585
f 2432//2432 2585//2585 2586//2586
f 2432//2432 2586//2586 2433//2433
f 2433//2433 2586//2586 2587//2587
f 2433//2433 2587//2587 2423//2423
f 2423//2423 2587//2587 2579//2579
f 2582//2582 2583//2583 2588//2588
f 2427//2427 2582//2582 2434//2434
f 2434//2434 2582//2582 2588//2588
f 2434//2434 2588//2588 2589//2589
f 2434//2434 2589//2589 2435//2435
f 2435//2435 2589//2589 2590//2590
f 2435//2435 2590//2590 2436//2436
f 2436//2436 2590//2590 2591//2591
f 2436//2436 2591//2591 2430//2430
f 2430//2430 2591//2591 2592//2592
f 2430//2430 2592//2592 2584//2584
f 2584//2584 2592//2592 2585//2585
f 2437//2437 2438//2438 2593//2593
f 2593//2593 2438//2438 2594//2594
f 2438//2438 2439//2439 2594//2594
f 2594//2594 2439//2439 2595//2595
f 2439//2439 2440//2440 2595//2595
f 2595//2595 2440//2440 2596//2596
f 2440//2440 2441//2441 2596//2596
f 2596//2596 2441//2441 2597//2597
f 2441//2441 2442//2442 2597//2597
f 2597//2597 2442//2442 2598//2598
f 2597//2597 2598//2598 2599//2599
f 2598//2598 2600//2600 2599//2599
f 2443//2443 2444//2444 2601//2601
f 2601//2601 2444//2444 2602//2602
f 2444//2444 2437//2437 2602//2602
f 2602//2602 2437//2437 2593//2593
f 2442//2442 2445//2445 2598//2598
f 2445//2445 2447//2447 2598//2598
f 2598//2598 2447//2447 2603//2603
f 2598//2598 2603//2603 2600//2600
f 2447//2447 2448//2448 2603//2603
f 2603//2603 2448//2448 2604//2604
f 2449//2449 2443//2443 2605//2605
f 2605//2605 2443//2443 2601//2601
f 2450//2450 2606//2606 2448//2448
f 2448//2448 2606//2606 2604//2604
f 2451//2451 2449//2449 2607//2607
f 2607//2607 2449//2449 2605//2605
f 2452//2452 2608//2608 2450//2450
f 2450//2450 2608//2608 2606//2606
f 2453//2453 2451//2451 2609//2609
f 2609//2609 2451//2451 2607//2607
f 2454//2454 2610//2610 2452//2452
f 2452//2452 2610//2610 2608//2608
f 2453//2453 2609//2609 2456//2456
f 2456//2456 2609//2609 2611//2611
f 2456//2456 2611//2611 2457//2457
f 2457//2457 2611//2611 2612//2612
f 2458//2458 2613//2613 2454//2454
f 2454//2454 2613//2613 2610//2610
f 2457//2457 2612//2612 2459//2459
f 2459//2459 2612//2612 2614//2614
f 2459//2459 2614//2614 2460//2460
f 2460//2460 2614//2614 2615//2615
f 2461//2461 2616//2616 2462//2462
f 2462//2462 2616//2616 2617//2617
f 2462//2462 2617//2617 2458//2458
f 2458//2458 2617//2617 2613//2613
f 2460//2460 2615//2615 2463//2463
f 2463//2463 2615//2615 2618//2618
f 2463//2463 2618//2618 2464//2464
f 2464//2464 2618//2618 2619//2619
f 2464//2464 2619//2619 2465//2465
f 2465//2465 2619//2619 2620//2620
f 2465//2465 2620//2620 2466//2466
f 2466//2466 2620//2620 2621//2621
f 2466//2466 2621//2621 2461//2461
f 2461//2461 2621//2621 2616//2616
f 2467//2467 2468//2468 2622//2622
f 2468//2468 2469//2469 2622//2622
f 2622//2622 2469//2469 2623//2623
f 2469//2469 2471//2471 2623//2623
f 2474//2474 2473//2473 2624//2624
f 2624//2624 2473//2473 2625//2625
f 2473//2473 2475//2475 2625//2625
f 2625//2625 2475//2475 2626//2626
f 2475//2475 2476//2476 2626//2626
f 2626//2626 2476//2476 2627//2627
f 2476//2476 2467//2467 2627//2627
f 2627//2627 2467//2467 2622//2622
f 2627//2627 2622//2622 2628//2628
f 2622//2622 2623//2623 2628//2628
f 2628//2628 2623//2623 2629//2629
f 2471//2471 2477//2477 2623//2623
f 2623//2623 2477//2477 2630//2630
f 2623//2623 2630//2630 2629//2629
f 2629//2629 2630//2630 2631//2631
f 2477//2477 2478//2478 2630//2630
f 2630//2630 2478//2478 2632//2632
f 2478//2478 2479//2479 2632//2632
f 2632//2632 2479//2479 2633//2633
f 2632//2632 2633//2633 2634//2634
f 2479//2479 2480//2480 2633//2633
f 2633//2633 2480//2480 2635//2635
f 2480//2480 2481//2481 2635//2635
f 2635//2635 2481//2481 2636//2636
f 2481//2481 2482//2482 2636//2636
f 2636//2636 2482//2482 2637//2637
f 2482//2482 2484//2484 2637//2637
f 2637//2637 2484//2484 2638//2638
f 2487//2487 2486//2486 2639//2639
f 2639//2639 2486//2486 2640//2640
f 2486//2486 2488//2488 2640//2640
f 2640//2640 2488//2488 2641//2641
f 2488//2488 2474//2474 2641//2641
f 2641//2641 2474//2474 2624//2624
f 2630//2630 2642//2642 2631//2631
f 2630//2630 2632//2632 2642//2642
f 2642//2642 2632//2632 2643//2643
f 2632//2632 2634//2634 2643//2643
f 2484//2484 2489//2489 2638//2638
f 2638//2638 2489//2489 2644//2644
f 2489//2489 2491//2491 2644//2644
f 2644//2644 2491//2491 2645//2645
f 2646//2646 2647//2647 2648//2648
f 2492//2492 2493//2493 2646//2646
f 2646//2646 2493//2493 2649//2649
f 2646//2646 2649//2649 2647//2647
f 2493//2493 2487//2487 2649//2649
f 2649//2649 2487//2487 2639//2639
f 2495//2495 2650//2650 2491//2491
f 2491//2491 2650//2650 2645//2645
f 2498//2498 2497//2497 2651//2651
f 2651//2651 2497//2497 2652//2652
f 2497//2497 2499//2499 2652//2652
f 2652//2652 2499//2499 2646//2646
f 2652//2652 2646//2646 2648//2648
f 2499//2499 2492//2492 2646//2646
f 2653//2653 2654//2654 2655//2655
f 2653//2653 2655//2655 2656//2656
f 2656//2656 2655//2655 2657//2657
f 2656//2656 2657//2657 2658//2658
f 2659//2659 2660//2660 2661//2661
f 2500//2500 2659//2659 2495//2495
f 2495//2495 2659//2659 2661//2661
f 2495//2495 2661//2661 2650//2650
f 2503//2503 2502//2502 2662//2662
f 2662//2662 2502//2502 2663//2663
f 2502//2502 2498//2498 2663//2663
f 2663//2663 2498//2498 2651//2651
f 2653//2653 2664//2664 2654//2654
f 2654//2654 2664//2664 2665//2665
f 2653//2653 2656//2656 2664//2664
f 2664//2664 2656//2656 2666//2666
f 2656//2656 2658//2658 2666//2666
f 2666//2666 2658//2658 2667//2667
f 2666//2666 2667//2667 2668//2668
f 2668//2668 2667//2667 2669//2669
f 2669//2669 2667//2667 2670//2670
f 2669//2669 2670//2670 2671//2671
f 2671//2671 2670//2670 2672//2672
f 2505//2505 2671//2671 2506//2506
f 2506//2506 2671//2671 2672//2672
f 2506//2506 2672//2672 2673//2673
f 2506//2506 2673//2673 2508//2508
f 2508//2508 2673//2673 2660//2660
f 2508//2508 2660//2660 2659//2659
f 2508//2508 2659//2659 2500//2500
f 2674//2674 2675//2675 2676//2676
f 2509//2509 2503//2503 2674//2674
f 2674//2674 2503//2503 2662//2662
f 2674//2674 2662//2662 2675//2675
f 2664//2664 2677//2677 2665//2665
f 2665//2665 2677//2677 2678//2678
f 2664//2664 2666//2666 2677//2677
f 2677//2677 2666//2666 2679//2679
f 2511//2511 2679//2679 2512//2512
f 2512//2512 2679//2679 2666//2666
f 2512//2512 2666//2666 2668//2668
f 2512//2512 2668//2668 2514//2514
f 2514//2514 2668//2668 2669//2669
f 2514//2514 2669//2669 2516//2516
f 2516//2516 2669//2669 2671//2671
f 2516//2516 2671//2671 2505//2505
f 2519//2519 2518//2518 2680//2680
f 2680//2680 2518//2518 2674//2674
f 2680//2680 2674//2674 2676//2676
f 2518//2518 2509//2509 2674//2674
f 2677//2677 2681//2681 2678//2678
f 2677//2677 2679//2679 2681//2681
f 2681//2681 2679//2679 2682//2682
f 2681//2681 2682//2682 2683//2683
f 2521//2521 2682//2682 2511//2511
f 2511//2511 2682//2682 2679//2679
f 2525//2525 2519//2519 2684//2684
f 2684//2684 2519//2519 2680//2680
f 2682//2682 2685//2685 2683//2683
f 2521//2521 2526//2526 2682//2682
f 2682//2682 2526//2526 2686//2686
f 2682//2682 2686//2686 2685//2685
f 2685//2685 2686//2686 2687//2687
f 2526//2526 2527//2527 2686//2686
f 2686//2686 2527//2527 2688//2688
f 2527//2527 2529//2529 2688//2688
f 2533//2533 2532//2532 2689//2689
f 2532//2532 2534//2534 2689//2689
f 2689//2689 2534//2534 2690//2690
f 2534//2534 2535//2535 2690//2690
f 2690//2690 2535//2535 2691//2691
f 2535//2535 2536//2536 2691//2691
f 2691//2691 2536//2536 2692//2692
f 2536//2536 2537//2537 2692//2692
f 2692//2692 2537//2537 2693//2693
f 2538//2538 2525//2525 2694//2694
f 2694//2694 2525//2525 2684//2684
f 2686//2686 2695//2695 2687//2687
f 2686//2686 2688//2688 2695//2695
f 2695//2695 2688//2688 2696//2696
f 2529//2529 2539//2539 2688//2688
f 2688//2688 2539//2539 2697//2697
f 2688//2688 2697//2697 2696//2696
f 2696//2696 2697//2697 2698//2698
f 2539//2539 2540//2540 2697//2697
f 2697//2697 2540//2540 2699//2699
f 2540//2540 2541//2541 2699//2699
f 2699//2699 2541//2541 2700//2700
f 2699//2699 2700//2700 2701//2701
f 2541//2541 2533//2533 2700//2700
f 2700//2700 2533//2533 2689//2689
f 2700//2700 2689//2689 2702//2702
f 2689//2689 2690//2690 2702//2702
f 2702//2702 2690//2690 2703//2703
f 2690//2690 2691//2691 2703//2703
f 2703//2703 2691//2691 2704//2704
f 2691//2691 2692//2692 2704//2704
f 2704//2704 2692//2692 2705//2705
f 2692//2692 2693//2693 2705//2705
f 2705//2705 2693//2693 2706//2706
f 2542//2542 2538//2538 2707//2707
f 2707//2707 2538//2538 2694//2694
f 2697//2697 2708//2708 2698//2698
f 2697//2697 2699//2699 2708//2708
f 2708//2708 2699//2699 2709//2709
f 2699//2699 2701//2701 2709//2709
f 2543//2543 2542//2542 2710//2710
f 2710//2710 2542//2542 2707//2707
f 2546//2546 2543//2543 2711//2711
f 2711//2711 2543//2543 2710//2710
f 2546//2546 2711//2711 2547//2547
f 2547//2547 2711//2711 2712//2712
f 2547//2547 2712//2712 2549//2549
f 2549//2549 2712//2712 2713//2713
f 2714//2714 2715//2715 2716//2716
f 2551//2551 2714//2714 2552//2552
f 2552//2552 2714//2714 2716//2716
f 2552//2552 2716//2716 2717//2717
f 2552//2552 2717//2717 2553//2553
f 2553//2553 2717//2717 2718//2718
f 2553//2553 2718//2718 2719//2719
f 2719//2719 2718//2718 2720//2720
f 2549//2549 2713//2713 2554//2554
f 2554//2554 2713//2713 2721//2721
f 2554//2554 2721//2721 2722//2722
f 2554//2554 2722//2722 2555//2555
f 2555//2555 2722//2722 2723//2723
f 2555//2555 2723//2723 2556//2556
f 2558//2558 2724//2724 2559//2559
f 2559//2559 2724//2724 2725//2725
f 2559//2559 2725//2725 2560//2560
f 2560//2560 2725//2725 2726//2726
f 2560//2560 2726//2726 2561//2561
f 2561//2561 2726//2726 2727//2727
f 2561//2561 2727//2727 2562//2562
f 2562//2562 2727//2727 2728//2728
f 2562//2562 2728//2728 2563//2563
f 2563//2563 2728//2728 2729//2729
f 2563//2563 2729//2729 2564//2564
f 2564//2564 2729//2729 2730//2730
f 2564//2564 2730//2730 2565//2565
f 2565//2565 2730//2730 2715//2715
f 2565//2565 2715//2715 2714//2714
f 2565//2565 2714//2714 2551//2551
f 2553//2553 2719//2719 2566//2566
f 2566//2566 2719//2719 2567//2567
f 2567//2567 2719//2719 2720//2720
f 2567//2567 2720//2720 2731//2731
f 2722//2722 2721//2721 2732//2732
f 2722//2722 2732//2732 2723//2723
f 2723//2723 2732//2732 2733//2733
f 2556//2556 2723//2723 2568//2568
f 2568//2568 2723//2723 2733//2733
f 2568//2568 2733//2733 2734//2734
f 2568//2568 2734//2734 2558//2558
f 2558//2558 2734//2734 2724//2724
f 2569//2569 2567//2567 2735//2735
f 2735//2735 2567//2567 2731//2731
f 2570//2570 2569//2569 2736//2736
f 2736//2736 2569//2569 2735//2735
f 2572//2572 2737//2737 2573//2573
f 2573//2573 2737//2737 2738//2738
f 2574//2574 2570//2570 2739//2739
f 2739//2739 2570//2570 2736//2736
f 2740//2740 2741//2741 2742//2742
f 2575//2575 2740//2740 2576//2576
f 2576//2576 2740//2740 2742//2742
f 2576//2576 2742//2742 2743//2743
f 2576//2576 2743//2743 2572//2572
f 2572//2572 2743//2743 2737//2737
f 2577//2577 2574//2574 2744//2744
f 2744//2744 2574//2574 2739//2739
f 2745//2745 2746//2746 2747//2747
f 2579//2579 2745//2745 2580//2580
f 2580//2580 2745//2745 2747//2747
f 2580//2580 2747//2747 2740//2740
f 2740//2740 2747//2747 2741//2741
f 2580//2580 2740//2740 2575//2575
f 2577//2577 2744//2744 2581//2581
f 2581//2581 2744//2744 2748//2748
f 2581//2581 2748//2748 2749//2749
f 2581//2581 2749//2749 2583//2583
f 2585//2585 2750//2750 2586//2586
f 2586//2586 2750//2750 2751//2751
f 2586//2586 2751//2751 2587//2587
f 2587//2587 2751//2751 2746//2746
f 2587//2587 2746//2746 2745//2745
f 2587//2587 2745//2745 2579//2579
f 2749//2749 2748//2748 2752//2752
f 2583//2583 2749//2749 2588//2588
f 2588//2588 2749//2749 2752//2752
f 2588//2588 2752//2752 2753//2753
f 2588//2588 2753//2753 2589//2589
f 2589//2589 2753//2753 2754//2754
f 2589//2589 2754//2754 2590//2590
f 2590//2590 2754//2754 2755//2755
f 2590//2590 2755//2755 2591//2591
f 2591//2591 2755//2755 2756//2756
f 2591//2591 2756//2756 2592//2592
f 2592//2592 2756//2756 2757//2757
f 2592//2592 2757//2757 2585//2585
f 2585//2585 2757//2757 2750//2750
f 2593//2593 2594//2594 2758//2758
f 2758//2758 2594//2594 2759//2759
f 2594//2594 2595//2595 2759//2759
f 2759//2759 2595//2595 2760//2760
f 2595//2595 2596//2596 2760//2760
f 2760//2760 2596//2596 2761//2761
f 2596//2596 2597//2597 2761//2761
f 2761//2761 2597//2597 2762//2762
f 2597//2597 2599//2599 2762//2762
f 2762//2762 2599//2599 2763//2763
f 2599//2599 2600//2600 2763//2763
f 2763//2763 2600//2600 2764//2764
f 2601//2601 2602//2602 2765//2765
f 2765//2765 2602//2602 2766//2766
f 2602//2602 2593//2593 2766//2766
f 2766//2766 2593//2593 2758//2758
f 2600//2600 2603//2603 2764//2764
f 2764//2764 2603//2603 2767//2767
f 2603//2603 2604//2604 2767//2767
f 2767//2767 2604//2604 2768//2768
f 2605//2605 2601//2601 2769//2769
f 2769//2769 2601//2601 2765//2765
f 2606//2606 2770//2770 2604//2604
f 2604//2604 2770//2770 2768//2768
f 2607//2607 2605//2605 2771//2771
f 2771//2771 2605//2605 2769//2769
f 2608//2608 2772//2772 2606//2606
f 2606//2606 2772//2772 2773//2773
f 2606//2606 2773//2773 2770//2770
f 2772//2772 2774//2774 2773//2773
f 2609//2609 2607//2607 2775//2775
f 2775//2775 2607//2607 2771//2771
f 2610//2610 2776//2776 2608//2608
f 2608//2608 2776//2776 2777//2777
f 2608//2608 2777//2777 2772//2772
f 2772//2772 2777//2777 2774//2774
f 2609//2609 2775//2775 2611//2611
f 2611//2611 2775//2775 2778//2778
f 2611//2611 2778//2778 2612//2612
f 2612//2612 2778//2778 2779//2779
f 2613//2613 2780//2780 2610//2610
f 2610//2610 2780//2780 2776//2776
f 2612//2612 2779//2779 2614//2614
f 2614//2614 2779//2779 2781//2781
f 2614//2614 2781//2781 2615//2615
f 2615//2615 2781//2781 2782//2782
f 2615//2615 2782//2782 2783//2783
f 2783//2783 2782//2782 2784//2784
f 2785//2785 2786//2786 2787//2787
f 2616//2616 2785//2785 2617//2617
f 2617//2617 2785//2785 2787//2787
f 2617//2617 2787//2787 2788//2788
f 2617//2617 2788//2788 2613//2613
f 2613//2613 2788//2788 2780//2780
f 2615//2615 2783//2783 2618//2618
f 2618//2618 2783//2783 2619//2619
f 2619//2619 2783//2783 2784//2784
f 2619//2619 2784//2784 2789//2789
f 2619//2619 2789//2789 2620//2620
f 2620//2620 2789//2789 2790//2790
f 2620//2620 2790//2790 2621//2621
f 2621//2621 2790//2790 2786//2786
f 2621//2621 2786//2786 2785//2785
f 2621//2621 2785//2785 2616//2616
f 2624//2624 2625//2625 2791//2791
f 2625//2625 2626//2626 2791//2791
f 2791//2791 2626//2626 2792//2792
f 2626//2626 2627//2627 2792//2792
f 2792//2792 2627//2627 2793//2793
f 2627//2627 2628//2628 2793//2793
f 2793//2793 2628//2628 2794//2794
f 2628//2628 2629//2629 2794//2794
f 2794//2794 2629//2629 2795//2795
f 2629//2629 2631//2631 2795//2795
f 2634//2634 2633//2633 2796//2796
f 2633//2633 2635//2635 2796//2796
f 2796//2796 2635//2635 2797//2797
f 2796//2796 2797//2797 2798//2798
f 2635//2635 2636//2636 2797//2797
f 2797//2797 2636//2636 2799//2799
f 2636//2636 2637//2637 2799//2799
f 2799//2799 2637//2637 2800//2800
f 2799//2799 2800//2800 2801//2801
f 2637//2637 2638//2638 2800//2800
f 2639//2639 2640//2640 2802//2802
f 2802//2802 2640//2640 2803//2803
f 2640//2640 2641//2641 2803//2803
f 2803//2803 2641//2641 2804//2804
f 2641//2641 2624//2624 2804//2804
f 2804//2804 2624//2624 2791//2791
f 2804//2804 2791//2791 2805//2805
f 2791//2791 2792//2792 2805//2805
f 2805//2805 2792//2792 2806//2806
f 2792//2792 2793//2793 2806//2806
f 2806//2806 2793//2793 2807//2807
f 2793//2793 2794//2794 2807//2807
f 2807//2807 2794//2794 2808//2808
f 2794//2794 2795//2795 2808//2808
f 2808//2808 2795//2795 2809//2809
f 2808//2808 2809//2809 2810//2810
f 2631//2631 2642//2642 2795//2795
f 2795//2795 2642//2642 2811//2811
f 2795//2795 2811//2811 2809//2809
f 2642//2642 2643//2643 2811//2811
f 2811//2811 2643//2643 2812//2812
f 2643//2643 2634//2634 2812//2812
f 2812//2812 2634//2634 2796//2796
f 2812//2812 2796//2796 2813//2813
f 2813//2813 2796//2796 2814//2814
f 2796//2796 2798//2798 2814//2814
f 2800//2800 2815//2815 2801//2801
f 2638//2638 2644//2644 2800//2800
f 2800//2800 2644//2644 2816//2816
f 2800//2800 2816//2816 2815//2815
f 2815//2815 2816//2816 2817//2817
f 2644//2644 2645//2645 2816//2816
f 2648//2648 2647//2647 2818//2818
f 2818//2818 2647//2647 2819//2819
f 2647//2647 2649//2649 2819//2819
f 2819//2819 2649//2649 2820//2820
f 2649//2649 2639//2639 2820//2820
f 2820//2820 2639//2639 2802//2802
f 2809//2809 2821//2821 2810//2810
f 2810//2810 2821//2821 2822//2822
f 2809//2809 2811//2811 2821//2821
f 2821//2821 2811//2811 2823//2823
f 2811//2811 2812//2812 2823//2823
f 2823//2823 2812//2812 2824//2824
f 2812//2812 2813//2813 2824//2824
f 2824//2824 2813//2813 2825//2825
f 2816//2816 2826//2826 2817//2817
f 2817//2817 2826//2826 2827//2827
f 2650//2650 2826//2826 2645//2645
f 2645//2645 2826//2826 2816//2816
f 2828//2828 2829//2829 2830//2830
f 2651//2651 2652//2652 2828//2828
f 2828//2828 2652//2652 2831//2831
f 2828//2828 2831//2831 2829//2829
f 2652//2652 2648//2648 2831//2831
f 2831//2831 2648//2648 2818//2818
f 2832//2832 2833//2833 2834//2834
f 2832//2832 2834//2834 2835//2835
f 2835//2835 2834//2834 2822//2822
f 2835//2835 2822//2822 2821//2821
f 2654//2654 2835//2835 2655//2655
f 2655//2655 2835//2835 2821//2821
f 2655//2655 2821//2821 2823//2823
f 2655//2655 2823//2823 2657//2657
f 2657//2657 2823//2823 2824//2824
f 2657//2657 2824//2824 2658//2658
f 2658//2658 2824//2824 2825//2825
f 2658//2658 2825//2825 2836//2836
f 2660//2660 2837//2837 2661//2661
f 2661//2661 2837//2837 2827//2827
f 2661//2661 2827//2827 2826//2826
f 2661//2661 2826//2826 2650//2650
f 2662//2662 2663//2663 2838//2838
f 2838//2838 2663//2663 2828//2828
f 2838//2838 2828//2828 2830//2830
f 2663//2663 2651//2651 2828//2828
f 2832//2832 2839//2839 2833//2833
f 2833//2833 2839//2839 2840//2840
f 2832//2832 2835//2835 2839//2839
f 2839//2839 2835//2835 2841//2841
f 2665//2665 2841//2841 2654//2654
f 2654//2654 2841//2841 2835//2835
f 2658//2658 2836//2836 2667//2667
f 2667//2667 2836//2836 2842//2842
f 2667//2667 2842//2842 2670//2670
f 2670//2670 2842//2842 2843//2843
f 2670//2670 2843//2843 2844//2844
f 2670//2670 2844//2844 2672//2672
f 2672//2672 2844//2844 2845//2845
f 2672//2672 2845//2845 2846//2846
f 2672//2672 2846//2846 2673//2673
f 2673//2673 2846//2846 2847//2847
f 2673//2673 2847//2847 2660//2660
f 2660//2660 2847//2847 2837//2837
f 2676//2676 2675//2675 2848//2848
f 2848//2848 2675//2675 2849//2849
f 2675//2675 2662//2662 2849//2849
f 2849//2849 2662//2662 2838//2838
f 2839//2839 2850//2850 2840//2840
f 2840//2840 2850//2850 2851//2851
f 2839//2839 2841//2841 2850//2850
f 2850//2850 2841//2841 2852//2852
f 2678//2678 2852//2852 2665//2665
f 2665//2665 2852//2852 2841//2841
f 2844//2844 2843//2843 2853//2853
f 2844//2844 2853//2853 2845//2845
f 2680//2680 2676//2676 2854//2854
f 2854//2854 2676//2676 2848//2848
f 2850//2850 2855//2855 2851//2851
f 2850//2850 2852//2852 2855//2855
f 2855//2855 2852//2852 2856//2856
f 2855//2855 2856//2856 2857//2857
f 2678//2678 2681//2681 2852//2852
f 2852//2852 2681//2681 2858//2858
f 2852//2852 2858//2858 2856//2856
f 2681//2681 2683//2683 2858//2858
f 2684//2684 2680//2680 2859//2859
f 2859//2859 2680//2680 2854//2854
f 2856//2856 2860//2860 2857//2857
f 2856//2856 2858//2858 2860//2860
f 2860//2860 2858//2858 2861//2861
f 2860//2860 2861//2861 2862//2862
f 2683//2683 2685//2685 2858//2858
f 2858//2858 2685//2685 2863//2863
f 2858//2858 2863//2863 2861//2861
f 2685//2685 2687//2687 2863//2863
f 2694//2694 2684//2684 2864//2864
f 2864//2864 2684//2684 2859//2859
f 2861//2861 2865//2865 2862//2862
f 2861//2861 2863//2863 2865//2865
f 2865//2865 2863//2863 2866//2866
f 2865//2865 2866//2866 2867//2867
f 2687//2687 2695//2695 2863//2863
f 2863//2863 2695//2695 2868//2868
f 2863//2863 2868//2868 2866//2866
f 2695//2695 2696//2696 2868//2868
f 2868//2868 2696//2696 2869//2869
f 2696//2696 2698//2698 2869//2869
f 2701//2701 2700//2700 2870//2870
f 2700//2700 2702//2702 2870//2870
f 2870//2870 2702//2702 2871//2871
f 2702//2702 2703//2703 2871//2871
f 2871//2871 2703//2703 2872//2872
f 2703//2703 2704//2704 2872//2872
f 2872//2872 2704//2704 2873//2873
f 2704//2704 2705//2705 2873//2873
f 2873//2873 2705//2705 2874//2874
f 2705//2705 2706//2706 2874//2874
f 2874//2874 2706//2706 2875//2875
f 2707//2707 2694//2694 2876//2876
f 2876//2876 2694//2694 2864//2864
f 2866//2866 2877//2877 2867//2867
f 2867//2867 2877//2877 2878//2878
f 2866//2866 2868//2868 2877//2877
f 2877//2877 2868//2868 2879//2879
f 2868//2868 2869//2869 2879//2879
f 2879//2879 2869//2869 2880//2880
f 2698//2698 2708//2708 2869//2869
f 2869//2869 2708//2708 2881//2881
f 2869//2869 2881//2881 2880//2880
f 2880//2880 2881//2881 2882//2882
f 2708//2708 2709//2709 2881//2881
f 2881//2881 2709//2709 2883//2883
f 2709//2709 2701//2701 2883//2883
f 2883//2883 2701//2701 2870//2870
f 2883//2883 2870//2870 2884//2884
f 2870//2870 2871//2871 2884//2884
f 2884//2884 2871//2871 2885//2885
f 2871//2871 2872//2872 2885//2885
f 2885//2885 2872//2872 2886//2886
f 2872//2872 2873//2873 2886//2886
f 2886//2886 2873//2873 2887//2887
f 2873//2873 2874//2874 2887//2887
f 2887//2887 2874//2874 2888//2888
f 2887//2887 2888//2888 2889//2889
f 2874//2874 2875//2875 2888//2888
f 2888//2888 2875//2875 2890//2890
f 2710//2710 2707//2707 2891//2891
f 2891//2891 2707//2707 2876//2876
f 2892//2892 2893//2893 2894//2894
f 2892//2892 2894//2894 2895//2895
f 2895//2895 2894//2894 2878//2878
f 2895//2895 2878//2878 2896//2896
f 2896//2896 2878//2878 2877//2877
f 2877//2877 2879//2879 2896//2896
f 2896//2896 2879//2879 2897//2897
f 2879//2879 2880//2880 2897//2897
f 2897//2897 2880//2880 2898//2898
f 2880//2880 2882//2882 2898//2898
f 2888//2888 2899//2899 2889//2889
f 2888//2888 2890//2890 2899//2899
f 2899//2899 2890//2890 2900//2900
f 2711//2711 2710//2710 2901//2901
f 2901//2901 2710//2710 2891//2891
f 2902//2902 2903//2903 2904//2904
f 2902//2902 2904//2904 2905//2905
f 2905//2905 2904//2904 2893//2893
f 2905//2905 2893//2893 2892//2892
f 2892//2892 2895//2895 2905//2905
f 2905//2905 2895//2895 2906//2906
f 2711//2711 2901//2901 2712//2712
f 2712//2712 2901//2901 2907//2907
f 2712//2712 2907//2907 2908//2908
f 2712//2712 2908//2908 2713//2713
f 2909//2909 2910//2910 2911//2911
f 2715//2715 2909//2909 2716//2716
f 2716//2716 2909//2909 2911//2911
f 2716//2716 2911//2911 2912//2912
f 2716//2716 2912//2912 2717//2717
f 2717//2717 2912//2912 2903//2903
f 2717//2717 2903//2903 2902//2902
f 2717//2717 2902//2902 2718//2718
f 2718//2718 2902//2902 2905//2905
f 2718//2718 2905//2905 2720//2720
f 2720//2720 2905//2905 2906//2906
f 2720//2720 2906//2906 2913//2913
f 2908//2908 2907//2907 2914//2914
f 2721//2721 2713//2713 2915//2915
f 2915//2915 2713//2713 2908//2908
f 2915//2915 2908//2908 2914//2914
f 2724//2724 2916//2916 2725//2725
f 2725//2725 2916//2916 2917//2917
f 2725//2725 2917//2917 2726//2726
f 2726//2726 2917//2917 2918//2918
f 2726//2726 2918//2918 2727//2727
f 2727//2727 2918//2918 2919//2919
f 2727//2727 2919//2919 2728//2728
f 2728//2728 2919//2919 2920//2920
f 2728//2728 2920//2920 2729//2729
f 2729//2729 2920//2920 2921//2921
f 2729//2729 2921//2921 2730//2730
f 2730//2730 2921//2921 2910//2910
f 2730//2730 2910//2910 2909//2909
f 2730//2730 2909//2909 2715//2715
f 2731//2731 2720//2720 2922//2922
f 2922//2922 2720//2720 2913//2913
f 2721//2721 2915//2915 2732//2732
f 2732//2732 2915//2915 2923//2923
f 2732//2732 2923//2923 2733//2733
f 2733//2733 2923//2923 2924//2924
f 2733//2733 2924//2924 2734//2734
f 2734//2734 2924//2924 2925//2925
f 2734//2734 2925//2925 2724//2724
f 2724//2724 2925//2925 2916//2916
f 2926//2926 2927//2927 2928//2928
f 2735//2735 2731//2731 2926//2926
f 2926//2926 2731//2731 2922//2922
f 2926//2926 2922//2922 2927//2927
f 2929//2929 2930//2930 2931//2931
f 2926//2926 2928//2928 2932//2932
f 2932//2932 2928//2928 2933//2933
f 2736//2736 2735//2735 2932//2932
f 2932//2932 2735//2735 2926//2926
f 2934//2934 2935//2935 2936//2936
f 2737//2737 2934//2934 2738//2738
f 2738//2738 2934//2934 2936//2936
f 2738//2738 2936//2936 2929//2929
f 2929//2929 2936//2936 2930//2930
f 2932//2932 2933//2933 2937//2937
f 2937//2937 2933//2933 2938//2938
f 2739//2739 2736//2736 2937//2937
f 2937//2937 2736//2736 2932//2932
f 2741//2741 2939//2939 2742//2742
f 2742//2742 2939//2939 2940//2940
f 2742//2742 2940//2940 2743//2743
f 2743//2743 2940//2940 2935//2935
f 2743//2743 2935//2935 2934//2934
f 2743//2743 2934//2934 2737//2737
f 2937//2937 2938//2938 2941//2941
f 2941//2941 2938//2938 2942//2942
f 2744//2744 2739//2739 2941//2941
f 2941//2941 2739//2739 2937//2937
f 2746//2746 2943//2943 2747//2747
f 2747//2747 2943//2943 2944//2944
f 2747//2747 2944//2944 2741//2741
f 2741//2741 2944//2944 2939//2939
f 2941//2941 2942//2942 2945//2945
f 2945//2945 2942//2942 2946//2946
f 2748//2748 2744//2744 2945//2945
f 2945//2945 2744//2744 2941//2941
f 2750//2750 2947//2947 2751//2751
f 2751//2751 2947//2947 2948//2948
f 2751//2751 2948//2948 2746//2746
f 2746//2746 2948//2948 2943//2943
f 2945//2945 2946//2946 2949//2949
f 2748//2748 2945//2945 2752//2752
f 2752//2752 2945//2945 2949//2949
f 2752//2752 2949//2949 2950//2950
f 2752//2752 2950//2950 2753//2753
f 2753//2753 2950//2950 2951//2951
f 2753//2753 2951//2951 2952//2952
f 2753//2753 2952//2952 2754//2754
f 2754//2754 2952//2952 2953//2953
f 2754//2754 2953//2953 2755//2755
f 2755//2755 2953//2953 2954//2954
f 2755//2755 2954//2954 2756//2756
f 2756//2756 2954//2954 2955//2955
f 2756//2756 2955//2955 2956//2956
f 2756//2756 2956//2956 2757//2757
f 2757//2757 2956//2956 2957//2957
f 2757//2757 2957//2957 2750//2750
f 2750//2750 2957//2957 2947//2947
f 2952//2952 2951//2951 2958//2958
f 2952//2952 2958//2958 2953//2953
f 2953//2953 2958//2958 2959//2959
f 2953//2953 2959//2959 2954//2954
f 2954//2954 2959//2959 2960//2960
f 2954//2954 2960//2960 2955//2955
f 2758//2758 2759//2759 2961//2961
f 2961//2961 2759//2759 2962//2962
f 2759//2759 2760//2760 2962//2962
f 2962//2962 2760//2760 2963//2963
f 2760//2760 2761//2761 2963//2963
f 2963//2963 2761//2761 2964//2964
f 2761//2761 2762//2762 2964//2964
f 2964//2964 2762//2762 2965//2965
f 2762//2762 2763//2763 2965//2965
f 2965//2965 2763//2763 2966//2966
f 2763//2763 2764//2764 2966//2966
f 2966//2966 2764//2764 2967//2967
f 2765//2765 2766//2766 2968//2968
f 2766//2766 2758//2758 2968//2968
f 2968//2968 2758//2758 2961//2961
f 2968//2968 2961//2961 2969//2969
f 2764//2764 2767//2767 2967//2967
f 2967//2967 2767//2767 2970//2970
f 2767//2767 2768//2768 2970//2970
f 2970//2970 2768//2768 2971//2971
f 2769//2769 2765//2765 2972//2972
f 2972//2972 2765//2765 2968//2968
f 2972//2972 2968//2968 2973//2973
f 2968//2968 2969//2969 2973//2973
f 2770//2770 2974//2974 2768//2768
f 2768//2768 2974//2974 2975//2975
f 2768//2768 2975//2975 2971//2971
f 2974//2974 2976//2976 2975//2975
f 2771//2771 2769//2769 2977//2977
f 2977//2977 2769//2769 2972//2972
f 2770//2770 2773//2773 2974//2974
f 2773//2773 2774//2774 2974//2974
f 2974//2974 2774//2774 2978//2978
f 2974//2974 2978//2978 2976//2976
f 2775//2775 2771//2771 2979//2979
f 2979//2979 2771//2771 2977//2977
f 2979//2979 2977//2977 2980//2980
f 2979//2979 2980//2980 2981//2981
f 2776//2776 2982//2982 2777//2777
f 2777//2777 2982//2982 2983//2983
f 2777//2777 2983//2983 2774//2774
f 2774//2774 2983//2983 2978//2978
f 2775//2775 2979//2979 2778//2778
f 2778//2778 2979//2979 2779//2779
f 2779//2779 2979//2979 2981//2981
f 2779//2779 2981//2981 2984//2984
f 2985//2985 2986//2986 2987//2987
f 2780//2780 2985//2985 2776//2776
f 2776//2776 2985//2985 2987//2987
f 2776//2776 2987//2987 2982//2982
f 2779//2779 2984//2984 2781//2781
f 2781//2781 2984//2984 2988//2988
f 2781//2781 2988//2988 2782//2782
f 2782//2782 2988//2988 2989//2989
f 2782//2782 2989//2989 2784//2784
f 2784//2784 2989//2989 2990//2990
f 2786//2786 2991//2991 2787//2787
f 2787//2787 2991//2991 2992//2992
f 2787//2787 2992//2992 2788//2788
f 2788//2788 2992//2992 2986//2986
f 2788//2788 2986//2986 2985//2985
f 2788//2788 2985//2985 2780//2780
f 2784//2784 2990//2990 2789//2789
f 2789//2789 2990//2990 2993//2993
f 2789//2789 2993//2993 2790//2790
f 2790//2790 2993//2993 2994//2994
f 2790//2790 2994//2994 2786//2786
f 2786//2786 2994//2994 2991//2991
f 2798//2798 2797//2797 2995//2995
f 2797//2797 2799//2799 2995//2995
f 2995//2995 2799//2799 2996//2996
f 2799//2799 2801//2801 2996//2996
f 2802//2802 2803//2803 2997//2997
f 2803//2803 2804//2804 2997//2997
f 2997//2997 2804//2804 2998//2998
f 2804//2804 2805//2805 2998//2998
f 2998//2998 2805//2805 2999//2999
f 2805//2805 2806//2806 2999//2999
f 2999//2999 2806//2806 3000//3000
f 2806//2806 2807//2807 3000//3000
f 3000//3000 2807//2807 3001//3001
f 2807//2807 2808//2808 3001//3001
f 3001//3001 2808//2808 3002//3002
f 2808//2808 2810//2810 3002//3002
f 2813//2813 2814//2814 3003//3003
f 2814//2814 2798//2798 3003//3003
f 3003//3003 2798//2798 2995//2995
f 3003//3003 2995//2995 3004//3004
f 3004//3004 2995//2995 3005//3005
f 2995//2995 2996//2996 3005//3005
f 3005//3005 2996//2996 3006//3006
f 2801//2801 2815//2815 2996//2996
f 2996//2996 2815//2815 3007//3007
f 2996//2996 3007//3007 3006//3006
f 3006//3006 3007//3007 3008//3008
f 2815//2815 2817//2817 3007//3007
f 2818//2818 2819//2819 3009//3009
f 3009//3009 2819//2819 3010//3010
f 2819//2819 2820//2820 3010//3010
f 3010//3010 2820//2820 3011//3011
f 2820//2820 2802//2802 3011//3011
f 3011//3011 2802//2802 2997//2997
f 3011//3011 2997//2997 3012//3012
f 2997//2997 2998//2998 3012//3012
f 3012//3012 2998//2998 3013//3013
f 2998//2998 2999//2999 3013//3013
f 3013//3013 2999//2999 3014//3014
f 2999//2999 3000//3000 3014//3014
f 3014//3014 3000//3000 3015//3015
f 3000//3000 3001//3001 3015//3015
f 3015//3015 3001//3001 3016//3016
f 3015//3015 3016//3016 3017//3017
f 3001//3001 3002//3002 3016//3016
f 3016//3016 3002//3002 3018//3018
f 2822//2822 3018//3018 2810//2810
f 2810//2810 3018//3018 3002//3002
f 2825//2825 2813//2813 3019//3019
f 3019//3019 2813//2813 3003//3003
f 3019//3019 3003//3003 3020//3020
f 3003//3003 3004//3004 3020//3020
f 3007//3007 3021//3021 3008//3008
f 3008//3008 3021//3021 3022//3022
f 2827//2827 3021//3021 2817//2817
f 2817//2817 3021//3021 3007//3007
f 2830//2830 2829//2829 3023//3023
f 2829//2829 2831//2831 3023//3023
f 3023//3023 2831//2831 3024//3024
f 3023//3023 3024//3024 3025//3025
f 2831//2831 2818//2818 3024//3024
f 3024//3024 2818//2818 3009//3009
f 3016//3016 3026//3026 3017//3017
f 3017//3017 3026//3026 3027//3027
f 2833//2833 3026//3026 2834//2834
f 2834//2834 3026//3026 3016//3016
f 2834//2834 3016//3016 3018//3018
f 2834//2834 3018//3018 2822//2822
f 2836//2836 2825//2825 3028//3028
f 3028//3028 2825//2825 3019//3019
f 3021//3021 3029//3029 3022//3022
f 3022//3022 3029//3029 3030//3030
f 2837//2837 3029//3029 2827//2827
f 2827//2827 3029//3029 3021//3021
f 2838//2838 2830//2830 3031//3031
f 3031//3031 2830//2830 3023//3023
f 3031//3031 3023//3023 3032//3032
f 3023//3023 3025//3025 3032//3032
f 3026//3026 3033//3033 3027//3027
f 3027//3027 3033//3033 3034//3034
f 2840//2840 3033//3033 2833//2833
f 2833//2833 3033//3033 3026//3026
f 2836//2836 3028//3028 2842//2842
f 2842//2842 3028//3028 3035//3035
f 2842//2842 3035//3035 2843//2843
f 2843//2843 3035//3035 3036//3036
f 2845//2845 3037//3037 2846//2846
f 2846//2846 3037//3037 3038//3038
f 2846//2846 3038//3038 2847//2847
f 2847//2847 3038//3038 3030//3030
f 2847//2847 3030//3030 3029//3029
f 2847//2847 3029//3029 2837//2837
f 2848//2848 2849//2849 3039//3039
f 3039//3039 2849//2849 3040//3040
f 2849//2849 2838//2838 3040//3040
f 3040//3040 2838//2838 3031//3031
f 3033//3033 3041//3041 3034//3034
f 3034//3034 3041//3041 3042//3042
f 2851//2851 3041//3041 2840//2840
f 2840//2840 3041//3041 3033//3033
f 2843//2843 3036//3036 2853//2853
f 2853//2853 3036//3036 3043//3043
f 2853//2853 3043//3043 2845//2845
f 2845//2845 3043//3043 3037//3037
f 2854//2854 2848//2848 3044//3044
f 3044//3044 2848//2848 3039//3039
f 3041//3041 3045//3045 3042//3042
f 3042//3042 3045//3045 3046//3046
f 2851//2851 2855//2855 3041//3041
f 3041//3041 2855//2855 3047//3047
f 3041//3041 3047//3047 3045//3045
f 2855//2855 2857//2857 3047//3047
f 2859//2859 2854//2854 3048//3048
f 3048//3048 2854//2854 3044//3044
f 3045//3045 3049//3049 3046//3046
f 3045//3045 3047//3047 3049//3049
f 3049//3049 3047//3047 3050//3050
f 3049//3049 3050//3050 3051//3051
f 2857//2857 2860//2860 3047//3047
f 3047//3047 2860//2860 3052//3052
f 3047//3047 3052//3052 3050//3050
f 2860//2860 2862//2862 3052//3052
f 2864//2864 2859//2859 3053//3053
f 3053//3053 2859//2859 3048//3048
f 3050//3050 3054//3054 3051//3051
f 3050//3050 3052//3052 3054//3054
f 3054//3054 3052//3052 3055//3055
f 3054//3054 3055//3055 3056//3056
f 2862//2862 2865//2865 3052//3052
f 3052//3052 2865//2865 3057//3057
f 3052//3052 3057//3057 3055//3055
f 2865//2865 2867//2867 3057//3057
f 2876//2876 2864//2864 3058//3053
f 3058//3053 2864//2864 3053//3053
f 3055//3055 3059//3058 3056//3056
f 3056//3056 3059//3058 3060//3059
f 3055//3055 3057//3057 3059//3058
f 3059//3058 3057//3057 3061//3060
f 2878//2878 3061//3060 2867//2867
f 2867//2867 3061//3060 3057//3057
f 2882//2882 2881//2881 3062//3061
f 2881//2881 2883//2883 3062//3061
f 3062//3061 2883//2883 3063//3062
f 2883//2883 2884//2884 3063//3062
f 3063//3062 2884//2884 3064//3063
f 2884//2884 2885//2885 3064//3063
f 3064//3063 2885//2885 3065//3064
f 2885//2885 2886//2886 3065//3064
f 3065//3064 2886//2886 3066//3065
f 2886//2886 2887//2887 3066//3065
f 3066//3065 2887//2887 3067//3066
f 2887//2887 2889//2889 3067//3066
f 2891//2891 2876//2876 3068//3067
f 3068//3067 2876//2876 3058//3053
f 3059//3058 3069//3068 3060//3059
f 3060//3059 3069//3068 3070//3069
f 2893//2893 3069//3068 2894//2894
f 2894//2894 3069//3068 3059//3058
f 2894//2894 3059//3058 3061//3060
f 2894//2894 3061//3060 2878//2878
f 2895//2895 2896//2896 3071//3070
f 2896//2896 2897//2897 3071//3070
f 3071//3070 2897//2897 3072//3071
f 2897//2897 2898//2898 3072//3071
f 3072//3071 2898//2898 3073//3072
f 3072//3071 3073//3072 3074//3073
f 2898//2898 2882//2882 3073//3072
f 3073//3072 2882//2882 3062//3061
f 3073//3072 3062//3061 3075//3074
f 3062//3061 3063//3062 3075//3074
f 3075//3074 3063//3062 3076//3075
f 3063//3062 3064//3063 3076//3075
f 3076//3075 3064//3063 3077//3076
f 3064//3063 3065//3064 3077//3076
f 3077//3076 3065//3064 3078//3077
f 3065//3064 3066//3065 3078//3077
f 3078//3077 3066//3065 3079//3078
f 3066//3065 3067//3066 3079//3078
f 3079//3078 3067//3066 3080//3079
f 3079//3078 3080//3079 3081//3080
f 2889//2889 2899//2899 3067//3066
f 3067//3066 2899//2899 3082//3081
f 3067//3066 3082//3081 3080//3079
f 2899//2899 2900//2900 3082//3081
f 3082//3081 2900//2900 3083//3082
f 2901//2901 2891//2891 3084//3083
f 3084//3083 2891//2891 3068//3067
f 3085//3084 3086//3085 3087//3086
f 2903//2903 3085//3084 2904//2904
f 2904//2904 3085//3084 3087//3086
f 2904//2904 3087//3086 3069//3068
f 3069//3068 3087//3086 3070//3069
f 2904//2904 3069//3068 2893//2893
f 2906//2906 2895//2895 3088//3087
f 3088//3087 2895//2895 3071//3070
f 3088//3087 3071//3070 3089//3088
f 3071//3070 3072//3071 3089//3088
f 3089//3088 3072//3071 3090//3089
f 3072//3071 3074//3073 3090//3089
f 3080//3079 3091//3090 3081//3080
f 3080//3079 3082//3081 3091//3090
f 3091//3090 3082//3081 3092//3091
f 3091//3090 3092//3091 3093//3092
f 3082//3081 3083//3082 3092//3091
f 3092//3091 3083//3082 3094//3093
f 2907//2907 2901//2901 3095//3094
f 3095//3094 2901//2901 3084//3083
f 3096//3095 3097//3096 3098//3097
f 2910//2910 3096//3095 2911//2911
f 2911//2911 3096//3095 3098//3097
f 2911//2911 3098//3097 3099//3098
f 2911//2911 3099//3098 2912//2912
f 2912//2912 3099//3098 3086//3085
f 2912//2912 3086//3085 3085//3084
f 2912//2912 3085//3084 2903//2903
f 2913//2913 2906//2906 3100//3099
f 3100//3099 2906//2906 3088//3087
f 3092//3091 3101//3100 3093//3092
f 3093//3092 3101//3100 3102//3101
f 3092//3091 3094//3093 3101//3100
f 3101//3100 3094//3093 3103//3102
f 2907//2907 3095//3094 2914//2914
f 2914//2914 3095//3094 3104//3103
f 2914//2914 3104//3103 2915//2915
f 2915//2915 3104//3103 3105//3104
f 2916//2916 3106//3105 2917//2917
f 2917//2917 3106//3105 3107//3106
f 2917//2917 3107//3106 2918//2918
f 2918//2918 3107//3106 3108//3107
f 2918//2918 3108//3107 2919//2919
f 2919//2919 3108//3107 3109//3108
f 2919//2919 3109//3108 2920//2920
f 2920//2920 3109//3108 3110//3109
f 2920//2920 3110//3109 2921//2921
f 2921//2921 3110//3109 3097//3096
f 2921//2921 3097//3096 3096//3095
f 2921//2921 3096//3095 2910//2910
f 3111//3110 3112//3111 3113//3112
f 2922//2922 2913//2913 3111//3110
f 3111//3110 2913//2913 3100//3099
f 3111//3110 3100//3099 3112//3111
f 3101//3100 3114//3113 3102//3101
f 3102//3101 3114//3113 3115//3114
f 3101//3100 3103//3102 3114//3113
f 3114//3113 3103//3102 3116//3115
f 2915//2915 3105//3104 2923//2923
f 2923//2923 3105//3104 3117//3116
f 2923//2923 3117//3116 2924//2924
f 2924//2924 3117//3116 3118//3117
f 2924//2924 3118//3117 2925//2925
f 2925//2925 3118//3117 3119//3118
f 2925//2925 3119//3118 2916//2916
f 2916//2916 3119//3118 3106//3105
f 2928//2928 2927//2927 3120//3119
f 3120//3119 2927//2927 3111//3110
f 3120//3119 3111//3110 3113//3112
f 2927//2927 2922//2922 3111//3110
f 3114//3113 3121//3120 3115//3114
f 3115//3114 3121//3120 3122//3121
f 2930//2930 3121//3120 2931//2931
f 2931//2931 3121//3120 3114//3113
f 2931//2931 3114//3113 3116//3115
f 3123//3122 3124//3123 3125//3124
f 2933//2933 2928//2928 3123//3122
f 3123//3122 2928//2928 3120//3119
f 3123//3122 3120//3119 3124//3123
f 3126//3125 3127//3126 3128//3127
f 2935//2935 3126//3125 2936//2936
f 2936//2936 3126//3125 3128//3127
f 2936//2936 3128//3127 3121//3120
f 3121//3120 3128//3127 3122//3121
f 2936//2936 3121//3120 2930//2930
f 3123//3122 3125//3124 3129//3128
f 3129//3128 3125//3124 3130//3129
f 2938//2938 2933//2933 3129//3128
f 3129//3128 2933//2933 3123//3122
f 2939//2939 3131//3130 2940//2940
f 2940//2940 3131//3130 3127//3126
f 2940//2940 3127//3126 3126//3125
f 2940//2940 3126//3125 2935//2935
f 3129//3128 3130//3129 3132//3131
f 3132//3131 3130//3129 3133//3132
f 2942//2942 2938//2938 3132//3131
f 3132//3131 2938//2938 3129//3128
f 2943//2943 3134//3133 2944//2944
f 2944//2944 3134//3133 3135//3134
f 2944//2944 3135//3134 2939//2939
f 2939//2939 3135//3134 3131//3130
f 3132//3131 3133//3132 3136//3135
f 3136//3135 3133//3132 3137//3136
f 2946//2946 2942//2942 3136//3135
f 3136//3135 2942//2942 3132//3131
f 2947//2947 3138//3137 2948//2948
f 2948//2948 3138//3137 3139//3138
f 2948//2948 3139//3138 2943//2943
f 2943//2943 3139//3138 3134//3133
f 3136//3135 3137//3136 3140//3139
f 2946//2946 3136//3135 2949//2949
f 2949//2949 3136//3135 3140//3139
f 2949//2949 3140//3139 3141//3140
f 3141//3140 3140//3139 3142//3141
f 2949//2949 3141//3140 2950//2950
f 2950//2950 3141//3140 3143//3142
f 2950//2950 3143//3142 2951//2951
f 2955//2955 3144//3143 2956//2956
f 2956//2956 3144//3143 3145//3144
f 2956//2956 3145//3144 2957//2957
f 2957//2957 3145//3144 3146//3145
f 2957//2957 3146//3145 2947//2947
f 2947//2947 3146//3145 3138//3137
f 3141//3140 3142//3141 3147//3146
f 3141//3140 3147//3146 3143//3142
f 3143//3142 3147//3146 3148//3147
f 2951//2951 3143//3142 2958//2958
f 2958//2958 3143//3142 3148//3147
f 2958//2958 3148//3147 3149//3148
f 2958//2958 3149//3148 2959//2959
f 2959//2959 3149//3148 3150//3149
f 2959//2959 3150//3149 2960//2960
f 2960//2960 3150//3149 3151//3150
f 2960//2960 3151//3150 2955//2955
f 2955//2955 3151//3150 3144//3143
f 2961//2961 2962//2962 3152//3151
f 3152//3151 2962//2962 3153//3152
f 2962//2962 2963//2963 3153//3152
f 3153//3152 2963//2963 3154//3153
f 2963//2963 2964//2964 3154//3153
f 3154//3153 2964//2964 3155//3154
f 2964//2964 2965//2965 3155//3154
f 3155//3154 2965//2965 3156//3155
f 2965//2965 2966//2966 3156//3155
f 3156//3155 2966//2966 3157//3156
f 2966//2966 2967//2967 3157//3156
f 3157//3156 2967//2967 3158//3157
f 2969//2969 2961//2961 3159//3158
f 3159//3158 2961//2961 3152//3151
f 2967//2967 2970//2970 3158//3157
f 3158//3157 2970//2970 3160//3159
f 2970//2970 2971//2971 3160//3159
f 3160//3159 2971//2971 3161//3160
f 2972//2972 2973//2973 3162//3161
f 3162//3161 2973//2973 3163//3162
f 2973//2973 2969//2969 3163//3162
f 3163//3162 2969//2969 3159//3158
f 2971//2971 2975//2975 3161//3160
f 3161//3160 2975//2975 3164//3163
f 2975//2975 2976//2976 3164//3163
f 3164//3163 2976//2976 3165//3164
f 2977//2977 2972//2972 3166//3165
f 3166//3165 2972//2972 3162//3161
f 2978//2978 3167//3166 2976//2976
f 2976//2976 3167//3166 3165//3164
f 2977//2977 3166//3165 2980//2980
f 2980//2980 3166//3165 3168//3167
f 2980//2980 3168//3167 2981//2981
f 2981//2981 3168//3167 3169//3168
f 2982//2982 3170//3169 2983//2983
f 2983//2983 3170//3169 3171//3170
f 2983//2983 3171//3170 2978//2978
f 2978//2978 3171//3170 3167//3166
f 2984//2984 2981//2981 3172//3171
f 3172//3171 2981//2981 3169//3168
f 2986//2986 3173//3172 2987//2987
f 2987//2987 3173//3172 3174//3173
f 2987//2987 3174//3173 2982//2982
f 2982//2982 3174//3173 3170//3169
f 2984//2984 3172//3171 2988//2988
f 2988//2988 3172//3171 3175//3174
f 2988//2988 3175//3174 2989//2989
f 2989//2989 3175//3174 3176//3175
f 2989//2989 3176//3175 2990//2990
f 2990//2990 3176//3175 3177//3176
f 2991//2991 3178//3177 2992//2992
f 2992//2992 3178//3177 3179//3178
f 2992//2992 3179//3178 2986//2986
f 2986//2986 3179//3178 3173//3172
f 2990//2990 3177//3176 2993//2993
f 2993//2993 3177//3176 3180//3179
f 2993//2993 3180//3179 2994//2994
f 2994//2994 3180//3179 3181//3180
f 2994//2994 3181//3180 2991//2991
f 2991//2991 3181//3180 3178//3177
f 3004//3004 3005//3005 3182//3181
f 3005//3005 3006//3006 3182//3181
f 3182//3181 3006//3006 3183//3182
f 3006//3006 3008//3008 3183//3182
f 3009//3009 3010//3010 3184//3183
f 3184//3183 3010//3010 3185//3184
f 3010//3010 3011//3011 3185//3184
f 3185//3184 3011//3011 3186//3185
f 3011//3011 3012//3012 3186//3185
f 3186//3185 3012//3012 3187//3186
f 3012//3012 3013//3013 3187//3186
f 3187//3186 3013//3013 3188//3187
f 3187//3186 3188//3187 3189//3188
f 3013//3013 3014//3014 3188//3187
f 3188//3187 3014//3014 3190//3189
f 3014//3014 3015//3015 3190//3189
f 3190//3189 3015//3015 3191//3190
f 3015//3015 3017//3017 3191//3190
f 3019//3019 3020//3020 3192//3191
f 3020//3020 3004//3004 3192//3191
f 3192//3191 3004//3004 3182//3181
f 3192//3191 3182//3181 3193//3192
f 3193//3192 3182//3181 3194//3193
f 3182//3181 3183//3182 3194//3193
f 3194//3193 3183//3182 3195//3194
f 3194//3193 3195//3194 3196//3195
f 3022//3022 3195//3194 3008//3008
f 3008//3008 3195//3194 3183//3182
f 3025//3025 3024//3024 3197//3196
f 3197//3196 3024//3024 3198//3197
f 3024//3024 3009//3009 3198//3197
f 3198//3197 3009//3009 3184//3183
f 3188//3187 3199//3198 3189//3188
f 3188//3187 3190//3189 3199//3198
f 3199//3198 3190//3189 3200//3199
f 3199//3198 3200//3199 3201//3200
f 3190//3189 3191//3190 3200//3199
f 3200//3199 3191//3190 3202//3201
f 3027//3027 3202//3201 3017//3017
f 3017//3017 3202//3201 3191//3190
f 3028//3028 3019//3019 3203//3202
f 3203//3202 3019//3019 3192//3191
f 3203//3202 3192//3191 3204//3203
f 3192//3191 3193//3192 3204//3203
f 3195//3194 3205//3204 3196//3195
f 3196//3195 3205//3204 3206//3205
f 3030//3030 3205//3204 3022//3022
f 3022//3022 3205//3204 3195//3194
f 3031//3031 3032//3032 3207//3206
f 3207//3206 3032//3032 3208//3207
f 3032//3032 3025//3025 3208//3207
f 3208//3207 3025//3025 3197//3196
f 3200//3199 3209//3208 3201//3200
f 3201//3200 3209//3208 3210//3209
f 3200//3199 3202//3201 3209//3208
f 3209//3208 3202//3201 3211//3210
f 3034//3034 3211//3210 3027//3027
f 3027//3027 3211//3210 3202//3201
f 3028//3028 3203//3202 3035//3035
f 3035//3035 3203//3202 3212//3211
f 3035//3035 3212//3211 3036//3036
f 3036//3036 3212//3211 3213//3212
f 3037//3037 3214//3213 3038//3038
f 3038//3038 3214//3213 3206//3205
f 3038//3038 3206//3205 3205//3204
f 3038//3038 3205//3204 3030//3030
f 3039//3039 3040//3040 3215//3214
f 3215//3214 3040//3040 3216//3215
f 3040//3040 3031//3031 3216//3215
f 3216//3215 3031//3031 3207//3206
f 3209//3208 3217//3216 3210//3209
f 3210//3209 3217//3216 3218//3217
f 3209//3208 3211//3210 3217//3216
f 3217//3216 3211//3210 3219//3218
f 3042//3042 3219//3218 3034//3034
f 3034//3034 3219//3218 3211//3210
f 3036//3036 3213//3212 3043//3043
f 3043//3043 3213//3212 3220//3219
f 3043//3043 3220//3219 3037//3037
f 3037//3037 3220//3219 3214//3213
f 3044//3044 3039//3039 3221//3220
f 3221//3220 3039//3039 3215//3214
f 3217//3216 3222//3221 3218//3217
f 3217//3216 3219//3218 3222//3221
f 3222//3221 3219//3218 3223//3222
f 3222//3221 3223//3222 3224//3223
f 3046//3046 3223//3222 3042//3042
f 3042//3042 3223//3222 3219//3218
f 3048//3048 3044//3044 3225//3224
f 3225//3224 3044//3044 3221//3220
f 3223//3222 3226//3225 3224//3223
f 3224//3223 3226//3225 3227//3226
f 3046//3046 3049//3049 3223//3222
f 3223//3222 3049//3049 3228//3227
f 3223//3222 3228//3227 3226//3225
f 3049//3049 3051//3051 3228//3227
f 3053//3053 3048//3048 3229//3228
f 3229//3228 3048//3048 3225//3224
f 3226//3225 3230//3229 3227//3226
f 3226//3225 3228//3227 3230//3229
f 3230//3229 3228//3227 3231//3230
f 3230//3229 3231//3230 3232//3231
f 3051//3051 3054//3054 3228//3227
f 3228//3227 3054//3054 3233//3232
f 3228//3227 3233//3232 3231//3230
f 3054//3054 3056//3056 3233//3232
f 3058//3053 3053//3053 3234//3053
f 3234//3053 3053//3053 3229//3228
f 3231//3230 3235//3233 3232//3231
f 3231//3230 3233//3232 3235//3233
f 3235//3233 3233//3232 3236//3234
f 3235//3233 3236//3234 3237//3235
f 3060//3059 3236//3234 3056//3056
f 3056//3056 3236//3234 3233//3232
f 3068//3067 3058//3053 3238//3236
f 3238//3236 3058//3053 3234//3053
f 3239//3237 3240//3238 3241//3239
f 3239//3237 3241//3239 3242//3240
f 3242//3240 3241//3239 3237//3235
f 3242//3240 3237//3235 3236//3234
f 3070//3069 3242//3240 3060//3059
f 3060//3059 3242//3240 3236//3234
f 3074//3073 3073//3072 3243//3241
f 3073//3072 3075//3074 3243//3241
f 3243//3241 3075//3074 3244//3242
f 3075//3074 3076//3075 3244//3242
f 3244//3242 3076//3075 3245//3243
f 3076//3075 3077//3076 3245//3243
f 3245//3243 3077//3076 3246//3244
f 3245//3243 3246//3244 3247//3245
f 3077//3076 3078//3077 3246//3244
f 3246//3244 3078//3077 3248//3246
f 3078//3077 3079//3078 3248//3246
f 3248//3246 3079//3078 3249//3247
f 3248//3246 3249//3247 3250//3248
f 3079//3078 3081//3080 3249//3247
f 3084//3083 3068//3067 3251//3249
f 3251//3249 3068//3067 3238//3236
f 3239//3237 3252//3250 3240//3238
f 3240//3238 3252//3250 3253//3251
f 3086//3085 3252//3250 3087//3086
f 3087//3086 3252//3250 3239//3237
f 3087//3086 3239//3237 3242//3240
f 3087//3086 3242//3240 3070//3069
f 3088//3087 3089//3088 3254//3252
f 3089//3088 3090//3089 3254//3252
f 3254//3252 3090//3089 3255//3253
f 3254//3252 3255//3253 3256//3254
f 3090//3089 3074//3073 3255//3253
f 3255//3253 3074//3073 3243//3241
f 3255//3253 3243//3241 3257//3255
f 3243//3241 3244//3242 3257//3255
f 3257//3255 3244//3242 3258//3256
f 3244//3242 3245//3243 3258//3256
f 3258//3256 3245//3243 3259//3257
f 3245//3243 3247//3245 3259//3257
f 3249//3247 3260//3258 3250//3248
f 3081//3080 3091//3090 3249//3247
f 3249//3247 3091//3090 3261//3259
f 3249//3247 3261//3259 3260//3258
f 3260//3258 3261//3259 3262//3260
f 3091//3090 3093//3092 3261//3259
f 3095//3094 3084//3083 3263//3261
f 3263//3261 3084//3083 3251//3249
f 3097//3096 3264//3262 3098//3097
f 3098//3097 3264//3262 3265//3263
f 3098//3097 3265//3263 3099//3098
f 3099//3098 3265//3263 3253//3251
f 3099//3098 3253//3251 3252//3250
f 3099//3098 3252//3250 3086//3085
f 3100//3099 3088//3087 3266//3264
f 3266//3264 3088//3087 3254//3252
f 3266//3264 3254//3252 3267//3265
f 3254//3252 3256//3254 3267//3265
f 3261//3259 3268//3266 3262//3260
f 3262//3260 3268//3266 3269//3267
f 3102//3101 3268//3266 3093//3092
f 3093//3092 3268//3266 3261//3259
f 3095//3094 3263//3261 3104//3103
f 3104//3103 3263//3261 3270//3268
f 3104//3103 3270//3268 3105//3104
f 3105//3104 3270//3268 3271//3269
f 3106//3105 3272//3270 3107//3106
f 3107//3106 3272//3270 3273//3271
f 3107//3106 3273//3271 3108//3107
f 3108//3107 3273//3271 3274//3272
f 3108//3107 3274//3272 3109//3108
f 3109//3108 3274//3272 3275//3273
f 3109//3108 3275//3273 3110//3109
f 3110//3109 3275//3273 3276//3274
f 3110//3109 3276//3274 3097//3096
f 3097//3096 3276//3274 3264//3262
f 3277//3275 3278//3276 3279//3277
f 3113//3112 3112//3111 3277//3275
f 3277//3275 3112//3111 3280//3278
f 3277//3275 3280//3278 3278//3276
f 3112//3111 3100//3099 3280//3278
f 3280//3278 3100//3099 3266//3264
f 3268//3266 3281//3279 3269//3267
f 3269//3267 3281//3279 3282//3280
f 3115//3114 3281//3279 3102//3101
f 3102//3101 3281//3279 3268//3266
f 3105//3104 3271//3269 3117//3116
f 3117//3116 3271//3269 3283//3281
f 3117//3116 3283//3281 3118//3117
f 3118//3117 3283//3281 3284//3282
f 3118//3117 3284//3282 3119//3118
f 3119//3118 3284//3282 3285//3283
f 3119//3118 3285//3283 3106//3105
f 3106//3105 3285//3283 3272//3270
f 3277//3275 3279//3277 3286//3284
f 3286//3284 3279//3277 3287//3285
f 3120//3119 3113//3112 3286//3284
f 3286//3284 3113//3112 3277//3275
f 3281//3279 3288//3286 3282//3280
f 3282//3280 3288//3286 3289//3287
f 3122//3121 3288//3286 3115//3114
f 3115//3114 3288//3286 3281//3279
f 3290//3288 3291//3289 3292//3290
f 3125//3124 3124//3123 3290//3288
f 3290//3288 3124//3123 3286//3284
f 3290//3288 3286//3284 3291//3289
f 3291//3289 3286//3284 3287//3285
f 3124//3123 3120//3119 3286//3284
f 3127//3126 3293//3291 3128//3127
f 3128//3127 3293//3291 3289//3287
f 3128//3127 3289//3287 3288//3286
f 3128//3127 3288//3286 3122//3121
f 3290//3288 3292//3290 3294//3292
f 3294//3292 3292//3290 3295//3293
f 3130//3129 3125//3124 3294//3292
f 3294//3292 3125//3124 3290//3288
f 3296//3294 3297//3295 3298//3296
f 3131//3130 3296//3294 3127//3126
f 3127//3126 3296//3294 3298//3296
f 3127//3126 3298//3296 3293//3291
f 3294//3292 3295//3293 3299//3297
f 3299//3297 3295//3293 3300//3298
f 3133//3132 3130//3129 3299//3297
f 3299//3297 3130//3129 3294//3292
f 3301//3299 3302//3300 3303//3301
f 3134//3133 3301//3299 3135//3134
f 3135//3134 3301//3299 3303//3301
f 3135//3134 3303//3301 3296//3294
f 3296//3294 3303//3301 3297//3295
f 3135//3134 3296//3294 3131//3130
f 3299//3297 3300//3298 3304//3302
f 3137//3136 3133//3132 3305//3303
f 3305//3303 3133//3132 3299//3297
f 3305//3303 3299//3297 3304//3302
f 3306//3304 3307//3305 3308//3306
f 3138//3137 3306//3304 3139//3138
f 3139//3138 3306//3304 3308//3306
f 3139//3138 3308//3306 3301//3299
f 3301//3299 3308//3306 3302//3300
f 3139//3138 3301//3299 3134//3133
f 3137//3136 3305//3303 3140//3139
f 3140//3139 3305//3303 3309//3307
f 3140//3139 3309//3307 3310//3308
f 3140//3139 3310//3308 3142//3141
f 3144//3143 3311//3309 3145//3144
f 3145//3144 3311//3309 3312//3310
f 3145//3144 3312//3310 3146//3145
f 3146//3145 3312//3310 3307//3305
f 3146//3145 3307//3305 3306//3304
f 3146//3145 3306//3304 3138//3137
f 3310//3308 3309//3307 3313//3311
f 3142//3141 3310//3308 3147//3146
f 3147//3146 3310//3308 3313//3311
f 3147//3146 3313//3311 3314//3312
f 3147//3146 3314//3312 3148//3147
f 3148//3147 3314//3312 3315//3313
f 3148//3147 3315//3313 3149//3148
f 3149//3148 3315//3313 3316//3314
f 3149//3148 3316//3314 3150//3149
f 3150//3149 3316//3314 3317//3315
f 3150//3149 3317//3315 3151//3150
f 3151//3150 3317//3315 3318//3316
f 3151//3150 3318//3316 3144//3143
f 3144//3143 3318//3316 3311//3309
f 3152//3151 3153//3152 3319//3317
f 3319//3317 3153//3152 3320//3318
f 3153//3152 3154//3153 3320//3318
f 3320//3318 3154//3153 3321//3319
f 3154//3153 3155//3154 3321//3319
f 3321//3319 3155//3154 3322//3320
f 3155//3154 3156//3155 3322//3320
f 3322//3320 3156//3155 3323//3321
f 3156//3155 3157//3156 3323//3321
f 3323//3321 3157//3156 3324//3322
f 3157//3156 3158//3157 3324//3322
f 3324//3322 3158//3157 3325//3323
f 3324//3322 3325//3323 3326//3324
f 3325//3323 3327//3325 3326//3324
f 3159//3158 3152//3151 3328//3326
f 3328//3326 3152//3151 3319//3317
f 3158//3157 3160//3159 3325//3323
f 3160//3159 3161//3160 3325//3323
f 3325//3323 3161//3160 3329//3327
f 3325//3323 3329//3327 3327//3325
f 3162//3161 3163//3162 3330//3328
f 3163//3162 3159//3158 3330//3328
f 3330//3328 3159//3158 3328//3326
f 3330//3328 3328//3326 3331//3329
f 3161//3160 3164//3163 3329//3327
f 3329//3327 3164//3163 3332//3330
f 3164//3163 3165//3164 3332//3330
f 3332//3330 3165//3164 3333//3331
f 3166//3165 3162//3161 3334//3332
f 3334//3332 3162//3161 3330//3328
f 3330//3328 3331//3329 3334//3332
f 3334//3332 3331//3329 3335//3333
f 3167//3166 3336//3334 3165//3164
f 3165//3164 3336//3334 3333//3331
f 3166//3165 3334//3332 3168//3167
f 3168//3167 3334//3332 3169//3168
f 3169//3168 3334//3332 3335//3333
f 3169//3168 3335//3333 3337//3335
f 3170//3169 3338//3336 3171//3170
f 3171//3170 3338//3336 3339//3337
f 3171//3170 3339//3337 3167//3166
f 3167//3166 3339//3337 3336//3334
f 3172//3171 3169//3168 3340//3338
f 3340//3338 3169//3168 3337//3335
f 3340//3338 3337//3335 3341//3339
f 3340//3338 3341//3339 3342//3340
f 3173//3172 3343//3341 3174//3173
f 3174//3173 3343//3341 3344//3342
f 3174//3173 3344//3342 3170//3169
f 3170//3169 3344//3342 3338//3336
f 3172//3171 3340//3338 3175//3174
f 3175//3174 3340//3338 3176//3175
f 3176//3175 3340//3338 3342//3340
f 3176//3175 3342//3340 3345//3343
f 3176//3175 3345//3343 3177//3176
f 3177//3176 3345//3343 3346//3344
f 3177//3176 3346//3344 3347//3345
f 3347//3345 3346//3344 3348//3346
f 3348//3346 3346//3344 3349//3347
f 3178//3177 3348//3346 3179//3178
f 3179//3178 3348//3346 3349//3347
f 3179//3178 3349//3347 3350//3348
f 3179//3178 3350//3348 3173//3172
f 3173//3172 3350//3348 3343//3341
f 3177//3176 3347//3345 3180//3179
f 3180//3179 3347//3345 3181//3180
f 3181//3180 3347//3345 3348//3346
f 3181//3180 3348//3346 3178//3177
f 3184//3183 3185//3184 3351//3349
f 3185//3184 3186//3185 3351//3349
f 3351//3349 3186//3185 3352//3350
f 3186//3185 3187//3186 3352//3350
f 3352//3350 3187//3186 3353//3351
f 3187//3186 3189//3188 3353//3351
f 3193//3192 3194//3193 3354//3352
f 3194//3193 3196//3195 3354//3352
f 3197//3196 3198//3197 3355//3353
f 3355//3353 3198//3197 3356//3354
f 3198//3197 3184//3183 3356//3354
f 3356//3354 3184//3183 3351//3349
f 3356//3354 3351//3349 3357//3355
f 3351//3349 3352//3350 3357//3355
f 3357//3355 3352//3350 3358//3356
f 3352//3350 3353//3351 3358//3356
f 3358//3356 3353//3351 3359//3357
f 3358//3356 3359//3357 3360//3358
f 3189//3188 3199//3198 3353//3351
f 3353//3351 3199//3198 3361//3359
f 3353//3351 3361//3359 3359//3357
f 3199//3198 3201//3200 3361//3359
f 3203//3202 3204//3203 3362//3360
f 3204//3203 3193//3192 3362//3360
f 3362//3360 3193//3192 3354//3352
f 3362//3360 3354//3352 3363//3361
f 3363//3361 3354//3352 3364//3362
f 3206//3205 3365//3363 3196//3195
f 3196//3195 3365//3363 3364//3362
f 3196//3195 3364//3362 3354//3352
f 3207//3206 3208//3207 3366//3364
f 3366//3364 3208//3207 3367//3365
f 3208//3207 3197//3196 3367//3365
f 3367//3365 3197//3196 3355//3353
f 3359//3357 3368//3366 3360//3358
f 3359//3357 3361//3359 3368//3366
f 3368//3366 3361//3359 3369//3367
f 3368//3366 3369//3367 3370//3368
f 3210//3209 3369//3367 3201//3200
f 3201//3200 3369//3367 3361//3359
f 3203//3202 3362//3360 3212//3211
f 3212//3211 3362//3360 3213//3212
f 3213//3212 3362//3360 3363//3361
f 3213//3212 3363//3361 3371//3369
f 3371//3369 3363//3361 3372//3370
f 3214//3213 3371//3369 3206//3205
f 3206//3205 3371//3369 3372//3370
f 3206//3205 3372//3370 3365//3363
f 3215//3214 3216//3215 3373//3371
f 3373//3371 3216//3215 3374//3372
f 3216//3215 3207//3206 3374//3372
f 3374//3372 3207//3206 3366//3364
f 3369//3367 3375//3373 3370//3368
f 3370//3368 3375//3373 3376//3374
f 3218//3217 3375//3373 3210//3209
f 3210//3209 3375//3373 3369//3367
f 3213//3212 3371//3369 3220//3219
f 3220//3219 3371//3369 3214//3213
f 3221//3220 3215//3214 3377//3375
f 3377//3375 3215//3214 3373//3371
f 3375//3373 3378//3376 3376//3374
f 3376//3374 3378//3376 3379//3377
f 3218//3217 3222//3221 3375//3373
f 3375//3373 3222//3221 3380//3378
f 3375//3373 3380//3378 3378//3376
f 3222//3221 3224//3223 3380//3378
f 3225//3224 3221//3220 3381//3379
f 3381//3379 3221//3220 3377//3375
f 3378//3376 3382//3380 3379//3377
f 3378//3376 3380//3378 3382//3380
f 3382//3380 3380//3378 3383//3381
f 3382//3380 3383//3381 3384//3382
f 3227//3226 3383//3381 3224//3223
f 3224//3223 3383//3381 3380//3378
f 3229//3228 3225//3224 3385//3383
f 3385//3383 3225//3224 3381//3379
f 3383//3381 3386//3384 3384//3382
f 3227//3226 3230//3229 3383//3381
f 3383//3381 3230//3229 3387//3385
f 3383//3381 3387//3385 3386//3384
f 3386//3384 3387//3385 3388//3386
f 3230//3229 3232//3231 3387//3385
f 3234//3053 3229//3228 3389//3387
f 3389//3387 3229//3228 3385//3383
f 3387//3385 3390//3388 3388//3386
f 3388//3386 3390//3388 3391//3389
f 3232//3231 3235//3233 3387//3385
f 3387//3385 3235//3233 3392//3390
f 3387//3385 3392//3390 3390//3388
f 3235//3233 3237//3235 3392//3390
f 3238//3236 3234//3053 3393//3053
f 3393//3053 3234//3053 3389//3387
f 3390//3388 3394//3391 3391//3389
f 3391//3389 3394//3391 3395//3392
f 3240//3238 3394//3391 3241//3239
f 3241//3239 3394//3391 3390//3388
f 3241//3239 3390//3388 3392//3390
f 3241//3239 3392//3390 3237//3235
f 3247//3245 3246//3244 3396//3393
f 3246//3244 3248//3246 3396//3393
f 3396//3393 3248//3246 3397//3394
f 3248//3246 3250//3248 3397//3394
f 3251//3249 3238//3236 3398//3395
f 3398//3395 3238//3236 3393//3053
f 3394//3391 3399//3396 3395//3392
f 3395//3392 3399//3396 3400//3397
f 3253//3251 3399//3396 3240//3238
f 3240//3238 3399//3396 3394//3391
f 3256//3254 3255//3253 3401//3398
f 3255//3253 3257//3255 3401//3398
f 3401//3398 3257//3255 3402//3399
f 3257//3255 3258//3256 3402//3399
f 3402//3399 3258//3256 3403//3400
f 3258//3256 3259//3257 3403//3400
f 3403//3400 3259//3257 3404//3401
f 3259//3257 3247//3245 3404//3401
f 3404//3401 3247//3245 3396//3393
f 3404//3401 3396//3393 3405//3402
f 3396//3393 3397//3394 3405//3402
f 3405//3402 3397//3394 3406//3403
f 3250//3248 3260//3258 3397//3394
f 3397//3394 3260//3258 3407//3404
f 3397//3394 3407//3404 3406//3403
f 3260//3258 3262//3260 3407//3404
f 3263//3261 3251//3249 3408//3405
f 3408//3405 3251//3249 3398//3395
f 3409//3406 3410//3407 3411//3408
f 3264//3262 3409//3406 3265//3263
f 3265//3263 3409//3406 3411//3408
f 3265//3263 3411//3408 3399//3396
f 3399//3396 3411//3408 3400//3397
f 3265//3263 3399//3396 3253//3251
f 3266//3264 3267//3265 3412//3409
f 3412//3409 3267//3265 3413//3410
f 3267//3265 3256//3254 3413//3410
f 3413//3410 3256//3254 3401//3398
f 3413//3410 3401//3398 3414//3411
f 3401//3398 3402//3399 3414//3411
f 3414//3411 3402//3399 3415//3412
f 3402//3399 3403//3400 3415//3412
f 3415//3412 3403//3400 3416//3413
f 3403//3400 3404//3401 3416//3413
f 3416//3413 3404//3401 3417//3414
f 3404//3401 3405//3402 3417//3414
f 3417//3414 3405//3402 3418//3415
f 3405//3402 3406//3403 3418//3415
f 3418//3415 3406//3403 3419//3416
f 3406//3403 3407//3404 3419//3416
f 3419//3416 3407//3404 3420//3417
f 3419//3416 3420//3417 3421//3418
f 3269//3267 3420//3417 3262//3260
f 3262//3260 3420//3417 3407//3404
f 3263//3261 3408//3405 3270//3268
f 3270//3268 3408//3405 3422//3419
f 3270//3268 3422//3419 3423//3420
f 3270//3268 3423//3420 3271//3269
f 3272//3270 3424//3421 3273//3271
f 3273//3271 3424//3421 3425//3422
f 3273//3271 3425//3422 3274//3272
f 3274//3272 3425//3422 3426//3423
f 3274//3272 3426//3423 3275//3273
f 3275//3273 3426//3423 3427//3424
f 3275//3273 3427//3424 3276//3274
f 3276//3274 3427//3424 3410//3407
f 3276//3274 3410//3407 3409//3406
f 3276//3274 3409//3406 3264//3262
f 3279//3277 3278//3276 3428//3425
f 3428//3425 3278//3276 3429//3426
f 3278//3276 3280//3278 3429//3426
f 3429//3426 3280//3278 3430//3427
f 3280//3278 3266//3264 3430//3427
f 3430//3427 3266//3264 3412//3409
f 3420//3417 3431//3428 3421//3418
f 3421//3418 3431//3428 3432//3429
f 3282//3280 3431//3428 3269//3267
f 3269//3267 3431//3428 3420//3417
f 3423//3420 3422//3419 3433//3430
f 3271//3269 3423//3420 3283//3281
f 3283//3281 3423//3420 3433//3430
f 3283//3281 3433//3430 3434//3431
f 3283//3281 3434//3431 3284//3282
f 3284//3282 3434//3431 3435//3432
f 3284//3282 3435//3432 3285//3283
f 3285//3283 3435//3432 3436//3433
f 3285//3283 3436//3433 3272//3270
f 3272//3270 3436//3433 3424//3421
f 3437//3434 3438//3435 3439//3436
f 3287//3285 3279//3277 3437//3434
f 3437//3434 3279//3277 3428//3425
f 3437//3434 3428//3425 3438//3435
f 3431//3428 3440//3437 3432//3429
f 3432//3429 3440//3437 3441//3438
f 3289//3287 3440//3437 3282//3280
f 3282//3280 3440//3437 3431//3428
f 3292//3290 3291//3289 3442//3439
f 3442//3439 3291//3289 3437//3434
f 3442//3439 3437//3434 3439//3436
f 3291//3289 3287//3285 3437//3434
f 3440//3437 3443//3440 3441//3438
f 3441//3438 3443//3440 3444//3441
f 3293//3291 3443//3440 3289//3287
f 3289//3287 3443//3440 3440//3437
f 3295//3293 3292//3290 3445//3442
f 3445//3442 3292//3290 3442//3439
f 3297//3295 3446//3443 3298//3296
f 3298//3296 3446//3443 3444//3441
f 3298//3296 3444//3441 3443//3440
f 3298//3296 3443//3440 3293//3291
f 3300//3298 3295//3293 3447//3444
f 3447//3444 3295//3293 3445//3442
f 3302//3300 3448//3445 3303//3301
f 3303//3301 3448//3445 3449//3446
f 3303//3301 3449//3446 3297//3295
f 3297//3295 3449//3446 3446//3443
f 3300//3298 3447//3444 3304//3302
f 3304//3302 3447//3444 3450//3447
f 3304//3302 3450//3447 3451//3448
f 3304//3302 3451//3448 3305//3303
f 3307//3305 3452//3449 3308//3306
f 3308//3306 3452//3449 3453//3450
f 3308//3306 3453//3450 3302//3300
f 3302//3300 3453//3450 3448//3445
f 3451//3448 3450//3447 3454//3451
f 3309//3307 3305//3303 3455//3452
f 3455//3452 3305//3303 3451//3448
f 3455//3452 3451//3448 3454//3451
f 3311//3309 3456//3453 3312//3310
f 3312//3310 3456//3453 3457//3454
f 3312//3310 3457//3454 3307//3305
f 3307//3305 3457//3454 3452//3449
f 3309//3307 3455//3452 3313//3311
f 3313//3311 3455//3452 3458//3455
f 3313//3311 3458//3455 3459//3456
f 3313//3311 3459//3456 3314//3312
f 3314//3312 3459//3456 3460//3457
f 3314//3312 3460//3457 3315//3313
f 3315//3313 3460//3457 3461//3458
f 3315//3313 3461//3458 3316//3314
f 3316//3314 3461//3458 3462//3459
f 3316//3314 3462//3459 3317//3315
f 3317//3315 3462//3459 3463//3460
f 3317//3315 3463//3460 3464//3461
f 3317//3315 3464//3461 3318//3316
f 3318//3316 3464//3461 3465//3462
f 3318//3316 3465//3462 3311//3309
f 3311//3309 3465//3462 3456//3453
f 3459//3456 3458//3455 3466//3463
f 3459//3456 3466//3463 3460//3457
f 3460//3457 3466//3463 3467//3464
f 3460//3457 3467//3464 3461//3458
f 3461//3458 3467//3464 3468//3465
f 3461//3458 3468//3465 3462//3459
f 3462//3459 3468//3465 3469//3466
f 3462//3459 3469//3466 3463//3460
f 3319//3317 3320//3318 3470//3467
f 3470//3467 3320//3318 3471//3468
f 3320//3318 3321//3319 3471//3468
f 3471//3468 3321//3319 3472//3469
f 3321//3319 3322//3320 3472//3469
f 3472//3469 3322//3320 3473//3470
f 3322//3320 3323//3321 3473//3470
f 3473//3470 3323//3321 3474//3471
f 3323//3321 3324//3322 3474//3471
f 3474//3471 3324//3322 3475//3472
f 3324//3322 3326//3324 3475//3472
f 3475//3472 3326//3324 3476//3473
f 3326//3324 3327//3325 3476//3473
f 3476//3473 3327//3325 3477//3474
f 3328//3326 3319//3317 3478//3475
f 3478//3475 3319//3317 3470//3467
f 3329//3327 3479//3476 3327//3325
f 3327//3325 3479//3476 3480//3477
f 3327//3325 3480//3477 3477//3474
f 3479//3476 3481//3478 3480//3477
f 3331//3329 3328//3326 3482//3479
f 3482//3479 3328//3326 3478//3475
f 3329//3327 3332//3330 3479//3476
f 3332//3330 3333//3331 3479//3476
f 3479//3476 3333//3331 3483//3480
f 3479//3476 3483//3480 3481//3478
f 3335//3333 3331//3329 3484//3481
f 3484//3481 3331//3329 3482//3479
f 3336//3334 3485//3482 3333//3331
f 3333//3331 3485//3482 3483//3480
f 3337//3335 3335//3333 3486//3483
f 3486//3483 3335//3333 3484//3481
f 3338//3336 3487//3484 3339//3337
f 3339//3337 3487//3484 3336//3334
f 3336//3334 3487//3484 3488//3485
f 3336//3334 3488//3485 3485//3482
f 3337//3335 3486//3483 3341//3339
f 3341//3339 3486//3483 3489//3486
f 3341//3339 3489//3486 3342//3340
f 3342//3340 3489//3486 3490//3487
f 3343//3341 3491//3488 3344//3342
f 3344//3342 3491//3488 3338//3336
f 3338//3336 3491//3488 3492//3489
f 3338//3336 3492//3489 3487//3484
f 3487//3484 3492//3489 3493//3490
f 3487//3484 3493//3490 3488//3485
f 3342//3340 3490//3487 3345//3343
f 3345//3343 3490//3487 3494//3491
f 3345//3343 3494//3491 3346//3344
f 3346//3344 3494//3491 3495//3492
f 3346//3344 3495//3492 3349//3347
f 3349//3347 3495//3492 3496//3493
f 3349//3347 3496//3493 3350//3348
f 3350//3348 3496//3493 3497//3494
f 3350//3348 3497//3494 3343//3341
f 3343//3341 3497//3494 3498//3495
f 3343//3341 3498//3495 3491//3488
f 3491//3488 3498//3495 3492//3489
f 3355//3353 3356//3354 3499//3496
f 3356//3354 3357//3355 3499//3496
f 3499//3496 3357//3355 3500//3497
f 3357//3355 3358//3356 3500//3497
f 3500//3497 3358//3356 3501//3498
f 3358//3356 3360//3358 3501//3498
f 3363//3361 3364//3362 3502//3499
f 3364//3362 3365//3363 3502//3499
f 3366//3364 3367//3365 3503//3500
f 3367//3365 3355//3353 3503//3500
f 3503//3500 3355//3353 3499//3496
f 3503//3500 3499//3496 3504//3501
f 3504//3501 3499//3496 3505//3502
f 3499//3496 3500//3497 3505//3502
f 3505//3502 3500//3497 3506//3503
f 3500//3497 3501//3498 3506//3503
f 3506//3503 3501//3498 3507//3504
f 3360//3358 3368//3366 3501//3498
f 3501//3498 3368//3366 3508//3505
f 3501//3498 3508//3505 3507//3504
f 3507//3504 3508//3505 3509//3506
f 3368//3366 3370//3368 3508//3505
f 3363//3361 3502//3499 3372//3370
f 3372//3370 3502//3499 3365//3363
f 3373//3371 3374//3372 3510//3507
f 3374//3372 3366//3364 3510//3507
f 3510//3507 3366//3364 3503//3500
f 3510//3507 3503//3500 3511//3508
f 3511//3508 3503//3500 3512//3509
f 3503//3500 3504//3501 3512//3509
f 3508//3505 3513//3510 3509//3506
f 3509//3506 3513//3510 3514//3511
f 3376//3374 3513//3510 3370//3368
f 3370//3368 3513//3510 3508//3505
f 3377//3375 3373//3371 3515//3512
f 3515//3512 3373//3371 3510//3507
f 3515//3512 3510//3507 3516//3513
f 3510//3507 3511//3508 3516//3513
f 3513//3510 3517//3514 3514//3511
f 3514//3511 3517//3514 3518//3515
f 3379//3377 3517//3514 3376//3374
f 3376//3374 3517//3514 3513//3510
f 3381//3379 3377//3375 3519//3516
f 3519//3516 3377//3375 3515//3512
f 3517//3514 3520//3517 3518//3515
f 3379//3377 3382//3380 3517//3514
f 3517//3514 3382//3380 3521//3518
f 3517//3514 3521//3518 3520//3517
f 3520//3517 3521//3518 3522//3519
f 3382//3380 3384//3382 3521//3518
f 3385//3383 3381//3379 3523//3520
f 3523//3520 3381//3379 3519//3516
f 3521//3518 3524//3521 3522//3519
f 3384//3382 3386//3384 3521//3518
f 3521//3518 3386//3384 3525//3522
f 3521//3518 3525//3522 3524//3521
f 3524//3521 3525//3522 3526//3523
f 3386//3384 3388//3386 3525//3522
f 3389//3387 3385//3383 3527//3524
f 3527//3524 3385//3383 3523//3520
f 3525//3522 3528//3525 3526//3523
f 3526//3523 3528//3525 3529//3526
f 3391//3389 3528//3525 3388//3386
f 3388//3386 3528//3525 3525//3522
f 3393//3053 3389//3387 3530//3053
f 3530//3053 3389//3387 3527//3524
f 3528//3525 3531//3527 3529//3526
f 3395//3392 3532//3528 3391//3389
f 3391//3389 3532//3528 3531//3527
f 3391//3389 3531//3527 3528//3525
f 3398//3395 3393//3053 3533//3529
f 3533//3529 3393//3053 3530//3053
f 3534//3530 3535//3531 3536//3532
f 3400//3397 3534//3530 3395//3392
f 3395//3392 3534//3530 3536//3532
f 3395//3392 3536//3532 3532//3528
f 3408//3405 3398//3395 3537//3533
f 3537//3533 3398//3395 3533//3529
f 3538//3534 3539//3535 3540//3536
f 3410//3407 3538//3534 3411//3408
f 3411//3408 3538//3534 3540//3536
f 3411//3408 3540//3536 3534//3530
f 3534//3530 3540//3536 3535//3531
f 3411//3408 3534//3530 3400//3397
f 3412//3409 3413//3410 3541//3537
f 3541//3537 3413//3410 3542//3538
f 3413//3410 3414//3411 3542//3538
f 3542//3538 3414//3411 3543//3539
f 3414//3411 3415//3412 3543//3539
f 3543//3539 3415//3412 3544//3540
f 3415//3412 3416//3413 3544//3540
f 3544//3540 3416//3413 3545//3541
f 3416//3413 3417//3414 3545//3541
f 3545//3541 3417//3414 3546//3542
f 3417//3414 3418//3415 3546//3542
f 3546//3542 3418//3415 3547//3543
f 3546//3542 3547//3543 3548//3544
f 3418//3415 3419//3416 3547//3543
f 3547//3543 3419//3416 3549//3545
f 3419//3416 3421//3418 3549//3545
f 3422//3419 3408//3405 3550//3546
f 3550//3546 3408//3405 3537//3533
f 3424//3421 3551//3547 3425//3422
f 3425//3422 3551//3547 3426//3423
f 3426//3423 3551//3547 3552//3548
f 3426//3423 3552//3548 3553//3549
f 3426//3423 3553//3549 3427//3424
f 3427//3424 3553//3549 3539//3535
f 3427//3424 3539//3535 3538//3534
f 3427//3424 3538//3534 3410//3407
f 3554//3550 3555//3551 3556//3552
f 3428//3425 3429//3426 3554//3550
f 3554//3550 3429//3426 3557//3553
f 3554//3550 3557//3553 3555//3551
f 3429//3426 3430//3427 3557//3553
f 3557//3553 3430//3427 3558//3554
f 3430//3427 3412//3409 3558//3554
f 3558//3554 3412//3409 3541//3537
f 3547//3543 3559//3555 3548//3544
f 3547//3543 3549//3545 3559//3555
f 3559//3555 3549//3545 3560//3556
f 3432//3429 3561//3557 3421//3418
f 3421//3418 3561//3557 3560//3556
f 3421//3418 3560//3556 3549//3545
f 3422//3419 3550//3546 3433//3430
f 3433//3430 3550//3546 3562//3558
f 3433//3430 3562//3558 3434//3431
f 3434//3431 3562//3558 3563//3559
f 3434//3431 3563//3559 3564//3560
f 3434//3431 3564//3560 3435//3432
f 3435//3432 3564//3560 3565//3561
f 3435//3432 3565//3561 3436//3433
f 3436//3433 3565//3561 3566//3562
f 3436//3433 3566//3562 3567//3563
f 3436//3433 3567//3563 3424//3421
f 3424//3421 3567//3563 3568//3564
f 3424//3421 3568//3564 3551//3547
f 3551//3547 3568//3564 3552//3548
f 3439//3436 3438//3435 3569//3565
f 3569//3565 3438//3435 3554//3550
f 3569//3565 3554//3550 3556//3552
f 3438//3435 3428//3425 3554//3550
f 3441//3438 3570//3566 3432//3429
f 3432//3429 3570//3566 3561//3557
f 3564//3560 3563//3559 3571//3567
f 3564//3560 3571//3567 3565//3561
f 3565//3561 3571//3567 3572//3568
f 3565//3561 3572//3568 3566//3562
f 3573//3569 3574//3570 3575//3571
f 3442//3439 3439//3436 3573//3569
f 3573//3569 3439//3436 3569//3565
f 3573//3569 3569//3565 3574//3570
f 3444//3441 3576//3572 3441//3438
f 3441//3438 3576//3572 3570//3566
f 3573//3569 3575//3571 3577//3573
f 3577//3573 3575//3571 3578//3574
f 3445//3442 3442//3439 3577//3573
f 3577//3573 3442//3439 3573//3569
f 3446//3443 3579//3575 3444//3441
f 3444//3441 3579//3575 3576//3572
f 3577//3573 3578//3574 3580//3576
f 3580//3576 3578//3574 3581//3577
f 3447//3444 3445//3442 3580//3576
f 3580//3576 3445//3442 3577//3573
f 3448//3445 3582//3578 3449//3446
f 3449//3446 3582//3578 3583//3579
f 3449//3446 3583//3579 3446//3443
f 3446//3443 3583//3579 3579//3575
f 3580//3576 3581//3577 3584//3580
f 3450//3447 3447//3444 3585//3581
f 3585//3581 3447//3444 3580//3576
f 3585//3581 3580//3576 3584//3580
f 3452//3449 3586//3582 3453//3450
f 3453//3450 3586//3582 3587//3583
f 3453//3450 3587//3583 3448//3445
f 3448//3445 3587//3583 3582//3578
f 3450//3447 3585//3581 3454//3451
f 3454//3451 3585//3581 3588//3584
f 3454//3451 3588//3584 3589//3585
f 3454//3451 3589//3585 3455//3452
f 3456//3453 3590//3586 3457//3454
f 3457//3454 3590//3586 3591//3587
f 3457//3454 3591//3587 3452//3449
f 3452//3449 3591//3587 3586//3582
f 3589//3585 3588//3584 3592//3588
f 3592//3588 3588//3584 3593//3589
f 3458//3455 3455//3452 3592//3588
f 3592//3588 3455//3452 3589//3585
f 3463//3460 3594//3590 3464//3461
f 3464//3461 3594//3590 3595//3591
f 3464//3461 3595//3591 3465//3462
f 3465//3462 3595//3591 3596//3592
f 3465//3462 3596//3592 3456//3453
f 3456//3453 3596//3592 3590//3586
f 3592//3588 3593//3589 3597//3593
f 3458//3455 3592//3588 3466//3463
f 3466//3463 3592//3588 3597//3593
f 3466//3463 3597//3593 3598//3594
f 3598//3594 3597//3593 3599//3595
f 3466//3463 3598//3594 3467//3464
f 3467//3464 3598//3594 3600//3596
f 3467//3464 3600//3596 3468//3465
f 3468//3465 3600//3596 3601//3597
f 3468//3465 3601//3597 3602//3598
f 3468//3465 3602//3598 3469//3466
f 3469//3466 3602//3598 3603//3599
f 3469//3466 3603//3599 3463//3460
f 3463//3460 3603//3599 3594//3590
f 3598//3594 3599//3595 3604//3600
f 3598//3594 3604//3600 3600//3596
f 3600//3596 3604//3600 3605//3601
f 3600//3596 3605//3601 3601//3597
f 3606//3602 3607//3603 3608//3604
f 3606//3602 3609//3605 3607//3603
f 3470//3467 3471//3468 3610//3606
f 3610//3606 3471//3468 3611//3607
f 3471//3468 3472//3469 3611//3607
f 3611//3607 3472//3469 3612//3608
f 3472//3469 3473//3470 3612//3608
f 3612//3608 3473//3470 3613//3609
f 3473//3470 3474//3471 3613//3609
f 3613//3609 3474//3471 3606//3602
f 3613//3609 3606//3602 3608//3604
f 3474//3471 3475//3472 3606//3602
f 3606//3602 3475//3472 3614//3610
f 3606//3602 3614//3610 3609//3605
f 3475//3472 3476//3473 3614//3610
f 3614//3610 3476//3473 3615//3611
f 3476//3473 3477//3474 3615//3611
f 3615//3611 3477//3474 3616//3612
f 3478//3475 3470//3467 3617//3613
f 3617//3613 3470//3467 3610//3606
f 3477//3474 3480//3477 3616//3612
f 3616//3612 3480//3477 3618//3614
f 3480//3477 3481//3478 3618//3614
f 3618//3614 3481//3478 3619//3615
f 3482//3479 3478//3475 3620//3616
f 3620//3616 3478//3475 3617//3613
f 3483//3480 3621//3617 3481//3478
f 3481//3478 3621//3617 3619//3615
f 3484//3481 3482//3479 3622//3618
f 3622//3618 3482//3479 3620//3616
f 3485//3482 3623//3619 3483//3480
f 3483//3480 3623//3619 3621//3617
f 3486//3483 3484//3481 3624//3620
f 3624//3620 3484//3481 3622//3618
f 3488//3485 3625//3621 3485//3482
f 3485//3482 3625//3621 3623//3619
f 3486//3483 3624//3620 3489//3486
f 3489//3486 3624//3620 3626//3622
f 3489//3486 3626//3622 3490//3487
f 3490//3487 3626//3622 3627//3623
f 3492//3489 3628//3624 3493//3490
f 3493//3490 3628//3624 3629//3625
f 3493//3490 3629//3625 3488//3485
f 3488//3485 3629//3625 3625//3621
f 3490//3487 3627//3623 3494//3491
f 3494//3491 3627//3623 3630//3626
f 3494//3491 3630//3626 3495//3492
f 3495//3492 3630//3626 3631//3627
f 3495//3492 3631//3627 3496//3493
f 3496//3493 3631//3627 3632//3628
f 3496//3493 3632//3628 3497//3494
f 3497//3494 3632//3628 3633//3629
f 3497//3494 3633//3629 3498//3495
f 3498//3495 3633//3629 3634//3630
f 3498//3495 3634//3630 3492//3489
f 3492//3489 3634//3630 3628//3624
f 3504//3501 3505//3502 3635//3631
f 3505//3502 3506//3503 3635//3631
f 3635//3631 3506//3503 3636//3632
f 3506//3503 3507//3504 3636//3632
f 3636//3632 3507//3504 3637//3633
f 3507//3504 3509//3506 3637//3633
f 3511//3508 3512//3509 3638//3634
f 3638//3634 3512//3509 3639//3635
f 3512//3509 3504//3501 3639//3635
f 3639//3635 3504//3501 3635//3631
f 3639//3635 3635//3631 3640//3636
f 3635//3631 3636//3632 3640//3636
f 3640//3636 3636//3632 3641//3637
f 3636//3632 3637//3633 3641//3637
f 3641//3637 3637//3633 3642//3638
f 3641//3637 3642//3638 3643//3639
f 3514//3511 3642//3638 3509//3506
f 3509//3506 3642//3638 3637//3633
f 3515//3512 3516//3513 3644//3640
f 3516//3513 3511//3508 3644//3640
f 3644//3640 3511//3508 3638//3634
f 3644//3640 3638//3634 3645//3641
f 3642//3638 3646//3642 3643//3639
f 3518//3515 3647//3643 3514//3511
f 3514//3511 3647//3643 3646//3642
f 3514//3511 3646//3642 3642//3638
f 3519//3516 3515//3512 3648//3644
f 3648//3644 3515//3512 3644//3640
f 3648//3644 3644//3640 3649//3645
f 3644//3640 3645//3641 3649//3645
f 3518//3515 3520//3517 3647//3643
f 3647//3643 3520//3517 3650//3646
f 3520//3517 3522//3519 3650//3646
f 3650//3646 3522//3519 3651//3647
f 3523//3520 3519//3516 3652//3648
f 3652//3648 3519//3516 3648//3644
f 3522//3519 3524//3521 3651//3647
f 3651//3647 3524//3521 3653//3649
f 3524//3521 3526//3523 3653//3649
f 3653//3649 3526//3523 3654//3650
f 3527//3524 3523//3520 3655//3651
f 3655//3651 3523//3520 3652//3648
f 3529//3526 3656//3652 3526//3523
f 3526//3523 3656//3652 3654//3650
f 3530//3053 3527//3524 3657//3053
f 3657//3053 3527//3524 3655//3651
f 3529//3526 3531//3527 3656//3652
f 3656//3652 3531//3527 3658//3653
f 3656//3652 3658//3653 3659//3654
f 3531//3527 3532//3528 3658//3653
f 3533//3529 3530//3053 3660//3067
f 3660//3067 3530//3053 3657//3053
f 3535//3531 3661//3655 3536//3532
f 3536//3532 3661//3655 3659//3654
f 3536//3532 3659//3654 3658//3653
f 3536//3532 3658//3653 3532//3528
f 3537//3533 3533//3529 3662//3656
f 3662//3656 3533//3529 3660//3067
f 3539//3535 3663//3657 3540//3536
f 3540//3536 3663//3657 3664//3658
f 3540//3536 3664//3658 3535//3531
f 3535//3531 3664//3658 3661//3655
f 3665//3659 3666//3660 3667//3661
f 3541//3537 3542//3538 3665//3659
f 3665//3659 3542//3538 3668//3662
f 3665//3659 3668//3662 3666//3660
f 3542//3538 3543//3539 3668//3662
f 3668//3662 3543//3539 3669//3663
f 3543//3539 3544//3540 3669//3663
f 3669//3663 3544//3540 3670//3664
f 3544//3540 3545//3541 3670//3664
f 3670//3664 3545//3541 3671//3665
f 3545//3541 3546//3542 3671//3665
f 3671//3665 3546//3542 3672//3666
f 3671//3665 3672//3666 3673//3667
f 3546//3542 3548//3544 3672//3666
f 3550//3546 3537//3533 3674//3668
f 3674//3668 3537//3533 3662//3656
f 3552//3548 3675//3669 3553//3549
f 3553//3549 3675//3669 3676//3670
f 3553//3549 3676//3670 3539//3535
f 3539//3535 3676//3670 3663//3657
f 3556//3552 3555//3551 3677//3671
f 3677//3671 3555//3551 3678//3672
f 3555//3551 3557//3553 3678//3672
f 3678//3672 3557//3553 3679//3673
f 3557//3553 3558//3554 3679//3673
f 3679//3673 3558//3554 3665//3659
f 3679//3673 3665//3659 3667//3661
f 3558//3554 3541//3537 3665//3659
f 3672//3666 3680//3674 3673//3667
f 3548//3544 3559//3555 3672//3666
f 3672//3666 3559//3555 3681//3675
f 3672//3666 3681//3675 3680//3674
f 3559//3555 3560//3556 3681//3675
f 3681//3675 3560//3556 3682//3676
f 3681//3675 3682//3676 3683//3677
f 3560//3556 3561//3557 3682//3676
f 3550//3546 3674//3668 3562//3558
f 3562//3558 3674//3668 3684//3678
f 3562//3558 3684//3678 3563//3559
f 3563//3559 3684//3678 3685//3679
f 3566//3562 3686//3680 3567//3563
f 3567//3563 3686//3680 3687//3681
f 3567//3563 3687//3681 3568//3564
f 3568//3564 3687//3681 3688//3682
f 3568//3564 3688//3682 3552//3548
f 3552//3548 3688//3682 3675//3669
f 3689//3683 3690//3684 3691//3685
f 3569//3565 3556//3552 3689//3683
f 3689//3683 3556//3552 3677//3671
f 3689//3683 3677//3671 3690//3684
f 3682//3676 3692//3686 3683//3677
f 3570//3566 3693//3687 3561//3557
f 3561//3557 3693//3687 3692//3686
f 3561//3557 3692//3686 3682//3676
f 3563//3559 3685//3679 3571//3567
f 3571//3567 3685//3679 3694//3688
f 3571//3567 3694//3688 3572//3568
f 3572//3568 3694//3688 3695//3689
f 3572//3568 3695//3689 3566//3562
f 3566//3562 3695//3689 3686//3680
f 3575//3571 3574//3570 3696//3690
f 3696//3690 3574//3570 3689//3683
f 3696//3690 3689//3683 3691//3685
f 3574//3570 3569//3565 3689//3683
f 3576//3572 3697//3691 3570//3566
f 3570//3566 3697//3691 3693//3687
f 3578//3574 3575//3571 3698//3692
f 3698//3692 3575//3571 3696//3690
f 3699//3693 3700//3694 3701//3695
f 3579//3575 3699//3693 3576//3572
f 3576//3572 3699//3693 3701//3695
f 3576//3572 3701//3695 3697//3691
f 3581//3577 3578//3574 3702//3696
f 3702//3696 3578//3574 3698//3692
f 3582//3578 3703//3697 3583//3579
f 3583//3579 3703//3697 3700//3694
f 3583//3579 3700//3694 3699//3693
f 3583//3579 3699//3693 3579//3575
f 3581//3577 3702//3696 3584//3580
f 3584//3580 3702//3696 3704//3698
f 3584//3580 3704//3698 3705//3699
f 3584//3580 3705//3699 3585//3581
f 3586//3582 3706//3700 3587//3583
f 3587//3583 3706//3700 3707//3701
f 3587//3583 3707//3701 3582//3578
f 3582//3578 3707//3701 3703//3697
f 3705//3699 3704//3698 3708//3702
f 3708//3702 3704//3698 3709//3703
f 3588//3584 3585//3581 3708//3702
f 3708//3702 3585//3581 3705//3699
f 3590//3586 3710//3704 3591//3587
f 3591//3587 3710//3704 3711//3705
f 3591//3587 3711//3705 3586//3582
f 3586//3582 3711//3705 3706//3700
f 3708//3702 3709//3703 3712//3706
f 3593//3589 3588//3584 3713//3707
f 3713//3707 3588//3584 3708//3702
f 3713//3707 3708//3702 3712//3706
f 3594//3590 3714//3708 3595//3591
f 3595//3591 3714//3708 3596//3592
f 3596//3592 3714//3708 3715//3709
f 3596//3592 3715//3709 3716//3710
f 3596//3592 3716//3710 3590//3586
f 3590//3586 3716//3710 3710//3704
f 3593//3589 3713//3707 3597//3593
f 3597//3593 3713//3707 3717//3711
f 3597//3593 3717//3711 3718//3712
f 3597//3593 3718//3712 3599//3595
f 3601//3597 3719//3713 3602//3598
f 3602//3598 3719//3713 3603//3599
f 3603//3599 3719//3713 3720//3714
f 3603//3599 3720//3714 3721//3715
f 3603//3599 3721//3715 3594//3590
f 3594//3590 3721//3715 3722//3716
f 3594//3590 3722//3716 3714//3708
f 3714//3708 3722//3716 3715//3709
f 3718//3712 3717//3711 3723//3717
f 3599//3595 3718//3712 3604//3600
f 3604//3600 3718//3712 3723//3717
f 3604//3600 3723//3717 3724//3718
f 3604//3600 3724//3718 3605//3601
f 3605//3601 3724//3718 3725//3719
f 3605//3601 3725//3719 3601//3597
f 3601//3597 3725//3719 3726//3720
f 3601//3597 3726//3720 3719//3713
f 3719//3713 3726//3720 3720//3714
f 3608//3604 3607//3603 3727//3721
f 3727//3721 3607//3603 3728//3722
f 3607//3603 3609//3605 3728//3722
f 3728//3722 3609//3605 3729//3723
f 3610//3606 3611//3607 3730//3724
f 3611//3607 3612//3608 3730//3724
f 3730//3724 3612//3608 3731//3725
f 3730//3724 3731//3725 3732//3726
f 3612//3608 3613//3609 3731//3725
f 3731//3725 3613//3609 3733//3727
f 3613//3609 3608//3604 3733//3727
f 3733//3727 3608//3604 3727//3721
f 3609//3605 3614//3610 3729//3723
f 3729//3723 3614//3610 3734//3728
f 3614//3610 3615//3611 3734//3728
f 3734//3728 3615//3611 3735//3729
f 3615//3611 3616//3612 3735//3729
f 3735//3729 3616//3612 3736//3730
f 3617//3613 3610//3606 3737//3731
f 3737//3731 3610//3606 3730//3724
f 3737//3731 3730//3724 3738//3732
f 3730//3724 3732//3726 3738//3732
f 3616//3612 3618//3614 3736//3730
f 3736//3730 3618//3614 3739//3733
f 3618//3614 3619//3615 3739//3733
f 3739//3733 3619//3615 3740//3734
f 3620//3616 3617//3613 3741//3735
f 3741//3735 3617//3613 3737//3731
f 3621//3617 3742//3736 3619//3615
f 3619//3615 3742//3736 3740//3734
f 3622//3618 3620//3616 3743//3737
f 3743//3737 3620//3616 3741//3735
f 3623//3619 3744//3738 3621//3617
f 3621//3617 3744//3738 3742//3736
f 3624//3620 3622//3618 3745//3739
f 3745//3739 3622//3618 3743//3737
f 3625//3621 3746//3740 3623//3619
f 3623//3619 3746//3740 3744//3738
f 3624//3620 3745//3739 3626//3622
f 3626//3622 3745//3739 3747//3741
f 3626//3622 3747//3741 3627//3623
f 3627//3623 3747//3741 3748//3742
f 3628//3624 3749//3743 3629//3625
f 3629//3625 3749//3743 3750//3744
f 3629//3625 3750//3744 3625//3621
f 3625//3621 3750//3744 3746//3740
f 3627//3623 3748//3742 3630//3626
f 3630//3626 3748//3742 3751//3745
f 3630//3626 3751//3745 3631//3627
f 3631//3627 3751//3745 3752//3746
f 3631//3627 3752//3746 3632//3628
f 3632//3628 3752//3746 3753//3747
f 3632//3628 3753//3747 3633//3629
f 3633//3629 3753//3747 3754//3748
f 3633//3629 3754//3748 3634//3630
f 3634//3630 3754//3748 3755//3749
f 3634//3630 3755//3749 3628//3624
f 3628//3624 3755//3749 3749//3743
f 3638//3634 3639//3635 3756//3750
f 3639//3635 3640//3636 3756//3750
f 3756//3750 3640//3636 3757//3751
f 3756//3750 3757//3751 3758//3752
f 3640//3636 3641//3637 3757//3751
f 3757//3751 3641//3637 3759//3753
f 3757//3751 3759//3753 3760//3754
f 3641//3637 3643//3639 3759//3753
f 3645//3641 3638//3634 3761//3755
f 3761//3755 3638//3634 3756//3750
f 3761//3755 3756//3750 3762//3756
f 3756//3750 3758//3752 3762//3756
f 3759//3753 3763//3757 3760//3754
f 3643//3639 3646//3642 3759//3753
f 3759//3753 3646//3642 3764//3758
f 3759//3753 3764//3758 3763//3757
f 3763//3757 3764//3758 3765//3759
f 3646//3642 3647//3643 3764//3758
f 3648//3644 3649//3645 3766//3760
f 3766//3760 3649//3645 3767//3761
f 3649//3645 3645//3641 3767//3761
f 3767//3761 3645//3641 3761//3755
f 3764//3758 3768//3762 3765//3759
f 3647//3643 3650//3646 3764//3758
f 3764//3758 3650//3646 3769//3763
f 3764//3758 3769//3763 3768//3762
f 3650//3646 3651//3647 3769//3763
f 3769//3763 3651//3647 3770//3764
f 3652//3648 3648//3644 3771//3765
f 3771//3765 3648//3644 3766//3760
f 3651//3647 3653//3649 3770//3764
f 3770//3764 3653//3649 3772//3766
f 3770//3764 3772//3766 3773//3767
f 3653//3649 3654//3650 3772//3766
f 3655//3651 3652//3648 3774//3768
f 3774//3768 3652//3648 3771//3765
f 3772//3766 3775//3769 3773//3767
f 3656//3652 3776//3770 3654//3650
f 3654//3650 3776//3770 3775//3769
f 3654//3650 3775//3769 3772//3766
f 3657//3053 3655//3651 3777//3771
f 3777//3771 3655//3651 3774//3768
f 3659//3654 3778//3772 3656//3652
f 3656//3652 3778//3772 3776//3770
f 3660//3067 3657//3053 3779//3773
f 3779//3773 3657//3053 3777//3771
f 3661//3655 3780//3774 3659//3654
f 3659//3654 3780//3774 3778//3772
f 3662//3656 3660//3067 3781//3775
f 3781//3775 3660//3067 3779//3773
f 3663//3657 3782//3776 3664//3658
f 3664//3658 3782//3776 3783//3777
f 3664//3658 3783//3777 3661//3655
f 3661//3655 3783//3777 3780//3774
f 3667//3661 3666//3660 3784//3778
f 3784//3778 3666//3660 3785//3779
f 3666//3660 3668//3662 3785//3779
f 3785//3779 3668//3662 3786//3780
f 3668//3662 3669//3663 3786//3780
f 3786//3780 3669//3663 3787//3781
f 3669//3663 3670//3664 3787//3781
f 3787//3781 3670//3664 3788//3782
f 3787//3781 3788//3782 3789//3783
f 3670//3664 3671//3665 3788//3782
f 3788//3782 3671//3665 3790//3784
f 3671//3665 3673//3667 3790//3784
f 3674//3668 3662//3656 3791//3785
f 3791//3785 3662//3656 3781//3775
f 3675//3669 3792//3786 3676//3670
f 3676//3670 3792//3786 3793//3787
f 3676//3670 3793//3787 3663//3657
f 3663//3657 3793//3787 3782//3776
f 3677//3671 3678//3672 3794//3788
f 3794//3788 3678//3672 3795//3789
f 3678//3672 3679//3673 3795//3789
f 3795//3789 3679//3673 3796//3790
f 3679//3673 3667//3661 3796//3790
f 3796//3790 3667//3661 3784//3778
f 3788//3782 3797//3791 3789//3783
f 3788//3782 3790//3784 3797//3791
f 3797//3791 3790//3784 3798//3792
f 3673//3667 3680//3674 3790//3784
f 3790//3784 3680//3674 3799//3793
f 3790//3784 3799//3793 3798//3792
f 3680//3674 3681//3675 3799//3793
f 3799//3793 3681//3675 3800//3794
f 3799//3793 3800//3794 3801//3795
f 3681//3675 3683//3677 3800//3794
f 3674//3668 3791//3785 3684//3678
f 3684//3678 3791//3785 3802//3796
f 3684//3678 3802//3796 3803//3797
f 3684//3678 3803//3797 3685//3679
f 3686//3680 3804//3798 3687//3681
f 3687//3681 3804//3798 3805//3799
f 3687//3681 3805//3799 3688//3682
f 3688//3682 3805//3799 3806//3800
f 3688//3682 3806//3800 3675//3669
f 3675//3669 3806//3800 3792//3786
f 3691//3685 3690//3684 3807//3801
f 3807//3801 3690//3684 3808//3802
f 3690//3684 3677//3671 3808//3802
f 3808//3802 3677//3671 3794//3788
f 3800//3794 3809//3803 3801//3795
f 3683//3677 3692//3686 3800//3794
f 3800//3794 3692//3686 3810//3804
f 3800//3794 3810//3804 3809//3803
f 3809//3803 3810//3804 3811//3805
f 3692//3686 3693//3687 3810//3804
f 3803//3797 3802//3796 3812//3806
f 3685//3679 3803//3797 3694//3688
f 3694//3688 3803//3797 3812//3806
f 3694//3688 3812//3806 3813//3807
f 3694//3688 3813//3807 3695//3689
f 3695//3689 3813//3807 3814//3808
f 3695//3689 3814//3808 3686//3680
f 3686//3680 3814//3808 3804//3798
f 3815//3809 3816//3810 3817//3811
f 3696//3690 3691//3685 3815//3809
f 3815//3809 3691//3685 3807//3801
f 3815//3809 3807//3801 3816//3810
f 3810//3804 3818//3812 3811//3805
f 3811//3805 3818//3812 3819//3813
f 3697//3691 3818//3812 3693//3687
f 3693//3687 3818//3812 3810//3804
f 3815//3809 3817//3811 3820//3814
f 3820//3814 3817//3811 3821//3815
f 3698//3692 3696//3690 3820//3814
f 3820//3814 3696//3690 3815//3809
f 3700//3694 3822//3816 3701//3695
f 3701//3695 3822//3816 3819//3813
f 3701//3695 3819//3813 3818//3812
f 3701//3695 3818//3812 3697//3691
f 3820//3814 3821//3815 3823//3817
f 3823//3817 3821//3815 3824//3818
f 3702//3696 3698//3692 3823//3817
f 3823//3817 3698//3692 3820//3814
f 3703//3697 3825//3819 3700//3694
f 3700//3694 3825//3819 3822//3816
f 3823//3817 3824//3818 3826//3820
f 3826//3820 3824//3818 3827//3821
f 3704//3698 3702//3696 3826//3820
f 3826//3820 3702//3696 3823//3817
f 3706//3700 3828//3822 3707//3701
f 3707//3701 3828//3822 3829//3823
f 3707//3701 3829//3823 3703//3697
f 3703//3697 3829//3823 3825//3819
f 3826//3820 3827//3821 3830//3824
f 3709//3703 3704//3698 3831//3825
f 3831//3825 3704//3698 3826//3820
f 3831//3825 3826//3820 3830//3824
f 3710//3704 3832//3826 3711//3705
f 3711//3705 3832//3826 3833//3827
f 3711//3705 3833//3827 3706//3700
f 3706//3700 3833//3827 3828//3822
f 3709//3703 3831//3825 3712//3706
f 3712//3706 3831//3825 3834//3828
f 3712//3706 3834//3828 3835//3829
f 3712//3706 3835//3829 3713//3707
f 3715//3709 3836//3830 3716//3710
f 3716//3710 3836//3830 3837//3831
f 3716//3710 3837//3831 3710//3704
f 3710//3704 3837//3831 3832//3826
f 3835//3829 3834//3828 3838//3832
f 3717//3711 3713//3707 3839//3833
f 3839//3833 3713//3707 3835//3829
f 3839//3833 3835//3829 3838//3832
f 3720//3714 3840//3834 3721//3715
f 3721//3715 3840//3834 3722//3716
f 3722//3716 3840//3834 3841//3835
f 3722//3716 3841//3835 3842//3836
f 3722//3716 3842//3836 3715//3709
f 3715//3709 3842//3836 3836//3830
f 3717//3711 3839//3833 3723//3717
f 3723//3717 3839//3833 3843//3837
f 3723//3717 3843//3837 3724//3718
f 3724//3718 3843//3837 3844//3838
f 3724//3718 3844//3838 3845//3839
f 3724//3718 3845//3839 3725//3719
f 3725//3719 3845//3839 3846//3840
f 3725//3719 3846//3840 3726//3720
f 3726//3720 3846//3840 3847//3841
f 3726//3720 3847//3841 3848//3842
f 3726//3720 3848//3842 3720//3714
f 3720//3714 3848//3842 3849//3843
f 3720//3714 3849//3843 3840//3834
f 3840//3834 3849//3843 3841//3835
f 3845//3839 3844//3838 3850//3844
f 3845//3839 3850//3844 3846//3840
f 3846//3840 3850//3844 3851//3845
f 3846//3840 3851//3845 3847//3841
f 3852//3846 3853//3847 3854//3848
f 3727//3721 3728//3722 3852//3846
f 3852//3846 3728//3722 3855//3849
f 3852//3846 3855//3849 3853//3847
f 3728//3722 3729//3723 3855//3849
f 3855//3849 3729//3723 3856//3850
f 3855//3849 3856//3850 3857//3851
f 3856//3850 3858//3852 3857//3851
f 3732//3726 3731//3725 3859//3853
f 3859//3853 3731//3725 3860//3854
f 3731//3725 3733//3727 3860//3854
f 3860//3854 3733//3727 3852//3846
f 3860//3854 3852//3846 3854//3848
f 3733//3727 3727//3721 3852//3846
f 3729//3723 3734//3728 3856//3850
f 3734//3728 3735//3729 3856//3850
f 3856//3850 3735//3729 3861//3855
f 3856//3850 3861//3855 3858//3852
f 3735//3729 3736//3730 3861//3855
f 3861//3855 3736//3730 3862//3856
f 3737//3731 3738//3732 3863//3857
f 3863//3857 3738//3732 3864//3858
f 3738//3732 3732//3726 3864//3858
f 3864//3858 3732//3726 3859//3853
f 3736//3730 3739//3733 3862//3856
f 3862//3856 3739//3733 3865//3859
f 3739//3733 3740//3734 3865//3859
f 3865//3859 3740//3734 3866//3860
f 3741//3735 3737//3731 3867//3861
f 3867//3861 3737//3731 3863//3857
f 3742//3736 3868//3862 3740//3734
f 3740//3734 3868//3862 3866//3860
f 3743//3737 3741//3735 3869//3863
f 3869//3863 3741//3735 3867//3861
f 3744//3738 3870//3864 3742//3736
f 3742//3736 3870//3864 3868//3862
f 3745//3739 3743//3737 3871//3865
f 3871//3865 3743//3737 3869//3863
f 3746//3740 3872//3740 3744//3738
f 3744//3738 3872//3740 3870//3864
f 3745//3739 3871//3865 3747//3741
f 3747//3741 3871//3865 3873//3866
f 3747//3741 3873//3866 3748//3742
f 3748//3742 3873//3866 3874//3867
f 3749//3743 3875//3868 3750//3744
f 3750//3744 3875//3868 3876//3869
f 3750//3744 3876//3869 3746//3740
f 3746//3740 3876//3869 3872//3740
f 3748//3742 3874//3867 3751//3745
f 3751//3745 3874//3867 3877//3870
f 3751//3745 3877//3870 3752//3746
f 3752//3746 3877//3870 3878//3871
f 3752//3746 3878//3871 3753//3747
f 3753//3747 3878//3871 3879//3872
f 3753//3747 3879//3872 3754//3748
f 3754//3748 3879//3872 3880//3873
f 3754//3748 3880//3873 3755//3749
f 3755//3749 3880//3873 3881//3874
f 3755//3749 3881//3874 3749//3743
f 3749//3743 3881//3874 3875//3868
f 3758//3752 3757//3751 3882//3875
f 3757//3751 3760//3754 3882//3875
f 3761//3755 3762//3756 3883//3876
f 3762//3756 3758//3752 3883//3876
f 3883//3876 3758//3752 3882//3875
f 3883//3876 3882//3875 3884//3877
f 3884//3877 3882//3875 3885//3878
f 3760//3754 3763//3757 3882//3875
f 3882//3875 3763//3757 3886//3879
f 3882//3875 3886//3879 3885//3878
f 3763//3757 3765//3759 3886//3879
f 3886//3879 3765//3759 3887//3880
f 3766//3760 3767//3761 3888//3881
f 3767//3761 3761//3755 3888//3881
f 3888//3881 3761//3755 3883//3876
f 3888//3881 3883//3876 3889//3882
f 3889//3882 3883//3876 3890//3883
f 3883//3876 3884//3877 3890//3883
f 3765//3759 3768//3762 3887//3880
f 3887//3880 3768//3762 3891//3884
f 3768//3762 3769//3763 3891//3884
f 3891//3884 3769//3763 3892//3885
f 3891//3884 3892//3885 3893//3886
f 3769//3763 3770//3764 3892//3885
f 3771//3765 3766//3760 3894//3887
f 3894//3887 3766//3760 3888//3881
f 3894//3887 3888//3881 3895//3888
f 3888//3881 3889//3882 3895//3888
f 3892//3885 3896//3889 3893//3886
f 3773//3767 3897//3890 3770//3764
f 3770//3764 3897//3890 3896//3889
f 3770//3764 3896//3889 3892//3885
f 3774//3768 3771//3765 3898//3891
f 3898//3891 3771//3765 3894//3887
f 3773//3767 3775//3769 3897//3890
f 3897//3890 3775//3769 3899//3892
f 3897//3890 3899//3892 3900//3893
f 3775//3769 3776//3770 3899//3892
f 3777//3771 3774//3768 3901//3894
f 3901//3894 3774//3768 3898//3891
f 3899//3892 3902//3895 3900//3893
f 3778//3772 3903//3896 3776//3770
f 3776//3770 3903//3896 3902//3895
f 3776//3770 3902//3895 3899//3892
f 3779//3773 3777//3771 3904//3897
f 3904//3897 3777//3771 3901//3894
f 3905//3898 3906//3899 3907//3900
f 3780//3774 3905//3898 3778//3772
f 3778//3772 3905//3898 3907//3900
f 3778//3772 3907//3900 3903//3896
f 3781//3775 3779//3773 3908//3901
f 3908//3901 3779//3773 3904//3897
f 3782//3776 3909//3902 3783//3777
f 3783//3777 3909//3902 3906//3899
f 3783//3777 3906//3899 3905//3898
f 3783//3777 3905//3898 3780//3774
f 3784//3778 3785//3779 3910//3903
f 3785//3779 3786//3780 3910//3903
f 3910//3903 3786//3780 3911//3904
f 3910//3903 3911//3904 3912//3905
f 3786//3780 3787//3781 3911//3904
f 3911//3904 3787//3781 3913//3906
f 3911//3904 3913//3906 3914//3907
f 3787//3781 3789//3783 3913//3906
f 3791//3785 3781//3775 3915//3908
f 3915//3908 3781//3775 3908//3901
f 3916//3909 3917//3910 3918//3911
f 3792//3786 3916//3909 3793//3787
f 3793//3787 3916//3909 3918//3911
f 3793//3787 3918//3911 3919//3912
f 3793//3787 3919//3912 3782//3776
f 3782//3776 3919//3912 3909//3902
f 3794//3788 3795//3789 3920//3913
f 3920//3913 3795//3789 3921//3914
f 3795//3789 3796//3790 3921//3914
f 3921//3914 3796//3790 3922//3915
f 3796//3790 3784//3778 3922//3915
f 3922//3915 3784//3778 3910//3903
f 3922//3915 3910//3903 3923//3916
f 3910//3903 3912//3905 3923//3916
f 3913//3906 3924//3917 3914//3907
f 3789//3783 3797//3791 3913//3906
f 3913//3906 3797//3791 3925//3918
f 3913//3906 3925//3918 3924//3917
f 3797//3791 3798//3792 3925//3918
f 3925//3918 3798//3792 3926//3919
f 3798//3792 3799//3793 3926//3919
f 3926//3919 3799//3793 3927//3920
f 3926//3919 3927//3920 3928//3921
f 3799//3793 3801//3795 3927//3920
f 3802//3796 3791//3785 3929//3922
f 3929//3922 3791//3785 3915//3908
f 3804//3798 3930//3923 3805//3799
f 3805//3799 3930//3923 3931//3924
f 3805//3799 3931//3924 3806//3800
f 3806//3800 3931//3924 3917//3910
f 3806//3800 3917//3910 3916//3909
f 3806//3800 3916//3909 3792//3786
f 3807//3801 3808//3802 3932//3925
f 3932//3925 3808//3802 3933//3926
f 3808//3802 3794//3788 3933//3926
f 3933//3926 3794//3788 3920//3913
f 3927//3920 3934//3927 3928//3921
f 3801//3795 3809//3803 3927//3920
f 3927//3920 3809//3803 3935//3928
f 3927//3920 3935//3928 3934//3927
f 3934//3927 3935//3928 3936//3929
f 3809//3803 3811//3805 3935//3928
f 3802//3796 3929//3922 3812//3806
f 3812//3806 3929//3922 3937//3930
f 3812//3806 3937//3930 3813//3807
f 3813//3807 3937//3930 3938//3931
f 3813//3807 3938//3931 3814//3808
f 3814//3808 3938//3931 3939//3932
f 3814//3808 3939//3932 3804//3798
f 3804//3798 3939//3932 3930//3923
f 3817//3811 3816//3810 3940//3933
f 3940//3933 3816//3810 3941//3934
f 3816//3810 3807//3801 3941//3934
f 3941//3934 3807//3801 3932//3925
f 3935//3928 3942//3935 3936//3929
f 3819//3813 3943//3936 3811//3805
f 3811//3805 3943//3936 3942//3935
f 3811//3805 3942//3935 3935//3928
f 3821//3815 3817//3811 3944//3937
f 3944//3937 3817//3811 3940//3933
f 3822//3816 3945//3938 3819//3813
f 3819//3813 3945//3938 3943//3936
f 3824//3818 3821//3815 3946//3939
f 3946//3939 3821//3815 3944//3937
f 3947//3940 3948//3941 3949//3942
f 3825//3819 3947//3940 3822//3816
f 3822//3816 3947//3940 3949//3942
f 3822//3816 3949//3942 3945//3938
f 3827//3821 3824//3818 3950//3943
f 3950//3943 3824//3818 3946//3939
f 3828//3822 3951//3944 3829//3823
f 3829//3823 3951//3944 3948//3941
f 3829//3823 3948//3941 3947//3940
f 3829//3823 3947//3940 3825//3819
f 3827//3821 3950//3943 3830//3824
f 3830//3824 3950//3943 3952//3945
f 3830//3824 3952//3945 3953//3946
f 3830//3824 3953//3946 3831//3825
f 3832//3826 3954//3947 3833//3827
f 3833//3827 3954//3947 3955//3948
f 3833//3827 3955//3948 3828//3822
f 3828//3822 3955//3948 3951//3944
f 3953//3946 3952//3945 3956//3949
f 3834//3828 3831//3825 3957//3950
f 3957//3950 3831//3825 3953//3946
f 3957//3950 3953//3946 3956//3949
f 3836//3830 3958//3951 3837//3831
f 3837//3831 3958//3951 3959//3952
f 3837//3831 3959//3952 3832//3826
f 3832//3826 3959//3952 3954//3947
f 3834//3828 3957//3950 3838//3832
f 3838//3832 3957//3950 3960//3953
f 3838//3832 3960//3953 3961//3954
f 3838//3832 3961//3954 3839//3833
f 3841//3835 3962//3955 3842//3836
f 3842//3836 3962//3955 3963//3956
f 3842//3836 3963//3956 3836//3830
f 3836//3830 3963//3956 3958//3951
f 3961//3954 3960//3953 3964//3957
f 3839//3833 3961//3954 3843//3837
f 3843//3837 3961//3954 3964//3957
f 3843//3837 3964//3957 3965//3958
f 3965//3958 3964//3957 3966//3959
f 3843//3837 3965//3958 3844//3838
f 3847//3841 3967//3960 3848//3842
f 3848//3842 3967//3960 3968//3961
f 3848//3842 3968//3961 3849//3843
f 3849//3843 3968//3961 3969//3962
f 3849//3843 3969//3962 3841//3835
f 3841//3835 3969//3962 3962//3955
f 3965//3958 3966//3959 3970//3963
f 3844//3838 3965//3958 3850//3844
f 3850//3844 3965//3958 3970//3963
f 3850//3844 3970//3963 3971//3964
f 3850//3844 3971//3964 3851//3845
f 3851//3845 3971//3964 3972//3965
f 3851//3845 3972//3965 3847//3841
f 3847//3841 3972//3965 3967//3960
f 3854//3848 3853//3847 3973//3966
f 3973//3966 3853//3847 3974//3967
f 3853//3847 3855//3849 3974//3967
f 3974//3967 3855//3849 3975//3968
f 3855//3849 3857//3851 3975//3968
f 3975//3968 3857//3851 3976//3969
f 3857//3851 3858//3852 3976//3969
f 3976//3969 3858//3852 3977//3970
f 3859//3853 3860//3854 3978//3971
f 3978//3971 3860//3854 3979//3972
f 3860//3854 3854//3848 3979//3972
f 3979//3972 3854//3848 3973//3966
f 3858//3852 3861//3855 3977//3970
f 3977//3970 3861//3855 3980//3973
f 3861//3855 3862//3856 3980//3973
f 3980//3973 3862//3856 3981//3974
f 3863//3857 3864//3858 3982//3975
f 3982//3975 3864//3858 3983//3976
f 3864//3858 3859//3853 3983//3976
f 3983//3976 3859//3853 3978//3971
f 3862//3856 3865//3859 3981//3974
f 3981//3974 3865//3859 3984//3977
f 3865//3859 3866//3860 3984//3977
f 3984//3977 3866//3860 3985//3978
f 3867//3861 3863//3857 3986//3979
f 3986//3979 3863//3857 3982//3975
f 3868//3862 3987//3980 3866//3860
f 3866//3860 3987//3980 3985//3978
f 3869//3863 3867//3861 3988//3981
f 3988//3981 3867//3861 3986//3979
f 3870//3864 3989//3982 3868//3862
f 3868//3862 3989//3982 3987//3980
f 3871//3865 3869//3863 3990//3983
f 3990//3983 3869//3863 3988//3981
f 3872//3740 3991//3984 3870//3864
f 3870//3864 3991//3984 3989//3982
f 3871//3865 3990//3983 3873//3866
f 3873//3866 3990//3983 3992//3985
f 3873//3866 3992//3985 3874//3867
f 3874//3867 3992//3985 3993//3986
f 3875//3868 3994//3987 3876//3869
f 3876//3869 3994//3987 3995//3988
f 3876//3869 3995//3988 3872//3740
f 3872//3740 3995//3988 3991//3984
f 3874//3867 3993//3986 3877//3870
f 3877//3870 3993//3986 3996//3989
f 3877//3870 3996//3989 3878//3871
f 3878//3871 3996//3989 3997//3990
f 3878//3871 3997//3990 3879//3872
f 3879//3872 3997//3990 3998//3991
f 3879//3872 3998//3991 3880//3873
f 3880//3873 3998//3991 3999//3992
f 3880//3873 3999//3992 3881//3874
f 3881//3874 3999//3992 4000//3993
f 3881//3874 4000//3993 3875//3868
f 3875//3868 4000//3993 3994//3987
f 3884//3877 3885//3878 4001//3994
f 3885//3878 3886//3879 4001//3994
f 4001//3994 3886//3879 4002//3995
f 3886//3879 3887//3880 4002//3995
f 3889//3882 3890//3883 4003//3996
f 4003//3996 3890//3883 4004//3997
f 3890//3883 3884//3877 4004//3997
f 4004//3997 3884//3877 4001//3994
f 4004//3997 4001//3994 4005//3998
f 4001//3994 4002//3995 4005//3998
f 4005//3998 4002//3995 4006//3999
f 3887//3880 3891//3884 4002//3995
f 4002//3995 3891//3884 4007//4000
f 4002//3995 4007//4000 4006//3999
f 4006//3999 4007//4000 4008//4001
f 3891//3884 3893//3886 4007//4000
f 3894//3887 3895//3888 4009//4002
f 4009//4002 3895//3888 4010//4003
f 3895//3888 3889//3882 4010//4003
f 4010//4003 3889//3882 4003//3996
f 4007//4000 4011//4004 4008//4001
f 3893//3886 3896//3889 4007//4000
f 4007//4000 3896//3889 4012//4005
f 4007//4000 4012//4005 4011//4004
f 4011//4004 4012//4005 4013//4006
f 3896//3889 3897//3890 4012//4005
f 3898//3891 3894//3887 4014//4007
f 4014//4007 3894//3887 4009//4002
f 4012//4005 4015//4008 4013//4006
f 3900//3893 4016//4009 3897//3890
f 3897//3890 4016//4009 4015//4008
f 3897//3890 4015//4008 4012//4005
f 3901//3894 3898//3891 4017//4010
f 4017//4010 3898//3891 4014//4007
f 3900//3893 3902//3895 4016//4009
f 4016//4009 3902//3895 4018//4011
f 4016//4009 4018//4011 4019//4012
f 3902//3895 3903//3896 4018//4011
f 3904//3897 3901//3894 4020//4013
f 4020//4013 3901//3894 4017//4010
f 3906//3899 4021//4014 3907//3900
f 3907//3900 4021//4014 4019//4012
f 3907//3900 4019//4012 4018//4011
f 3907//3900 4018//4011 3903//3896
f 3908//3901 3904//3897 4022//4015
f 4022//4015 3904//3897 4020//4013
f 4023//4016 4024//4017 4025//4018
f 3909//3902 4023//4016 3906//3899
f 3906//3899 4023//4016 4025//4018
f 3906//3899 4025//4018 4021//4014
f 3912//3905 3911//3904 4026//4019
f 3911//3904 3914//3907 4026//4019
f 3915//3908 3908//3901 4027//4020
f 4027//4020 3908//3901 4022//4015
f 3917//3910 4028//4021 3918//3911
f 3918//3911 4028//4021 4029//4022
f 3918//3911 4029//4022 3919//3912
f 3919//3912 4029//4022 4024//4017
f 3919//3912 4024//4017 4023//4016
f 3919//3912 4023//4016 3909//3902
f 4030//4023 4031//4024 4032//4025
f 3920//3913 3921//3914 4030//4023
f 4030//4023 3921//3914 4033//4026
f 4030//4023 4033//4026 4031//4024
f 3921//3914 3922//3915 4033//4026
f 4033//4026 3922//3915 4034//4027
f 3922//3915 3923//3916 4034//4027
f 4034//4027 3923//3916 4035//4028
f 3923//3916 3912//3905 4035//4028
f 4035//4028 3912//3905 4026//4019
f 4035//4028 4026//4019 4036//4029
f 3914//3907 3924//3917 4026//4019
f 4026//4019 3924//3917 4037//4030
f 4026//4019 4037//4030 4036//4029
f 3924//3917 3925//3918 4037//4030
f 4037//4030 3925//3918 4038//4031
f 3925//3918 3926//3919 4038//4031
f 4038//4031 3926//3919 4039//4032
f 4038//4031 4039//4032 4040//4033
f 3926//3919 3928//3921 4039//4032
f 3929//3922 3915//3908 4041//4034
f 4041//4034 3915//3908 4027//4020
f 3930//3923 4042//4035 3931//3924
f 3931//3924 4042//4035 4043//4036
f 3931//3924 4043//4036 3917//3910
f 3917//3910 4043//4036 4028//4021
f 3932//3925 3933//3926 4044//4037
f 4044//4037 3933//3926 4030//4023
f 4044//4037 4030//4023 4032//4025
f 3933//3926 3920//3913 4030//4023
f 4039//4032 4045//4038 4040//4033
f 3928//3921 3934//3927 4039//4032
f 4039//4032 3934//3927 4046//4039
f 4039//4032 4046//4039 4045//4038
f 4045//4038 4046//4039 4047//4040
f 3934//3927 3936//3929 4046//4039
f 3929//3922 4041//4034 3937//3930
f 3937//3930 4041//4034 4048//4041
f 3937//3930 4048//4041 3938//3931
f 3938//3931 4048//4041 4049//4042
f 3938//3931 4049//4042 3939//3932
f 3939//3932 4049//4042 4050//4043
f 3939//3932 4050//4043 3930//3923
f 3930//3923 4050//4043 4042//4035
f 3940//3933 3941//3934 4051//4044
f 4051//4044 3941//3934 4052//4045
f 3941//3934 3932//3925 4052//4045
f 4052//4045 3932//3925 4044//4037
f 4046//4039 4053//4046 4047//4040
f 3936//3929 3942//3935 4046//4039
f 4046//4039 3942//3935 4054//4047
f 4046//4039 4054//4047 4053//4046
f 4053//4046 4054//4047 4055//4048
f 3942//3935 3943//3936 4054//4047
f 3944//3937 3940//3933 4056//4049
f 4056//4049 3940//3933 4051//4044
f 4054//4047 4057//4050 4055//4048
f 4055//4048 4057//4050 4058//4051
f 3945//3938 4057//4050 3943//3936
f 3943//3936 4057//4050 4054//4047
f 3946//3939 3944//3937 4059//4052
f 4059//4052 3944//3937 4056//4049
f 3948//3941 4060//4053 3949//3942
f 3949//3942 4060//4053 4058//4051
f 3949//3942 4058//4051 4057//4050
f 3949//3942 4057//4050 3945//3938
f 3950//3943 3946//3939 4061//4054
f 4061//4054 3946//3939 4059//4052
f 4062//4055 4063//4056 4064//4057
f 3951//3944 4062//4055 3948//3941
f 3948//3941 4062//4055 4064//4057
f 3948//3941 4064//4057 4060//4053
f 3952//3945 3950//3943 4065//4058
f 4065//4058 3950//3943 4061//4054
f 4066//4059 4067//4060 4068//4061
f 3954//3947 4066//4059 3955//3948
f 3955//3948 4066//4059 4068//4061
f 3955//3948 4068//4061 4062//4055
f 4062//4055 4068//4061 4063//4056
f 3955//3948 4062//4055 3951//3944
f 3952//3945 4065//4058 3956//3949
f 3956//3949 4065//4058 4069//4062
f 3956//3949 4069//4062 4070//4063
f 3956//3949 4070//4063 3957//3950
f 3958//3951 4071//4064 3959//3952
f 3959//3952 4071//4064 4067//4060
f 3959//3952 4067//4060 4066//4059
f 3959//3952 4066//4059 3954//3947
f 4070//4063 4069//4062 4072//4065
f 3960//3953 3957//3950 4073//4066
f 4073//4066 3957//3950 4070//4063
f 4073//4066 4070//4063 4072//4065
f 3962//3955 4074//4067 3963//3956
f 3963//3956 4074//4067 4075//4068
f 3963//3956 4075//4068 3958//3951
f 3958//3951 4075//4068 4071//4064
f 3960//3953 4073//4066 3964//3957
f 3964//3957 4073//4066 4076//4069
f 3964//3957 4076//4069 4077//4070
f 3964//3957 4077//4070 3966//3959
f 3967//3960 4078//4071 3968//3961
f 3968//3961 4078//4071 3969//3962
f 3969//3962 4078//4071 4079//4072
f 3969//3962 4079//4072 4080//4073
f 3969//3962 4080//4073 3962//3955
f 3962//3955 4080//4073 4074//4067
f 4077//4070 4076//4069 4081//4074
f 3966//3959 4077//4070 3970//3963
f 3970//3963 4077//4070 4081//4074
f 3970//3963 4081//4074 4082//4075
f 3970//3963 4082//4075 3971//3964
f 3971//3964 4082//4075 4083//4076
f 3971//3964 4083//4076 4084//4077
f 3971//3964 4084//4077 3972//3965
f 3972//3965 4084//4077 4085//4078
f 3972//3965 4085//4078 4086//4079
f 3972//3965 4086//4079 3967//3960
f 3967//3960 4086//4079 4087//4080
f 3967//3960 4087//4080 4078//4071
f 4078//4071 4087//4080 4079//4072
f 4084//4077 4083//4076 4088//4081
f 4084//4077 4088//4081 4085//4078
f 3973//3966 3974//3967 4089//4082
f 4089//4082 3974//3967 4090//4083
f 3974//3967 3975//3968 4090//4083
f 4090//4083 3975//3968 4091//4084
f 3975//3968 3976//3969 4091//4084
f 4091//4084 3976//3969 4092//4085
f 3976//3969 3977//3970 4092//4085
f 4092//4085 3977//3970 4093//4086
f 3978//3971 3979//3972 4094//4087
f 4094//4087 3979//3972 4095//4088
f 3979//3972 3973//3966 4095//4088
f 4095//4088 3973//3966 4089//4082
f 3977//3970 3980//3973 4093//4086
f 4093//4086 3980//3973 4096//4089
f 3980//3973 3981//3974 4096//4089
f 4096//4089 3981//3974 4097//4090
f 4096//4089 4097//4090 4098//4091
f 4097//4090 4099//4092 4098//4091
f 3982//3975 3983//3976 4100//4093
f 4100//4093 3983//3976 4101//4094
f 3983//3976 3978//3971 4101//4094
f 4101//4094 3978//3971 4094//4087
f 3981//3974 3984//3977 4097//4090
f 3984//3977 3985//3978 4097//4090
f 4097//4090 3985//3978 4102//4095
f 4097//4090 4102//4095 4099//4092
f 3986//3979 3982//3975 4103//4096
f 4103//4096 3982//3975 4100//4093
f 3987//3980 4104//4097 3985//3978
f 3985//3978 4104//4097 4102//4095
f 3988//3981 3986//3979 4105//4098
f 4105//4098 3986//3979 4103//4096
f 3989//3982 4106//4099 3987//3980
f 3987//3980 4106//4099 4104//4097
f 3990//3983 3988//3981 4107//4100
f 4107//4100 3988//3981 4105//4098
f 3991//3984 4108//4101 3989//3982
f 3989//3982 4108//4101 4106//4099
f 3990//3983 4107//4100 3992//3985
f 3992//3985 4107//4100 4109//4102
f 3992//3985 4109//4102 3993//3986
f 3993//3986 4109//4102 4110//4103
f 3994//3987 4111//4104 3995//3988
f 3995//3988 4111//4104 4112//4105
f 3995//3988 4112//4105 3991//3984
f 3991//3984 4112//4105 4108//4101
f 3993//3986 4110//4103 3996//3989
f 3996//3989 4110//4103 4113//4106
f 3996//3989 4113//4106 3997//3990
f 3997//3990 4113//4106 4114//4107
f 3997//3990 4114//4107 3998//3991
f 3998//3991 4114//4107 4115//4108
f 3998//3991 4115//4108 3999//3992
f 3999//3992 4115//4108 4116//4109
f 3999//3992 4116//4109 4000//3993
f 4000//3993 4116//4109 4117//4110
f 4000//3993 4117//4110 3994//3987
f 3994//3987 4117//4110 4111//4104
f 4003//3996 4004//3997 4118//4111
f 4004//3997 4005//3998 4118//4111
f 4118//4111 4005//3998 4119//4112
f 4005//3998 4006//3999 4119//4112
f 4119//4112 4006//3999 4120//4113
f 4006//3999 4008//4001 4120//4113
f 4009//4002 4010//4003 4121//4114
f 4010//4003 4003//3996 4121//4114
f 4121//4114 4003//3996 4118//4111
f 4121//4114 4118//4111 4122//4115
f 4118//4111 4119//4112 4122//4115
f 4122//4115 4119//4112 4123//4116
f 4119//4112 4120//4113 4123//4116
f 4123//4116 4120//4113 4124//4117
f 4008//4001 4011//4004 4120//4113
f 4120//4113 4011//4004 4125//4118
f 4120//4113 4125//4118 4124//4117
f 4011//4004 4013//4006 4125//4118
f 4014//4007 4009//4002 4126//4119
f 4126//4119 4009//4002 4121//4114
f 4121//4114 4122//4115 4126//4119
f 4126//4119 4122//4115 4127//4120
f 4126//4119 4127//4120 4128//4121
f 4122//4115 4123//4116 4127//4120
f 4127//4120 4123//4116 4129//4122
f 4123//4116 4124//4117 4129//4122
f 4129//4122 4124//4117 4130//4123
f 4124//4117 4125//4118 4130//4123
f 4130//4123 4125//4118 4131//4124
f 4130//4123 4131//4124 4132//4125
f 4013//4006 4015//4008 4125//4118
f 4125//4118 4015//4008 4133//4126
f 4125//4118 4133//4126 4131//4124
f 4015//4008 4016//4009 4133//4126
f 4017//4010 4014//4007 4134//4127
f 4134//4127 4014//4007 4126//4119
f 4134//4127 4126//4119 4135//4128
f 4126//4119 4128//4121 4135//4128
f 4131//4124 4136//4129 4132//4125
f 4132//4125 4136//4129 4137//4130
f 4131//4124 4133//4126 4136//4129
f 4136//4129 4133//4126 4138//4131
f 4019//4012 4138//4131 4016//4009
f 4016//4009 4138//4131 4133//4126
f 4020//4013 4017//4010 4139//4132
f 4139//4132 4017//4010 4134//4127
f 4136//4129 4140//4133 4137//4130
f 4137//4130 4140//4133 4141//4134
f 4136//4129 4138//4131 4140//4133
f 4140//4133 4138//4131 4142//4135
f 4021//4014 4142//4135 4019//4012
f 4019//4012 4142//4135 4138//4131
f 4022//4015 4020//4013 4143//4136
f 4143//4136 4020//4013 4139//4132
f 4140//4133 4144//4137 4141//4134
f 4141//4134 4144//4137 4145//4138
f 4024//4017 4144//4137 4025//4018
f 4025//4018 4144//4137 4140//4133
f 4025//4018 4140//4133 4142//4135
f 4025//4018 4142//4135 4021//4014
f 4027//4020 4022//4015 4146//4139
f 4146//4139 4022//4015 4143//4136
f 4147//4140 4148//4141 4149//4142
f 4028//4021 4147//4140 4029//4022
f 4029//4022 4147//4140 4149//4142
f 4029//4022 4149//4142 4144//4137
f 4144//4137 4149//4142 4145//4138
f 4029//4022 4144//4137 4024//4017
f 4032//4025 4031//4024 4150//4143
f 4150//4143 4031//4024 4151//4144
f 4031//4024 4033//4026 4151//4144
f 4151//4144 4033//4026 4152//4145
f 4033//4026 4034//4027 4152//4145
f 4152//4145 4034//4027 4153//4146
f 4034//4027 4035//4028 4153//4146
f 4153//4146 4035//4028 4154//4147
f 4035//4028 4036//4029 4154//4147
f 4154//4147 4036//4029 4155//4148
f 4036//4029 4037//4030 4155//4148
f 4155//4148 4037//4030 4156//4149
f 4037//4030 4038//4031 4156//4149
f 4156//4149 4038//4031 4157//4150
f 4156//4149 4157//4150 4158//4151
f 4038//4031 4040//4033 4157//4150
f 4041//4034 4027//4020 4159//4152
f 4159//4152 4027//4020 4146//4139
f 4159//4152 4146//4139 4160//4153
f 4159//4152 4160//4153 4161//4154
f 4161//4154 4160//4153 4162//4155
f 4161//4154 4162//4155 4163//4156
f 4163//4156 4162//4155 4164//4157
f 4042//4035 4163//4156 4043//4036
f 4043//4036 4163//4156 4164//4157
f 4043//4036 4164//4157 4147//4140
f 4147//4140 4164//4157 4148//4141
f 4043//4036 4147//4140 4028//4021
f 4165//4158 4166//4159 4167//4160
f 4044//4037 4032//4025 4165//4158
f 4165//4158 4032//4025 4150//4143
f 4165//4158 4150//4143 4166//4159
f 4157//4150 4168//4161 4158//4151
f 4040//4033 4045//4038 4157//4150
f 4157//4150 4045//4038 4169//4162
f 4157//4150 4169//4162 4168//4161
f 4045//4038 4047//4040 4169//4162
f 4169//4162 4047//4040 4170//4163
f 4041//4034 4159//4152 4048//4041
f 4048//4041 4159//4152 4049//4042
f 4049//4042 4159//4152 4161//4154
f 4049//4042 4161//4154 4050//4043
f 4050//4043 4161//4154 4163//4156
f 4050//4043 4163//4156 4042//4035
f 4051//4044 4052//4045 4171//4164
f 4171//4164 4052//4045 4165//4158
f 4171//4164 4165//4158 4167//4160
f 4052//4045 4044//4037 4165//4158
f 4047//4040 4053//4046 4170//4163
f 4170//4163 4053//4046 4172//4165
f 4170//4163 4172//4165 4173//4166
f 4053//4046 4055//4048 4172//4165
f 4174//4167 4175//4168 4176//4169
f 4056//4049 4051//4044 4174//4167
f 4174//4167 4051//4044 4171//4164
f 4174//4167 4171//4164 4175//4168
f 4172//4165 4177//4170 4173//4166
f 4058//4051 4178//4171 4055//4048
f 4055//4048 4178//4171 4177//4170
f 4055//4048 4177//4170 4172//4165
f 4174//4167 4176//4169 4179//4172
f 4179//4172 4176//4169 4180//4173
f 4059//4052 4056//4049 4179//4172
f 4179//4172 4056//4049 4174//4167
f 4181//4174 4182//4175 4183//4176
f 4060//4053 4181//4174 4058//4051
f 4058//4051 4181//4174 4183//4176
f 4058//4051 4183//4176 4178//4171
f 4179//4172 4180//4173 4184//4177
f 4184//4177 4180//4173 4185//4178
f 4061//4054 4059//4052 4184//4177
f 4184//4177 4059//4052 4179//4172
f 4063//4056 4186//4179 4064//4057
f 4064//4057 4186//4179 4182//4175
f 4064//4057 4182//4175 4181//4174
f 4064//4057 4181//4174 4060//4053
f 4184//4177 4185//4178 4187//4180
f 4187//4180 4185//4178 4188//4181
f 4065//4058 4061//4054 4187//4180
f 4187//4180 4061//4054 4184//4177
f 4067//4060 4189//4182 4068//4061
f 4068//4061 4189//4182 4190//4183
f 4068//4061 4190//4183 4063//4056
f 4063//4056 4190//4183 4186//4179
f 4187//4180 4188//4181 4191//4184
f 4069//4062 4065//4058 4192//4185
f 4192//4185 4065//4058 4187//4180
f 4192//4185 4187//4180 4191//4184
f 4193//4186 4194//4187 4195//4188
f 4071//4064 4193//4186 4067//4060
f 4067//4060 4193//4186 4195//4188
f 4067//4060 4195//4188 4189//4182
f 4069//4062 4192//4185 4072//4065
f 4072//4065 4192//4185 4196//4189
f 4072//4065 4196//4189 4197//4190
f 4072//4065 4197//4190 4073//4066
f 4074//4067 4198//4191 4075//4068
f 4075//4068 4198//4191 4194//4187
f 4075//4068 4194//4187 4193//4186
f 4075//4068 4193//4186 4071//4064
f 4197//4190 4196//4189 4199//4192
f 4076//4069 4073//4066 4200//4193
f 4200//4193 4073//4066 4197//4190
f 4200//4193 4197//4190 4199//4192
f 4079//4072 4201//4194 4080//4073
f 4080//4073 4201//4194 4202//4195
f 4080//4073 4202//4195 4074//4067
f 4074//4067 4202//4195 4198//4191
f 4076//4069 4200//4193 4081//4074
f 4081//4074 4200//4193 4203//4196
f 4081//4074 4203//4196 4082//4075
f 4082//4075 4203//4196 4204//4197
f 4082//4075 4204//4197 4205//4198
f 4082//4075 4205//4198 4083//4076
f 4085//4078 4206//4199 4086//4079
f 4086//4079 4206//4199 4087//4080
f 4087//4080 4206//4199 4207//4200
f 4087//4080 4207//4200 4208//4201
f 4087//4080 4208//4201 4079//4072
f 4079//4072 4208//4201 4201//4194
f 4205//4198 4204//4197 4209//4202
f 4083//4076 4205//4198 4088//4081
f 4088//4081 4205//4198 4209//4202
f 4088//4081 4209//4202 4210//4203
f 4088//4081 4210//4203 4085//4078
f 4085//4078 4210//4203 4211//4204
f 4085//4078 4211//4204 4206//4199
f 4206//4199 4211//4204 4207//4200
f 4089//4082 4090//4083 4212//4205
f 4212//4205 4090//4083 4213//4206
f 4090//4083 4091//4084 4213//4206
f 4213//4206 4091//4084 4214//4207
f 4091//4084 4092//4085 4214//4207
f 4214//4207 4092//4085 4215//4208
f 4092//4085 4093//4086 4215//4208
f 4215//4208 4093//4086 4216//4209
f 4215//4208 4216//4209 4217//4210
f 4216//4209 4218//4211 4217//4210
f 4094//4087 4095//4088 4219//4212
f 4219//4212 4095//4088 4220//4213
f 4095//4088 4089//4082 4220//4213
f 4220//4213 4089//4082 4212//4205
f 4093//4086 4096//4089 4216//4209
f 4096//4089 4098//4091 4216//4209
f 4216//4209 4098//4091 4221//4214
f 4216//4209 4221//4214 4218//4211
f 4098//4091 4099//4092 4221//4214
f 4221//4214 4099//4092 4222//4215
f 4100//4093 4101//4094 4223//4216
f 4223//4216 4101//4094 4224//4217
f 4101//4094 4094//4087 4224//4217
f 4224//4217 4094//4087 4219//4212
f 4102//4095 4225//4218 4099//4092
f 4099//4092 4225//4218 4222//4215
f 4103//4096 4100//4093 4226//4219
f 4226//4219 4100//4093 4223//4216
f 4104//4097 4227//4220 4102//4095
f 4102//4095 4227//4220 4225//4218
f 4105//4098 4103//4096 4228//4098
f 4228//4098 4103//4096 4226//4219
f 4106//4099 4229//4221 4104//4097
f 4104//4097 4229//4221 4227//4220
f 4107//4100 4105//4098 4230//4222
f 4230//4222 4105//4098 4228//4098
f 4108//4101 4231//4223 4106//4099
f 4106//4099 4231//4223 4229//4221
f 4107//4100 4230//4222 4109//4102
f 4109//4102 4230//4222 4232//4224
f 4109//4102 4232//4224 4110//4103
f 4110//4103 4232//4224 4233//4225
f 4111//4104 4234//4226 4112//4105
f 4112//4105 4234//4226 4235//4227
f 4112//4105 4235//4227 4108//4101
f 4108//4101 4235//4227 4231//4223
f 4110//4103 4233//4225 4113//4106
f 4113//4106 4233//4225 4236//4228
f 4113//4106 4236//4228 4114//4107
f 4114//4107 4236//4228 4237//4229
f 4114//4107 4237//4229 4115//4108
f 4115//4108 4237//4229 4238//4230
f 4115//4108 4238//4230 4116//4109
f 4116//4109 4238//4230 4239//4231
f 4116//4109 4239//4231 4117//4110
f 4117//4110 4239//4231 4240//4232
f 4117//4110 4240//4232 4111//4104
f 4111//4104 4240//4232 4234//4226
f 4128//4121 4127//4120 4241//4233
f 4127//4120 4129//4122 4241//4233
f 4241//4233 4129//4122 4242//4234
f 4129//4122 4130//4123 4242//4234
f 4242//4234 4130//4123 4243//4235
f 4130//4123 4132//4125 4243//4235
f 4134//4127 4135//4128 4244//4236
f 4135//4128 4128//4121 4244//4236
f 4244//4236 4128//4121 4241//4233
f 4244//4236 4241//4233 4245//4237
f 4241//4233 4242//4234 4245//4237
f 4245//4237 4242//4234 4246//4238
f 4242//4234 4243//4235 4246//4238
f 4246//4238 4243//4235 4247//4239
f 4137//4130 4247//4239 4132//4125
f 4132//4125 4247//4239 4243//4235
f 4139//4132 4134//4127 4248//4240
f 4248//4240 4134//4127 4244//4236
f 4244//4236 4245//4237 4248//4240
f 4248//4240 4245//4237 4249//4241
f 4248//4240 4249//4241 4250//4242
f 4245//4237 4246//4238 4249//4241
f 4249//4241 4246//4238 4251//4243
f 4246//4238 4247//4239 4251//4243
f 4251//4243 4247//4239 4252//4244
f 4251//4243 4252//4244 4253//4245
f 4141//4134 4252//4244 4137//4130
f 4137//4130 4252//4244 4247//4239
f 4143//4136 4139//4132 4254//4246
f 4254//4246 4139//4132 4248//4240
f 4248//4240 4250//4242 4254//4246
f 4254//4246 4250//4242 4255//4247
f 4256//4248 4257//4249 4258//4250
f 4256//4248 4258//4250 4259//4251
f 4259//4251 4258//4250 4253//4245
f 4259//4251 4253//4245 4252//4244
f 4145//4138 4259//4251 4141//4134
f 4141//4134 4259//4251 4252//4244
f 4146//4139 4143//4136 4260//4252
f 4260//4252 4143//4136 4254//4246
f 4254//4246 4255//4247 4260//4252
f 4260//4252 4255//4247 4261//4253
f 4260//4252 4261//4253 4262//4254
f 4262//4254 4261//4253 4263//4255
f 4263//4255 4261//4253 4257//4249
f 4263//4255 4257//4249 4256//4248
f 4148//4141 4263//4255 4149//4142
f 4149//4142 4263//4255 4256//4248
f 4149//4142 4256//4248 4259//4251
f 4149//4142 4259//4251 4145//4138
f 4150//4143 4151//4144 4264//4256
f 4264//4256 4151//4144 4265//4257
f 4151//4144 4152//4145 4265//4257
f 4265//4257 4152//4145 4266//4258
f 4152//4145 4153//4146 4266//4258
f 4266//4258 4153//4146 4267//4259
f 4153//4146 4154//4147 4267//4259
f 4267//4259 4154//4147 4268//4260
f 4154//4147 4155//4148 4268//4260
f 4268//4260 4155//4148 4269//4261
f 4155//4148 4156//4149 4269//4261
f 4269//4261 4156//4149 4270//4262
f 4269//4261 4270//4262 4271//4263
f 4156//4149 4158//4151 4270//4262
f 4146//4139 4260//4252 4160//4153
f 4160//4153 4260//4252 4162//4155
f 4162//4155 4260//4252 4262//4254
f 4162//4155 4262//4254 4164//4157
f 4164//4157 4262//4254 4263//4255
f 4164//4157 4263//4255 4148//4141
f 4167//4160 4166//4159 4272//4264
f 4272//4264 4166//4159 4273//4265
f 4166//4159 4150//4143 4273//4265
f 4273//4265 4150//4143 4264//4256
f 4270//4262 4274//4266 4271//4263
f 4158//4151 4168//4161 4270//4262
f 4270//4262 4168//4161 4275//4267
f 4270//4262 4275//4267 4274//4266
f 4168//4161 4169//4162 4275//4267
f 4275//4267 4169//4162 4276//4268
f 4275//4267 4276//4268 4277//4269
f 4169//4162 4170//4163 4276//4268
f 4278//4270 4279//4271 4280//4272
f 4171//4164 4167//4160 4278//4270
f 4278//4270 4167//4160 4272//4264
f 4278//4270 4272//4264 4279//4271
f 4276//4268 4281//4273 4277//4269
f 4173//4166 4282//4274 4170//4163
f 4170//4163 4282//4274 4281//4273
f 4170//4163 4281//4273 4276//4268
f 4176//4169 4175//4168 4283//4275
f 4283//4275 4175//4168 4278//4270
f 4283//4275 4278//4270 4280//4272
f 4175//4168 4171//4164 4278//4270
f 4173//4166 4177//4170 4282//4274
f 4282//4274 4177//4170 4284//4276
f 4282//4274 4284//4276 4285//4277
f 4177//4170 4178//4171 4284//4276
f 4180//4173 4176//4169 4286//4278
f 4286//4278 4176//4169 4283//4275
f 4182//4175 4287//4279 4183//4176
f 4183//4176 4287//4279 4285//4277
f 4183//4176 4285//4277 4284//4276
f 4183//4176 4284//4276 4178//4171
f 4185//4178 4180//4173 4288//4280
f 4288//4280 4180//4173 4286//4278
f 4289//4281 4290//4282 4291//4283
f 4186//4179 4289//4281 4182//4175
f 4182//4175 4289//4281 4291//4283
f 4182//4175 4291//4283 4287//4279
f 4188//4181 4185//4178 4292//4284
f 4292//4284 4185//4178 4288//4280
f 4189//4182 4293//4285 4190//4183
f 4190//4183 4293//4285 4290//4282
f 4190//4183 4290//4282 4289//4281
f 4190//4183 4289//4281 4186//4179
f 4188//4181 4292//4284 4191//4184
f 4191//4184 4292//4284 4294//4286
f 4191//4184 4294//4286 4295//4287
f 4191//4184 4295//4287 4192//4185
f 4194//4187 4296//4288 4195//4188
f 4195//4188 4296//4288 4297//4289
f 4195//4188 4297//4289 4189//4182
f 4189//4182 4297//4289 4293//4285
f 4295//4287 4294//4286 4298//4290
f 4196//4189 4192//4185 4299//4291
f 4299//4291 4192//4185 4295//4287
f 4299//4291 4295//4287 4298//4290
f 4198//4191 4300//4292 4194//4187
f 4194//4187 4300//4292 4296//4288
f 4196//4189 4299//4291 4199//4192
f 4199//4192 4299//4291 4301//4293
f 4199//4192 4301//4293 4200//4193
f 4200//4193 4301//4293 4302//4294
f 4201//4194 4303//4295 4202//4195
f 4202//4195 4303//4295 4304//4296
f 4202//4195 4304//4296 4198//4191
f 4198//4191 4304//4296 4300//4292
f 4200//4193 4302//4294 4203//4196
f 4203//4196 4302//4294 4305//4297
f 4203//4196 4305//4297 4204//4197
f 4204//4197 4305//4297 4306//4298
f 4207//4200 4307//4299 4208//4201
f 4208//4201 4307//4299 4308//4300
f 4208//4201 4308//4300 4201//4194
f 4201//4194 4308//4300 4303//4295
f 4204//4197 4306//4298 4209//4202
f 4209//4202 4306//4298 4309//4301
f 4209//4202 4309//4301 4210//4203
f 4210//4203 4309//4301 4310//4302
f 4210//4203 4310//4302 4211//4204
f 4211//4204 4310//4302 4311//4303
f 4211//4204 4311//4303 4207//4200
f 4207//4200 4311//4303 4307//4299
f 4212//4205 4213//4206 4312//4304
f 4312//4304 4213//4206 4313//4305
f 4213//4206 4214//4207 4313//4305
f 4313//4305 4214//4207 4314//4306
f 4214//4207 4215//4208 4314//4306
f 4314//4306 4215//4208 4315//4307
f 4215//4208 4217//4210 4315//4307
f 4315//4307 4217//4210 4316//4308
f 4217//4210 4218//4211 4316//4308
f 4316//4308 4218//4211 4317//4309
f 4219//4212 4220//4213 4318//4310
f 4318//4310 4220//4213 4319//4311
f 4220//4213 4212//4205 4319//4311
f 4319//4311 4212//4205 4312//4304
f 4218//4211 4221//4214 4317//4309
f 4317//4309 4221//4214 4320//4312
f 4221//4214 4222//4215 4320//4312
f 4320//4312 4222//4215 4321//4313
f 4223//4216 4224//4217 4322//4314
f 4322//4314 4224//4217 4323//4315
f 4224//4217 4219//4212 4323//4315
f 4323//4315 4219//4212 4318//4310
f 4225//4218 4324//4316 4222//4215
f 4222//4215 4324//4316 4321//4313
f 4226//4219 4223//4216 4325//4317
f 4325//4317 4223//4216 4322//4314
f 4227//4220 4326//4318 4225//4218
f 4225//4218 4326//4318 4324//4316
f 4228//4098 4226//4219 4327//4319
f 4327//4319 4226//4219 4325//4317
f 4229//4221 4328//4320 4227//4220
f 4227//4220 4328//4320 4326//4318
f 4230//4222 4228//4098 4329//4222
f 4329//4222 4228//4098 4327//4319
f 4231//4223 4330//4321 4229//4221
f 4229//4221 4330//4321 4328//4320
f 4230//4222 4329//4222 4232//4224
f 4232//4224 4329//4222 4331//4322
f 4232//4224 4331//4322 4233//4225
f 4233//4225 4331//4322 4332//4323
f 4234//4226 4333//4324 4235//4227
f 4235//4227 4333//4324 4334//4325
f 4235//4227 4334//4325 4231//4223
f 4231//4223 4334//4325 4330//4321
f 4233//4225 4332//4323 4236//4228
f 4236//4228 4332//4323 4335//4326
f 4236//4228 4335//4326 4237//4229
f 4237//4229 4335//4326 4336//4327
f 4237//4229 4336//4327 4238//4230
f 4238//4230 4336//4327 4337//4328
f 4238//4230 4337//4328 4239//4231
f 4239//4231 4337//4328 4338//4329
f 4239//4231 4338//4329 4240//4232
f 4240//4232 4338//4329 4339//4330
f 4240//4232 4339//4330 4234//4226
f 4234//4226 4339//4330 4333//4324
f 4250//4242 4249//4241 4340//4331
f 4249//4241 4251//4243 4340//4331
f 4340//4331 4251//4243 4341//4332
f 4251//4243 4253//4245 4341//4332
f 4255//4247 4250//4242 4342//4333
f 4342//4333 4250//4242 4340//4331
f 4257//4249 4342//4333 4258//4250
f 4258//4250 4342//4333 4340//4331
f 4258//4250 4340//4331 4341//4332
f 4258//4250 4341//4332 4253//4245
f 4255//4247 4342//4333 4261//4253
f 4261//4253 4342//4333 4257//4249
f 4264//4256 4265//4257 4343//4334
f 4343//4334 4265//4257 4344//4335
f 4265//4257 4266//4258 4344//4335
f 4344//4335 4266//4258 4345//4336
f 4266//4258 4267//4259 4345//4336
f 4345//4336 4267//4259 4346//4337
f 4267//4259 4268//4260 4346//4337
f 4346//4337 4268//4260 4347//4338
f 4268//4260 4269//4261 4347//4338
f 4347//4338 4269//4261 4348//4339
f 4269//4261 4271//4263 4348//4339
f 4348//4339 4271//4263 4349//4340
f 4272//4264 4273//4265 4350//4341
f 4350//4341 4273//4265 4351//4342
f 4273//4265 4264//4256 4351//4342
f 4351//4342 4264//4256 4343//4334
f 4271//4263 4274//4266 4349//4340
f 4349//4340 4274//4266 4352//4343
f 4274//4266 4275//4267 4352//4343
f 4352//4343 4275//4267 4353//4344
f 4352//4343 4353//4344 4354//4345
f 4275//4267 4277//4269 4353//4344
f 4280//4272 4279//4271 4355//4346
f 4355//4346 4279//4271 4356//4347
f 4279//4271 4272//4264 4356//4347
f 4356//4347 4272//4264 4350//4341
f 4353//4344 4357//4348 4354//4345
f 4277//4269 4281//4273 4353//4344
f 4353//4344 4281//4273 4358//4349
f 4353//4344 4358//4349 4357//4348
f 4357//4348 4358//4349 4359//4350
f 4281//4273 4282//4274 4358//4349
f 4360//4351 4361//4352 4362//4353
f 4283//4275 4280//4272 4360//4351
f 4360//4351 4280//4272 4355//4346
f 4360//4351 4355//4346 4361//4352
f 4358//4349 4363//4354 4359//4350
f 4359//4350 4363//4354 4364//4355
f 4285//4277 4363//4354 4282//4274
f 4282//4274 4363//4354 4358//4349
f 4360//4351 4362//4353 4365//4356
f 4365//4356 4362//4353 4366//4357
f 4286//4278 4283//4275 4365//4356
f 4365//4356 4283//4275 4360//4351
f 4363//4354 4367//4358 4364//4355
f 4364//4355 4367//4358 4368//4359
f 4287//4279 4367//4358 4285//4277
f 4285//4277 4367//4358 4363//4354
f 4365//4356 4366//4357 4369//4360
f 4369//4360 4366//4357 4370//4361
f 4288//4280 4286//4278 4369//4360
f 4369//4360 4286//4278 4365//4356
f 4290//4282 4371//4362 4291//4283
f 4291//4283 4371//4362 4368//4359
f 4291//4283 4368//4359 4367//4358
f 4291//4283 4367//4358 4287//4279
f 4369//4360 4370//4361 4372//4363
f 4292//4284 4288//4280 4373//4364
f 4373//4364 4288//4280 4369//4360
f 4373//4364 4369//4360 4372//4363
f 4293//4285 4374//4365 4290//4282
f 4290//4282 4374//4365 4371//4362
f 4294//4286 4292//4284 4375//4366
f 4375//4366 4292//4284 4373//4364
f 4296//4288 4376//4367 4297//4289
f 4297//4289 4376//4367 4377//4368
f 4297//4289 4377//4368 4293//4285
f 4293//4285 4377//4368 4374//4365
f 4294//4286 4375//4366 4298//4290
f 4298//4290 4375//4366 4378//4369
f 4298//4290 4378//4369 4379//4370
f 4298//4290 4379//4370 4299//4291
f 4300//4292 4380//4371 4296//4288
f 4296//4288 4380//4371 4376//4367
f 4379//4370 4378//4369 4381//4372
f 4299//4291 4379//4370 4301//4293
f 4301//4293 4379//4370 4381//4372
f 4301//4293 4381//4372 4382//4373
f 4382//4373 4381//4372 4383//4374
f 4301//4293 4382//4373 4302//4294
f 4303//4295 4384//4375 4304//4296
f 4304//4296 4384//4375 4385//4376
f 4304//4296 4385//4376 4300//4292
f 4300//4292 4385//4376 4380//4371
f 4382//4373 4383//4374 4386//4377
f 4302//4294 4382//4373 4305//4297
f 4305//4297 4382//4373 4386//4377
f 4305//4297 4386//4377 4387//4378
f 4387//4378 4386//4377 4388//4379
f 4305//4297 4387//4378 4306//4298
f 4307//4299 4389//4380 4308//4300
f 4308//4300 4389//4380 4303//4295
f 4303//4295 4389//4380 4390//4381
f 4303//4295 4390//4381 4384//4375
f 4387//4378 4388//4379 4391//4382
f 4306//4298 4387//4378 4309//4301
f 4309//4301 4387//4378 4391//4382
f 4309//4301 4391//4382 4392//4383
f 4309//4301 4392//4383 4310//4302
f 4310//4302 4392//4383 4393//4384
f 4310//4302 4393//4384 4311//4303
f 4311//4303 4393//4384 4394//4385
f 4311//4303 4394//4385 4307//4299
f 4307//4299 4394//4385 4395//4386
f 4307//4299 4395//4386 4389//4380
f 4389//4380 4395//4386 4390//4381
f 4312//4304 4313//4305 4396//4387
f 4313//4305 4314//4306 4396//4387
f 4396//4387 4314//4306 4397//4388
f 4396//4387 4397//4388 4398//4389
f 4314//4306 4315//4307 4397//4388
f 4397//4388 4315//4307 4399//4390
f 4315//4307 4316//4308 4399//4390
f 4399//4390 4316//4308 4400//4391
f 4399//4390 4400//4391 4401//4392
f 4316//4308 4317//4309 4400//4391
f 4318//4310 4319//4311 4402//4393
f 4402//4393 4319//4311 4403//4394
f 4319//4311 4312//4304 4403//4394
f 4403//4394 4312//4304 4396//4387
f 4403//4394 4396//4387 4404//4395
f 4396//4387 4398//4389 4404//4395
f 4400//4391 4405//4396 4401//4392
f 4317//4309 4320//4312 4400//4391
f 4400//4391 4320//4312 4406//4397
f 4400//4391 4406//4397 4405//4396
f 4320//4312 4321//4313 4406//4397
f 4406//4397 4321//4313 4407//4398
f 4322//4314 4323//4315 4408//4399
f 4408//4399 4323//4315 4409//4400
f 4323//4315 4318//4310 4409//4400
f 4409//4400 4318//4310 4402//4393
f 4324//4316 4410//4401 4321//4313
f 4321//4313 4410//4401 4407//4398
f 4325//4317 4322//4314 4411//4402
f 4411//4402 4322//4314 4408//4399
f 4326//4318 4412//4403 4324//4316
f 4324//4316 4412//4403 4413//4404
f 4324//4316 4413//4404 4410//4401
f 4412//4403 4414//4405 4413//4404
f 4327//4319 4325//4317 4415//4406
f 4415//4406 4325//4317 4411//4402
f 4328//4320 4416//4407 4326//4318
f 4326//4318 4416//4407 4412//4403
f 4412//4403 4416//4407 4414//4405
f 4414//4405 4416//4407 4417//4408
f 4329//4222 4327//4319 4418//4409
f 4418//4409 4327//4319 4415//4406
f 4330//4321 4419//4410 4328//4320
f 4328//4320 4419//4410 4420//4411
f 4328//4320 4420//4411 4416//4407
f 4416//4407 4420//4411 4417//4408
f 4329//4222 4418//4409 4331//4322
f 4331//4322 4418//4409 4421//4412
f 4331//4322 4421//4412 4332//4323
f 4332//4323 4421//4412 4422//4413
f 4333//4324 4423//4414 4334//4325
f 4334//4325 4423//4414 4424//4415
f 4334//4325 4424//4415 4330//4321
f 4330//4321 4424//4415 4419//4410
f 4332//4323 4422//4413 4335//4326
f 4335//4326 4422//4413 4425//4416
f 4335//4326 4425//4416 4336//4327
f 4336//4327 4425//4416 4426//4417
f 4336//4327 4426//4417 4337//4328
f 4337//4328 4426//4417 4427//4418
f 4337//4328 4427//4418 4338//4329
f 4338//4329 4427//4418 4428//4419
f 4338//4329 4428//4419 4339//4330
f 4339//4330 4428//4419 4429//4420
f 4339//4330 4429//4420 4333//4324
f 4333//4324 4429//4420 4423//4414
f 4343//4334 4344//4335 4430//4421
f 4430//4421 4344//4335 4431//4422
f 4344//4335 4345//4336 4431//4422
f 4431//4422 4345//4336 4432//4423
f 4345//4336 4346//4337 4432//4423
f 4432//4423 4346//4337 4433//4424
f 4346//4337 4347//4338 4433//4424
f 4433//4424 4347//4338 4434//4425
f 4347//4338 4348//4339 4434//4425
f 4434//4425 4348//4339 4435//4426
f 4434//4425 4435//4426 4436//4427
f 4348//4339 4349//4340 4435//4426
f 4350//4341 4351//4342 4437//4428
f 4437//4428 4351//4342 4438//4429
f 4351//4342 4343//4334 4438//4429
f 4438//4429 4343//4334 4430//4421
f 4435//4426 4439//4430 4436//4427
f 4349//4340 4352//4343 4435//4426
f 4435//4426 4352//4343 4440//4431
f 4435//4426 4440//4431 4439//4430
f 4439//4430 4440//4431 4441//4432
f 4352//4343 4354//4345 4440//4431
f 4355//4346 4356//4347 4442//4433
f 4442//4433 4356//4347 4443//4434
f 4356//4347 4350//4341 4443//4434
f 4443//4434 4350//4341 4437//4428
f 4440//4431 4444//4435 4441//4432
f 4354//4345 4357//4348 4440//4431
f 4440//4431 4357//4348 4445//4436
f 4440//4431 4445//4436 4444//4435
f 4444//4435 4445//4436 4446//4437
f 4357//4348 4359//4350 4445//4436
f 4362//4353 4361//4352 4447//4438
f 4447//4438 4361//4352 4448//4439
f 4361//4352 4355//4346 4448//4439
f 4448//4439 4355//4346 4442//4433
f 4445//4436 4449//4440 4446//4437
f 4364//4355 4450//4441 4359//4350
f 4359//4350 4450//4441 4449//4440
f 4359//4350 4449//4440 4445//4436
f 4366//4357 4362//4353 4451//4442
f 4451//4442 4362//4353 4447//4438
f 4368//4359 4452//4443 4364//4355
f 4364//4355 4452//4443 4450//4441
f 4370//4361 4366//4357 4453//4444
f 4453//4444 4366//4357 4451//4442
f 4371//4362 4454//4445 4368//4359
f 4368//4359 4454//4445 4452//4443
f 4370//4361 4453//4444 4372//4363
f 4372//4363 4453//4444 4455//4446
f 4372//4363 4455//4446 4456//4447
f 4372//4363 4456//4447 4373//4364
f 4374//4365 4457//4448 4371//4362
f 4371//4362 4457//4448 4454//4445
f 4456//4447 4455//4446 4458//4449
f 4375//4366 4373//4364 4459//4450
f 4459//4450 4373//4364 4456//4447
f 4459//4450 4456//4447 4458//4449
f 4376//4367 4460//4451 4377//4368
f 4377//4368 4460//4451 4461//4452
f 4377//4368 4461//4452 4374//4365
f 4374//4365 4461//4452 4457//4448
f 4378//4369 4375//4366 4462//4453
f 4462//4453 4375//4366 4459//4450
f 4380//4371 4463//4454 4376//4367
f 4376//4367 4463//4454 4460//4451
f 4378//4369 4462//4453 4381//4372
f 4381//4372 4462//4453 4464//4455
f 4381//4372 4464//4455 4383//4374
f 4383//4374 4464//4455 4465//4456
f 4384//4375 4466//4457 4385//4376
f 4385//4376 4466//4457 4467//4458
f 4385//4376 4467//4458 4380//4371
f 4380//4371 4467//4458 4463//4454
f 4383//4374 4465//4456 4386//4377
f 4386//4377 4465//4456 4468//4459
f 4386//4377 4468//4459 4388//4379
f 4388//4379 4468//4459 4469//4460
f 4390//4381 4470//4461 4384//4375
f 4384//4375 4470//4461 4466//4457
f 4388//4379 4469//4460 4391//4382
f 4391//4382 4469//4460 4471//4462
f 4391//4382 4471//4462 4392//4383
f 4392//4383 4471//4462 4472//4463
f 4392//4383 4472//4463 4393//4384
f 4393//4384 4472//4463 4473//4464
f 4393//4384 4473//4464 4394//4385
f 4394//4385 4473//4464 4474//4465
f 4394//4385 4474//4465 4395//4386
f 4395//4386 4474//4465 4475//4466
f 4395//4386 4475//4466 4390//4381
f 4390//4381 4475//4466 4470//4461
f 4398//4389 4397//4388 4476//4467
f 4397//4388 4399//4390 4476//4467
f 4476//4467 4399//4390 4477//4468
f 4399//4390 4401//4392 4477//4468
f 4402//4393 4403//4394 4478//4469
f 4478//4469 4403//4394 4479//4470
f 4403//4394 4404//4395 4479//4470
f 4479//4470 4404//4395 4480//4471
f 4404//4395 4398//4389 4480//4471
f 4480//4471 4398//4389 4476//4467
f 4480//4471 4476//4467 4481//4472
f 4476//4467 4477//4468 4481//4472
f 4481//4472 4477//4468 4482//4473
f 4401//4392 4405//4396 4477//4468
f 4477//4468 4405//4396 4483//4474
f 4477//4468 4483//4474 4482//4473
f 4405//4396 4406//4397 4483//4474
f 4483//4474 4406//4397 4484//4475
f 4406//4397 4407//4398 4484//4475
f 4484//4475 4407//4398 4485//4476
f 4408//4399 4409//4400 4486//4477
f 4486//4477 4409//4400 4487//4478
f 4409//4400 4402//4393 4487//4478
f 4487//4478 4402//4393 4478//4469
f 4410//4401 4488//4479 4407//4398
f 4407//4398 4488//4479 4489//4480
f 4407//4398 4489//4480 4485//4476
f 4488//4479 4490//4481 4489//4480
f 4411//4402 4408//4399 4491//4482
f 4491//4482 4408//4399 4486//4477
f 4410//4401 4413//4404 4488//4479
f 4413//4404 4414//4405 4488//4479
f 4488//4479 4414//4405 4492//4483
f 4488//4479 4492//4483 4490//4481
f 4415//4406 4411//4402 4493//4484
f 4493//4484 4411//4402 4491//4482
f 4417//4408 4494//4485 4414//4405
f 4414//4405 4494//4485 4492//4483
f 4418//4409 4415//4406 4495//4486
f 4495//4486 4415//4406 4493//4484
f 4419//4410 4496//4487 4420//4411
f 4420//4411 4496//4487 4497//4488
f 4420//4411 4497//4488 4417//4408
f 4417//4408 4497//4488 4494//4485
f 4418//4409 4495//4486 4421//4412
f 4421//4412 4495//4486 4498//4489
f 4421//4412 4498//4489 4422//4413
f 4422//4413 4498//4489 4499//4490
f 4423//4414 4500//4491 4424//4415
f 4424//4415 4500//4491 4501//4492
f 4424//4415 4501//4492 4419//4410
f 4419//4410 4501//4492 4496//4487
f 4422//4413 4499//4490 4425//4416
f 4425//4416 4499//4490 4502//4493
f 4425//4416 4502//4493 4426//4417
f 4426//4417 4502//4493 4503//4494
f 4426//4417 4503//4494 4427//4418
f 4427//4418 4503//4494 4504//4495
f 4427//4418 4504//4495 4505//4496
f 4427//4418 4505//4496 4428//4419
f 4428//4419 4505//4496 4506//4497
f 4428//4419 4506//4497 4507//4498
f 4428//4419 4507//4498 4429//4420
f 4429//4420 4507//4498 4508//4499
f 4429//4420 4508//4499 4423//4414
f 4423//4414 4508//4499 4500//4491
f 4505//4496 4504//4495 4509//4500
f 4505//4496 4509//4500 4506//4497
f 4430//4421 4431//4422 4510//4501
f 4510//4501 4431//4422 4511//4502
f 4431//4422 4432//4423 4511//4502
f 4511//4502 4432//4423 4512//4503
f 4432//4423 4433//4424 4512//4503
f 4512//4503 4433//4424 4513//4504
f 4433//4424 4434//4425 4513//4504
f 4513//4504 4434//4425 4514//4505
f 4434//4425 4436//4427 4514//4505
f 4514//4505 4436//4427 4515//4506
f 4437//4428 4438//4429 4516//4507
f 4516//4507 4438//4429 4517//4508
f 4438//4429 4430//4421 4517//4508
f 4517//4508 4430//4421 4510//4501
f 4436//4427 4439//4430 4515//4506
f 4515//4506 4439//4430 4518//4509
f 4439//4430 4441//4432 4518//4509
f 4518//4509 4441//4432 4519//4510
f 4442//4433 4443//4434 4520//4511
f 4520//4511 4443//4434 4521//4512
f 4443//4434 4437//4428 4521//4512
f 4521//4512 4437//4428 4516//4507
f 4441//4432 4444//4435 4519//4510
f 4519//4510 4444//4435 4522//4513
f 4444//4435 4446//4437 4522//4513
f 4522//4513 4446//4437 4523//4514
f 4447//4438 4448//4439 4524//4515
f 4524//4515 4448//4439 4525//4516
f 4448//4439 4442//4433 4525//4516
f 4525//4516 4442//4433 4520//4511
f 4446//4437 4449//4440 4523//4514
f 4523//4514 4449//4440 4526//4517
f 4523//4514 4526//4517 4527//4518
f 4449//4440 4450//4441 4526//4517
f 4451//4442 4447//4438 4528//4519
f 4528//4519 4447//4438 4524//4515
f 4526//4517 4529//4520 4527//4518
f 4527//4518 4529//4520 4530//4521
f 4452//4443 4529//4520 4450//4441
f 4450//4441 4529//4520 4526//4517
f 4453//4444 4451//4442 4531//4522
f 4531//4522 4451//4442 4528//4519
f 4529//4520 4532//4523 4530//4521
f 4454//4445 4533//4524 4452//4443
f 4452//4443 4533//4524 4532//4523
f 4452//4443 4532//4523 4529//4520
f 4455//4446 4453//4444 4534//4525
f 4534//4525 4453//4444 4531//4522
f 4535//4526 4536//4527 4537//4528
f 4457//4448 4535//4526 4454//4445
f 4454//4445 4535//4526 4537//4528
f 4454//4445 4537//4528 4533//4524
f 4455//4446 4534//4525 4458//4449
f 4458//4449 4534//4525 4538//4529
f 4458//4449 4538//4529 4539//4530
f 4458//4449 4539//4530 4459//4450
f 4460//4451 4540//4531 4461//4452
f 4461//4452 4540//4531 4536//4527
f 4461//4452 4536//4527 4535//4526
f 4461//4452 4535//4526 4457//4448
f 4539//4530 4538//4529 4541//4532
f 4462//4453 4459//4450 4542//4533
f 4542//4533 4459//4450 4539//4530
f 4542//4533 4539//4530 4541//4532
f 4463//4454 4543//4534 4460//4451
f 4460//4451 4543//4534 4540//4531
f 4462//4453 4542//4533 4464//4455
f 4464//4455 4542//4533 4544//4535
f 4464//4455 4544//4535 4545//4536
f 4464//4455 4545//4536 4465//4456
f 4466//4457 4546//4537 4467//4458
f 4467//4458 4546//4537 4463//4454
f 4463//4454 4546//4537 4547//4538
f 4463//4454 4547//4538 4543//4534
f 4545//4536 4544//4535 4548//4539
f 4465//4456 4545//4536 4468//4459
f 4468//4459 4545//4536 4548//4539
f 4468//4459 4548//4539 4549//4540
f 4468//4459 4549//4540 4469//4460
f 4469//4460 4549//4540 4550//4541
f 4470//4461 4551//4542 4466//4457
f 4466//4457 4551//4542 4552//4543
f 4466//4457 4552//4543 4546//4537
f 4546//4537 4552//4543 4547//4538
f 4469//4460 4550//4541 4471//4462
f 4471//4462 4550//4541 4553//4544
f 4471//4462 4553//4544 4472//4463
f 4472//4463 4553//4544 4554//4545
f 4472//4463 4554//4545 4555//4546
f 4472//4463 4555//4546 4473//4464
f 4473//4464 4555//4546 4556//4547
f 4473//4464 4556//4547 4474//4465
f 4474//4465 4556//4547 4557//4548
f 4474//4465 4557//4548 4558//4549
f 4474//4465 4558//4549 4475//4466
f 4475//4466 4558//4549 4559//4550
f 4475//4466 4559//4550 4470//4461
f 4470//4461 4559//4550 4551//4542
f 4555//4546 4554//4545 4560//4551
f 4555//4546 4560//4551 4556//4547
f 4556//4547 4560//4551 4561//4552
f 4556//4547 4561//4552 4557//4548
f 4478//4469 4479//4470 4562//4553
f 4562//4553 4479//4470 4563//4554
f 4479//4470 4480//4471 4563//4554
f 4563//4554 4480//4471 4564//4555
f 4480//4471 4481//4472 4564//4555
f 4564//4555 4481//4472 4565//4556
f 4481//4472 4482//4473 4565//4556
f 4565//4556 4482//4473 4566//4557
f 4482//4473 4483//4474 4566//4557
f 4566//4557 4483//4474 4567//4558
f 4483//4474 4484//4475 4567//4558
f 4567//4558 4484//4475 4568//4559
f 4484//4475 4485//4476 4568//4559
f 4568//4559 4485//4476 4569//4560
f 4486//4477 4487//4478 4570//4561
f 4570//4561 4487//4478 4571//4562
f 4487//4478 4478//4469 4571//4562
f 4571//4562 4478//4469 4562//4553
f 4485//4476 4489//4480 4569//4560
f 4569//4560 4489//4480 4572//4563
f 4489//4480 4490//4481 4572//4563
f 4572//4563 4490//4481 4573//4564
f 4491//4482 4486//4477 4574//4565
f 4574//4565 4486//4477 4570//4561
f 4492//4483 4575//4566 4490//4481
f 4490//4481 4575//4566 4573//4564
f 4493//4484 4491//4482 4576//4567
f 4576//4567 4491//4482 4574//4565
f 4494//4485 4577//4568 4492//4483
f 4492//4483 4577//4568 4575//4566
f 4495//4486 4493//4484 4578//4569
f 4578//4569 4493//4484 4576//4567
f 4496//4487 4579//4570 4497//4488
f 4497//4488 4579//4570 4580//4571
f 4497//4488 4580//4571 4494//4485
f 4494//4485 4580//4571 4577//4568
f 4495//4486 4578//4569 4498//4489
f 4498//4489 4578//4569 4581//4572
f 4498//4489 4581//4572 4499//4490
f 4499//4490 4581//4572 4582//4573
f 4500//4491 4583//4574 4501//4492
f 4501//4492 4583//4574 4584//4575
f 4501//4492 4584//4575 4496//4487
f 4496//4487 4584//4575 4579//4570
f 4499//4490 4582//4573 4502//4493
f 4502//4493 4582//4573 4585//4576
f 4502//4493 4585//4576 4503//4494
f 4503//4494 4585//4576 4586//4577
f 4503//4494 4586//4577 4504//4495
f 4504//4495 4586//4577 4587//4578
f 4506//4497 4588//4579 4507//4498
f 4507//4498 4588//4579 4589//4580
f 4507//4498 4589//4580 4508//4499
f 4508//4499 4589//4580 4590//4581
f 4508//4499 4590//4581 4500//4491
f 4500//4491 4590//4581 4583//4574
f 4504//4495 4587//4578 4509//4500
f 4509//4500 4587//4578 4591//4582
f 4509//4500 4591//4582 4506//4497
f 4506//4497 4591//4582 4588//4579
f 4510//4501 4511//4502 4592//4583
f 4592//4583 4511//4502 4593//4584
f 4511//4502 4512//4503 4593//4584
f 4593//4584 4512//4503 4594//4585
f 4512//4503 4513//4504 4594//4585
f 4594//4585 4513//4504 4595//4586
f 4513//4504 4514//4505 4595//4586
f 4595//4586 4514//4505 4596//4587
f 4595//4586 4596//4587 4597//4588
f 4514//4505 4515//4506 4596//4587
f 4516//4507 4517//4508 4598//4589
f 4598//4589 4517//4508 4599//4590
f 4517//4508 4510//4501 4599//4590
f 4599//4590 4510//4501 4592//4583
f 4596//4587 4600//4591 4597//4588
f 4515//4506 4518//4509 4596//4587
f 4596//4587 4518//4509 4601//4592
f 4596//4587 4601//4592 4600//4591
f 4518//4509 4519//4510 4601//4592
f 4601//4592 4519//4510 4602//4593
f 4520//4511 4521//4512 4603//4594
f 4603//4594 4521//4512 4604//4595
f 4521//4512 4516//4507 4604//4595
f 4604//4595 4516//4507 4598//4589
f 4519//4510 4522//4513 4602//4593
f 4602//4593 4522//4513 4605//4596
f 4522//4513 4523//4514 4605//4596
f 4605//4596 4523//4514 4606//4597
f 4524//4515 4525//4516 4607//4598
f 4607//4598 4525//4516 4608//4599
f 4525//4516 4520//4511 4608//4599
f 4608//4599 4520//4511 4603//4594
f 4527//4518 4609//4600 4523//4514
f 4523//4514 4609//4600 4606//4597
f 4528//4519 4524//4515 4610//4601
f 4610//4601 4524//4515 4607//4598
f 4530//4521 4611//4602 4527//4518
f 4527//4518 4611//4602 4609//4600
f 4531//4522 4528//4519 4612//4603
f 4612//4603 4528//4519 4610//4601
f 4530//4521 4532//4523 4611//4602
f 4611//4602 4532//4523 4613//4604
f 4611//4602 4613//4604 4614//4605
f 4532//4523 4533//4524 4613//4604
f 4534//4525 4531//4522 4615//4606
f 4615//4606 4531//4522 4612//4603
f 4536//4527 4616//4607 4537//4528
f 4537//4528 4616//4607 4614//4605
f 4537//4528 4614//4605 4613//4604
f 4537//4528 4613//4604 4533//4524
f 4538//4529 4534//4525 4617//4608
f 4617//4608 4534//4525 4615//4606
f 4540//4531 4618//4609 4536//4527
f 4536//4527 4618//4609 4616//4607
f 4538//4529 4617//4608 4541//4532
f 4541//4532 4617//4608 4619//4610
f 4541//4532 4619//4610 4542//4533
f 4542//4533 4619//4610 4620//4611
f 4543//4534 4621//4612 4540//4531
f 4540//4531 4621//4612 4618//4609
f 4544//4535 4542//4533 4622//4613
f 4622//4613 4542//4533 4620//4611
f 4547//4538 4623//4614 4543//4534
f 4543//4534 4623//4614 4621//4612
f 4544//4535 4622//4613 4548//4539
f 4548//4539 4622//4613 4624//4615
f 4548//4539 4624//4615 4549//4540
f 4549//4540 4624//4615 4625//4616
f 4549//4540 4625//4616 4626//4617
f 4549//4540 4626//4617 4550//4541
f 4551//4542 4627//4618 4552//4543
f 4552//4543 4627//4618 4628//4619
f 4552//4543 4628//4619 4547//4538
f 4547//4538 4628//4619 4623//4614
f 4626//4617 4625//4616 4629//4620
f 4550//4541 4626//4617 4553//4544
f 4553//4544 4626//4617 4629//4620
f 4553//4544 4629//4620 4630//4621
f 4553//4544 4630//4621 4554//4545
f 4554//4545 4630//4621 4631//4622
f 4557//4548 4632//4623 4558//4549
f 4558//4549 4632//4623 4559//4550
f 4559//4550 4632//4623 4633//4624
f 4559//4550 4633//4624 4634//4625
f 4559//4550 4634//4625 4551//4542
f 4551//4542 4634//4625 4627//4618
f 4554//4545 4631//4622 4560//4551
f 4560//4551 4631//4622 4635//4626
f 4560//4551 4635//4626 4561//4552
f 4561//4552 4635//4626 4636//4627
f 4561//4552 4636//4627 4557//4548
f 4557//4548 4636//4627 4637//4628
f 4557//4548 4637//4628 4632//4623
f 4632//4623 4637//4628 4633//4624
f 4562//4553 4563//4554 4638//4629
f 4563//4554 4564//4555 4638//4629
f 4638//4629 4564//4555 4639//4630
f 4638//4629 4639//4630 4640//4631
f 4564//4555 4565//4556 4639//4630
f 4639//4630 4565//4556 4641//4632
f 4565//4556 4566//4557 4641//4632
f 4641//4632 4566//4557 4642//4633
f 4566//4557 4567//4558 4642//4633
f 4642//4633 4567//4558 4643//4634
f 4567//4558 4568//4559 4643//4634
f 4643//4634 4568//4559 4644//4635
f 4568//4559 4569//4560 4644//4635
f 4644//4635 4569//4560 4645//4636
f 4570//4561 4571//4562 4646//4637
f 4571//4562 4562//4553 4646//4637
f 4646//4637 4562//4553 4638//4629
f 4646//4637 4638//4629 4647//4638
f 4647//4638 4638//4629 4648//4639
f 4638//4629 4640//4631 4648//4639
f 4569//4560 4572//4563 4645//4636
f 4645//4636 4572//4563 4649//4640
f 4572//4563 4573//4564 4649//4640
f 4649//4640 4573//4564 4650//4641
f 4574//4565 4570//4561 4651//4642
f 4651//4642 4570//4561 4646//4637
f 4651//4642 4646//4637 4652//4643
f 4646//4637 4647//4638 4652//4643
f 4575//4566 4653//4644 4573//4564
f 4573//4564 4653//4644 4650//4641
f 4576//4567 4574//4565 4654//4645
f 4654//4645 4574//4565 4651//4642
f 4577//4568 4655//4646 4575//4566
f 4575//4566 4655//4646 4653//4644
f 4578//4569 4576//4567 4656//4647
f 4656//4647 4576//4567 4654//4645
f 4579//4570 4657//4648 4580//4571
f 4580//4571 4657//4648 4658//4649
f 4580//4571 4658//4649 4577//4568
f 4577//4568 4658//4649 4655//4646
f 4578//4569 4656//4647 4581//4572
f 4581//4572 4656//4647 4659//4650
f 4581//4572 4659//4650 4582//4573
f 4582//4573 4659//4650 4660//4651
f 4583//4574 4661//4652 4584//4575
f 4584//4575 4661//4652 4662//4653
f 4584//4575 4662//4653 4579//4570
f 4579//4570 4662//4653 4657//4648
f 4582//4573 4660//4651 4585//4576
f 4585//4576 4660//4651 4663//4654
f 4585//4576 4663//4654 4586//4577
f 4586//4577 4663//4654 4664//4655
f 4586//4577 4664//4655 4665//4656
f 4586//4577 4665//4656 4587//4578
f 4588//4579 4666//4657 4589//4580
f 4589//4580 4666//4657 4667//4658
f 4589//4580 4667//4658 4590//4581
f 4590//4581 4667//4658 4668//4659
f 4590//4581 4668//4659 4583//4574
f 4583//4574 4668//4659 4661//4652
f 4665//4656 4664//4655 4669//4660
f 4587//4578 4665//4656 4591//4582
f 4591//4582 4665//4656 4669//4660
f 4591//4582 4669//4660 4670//4661
f 4591//4582 4670//4661 4588//4579
f 4588//4579 4670//4661 4666//4657
f 4592//4583 4593//4584 4671//4662
f 4671//4662 4593//4584 4672//4663
f 4593//4584 4594//4585 4672//4663
f 4672//4663 4594//4585 4673//4664
f 4594//4585 4595//4586 4673//4664
f 4673//4664 4595//4586 4674//4665
f 4595//4586 4597//4588 4674//4665
f 4674//4665 4597//4588 4675//4666
f 4598//4589 4599//4590 4676//4667
f 4676//4667 4599//4590 4677//4668
f 4599//4590 4592//4583 4677//4668
f 4677//4668 4592//4583 4671//4662
f 4597//4588 4600//4591 4675//4666
f 4675//4666 4600//4591 4678//4669
f 4600//4591 4601//4592 4678//4669
f 4678//4669 4601//4592 4679//4670
f 4678//4669 4679//4670 4680//4671
f 4601//4592 4602//4593 4679//4670
f 4603//4594 4604//4595 4681//4672
f 4681//4672 4604//4595 4682//4673
f 4604//4595 4598//4589 4682//4673
f 4682//4673 4598//4589 4676//4667
f 4679//4670 4683//4674 4680//4671
f 4602//4593 4605//4596 4679//4670
f 4679//4670 4605//4596 4684//4675
f 4679//4670 4684//4675 4683//4674
f 4683//4674 4684//4675 4685//4676
f 4605//4596 4606//4597 4684//4675
f 4607//4598 4608//4599 4686//4677
f 4686//4677 4608//4599 4687//4678
f 4608//4599 4603//4594 4687//4678
f 4687//4678 4603//4594 4681//4672
f 4684//4675 4688//4679 4685//4676
f 4609//4600 4689//4680 4606//4597
f 4606//4597 4689//4680 4688//4679
f 4606//4597 4688//4679 4684//4675
f 4610//4601 4607//4598 4690//4681
f 4690//4681 4607//4598 4686//4677
f 4611//4602 4691//4682 4609//4600
f 4609//4600 4691//4682 4689//4680
f 4612//4603 4610//4601 4692//4683
f 4692//4683 4610//4601 4690//4681
f 4614//4605 4693//4684 4611//4602
f 4611//4602 4693//4684 4691//4682
f 4615//4606 4612//4603 4694//4685
f 4694//4685 4612//4603 4692//4683
f 4616//4607 4695//4686 4614//4605
f 4614//4605 4695//4686 4693//4684
f 4617//4608 4615//4606 4696//4687
f 4696//4687 4615//4606 4694//4685
f 4618//4609 4697//4688 4616//4607
f 4616//4607 4697//4688 4695//4686
f 4617//4608 4696//4687 4619//4610
f 4619//4610 4696//4687 4698//4689
f 4619//4610 4698//4689 4699//4690
f 4619//4610 4699//4690 4620//4611
f 4621//4612 4700//4691 4618//4609
f 4618//4609 4700//4691 4697//4688
f 4699//4690 4698//4689 4701//4692
f 4622//4613 4620//4611 4702//4693
f 4702//4693 4620//4611 4699//4690
f 4702//4693 4699//4690 4701//4692
f 4623//4614 4703//4694 4621//4612
f 4621//4612 4703//4694 4700//4691
f 4622//4613 4702//4693 4624//4615
f 4624//4615 4702//4693 4704//4695
f 4624//4615 4704//4695 4625//4616
f 4625//4616 4704//4695 4705//4696
f 4627//4618 4706//4697 4628//4619
f 4628//4619 4706//4697 4707//4698
f 4628//4619 4707//4698 4623//4614
f 4623//4614 4707//4698 4703//4694
f 4625//4616 4705//4696 4629//4620
f 4629//4620 4705//4696 4708//4699
f 4629//4620 4708//4699 4630//4621
f 4630//4621 4708//4699 4709//4700
f 4630//4621 4709//4700 4631//4622
f 4631//4622 4709//4700 4710//4701
f 4633//4624 4711//4702 4634//4625
f 4634//4625 4711//4702 4712//4703
f 4634//4625 4712//4703 4627//4618
f 4627//4618 4712//4703 4706//4697
f 4631//4622 4710//4701 4635//4626
f 4635//4626 4710//4701 4713//4704
f 4635//4626 4713//4704 4636//4627
f 4636//4627 4713//4704 4714//4705
f 4636//4627 4714//4705 4637//4628
f 4637//4628 4714//4705 4715//4706
f 4637//4628 4715//4706 4633//4624
f 4633//4624 4715//4706 4711//4702
f 4640//4631 4639//4630 4716//4707
f 4716//4707 4639//4630 4717//4708
f 4639//4630 4641//4632 4717//4708
f 4717//4708 4641//4632 4718//4709
f 4641//4632 4642//4633 4718//4709
f 4718//4709 4642//4633 4719//4710
f 4642//4633 4643//4634 4719//4710
f 4719//4710 4643//4634 4720//4711
f 4643//4634 4644//4635 4720//4711
f 4720//4711 4644//4635 4721//4712
f 4644//4635 4645//4636 4721//4712
f 4721//4712 4645//4636 4722//4713
f 4647//4638 4648//4639 4723//4714
f 4723//4714 4648//4639 4724//4715
f 4648//4639 4640//4631 4724//4715
f 4724//4715 4640//4631 4716//4707
f 4645//4636 4649//4640 4722//4713
f 4722//4713 4649//4640 4725//4716
f 4649//4640 4650//4641 4725//4716
f 4725//4716 4650//4641 4726//4717
f 4651//4642 4652//4643 4727//4718
f 4727//4718 4652//4643 4728//4719
f 4652//4643 4647//4638 4728//4719
f 4728//4719 4647//4638 4723//4714
f 4653//4644 4729//4720 4650//4641
f 4650//4641 4729//4720 4730//4721
f 4650//4641 4730//4721 4726//4717
f 4729//4720 4731//4722 4730//4721
f 4654//4645 4651//4642 4732//4723
f 4732//4723 4651//4642 4727//4718
f 4655//4646 4733//4724 4653//4644
f 4653//4644 4733//4724 4729//4720
f 4729//4720 4733//4724 4731//4722
f 4731//4722 4733//4724 4734//4725
f 4656//4647 4654//4645 4735//4726
f 4735//4726 4654//4645 4732//4723
f 4657//4648 4736//4727 4658//4649
f 4658//4649 4736//4727 4655//4646
f 4655//4646 4736//4727 4737//4728
f 4655//4646 4737//4728 4733//4724
f 4733//4724 4737//4728 4738//4729
f 4733//4724 4738//4729 4734//4725
f 4656//4647 4735//4726 4659//4650
f 4659//4650 4735//4726 4739//4730
f 4659//4650 4739//4730 4660//4651
f 4660//4651 4739//4730 4740//4731
f 4661//4652 4741//4732 4662//4653
f 4662//4653 4741//4732 4742//4733
f 4662//4653 4742//4733 4657//4648
f 4657//4648 4742//4733 4743//4734
f 4657//4648 4743//4734 4736//4727
f 4736//4727 4743//4734 4737//4728
f 4660//4651 4740//4731 4663//4654
f 4663//4654 4740//4731 4744//4735
f 4663//4654 4744//4735 4664//4655
f 4664//4655 4744//4735 4745//4736
f 4666//4657 4746//4737 4667//4658
f 4667//4658 4746//4737 4747//4738
f 4667//4658 4747//4738 4668//4659
f 4668//4659 4747//4738 4748//4739
f 4668//4659 4748//4739 4661//4652
f 4661//4652 4748//4739 4741//4732
f 4664//4655 4745//4736 4669//4660
f 4669//4660 4745//4736 4749//4740
f 4669//4660 4749//4740 4670//4661
f 4670//4661 4749//4740 4750//4741
f 4670//4661 4750//4741 4666//4657
f 4666//4657 4750//4741 4746//4737
f 4671//4662 4672//4663 4751//4742
f 4751//4742 4672//4663 4752//4743
f 4672//4663 4673//4664 4752//4743
f 4752//4743 4673//4664 4753//4744
f 4673//4664 4674//4665 4753//4744
f 4753//4744 4674//4665 4754//4745
f 4753//4744 4754//4745 4755//4746
f 4674//4665 4675//4666 4754//4745
f 4756//4747 4757//4748 4758//4749
f 4676//4667 4677//4668 4756//4747
f 4756//4747 4677//4668 4759//4750
f 4756//4747 4759//4750 4757//4748
f 4677//4668 4671//4662 4759//4750
f 4759//4750 4671//4662 4751//4742
f 4754//4745 4760//4751 4755//4746
f 4675//4666 4678//4669 4754//4745
f 4754//4745 4678//4669 4761//4752
f 4754//4745 4761//4752 4760//4751
f 4678//4669 4680//4671 4761//4752
f 4761//4752 4680//4671 4762//4753
f 4681//4672 4682//4673 4763//4754
f 4763//4754 4682//4673 4756//4747
f 4763//4754 4756//4747 4758//4749
f 4682//4673 4676//4667 4756//4747
f 4680//4671 4683//4674 4762//4753
f 4762//4753 4683//4674 4764//4755
f 4683//4674 4685//4676 4764//4755
f 4764//4755 4685//4676 4765//4756
f 4686//4677 4687//4678 4766//4757
f 4766//4757 4687//4678 4767//4758
f 4687//4678 4681//4672 4767//4758
f 4767//4758 4681//4672 4763//4754
f 4685//4676 4688//4679 4765//4756
f 4765//4756 4688//4679 4768//4759
f 4688//4679 4689//4680 4768//4759
f 4768//4759 4689//4680 4769//4760
f 4690//4681 4686//4677 4770//4761
f 4770//4761 4686//4677 4766//4757
f 4691//4682 4771//4762 4689//4680
f 4689//4680 4771//4762 4769//4760
f 4692//4683 4690//4681 4772//3053
f 4772//3053 4690//4681 4770//4761
f 4693//4684 4773//4763 4691//4682
f 4691//4682 4773//4763 4771//4762
f 4694//4685 4692//4683 4774//4764
f 4774//4764 4692//4683 4772//3053
f 4695//4686 4775//4765 4693//4684
f 4693//4684 4775//4765 4776//4766
f 4693//4684 4776//4766 4773//4763
f 4775//4765 4777//4767 4776//4766
f 4696//4687 4694//4685 4778//4768
f 4778//4768 4694//4685 4774//4764
f 4697//4688 4779//4769 4695//4686
f 4695//4686 4779//4769 4775//4765
f 4775//4765 4779//4769 4777//4767
f 4777//4767 4779//4769 4780//4770
f 4698//4689 4696//4687 4781//4771
f 4781//4771 4696//4687 4778//4768
f 4700//4691 4782//4772 4697//4688
f 4697//4688 4782//4772 4783//4773
f 4697//4688 4783//4773 4779//4769
f 4779//4769 4783//4773 4780//4770
f 4698//4689 4781//4771 4701//4692
f 4701//4692 4781//4771 4784//4774
f 4701//4692 4784//4774 4702//4693
f 4702//4693 4784//4774 4785//4775
f 4703//4694 4786//4776 4700//4691
f 4700//4691 4786//4776 4782//4772
f 4702//4693 4785//4775 4704//4695
f 4704//4695 4785//4775 4787//4777
f 4704//4695 4787//4777 4705//4696
f 4705//4696 4787//4777 4788//4778
f 4706//4697 4789//4779 4707//4698
f 4707//4698 4789//4779 4790//4780
f 4707//4698 4790//4780 4703//4694
f 4703//4694 4790//4780 4786//4776
f 4705//4696 4788//4778 4708//4699
f 4708//4699 4788//4778 4791//4781
f 4708//4699 4791//4781 4709//4700
f 4709//4700 4791//4781 4792//4782
f 4709//4700 4792//4782 4793//4783
f 4709//4700 4793//4783 4710//4701
f 4794//4784 4795//4785 4796//4786
f 4711//4702 4794//4784 4712//4703
f 4712//4703 4794//4784 4796//4786
f 4712//4703 4796//4786 4797//4787
f 4712//4703 4797//4787 4706//4697
f 4706//4697 4797//4787 4789//4779
f 4793//4783 4792//4782 4798//4788
f 4710//4701 4793//4783 4713//4704
f 4713//4704 4793//4783 4798//4788
f 4713//4704 4798//4788 4799//4789
f 4713//4704 4799//4789 4714//4705
f 4714//4705 4799//4789 4800//4790
f 4714//4705 4800//4790 4715//4706
f 4715//4706 4800//4790 4795//4785
f 4715//4706 4795//4785 4794//4784
f 4715//4706 4794//4784 4711//4702
f 4716//4707 4717//4708 4801//4791
f 4801//4791 4717//4708 4802//4792
f 4717//4708 4718//4709 4802//4792
f 4802//4792 4718//4709 4803//4793
f 4718//4709 4719//4710 4803//4793
f 4803//4793 4719//4710 4804//4794
f 4719//4710 4720//4711 4804//4794
f 4804//4794 4720//4711 4805//4795
f 4720//4711 4721//4712 4805//4795
f 4805//4795 4721//4712 4806//4796
f 4721//4712 4722//4713 4806//4796
f 4806//4796 4722//4713 4807//4797
f 4806//4796 4807//4797 4808//4798
f 4807//4797 4809//4799 4808//4798
f 4723//4714 4724//4715 4810//4800
f 4810//4800 4724//4715 4811//4801
f 4724//4715 4716//4707 4811//4801
f 4811//4801 4716//4707 4801//4791
f 4722//4713 4725//4716 4807//4797
f 4725//4716 4726//4717 4807//4797
f 4807//4797 4726//4717 4812//4802
f 4807//4797 4812//4802 4809//4799
f 4727//4718 4728//4719 4813//4803
f 4813//4803 4728//4719 4814//4804
f 4728//4719 4723//4714 4814//4804
f 4814//4804 4723//4714 4810//4800
f 4726//4717 4730//4721 4812//4802
f 4812//4802 4730//4721 4815//4805
f 4730//4721 4731//4722 4815//4805
f 4815//4805 4731//4722 4816//4806
f 4732//4723 4727//4718 4817//4807
f 4817//4807 4727//4718 4813//4803
f 4734//4725 4818//4808 4731//4722
f 4731//4722 4818//4808 4816//4806
f 4735//4726 4732//4723 4819//4809
f 4819//4809 4732//4723 4817//4807
f 4737//4728 4820//4810 4738//4729
f 4738//4729 4820//4810 4821//4811
f 4738//4729 4821//4811 4734//4725
f 4734//4725 4821//4811 4818//4808
f 4735//4726 4819//4809 4739//4730
f 4739//4730 4819//4809 4822//4812
f 4739//4730 4822//4812 4740//4731
f 4740//4731 4822//4812 4823//4813
f 4741//4732 4824//4814 4742//4733
f 4742//4733 4824//4814 4825//4815
f 4742//4733 4825//4815 4743//4734
f 4743//4734 4825//4815 4826//4816
f 4743//4734 4826//4816 4737//4728
f 4737//4728 4826//4816 4820//4810
f 4740//4731 4823//4813 4744//4735
f 4744//4735 4823//4813 4827//4817
f 4744//4735 4827//4817 4745//4736
f 4745//4736 4827//4817 4828//4818
f 4746//4737 4829//4819 4747//4738
f 4747//4738 4829//4819 4830//4820
f 4747//4738 4830//4820 4748//4739
f 4748//4739 4830//4820 4831//4821
f 4748//4739 4831//4821 4741//4732
f 4741//4732 4831//4821 4824//4814
f 4745//4736 4828//4818 4749//4740
f 4749//4740 4828//4818 4832//4822
f 4749//4740 4832//4822 4750//4741
f 4750//4741 4832//4822 4833//4823
f 4750//4741 4833//4823 4746//4737
f 4746//4737 4833//4823 4829//4819
f 4834//4824 4835//4825 4836//4826
f 4751//4742 4752//4743 4834//4824
f 4834//4824 4752//4743 4837//4827
f 4834//4824 4837//4827 4835//4825
f 4752//4743 4753//4744 4837//4827
f 4837//4827 4753//4744 4838//4828
f 4753//4744 4755//4746 4838//4828
f 4838//4828 4755//4746 4839//4829
f 4758//4749 4757//4748 4840//4830
f 4840//4830 4757//4748 4841//4831
f 4757//4748 4759//4750 4841//4831
f 4841//4831 4759//4750 4834//4824
f 4841//4831 4834//4824 4836//4826
f 4759//4750 4751//4742 4834//4824
f 4755//4746 4760//4751 4839//4829
f 4839//4829 4760//4751 4842//4832
f 4760//4751 4761//4752 4842//4832
f 4842//4832 4761//4752 4843//4833
f 4761//4752 4762//4753 4843//4833
f 4843//4833 4762//4753 4844//4834
f 4845//4835 4846//4836 4847//4837
f 4763//4754 4758//4749 4845//4835
f 4845//4835 4758//4749 4840//4830
f 4845//4835 4840//4830 4846//4836
f 4762//4753 4764//4755 4844//4834
f 4844//4834 4764//4755 4848//4838
f 4764//4755 4765//4756 4848//4838
f 4848//4838 4765//4756 4849//4839
f 4766//4757 4767//4758 4850//4840
f 4850//4840 4767//4758 4845//4835
f 4850//4840 4845//4835 4847//4837
f 4767//4758 4763//4754 4845//4835
f 4765//4756 4768//4759 4849//4839
f 4849//4839 4768//4759 4851//4841
f 4768//4759 4769//4760 4851//4841
f 4851//4841 4769//4760 4852//4842
f 4770//4761 4766//4757 4853//4843
f 4853//4843 4766//4757 4850//4840
f 4771//4762 4854//4844 4769//4760
f 4769//4760 4854//4844 4852//4842
f 4772//3053 4770//4761 4855//3053
f 4855//3053 4770//4761 4853//4843
f 4773//4763 4856//4845 4771//4762
f 4771//4762 4856//4845 4854//4844
f 4774//4764 4772//3053 4857//4846
f 4857//4846 4772//3053 4855//3053
f 4773//4763 4776//4766 4856//4845
f 4856//4845 4776//4766 4858//4847
f 4776//4766 4777//4767 4858//4847
f 4858//4847 4777//4767 4859//4848
f 4778//4768 4774//4764 4860//4849
f 4860//4849 4774//4764 4857//4846
f 4780//4770 4861//4850 4777//4767
f 4777//4767 4861//4850 4859//4848
f 4781//4771 4778//4768 4862//4851
f 4862//4851 4778//4768 4860//4849
f 4782//4772 4863//4852 4783//4773
f 4783//4773 4863//4852 4864//4853
f 4783//4773 4864//4853 4780//4770
f 4780//4770 4864//4853 4861//4850
f 4781//4771 4862//4851 4784//4774
f 4784//4774 4862//4851 4865//4854
f 4784//4774 4865//4854 4785//4775
f 4785//4775 4865//4854 4866//4855
f 4786//4776 4867//4856 4782//4772
f 4782//4772 4867//4856 4863//4852
f 4785//4775 4866//4855 4787//4777
f 4787//4777 4866//4855 4868//4857
f 4787//4777 4868//4857 4788//4778
f 4788//4778 4868//4857 4869//4858
f 4789//4779 4870//4859 4790//4780
f 4790//4780 4870//4859 4871//4860
f 4790//4780 4871//4860 4786//4776
f 4786//4776 4871//4860 4867//4856
f 4788//4778 4869//4858 4791//4781
f 4791//4781 4869//4858 4872//4861
f 4791//4781 4872//4861 4792//4782
f 4792//4782 4872//4861 4873//4862
f 4795//4785 4874//4863 4796//4786
f 4796//4786 4874//4863 4875//4864
f 4796//4786 4875//4864 4797//4787
f 4797//4787 4875//4864 4876//4865
f 4797//4787 4876//4865 4789//4779
f 4789//4779 4876//4865 4870//4859
f 4792//4782 4873//4862 4798//4788
f 4798//4788 4873//4862 4877//4866
f 4798//4788 4877//4866 4799//4789
f 4799//4789 4877//4866 4878//4867
f 4799//4789 4878//4867 4800//4790
f 4800//4790 4878//4867 4879//4868
f 4800//4790 4879//4868 4795//4785
f 4795//4785 4879//4868 4874//4863
f 4801//4791 4802//4792 4880//4869
f 4802//4792 4803//4793 4880//4869
f 4880//4869 4803//4793 4881//4870
f 4880//4869 4881//4870 4882//4871
f 4803//4793 4804//4794 4881//4870
f 4881//4870 4804//4794 4883//4872
f 4804//4794 4805//4795 4883//4872
f 4883//4872 4805//4795 4884//4873
f 4805//4795 4806//4796 4884//4873
f 4884//4873 4806//4796 4885//4874
f 4806//4796 4808//4798 4885//4874
f 4885//4874 4808//4798 4886//4875
f 4808//4798 4809//4799 4886//4875
f 4886//4875 4809//4799 4887//4876
f 4810//4800 4811//4801 4888//4877
f 4888//4877 4811//4801 4889//4878
f 4811//4801 4801//4791 4889//4878
f 4889//4878 4801//4791 4880//4869
f 4889//4878 4880//4869 4890//4879
f 4880//4869 4882//4871 4890//4879
f 4812//4802 4891//4880 4809//4799
f 4809//4799 4891//4880 4892//4881
f 4809//4799 4892//4881 4887//4876
f 4891//4880 4893//4882 4892//4881
f 4813//4803 4814//4804 4894//4883
f 4814//4804 4810//4800 4894//4883
f 4894//4883 4810//4800 4888//4877
f 4894//4883 4888//4877 4895//4884
f 4812//4802 4815//4805 4891//4880
f 4815//4805 4816//4806 4891//4880
f 4891//4880 4816//4806 4896//4885
f 4891//4880 4896//4885 4893//4882
f 4817//4807 4813//4803 4897//4886
f 4897//4886 4813//4803 4894//4883
f 4897//4886 4894//4883 4898//4887
f 4894//4883 4895//4884 4898//4887
f 4818//4808 4899//4888 4816//4806
f 4816//4806 4899//4888 4896//4885
f 4819//4809 4817//4807 4900//4889
f 4900//4889 4817//4807 4897//4886
f 4900//4889 4897//4886 4901//4890
f 4900//4889 4901//4890 4902//4891
f 4820//4810 4903//4892 4821//4811
f 4821//4811 4903//4892 4818//4808
f 4818//4808 4903//4892 4904//4893
f 4818//4808 4904//4893 4899//4888
f 4819//4809 4900//4889 4822//4812
f 4822//4812 4900//4889 4823//4813
f 4823//4813 4900//4889 4902//4891
f 4823//4813 4902//4891 4905//4894
f 4824//4814 4906//4895 4825//4815
f 4825//4815 4906//4895 4826//4816
f 4826//4816 4906//4895 4907//4896
f 4826//4816 4907//4896 4820//4810
f 4820//4810 4907//4896 4908//4897
f 4820//4810 4908//4897 4903//4892
f 4903//4892 4908//4897 4909//4898
f 4903//4892 4909//4898 4904//4893
f 4823//4813 4905//4894 4827//4817
f 4827//4817 4905//4894 4910//4899
f 4827//4817 4910//4899 4828//4818
f 4828//4818 4910//4899 4911//4900
f 4829//4819 4912//4901 4830//4820
f 4830//4820 4912//4901 4831//4821
f 4831//4821 4912//4901 4913//4902
f 4831//4821 4913//4902 4914//4903
f 4831//4821 4914//4903 4824//4814
f 4824//4814 4914//4903 4915//4904
f 4824//4814 4915//4904 4906//4895
f 4906//4895 4915//4904 4907//4896
f 4907//4896 4915//4904 4916//4905
f 4907//4896 4916//4905 4908//4897
f 4828//4818 4911//4900 4832//4822
f 4832//4822 4911//4900 4917//4906
f 4832//4822 4917//4906 4833//4823
f 4833//4823 4917//4906 4918//4907
f 4833//4823 4918//4907 4829//4819
f 4829//4819 4918//4907 4919//4908
f 4829//4819 4919//4908 4912//4901
f 4912//4901 4919//4908 4913//4902
f 4836//4826 4835//4825 4920//4909
f 4920//4909 4835//4825 4921//4910
f 4835//4825 4837//4827 4921//4910
f 4921//4910 4837//4827 4922//4911
f 4837//4827 4838//4828 4922//4911
f 4922//4911 4838//4828 4923//4912
f 4838//4828 4839//4829 4923//4912
f 4923//4912 4839//4829 4924//4913
f 4840//4830 4841//4831 4925//4914
f 4925//4914 4841//4831 4926//4915
f 4841//4831 4836//4826 4926//4915
f 4926//4915 4836//4826 4920//4909
f 4839//4829 4842//4832 4924//4913
f 4924//4913 4842//4832 4927//4916
f 4842//4832 4843//4833 4927//4916
f 4927//4916 4843//4833 4928//4917
f 4843//4833 4844//4834 4928//4917
f 4928//4917 4844//4834 4929//4918
f 4847//4837 4846//4836 4930//4919
f 4930//4919 4846//4836 4931//4920
f 4846//4836 4840//4830 4931//4920
f 4931//4920 4840//4830 4925//4914
f 4844//4834 4848//4838 4929//4918
f 4929//4918 4848//4838 4932//4921
f 4848//4838 4849//4839 4932//4921
f 4932//4921 4849//4839 4933//4922
f 4850//4840 4847//4837 4934//4923
f 4934//4923 4847//4837 4930//4919
f 4849//4839 4851//4841 4933//4922
f 4933//4922 4851//4841 4935//4924
f 4851//4841 4852//4842 4935//4924
f 4935//4924 4852//4842 4936//4925
f 4853//4843 4850//4840 4937//4926
f 4937//4926 4850//4840 4934//4923
f 4854//4844 4938//4927 4852//4842
f 4852//4842 4938//4927 4936//4925
f 4855//3053 4853//4843 4939//3053
f 4939//3053 4853//4843 4937//4926
f 4856//4845 4940//4928 4854//4844
f 4854//4844 4940//4928 4941//4929
f 4854//4844 4941//4929 4938//4927
f 4940//4928 4942//4930 4941//4929
f 4857//4846 4855//3053 4943//4931
f 4943//4931 4855//3053 4939//3053
f 4856//4845 4858//4847 4940//4928
f 4858//4847 4859//4848 4940//4928
f 4940//4928 4859//4848 4944//4932
f 4940//4928 4944//4932 4942//4930
f 4860//4849 4857//4846 4945//4933
f 4945//4933 4857//4846 4943//4931
f 4861//4850 4946//4934 4859//4848
f 4859//4848 4946//4934 4944//4932
f 4862//4851 4860//4849 4947//4935
f 4947//4935 4860//4849 4945//4933
f 4863//4852 4948//4936 4864//4853
f 4864//4853 4948//4936 4861//4850
f 4861//4850 4948//4936 4949//4937
f 4861//4850 4949//4937 4946//4934
f 4862//4851 4947//4935 4865//4854
f 4865//4854 4947//4935 4950//4938
f 4865//4854 4950//4938 4866//4855
f 4866//4855 4950//4938 4951//4939
f 4867//4856 4952//4940 4863//4852
f 4863//4852 4952//4940 4953//4941
f 4863//4852 4953//4941 4948//4936
f 4948//4936 4953//4941 4949//4937
f 4866//4855 4951//4939 4868//4857
f 4868//4857 4951//4939 4954//4942
f 4868//4857 4954//4942 4869//4858
f 4869//4858 4954//4942 4955//4943
f 4870//4859 4956//4944 4871//4860
f 4871//4860 4956//4944 4957//4945
f 4871//4860 4957//4945 4867//4856
f 4867//4856 4957//4945 4952//4940
f 4869//4858 4955//4943 4872//4861
f 4872//4861 4955//4943 4958//4946
f 4872//4861 4958//4946 4873//4862
f 4873//4862 4958//4946 4959//4947
f 4873//4862 4959//4947 4960//4948
f 4960//4948 4959//4947 4961//4949
f 4962//4950 4963//4951 4964//4952
f 4874//4863 4962//4950 4875//4864
f 4875//4864 4962//4950 4964//4952
f 4875//4864 4964//4952 4965//4953
f 4875//4864 4965//4953 4876//4865
f 4876//4865 4965//4953 4966//4954
f 4876//4865 4966//4954 4870//4859
f 4870//4859 4966//4954 4956//4944
f 4873//4862 4960//4948 4877//4866
f 4877//4866 4960//4948 4878//4867
f 4878//4867 4960//4948 4961//4949
f 4878//4867 4961//4949 4967//4955
f 4878//4867 4967//4955 4879//4868
f 4879//4868 4967//4955 4963//4951
f 4879//4868 4963//4951 4962//4950
f 4879//4868 4962//4950 4874//4863
f 4882//4871 4881//4870 4968//4956
f 4968//4956 4881//4870 4969//4957
f 4881//4870 4883//4872 4969//4957
f 4969//4957 4883//4872 4970//4958
f 4883//4872 4884//4873 4970//4958
f 4970//4958 4884//4873 4971//4959
f 4884//4873 4885//4874 4971//4959
f 4971//4959 4885//4874 4972//4960
f 4885//4874 4886//4875 4972//4960
f 4972//4960 4886//4875 4973//4961
f 4886//4875 4887//4876 4973//4961
f 4973//4961 4887//4876 4974//4962
f 4888//4877 4889//4878 4975//4963
f 4889//4878 4890//4879 4975//4963
f 4975//4963 4890//4879 4976//4964
f 4975//4963 4976//4964 4977//4965
f 4890//4879 4882//4871 4976//4964
f 4976//4964 4882//4871 4968//4956
f 4887//4876 4892//4881 4974//4962
f 4974//4962 4892//4881 4978//4966
f 4892//4881 4893//4882 4978//4966
f 4978//4966 4893//4882 4979//4967
f 4895//4884 4888//4877 4980//4968
f 4980//4968 4888//4877 4975//4963
f 4980//4968 4975//4963 4981//4969
f 4975//4963 4977//4965 4981//4969
f 4896//4885 4982//4970 4893//4882
f 4893//4882 4982//4970 4979//4967
f 4897//4886 4898//4887 4983//4971
f 4898//4887 4895//4884 4983//4971
f 4983//4971 4895//4884 4980//4968
f 4983//4971 4980//4968 4984//4972
f 4899//4888 4985//4973 4896//4885
f 4896//4885 4985//4973 4986//4974
f 4896//4885 4986//4974 4982//4970
f 4985//4973 4987//4975 4986//4974
f 4897//4886 4983//4971 4901//4890
f 4901//4890 4983//4971 4902//4891
f 4902//4891 4983//4971 4984//4972
f 4902//4891 4984//4972 4988//4976
f 4904//4893 4989//4977 4899//4888
f 4899//4888 4989//4977 4990//4978
f 4899//4888 4990//4978 4985//4973
f 4985//4973 4990//4978 4987//4975
f 4905//4894 4902//4891 4991//4979
f 4991//4979 4902//4891 4988//4976
f 4908//4897 4992//4980 4909//4898
f 4909//4898 4992//4980 4904//4893
f 4904//4893 4992//4980 4993//4981
f 4904//4893 4993//4981 4989//4977
f 4905//4894 4991//4979 4910//4899
f 4910//4899 4991//4979 4994//4982
f 4910//4899 4994//4982 4911//4900
f 4911//4900 4994//4982 4995//4983
f 4913//4902 4996//4984 4914//4903
f 4914//4903 4996//4984 4997//4985
f 4914//4903 4997//4985 4915//4904
f 4915//4904 4997//4985 4998//4986
f 4915//4904 4998//4986 4916//4905
f 4916//4905 4998//4986 4999//4987
f 4916//4905 4999//4987 4908//4897
f 4908//4897 4999//4987 5000//4988
f 4908//4897 5000//4988 4992//4980
f 4992//4980 5000//4988 4993//4981
f 4911//4900 4995//4983 4917//4906
f 4917//4906 4995//4983 5001//4989
f 4917//4906 5001//4989 4918//4907
f 4918//4907 5001//4989 5002//4990
f 4918//4907 5002//4990 4919//4908
f 4919//4908 5002//4990 5003//4991
f 4919//4908 5003//4991 4913//4902
f 4913//4902 5003//4991 4996//4984
f 4920//4909 4921//4910 5004//4992
f 5004//4992 4921//4910 5005//4993
f 4921//4910 4922//4911 5005//4993
f 5005//4993 4922//4911 5006//4994
f 4922//4911 4923//4912 5006//4994
f 5006//4994 4923//4912 5007//4995
f 4923//4912 4924//4913 5007//4995
f 5007//4995 4924//4913 5008//4996
f 4925//4914 4926//4915 5009//4997
f 5009//4997 4926//4915 5010//4998
f 4926//4915 4920//4909 5010//4998
f 5010//4998 4920//4909 5004//4992
f 4924//4913 4927//4916 5008//4996
f 5008//4996 4927//4916 5011//4999
f 4927//4916 4928//4917 5011//4999
f 5011//4999 4928//4917 5012//5000
f 4928//4917 4929//4918 5012//5000
f 5012//5000 4929//4918 5013//5001
f 4930//4919 4931//4920 5014//5002
f 5014//5002 4931//4920 5015//5003
f 4931//4920 4925//4914 5015//5003
f 5015//5003 4925//4914 5009//4997
f 4929//4918 4932//4921 5013//5001
f 5013//5001 4932//4921 5016//5004
f 4932//4921 4933//4922 5016//5004
f 5016//5004 4933//4922 5017//5005
f 4934//4923 4930//4919 5018//5006
f 5018//5006 4930//4919 5014//5002
f 4933//4922 4935//4924 5017//5005
f 5017//5005 4935//4924 5019//5007
f 4935//4924 4936//4925 5019//5007
f 5019//5007 4936//4925 5020//5008
f 4937//4926 4934//4923 5021//5009
f 5021//5009 4934//4923 5018//5006
f 4938//4927 5022//5010 4936//4925
f 4936//4925 5022//5010 5023//5011
f 4936//4925 5023//5011 5020//5008
f 5022//5010 5024//5012 5023//5011
f 4939//3053 4937//4926 5025//5013
f 5025//5013 4937//4926 5021//5009
f 4938//4927 4941//4929 5022//5010
f 4941//4929 4942//4930 5022//5010
f 5022//5010 4942//4930 5026//5014
f 5022//5010 5026//5014 5024//5012
f 4943//4931 4939//3053 5027//5015
f 5027//5015 4939//3053 5025//5013
f 4944//4932 5028//5016 4942//4930
f 4942//4930 5028//5016 5026//5014
f 4945//4933 4943//4931 5029//5017
f 5029//5017 4943//4931 5027//5015
f 4946//4934 5030//5018 4944//4932
f 4944//4932 5030//5018 5028//5016
f 4947//4935 4945//4933 5031//5019
f 5031//5019 4945//4933 5029//5017
f 4949//4937 5032//5020 4946//4934
f 4946//4934 5032//5020 5030//5018
f 4947//4935 5031//5019 4950//4938
f 4950//4938 5031//5019 5033//5021
f 4950//4938 5033//5021 4951//4939
f 4951//4939 5033//5021 5034//5022
f 4952//4940 5035//5023 4953//4941
f 4953//4941 5035//5023 5036//5024
f 4953//4941 5036//5024 4949//4937
f 4949//4937 5036//5024 5032//5020
f 4951//4939 5034//5022 4954//4942
f 4954//4942 5034//5022 5037//5025
f 4954//4942 5037//5025 4955//4943
f 4955//4943 5037//5025 5038//5026
f 4956//4944 5039//5027 4957//4945
f 4957//4945 5039//5027 5040//5028
f 4957//4945 5040//5028 4952//4940
f 4952//4940 5040//5028 5035//5023
f 4955//4943 5038//5026 4958//4946
f 4958//4946 5038//5026 5041//5029
f 4958//4946 5041//5029 4959//4947
f 4959//4947 5041//5029 5042//5030
f 4959//4947 5042//5030 4961//4949
f 4961//4949 5042//5030 5043//5031
f 4961//4949 5043//5031 5044//5032
f 4963//4951 5044//5032 4964//4952
f 4964//4952 5044//5032 5043//5031
f 4964//4952 5043//5031 5045//5033
f 4964//4952 5045//5033 4965//4953
f 4965//4953 5045//5033 5046//5034
f 4965//4953 5046//5034 4966//4954
f 4966//4954 5046//5034 5047//5035
f 4966//4954 5047//5035 4956//4944
f 4956//4944 5047//5035 5039//5027
f 4961//4949 5044//5032 4967//4955
f 4967//4955 5044//5032 4963//4951
f 4968//4956 4969//4957 5048//5036
f 4969//4957 4970//4958 5048//5036
f 5048//5036 4970//4958 5049//5037
f 5048//5036 5049//5037 5050//5038
f 4970//4958 4971//4959 5049//5037
f 5049//5037 4971//4959 5051//5039
f 4971//4959 4972//4960 5051//5039
f 5051//5039 4972//4960 5052//5040
f 4972//4960 4973//4961 5052//5040
f 5052//5040 4973//4961 5053//5041
f 4973//4961 4974//4962 5053//5041
f 5053//5041 4974//4962 5054//5042
f 4977//4965 4976//4964 5055//5043
f 5055//5043 4976//4964 5056//5044
f 4976//4964 4968//4956 5056//5044
f 5056//5044 4968//4956 5048//5036
f 5056//5044 5048//5036 5057//5045
f 5048//5036 5050//5038 5057//5045
f 4974//4962 4978//4966 5054//5042
f 5054//5042 4978//4966 5058//5046
f 4978//4966 4979//4967 5058//5046
f 5058//5046 4979//4967 5059//5047
f 4980//4968 4981//4969 5060//5048
f 4981//4969 4977//4965 5060//5048
f 5060//5048 4977//4965 5055//5043
f 5060//5048 5055//5043 5061//5049
f 4982//4970 5062//5050 4979//4967
f 4979//4967 5062//5050 5063//5051
f 4979//4967 5063//5051 5059//5047
f 5062//5050 5064//5052 5063//5051
f 4984//4972 4980//4968 5065//5053
f 5065//5053 4980//4968 5060//5048
f 5065//5053 5060//5048 5066//5054
f 5060//5048 5061//5049 5066//5054
f 4982//4970 4986//4974 5062//5050
f 4986//4974 4987//4975 5062//5050
f 5062//5050 4987//4975 5067//5055
f 5062//5050 5067//5055 5064//5052
f 4988//4976 4984//4972 5068//5056
f 5068//5056 4984//4972 5065//5053
f 4989//4977 5069//5057 4990//4978
f 4990//4978 5069//5057 4987//4975
f 4987//4975 5069//5057 5070//5058
f 4987//4975 5070//5058 5067//5055
f 4991//4979 4988//4976 5071//5059
f 5071//5059 4988//4976 5068//5056
f 5071//5059 5068//5056 5072//5060
f 5071//5059 5072//5060 5073//5061
f 4993//4981 5074//5062 4989//4977
f 4989//4977 5074//5062 5075//5063
f 4989//4977 5075//5063 5069//5057
f 5069//5057 5075//5063 5070//5058
f 4991//4979 5071//5059 4994//4982
f 4994//4982 5071//5059 4995//4983
f 4995//4983 5071//5059 5073//5061
f 4995//4983 5073//5061 5076//5064
f 5076//5064 5073//5061 5077//5065
f 5076//5064 5077//5065 5078//5066
f 4996//4984 5079//5067 4997//4985
f 4997//4985 5079//5067 4998//4986
f 4998//4986 5079//5067 5080//5068
f 4998//4986 5080//5068 4999//4987
f 4999//4987 5080//5068 5081//5069
f 4999//4987 5081//5069 5082//5070
f 4999//4987 5082//5070 5000//4988
f 5000//4988 5082//5070 5083//5071
f 5000//4988 5083//5071 4993//4981
f 4993//4981 5083//5071 5074//5062
f 4995//4983 5076//5064 5001//4989
f 5001//4989 5076//5064 5002//4990
f 5002//4990 5076//5064 5078//5066
f 5002//4990 5078//5066 5084//5072
f 5002//4990 5084//5072 5003//4991
f 5003//4991 5084//5072 5085//5073
f 5003//4991 5085//5073 4996//4984
f 4996//4984 5085//5073 5086//5074
f 4996//4984 5086//5074 5079//5067
f 5079//5067 5086//5074 5080//5068
f 5080//5068 5086//5074 5087//5075
f 5080//5068 5087//5075 5081//5069
f 5004//4992 5005//4993 5088//5076
f 5088//5076 5005//4993 5089//5077
f 5005//4993 5006//4994 5089//5077
f 5089//5077 5006//4994 5090//5078
f 5006//4994 5007//4995 5090//5078
f 5090//5078 5007//4995 5091//5079
f 5007//4995 5008//4996 5091//5079
f 5091//5079 5008//4996 5092//5080
f 5091//5079 5092//5080 5093//5081
f 5092//5080 5094//5082 5093//5081
f 5093//5081 5094//5082 5095//5083
f 5094//5082 5096//5084 5095//5083
f 5009//4997 5010//4998 5097//5085
f 5097//5085 5010//4998 5098//5086
f 5010//4998 5004//4992 5098//5086
f 5098//5086 5004//4992 5088//5076
f 5008//4996 5011//4999 5092//5080
f 5011//4999 5012//5000 5092//5080
f 5092//5080 5012//5000 5094//5082
f 5012//5000 5013//5001 5094//5082
f 5094//5082 5013//5001 5099//5087
f 5094//5082 5099//5087 5096//5084
f 5096//5084 5099//5087 5100//5088
f 5099//5087 5101//5089 5100//5088
f 5014//5002 5015//5003 5102//5090
f 5102//5090 5015//5003 5103//5091
f 5015//5003 5009//4997 5103//5091
f 5103//5091 5009//4997 5097//5085
f 5013//5001 5016//5004 5099//5087
f 5016//5004 5017//5005 5099//5087
f 5099//5087 5017//5005 5104//5092
f 5099//5087 5104//5092 5101//5089
f 5101//5089 5104//5092 5105//5093
f 5104//5092 5106//5094 5105//5093
f 5018//5006 5014//5002 5107//5095
f 5107//5095 5014//5002 5102//5090
f 5017//5005 5019//5007 5104//5092
f 5019//5007 5020//5008 5104//5092
f 5104//5092 5020//5008 5108//5096
f 5104//5092 5108//5096 5106//5094
f 5106//5094 5108//5096 5109//5097
f 5108//5096 5110//5098 5109//5097
f 5021//5009 5018//5006 5111//5099
f 5111//5099 5018//5006 5107//5095
f 5020//5008 5023//5011 5108//5096
f 5023//5011 5024//5012 5108//5096
f 5108//5096 5024//5012 5112//5100
f 5108//5096 5112//5100 5110//5098
f 5025//5013 5021//5009 5113//5101
f 5113//5101 5021//5009 5111//5099
f 5026//5014 5114//5102 5024//5012
f 5024//5012 5114//5102 5112//5100
f 5027//5015 5025//5013 5115//5103
f 5115//5103 5025//5013 5113//5101
f 5028//5016 5116//5104 5026//5014
f 5026//5014 5116//5104 5114//5102
f 5029//5017 5027//5015 5117//5105
f 5117//5105 5027//5015 5115//5103
f 5030//5018 5118//5106 5028//5016
f 5028//5016 5118//5106 5116//5104
f 5031//5019 5029//5017 5119//5107
f 5119//5107 5029//5017 5117//5105
f 5032//5020 5120//5108 5030//5018
f 5030//5018 5120//5108 5118//5106
f 5031//5019 5119//5107 5033//5021
f 5033//5021 5119//5107 5121//5109
f 5033//5021 5121//5109 5034//5022
f 5034//5022 5121//5109 5122//5110
f 5035//5023 5123//5111 5036//5024
f 5036//5024 5123//5111 5124//5112
f 5036//5024 5124//5112 5032//5020
f 5032//5020 5124//5112 5120//5108
f 5034//5022 5122//5110 5037//5025
f 5037//5025 5122//5110 5125//5113
f 5037//5025 5125//5113 5038//5026
f 5038//5026 5125//5113 5126//5114
f 5127//5115 5128//5116 5129//5117
f 5039//5027 5127//5115 5040//5028
f 5040//5028 5127//5115 5129//5117
f 5040//5028 5129//5117 5130//5118
f 5040//5028 5130//5118 5035//5023
f 5035//5023 5130//5118 5123//5111
f 5038//5026 5126//5114 5041//5029
f 5041//5029 5126//5114 5131//5119
f 5041//5029 5131//5119 5042//5030
f 5042//5030 5131//5119 5132//5120
f 5042//5030 5132//5120 5043//5031
f 5043//5031 5132//5120 5133//5121
f 5043//5031 5133//5121 5045//5033
f 5045//5033 5133//5121 5134//5122
f 5045//5033 5134//5122 5046//5034
f 5046//5034 5134//5122 5135//5123
f 5046//5034 5135//5123 5047//5035
f 5047//5035 5135//5123 5128//5116
f 5047//5035 5128//5116 5127//5115
f 5047//5035 5127//5115 5039//5027
f 5050//5038 5049//5037 5136//5124
f 5049//5037 5051//5039 5136//5124
f 5136//5124 5051//5039 5137//5125
f 5136//5124 5137//5125 5138//5126
f 5051//5039 5052//5040 5137//5125
f 5137//5125 5052//5040 5139//5127
f 5052//5040 5053//5041 5139//5127
f 5139//5127 5053//5041 5140//5128
f 5139//5127 5140//5128 5141//5129
f 5053//5041 5054//5042 5140//5128
f 5055//5043 5056//5044 5142//5130
f 5056//5044 5057//5045 5142//5130
f 5142//5130 5057//5045 5143//5131
f 5142//5130 5143//5131 5144//5132
f 5057//5045 5050//5038 5143//5131
f 5143//5131 5050//5038 5136//5124
f 5143//5131 5136//5124 5145//5133
f 5136//5124 5138//5126 5145//5133
f 5140//5128 5146//5134 5141//5129
f 5054//5042 5058//5046 5140//5128
f 5140//5128 5058//5046 5147//5135
f 5140//5128 5147//5135 5146//5134
f 5058//5046 5059//5047 5147//5135
f 5147//5135 5059//5047 5148//5136
f 5061//5049 5055//5043 5149//5137
f 5149//5137 5055//5043 5142//5130
f 5149//5137 5142//5130 5150//5138
f 5142//5130 5144//5132 5150//5138
f 5059//5047 5063//5051 5148//5136
f 5148//5136 5063//5051 5151//5139
f 5063//5051 5064//5052 5151//5139
f 5151//5139 5064//5052 5152//5140
f 5065//5053 5066//5054 5153//5141
f 5066//5054 5061//5049 5153//5141
f 5153//5141 5061//5049 5149//5137
f 5153//5141 5149//5137 5154//5142
f 5067//5055 5155//5143 5064//5052
f 5064//5052 5155//5143 5152//5140
f 5068//5056 5065//5053 5156//5144
f 5156//5144 5065//5053 5153//5141
f 5153//5141 5154//5142 5156//5144
f 5156//5144 5154//5142 5157//5145
f 5070//5058 5158//5146 5067//5055
f 5067//5055 5158//5146 5155//5143
f 5068//5056 5156//5144 5072//5060
f 5072//5060 5156//5144 5073//5061
f 5073//5061 5156//5144 5157//5145
f 5073//5061 5157//5145 5159//5147
f 5074//5062 5160//5148 5075//5063
f 5075//5063 5160//5148 5070//5058
f 5070//5058 5160//5148 5161//5149
f 5070//5058 5161//5149 5158//5146
f 5073//5061 5159//5147 5077//5065
f 5077//5065 5159//5147 5162//5150
f 5077//5065 5162//5150 5078//5066
f 5078//5066 5162//5150 5163//5151
f 5081//5069 5164//5152 5082//5070
f 5082//5070 5164//5152 5083//5071
f 5083//5071 5164//5152 5165//5153
f 5083//5071 5165//5153 5074//5062
f 5074//5062 5165//5153 5166//5154
f 5074//5062 5166//5154 5160//5148
f 5160//5148 5166//5154 5167//5155
f 5160//5148 5167//5155 5161//5149
f 5078//5066 5163//5151 5084//5072
f 5084//5072 5163//5151 5168//5156
f 5084//5072 5168//5156 5085//5073
f 5085//5073 5168//5156 5169//5157
f 5085//5073 5169//5157 5086//5074
f 5086//5074 5169//5157 5170//5158
f 5086//5074 5170//5158 5087//5075
f 5087//5075 5170//5158 5171//5159
f 5087//5075 5171//5159 5081//5069
f 5081//5069 5171//5159 5172//5160
f 5081//5069 5172//5160 5164//5152
f 5164//5152 5172//5160 5165//5153
f 5165//5153 5172//5160 5173//5161
f 5165//5153 5173//5161 5166//5154
f 5174//5162 5175//5163 5176//5164
f 5088//5076 5089//5077 5174//5162
f 5174//5162 5089//5077 5177//5165
f 5174//5162 5177//5165 5175//5163
f 5089//5077 5090//5078 5177//5165
f 5177//5165 5090//5078 5178//5166
f 5090//5078 5091//5079 5178//5166
f 5178//5166 5091//5079 5179//5167
f 5091//5079 5093//5081 5179//5167
f 5179//5167 5093//5081 5180//5168
f 5093//5081 5095//5083 5180//5168
f 5180//5168 5095//5083 5181//5169
f 5095//5083 5096//5084 5181//5169
f 5181//5169 5096//5084 5182//5170
f 5181//5169 5182//5170 5183//5171
f 5182//5170 5184//5172 5183//5171
f 5097//5085 5098//5086 5185//5173
f 5185//5173 5098//5086 5174//5162
f 5185//5173 5174//5162 5176//5164
f 5098//5086 5088//5076 5174//5162
f 5096//5084 5100//5088 5182//5170
f 5100//5088 5101//5089 5182//5170
f 5182//5170 5101//5089 5186//5174
f 5182//5170 5186//5174 5184//5172
f 5184//5172 5186//5174 5187//5175
f 5186//5174 5188//5176 5187//5175
f 5102//5090 5103//5091 5189//5177
f 5189//5177 5103//5091 5190//5178
f 5103//5091 5097//5085 5190//5178
f 5190//5178 5097//5085 5185//5173
f 5101//5089 5105//5093 5186//5174
f 5105//5093 5106//5094 5186//5174
f 5186//5174 5106//5094 5191//5179
f 5186//5174 5191//5179 5188//5176
f 5188//5176 5191//5179 5192//5180
f 5191//5179 5193//5181 5192//5180
f 5107//5095 5102//5090 5194//5182
f 5194//5182 5102//5090 5189//5177
f 5106//5094 5109//5097 5191//5179
f 5109//5097 5110//5098 5191//5179
f 5191//5179 5110//5098 5195//5183
f 5191//5179 5195//5183 5193//5181
f 5111//5099 5107//5095 5196//5184
f 5196//5184 5107//5095 5194//5182
f 5112//5100 5197//5185 5110//5098
f 5110//5098 5197//5185 5195//5183
f 5113//5101 5111//5099 5198//5186
f 5198//5186 5111//5099 5196//5184
f 5114//5102 5199//5187 5112//5100
f 5112//5100 5199//5187 5197//5185
f 5115//5103 5113//5101 5200//5188
f 5200//5188 5113//5101 5198//5186
f 5116//5104 5201//5189 5114//5102
f 5114//5102 5201//5189 5199//5187
f 5117//5105 5115//5103 5202//5190
f 5202//5190 5115//5103 5200//5188
f 5118//5106 5203//5191 5116//5104
f 5116//5104 5203//5191 5201//5189
f 5119//5107 5117//5105 5204//5192
f 5204//5192 5117//5105 5202//5190
f 5204//5192 5202//5190 5205//5193
f 5204//5192 5205//5193 5206//5194
f 5207//5195 5208//5196 5209//5197
f 5120//5108 5207//5195 5118//5106
f 5118//5106 5207//5195 5209//5197
f 5118//5106 5209//5197 5203//5191
f 5119//5107 5204//5192 5121//5109
f 5121//5109 5204//5192 5122//5110
f 5122//5110 5204//5192 5206//5194
f 5122//5110 5206//5194 5210//5198
f 5123//5111 5211//5199 5124//5112
f 5124//5112 5211//5199 5208//5196
f 5124//5112 5208//5196 5207//5195
f 5124//5112 5207//5195 5120//5108
f 5122//5110 5210//5198 5125//5113
f 5125//5113 5210//5198 5212//5200
f 5125//5113 5212//5200 5126//5114
f 5126//5114 5212//5200 5213//5201
f 5126//5114 5213//5201 5214//5202
f 5214//5202 5213//5201 5215//5203
f 5128//5116 5216//5204 5129//5117
f 5129//5117 5216//5204 5217//5205
f 5129//5117 5217//5205 5130//5118
f 5130//5118 5217//5205 5218//5206
f 5130//5118 5218//5206 5123//5111
f 5123//5111 5218//5206 5211//5199
f 5126//5114 5214//5202 5131//5119
f 5131//5119 5214//5202 5132//5120
f 5132//5120 5214//5202 5215//5203
f 5132//5120 5215//5203 5219//5207
f 5132//5120 5219//5207 5133//5121
f 5133//5121 5219//5207 5220//5208
f 5133//5121 5220//5208 5134//5122
f 5134//5122 5220//5208 5221//5209
f 5134//5122 5221//5209 5135//5123
f 5135//5123 5221//5209 5222//5210
f 5135//5123 5222//5210 5128//5116
f 5128//5116 5222//5210 5216//5204
f 5138//5126 5137//5125 5223//5211
f 5137//5125 5139//5127 5223//5211
f 5223//5211 5139//5127 5224//5212
f 5139//5127 5141//5129 5224//5212
f 5144//5132 5143//5131 5225//5213
f 5143//5131 5145//5133 5225//5213
f 5225//5213 5145//5133 5226//5214
f 5225//5213 5226//5214 5227//5215
f 5145//5133 5138//5126 5226//5214
f 5226//5214 5138//5126 5223//5211
f 5226//5214 5223//5211 5228//5216
f 5223//5211 5224//5212 5228//5216
f 5228//5216 5224//5212 5229//5217
f 5141//5129 5146//5134 5224//5212
f 5224//5212 5146//5134 5230//5218
f 5224//5212 5230//5218 5229//5217
f 5146//5134 5147//5135 5230//5218
f 5230//5218 5147//5135 5231//5219
f 5147//5135 5148//5136 5231//5219
f 5231//5219 5148//5136 5232//5220
f 5149//5137 5150//5138 5233//5221
f 5150//5138 5144//5132 5233//5221
f 5233//5221 5144//5132 5225//5213
f 5233//5221 5225//5213 5234//5222
f 5234//5222 5225//5213 5235//5223
f 5225//5213 5227//5215 5235//5223
f 5148//5136 5151//5139 5232//5220
f 5232//5220 5151//5139 5236//5224
f 5151//5139 5152//5140 5236//5224
f 5236//5224 5152//5140 5237//5225
f 5154//5142 5149//5137 5238//5226
f 5238//5226 5149//5137 5233//5221
f 5238//5226 5233//5221 5239//5227
f 5233//5221 5234//5222 5239//5227
f 5155//5143 5240//5228 5152//5140
f 5152//5140 5240//5228 5237//5225
f 5157//5145 5154//5142 5241//5229
f 5241//5229 5154//5142 5238//5226
f 5158//5146 5242//5230 5155//5143
f 5155//5143 5242//5230 5243//5231
f 5155//5143 5243//5231 5240//5228
f 5242//5230 5244//5232 5243//5231
f 5159//5147 5157//5145 5245//5233
f 5245//5233 5157//5145 5241//5229
f 5161//5149 5246//5234 5158//5146
f 5158//5146 5246//5234 5247//5235
f 5158//5146 5247//5235 5242//5230
f 5242//5230 5247//5235 5244//5232
f 5159//5147 5245//5233 5162//5150
f 5162//5150 5245//5233 5248//5236
f 5162//5150 5248//5236 5163//5151
f 5163//5151 5248//5236 5249//5237
f 5166//5154 5250//5238 5167//5155
f 5167//5155 5250//5238 5161//5149
f 5161//5149 5250//5238 5251//5239
f 5161//5149 5251//5239 5246//5234
f 5163//5151 5249//5237 5168//5156
f 5168//5156 5249//5237 5252//5240
f 5168//5156 5252//5240 5169//5157
f 5169//5157 5252//5240 5253//5241
f 5169//5157 5253//5241 5254//5242
f 5169//5157 5254//5242 5170//5158
f 5170//5158 5254//5242 5255//5243
f 5170//5158 5255//5243 5171//5159
f 5171//5159 5255//5243 5256//5244
f 5171//5159 5256//5244 5172//5160
f 5172//5160 5256//5244 5257//5245
f 5172//5160 5257//5245 5173//5161
f 5173//5161 5257//5245 5258//5246
f 5173//5161 5258//5246 5166//5154
f 5166//5154 5258//5246 5259//5247
f 5166//5154 5259//5247 5250//5238
f 5250//5238 5259//5247 5260//5248
f 5250//5238 5260//5248 5251//5239
f 5254//5242 5253//5241 5261//5249
f 5254//5242 5261//5249 5255//5243
f 5255//5243 5261//5249 5262//5250
f 5255//5243 5262//5250 5256//5244
f 5256//5244 5262//5250 5263//5251
f 5256//5244 5263//5251 5257//5245
f 5257//5245 5263//5251 5264//5252
f 5257//5245 5264//5252 5258//5246
f 5258//5246 5264//5252 5265//5253
f 5258//5246 5265//5253 5259//5247
f 5266//5254 5267//5255 5268//5256
f 5266//5254 5269//5257 5267//5255
f 5267//5255 5269//5257 5270//5258
f 5269//5257 5271//5259 5270//5258
f 5270//5258 5271//5259 5272//5260
f 5271//5259 5273//5261 5272//5260
f 5272//5260 5273//5261 5274//5262
f 5273//5261 5275//5263 5274//5262
f 5274//5262 5275//5263 5276//5264
f 5275//5263 5277//5265 5276//5264
f 5176//5164 5175//5163 5278//5266
f 5278//5266 5175//5163 5279//5267
f 5175//5163 5177//5165 5279//5267
f 5279//5267 5177//5165 5280//5268
f 5177//5165 5178//5166 5280//5268
f 5280//5268 5178//5166 5266//5254
f 5280//5268 5266//5254 5268//5256
f 5178//5166 5179//5167 5266//5254
f 5266//5254 5179//5167 5269//5257
f 5179//5167 5180//5168 5269//5257
f 5269//5257 5180//5168 5271//5259
f 5180//5168 5181//5169 5271//5259
f 5271//5259 5181//5169 5273//5261
f 5181//5169 5183//5171 5273//5261
f 5273//5261 5183//5171 5275//5263
f 5183//5171 5184//5172 5275//5263
f 5275//5263 5184//5172 5281//5269
f 5275//5263 5281//5269 5277//5265
f 5277//5265 5281//5269 5282//5270
f 5281//5269 5283//5271 5282//5270
f 5284//5272 5285//5273 5286//5274
f 5185//5173 5176//5164 5284//5272
f 5284//5272 5176//5164 5278//5266
f 5284//5272 5278//5266 5285//5273
f 5184//5172 5187//5175 5281//5269
f 5187//5175 5188//5176 5281//5269
f 5281//5269 5188//5176 5287//5275
f 5281//5269 5287//5275 5283//5271
f 5283//5271 5287//5275 5288//5276
f 5287//5275 5289//5277 5288//5276
f 5189//5177 5190//5178 5290//5278
f 5290//5278 5190//5178 5284//5272
f 5290//5278 5284//5272 5286//5274
f 5190//5178 5185//5173 5284//5272
f 5188//5176 5192//5180 5287//5275
f 5192//5180 5193//5181 5287//5275
f 5287//5275 5193//5181 5291//5279
f 5287//5275 5291//5279 5289//5277
f 5194//5182 5189//5177 5292//5280
f 5292//5280 5189//5177 5290//5278
f 5195//5183 5293//5281 5193//5181
f 5193//5181 5293//5281 5291//5279
f 5196//5184 5194//5182 5294//5282
f 5294//5282 5194//5182 5292//5280
f 5197//5185 5295//5283 5195//5183
f 5195//5183 5295//5283 5293//5281
f 5198//5186 5196//5184 5296//5284
f 5296//5284 5196//5184 5294//5282
f 5199//5187 5297//5285 5197//5185
f 5197//5185 5297//5285 5295//5283
f 5200//5188 5198//5186 5298//5286
f 5298//5286 5198//5186 5296//5284
f 5201//5189 5299//5287 5199//5187
f 5199//5187 5299//5287 5297//5285
f 5202//5190 5200//5188 5300//5288
f 5300//5288 5200//5188 5298//5286
f 5203//5191 5301//5289 5201//5189
f 5201//5189 5301//5289 5299//5287
f 5202//5190 5300//5288 5205//5193
f 5205//5193 5300//5288 5302//5290
f 5205//5193 5302//5290 5206//5194
f 5206//5194 5302//5290 5303//5291
f 5208//5196 5304//5292 5209//5197
f 5209//5197 5304//5292 5305//5293
f 5209//5197 5305//5293 5203//5191
f 5203//5191 5305//5293 5301//5289
f 5210//5198 5206//5194 5306//5294
f 5306//5294 5206//5194 5303//5291
f 5306//5294 5303//5291 5307//5295
f 5306//5294 5307//5295 5308//5296
f 5309//5297 5310//5298 5311//5299
f 5211//5199 5309//5297 5208//5196
f 5208//5196 5309//5297 5311//5299
f 5208//5196 5311//5299 5304//5292
f 5210//5198 5306//5294 5212//5200
f 5212//5200 5306//5294 5213//5201
f 5213//5201 5306//5294 5308//5296
f 5213//5201 5308//5296 5312//5300
f 5213//5201 5312//5300 5215//5203
f 5215//5203 5312//5300 5313//5301
f 5215//5203 5313//5301 5314//5302
f 5314//5302 5313//5301 5315//5303
f 5316//5304 5317//5305 5318//5306
f 5216//5204 5316//5304 5217//5205
f 5217//5205 5316//5304 5318//5306
f 5217//5205 5318//5306 5319//5307
f 5217//5205 5319//5307 5218//5206
f 5218//5206 5319//5307 5310//5298
f 5218//5206 5310//5298 5309//5297
f 5218//5206 5309//5297 5211//5199
f 5215//5203 5314//5302 5219//5207
f 5219//5207 5314//5302 5220//5208
f 5220//5208 5314//5302 5315//5303
f 5220//5208 5315//5303 5320//5308
f 5220//5208 5320//5308 5221//5209
f 5221//5209 5320//5308 5321//5309
f 5221//5209 5321//5309 5222//5210
f 5222//5210 5321//5309 5317//5305
f 5222//5210 5317//5305 5316//5304
f 5222//5210 5316//5304 5216//5204
f 5227//5215 5226//5214 5322//5310
f 5226//5214 5228//5216 5322//5310
f 5322//5310 5228//5216 5323//5311
f 5322//5310 5323//5311 5324//5312
f 5228//5216 5229//5217 5323//5311
f 5323//5311 5229//5217 5325//5313
f 5229//5217 5230//5218 5325//5313
f 5325//5313 5230//5218 5326//5314
f 5230//5218 5231//5219 5326//5314
f 5326//5314 5231//5219 5327//5315
f 5326//5314 5327//5315 5328//5316
f 5231//5219 5232//5220 5327//5315
f 5234//5222 5235//5223 5329//5317
f 5329//5317 5235//5223 5330//5318
f 5235//5223 5227//5215 5330//5318
f 5330//5318 5227//5215 5322//5310
f 5330//5318 5322//5310 5331//5319
f 5322//5310 5324//5312 5331//5319
f 5327//5315 5332//5320 5328//5316
f 5232//5220 5236//5224 5327//5315
f 5327//5315 5236//5224 5333//5321
f 5327//5315 5333//5321 5332//5320
f 5236//5224 5237//5225 5333//5321
f 5333//5321 5237//5225 5334//5322
f 5238//5226 5239//5227 5335//5323
f 5239//5227 5234//5222 5335//5323
f 5335//5323 5234//5222 5329//5317
f 5335//5323 5329//5317 5336//5324
f 5240//5228 5337//5325 5237//5225
f 5237//5225 5337//5325 5338//5326
f 5237//5225 5338//5326 5334//5322
f 5337//5325 5339//5327 5338//5326
f 5241//5229 5238//5226 5340//5328
f 5340//5328 5238//5226 5335//5323
f 5335//5323 5336//5324 5340//5328
f 5340//5328 5336//5324 5341//5329
f 5240//5228 5243//5231 5337//5325
f 5243//5231 5244//5232 5337//5325
f 5337//5325 5244//5232 5342//5330
f 5337//5325 5342//5330 5339//5327
f 5245//5233 5241//5229 5343//5331
f 5343//5331 5241//5229 5340//5328
f 5340//5328 5341//5329 5343//5331
f 5343//5331 5341//5329 5344//5332
f 5246//5234 5345//5333 5247//5235
f 5247//5235 5345//5333 5244//5232
f 5244//5232 5345//5333 5346//5334
f 5244//5232 5346//5334 5342//5330
f 5245//5233 5343//5331 5248//5236
f 5248//5236 5343//5331 5249//5237
f 5249//5237 5343//5331 5344//5332
f 5249//5237 5344//5332 5347//5335
f 5251//5239 5348//5336 5246//5234
f 5246//5234 5348//5336 5345//5333
f 5345//5333 5348//5336 5346//5334
f 5346//5334 5348//5336 5349//5337
f 5249//5237 5347//5335 5252//5240
f 5252//5240 5347//5335 5350//5338
f 5252//5240 5350//5338 5253//5241
f 5253//5241 5350//5338 5351//5339
f 5259//5247 5352//5340 5260//5248
f 5260//5248 5352//5340 5251//5239
f 5251//5239 5352//5340 5353//5341
f 5251//5239 5353//5341 5348//5336
f 5348//5336 5353//5341 5354//5342
f 5348//5336 5354//5342 5349//5337
f 5253//5241 5351//5339 5261//5249
f 5261//5249 5351//5339 5355//5343
f 5261//5249 5355//5343 5262//5250
f 5262//5250 5355//5343 5356//5344
f 5262//5250 5356//5344 5263//5251
f 5263//5251 5356//5344 5357//5345
f 5263//5251 5357//5345 5358//5346
f 5263//5251 5358//5346 5264//5252
f 5264//5252 5358//5346 5359//5347
f 5264//5252 5359//5347 5265//5253
f 5265//5253 5359//5347 5360//5348
f 5265//5253 5360//5348 5259//5247
f 5259//5247 5360//5348 5361//5349
f 5259//5247 5361//5349 5352//5340
f 5352//5340 5361//5349 5362//5350
f 5352//5340 5362//5350 5353//5341
f 5358//5346 5357//5345 5363//5351
f 5358//5346 5363//5351 5359//5347
f 5359//5347 5363//5351 5364//5352
f 5359//5347 5364//5352 5360//5348
f 5360//5348 5364//5352 5365//5353
f 5360//5348 5365//5353 5361//5349
f 5366//5354 5367//5355 5368//5356
f 5366//5354 5369//5357 5367//5355
f 5367//5355 5369//5357 5370//5358
f 5369//5357 5371//5359 5370//5358
f 5370//5358 5371//5359 5372//5360
f 5371//5359 5373//5361 5372//5360
f 5372//5360 5373//5361 5374//5362
f 5373//5361 5375//5363 5374//5362
f 5374//5362 5375//5363 5376//5364
f 5375//5363 5377//5365 5376//5364
f 5378//5366 5379//5367 5380//5368
f 5268//5256 5267//5255 5378//5366
f 5378//5366 5267//5255 5381//5369
f 5378//5366 5381//5369 5379//5367
f 5267//5255 5270//5258 5381//5369
f 5381//5369 5270//5258 5366//5354
f 5381//5369 5366//5354 5368//5356
f 5270//5258 5272//5260 5366//5354
f 5366//5354 5272//5260 5369//5357
f 5272//5260 5274//5262 5369//5357
f 5369//5357 5274//5262 5371//5359
f 5274//5262 5276//5264 5371//5359
f 5371//5359 5276//5264 5373//5361
f 5276//5264 5277//5265 5373//5361
f 5373//5361 5277//5265 5382//5370
f 5373//5361 5382//5370 5375//5363
f 5375//5363 5382//5370 5377//5365
f 5377//5365 5382//5370 5383//5371
f 5377//5365 5383//5371 5384//5372
f 5383//5371 5385//5373 5384//5372
f 5278//5266 5279//5267 5386//5374
f 5386//5374 5279//5267 5387//5375
f 5279//5267 5280//5268 5387//5375
f 5387//5375 5280//5268 5378//5366
f 5387//5375 5378//5366 5380//5368
f 5280//5268 5268//5256 5378//5366
f 5277//5265 5282//5270 5382//5370
f 5282//5270 5283//5271 5382//5370
f 5382//5370 5283//5271 5388//5376
f 5382//5370 5388//5376 5383//5371
f 5383//5371 5388//5376 5385//5373
f 5385//5373 5388//5376 5389//5377
f 5286//5274 5285//5273 5390//5378
f 5390//5378 5285//5273 5391//5379
f 5285//5273 5278//5266 5391//5379
f 5391//5379 5278//5266 5386//5374
f 5283//5271 5288//5276 5388//5376
f 5288//5276 5289//5277 5388//5376
f 5388//5376 5289//5277 5392//5380
f 5388//5376 5392//5380 5389//5377
f 5389//5377 5392//5380 5393//5381
f 5392//5380 5394//5382 5393//5381
f 5290//5278 5286//5274 5395//5383
f 5395//5383 5286//5274 5390//5378
f 5291//5279 5396//5384 5289//5277
f 5289//5277 5396//5384 5392//5380
f 5392//5380 5396//5384 5394//5382
f 5394//5382 5396//5384 5397//5385
f 5292//5280 5290//5278 5398//5386
f 5398//5386 5290//5278 5395//5383
f 5293//5281 5399//5387 5291//5279
f 5291//5279 5399//5387 5396//5384
f 5396//5384 5399//5387 5397//5385
f 5397//5385 5399//5387 5400//5388
f 5294//5282 5292//5280 5401//5389
f 5401//5389 5292//5280 5398//5386
f 5295//5283 5402//5390 5293//5281
f 5293//5281 5402//5390 5399//5387
f 5399//5387 5402//5390 5400//5388
f 5400//5388 5402//5390 5403//5391
f 5296//5284 5294//5282 5404//5392
f 5404//5392 5294//5282 5401//5389
f 5297//5285 5405//5393 5295//5283
f 5295//5283 5405//5393 5402//5390
f 5402//5390 5405//5393 5403//5391
f 5403//5391 5405//5393 5406//5394
f 5298//5286 5296//5284 5407//5395
f 5407//5395 5296//5284 5404//5392
f 5299//5287 5408//5396 5297//5285
f 5297//5285 5408//5396 5409//5397
f 5297//5285 5409//5397 5405//5393
f 5405//5393 5409//5397 5406//5394
f 5300//5288 5298//5286 5410//5398
f 5410//5398 5298//5286 5407//5395
f 5410//5398 5407//5395 5411//5399
f 5410//5398 5411//5399 5412//5400
f 5301//5289 5413//5401 5299//5287
f 5299//5287 5413//5401 5408//5396
f 5300//5288 5410//5398 5302//5290
f 5302//5290 5410//5398 5303//5291
f 5303//5291 5410//5398 5412//5400
f 5303//5291 5412//5400 5414//5402
f 5304//5292 5415//5403 5305//5293
f 5305//5293 5415//5403 5416//5404
f 5305//5293 5416//5404 5301//5289
f 5301//5289 5416//5404 5413//5401
f 5303//5291 5414//5402 5307//5295
f 5307//5295 5414//5402 5417//5405
f 5307//5295 5417//5405 5308//5296
f 5308//5296 5417//5405 5418//5406
f 5308//5296 5418//5406 5419//5407
f 5419//5407 5418//5406 5420//5408
f 5310//5298 5421//5409 5311//5299
f 5311//5299 5421//5409 5422//5410
f 5311//5299 5422//5410 5304//5292
f 5304//5292 5422//5410 5415//5403
f 5308//5296 5419//5407 5312//5300
f 5312//5300 5419//5407 5313//5301
f 5313//5301 5419//5407 5420//5408
f 5313//5301 5420//5408 5423//5411
f 5313//5301 5423//5411 5315//5303
f 5315//5303 5423//5411 5424//5412
f 5315//5303 5424//5412 5425//5413
f 5425//5413 5424//5412 5426//5414
f 5426//5414 5424//5412 5427//5415
f 5317//5305 5426//5414 5318//5306
f 5318//5306 5426//5414 5427//5415
f 5318//5306 5427//5415 5428//5416
f 5318//5306 5428//5416 5319//5307
f 5319//5307 5428//5416 5429//5417
f 5319//5307 5429//5417 5310//5298
f 5310//5298 5429//5417 5421//5409
f 5315//5303 5425//5413 5320//5308
f 5320//5308 5425//5413 5321//5309
f 5321//5309 5425//5413 5426//5414
f 5321//5309 5426//5414 5317//5305
f 5324//5312 5323//5311 5430//5418
f 5323//5311 5325//5313 5430//5418
f 5430//5418 5325//5313 5431//5419
f 5430//5418 5431//5419 5432//5420
f 5325//5313 5326//5314 5431//5419
f 5431//5419 5326//5314 5433//5421
f 5431//5419 5433//5421 5434//5422
f 5326//5314 5328//5316 5433//5421
f 5329//5317 5330//5318 5435//5423
f 5330//5318 5331//5319 5435//5423
f 5435//5423 5331//5319 5436//5424
f 5435//5423 5436//5424 5437//5425
f 5331//5319 5324//5312 5436//5424
f 5436//5424 5324//5312 5430//5418
f 5436//5424 5430//5418 5438//5426
f 5430//5418 5432//5420 5438//5426
f 5433//5421 5439//5427 5434//5422
f 5328//5316 5332//5320 5433//5421
f 5433//5421 5332//5320 5440//5428
f 5433//5421 5440//5428 5439//5427
f 5332//5320 5333//5321 5440//5428
f 5440//5428 5333//5321 5441//5429
f 5333//5321 5334//5322 5441//5429
f 5441//5429 5334//5322 5442//5430
f 5336//5324 5329//5317 5443//5431
f 5443//5431 5329//5317 5435//5423
f 5443//5431 5435//5423 5444//5432
f 5435//5423 5437//5425 5444//5432
f 5334//5322 5338//5326 5442//5430
f 5442//5430 5338//5326 5445//5433
f 5338//5326 5339//5327 5445//5433
f 5445//5433 5339//5327 5446//5434
f 5341//5329 5336//5324 5447//5435
f 5447//5435 5336//5324 5443//5431
f 5342//5330 5448//5436 5339//5327
f 5339//5327 5448//5436 5446//5434
f 5344//5332 5341//5329 5449//5437
f 5449//5437 5341//5329 5447//5435
f 5346//5334 5450//5438 5342//5330
f 5342//5330 5450//5438 5448//5436
f 5347//5335 5344//5332 5451//5439
f 5451//5439 5344//5332 5449//5437
f 5349//5337 5452//5440 5346//5334
f 5346//5334 5452//5440 5450//5438
f 5347//5335 5451//5439 5350//5338
f 5350//5338 5451//5439 5453//5441
f 5350//5338 5453//5441 5351//5339
f 5351//5339 5453//5441 5454//5442
f 5353//5341 5455//5443 5354//5342
f 5354//5342 5455//5443 5349//5337
f 5349//5337 5455//5443 5456//5444
f 5349//5337 5456//5444 5452//5440
f 5351//5339 5454//5442 5355//5343
f 5355//5343 5454//5442 5457//5445
f 5355//5343 5457//5445 5356//5344
f 5356//5344 5457//5445 5458//5446
f 5356//5344 5458//5446 5459//5447
f 5356//5344 5459//5447 5357//5345
f 5361//5349 5460//5448 5362//5350
f 5362//5350 5460//5448 5353//5341
f 5353//5341 5460//5448 5461//5449
f 5353//5341 5461//5449 5455//5443
f 5455//5443 5461//5449 5456//5444
f 5456//5444 5461//5449 5462//5450
f 5459//5447 5458//5446 5463//5451
f 5357//5345 5459//5447 5363//5351
f 5363//5351 5459//5447 5463//5451
f 5363//5351 5463//5451 5464//5452
f 5363//5351 5464//5452 5364//5352
f 5364//5352 5464//5452 5465//5453
f 5364//5352 5465//5453 5365//5353
f 5365//5353 5465//5453 5466//5454
f 5365//5353 5466//5454 5361//5349
f 5361//5349 5466//5454 5467//5455
f 5361//5349 5467//5455 5460//5448
f 5460//5448 5467//5455 5461//5449
f 5461//5449 5467//5455 5468//5456
f 5461//5449 5468//5456 5462//5450
f 5469//5457 5470//5458 5471//5459
f 5469//5457 5472//5460 5470//5458
f 5470//5458 5472//5460 5473//5461
f 5472//5460 5474//5462 5473//5461
f 5473//5461 5474//5462 5475//5463
f 5474//5462 5476//5464 5475//5463
f 5477//5465 5478//5466 5479//5467
f 5477//5465 5480//5468 5478//5466
f 5478//5466 5480//5468 5481//5469
f 5480//5468 5482//5470 5481//5469
f 5481//5469 5482//5470 5469//5457
f 5481//5469 5469//5457 5471//5459
f 5469//5457 5482//5470 5472//5460
f 5472//5460 5482//5470 5483//5471
f 5472//5460 5483//5471 5474//5462
f 5474//5462 5483//5471 5484//5472
f 5474//5462 5484//5472 5476//5464
f 5476//5464 5484//5472 5485//5473
f 5486//5474 5487//5475 5488//5476
f 5368//5356 5367//5355 5486//5474
f 5486//5474 5367//5355 5489//5477
f 5486//5474 5489//5477 5487//5475
f 5367//5355 5370//5358 5489//5477
f 5489//5477 5370//5358 5477//5465
f 5489//5477 5477//5465 5479//5467
f 5370//5358 5372//5360 5477//5465
f 5477//5465 5372//5360 5480//5468
f 5372//5360 5374//5362 5480//5468
f 5480//5468 5374//5362 5482//5470
f 5374//5362 5376//5364 5482//5470
f 5482//5470 5376//5364 5483//5471
f 5376//5364 5377//5365 5483//5471
f 5483//5471 5377//5365 5490//5478
f 5483//5471 5490//5478 5484//5472
f 5484//5472 5490//5478 5485//5473
f 5485//5473 5490//5478 5491//5479
f 5485//5473 5491//5479 5492//5480
f 5491//5479 5493//5481 5492//5480
f 5380//5368 5379//5367 5494//5482
f 5494//5482 5379//5367 5495//5483
f 5379//5367 5381//5369 5495//5483
f 5495//5483 5381//5369 5486//5474
f 5495//5483 5486//5474 5488//5476
f 5381//5369 5368//5356 5486//5474
f 5377//5365 5384//5372 5490//5478
f 5384//5372 5385//5373 5490//5478
f 5490//5478 5385//5373 5496//5484
f 5490//5478 5496//5484 5491//5479
f 5491//5479 5496//5484 5493//5481
f 5493//5481 5496//5484 5497//5485
f 5386//5374 5387//5375 5498//5486
f 5498//5486 5387//5375 5499//5487
f 5387//5375 5380//5368 5499//5487
f 5499//5487 5380//5368 5494//5482
f 5389//5377 5500//5488 5385//5373
f 5385//5373 5500//5488 5496//5484
f 5496//5484 5500//5488 5497//5485
f 5497//5485 5500//5488 5501//5489
f 5390//5378 5391//5379 5502//5490
f 5502//5490 5391//5379 5503//5491
f 5391//5379 5386//5374 5503//5491
f 5503//5491 5386//5374 5498//5486
f 5389//5377 5393//5381 5500//5488
f 5393//5381 5394//5382 5500//5488
f 5500//5488 5394//5382 5504//5492
f 5500//5488 5504//5492 5501//5489
f 5395//5383 5390//5378 5505//5493
f 5505//5493 5390//5378 5502//5490
f 5397//5385 5506//5494 5394//5382
f 5394//5382 5506//5494 5504//5492
f 5398//5386 5395//5383 5507//5495
f 5507//5495 5395//5383 5505//5493
f 5400//5388 5508//5496 5397//5385
f 5397//5385 5508//5496 5506//5494
f 5401//5389 5398//5386 5509//5497
f 5509//5497 5398//5386 5507//5495
f 5403//5391 5510//5498 5400//5388
f 5400//5388 5510//5498 5508//5496
f 5404//5392 5401//5389 5511//5499
f 5511//5499 5401//5389 5509//5497
f 5406//5394 5512//5500 5403//5391
f 5403//5391 5512//5500 5510//5498
f 5407//5395 5404//5392 5513//5501
f 5513//5501 5404//5392 5511//5499
f 5408//5396 5514//5502 5409//5397
f 5409//5397 5514//5502 5515//5503
f 5409//5397 5515//5503 5406//5394
f 5406//5394 5515//5503 5512//5500
f 5407//5395 5513//5501 5411//5399
f 5411//5399 5513//5501 5516//5504
f 5411//5399 5516//5504 5412//5400
f 5412//5400 5516//5504 5517//5505
f 5413//5401 5518//5506 5408//5396
f 5408//5396 5518//5506 5514//5502
f 5414//5402 5412//5400 5519//5507
f 5519//5507 5412//5400 5517//5505
f 5519//5507 5517//5505 5520//5508
f 5519//5507 5520//5508 5521//5509
f 5415//5403 5522//5510 5416//5404
f 5416//5404 5522//5510 5523//5511
f 5416//5404 5523//5511 5413//5401
f 5413//5401 5523//5511 5518//5506
f 5414//5402 5519//5507 5417//5405
f 5417//5405 5519//5507 5418//5406
f 5418//5406 5519//5507 5521//5509
f 5418//5406 5521//5509 5524//5512
f 5418//5406 5524//5512 5420//5408
f 5420//5408 5524//5512 5525//5513
f 5420//5408 5525//5513 5526//5514
f 5526//5514 5525//5513 5527//5515
f 5528//5516 5529//5517 5530//5518
f 5421//5409 5528//5516 5422//5410
f 5422//5410 5528//5516 5530//5518
f 5422//5410 5530//5518 5531//5519
f 5422//5410 5531//5519 5415//5403
f 5415//5403 5531//5519 5522//5510
f 5420//5408 5526//5514 5423//5411
f 5423//5411 5526//5514 5424//5412
f 5424//5412 5526//5514 5527//5515
f 5424//5412 5527//5515 5532//5520
f 5424//5412 5532//5520 5427//5415
f 5427//5415 5532//5520 5533//5521
f 5427//5415 5533//5521 5428//5416
f 5428//5416 5533//5521 5534//5522
f 5428//5416 5534//5522 5429//5417
f 5429//5417 5534//5522 5529//5517
f 5429//5417 5529//5517 5528//5516
f 5429//5417 5528//5516 5421//5409
f 5432//5420 5431//5419 5535//5523
f 5431//5419 5434//5422 5535//5523
f 5437//5425 5436//5424 5536//5524
f 5436//5424 5438//5426 5536//5524
f 5536//5524 5438//5426 5537//5525
f 5536//5524 5537//5525 5538//5526
f 5438//5426 5432//5420 5537//5525
f 5537//5525 5432//5420 5535//5523
f 5537//5525 5535//5523 5539//5527
f 5434//5422 5439//5427 5535//5523
f 5535//5523 5439//5427 5540//5528
f 5535//5523 5540//5528 5539//5527
f 5439//5427 5440//5428 5540//5528
f 5540//5528 5440//5428 5541//5529
f 5440//5428 5441//5429 5541//5529
f 5541//5529 5441//5429 5542//5530
f 5541//5529 5542//5530 5543//5531
f 5441//5429 5442//5430 5542//5530
f 5443//5431 5444//5432 5544//5532
f 5444//5432 5437//5425 5544//5532
f 5544//5532 5437//5425 5536//5524
f 5544//5532 5536//5524 5545//5533
f 5545//5533 5536//5524 5546//5534
f 5536//5524 5538//5526 5546//5534
f 5542//5530 5547//5535 5543//5531
f 5442//5430 5445//5433 5542//5530
f 5542//5530 5445//5433 5548//5536
f 5542//5530 5548//5536 5547//5535
f 5547//5535 5548//5536 5549//5537
f 5445//5433 5446//5434 5548//5536
f 5447//5435 5443//5431 5550//5538
f 5550//5538 5443//5431 5544//5532
f 5550//5538 5544//5532 5551//5539
f 5544//5532 5545//5533 5551//5539
f 5548//5536 5552//5540 5549//5537
f 5448//5436 5553//5541 5446//5434
f 5446//5434 5553//5541 5552//5540
f 5446//5434 5552//5540 5548//5536
f 5449//5437 5447//5435 5554//5542
f 5554//5542 5447//5435 5550//5538
f 5450//5438 5555//5543 5448//5436
f 5448//5436 5555//5543 5553//5541
f 5451//5439 5449//5437 5556//5544
f 5556//5544 5449//5437 5554//5542
f 5556//5544 5554//5542 5557//5545
f 5556//5544 5557//5545 5558//5546
f 5452//5440 5559//5547 5450//5438
f 5450//5438 5559//5547 5560//5548
f 5450//5438 5560//5548 5555//5543
f 5559//5547 5561//5549 5560//5548
f 5451//5439 5556//5544 5453//5441
f 5453//5441 5556//5544 5454//5442
f 5454//5442 5556//5544 5558//5546
f 5454//5442 5558//5546 5562//5550
f 5456//5444 5563//5551 5452//5440
f 5452//5440 5563//5551 5559//5547
f 5559//5547 5563//5551 5561//5549
f 5561//5549 5563//5551 5564//5552
f 5454//5442 5562//5550 5457//5445
f 5457//5445 5562//5550 5565//5553
f 5457//5445 5565//5553 5458//5446
f 5458//5446 5565//5553 5566//5554
f 5462//5450 5567//5555 5456//5444
f 5456//5444 5567//5555 5563//5551
f 5563//5551 5567//5555 5564//5552
f 5564//5552 5567//5555 5568//5556
f 5458//5446 5566//5554 5463//5451
f 5463//5451 5566//5554 5569//5557
f 5463//5451 5569//5557 5464//5452
f 5464//5452 5569//5557 5570//5558
f 5464//5452 5570//5558 5571//5559
f 5464//5452 5571//5559 5465//5453
f 5465//5453 5571//5559 5572//5560
f 5465//5453 5572//5560 5466//5454
f 5466//5454 5572//5560 5573//5561
f 5466//5454 5573//5561 5467//5455
f 5467//5455 5573//5561 5574//5562
f 5467//5455 5574//5562 5468//5456
f 5468//5456 5574//5562 5575//5563
f 5468//5456 5575//5563 5462//5450
f 5462//5450 5575//5563 5576//5564
f 5462//5450 5576//5564 5567//5555
f 5567//5555 5576//5564 5568//5556
f 5568//5556 5576//5564 5577//5565
f 5571//5559 5570//5558 5578//5566
f 5571//5559 5578//5566 5572//5560
f 5572//5560 5578//5566 5579//5567
f 5572//5560 5579//5567 5580//5568
f 5572//5560 5580//5568 5573//5561
f 5573//5561 5580//5568 5581//5569
f 5573//5561 5581//5569 5574//5562
f 5574//5562 5581//5569 5582//5570
f 5574//5562 5582//5570 5575//5563
f 5575//5563 5582//5570 5583//5571
f 5575//5563 5583//5571 5576//5564
f 5576//5564 5583//5571 5584//5572
f 5576//5564 5584//5572 5577//5565
f 5577//5565 5584//5572 5585//5573
f 5580//5568 5579//5567 5586//5574
f 5580//5568 5586//5574 5581//5569
f 5581//5569 5586//5574 5587//5575
f 5581//5569 5587//5575 5588//5576
f 5581//5569 5588//5576 5582//5570
f 5582//5570 5588//5576 5589//5577
f 5582//5570 5589//5577 5583//5571
f 5583//5571 5589//5577 5590//5578
f 5583//5571 5590//5578 5584//5572
f 5584//5572 5590//5578 5591//5579
f 5584//5572 5591//5579 5585//5573
f 5585//5573 5591//5579 5592//5580
f 5588//5576 5587//5575 5593//5581
f 5588//5576 5593//5581 5589//5577
f 5589//5577 5593//5581 5594//5582
f 5589//5577 5594//5582 5595//5583
f 5589//5577 5595//5583 5590//5578
f 5590//5578 5595//5583 5596//5584
f 5590//5578 5596//5584 5591//5579
f 5591//5579 5596//5584 5597//5585
f 5591//5579 5597//5585 5592//5580
f 5592//5580 5597//5585 5598//5586
f 5595//5583 5594//5582 5599//5587
f 5599//5587 5594//5582 5600//5588
f 5595//5583 5599//5587 5596//5584
f 5596//5584 5599//5587 5601//5589
f 5596//5584 5601//5589 5597//5585
f 5597//5585 5601//5589 5602//5590
f 5597//5585 5602//5590 5603//5591
f 5597//5585 5603//5591 5598//5586
f 5599//5587 5600//5588 5604//5592
f 5604//5592 5600//5588 5605//5593
f 5599//5587 5604//5592 5601//5589
f 5601//5589 5604//5592 5606//5594
f 5601//5589 5606//5594 5602//5590
f 5602//5590 5606//5594 5607//5595
f 5602//5590 5607//5595 5608//5596
f 5607//5595 5609//5597 5608//5596
f 5610//5598 5611//5599 5612//5600
f 5610//5598 5613//5601 5611//5599
f 5611//5599 5613//5601 5604//5592
f 5611//5599 5604//5592 5605//5593
f 5604//5592 5613//5601 5606//5594
f 5606//5594 5613//5601 5614//5602
f 5606//5594 5614//5602 5607//5595
f 5607//5595 5614//5602 5615//5603
f 5607//5595 5615//5603 5609//5597
f 5609//5597 5615//5603 5616//5604
f 5610//5598 5612//5600 5617//5605
f 5617//5605 5612//5600 5618//5606
f 5610//5598 5617//5605 5613//5601
f 5613//5601 5617//5605 5619//5607
f 5613//5601 5619//5607 5614//5602
f 5614//5602 5619//5607 5620//5608
f 5614//5602 5620//5608 5615//5603
f 5615//5603 5620//5608 5621//5609
f 5615//5603 5621//5609 5616//5604
f 5616//5604 5621//5609 5622//5610
f 5623//5611 5624//5612 5625//5613
f 5623//5611 5626//5614 5624//5612
f 5624//5612 5626//5614 5617//5605
f 5624//5612 5617//5605 5618//5606
f 5617//5605 5626//5614 5619//5607
f 5619//5607 5626//5614 5627//5615
f 5619//5607 5627//5615 5620//5608
f 5620//5608 5627//5615 5628//5616
f 5620//5608 5628//5616 5621//5609
f 5621//5609 5628//5616 5629//5617
f 5621//5609 5629//5617 5622//5610
f 5622//5610 5629//5617 5630//5618
f 5631//5619 5632//5620 5633//5621
f 5631//5619 5634//5622 5632//5620
f 5632//5620 5634//5622 5623//5611
f 5632//5620 5623//5611 5625//5613
f 5471//5459 5470//5458 5634//5622
f 5634//5622 5470//5458 5626//5614
f 5634//5622 5626//5614 5623//5611
f 5470//5458 5473//5461 5626//5614
f 5626//5614 5473//5461 5627//5615
f 5473//5461 5475//5463 5627//5615
f 5627//5615 5475//5463 5628//5616
f 5475//5463 5476//5464 5628//5616
f 5628//5616 5476//5464 5635//5623
f 5628//5616 5635//5623 5629//5617
f 5629//5617 5635//5623 5630//5618
f 5630//5618 5635//5623 5636//5624
f 5637//5625 5638//5626 5639//5627
f 5479//5467 5478//5466 5637//5625
f 5637//5625 5478//5466 5631//5619
f 5637//5625 5631//5619 5638//5626
f 5638//5626 5631//5619 5633//5621
f 5478//5466 5481//5469 5631//5619
f 5631//5619 5481//5469 5634//5622
f 5481//5469 5471//5459 5634//5622
f 5485//5473 5640//5628 5476//5464
f 5476//5464 5640//5628 5635//5623
f 5635//5623 5640//5628 5636//5624
f 5636//5624 5640//5628 5641//5629
f 5642//5630 5643//5631 5644//5632
f 5488//5476 5487//5475 5642//5630
f 5642//5630 5487//5475 5645//5633
f 5642//5630 5645//5633 5643//5631
f 5487//5475 5489//5477 5645//5633
f 5645//5633 5489//5477 5637//5625
f 5645//5633 5637//5625 5639//5627
f 5489//5477 5479//5467 5637//5625
f 5485//5473 5492//5480 5640//5628
f 5492//5480 5493//5481 5640//5628
f 5640//5628 5493//5481 5646//5634
f 5640//5628 5646//5634 5641//5629
f 5641//5629 5646//5634 5647//5635
f 5646//5634 5648//5636 5647//5635
f 5494//5482 5495//5483 5649//5637
f 5649//5637 5495//5483 5642//5630
f 5649//5637 5642//5630 5644//5632
f 5495//5483 5488//5476 5642//5630
f 5497//5485 5650//5638 5493//5481
f 5493//5481 5650//5638 5646//5634
f 5646//5634 5650//5638 5648//5636
f 5648//5636 5650//5638 5651//5639
f 5498//5486 5499//5487 5652//5640
f 5652//5640 5499//5487 5653//5641
f 5499//5487 5494//5482 5653//5641
f 5653//5641 5494//5482 5649//5637
f 5501//5489 5654//5642 5497//5485
f 5497//5485 5654//5642 5650//5638
f 5650//5638 5654//5642 5651//5639
f 5651//5639 5654//5642 5655//5643
f 5502//5490 5503//5491 5656//5644
f 5503//5491 5498//5486 5656//5644
f 5656//5644 5498//5486 5652//5640
f 5656//5644 5652//5640 5657//5645
f 5504//5492 5658//5646 5501//5489
f 5501//5489 5658//5646 5654//5642
f 5654//5642 5658//5646 5655//5643
f 5655//5643 5658//5646 5659//5647
f 5505//5493 5502//5490 5660//5648
f 5660//5648 5502//5490 5656//5644
f 5660//5648 5656//5644 5661//5649
f 5656//5644 5657//5645 5661//5649
f 5506//5494 5662//5650 5504//5492
f 5504//5492 5662//5650 5658//5646
f 5658//5646 5662//5650 5659//5647
f 5659//5647 5662//5650 5663//5651
f 5507//5495 5505//5493 5664//5652
f 5664//5652 5505//5493 5660//5648
f 5508//5496 5665//5653 5506//5494
f 5506//5494 5665//5653 5662//5650
f 5662//5650 5665//5653 5663//5651
f 5663//5651 5665//5653 5666//5654
f 5509//5497 5507//5495 5667//5655
f 5667//5655 5507//5495 5664//5652
f 5510//5498 5668//5656 5508//5496
f 5508//5496 5668//5656 5669//5657
f 5508//5496 5669//5657 5665//5653
f 5665//5653 5669//5657 5666//5654
f 5511//5499 5509//5497 5670//5658
f 5670//5658 5509//5497 5667//5655
f 5512//5500 5671//5659 5510//5498
f 5510//5498 5671//5659 5668//5656
f 5513//5501 5511//5499 5672//5660
f 5672//5660 5511//5499 5670//5658
f 5672//5660 5670//5658 5673//5661
f 5672//5660 5673//5661 5674//5662
f 5514//5502 5675//5663 5515//5503
f 5515//5503 5675//5663 5676//5664
f 5515//5503 5676//5664 5512//5500
f 5512//5500 5676//5664 5671//5659
f 5513//5501 5672//5660 5516//5504
f 5516//5504 5672//5660 5517//5505
f 5517//5505 5672//5660 5674//5662
f 5517//5505 5674//5662 5677//5665
f 5677//5665 5674//5662 5678//5666
f 5677//5665 5678//5666 5679//5667
f 5518//5506 5680//5668 5514//5502
f 5514//5502 5680//5668 5675//5663
f 5517//5505 5677//5665 5520//5508
f 5520//5508 5677//5665 5521//5509
f 5521//5509 5677//5665 5679//5667
f 5521//5509 5679//5667 5681//5669
f 5681//5669 5679//5667 5682//5670
f 5681//5669 5682//5670 5683//5671
f 5522//5510 5684//5672 5523//5511
f 5523//5511 5684//5672 5685//5673
f 5523//5511 5685//5673 5518//5506
f 5518//5506 5685//5673 5680//5668
f 5521//5509 5681//5669 5524//5512
f 5524//5512 5681//5669 5525//5513
f 5525//5513 5681//5669 5683//5671
f 5525//5513 5683//5671 5686//5674
f 5525//5513 5686//5674 5527//5515
f 5527//5515 5686//5674 5687//5675
f 5527//5515 5687//5675 5688//5676
f 5688//5676 5687//5675 5689//5677
f 5689//5677 5687//5675 5690//5678
f 5689//5677 5690//5678 5691//5679
f 5691//5679 5690//5678 5692//5680
f 5529//5517 5691//5679 5530//5518
f 5530//5518 5691//5679 5692//5680
f 5530//5518 5692//5680 5693//5681
f 5530//5518 5693//5681 5531//5519
f 5531//5519 5693//5681 5694//5682
f 5531//5519 5694//5682 5522//5510
f 5522//5510 5694//5682 5684//5672
f 5527//5515 5688//5676 5532//5520
f 5532//5520 5688//5676 5533//5521
f 5533//5521 5688//5676 5689//5677
f 5533//5521 5689//5677 5534//5522
f 5534//5522 5689//5677 5691//5679
f 5534//5522 5691//5679 5529//5517
f 5538//5526 5537//5525 5695//5683
f 5537//5525 5539//5527 5695//5683
f 5695//5683 5539//5527 5696//5684
f 5695//5683 5696//5684 5697//5685
f 5539//5527 5540//5528 5696//5684
f 5696//5684 5540//5528 5698//5686
f 5540//5528 5541//5529 5698//5686
f 5698//5686 5541//5529 5699//5687
f 5698//5686 5699//5687 5700//5688
f 5541//5529 5543//5531 5699//5687
f 5545//5533 5546//5534 5701//5689
f 5546//5534 5538//5526 5701//5689
f 5701//5689 5538//5526 5695//5683
f 5701//5689 5695//5683 5702//5690
f 5702//5690 5695//5683 5703//5691
f 5695//5683 5697//5685 5703//5691
f 5699//5687 5704//5692 5700//5688
f 5543//5531 5547//5535 5699//5687
f 5699//5687 5547//5535 5705//5693
f 5699//5687 5705//5693 5704//5692
f 5547//5535 5549//5537 5705//5693
f 5705//5693 5549//5537 5706//5694
f 5550//5538 5551//5539 5707//5695
f 5551//5539 5545//5533 5707//5695
f 5707//5695 5545//5533 5701//5689
f 5707//5695 5701//5689 5708//5696
f 5708//5696 5701//5689 5709//5697
f 5701//5689 5702//5690 5709//5697
f 5549//5537 5552//5540 5706//5694
f 5706//5694 5552//5540 5710//5698
f 5552//5540 5553//5541 5710//5698
f 5710//5698 5553//5541 5711//5699
f 5554//5542 5550//5538 5712//5700
f 5712//5700 5550//5538 5707//5695
f 5707//5695 5708//5696 5712//5700
f 5712//5700 5708//5696 5713//5701
f 5555//5543 5714//5702 5553//5541
f 5553//5541 5714//5702 5715//5703
f 5553//5541 5715//5703 5711//5699
f 5714//5702 5716//5704 5715//5703
f 5554//5542 5712//5700 5557//5545
f 5557//5545 5712//5700 5558//5546
f 5558//5546 5712//5700 5713//5701
f 5558//5546 5713//5701 5717//5705
f 5555//5543 5560//5548 5714//5702
f 5560//5548 5561//5549 5714//5702
f 5714//5702 5561//5549 5718//5706
f 5714//5702 5718//5706 5716//5704
f 5562//5550 5558//5546 5719//5707
f 5719//5707 5558//5546 5717//5705
f 5564//5552 5720//5708 5561//5549
f 5561//5549 5720//5708 5718//5706
f 5562//5550 5719//5707 5565//5553
f 5565//5553 5719//5707 5721//5709
f 5565//5553 5721//5709 5566//5554
f 5566//5554 5721//5709 5722//5710
f 5568//5556 5723//5711 5564//5552
f 5564//5552 5723//5711 5724//5712
f 5564//5552 5724//5712 5720//5708
f 5723//5711 5725//5713 5724//5712
f 5566//5554 5722//5710 5569//5557
f 5569//5557 5722//5710 5726//5714
f 5569//5557 5726//5714 5570//5558
f 5570//5558 5726//5714 5727//5715
f 5577//5565 5728//5716 5568//5556
f 5568//5556 5728//5716 5723//5711
f 5723//5711 5728//5716 5725//5713
f 5725//5713 5728//5716 5729//5717
f 5570//5558 5727//5715 5578//5566
f 5578//5566 5727//5715 5730//5718
f 5578//5566 5730//5718 5731//5719
f 5578//5566 5731//5719 5579//5567
f 5585//5573 5732//5720 5577//5565
f 5577//5565 5732//5720 5728//5716
f 5728//5716 5732//5720 5729//5717
f 5729//5717 5732//5720 5733//5721
f 5731//5719 5730//5718 5734//5722
f 5579//5567 5731//5719 5586//5574
f 5586//5574 5731//5719 5734//5722
f 5586//5574 5734//5722 5735//5723
f 5735//5723 5734//5722 5736//5724
f 5586//5574 5735//5723 5587//5575
f 5592//5580 5737//5725 5585//5573
f 5585//5573 5737//5725 5732//5720
f 5732//5720 5737//5725 5733//5721
f 5733//5721 5737//5725 5738//5726
f 5735//5723 5736//5724 5739//5727
f 5739//5727 5736//5724 5740//5728
f 5587//5575 5735//5723 5593//5581
f 5593//5581 5735//5723 5739//5727
f 5593//5581 5739//5727 5741//5729
f 5593//5581 5741//5729 5594//5582
f 5598//5586 5742//5730 5592//5580
f 5592//5580 5742//5730 5737//5725
f 5737//5725 5742//5730 5738//5726
f 5738//5726 5742//5730 5743//5731
f 5739//5727 5740//5728 5744//5732
f 5744//5732 5740//5728 5745//5733
f 5739//5727 5744//5732 5741//5729
f 5741//5729 5744//5732 5746//5734
f 5600//5588 5594//5582 5746//5734
f 5746//5734 5594//5582 5741//5729
f 5602//5590 5747//5735 5603//5591
f 5603//5591 5747//5735 5598//5586
f 5598//5586 5747//5735 5748//5736
f 5598//5586 5748//5736 5742//5730
f 5742//5730 5748//5736 5743//5731
f 5743//5731 5748//5736 5749//5737
f 5744//5732 5745//5733 5750//5738
f 5750//5738 5745//5733 5751//5739
f 5744//5732 5750//5738 5746//5734
f 5746//5734 5750//5738 5752//5740
f 5605//5593 5600//5588 5752//5740
f 5752//5740 5600//5588 5746//5734
f 5602//5590 5608//5596 5747//5735
f 5608//5596 5609//5597 5747//5735
f 5747//5735 5609//5597 5753//5741
f 5747//5735 5753//5741 5748//5736
f 5748//5736 5753//5741 5749//5737
f 5749//5737 5753//5741 5754//5742
f 5750//5738 5751//5739 5755//5743
f 5755//5743 5751//5739 5756//5744
f 5612//5600 5611//5599 5755//5743
f 5755//5743 5611//5599 5752//5740
f 5755//5743 5752//5740 5750//5738
f 5611//5599 5605//5593 5752//5740
f 5616//5604 5757//5745 5609//5597
f 5609//5597 5757//5745 5753//5741
f 5753//5741 5757//5745 5754//5742
f 5754//5742 5757//5745 5758//5746
f 5759//5747 5760//5748 5761//5749
f 5759//5747 5762//5750 5760//5748
f 5760//5748 5762//5750 5755//5743
f 5760//5748 5755//5743 5756//5744
f 5618//5606 5612//5600 5762//5750
f 5762//5750 5612//5600 5755//5743
f 5622//5610 5763//5751 5616//5604
f 5616//5604 5763//5751 5757//5745
f 5757//5745 5763//5751 5758//5746
f 5758//5746 5763//5751 5764//5752
f 5759//5747 5761//5749 5765//5753
f 5765//5753 5761//5749 5766//5754
f 5625//5613 5624//5612 5765//5753
f 5765//5753 5624//5612 5762//5750
f 5765//5753 5762//5750 5759//5747
f 5624//5612 5618//5606 5762//5750
f 5630//5618 5767//5755 5622//5610
f 5622//5610 5767//5755 5763//5751
f 5763//5751 5767//5755 5764//5752
f 5764//5752 5767//5755 5768//5756
f 5769//5757 5770//5758 5771//5759
f 5633//5621 5632//5620 5769//5757
f 5769//5757 5632//5620 5765//5753
f 5769//5757 5765//5753 5770//5758
f 5770//5758 5765//5753 5766//5754
f 5632//5620 5625//5613 5765//5753
f 5636//5624 5772//5760 5630//5618
f 5630//5618 5772//5760 5767//5755
f 5767//5755 5772//5760 5768//5756
f 5768//5756 5772//5760 5773//5761
f 5774//5762 5775//5763 5776//5764
f 5639//5627 5638//5626 5774//5762
f 5774//5762 5638//5626 5769//5757
f 5774//5762 5769//5757 5775//5763
f 5775//5763 5769//5757 5771//5759
f 5638//5626 5633//5621 5769//5757
f 5641//5629 5777//5765 5636//5624
f 5636//5624 5777//5765 5772//5760
f 5772//5760 5777//5765 5773//5761
f 5773//5761 5777//5765 5778//5766
f 5644//5632 5643//5631 5779//5767
f 5779//5767 5643//5631 5780//5768
f 5643//5631 5645//5633 5780//5768
f 5780//5768 5645//5633 5774//5762
f 5780//5768 5774//5762 5776//5764
f 5645//5633 5639//5627 5774//5762
f 5641//5629 5647//5635 5777//5765
f 5647//5635 5648//5636 5777//5765
f 5777//5765 5648//5636 5781//5769
f 5777//5765 5781//5769 5778//5766
f 5649//5637 5644//5632 5782//5770
f 5782//5770 5644//5632 5779//5767
f 5651//5639 5783//5771 5648//5636
f 5648//5636 5783//5771 5781//5769
f 5652//5640 5653//5641 5784//5772
f 5784//5772 5653//5641 5785//5773
f 5653//5641 5649//5637 5785//5773
f 5785//5773 5649//5637 5782//5770
f 5655//5643 5786//5774 5651//5639
f 5651//5639 5786//5774 5783//5771
f 5657//5645 5652//5640 5787//5775
f 5787//5775 5652//5640 5784//5772
f 5659//5647 5788//5776 5655//5643
f 5655//5643 5788//5776 5786//5774
f 5660//5648 5661//5649 5789//5777
f 5661//5649 5657//5645 5789//5777
f 5789//5777 5657//5645 5787//5775
f 5789//5777 5787//5775 5790//5778
f 5663//5651 5791//5779 5659//5647
f 5659//5647 5791//5779 5788//5776
f 5664//5652 5660//5648 5792//5780
f 5792//5780 5660//5648 5789//5777
f 5792//5780 5789//5777 5793//5781
f 5789//5777 5790//5778 5793//5781
f 5666//5654 5794//5782 5663//5651
f 5663//5651 5794//5782 5791//5779
f 5667//5655 5664//5652 5795//5783
f 5795//5783 5664//5652 5792//5780
f 5668//5656 5796//5784 5669//5657
f 5669//5657 5796//5784 5797//5785
f 5669//5657 5797//5785 5666//5654
f 5666//5654 5797//5785 5794//5782
f 5670//5658 5667//5655 5798//5786
f 5798//5786 5667//5655 5795//5783
f 5798//5786 5795//5783 5799//5787
f 5798//5786 5799//5787 5800//5788
f 5671//5659 5801//5789 5668//5656
f 5668//5656 5801//5789 5796//5784
f 5670//5658 5798//5786 5673//5661
f 5673//5661 5798//5786 5674//5662
f 5674//5662 5798//5786 5800//5788
f 5674//5662 5800//5788 5802//5790
f 5802//5790 5800//5788 5803//5791
f 5802//5790 5803//5791 5804//5792
f 5675//5663 5805//5793 5676//5664
f 5676//5664 5805//5793 5806//5794
f 5676//5664 5806//5794 5671//5659
f 5671//5659 5806//5794 5801//5789
f 5674//5662 5802//5790 5678//5666
f 5678//5666 5802//5790 5679//5667
f 5679//5667 5802//5790 5804//5792
f 5679//5667 5804//5792 5807//5795
f 5807//5795 5804//5792 5808//5796
f 5807//5795 5808//5796 5809//5797
f 5810//5798 5811//5799 5812//5800
f 5680//5668 5810//5798 5675//5663
f 5675//5663 5810//5798 5812//5800
f 5675//5663 5812//5800 5805//5793
f 5679//5667 5807//5795 5682//5670
f 5682//5670 5807//5795 5683//5671
f 5683//5671 5807//5795 5809//5797
f 5683//5671 5809//5797 5813//5801
f 5813//5801 5809//5797 5814//5802
f 5813//5801 5814//5802 5815//5803
f 5815//5803 5814//5802 5816//5804
f 5815//5803 5816//5804 5817//5805
f 5818//5806 5819//5807 5820//5808
f 5818//5806 5820//5808 5821//5809
f 5821//5809 5820//5808 5822//5810
f 5684//5672 5821//5809 5685//5673
f 5685//5673 5821//5809 5822//5810
f 5685//5673 5822//5810 5810//5798
f 5810//5798 5822//5810 5811//5799
f 5685//5673 5810//5798 5680//5668
f 5683//5671 5813//5801 5686//5674
f 5686//5674 5813//5801 5687//5675
f 5687//5675 5813//5801 5815//5803
f 5687//5675 5815//5803 5690//5678
f 5690//5678 5815//5803 5817//5805
f 5690//5678 5817//5805 5823//5811
f 5690//5678 5823//5811 5692//5680
f 5692//5680 5823//5811 5824//5812
f 5692//5680 5824//5812 5693//5681
f 5693//5681 5824//5812 5819//5807
f 5693//5681 5819//5807 5818//5806
f 5693//5681 5818//5806 5694//5682
f 5694//5682 5818//5806 5821//5809
f 5694//5682 5821//5809 5684//5672
f 5697//5685 5696//5684 5825//5813
f 5696//5684 5698//5686 5825//5813
f 5825//5813 5698//5686 5826//5814
f 5698//5686 5700//5688 5826//5814
f 5702//5690 5703//5691 5827//5815
f 5703//5691 5697//5685 5827//5815
f 5827//5815 5697//5685 5825//5813
f 5827//5815 5825//5813 5828//5816
f 5828//5816 5825//5813 5829//5817
f 5825//5813 5826//5814 5829//5817
f 5829//5817 5826//5814 5830//5818
f 5700//5688 5704//5692 5826//5814
f 5826//5814 5704//5692 5831//5819
f 5826//5814 5831//5819 5830//5818
f 5704//5692 5705//5693 5831//5819
f 5831//5819 5705//5693 5832//5820
f 5831//5819 5832//5820 5833//5821
f 5705//5693 5706//5694 5832//5820
f 5708//5696 5709//5697 5834//5822
f 5709//5697 5702//5690 5834//5822
f 5834//5822 5702//5690 5827//5815
f 5834//5822 5827//5815 5835//5823
f 5835//5823 5827//5815 5836//5824
f 5827//5815 5828//5816 5836//5824
f 5832//5820 5837//5825 5833//5821
f 5706//5694 5710//5698 5832//5820
f 5832//5820 5710//5698 5838//5826
f 5832//5820 5838//5826 5837//5825
f 5710//5698 5711//5699 5838//5826
f 5838//5826 5711//5699 5839//5827
f 5713//5701 5708//5696 5840//5828
f 5840//5828 5708//5696 5834//5822
f 5840//5828 5834//5822 5841//5829
f 5834//5822 5835//5823 5841//5829
f 5711//5699 5715//5703 5839//5827
f 5839//5827 5715//5703 5842//5830
f 5715//5703 5716//5704 5842//5830
f 5842//5830 5716//5704 5843//5831
f 5717//5705 5713//5701 5844//5832
f 5844//5832 5713//5701 5840//5828
f 5718//5706 5845//5833 5716//5704
f 5716//5704 5845//5833 5843//5831
f 5719//5707 5717//5705 5846//5834
f 5846//5834 5717//5705 5844//5832
f 5846//5834 5844//5832 5847//5835
f 5846//5834 5847//5835 5848//5836
f 5720//5708 5849//5837 5718//5706
f 5718//5706 5849//5837 5850//5838
f 5718//5706 5850//5838 5845//5833
f 5849//5837 5851//5839 5850//5838
f 5719//5707 5846//5834 5721//5709
f 5721//5709 5846//5834 5722//5710
f 5722//5710 5846//5834 5848//5836
f 5722//5710 5848//5836 5852//5840
f 5720//5708 5724//5712 5849//5837
f 5724//5712 5725//5713 5849//5837
f 5849//5837 5725//5713 5853//5841
f 5849//5837 5853//5841 5851//5839
f 5722//5710 5852//5840 5726//5714
f 5726//5714 5852//5840 5854//5842
f 5726//5714 5854//5842 5855//5843
f 5726//5714 5855//5843 5727//5715
f 5729//5717 5856//5844 5725//5713
f 5725//5713 5856//5844 5853//5841
f 5855//5843 5854//5842 5857//5845
f 5730//5718 5727//5715 5858//5846
f 5858//5846 5727//5715 5855//5843
f 5858//5846 5855//5843 5857//5845
f 5733//5721 5859//5847 5729//5717
f 5729//5717 5859//5847 5860//5848
f 5729//5717 5860//5848 5856//5844
f 5859//5847 5861//5849 5860//5848
f 5730//5718 5858//5846 5734//5722
f 5734//5722 5858//5846 5862//5850
f 5734//5722 5862//5850 5863//5851
f 5734//5722 5863//5851 5736//5724
f 5738//5726 5864//5852 5733//5721
f 5733//5721 5864//5852 5859//5847
f 5859//5847 5864//5852 5861//5849
f 5861//5849 5864//5852 5865//5853
f 5863//5851 5862//5850 5866//5854
f 5866//5854 5862//5850 5867//5855
f 5740//5728 5736//5724 5866//5854
f 5866//5854 5736//5724 5863//5851
f 5743//5731 5868//5856 5738//5726
f 5738//5726 5868//5856 5864//5852
f 5864//5852 5868//5856 5865//5853
f 5865//5853 5868//5856 5869//5857
f 5866//5854 5867//5855 5870//5858
f 5870//5858 5867//5855 5871//5859
f 5745//5733 5740//5728 5870//5858
f 5870//5858 5740//5728 5866//5854
f 5749//5737 5872//5860 5743//5731
f 5743//5731 5872//5860 5868//5856
f 5868//5856 5872//5860 5869//5857
f 5869//5857 5872//5860 5873//5861
f 5870//5858 5871//5859 5874//5862
f 5874//5862 5871//5859 5875//5863
f 5751//5739 5745//5733 5874//5862
f 5874//5862 5745//5733 5870//5858
f 5754//5742 5876//5864 5749//5737
f 5749//5737 5876//5864 5872//5860
f 5872//5860 5876//5864 5873//5861
f 5873//5861 5876//5864 5877//5865
f 5874//5862 5875//5863 5878//5866
f 5878//5866 5875//5863 5879//5867
f 5756//5744 5751//5739 5878//5866
f 5878//5866 5751//5739 5874//5862
f 5758//5746 5880//5868 5754//5742
f 5754//5742 5880//5868 5876//5864
f 5876//5864 5880//5868 5877//5865
f 5877//5865 5880//5868 5881//5869
f 5882//5870 5883//5871 5884//5872
f 5761//5749 5760//5748 5882//5870
f 5882//5870 5760//5748 5878//5866
f 5882//5870 5878//5866 5883//5871
f 5883//5871 5878//5866 5879//5867
f 5760//5748 5756//5744 5878//5866
f 5764//5752 5885//5873 5758//5746
f 5758//5746 5885//5873 5880//5868
f 5880//5868 5885//5873 5881//5869
f 5881//5869 5885//5873 5886//5874
f 5882//5870 5884//5872 5887//5875
f 5887//5875 5884//5872 5888//5876
f 5766//5754 5761//5749 5887//5875
f 5887//5875 5761//5749 5882//5870
f 5768//5756 5889//5877 5764//5752
f 5764//5752 5889//5877 5885//5873
f 5885//5873 5889//5877 5886//5874
f 5886//5874 5889//5877 5890//5878
f 5891//5879 5892//5880 5893//5881
f 5771//5759 5770//5758 5891//5879
f 5891//5879 5770//5758 5887//5875
f 5891//5879 5887//5875 5892//5880
f 5892//5880 5887//5875 5888//5876
f 5770//5758 5766//5754 5887//5875
f 5773//5761 5894//5882 5768//5756
f 5768//5756 5894//5882 5889//5877
f 5889//5877 5894//5882 5890//5878
f 5890//5878 5894//5882 5895//5883
f 5776//5764 5775//5763 5896//5884
f 5896//5884 5775//5763 5891//5879
f 5896//5884 5891//5879 5893//5881
f 5775//5763 5771//5759 5891//5879
f 5778//5766 5897//5885 5773//5761
f 5773//5761 5897//5885 5894//5882
f 5894//5882 5897//5885 5895//5883
f 5895//5883 5897//5885 5898//5886
f 5779//5767 5780//5768 5899//5887
f 5899//5887 5780//5768 5900//5888
f 5780//5768 5776//5764 5900//5888
f 5900//5888 5776//5764 5896//5884
f 5781//5769 5901//5889 5778//5766
f 5778//5766 5901//5889 5902//5890
f 5778//5766 5902//5890 5897//5885
f 5897//5885 5902//5890 5898//5886
f 5782//5770 5779//5767 5903//5891
f 5903//5891 5779//5767 5899//5887
f 5783//5771 5904//5892 5781//5769
f 5781//5769 5904//5892 5901//5889
f 5784//5772 5785//5773 5905//5893
f 5905//5893 5785//5773 5906//5894
f 5785//5773 5782//5770 5906//5894
f 5906//5894 5782//5770 5903//5891
f 5786//5774 5907//5895 5783//5771
f 5783//5771 5907//5895 5904//5892
f 5787//5775 5784//5772 5908//5896
f 5908//5896 5784//5772 5905//5893
f 5788//5776 5909//5897 5786//5774
f 5786//5774 5909//5897 5907//5895
f 5790//5778 5787//5775 5910//5898
f 5910//5898 5787//5775 5908//5896
f 5791//5779 5911//5899 5788//5776
f 5788//5776 5911//5899 5909//5897
f 5792//5780 5793//5781 5912//5900
f 5793//5781 5790//5778 5912//5900
f 5912//5900 5790//5778 5910//5898
f 5912//5900 5910//5898 5913//5901
f 5794//5782 5914//5902 5791//5779
f 5791//5779 5914//5902 5911//5899
f 5795//5783 5792//5780 5915//5903
f 5915//5903 5792//5780 5912//5900
f 5912//5900 5913//5901 5915//5903
f 5915//5903 5913//5901 5916//5904
f 5796//5784 5917//5905 5797//5785
f 5797//5785 5917//5905 5918//5906
f 5797//5785 5918//5906 5794//5782
f 5794//5782 5918//5906 5914//5902
f 5795//5783 5915//5903 5799//5787
f 5799//5787 5915//5903 5800//5788
f 5800//5788 5915//5903 5916//5904
f 5800//5788 5916//5904 5919//5907
f 5801//5789 5920//5908 5796//5784
f 5796//5784 5920//5908 5917//5905
f 5800//5788 5919//5907 5803//5791
f 5803//5791 5919//5907 5921//5909
f 5803//5791 5921//5909 5804//5792
f 5804//5792 5921//5909 5922//5910
f 5805//5793 5923//5911 5806//5794
f 5806//5794 5923//5911 5924//5912
f 5806//5794 5924//5912 5801//5789
f 5801//5789 5924//5912 5920//5908
f 5804//5792 5922//5910 5808//5796
f 5808//5796 5922//5910 5925//5913
f 5808//5796 5925//5913 5809//5797
f 5809//5797 5925//5913 5926//5914
f 5809//5797 5926//5914 5927//5915
f 5927//5915 5926//5914 5928//5916
f 5929//5917 5930//5918 5931//5919
f 5811//5799 5929//5917 5812//5800
f 5812//5800 5929//5917 5931//5919
f 5812//5800 5931//5919 5932//5920
f 5812//5800 5932//5920 5805//5793
f 5805//5793 5932//5920 5923//5911
f 5809//5797 5927//5915 5814//5802
f 5814//5802 5927//5915 5816//5804
f 5816//5804 5927//5915 5928//5916
f 5816//5804 5928//5916 5933//5921
f 5816//5804 5933//5921 5817//5805
f 5817//5805 5933//5921 5934//5922
f 5817//5805 5934//5922 5935//5923
f 5935//5923 5934//5922 5936//5924
f 5936//5924 5934//5922 5937//5925
f 5819//5807 5936//5924 5820//5808
f 5820//5808 5936//5924 5937//5925
f 5820//5808 5937//5925 5938//5926
f 5820//5808 5938//5926 5822//5810
f 5822//5810 5938//5926 5930//5918
f 5822//5810 5930//5918 5929//5917
f 5822//5810 5929//5917 5811//5799
f 5817//5805 5935//5923 5823//5811
f 5823//5811 5935//5923 5824//5812
f 5824//5812 5935//5923 5936//5924
f 5824//5812 5936//5924 5819//5807
f 5828//5816 5829//5817 5939//5927
f 5829//5817 5830//5818 5939//5927
f 5939//5927 5830//5818 5940//5928
f 5830//5818 5831//5819 5940//5928
f 5940//5928 5831//5819 5941//5929
f 5831//5819 5833//5821 5941//5929
f 5835//5823 5836//5824 5942//5930
f 5836//5824 5828//5816 5942//5930
f 5942//5930 5828//5816 5939//5927
f 5942//5930 5939//5927 5943//5931
f 5943//5931 5939//5927 5944//5932
f 5939//5927 5940//5928 5944//5932
f 5944//5932 5940//5928 5945//5933
f 5940//5928 5941//5929 5945//5933
f 5945//5933 5941//5929 5946//5934
f 5833//5821 5837//5825 5941//5929
f 5941//5929 5837//5825 5947//5935
f 5941//5929 5947//5935 5946//5934
f 5837//5825 5838//5826 5947//5935
f 5947//5935 5838//5826 5948//5936
f 5947//5935 5948//5936 5949//5937
f 5838//5826 5839//5827 5948//5936
f 5840//5828 5841//5829 5950//5938
f 5841//5829 5835//5823 5950//5938
f 5950//5938 5835//5823 5942//5930
f 5950//5938 5942//5930 5951//5939
f 5951//5939 5942//5930 5952//5940
f 5942//5930 5943//5931 5952//5940
f 5948//5936 5953//5941 5949//5937
f 5839//5827 5842//5830 5948//5936
f 5948//5936 5842//5830 5954//5942
f 5948//5936 5954//5942 5953//5941
f 5953//5941 5954//5942 5955//5943
f 5842//5830 5843//5831 5954//5942
f 5844//5832 5840//5828 5956//5944
f 5956//5944 5840//5828 5950//5938
f 5950//5938 5951//5939 5956//5944
f 5956//5944 5951//5939 5957//5945
f 5954//5942 5958//5946 5955//5943
f 5845//5833 5959//5947 5843//5831
f 5843//5831 5959//5947 5958//5946
f 5843//5831 5958//5946 5954//5942
f 5844//5832 5956//5944 5847//5835
f 5847//5835 5956//5944 5848//5836
f 5848//5836 5956//5944 5957//5945
f 5848//5836 5957//5945 5960//5948
f 5845//5833 5850//5838 5959//5947
f 5959//5947 5850//5838 5961//5949
f 5850//5838 5851//5839 5961//5949
f 5961//5949 5851//5839 5962//5950
f 5852//5840 5848//5836 5963//5951
f 5963//5951 5848//5836 5960//5948
f 5853//5841 5964//5952 5851//5839
f 5851//5839 5964//5952 5962//5950
f 5854//5842 5852//5840 5965//5953
f 5965//5953 5852//5840 5963//5951
f 5856//5844 5966//5954 5853//5841
f 5853//5841 5966//5954 5964//5952
f 5854//5842 5965//5953 5857//5845
f 5857//5845 5965//5953 5967//5955
f 5857//5845 5967//5955 5858//5846
f 5858//5846 5967//5955 5968//5956
f 5856//5844 5860//5848 5966//5954
f 5966//5954 5860//5848 5969//5957
f 5860//5848 5861//5849 5969//5957
f 5969//5957 5861//5849 5970//5958
f 5862//5850 5858//5846 5971//5959
f 5971//5959 5858//5846 5968//5956
f 5865//5853 5972//5960 5861//5849
f 5861//5849 5972//5960 5970//5958
f 5867//5855 5862//5850 5973//5961
f 5973//5961 5862//5850 5971//5959
f 5869//5857 5974//5962 5865//5853
f 5865//5853 5974//5962 5972//5960
f 5871//5859 5867//5855 5975//5963
f 5975//5963 5867//5855 5973//5961
f 5873//5861 5976//5964 5869//5857
f 5869//5857 5976//5964 5974//5962
f 5875//5863 5871//5859 5977//5965
f 5977//5965 5871//5859 5975//5963
f 5877//5865 5978//5966 5873//5861
f 5873//5861 5978//5966 5976//5964
f 5979//5967 5980//5968 5981//5969
f 5879//5867 5875//5863 5979//5967
f 5979//5967 5875//5863 5977//5965
f 5979//5967 5977//5965 5980//5968
f 5881//5869 5982//5970 5877//5865
f 5877//5865 5982//5970 5978//5966
f 5884//5872 5883//5871 5983//5971
f 5983//5971 5883//5871 5979//5967
f 5983//5971 5979//5967 5981//5969
f 5883//5871 5879//5867 5979//5967
f 5886//5874 5984//5972 5881//5869
f 5881//5869 5984//5972 5982//5970
f 5888//5876 5884//5872 5985//5973
f 5985//5973 5884//5872 5983//5971
f 5890//5878 5986//5974 5886//5874
f 5886//5874 5986//5974 5984//5972
f 5893//5881 5892//5880 5987//5975
f 5987//5975 5892//5880 5988//5976
f 5892//5880 5888//5876 5988//5976
f 5988//5976 5888//5876 5985//5973
f 5895//5883 5989//5977 5890//5878
f 5890//5878 5989//5977 5986//5974
f 5896//5884 5893//5881 5990//5978
f 5990//5978 5893//5881 5987//5975
f 5898//5886 5991//5979 5895//5883
f 5895//5883 5991//5979 5989//5977
f 5899//5887 5900//5888 5992//5980
f 5992//5980 5900//5888 5993//5981
f 5900//5888 5896//5884 5993//5981
f 5993//5981 5896//5884 5990//5978
f 5901//5889 5994//5982 5902//5890
f 5902//5890 5994//5982 5995//5983
f 5902//5890 5995//5983 5898//5886
f 5898//5886 5995//5983 5991//5979
f 5903//5891 5899//5887 5996//5984
f 5996//5984 5899//5887 5992//5980
f 5904//5892 5997//5985 5901//5889
f 5901//5889 5997//5985 5994//5982
f 5905//5893 5906//5894 5998//5986
f 5998//5986 5906//5894 5999//5987
f 5906//5894 5903//5891 5999//5987
f 5999//5987 5903//5891 5996//5984
f 5907//5895 6000//5988 5904//5892
f 5904//5892 6000//5988 5997//5985
f 5908//5896 5905//5893 6001//5989
f 6001//5989 5905//5893 5998//5986
f 5909//5897 6002//5990 5907//5895
f 5907//5895 6002//5990 6000//5988
f 5910//5898 5908//5896 6003//5991
f 6003//5991 5908//5896 6001//5989
f 5911//5899 6004//5992 5909//5897
f 5909//5897 6004//5992 6002//5990
f 5913//5901 5910//5898 6005//5993
f 6005//5993 5910//5898 6003//5991
f 6006//5994 6007//5995 6008//5996
f 5914//5902 6006//5994 5911//5899
f 5911//5899 6006//5994 6008//5996
f 5911//5899 6008//5996 6004//5992
f 5916//5904 5913//5901 6009//5997
f 6009//5997 5913//5901 6005//5993
f 6009//5997 6005//5993 6010//5998
f 6009//5997 6010//5998 6011//5999
f 5917//5905 6012//6000 5918//5906
f 5918//5906 6012//6000 6007//5995
f 5918//5906 6007//5995 6006//5994
f 5918//5906 6006//5994 5914//5902
f 5919//5907 5916//5904 6013//6001
f 6013//6001 5916//5904 6009//5997
f 6009//5997 6011//5999 6013//6001
f 6013//6001 6011//5999 6014//6002
f 6015//6003 6016//6004 6017//6005
f 5920//5908 6015//6003 5917//5905
f 5917//5905 6015//6003 6017//6005
f 5917//5905 6017//6005 6012//6000
f 5919//5907 6013//6001 5921//5909
f 5921//5909 6013//6001 5922//5910
f 5922//5910 6013//6001 6014//6002
f 5922//5910 6014//6002 6018//6006
f 6018//6006 6014//6002 6019//6007
f 6018//6006 6019//6007 6020//6008
f 6021//6009 6022//6010 6023//6011
f 5923//5911 6021//6009 5924//5912
f 5924//5912 6021//6009 6023//6011
f 5924//5912 6023//6011 6015//6003
f 6015//6003 6023//6011 6016//6004
f 5924//5912 6015//6003 5920//5908
f 5922//5910 6018//6006 5925//5913
f 5925//5913 6018//6006 5926//5914
f 5926//5914 6018//6006 6020//6008
f 5926//5914 6020//6008 6024//6012
f 5926//5914 6024//6012 5928//5916
f 5928//5916 6024//6012 6025//6013
f 5928//5916 6025//6013 6026//6014
f 6026//6014 6025//6013 6027//6015
f 6027//6015 6025//6013 6028//6016
f 6027//6015 6028//6016 6029//6017
f 6029//6017 6028//6016 6030//6018
f 6029//6017 6030//6018 6031//6019
f 6031//6019 6030//6018 6032//6020
f 5930//5918 6031//6019 5931//5919
f 5931//5919 6031//6019 6032//6020
f 5931//5919 6032//6020 6033//6021
f 5931//5919 6033//6021 5932//5920
f 5932//5920 6033//6021 6022//6010
f 5932//5920 6022//6010 6021//6009
f 5932//5920 6021//6009 5923//5911
f 5928//5916 6026//6014 5933//5921
f 5933//5921 6026//6014 5934//5922
f 5934//5922 6026//6014 6027//6015
f 5934//5922 6027//6015 5937//5925
f 5937//5925 6027//6015 6029//6017
f 5937//5925 6029//6017 5938//5926
f 5938//5926 6029//6017 6031//6019
f 5938//5926 6031//6019 5930//5918
f 5943//5931 5944//5932 6034//6022
f 5944//5932 5945//5933 6034//6022
f 6034//6022 5945//5933 6035//6023
f 6034//6022 6035//6023 6036//6024
f 5945//5933 5946//5934 6035//6023
f 6035//6023 5946//5934 6037//6025
f 5946//5934 5947//5935 6037//6025
f 6037//6025 5947//5935 6038//6026
f 6037//6025 6038//6026 6039//6027
f 5947//5935 5949//5937 6038//6026
f 5951//5939 5952//5940 6040//6028
f 5952//5940 5943//5931 6040//6028
f 6040//6028 5943//5931 6034//6022
f 6040//6028 6034//6022 6041//6029
f 6041//6029 6034//6022 6042//6030
f 6034//6022 6036//6024 6042//6030
f 6038//6026 6043//6031 6039//6027
f 5949//5937 5953//5941 6038//6026
f 6038//6026 5953//5941 6044//6032
f 6038//6026 6044//6032 6043//6031
f 5953//5941 5955//5943 6044//6032
f 6044//6032 5955//5943 6045//6033
f 5957//5945 5951//5939 6046//6034
f 6046//6034 5951//5939 6040//6028
f 6040//6028 6041//6029 6046//6034
f 6046//6034 6041//6029 6047//6035
f 5955//5943 5958//5946 6045//6033
f 6045//6033 5958//5946 6048//6036
f 5958//5946 5959//5947 6048//6036
f 6048//6036 5959//5947 6049//6037
f 5960//5948 5957//5945 6050//6038
f 6050//6038 5957//5945 6046//6034
f 6050//6038 6046//6034 6051//6039
f 6046//6034 6047//6035 6051//6039
f 5959//5947 5961//5949 6049//6037
f 6049//6037 5961//5949 6052//6040
f 6049//6037 6052//6040 6053//6041
f 5961//5949 5962//5950 6052//6040
f 5963//5951 5960//5948 6054//6042
f 6054//6042 5960//5948 6050//6038
f 6052//6040 6055//6043 6053//6041
f 5964//5952 6056//6044 5962//5950
f 5962//5950 6056//6044 6055//6043
f 5962//5950 6055//6043 6052//6040
f 5965//5953 5963//5951 6057//6045
f 6057//6045 5963//5951 6054//6042
f 5966//5954 6058//6046 5964//5952
f 5964//5952 6058//6046 6056//6044
f 5965//5953 6057//6045 5967//5955
f 5967//5955 6057//6045 6059//6047
f 5967//5955 6059//6047 5968//5956
f 5968//5956 6059//6047 6060//6048
f 5966//5954 5969//5957 6058//6046
f 6058//6046 5969//5957 6061//6049
f 5969//5957 5970//5958 6061//6049
f 6061//6049 5970//5958 6062//6050
f 5971//5959 5968//5956 6063//6051
f 6063//6051 5968//5956 6060//6048
f 5972//5960 6064//6052 5970//5958
f 5970//5958 6064//6052 6062//6050
f 5973//5961 5971//5959 6065//6053
f 6065//6053 5971//5959 6063//6051
f 5974//5962 6066//6054 5972//5960
f 5972//5960 6066//6054 6064//6052
f 5975//5963 5973//5961 6067//6055
f 6067//6055 5973//5961 6065//6053
f 5976//5964 6068//6056 5974//5962
f 5974//5962 6068//6056 6066//6054
f 6069//6057 6070//6058 6071//6059
f 5977//5965 5975//5963 6069//6057
f 6069//6057 5975//5963 6067//6055
f 6069//6057 6067//6055 6070//6058
f 5978//5966 6072//6060 5976//5964
f 5976//5964 6072//6060 6068//6056
f 5981//5969 5980//5968 6073//6061
f 6073//6061 5980//5968 6069//6057
f 6073//6061 6069//6057 6071//6059
f 5980//5968 5977//5965 6069//6057
f 5982//5970 6074//6062 5978//5966
f 5978//5966 6074//6062 6072//6060
f 5983//5971 5981//5969 6075//6063
f 6075//6063 5981//5969 6073//6061
f 5984//5972 6076//6064 5982//5970
f 5982//5970 6076//6064 6074//6062
f 5985//5973 5983//5971 6077//6065
f 6077//6065 5983//5971 6075//6063
f 5986//5974 6078//6066 5984//5972
f 5984//5972 6078//6066 6076//6064
f 5987//5975 5988//5976 6079//6067
f 6079//6067 5988//5976 6080//6068
f 5988//5976 5985//5973 6080//6068
f 6080//6068 5985//5973 6077//6065
f 5989//5977 6081//6069 5986//5974
f 5986//5974 6081//6069 6078//6066
f 5990//5978 5987//5975 6082//6070
f 6082//6070 5987//5975 6079//6067
f 5991//5979 6083//6071 5989//5977
f 5989//5977 6083//6071 6081//6069
f 5992//5980 5993//5981 6084//6072
f 6084//6072 5993//5981 6085//6073
f 5993//5981 5990//5978 6085//6073
f 6085//6073 5990//5978 6082//6070
f 5994//5982 6086//6074 5995//5983
f 5995//5983 6086//6074 6087//6075
f 5995//5983 6087//6075 5991//5979
f 5991//5979 6087//6075 6083//6071
f 5996//5984 5992//5980 6088//6076
f 6088//6076 5992//5980 6084//6072
f 5997//5985 6089//6077 5994//5982
f 5994//5982 6089//6077 6086//6074
f 5998//5986 5999//5987 6090//6078
f 5999//5987 5996//5984 6090//6078
f 6090//6078 5996//5984 6088//6076
f 6090//6078 6088//6076 6091//6079
f 6000//5988 6092//6080 5997//5985
f 5997//5985 6092//6080 6089//6077
f 6001//5989 5998//5986 6093//6081
f 6093//6081 5998//5986 6090//6078
f 6090//6078 6091//6079 6093//6081
f 6093//6081 6091//6079 6094//6082
f 6002//5990 6095//6083 6000//5988
f 6000//5988 6095//6083 6092//6080
f 6003//5991 6001//5989 6096//6084
f 6096//6084 6001//5989 6093//6081
f 6093//6081 6094//6082 6096//6084
f 6096//6084 6094//6082 6097//6085
f 6098//6086 6099//6087 6100//6088
f 6004//5992 6098//6086 6002//5990
f 6002//5990 6098//6086 6100//6088
f 6002//5990 6100//6088 6095//6083
f 6005//5993 6003//5991 6101//6089
f 6101//6089 6003//5991 6096//6084
f 6096//6084 6097//6085 6101//6089
f 6101//6089 6097//6085 6102//6090
f 6007//5995 6103//6091 6008//5996
f 6008//5996 6103//6091 6099//6087
f 6008//5996 6099//6087 6098//6086
f 6008//5996 6098//6086 6004//5992
f 6005//5993 6101//6089 6010//5998
f 6010//5998 6101//6089 6011//5999
f 6011//5999 6101//6089 6102//6090
f 6011//5999 6102//6090 6104//6092
f 6105//6093 6106//6094 6107//6095
f 6012//6000 6105//6093 6007//5995
f 6007//5995 6105//6093 6107//6095
f 6007//5995 6107//6095 6103//6091
f 6014//6002 6011//5999 6108//6096
f 6108//6096 6011//5999 6104//6092
f 6108//6096 6104//6092 6109//6097
f 6108//6096 6109//6097 6110//6098
f 6111//6099 6112//6100 6113//6101
f 6016//6004 6111//6099 6017//6005
f 6017//6005 6111//6099 6113//6101
f 6017//6005 6113//6101 6105//6093
f 6105//6093 6113//6101 6106//6094
f 6017//6005 6105//6093 6012//6000
f 6014//6002 6108//6096 6019//6007
f 6019//6007 6108//6096 6020//6008
f 6020//6008 6108//6096 6110//6098
f 6020//6008 6110//6098 6114//6102
f 6114//6102 6110//6098 6115//6103
f 6114//6102 6115//6103 6116//6104
f 6116//6104 6115//6103 6117//6105
f 6116//6104 6117//6105 6118//6106
f 6119//6107 6120//6108 6121//6109
f 6022//6010 6119//6107 6023//6011
f 6023//6011 6119//6107 6121//6109
f 6023//6011 6121//6109 6111//6099
f 6111//6099 6121//6109 6112//6100
f 6023//6011 6111//6099 6016//6004
f 6020//6008 6114//6102 6024//6012
f 6024//6012 6114//6102 6025//6013
f 6025//6013 6114//6102 6116//6104
f 6025//6013 6116//6104 6028//6016
f 6028//6016 6116//6104 6118//6106
f 6028//6016 6118//6106 6122//6110
f 6028//6016 6122//6110 6030//6018
f 6030//6018 6122//6110 6123//6111
f 6030//6018 6123//6111 6032//6020
f 6032//6020 6123//6111 6124//6112
f 6032//6020 6124//6112 6033//6021
f 6033//6021 6124//6112 6120//6108
f 6033//6021 6120//6108 6119//6107
f 6033//6021 6119//6107 6022//6010
f 6036//6024 6035//6023 6125//6113
f 6035//6023 6037//6025 6125//6113
f 6125//6113 6037//6025 6126//6114
f 6037//6025 6039//6027 6126//6114
f 6041//6029 6042//6030 6127//6115
f 6042//6030 6036//6024 6127//6115
f 6127//6115 6036//6024 6125//6113
f 6127//6115 6125//6113 6128//6116
f 6125//6113 6126//6114 6128//6116
f 6128//6116 6126//6114 6129//6117
f 6128//6116 6129//6117 6130//6118
f 6039//6027 6043//6031 6126//6114
f 6126//6114 6043//6031 6131//6119
f 6126//6114 6131//6119 6129//6117
f 6129//6117 6131//6119 6132//6120
f 6043//6031 6044//6032 6131//6119
f 6131//6119 6044//6032 6133//6121
f 6044//6032 6045//6033 6133//6121
f 6047//6035 6041//6029 6134//6122
f 6134//6122 6041//6029 6127//6115
f 6127//6115 6128//6116 6134//6122
f 6134//6122 6128//6116 6135//6123
f 6134//6122 6135//6123 6136//6124
f 6128//6116 6130//6118 6135//6123
f 6131//6119 6137//6125 6132//6120
f 6131//6119 6133//6121 6137//6125
f 6137//6125 6133//6121 6138//6126
f 6045//6033 6048//6036 6133//6121
f 6133//6121 6048//6036 6139//6127
f 6133//6121 6139//6127 6138//6126
f 6138//6126 6139//6127 6140//6128
f 6048//6036 6049//6037 6139//6127
f 6050//6038 6051//6039 6141//6129
f 6051//6039 6047//6035 6141//6129
f 6141//6129 6047//6035 6134//6122
f 6141//6129 6134//6122 6142//6130
f 6142//6130 6134//6122 6143//6131
f 6134//6122 6136//6124 6143//6131
f 6139//6127 6144//6132 6140//6128
f 6140//6128 6144//6132 6145//6133
f 6053//6041 6144//6132 6049//6037
f 6049//6037 6144//6132 6139//6127
f 6054//6042 6050//6038 6146//6134
f 6146//6134 6050//6038 6141//6129
f 6141//6129 6142//6130 6146//6134
f 6146//6134 6142//6130 6147//6135
f 6144//6132 6148//6136 6145//6133
f 6053//6041 6055//6043 6144//6132
f 6144//6132 6055//6043 6149//6137
f 6144//6132 6149//6137 6148//6136
f 6148//6136 6149//6137 6150//6138
f 6055//6043 6056//6044 6149//6137
f 6057//6045 6054//6042 6151//6139
f 6151//6139 6054//6042 6146//6134
f 6146//6134 6147//6135 6151//6139
f 6151//6139 6147//6135 6152//6140
f 6149//6137 6153//6141 6150//6138
f 6058//6046 6154//6142 6056//6044
f 6056//6044 6154//6142 6153//6141
f 6056//6044 6153//6141 6149//6137
f 6057//6045 6151//6139 6059//6047
f 6059//6047 6151//6139 6060//6048
f 6060//6048 6151//6139 6152//6140
f 6060//6048 6152//6140 6155//6143
f 6058//6046 6061//6049 6154//6142
f 6154//6142 6061//6049 6156//6144
f 6154//6142 6156//6144 6157//6145
f 6061//6049 6062//6050 6156//6144
f 6063//6051 6060//6048 6158//6146
f 6158//6146 6060//6048 6155//6143
f 6156//6144 6159//6147 6157//6145
f 6064//6052 6160//6148 6062//6050
f 6062//6050 6160//6148 6159//6147
f 6062//6050 6159//6147 6156//6144
f 6065//6053 6063//6051 6161//6149
f 6161//6149 6063//6051 6158//6146
f 6066//6054 6162//6150 6064//6052
f 6064//6052 6162//6150 6160//6148
f 6067//6055 6065//6053 6163//6151
f 6163//6151 6065//6053 6161//6149
f 6068//6056 6164//6152 6066//6054
f 6066//6054 6164//6152 6162//6150
f 6071//6059 6070//6058 6165//6153
f 6165//6153 6070//6058 6166//6154
f 6070//6058 6067//6055 6166//6154
f 6166//6154 6067//6055 6163//6151
f 6072//6060 6167//6155 6068//6056
f 6068//6056 6167//6155 6164//6152
f 6073//6061 6071//6059 6168//6156
f 6168//6156 6071//6059 6165//6153
f 6074//6062 6169//6157 6072//6060
f 6072//6060 6169//6157 6167//6155
f 6075//6063 6073//6061 6170//6158
f 6170//6158 6073//6061 6168//6156
f 6076//6064 6171//6159 6074//6062
f 6074//6062 6171//6159 6169//6157
f 6077//6065 6075//6063 6172//6160
f 6172//6160 6075//6063 6170//6158
f 6078//6066 6173//6161 6076//6064
f 6076//6064 6173//6161 6171//6159
f 6079//6067 6080//6068 6174//6162
f 6174//6162 6080//6068 6175//6163
f 6080//6068 6077//6065 6175//6163
f 6175//6163 6077//6065 6172//6160
f 6081//6069 6176//6164 6078//6066
f 6078//6066 6176//6164 6173//6161
f 6082//6070 6079//6067 6177//6165
f 6177//6165 6079//6067 6174//6162
f 6178//6166 6179//6167 6180//6168
f 6083//6071 6178//6166 6081//6069
f 6081//6069 6178//6166 6180//6168
f 6081//6069 6180//6168 6176//6164
f 6084//6072 6085//6073 6181//6169
f 6085//6073 6082//6070 6181//6169
f 6181//6169 6082//6070 6177//6165
f 6181//6169 6177//6165 6182//6170
f 6086//6074 6183//6171 6087//6075
f 6087//6075 6183//6171 6179//6167
f 6087//6075 6179//6167 6178//6166
f 6087//6075 6178//6166 6083//6071
f 6088//6076 6084//6072 6184//6172
f 6184//6172 6084//6072 6181//6169
f 6181//6169 6182//6170 6184//6172
f 6184//6172 6182//6170 6185//6173
f 6089//6077 6186//6174 6086//6074
f 6086//6074 6186//6174 6183//6171
f 6091//6079 6088//6076 6187//6175
f 6187//6175 6088//6076 6184//6172
f 6187//6175 6184//6172 6188//6176
f 6184//6172 6185//6173 6188//6176
f 6189//6177 6190//6178 6191//6179
f 6092//6080 6189//6177 6089//6077
f 6089//6077 6189//6177 6191//6179
f 6089//6077 6191//6179 6186//6174
f 6094//6082 6091//6079 6192//6180
f 6192//6180 6091//6079 6187//6175
f 6189//6177 6193//6181 6190//6178
f 6190//6178 6193//6181 6194//6182
f 6095//6083 6193//6181 6092//6080
f 6092//6080 6193//6181 6189//6177
f 6097//6085 6094//6082 6195//6183
f 6195//6183 6094//6082 6192//6180
f 6099//6087 6196//6184 6100//6088
f 6100//6088 6196//6184 6194//6182
f 6100//6088 6194//6182 6193//6181
f 6100//6088 6193//6181 6095//6083
f 6102//6090 6097//6085 6197//6185
f 6197//6185 6097//6085 6195//6183
f 6197//6185 6195//6183 6198//6186
f 6197//6185 6198//6186 6199//6187
f 6103//6091 6200//6188 6099//6087
f 6099//6087 6200//6188 6196//6184
f 6104//6092 6102//6090 6201//6189
f 6201//6189 6102//6090 6197//6185
f 6197//6185 6199//6187 6201//6189
f 6201//6189 6199//6187 6202//6190
f 6106//6094 6203//6191 6107//6095
f 6107//6095 6203//6191 6204//6192
f 6107//6095 6204//6192 6103//6091
f 6103//6091 6204//6192 6200//6188
f 6104//6092 6201//6189 6109//6097
f 6109//6097 6201//6189 6110//6098
f 6110//6098 6201//6189 6202//6190
f 6110//6098 6202//6190 6205//6193
f 6205//6193 6202//6190 6206//6194
f 6205//6193 6206//6194 6207//6195
f 6208//6196 6209//6197 6210//6198
f 6112//6100 6208//6196 6113//6101
f 6113//6101 6208//6196 6210//6198
f 6113//6101 6210//6198 6211//6199
f 6113//6101 6211//6199 6106//6094
f 6106//6094 6211//6199 6203//6191
f 6110//6098 6205//6193 6115//6103
f 6115//6103 6205//6193 6117//6105
f 6117//6105 6205//6193 6207//6195
f 6117//6105 6207//6195 6212//6200
f 6117//6105 6212//6200 6118//6106
f 6118//6106 6212//6200 6213//6201
f 6118//6106 6213//6201 6214//6202
f 6214//6202 6213//6201 6215//6203
f 6215//6203 6213//6201 6216//6204
f 6215//6203 6216//6204 6217//6205
f 6217//6205 6216//6204 6218//6206
f 6120//6108 6217//6205 6121//6109
f 6121//6109 6217//6205 6218//6206
f 6121//6109 6218//6206 6208//6196
f 6208//6196 6218//6206 6209//6197
f 6121//6109 6208//6196 6112//6100
f 6118//6106 6214//6202 6122//6110
f 6122//6110 6214//6202 6123//6111
f 6123//6111 6214//6202 6215//6203
f 6123//6111 6215//6203 6124//6112
f 6124//6112 6215//6203 6217//6205
f 6124//6112 6217//6205 6120//6108
f 6130//6118 6129//6117 6219//6207
f 6129//6117 6132//6120 6219//6207
f 6136//6124 6135//6123 6220//6208
f 6135//6123 6130//6118 6220//6208
f 6220//6208 6130//6118 6219//6207
f 6220//6208 6219//6207 6221//6209
f 6132//6120 6137//6125 6219//6207
f 6219//6207 6137//6125 6222//6210
f 6219//6207 6222//6210 6221//6209
f 6137//6125 6138//6126 6222//6210
f 6222//6210 6138//6126 6223//6211
f 6138//6126 6140//6128 6223//6211
f 6142//6130 6143//6131 6224//6212
f 6143//6131 6136//6124 6224//6212
f 6224//6212 6136//6124 6220//6208
f 6224//6212 6220//6208 6225//6213
f 6220//6208 6221//6209 6225//6213
f 6225//6213 6221//6209 6226//6214
f 6225//6213 6226//6214 6227//6215
f 6221//6209 6222//6210 6226//6214
f 6226//6214 6222//6210 6228//6216
f 6222//6210 6223//6211 6228//6216
f 6228//6216 6223//6211 6229//6217
f 6228//6216 6229//6217 6230//6218
f 6145//6133 6229//6217 6140//6128
f 6140//6128 6229//6217 6223//6211
f 6147//6135 6142//6130 6231//6219
f 6231//6219 6142//6130 6224//6212
f 6224//6212 6225//6213 6231//6219
f 6231//6219 6225//6213 6232//6220
f 6231//6219 6232//6220 6233//6221
f 6225//6213 6227//6215 6232//6220
f 6229//6217 6234//6222 6230//6218
f 6145//6133 6148//6136 6229//6217
f 6229//6217 6148//6136 6235//6223
f 6229//6217 6235//6223 6234//6222
f 6234//6222 6235//6223 6236//6224
f 6148//6136 6150//6138 6235//6223
f 6152//6140 6147//6135 6237//6225
f 6237//6225 6147//6135 6231//6219
f 6231//6219 6233//6221 6237//6225
f 6237//6225 6233//6221 6238//6226
f 6235//6223 6239//6227 6236//6224
f 6150//6138 6153//6141 6235//6223
f 6235//6223 6153//6141 6240//6228
f 6235//6223 6240//6228 6239//6227
f 6239//6227 6240//6228 6241//6229
f 6153//6141 6154//6142 6240//6228
f 6155//6143 6152//6140 6242//6230
f 6242//6230 6152//6140 6237//6225
f 6237//6225 6238//6226 6242//6230
f 6242//6230 6238//6226 6243//6231
f 6240//6228 6244//6232 6241//6229
f 6241//6229 6244//6232 6245//6233
f 6157//6145 6244//6232 6154//6142
f 6154//6142 6244//6232 6240//6228
f 6158//6146 6155//6143 6246//6234
f 6246//6234 6155//6143 6242//6230
f 6246//6234 6242//6230 6247//6235
f 6242//6230 6243//6231 6247//6235
f 6244//6232 6248//6236 6245//6233
f 6157//6145 6159//6147 6244//6232
f 6244//6232 6159//6147 6249//6237
f 6244//6232 6249//6237 6248//6236
f 6248//6236 6249//6237 6250//6238
f 6159//6147 6160//6148 6249//6237
f 6161//6149 6158//6146 6251//6239
f 6251//6239 6158//6146 6246//6234
f 6249//6237 6252//6240 6250//6238
f 6250//6238 6252//6240 6253//6241
f 6162//6150 6252//6240 6160//6148
f 6160//6148 6252//6240 6249//6237
f 6163//6151 6161//6149 6254//6242
f 6254//6242 6161//6149 6251//6239
f 6252//6240 6255//6243 6253//6241
f 6164//6152 6256//6244 6162//6150
f 6162//6150 6256//6244 6255//6243
f 6162//6150 6255//6243 6252//6240
f 6165//6153 6166//6154 6257//6245
f 6166//6154 6163//6151 6257//6245
f 6257//6245 6163//6151 6254//6242
f 6257//6245 6254//6242 6258//6246
f 6167//6155 6259//6247 6164//6152
f 6164//6152 6259//6247 6256//6244
f 6168//6156 6165//6153 6260//6248
f 6260//6248 6165//6153 6257//6245
f 6260//6248 6257//6245 6261//6249
f 6257//6245 6258//6246 6261//6249
f 6169//6157 6262//6250 6167//6155
f 6167//6155 6262//6250 6259//6247
f 6170//6158 6168//6156 6263//6251
f 6263//6251 6168//6156 6260//6248
f 6171//6159 6264//6252 6169//6157
f 6169//6157 6264//6252 6262//6250
f 6172//6160 6170//6158 6265//6253
f 6265//6253 6170//6158 6263//6251
f 6173//6161 6266//6254 6171//6159
f 6171//6159 6266//6254 6264//6252
f 6174//6162 6175//6163 6267//6255
f 6175//6163 6172//6160 6267//6255
f 6267//6255 6172//6160 6265//6253
f 6267//6255 6265//6253 6268//6256
f 6269//6257 6270//6258 6271//6259
f 6176//6164 6269//6257 6173//6161
f 6173//6161 6269//6257 6271//6259
f 6173//6161 6271//6259 6266//6254
f 6177//6165 6174//6162 6272//6260
f 6272//6260 6174//6162 6267//6255
f 6267//6255 6268//6256 6272//6260
f 6272//6260 6268//6256 6273//6261
f 6179//6167 6274//6262 6180//6168
f 6180//6168 6274//6262 6270//6258
f 6180//6168 6270//6258 6269//6257
f 6180//6168 6269//6257 6176//6164
f 6182//6170 6177//6165 6275//6263
f 6275//6263 6177//6165 6272//6260
f 6275//6263 6272//6260 6276//6264
f 6272//6260 6273//6261 6276//6264
f 6277//6265 6278//6266 6279//6267
f 6183//6171 6277//6265 6179//6167
f 6179//6167 6277//6265 6279//6267
f 6179//6167 6279//6267 6274//6262
f 6185//6173 6182//6170 6280//6268
f 6280//6268 6182//6170 6275//6263
f 6277//6265 6281//6269 6278//6266
f 6278//6266 6281//6269 6282//6270
f 6186//6174 6281//6269 6183//6171
f 6183//6171 6281//6269 6277//6265
f 6187//6175 6188//6176 6283//6271
f 6188//6176 6185//6173 6283//6271
f 6283//6271 6185//6173 6280//6268
f 6283//6271 6280//6268 6284//6272
f 6190//6178 6285//6273 6191//6179
f 6191//6179 6285//6273 6282//6270
f 6191//6179 6282//6270 6281//6269
f 6191//6179 6281//6269 6186//6174
f 6192//6180 6187//6175 6286//6274
f 6286//6274 6187//6175 6283//6271
f 6283//6271 6284//6272 6286//6274
f 6286//6274 6284//6272 6287//6275
f 6194//6182 6288//6276 6190//6178
f 6190//6178 6288//6276 6285//6273
f 6195//6183 6192//6180 6289//6277
f 6289//6277 6192//6180 6286//6274
f 6286//6274 6287//6275 6289//6277
f 6289//6277 6287//6275 6290//6278
f 6196//6184 6291//6279 6194//6182
f 6194//6182 6291//6279 6288//6276
f 6195//6183 6289//6277 6198//6186
f 6198//6186 6289//6277 6199//6187
f 6199//6187 6289//6277 6290//6278
f 6199//6187 6290//6278 6292//6280
f 6292//6280 6290//6278 6293//6281
f 6292//6280 6293//6281 6294//6282
f 6295//6283 6296//6284 6297//6285
f 6200//6188 6295//6283 6196//6184
f 6196//6184 6295//6283 6297//6285
f 6196//6184 6297//6285 6291//6279
f 6202//6190 6199//6187 6298//6286
f 6298//6286 6199//6187 6292//6280
f 6292//6280 6294//6282 6298//6286
f 6298//6286 6294//6282 6299//6287
f 6298//6286 6299//6287 6300//6288
f 6300//6288 6299//6287 6301//6289
f 6302//6290 6303//6291 6304//6292
f 6203//6191 6302//6290 6204//6192
f 6204//6192 6302//6290 6304//6292
f 6204//6192 6304//6292 6295//6283
f 6295//6283 6304//6292 6296//6284
f 6204//6192 6295//6283 6200//6188
f 6202//6190 6298//6286 6206//6194
f 6206//6194 6298//6286 6207//6195
f 6207//6195 6298//6286 6300//6288
f 6207//6195 6300//6288 6305//6293
f 6300//6288 6301//6289 6305//6293
f 6305//6293 6301//6289 6306//6294
f 6305//6293 6306//6294 6307//6295
f 6307//6295 6306//6294 6308//6296
f 6308//6296 6306//6294 6309//6297
f 6308//6296 6309//6297 6310//6298
f 6310//6298 6309//6297 6311//6299
f 6209//6197 6310//6298 6210//6198
f 6210//6198 6310//6298 6311//6299
f 6210//6198 6311//6299 6312//6300
f 6210//6198 6312//6300 6211//6199
f 6211//6199 6312//6300 6303//6291
f 6211//6199 6303//6291 6302//6290
f 6211//6199 6302//6290 6203//6191
f 6207//6195 6305//6293 6212//6200
f 6212//6200 6305//6293 6213//6201
f 6213//6201 6305//6293 6307//6295
f 6213//6201 6307//6295 6216//6204
f 6216//6204 6307//6295 6308//6296
f 6216//6204 6308//6296 6218//6206
f 6218//6206 6308//6296 6310//6298
f 6218//6206 6310//6298 6209//6197
f 6227//6215 6226//6214 6313//6301
f 6226//6214 6228//6216 6313//6301
f 6313//6301 6228//6216 6314//6302
f 6228//6216 6230//6218 6314//6302
f 6233//6221 6232//6220 6315//6303
f 6232//6220 6227//6215 6315//6303
f 6315//6303 6227//6215 6313//6301
f 6315//6303 6313//6301 6316//6304
f 6313//6301 6314//6302 6316//6304
f 6316//6304 6314//6302 6317//6305
f 6230//6218 6234//6222 6314//6302
f 6314//6302 6234//6222 6318//6306
f 6314//6302 6318//6306 6317//6305
f 6234//6222 6236//6224 6318//6306
f 6238//6226 6233//6221 6319//6307
f 6319//6307 6233//6221 6315//6303
f 6315//6303 6316//6304 6319//6307
f 6319//6307 6316//6304 6320//6308
f 6316//6304 6317//6305 6320//6308
f 6320//6308 6317//6305 6321//6309
f 6317//6305 6318//6306 6321//6309
f 6321//6309 6318//6306 6322//6310
f 6236//6224 6239//6227 6318//6306
f 6318//6306 6239//6227 6323//6311
f 6318//6306 6323//6311 6322//6310
f 6239//6227 6241//6229 6323//6311
f 6243//6231 6238//6226 6324//6312
f 6324//6312 6238//6226 6319//6307
f 6319//6307 6320//6308 6324//6312
f 6324//6312 6320//6308 6325//6313
f 6320//6308 6321//6309 6325//6313
f 6325//6313 6321//6309 6326//6314
f 6321//6309 6322//6310 6326//6314
f 6326//6314 6322//6310 6327//6315
f 6322//6310 6323//6311 6327//6315
f 6327//6315 6323//6311 6328//6316
f 6245//6233 6328//6316 6241//6229
f 6241//6229 6328//6316 6323//6311
f 6246//6234 6247//6235 6329//6317
f 6247//6235 6243//6231 6329//6317
f 6329//6317 6243//6231 6324//6312
f 6329//6317 6324//6312 6330//6318
f 6324//6312 6325//6313 6330//6318
f 6330//6318 6325//6313 6331//6319
f 6330//6318 6331//6319 6332//6320
f 6325//6313 6326//6314 6331//6319
f 6331//6319 6326//6314 6333//6321
f 6326//6314 6327//6315 6333//6321
f 6333//6321 6327//6315 6334//6322
f 6327//6315 6328//6316 6334//6322
f 6334//6322 6328//6316 6335//6323
f 6245//6233 6248//6236 6328//6316
f 6328//6316 6248//6236 6336//6324
f 6328//6316 6336//6324 6335//6323
f 6335//6323 6336//6324 6337//6325
f 6248//6236 6250//6238 6336//6324
f 6251//6239 6246//6234 6338//6326
f 6338//6326 6246//6234 6329//6317
f 6329//6317 6330//6318 6338//6326
f 6338//6326 6330//6318 6339//6327
f 6338//6326 6339//6327 6340//6328
f 6330//6318 6332//6320 6339//6327
f 6336//6324 6341//6329 6337//6325
f 6253//6241 6342//6330 6250//6238
f 6250//6238 6342//6330 6341//6329
f 6250//6238 6341//6329 6336//6324
f 6254//6242 6251//6239 6343//6331
f 6343//6331 6251//6239 6338//6326
f 6338//6326 6340//6328 6343//6331
f 6343//6331 6340//6328 6344//6332
f 6253//6241 6255//6243 6342//6330
f 6342//6330 6255//6243 6345//6333
f 6342//6330 6345//6333 6346//6334
f 6255//6243 6256//6244 6345//6333
f 6258//6246 6254//6242 6347//6335
f 6347//6335 6254//6242 6343//6331
f 6347//6335 6343//6331 6348//6336
f 6343//6331 6344//6332 6348//6336
f 6345//6333 6349//6337 6346//6334
f 6346//6334 6349//6337 6350//6338
f 6259//6247 6349//6337 6256//6244
f 6256//6244 6349//6337 6345//6333
f 6260//6248 6261//6249 6351//6339
f 6261//6249 6258//6246 6351//6339
f 6351//6339 6258//6246 6347//6335
f 6351//6339 6347//6335 6352//6340
f 6349//6337 6353//6341 6350//6338
f 6350//6338 6353//6341 6354//6342
f 6262//6250 6353//6341 6259//6247
f 6259//6247 6353//6341 6349//6337
f 6263//6251 6260//6248 6355//6343
f 6355//6343 6260//6248 6351//6339
f 6351//6339 6352//6340 6355//6343
f 6355//6343 6352//6340 6356//6344
f 6353//6341 6357//6345 6354//6342
f 6354//6342 6357//6345 6358//6346
f 6264//6252 6357//6345 6262//6250
f 6262//6250 6357//6345 6353//6341
f 6265//6253 6263//6251 6359//6347
f 6359//6347 6263//6251 6355//6343
f 6355//6343 6356//6344 6359//6347
f 6359//6347 6356//6344 6360//6348
f 6357//6345 6361//6349 6358//6346
f 6358//6346 6361//6349 6362//6350
f 6266//6254 6361//6349 6264//6252
f 6264//6252 6361//6349 6357//6345
f 6268//6256 6265//6253 6363//6351
f 6363//6351 6265//6253 6359//6347
f 6363//6351 6359//6347 6364//6352
f 6359//6347 6360//6348 6364//6352
f 6270//6258 6365//6353 6271//6259
f 6271//6259 6365//6353 6362//6350
f 6271//6259 6362//6350 6361//6349
f 6271//6259 6361//6349 6266//6254
f 6273//6261 6268//6256 6366//6354
f 6366//6354 6268//6256 6363//6351
f 6367//6355 6368//6356 6369//6357
f 6274//6262 6367//6355 6270//6258
f 6270//6258 6367//6355 6369//6357
f 6270//6258 6369//6357 6365//6353
f 6275//6263 6276//6264 6370//6358
f 6276//6264 6273//6261 6370//6358
f 6370//6358 6273//6261 6366//6354
f 6370//6358 6366//6354 6371//6359
f 6278//6266 6372//6360 6279//6267
f 6279//6267 6372//6360 6368//6356
f 6279//6267 6368//6356 6367//6355
f 6279//6267 6367//6355 6274//6262
f 6280//6268 6275//6263 6373//6361
f 6373//6361 6275//6263 6370//6358
f 6370//6358 6371//6359 6373//6361
f 6373//6361 6371//6359 6374//6362
f 6375//6363 6376//6364 6377//6365
f 6282//6270 6375//6363 6278//6266
f 6278//6266 6375//6363 6377//6365
f 6278//6266 6377//6365 6372//6360
f 6284//6272 6280//6268 6378//6366
f 6378//6366 6280//6268 6373//6361
f 6373//6361 6374//6362 6378//6366
f 6378//6366 6374//6362 6379//6367
f 6375//6363 6380//6368 6376//6364
f 6376//6364 6380//6368 6381//6369
f 6285//6273 6380//6368 6282//6270
f 6282//6270 6380//6368 6375//6363
f 6287//6275 6284//6272 6382//6370
f 6382//6370 6284//6272 6378//6366
f 6378//6366 6379//6367 6382//6370
f 6382//6370 6379//6367 6383//6371
f 6380//6368 6384//6372 6381//6369
f 6381//6369 6384//6372 6385//6373
f 6288//6276 6384//6372 6285//6273
f 6285//6273 6384//6372 6380//6368
f 6290//6278 6287//6275 6386//6374
f 6386//6374 6287//6275 6382//6370
f 6382//6370 6383//6371 6386//6374
f 6386//6374 6383//6371 6387//6375
f 6384//6372 6388//6376 6385//6373
f 6385//6373 6388//6376 6389//6377
f 6291//6279 6388//6376 6288//6276
f 6288//6276 6388//6376 6384//6372
f 6290//6278 6386//6374 6293//6281
f 6293//6281 6386//6374 6294//6282
f 6294//6282 6386//6374 6387//6375
f 6294//6282 6387//6375 6390//6378
f 6390//6378 6387//6375 6391//6379
f 6390//6378 6391//6379 6392//6380
f 6296//6284 6393//6381 6297//6285
f 6297//6285 6393//6381 6389//6377
f 6297//6285 6389//6377 6388//6376
f 6297//6285 6388//6376 6291//6279
f 6294//6282 6390//6378 6299//6287
f 6299//6287 6390//6378 6301//6289
f 6301//6289 6390//6378 6392//6380
f 6301//6289 6392//6380 6394//6382
f 6394//6382 6392//6380 6395//6383
f 6394//6382 6395//6383 6396//6384
f 6397//6385 6398//6386 6399//6387
f 6303//6291 6397//6385 6304//6292
f 6304//6292 6397//6385 6399//6387
f 6304//6292 6399//6387 6400//6388
f 6304//6292 6400//6388 6296//6284
f 6296//6284 6400//6388 6393//6381
f 6301//6289 6394//6382 6306//6294
f 6306//6294 6394//6382 6309//6297
f 6309//6297 6394//6382 6396//6384
f 6309//6297 6396//6384 6401//6389
f 6309//6297 6401//6389 6311//6299
f 6311//6299 6401//6389 6402//6390
f 6311//6299 6402//6390 6312//6300
f 6312//6300 6402//6390 6398//6386
f 6312//6300 6398//6386 6397//6385
f 6312//6300 6397//6385 6303//6291
f 6332//6320 6331//6319 6403//6391
f 6331//6319 6333//6321 6403//6391
f 6403//6391 6333//6321 6404//6392
f 6333//6321 6334//6322 6404//6392
f 6404//6392 6334//6322 6405//6393
f 6334//6322 6335//6323 6405//6393
f 6405//6393 6335//6323 6406//6394
f 6335//6323 6337//6325 6406//6394
f 6340//6328 6339//6327 6407//6395
f 6339//6327 6332//6320 6407//6395
f 6407//6395 6332//6320 6403//6391
f 6407//6395 6403//6391 6408//6396
f 6408//6396 6403//6391 6409//6397
f 6403//6391 6404//6392 6409//6397
f 6409//6397 6404//6392 6410//6398
f 6404//6392 6405//6393 6410//6398
f 6410//6398 6405//6393 6411//6399
f 6405//6393 6406//6394 6411//6399
f 6411//6399 6406//6394 6412//6400
f 6337//6325 6341//6329 6406//6394
f 6406//6394 6341//6329 6413//6401
f 6406//6394 6413//6401 6412//6400
f 6412//6400 6413//6401 6414//6402
f 6341//6329 6342//6330 6413//6401
f 6344//6332 6340//6328 6415//6403
f 6415//6403 6340//6328 6407//6395
f 6407//6395 6408//6396 6415//6403
f 6415//6403 6408//6396 6416//6404
f 6413//6401 6417//6405 6414//6402
f 6346//6334 6418//6406 6342//6330
f 6342//6330 6418//6406 6417//6405
f 6342//6330 6417//6405 6413//6401
f 6347//6335 6348//6336 6419//6407
f 6348//6336 6344//6332 6419//6407
f 6419//6407 6344//6332 6415//6403
f 6419//6407 6415//6403 6420//6408
f 6420//6408 6415//6403 6421//6409
f 6415//6403 6416//6404 6421//6409
f 6350//6338 6422//6410 6346//6334
f 6346//6334 6422//6410 6418//6406
f 6352//6340 6347//6335 6423//6411
f 6423//6411 6347//6335 6419//6407
f 6419//6407 6420//6408 6423//6411
f 6423//6411 6420//6408 6424//6412
f 6354//6342 6425//6413 6350//6338
f 6350//6338 6425//6413 6422//6410
f 6356//6344 6352//6340 6426//6414
f 6426//6414 6352//6340 6423//6411
f 6423//6411 6424//6412 6426//6414
f 6426//6414 6424//6412 6427//6415
f 6428//6416 6429//6417 6430//6418
f 6358//6346 6428//6416 6354//6342
f 6354//6342 6428//6416 6430//6418
f 6354//6342 6430//6418 6425//6413
f 6360//6348 6356//6344 6431//6419
f 6431//6419 6356//6344 6426//6414
f 6426//6414 6427//6415 6431//6419
f 6431//6419 6427//6415 6432//6420
f 6428//6416 6433//6421 6429//6417
f 6429//6417 6433//6421 6434//6422
f 6362//6350 6433//6421 6358//6346
f 6358//6346 6433//6421 6428//6416
f 6363//6351 6364//6352 6435//6423
f 6364//6352 6360//6348 6435//6423
f 6435//6423 6360//6348 6431//6419
f 6435//6423 6431//6419 6436//6424
f 6436//6424 6431//6419 6437//6425
f 6431//6419 6432//6420 6437//6425
f 6433//6421 6438//6426 6434//6422
f 6434//6422 6438//6426 6439//6427
f 6365//6353 6438//6426 6362//6350
f 6362//6350 6438//6426 6433//6421
f 6366//6354 6363//6351 6440//6428
f 6440//6428 6363//6351 6435//6423
f 6435//6423 6436//6424 6440//6428
f 6440//6428 6436//6424 6441//6429
f 6442//6430 6443//6431 6444//6432
f 6368//6356 6442//6430 6369//6357
f 6369//6357 6442//6430 6444//6432
f 6369//6357 6444//6432 6438//6426
f 6438//6426 6444//6432 6439//6427
f 6369//6357 6438//6426 6365//6353
f 6371//6359 6366//6354 6445//6433
f 6445//6433 6366//6354 6440//6428
f 6440//6428 6441//6429 6445//6433
f 6445//6433 6441//6429 6446//6434
f 6442//6430 6447//6435 6443//6431
f 6443//6431 6447//6435 6448//6436
f 6372//6360 6447//6435 6368//6356
f 6368//6356 6447//6435 6442//6430
f 6374//6362 6371//6359 6449//6437
f 6449//6437 6371//6359 6445//6433
f 6445//6433 6446//6434 6449//6437
f 6449//6437 6446//6434 6450//6438
f 6451//6439 6452//6440 6453//6441
f 6376//6364 6451//6439 6377//6365
f 6377//6365 6451//6439 6453//6441
f 6377//6365 6453//6441 6447//6435
f 6447//6435 6453//6441 6448//6436
f 6377//6365 6447//6435 6372//6360
f 6379//6367 6374//6362 6454//6442
f 6454//6442 6374//6362 6449//6437
f 6449//6437 6450//6438 6454//6442
f 6454//6442 6450//6438 6455//6443
f 6451//6439 6456//6444 6452//6440
f 6452//6440 6456//6444 6457//6445
f 6381//6369 6456//6444 6376//6364
f 6376//6364 6456//6444 6451//6439
f 6383//6371 6379//6367 6458//6446
f 6458//6446 6379//6367 6454//6442
f 6454//6442 6455//6443 6458//6446
f 6458//6446 6455//6443 6459//6447
f 6456//6444 6460//6448 6457//6445
f 6385//6373 6461//6449 6381//6369
f 6381//6369 6461//6449 6460//6448
f 6381//6369 6460//6448 6456//6444
f 6387//6375 6383//6371 6462//6450
f 6462//6450 6383//6371 6458//6446
f 6458//6446 6459//6447 6462//6450
f 6462//6450 6459//6447 6463//6451
f 6389//6377 6464//6452 6385//6373
f 6385//6373 6464//6452 6461//6449
f 6387//6375 6462//6450 6391//6379
f 6391//6379 6462//6450 6392//6380
f 6392//6380 6462//6450 6463//6451
f 6392//6380 6463//6451 6465//6453
f 6465//6453 6463//6451 6466//6454
f 6465//6453 6466//6454 6467//6455
f 6468//6456 6469//6457 6470//6458
f 6393//6381 6468//6456 6389//6377
f 6389//6377 6468//6456 6470//6458
f 6389//6377 6470//6458 6464//6452
f 6392//6380 6465//6453 6395//6383
f 6395//6383 6465//6453 6396//6384
f 6396//6384 6465//6453 6467//6455
f 6396//6384 6467//6455 6471//6459
f 6471//6459 6467//6455 6472//6460
f 6471//6459 6472//6460 6473//6461
f 6473//6461 6472//6460 6474//6462
f 6398//6386 6473//6461 6399//6387
f 6399//6387 6473//6461 6474//6462
f 6399//6387 6474//6462 6475//6463
f 6399//6387 6475//6463 6400//6388
f 6400//6388 6475//6463 6469//6457
f 6400//6388 6469//6457 6468//6456
f 6400//6388 6468//6456 6393//6381
f 6396//6384 6471//6459 6401//6389
f 6401//6389 6471//6459 6402//6390
f 6402//6390 6471//6459 6473//6461
f 6402//6390 6473//6461 6398//6386
f 6408//6396 6409//6397 6476//6464
f 6409//6397 6410//6398 6476//6464
f 6476//6464 6410//6398 6477//6465
f 6410//6398 6411//6399 6477//6465
f 6477//6465 6411//6399 6478//6466
f 6477//6465 6478//6466 6479//6467
f 6411//6399 6412//6400 6478//6466
f 6478//6466 6412//6400 6480//6468
f 6478//6466 6480//6468 6481//6469
f 6412//6400 6414//6402 6480//6468
f 6416//6404 6408//6396 6482//6470
f 6482//6470 6408//6396 6476//6464
f 6476//6464 6477//6465 6482//6470
f 6482//6470 6477//6465 6483//6471
f 6482//6470 6483//6471 6484//6472
f 6477//6465 6479//6467 6483//6471
f 6480//6468 6485//6473 6481//6469
f 6414//6402 6417//6405 6480//6468
f 6480//6468 6417//6405 6486//6474
f 6480//6468 6486//6474 6485//6473
f 6485//6473 6486//6474 6487//6475
f 6417//6405 6418//6406 6486//6474
f 6420//6408 6421//6409 6488//6476
f 6421//6409 6416//6404 6488//6476
f 6488//6476 6416//6404 6482//6470
f 6488//6476 6482//6470 6489//6477
f 6482//6470 6484//6472 6489//6477
f 6489//6477 6484//6472 6490//6478
f 6486//6474 6491//6479 6487//6475
f 6487//6475 6491//6479 6492//6480
f 6422//6410 6491//6479 6418//6406
f 6418//6406 6491//6479 6486//6474
f 6424//6412 6420//6408 6493//6481
f 6493//6481 6420//6408 6488//6476
f 6488//6476 6489//6477 6493//6481
f 6493//6481 6489//6477 6494//6482
f 6489//6477 6490//6478 6494//6482
f 6494//6482 6490//6478 6495//6483
f 6496//6484 6497//6485 6498//6486
f 6496//6484 6498//6486 6499//6487
f 6499//6487 6498//6486 6492//6480
f 6499//6487 6492//6480 6491//6479
f 6425//6413 6499//6487 6422//6410
f 6422//6410 6499//6487 6491//6479
f 6427//6415 6424//6412 6500//6488
f 6500//6488 6424//6412 6493//6481
f 6493//6481 6494//6482 6500//6488
f 6500//6488 6494//6482 6501//6489
f 6494//6482 6495//6483 6501//6489
f 6501//6489 6495//6483 6502//6490
f 6503//6491 6504//6492 6505//6493
f 6503//6491 6505//6493 6506//6494
f 6506//6494 6505//6493 6497//6485
f 6506//6494 6497//6485 6496//6484
f 6429//6417 6506//6494 6430//6418
f 6430//6418 6506//6494 6496//6484
f 6430//6418 6496//6484 6499//6487
f 6430//6418 6499//6487 6425//6413
f 6432//6420 6427//6415 6507//6495
f 6507//6495 6427//6415 6500//6488
f 6500//6488 6501//6489 6507//6495
f 6507//6495 6501//6489 6508//6496
f 6501//6489 6502//6490 6508//6496
f 6508//6496 6502//6490 6509//6497
f 6503//6491 6510//6498 6504//6492
f 6503//6491 6506//6494 6510//6498
f 6510//6498 6506//6494 6511//6499
f 6510//6498 6511//6499 6512//6500
f 6434//6422 6511//6499 6429//6417
f 6429//6417 6511//6499 6506//6494
f 6436//6424 6437//6425 6513//6501
f 6437//6425 6432//6420 6513//6501
f 6513//6501 6432//6420 6507//6495
f 6513//6501 6507//6495 6514//6502
f 6507//6495 6508//6496 6514//6502
f 6514//6502 6508//6496 6515//6503
f 6514//6502 6515//6503 6516//6504
f 6508//6496 6509//6497 6515//6503
f 6511//6499 6517//6505 6512//6500
f 6512//6500 6517//6505 6518//6506
f 6439//6427 6517//6505 6434//6422
f 6434//6422 6517//6505 6511//6499
f 6441//6429 6436//6424 6519//6507
f 6519//6507 6436//6424 6513//6501
f 6513//6501 6514//6502 6519//6507
f 6519//6507 6514//6502 6520//6508
f 6514//6502 6516//6504 6520//6508
f 6520//6508 6516//6504 6521//6509
f 6520//6508 6521//6509 6522//6510
f 6522//6510 6521//6509 6523//6511
f 6524//6512 6525//6513 6526//6514
f 6443//6431 6524//6512 6444//6432
f 6444//6432 6524//6512 6526//6514
f 6444//6432 6526//6514 6517//6505
f 6517//6505 6526//6514 6518//6506
f 6444//6432 6517//6505 6439//6427
f 6446//6434 6441//6429 6527//6515
f 6527//6515 6441//6429 6519//6507
f 6519//6507 6520//6508 6527//6515
f 6527//6515 6520//6508 6528//6516
f 6520//6508 6522//6510 6528//6516
f 6528//6516 6522//6510 6529//6517
f 6522//6510 6523//6511 6529//6517
f 6529//6517 6523//6511 6530//6518
f 6529//6517 6530//6518 6531//6519
f 6531//6519 6530//6518 6532//6520
f 6532//6520 6530//6518 6525//6513
f 6532//6520 6525//6513 6524//6512
f 6448//6436 6532//6520 6443//6431
f 6443//6431 6532//6520 6524//6512
f 6450//6438 6446//6434 6533//6521
f 6533//6521 6446//6434 6527//6515
f 6527//6515 6528//6516 6533//6521
f 6533//6521 6528//6516 6534//6522
f 6528//6516 6529//6517 6534//6522
f 6534//6522 6529//6517 6535//6523
f 6529//6517 6531//6519 6535//6523
f 6535//6523 6531//6519 6536//6524
f 6452//6440 6536//6524 6453//6441
f 6453//6441 6536//6524 6531//6519
f 6453//6441 6531//6519 6532//6520
f 6453//6441 6532//6520 6448//6436
f 6455//6443 6450//6438 6537//6525
f 6537//6525 6450//6438 6533//6521
f 6537//6525 6533//6521 6538//6526
f 6533//6521 6534//6522 6538//6526
f 6538//6526 6534//6522 6539//6527
f 6534//6522 6535//6523 6539//6527
f 6539//6527 6535//6523 6540//6528
f 6535//6523 6536//6524 6540//6528
f 6540//6528 6536//6524 6541//6529
f 6540//6528 6541//6529 6542//6530
f 6457//6445 6541//6529 6452//6440
f 6452//6440 6541//6529 6536//6524
f 6459//6447 6455//6443 6543//6531
f 6543//6531 6455//6443 6537//6525
f 6541//6529 6544//6532 6542//6530
f 6457//6445 6460//6448 6541//6529
f 6541//6529 6460//6448 6545//6533
f 6541//6529 6545//6533 6544//6532
f 6544//6532 6545//6533 6546//6534
f 6460//6448 6461//6449 6545//6533
f 6463//6451 6459//6447 6547//6535
f 6547//6535 6459//6447 6543//6531
f 6545//6533 6548//6536 6546//6534
f 6546//6534 6548//6536 6549//6537
f 6464//6452 6548//6536 6461//6449
f 6461//6449 6548//6536 6545//6533
f 6463//6451 6547//6535 6466//6454
f 6466//6454 6547//6535 6550//6538
f 6466//6454 6550//6538 6467//6455
f 6467//6455 6550//6538 6551//6539
f 6467//6455 6551//6539 6552//6540
f 6552//6540 6551//6539 6553//6541
f 6553//6541 6551//6539 6554//6542
f 6553//6541 6554//6542 6555//6543
f 6555//6543 6554//6542 6556//6544
f 6469//6457 6555//6543 6470//6458
f 6470//6458 6555//6543 6556//6544
f 6470//6458 6556//6544 6548//6536
f 6548//6536 6556//6544 6549//6537
f 6470//6458 6548//6536 6464//6452
f 6467//6455 6552//6540 6472//6460
f 6472//6460 6552//6540 6474//6462
f 6474//6462 6552//6540 6553//6541
f 6474//6462 6553//6541 6475//6463
f 6475//6463 6553//6541 6555//6543
f 6475//6463 6555//6543 6469//6457
f 6479//6467 6478//6466 6557//6545
f 6557//6545 6478//6466 6558//6546
f 6478//6466 6481//6469 6558//6546
f 6558//6546 6481//6469 6559//6547
f 6484//6472 6483//6471 6560//6548
f 6483//6471 6479//6467 6560//6548
f 6560//6548 6479//6467 6557//6545
f 6560//6548 6557//6545 6561//6549
f 6481//6469 6485//6473 6559//6547
f 6559//6547 6485//6473 6562//6550
f 6485//6473 6487//6475 6562//6550
f 6562//6550 6487//6475 6563//6551
f 6490//6478 6484//6472 6564//6552
f 6564//6552 6484//6472 6560//6548
f 6560//6548 6561//6549 6564//6552
f 6564//6552 6561//6549 6565//6553
f 6564//6552 6565//6553 6566//6554
f 6566//6554 6565//6553 6567//6555
f 6567//6555 6565//6553 6568//6556
f 6492//6480 6567//6555 6487//6475
f 6487//6475 6567//6555 6568//6556
f 6487//6475 6568//6556 6563//6551
f 6495//6483 6490//6478 6569//6557
f 6569//6557 6490//6478 6564//6552
f 6564//6552 6566//6554 6569//6557
f 6569//6557 6566//6554 6570//6558
f 6497//6485 6570//6558 6498//6486
f 6498//6486 6570//6558 6566//6554
f 6498//6486 6566//6554 6567//6555
f 6498//6486 6567//6555 6492//6480
f 6502//6490 6495//6483 6571//6559
f 6571//6559 6495//6483 6569//6557
f 6504//6492 6571//6559 6505//6493
f 6505//6493 6571//6559 6569//6557
f 6505//6493 6569//6557 6570//6558
f 6505//6493 6570//6558 6497//6485
f 6509//6497 6502//6490 6572//6560
f 6572//6560 6502//6490 6571//6559
f 6504//6492 6510//6498 6571//6559
f 6571//6559 6510//6498 6573//6561
f 6571//6559 6573//6561 6572//6560
f 6510//6498 6512//6500 6573//6561
f 6516//6504 6515//6503 6574//6562
f 6515//6503 6509//6497 6574//6562
f 6574//6562 6509//6497 6572//6560
f 6574//6562 6572//6560 6575//6563
f 6572//6560 6573//6561 6575//6563
f 6575//6563 6573//6561 6576//6564
f 6518//6506 6576//6564 6512//6500
f 6512//6500 6576//6564 6573//6561
f 6516//6504 6574//6562 6521//6509
f 6521//6509 6574//6562 6523//6511
f 6523//6511 6574//6562 6575//6563
f 6523//6511 6575//6563 6577//6565
f 6525//6513 6577//6565 6526//6514
f 6526//6514 6577//6565 6575//6563
f 6526//6514 6575//6563 6576//6564
f 6526//6514 6576//6564 6518//6506
f 6523//6511 6577//6565 6530//6518
f 6530//6518 6577//6565 6525//6513
f 6537//6525 6538//6526 6578//6566
f 6538//6526 6539//6527 6578//6566
f 6578//6566 6539//6527 6579//6567
f 6578//6566 6579//6567 6580//6568
f 6539//6527 6540//6528 6579//6567
f 6579//6567 6540//6528 6581//6569
f 6540//6528 6542//6530 6581//6569
f 6581//6569 6542//6530 6582//6570
f 6543//6531 6537//6525 6583//6571
f 6583//6571 6537//6525 6578//6566
f 6578//6566 6580//6568 6583//6571
f 6583//6571 6580//6568 6584//6572
f 6542//6530 6544//6532 6582//6570
f 6582//6570 6544//6532 6585//6573
f 6544//6532 6546//6534 6585//6573
f 6585//6573 6546//6534 6586//6574
f 6547//6535 6543//6531 6587//6575
f 6587//6575 6543//6531 6583//6571
f 6583//6571 6584//6572 6587//6575
f 6587//6575 6584//6572 6588//6576
f 6549//6537 6589//6577 6546//6534
f 6546//6534 6589//6577 6586//6574
f 6547//6535 6587//6575 6550//6538
f 6550//6538 6587//6575 6551//6539
f 6551//6539 6587//6575 6588//6576
f 6551//6539 6588//6576 6590//6578
f 6551//6539 6590//6578 6554//6542
f 6554//6542 6590//6578 6591//6579
f 6554//6542 6591//6579 6556//6544
f 6556//6544 6591//6579 6592//6580
f 6556//6544 6592//6580 6549//6537
f 6549//6537 6592//6580 6589//6577
f 6557//6545 6558//6546 6593//6581
f 6593//6581 6558//6546 6594//6582
f 6558//6546 6559//6547 6594//6582
f 6594//6582 6559//6547 6595//6583
f 6561//6549 6557//6545 6596//6584
f 6596//6584 6557//6545 6593//6581
f 6596//6584 6593//6581 6597//6585
f 6559//6547 6562//6550 6595//6583
f 6595//6583 6562//6550 6598//6586
f 6595//6583 6598//6586 6597//6585
f 6597//6585 6598//6586 6596//6584
f 6562//6550 6563//6551 6598//6586
f 6561//6549 6596//6584 6565//6553
f 6565//6553 6596//6584 6568//6556
f 6568//6556 6596//6584 6598//6586
f 6568//6556 6598//6586 6563//6551
f 6580//6568 6579//6567 6599//6587
f 6579//6567 6581//6569 6599//6587
f 6599//6587 6581//6569 6600//6588
f 6581//6569 6582//6570 6600//6588
f 6584//6572 6580//6568 6601//6589
f 6601//6589 6580//6568 6599//6587
f 6601//6589 6599//6587 6602//6590
f 6599//6587 6600//6588 6602//6590
f 6602//6590 6600//6588 6603//6591
f 6582//6570 6585//6573 6600//6588
f 6600//6588 6585//6573 6604//6592
f 6600//6588 6604//6592 6603//6591
f 6585//6573 6586//6574 6604//6592
f 6604//6592 6586//6574 6605//6593
f 6588//6576 6584//6572 6606//6594
f 6606//6594 6584//6572 6601//6589
f 6589//6577 6607//6595 6586//6574
f 6586//6574 6607//6595 6605//6593
f 6588//6576 6606//6594 6590//6578
f 6590//6578 6606//6594 6608//6596
f 6590//6578 6608//6596 6591//6579
f 6591//6579 6608//6596 6609//6597
f 6591//6579 6609//6597 6592//6580
f 6592//6580 6609//6597 6610//6598
f 6592//6580 6610//6598 6589//6577
f 6589//6577 6610//6598 6607//6595
f 6593//6581 6594//6582 6611//6599
f 6611//6599 6594//6582 6612//6600
f 6594//6582 6595//6583 6612//6600
f 6612//6600 6595//6583 6613//6601
f 6593//6581 6611//6599 6597//6585
f 6597//6585 6611//6599 6614//6602
f 6597//6585 6614//6602 6595//6583
f 6595//6583 6614//6602 6613//6601
f 6601//6589 6602//6590 6615//6603
f 6615//6603 6602//6590 6616//6604
f 6602//6590 6603//6591 6616//6604
f 6616//6604 6603//6591 6617//6605
f 6603//6591 6604//6592 6617//6605
f 6617//6605 6604//6592 6618//6606
f 6604//6592 6605//6593 6618//6606
f 6618//6606 6605//6593 6619//6607
f 6606//6594 6601//6589 6620//6608
f 6620//6608 6601//6589 6615//6603
f 6607//6595 6621//6609 6605//6593
f 6605//6593 6621//6609 6619//6607
f 6606//6594 6620//6608 6608//6596
f 6608//6596 6620//6608 6622//6610
f 6608//6596 6622//6610 6609//6597
f 6609//6597 6622//6610 6623//6611
f 6609//6597 6623//6611 6610//6598
f 6610//6598 6623//6611 6624//6612
f 6610//6598 6624//6612 6607//6595
f 6607//6595 6624//6612 6621//6609
f 6611//6599 6612//6600 6625//6613
f 6625//6613 6612//6600 6626//6614
f 6612//6600 6613//6601 6626//6614
f 6626//6614 6613//6601 6627//6615
f 6626//6614 6627//6615 6628//6616
f 6627//6615 6629//6617 6628//6616
f 6611//6599 6625//6613 6614//6602
f 6614//6602 6625//6613 6630//6618
f 6614//6602 6630//6618 6613//6601
f 6613//6601 6630//6618 6631//6619
f 6613//6601 6631//6619 6627//6615
f 6627//6615 6631//6619 6629//6617
f 6615//6603 6616//6604 6632//6620
f 6632//6620 6616//6604 6633//6621
f 6616//6604 6617//6605 6633//6621
f 6633//6621 6617//6605 6634//6622
f 6617//6605 6618//6606 6634//6622
f 6634//6622 6618//6606 6635//6623
f 6634//6622 6635//6623 6636//6624
f 6618//6606 6619//6607 6635//6623
f 6620//6608 6615//6603 6637//6625
f 6637//6625 6615//6603 6632//6620
f 6635//6623 6638//6626 6636//6624
f 6621//6609 6639//6627 6619//6607
f 6619//6607 6639//6627 6638//6626
f 6619//6607 6638//6626 6635//6623
f 6620//6608 6637//6625 6622//6610
f 6622//6610 6637//6625 6640//6628
f 6622//6610 6640//6628 6623//6611
f 6623//6611 6640//6628 6641//6629
f 6623//6611 6641//6629 6642//6630
f 6623//6611 6642//6630 6624//6612
f 6624//6612 6642//6630 6643//6631
f 6624//6612 6643//6631 6644//6632
f 6624//6612 6644//6632 6621//6609
f 6621//6609 6644//6632 6639//6627
f 6642//6630 6641//6629 6645//6633
f 6642//6630 6645//6633 6643//6631
f 6625//6613 6626//6614 6646//6634
f 6646//6634 6626//6614 6647//6635
f 6626//6614 6628//6616 6647//6635
f 6647//6635 6628//6616 6648//6636
f 6628//6616 6629//6617 6648//6636
f 6648//6636 6629//6617 6649//6637
f 6625//6613 6646//6634 6630//6618
f 6630//6618 6646//6634 6650//6638
f 6630//6618 6650//6638 6631//6619
f 6631//6619 6650//6638 6651//6639
f 6631//6619 6651//6639 6652//6640
f 6631//6619 6652//6640 6629//6617
f 6629//6617 6652//6640 6653//6641
f 6629//6617 6653//6641 6649//6637
f 6652//6640 6651//6639 6654//6642
f 6652//6640 6654//6642 6653//6641
f 6632//6620 6633//6621 6655//6643
f 6655//6643 6633//6621 6656//6644
f 6633//6621 6634//6622 6656//6644
f 6656//6644 6634//6622 6657//6645
f 6634//6622 6636//6624 6657//6645
f 6657//6645 6636//6624 6658//6646
f 6637//6625 6632//6620 6659//6647
f 6659//6647 6632//6620 6655//6643
f 6636//6624 6638//6626 6658//6646
f 6658//6646 6638//6626 6660//6648
f 6658//6646 6660//6648 6661//6649
f 6638//6626 6639//6627 6660//6648
f 6637//6625 6659//6647 6640//6628
f 6640//6628 6659//6647 6662//6650
f 6640//6628 6662//6650 6663//6651
f 6640//6628 6663//6651 6641//6629
f 6643//6631 6664//6652 6644//6632
f 6644//6632 6664//6652 6661//6649
f 6644//6632 6661//6649 6660//6648
f 6644//6632 6660//6648 6639//6627
f 6663//6651 6662//6650 6665//6653
f 6641//6629 6663//6651 6645//6633
f 6645//6633 6663//6651 6665//6653
f 6645//6633 6665//6653 6666//6654
f 6645//6633 6666//6654 6643//6631
f 6643//6631 6666//6654 6664//6652
f 6646//6634 6647//6635 6667//6655
f 6647//6635 6648//6636 6667//6655
f 6667//6655 6648//6636 6668//6656
f 6667//6655 6668//6656 6669//6657
f 6648//6636 6649//6637 6668//6656
f 6668//6656 6649//6637 6670//6658
f 6646//6634 6667//6655 6650//6638
f 6650//6638 6667//6655 6651//6639
f 6651//6639 6667//6655 6669//6657
f 6651//6639 6669//6657 6671//6659
f 6653//6641 6672//6660 6649//6637
f 6649//6637 6672//6660 6670//6658
f 6651//6639 6671//6659 6654//6642
f 6654//6642 6671//6659 6673//6661
f 6654//6642 6673//6661 6653//6641
f 6653//6641 6673//6661 6672//6660
f 6655//6643 6656//6644 6674//6662
f 6656//6644 6657//6645 6674//6662
f 6674//6662 6657//6645 6675//6663
f 6657//6645 6658//6646 6675//6663
f 6676//6664 6677//6665 6678//6666
f 6659//6647 6655//6643 6676//6664
f 6676//6664 6655//6643 6674//6662
f 6676//6664 6674//6662 6677//6665
f 6677//6665 6674//6662 6679//6667
f 6674//6662 6675//6663 6679//6667
f 6679//6667 6675//6663 6680//6668
f 6661//6649 6681//6669 6658//6646
f 6658//6646 6681//6669 6680//6668
f 6658//6646 6680//6668 6675//6663
f 6676//6664 6678//6666 6682//6670
f 6682//6670 6678//6666 6683//6671
f 6662//6650 6659//6647 6682//6670
f 6682//6670 6659//6647 6676//6664
f 6664//6652 6684//6672 6661//6649
f 6661//6649 6684//6672 6681//6669
f 6682//6670 6683//6671 6685//6673
f 6662//6650 6682//6670 6665//6653
f 6665//6653 6682//6670 6685//6673
f 6665//6653 6685//6673 6686//6674
f 6665//6653 6686//6674 6666//6654
f 6666//6654 6686//6674 6687//6675
f 6666//6654 6687//6675 6664//6652
f 6664//6652 6687//6675 6684//6672
f 6669//6657 6668//6656 6688//6676
f 6668//6656 6670//6658 6688//6676
f 6671//6659 6669//6657 6689//6677
f 6689//6677 6669//6657 6688//6676
f 6689//6677 6688//6676 6690//6678
f 6672//6660 6691//6679 6670//6658
f 6670//6658 6691//6679 6690//6678
f 6670//6658 6690//6678 6688//6676
f 6671//6659 6689//6677 6673//6661
f 6673//6661 6689//6677 6692//6680
f 6673//6661 6692//6680 6672//6660
f 6672//6660 6692//6680 6691//6679
f 6678//6666 6677//6665 6693//6681
f 6677//6665 6679//6667 6693//6681
f 6693//6681 6679//6667 6694//6682
f 6693//6681 6694//6682 6695//6683
f 6679//6667 6680//6668 6694//6682
f 6694//6682 6680//6668 6696//6684
f 6694//6682 6696//6684 6697//6685
f 6680//6668 6681//6669 6696//6684
f 6683//6671 6678//6666 6698//6686
f 6698//6686 6678//6666 6693//6681
f 6698//6686 6693//6681 6699//6687
f 6693//6681 6695//6683 6699//6687
f 6696//6684 6700//6688 6697//6685
f 6697//6685 6700//6688 6701//6689
f 6684//6672 6700//6688 6681//6669
f 6681//6669 6700//6688 6696//6684
f 6683//6671 6698//6686 6685//6673
f 6685//6673 6698//6686 6702//6690
f 6685//6673 6702//6690 6703//6691
f 6685//6673 6703//6691 6686//6674
f 6686//6674 6703//6691 6704//6692
f 6686//6674 6704//6692 6687//6675
f 6687//6675 6704//6692 6705//6693
f 6687//6675 6705//6693 6700//6688
f 6700//6688 6705//6693 6701//6689
f 6687//6675 6700//6688 6684//6672
f 6703//6691 6702//6690 6706//6694
f 6703//6691 6706//6694 6704//6692
f 6704//6692 6706//6694 6707//6695
f 6704//6692 6707//6695 6705//6693
f 6689//6677 6690//6678 6708//6696
f 6690//6678 6691//6679 6708//6696
f 6689//6677 6708//6696 6692//6680
f 6692//6680 6708//6696 6691//6679
f 6695//6683 6694//6682 6709//6697
f 6694//6682 6697//6685 6709//6697
f 6698//6686 6699//6687 6710//6698
f 6710//6698 6699//6687 6711//6699
f 6699//6687 6695//6683 6711//6699
f 6711//6699 6695//6683 6709//6697
f 6711//6699 6709//6697 6712//6700
f 6712//6700 6709//6697 6713//6701
f 6701//6689 6713//6701 6697//6685
f 6697//6685 6713//6701 6709//6697
f 6714//6702 6715//6703 6716//6704
f 6702//6690 6698//6686 6714//6702
f 6714//6702 6698//6686 6710//6698
f 6714//6702 6710//6698 6715//6703
f 6713//6701 6717//6705 6712//6700
f 6705//6693 6718//6706 6701//6689
f 6701//6689 6718//6706 6717//6705
f 6701//6689 6717//6705 6713//6701
f 6714//6702 6716//6704 6719//6707
f 6719//6707 6716//6704 6720//6708
f 6702//6690 6714//6702 6706//6694
f 6706//6694 6714//6702 6719//6707
f 6706//6694 6719//6707 6721//6709
f 6706//6694 6721//6709 6707//6695
f 6707//6695 6721//6709 6722//6710
f 6707//6695 6722//6710 6723//6711
f 6707//6695 6723//6711 6705//6693
f 6705//6693 6723//6711 6718//6706
f 6719//6707 6720//6708 6724//6712
f 6719//6707 6724//6712 6721//6709
f 6721//6709 6724//6712 6725//6713
f 6721//6709 6725//6713 6722//6710
f 6710//6698 6711//6699 6726//6714
f 6711//6699 6712//6700 6726//6714
f 6727//6715 6728//6716 6729//6717
f 6716//6704 6715//6703 6727//6715
f 6727//6715 6715//6703 6730//6718
f 6727//6715 6730//6718 6728//6716
f 6715//6703 6710//6698 6730//6718
f 6730//6718 6710//6698 6726//6714
f 6730//6718 6726//6714 6731//6719
f 6712//6700 6717//6705 6726//6714
f 6726//6714 6717//6705 6732//6720
f 6726//6714 6732//6720 6731//6719
f 6731//6719 6732//6720 6733//6721
f 6717//6705 6718//6706 6732//6720
f 6727//6715 6729//6717 6734//6722
f 6734//6722 6729//6717 6735//6723
f 6720//6708 6716//6704 6734//6722
f 6734//6722 6716//6704 6727//6715
f 6722//6710 6736//6724 6723//6711
f 6723//6711 6736//6724 6733//6721
f 6723//6711 6733//6721 6732//6720
f 6723//6711 6732//6720 6718//6706
f 6734//6722 6735//6723 6737//6725
f 6720//6708 6734//6722 6724//6712
f 6724//6712 6734//6722 6737//6725
f 6724//6712 6737//6725 6738//6726
f 6724//6712 6738//6726 6725//6713
f 6725//6713 6738//6726 6739//6727
f 6725//6713 6739//6727 6722//6710
f 6722//6710 6739//6727 6736//6724
f 6729//6717 6728//6716 6740//6728
f 6728//6716 6730//6718 6740//6728
f 6740//6728 6730//6718 6741//6729
f 6730//6718 6731//6719 6741//6729
f 6741//6729 6731//6719 6742//6730
f 6731//6719 6733//6721 6742//6730
f 6735//6723 6729//6717 6743//6731
f 6743//6731 6729//6717 6740//6728
f 6743//6731 6740//6728 6744//6732
f 6740//6728 6741//6729 6744//6732
f 6744//6732 6741//6729 6745//6733
f 6741//6729 6742//6730 6745//6733
f 6745//6733 6742//6730 6746//6734
f 6745//6733 6746//6734 6747//6735
f 6736//6724 6746//6734 6733//6721
f 6733//6721 6746//6734 6742//6730
f 6735//6723 6743//6731 6737//6725
f 6737//6725 6743//6731 6748//6736
f 6737//6725 6748//6736 6738//6726
f 6738//6726 6748//6736 6749//6737
f 6738//6726 6749//6737 6739//6727
f 6739//6727 6749//6737 6747//6735
f 6739//6727 6747//6735 6746//6734
f 6739//6727 6746//6734 6736//6724
f 6743//6731 6744//6732 6750//6738
f 6744//6732 6745//6733 6750//6738
f 6750//6738 6745//6733 6751//6739
f 6745//6733 6747//6735 6751//6739
f 6743//6731 6750//6738 6748//6736
f 6748//6736 6750//6738 6749//6737
f 6749//6737 6750//6738 6751//6739
f 6749//6737 6751//6739 6747//6735
