# Blender 4.1.1
# www.blender.org
mtllib aorta_smoothed.mtl
o aorta_smoothed
v 60.000000 1.000000 -1.870714
v 59.849167 1.000000 -2.000000
v 60.000000 2.000000 -1.636875
v 59.515835 2.000000 -2.000000
v 59.455002 1.000000 -3.000000
v 59.121666 2.000000 -3.000000
v 60.000000 1.000000 -3.700714
v 60.000000 2.000000 -3.988125
v 61.000000 1.000000 -1.455000
v 61.000000 2.000000 -1.455000
v 60.418999 1.000000 -4.000000
v 60.023750 2.000000 -4.000000
v 61.000000 1.000000 -4.322778
v 61.000000 2.000000 -4.433889
v 62.000000 1.000000 -1.455000
v 62.000000 2.000000 -1.455000
v 62.000000 1.000000 -4.545000
v 62.000000 2.000000 -4.545000
v 63.000000 1.000000 -1.455000
v 63.000000 2.000000 -1.455000
v 63.000000 1.000000 -4.545000
v 63.000000 2.000000 -4.545000
v 64.000000 1.000000 -1.455000
v 64.000000 2.000000 -1.455000
v 64.000000 1.000000 -4.211667
v 64.000000 2.000000 -4.211667
v 64.817497 1.000000 -2.000000
v 64.817497 2.000000 -2.000000
v 65.000000 1.000000 -2.365000
v 65.000000 2.000000 -2.365000
v 65.000000 1.000000 -3.317500
v 65.000000 2.000000 -3.317500
v 64.317497 1.000000 -4.000000
v 64.317497 2.000000 -4.000000
v 65.211670 1.000000 -3.000000
v 65.211670 2.000000 -3.000000
v 59.000000 2.273750 -3.000000
v 58.677223 3.000000 -3.000000
v 59.000000 3.000000 -2.273750
v 59.000000 3.000000 -3.484167
v 60.000000 3.000000 -1.455000
v 59.182499 3.000000 -2.000000
v 60.000000 2.031667 -4.000000
v 59.515835 3.000000 -4.000000
v 60.000000 3.000000 -4.322778
v 61.000000 3.000000 -1.455000
v 61.000000 3.000000 -4.545000
v 62.000000 3.000000 -1.455000
v 62.000000 3.000000 -4.545000
v 63.000000 3.000000 -1.455000
v 63.000000 3.000000 -4.433889
v 64.000000 3.000000 -1.511875
v 64.000000 2.952500 -4.000000
v 64.000000 3.000000 -3.989444
v 63.976250 3.000000 -4.000000
v 64.650833 3.000000 -2.000000
v 64.989441 3.000000 -3.000000
v 65.000000 2.952500 -3.000000
v 59.000000 3.547500 -2.000000
v 58.849167 4.000000 -2.000000
v 59.000000 4.000000 -1.870714
v 58.343887 4.000000 -3.000000
v 59.000000 4.000000 -3.984167
v 60.000000 4.000000 -1.455000
v 59.019001 4.000000 -4.000000
v 60.000000 4.000000 -4.545000
v 61.000000 4.000000 -1.455000
v 61.000000 4.000000 -4.656111
v 62.000000 4.000000 -1.455000
v 62.000000 4.000000 -4.545000
v 63.000000 4.000000 -1.511875
v 63.000000 4.000000 -4.238125
v 64.000000 4.000000 -1.849167
v 64.000000 4.000000 -3.613125
v 63.381001 4.000000 -4.000000
v 64.150833 4.000000 -2.000000
v 64.544998 4.000000 -3.000000
v 58.000000 4.773750 -3.000000
v 57.899445 5.000000 -3.000000
v 58.000000 5.000000 -2.773750
v 58.000000 5.000000 -3.226250
v 59.000000 5.000000 -1.636875
v 58.515835 5.000000 -2.000000
v 59.000000 4.019000 -4.000000
v 58.386875 5.000000 -4.000000
v 59.000000 5.000000 -4.613125
v 60.000000 5.000000 -1.455000
v 60.000000 5.000000 -4.989444
v 61.000000 5.000000 -1.455000
v 61.000000 5.000000 -4.878334
v 62.000000 5.000000 -1.455000
v 62.000000 5.000000 -4.656111
v 63.000000 5.000000 -1.585000
v 63.000000 4.952500 -4.000000
v 63.000000 5.000000 -3.989444
v 62.984165 5.000000 -4.000000
v 64.000000 4.301667 -2.000000
v 63.581001 5.000000 -2.000000
v 64.000000 5.000000 -2.698333
v 64.000000 5.000000 -3.129286
v 64.100555 5.000000 -3.000000
v 58.000000 6.000000 -2.015833
v 57.343887 6.000000 -3.000000
v 58.000000 5.619000 -4.000000
v 57.761875 6.000000 -4.000000
v 58.000000 6.000000 -4.272143
v 59.000000 6.000000 -1.455000
v 58.019001 6.000000 -2.000000
v 59.000000 6.000000 -4.989444
v 60.000000 6.000000 -1.455000
v 60.000000 5.031667 -5.000000
v 59.031666 6.000000 -5.000000
v 60.000000 6.000000 -5.322778
v 61.000000 6.000000 -1.455000
v 61.000000 5.547500 -5.000000
v 61.000000 6.000000 -5.100555
v 62.000000 6.000000 -1.511875
v 62.000000 6.000000 -4.613125
v 61.226250 6.000000 -5.000000
v 63.000000 5.968333 -2.000000
v 62.976250 6.000000 -2.000000
v 63.000000 6.000000 -2.019000
v 63.000000 6.000000 -3.613125
v 62.613125 6.000000 -4.000000
v 64.000000 5.181000 -3.000000
v 63.544998 6.000000 -3.000000
v 58.000000 6.095000 -2.000000
v 57.849167 7.000000 -2.000000
v 58.000000 7.000000 -1.886875
v 57.010555 7.000000 -3.000000
v 57.232777 7.000000 -4.000000
v 58.000000 7.000000 -4.863125
v 59.000000 7.000000 -1.455000
v 59.000000 6.031667 -5.000000
v 58.273750 7.000000 -5.000000
v 59.000000 7.000000 -5.322778
v 60.000000 7.000000 -1.455000
v 60.000000 7.000000 -5.545000
v 61.000000 7.000000 -1.455000
v 61.000000 7.000000 -5.211667
v 62.000000 7.000000 -1.511875
v 62.000000 7.000000 -4.613125
v 61.381001 7.000000 -5.000000
v 62.780998 7.000000 -2.000000
v 63.000000 7.000000 -2.273750
v 63.000000 7.000000 -3.415000
v 62.544998 7.000000 -4.000000
v 63.322777 7.000000 -3.000000
v 57.000000 7.031667 -3.000000
v 56.677223 8.000000 -3.000000
v 57.000000 8.000000 -2.515833
v 57.000000 7.698333 -4.000000
v 56.886875 8.000000 -4.000000
v 57.000000 8.000000 -4.150833
v 58.000000 8.000000 -1.677222
v 57.515835 8.000000 -2.000000
v 58.000000 7.547500 -5.000000
v 57.849167 8.000000 -5.000000
v 58.000000 8.000000 -5.100555
v 59.000000 8.000000 -1.455000
v 59.000000 8.000000 -5.433889
v 60.000000 8.000000 -1.455000
v 60.000000 8.000000 -5.545000
v 61.000000 8.000000 -1.455000
v 61.000000 8.000000 -5.211667
v 62.000000 8.000000 -1.511875
v 62.000000 8.000000 -4.488125
v 61.317501 8.000000 -5.000000
v 62.650833 8.000000 -2.000000
v 63.000000 8.000000 -2.698333
v 63.000000 8.000000 -3.150833
v 62.433887 8.000000 -4.000000
v 63.100555 8.000000 -3.000000
v 57.000000 9.000000 -2.299286
v 56.455002 9.000000 -3.000000
v 56.677223 9.000000 -4.000000
v 57.000000 9.000000 -4.484167
v 58.000000 9.000000 -1.566111
v 57.349167 9.000000 -2.000000
v 57.618999 9.000000 -5.000000
v 58.000000 9.000000 -5.211667
v 59.000000 9.000000 -1.455000
v 59.000000 9.000000 -5.545000
v 60.000000 9.000000 -1.455000
v 60.000000 9.000000 -5.545000
v 61.000000 9.000000 -1.455000
v 61.000000 9.000000 -5.211667
v 62.000000 9.000000 -1.455000
v 62.000000 9.000000 -4.545000
v 61.317501 9.000000 -5.000000
v 62.817501 9.000000 -2.000000
v 63.000000 9.000000 -2.365000
v 63.000000 9.000000 -3.317500
v 62.544998 9.000000 -4.000000
v 63.211666 9.000000 -3.000000
v 57.000000 10.000000 -2.011875
v 56.121666 10.000000 -3.000000
v 56.343887 10.000000 -4.000000
v 57.000000 10.000000 -4.843572
v 58.000000 10.000000 -1.455000
v 57.019001 10.000000 -2.000000
v 57.273750 10.000000 -5.000000
v 58.000000 10.000000 -5.322778
v 59.000000 10.000000 -1.455000
v 59.000000 10.000000 -5.545000
v 60.000000 10.000000 -1.455000
v 60.000000 10.000000 -5.545000
v 61.000000 10.000000 -1.455000
v 61.000000 10.000000 -5.211667
v 62.000000 10.000000 -1.636875
v 62.000000 10.000000 -4.488125
v 61.317501 10.000000 -5.000000
v 62.484165 10.000000 -2.000000
v 62.989445 10.000000 -3.000000
v 63.000000 9.952500 -3.000000
v 62.433887 10.000000 -4.000000
v 56.000000 10.365000 -3.000000
v 55.788334 11.000000 -3.000000
v 56.000000 11.000000 -2.682500
v 56.000000 11.000000 -3.952500
v 57.000000 10.047500 -2.000000
v 56.682499 11.000000 -2.000000
v 57.000000 11.000000 -1.761875
v 56.010555 11.000000 -4.000000
v 57.000000 10.547500 -5.000000
v 56.849167 11.000000 -5.000000
v 57.000000 11.000000 -5.100555
v 58.000000 11.000000 -1.455000
v 58.000000 11.000000 -5.433889
v 59.000000 11.000000 -1.455000
v 59.000000 11.000000 -5.545000
v 60.000000 11.000000 -1.455000
v 60.000000 11.000000 -5.545000
v 61.000000 11.000000 -1.455000
v 61.000000 11.000000 -5.211667
v 62.000000 11.000000 -1.870714
v 62.000000 11.000000 -4.415000
v 61.317501 11.000000 -5.000000
v 62.150833 11.000000 -2.000000
v 62.767223 11.000000 -3.000000
v 62.322777 11.000000 -4.000000
v 56.000000 12.000000 -2.299286
v 55.455002 12.000000 -3.000000
v 56.000000 11.023750 -4.000000
v 55.566113 12.000000 -4.000000
v 56.000000 12.000000 -4.650833
v 57.000000 12.000000 -1.566111
v 56.349167 12.000000 -2.000000
v 56.418999 12.000000 -5.000000
v 57.000000 12.000000 -5.322778
v 58.000000 12.000000 -1.455000
v 58.000000 12.000000 -5.545000
v 59.000000 12.000000 -1.455000
v 59.000000 12.000000 -5.545000
v 60.000000 12.000000 -1.455000
v 60.000000 12.000000 -5.433889
v 61.000000 12.000000 -1.455000
v 61.000000 11.952500 -5.000000
v 61.000000 12.000000 -4.989444
v 60.976250 12.000000 -5.000000
v 62.000000 11.452500 -2.000000
v 61.817501 12.000000 -2.000000
v 62.000000 12.000000 -2.219000
v 62.000000 11.968333 -4.000000
v 62.000000 12.000000 -3.976250
v 61.989445 12.000000 -4.000000
v 62.433887 12.000000 -3.000000
v 56.000000 13.000000 -2.136875
v 55.232777 13.000000 -3.000000
v 55.343887 13.000000 -4.000000
v 56.000000 13.000000 -4.984167
v 57.000000 13.000000 -1.455000
v 56.182499 13.000000 -2.000000
v 56.023750 13.000000 -5.000000
v 57.000000 13.000000 -5.433889
v 58.000000 13.000000 -1.455000
v 58.000000 13.000000 -5.545000
v 59.000000 13.000000 -1.455000
v 59.000000 13.000000 -5.545000
v 60.000000 13.000000 -1.455000
v 60.000000 13.000000 -5.322778
v 61.000000 13.000000 -1.511875
v 61.000000 13.000000 -4.738125
v 60.581001 13.000000 -5.000000
v 61.650833 13.000000 -2.000000
v 62.000000 13.000000 -2.523750
v 62.000000 13.000000 -3.381000
v 61.656113 13.000000 -4.000000
v 62.211666 13.000000 -3.000000
v 55.000000 13.698334 -3.000000
v 54.899445 14.000000 -3.000000
v 55.000000 14.000000 -2.870714
v 55.000000 13.619000 -4.000000
v 54.788334 14.000000 -4.000000
v 55.000000 14.000000 -4.476250
v 56.000000 14.000000 -2.010556
v 56.000000 13.023750 -5.000000
v 55.349167 14.000000 -5.000000
v 56.000000 14.000000 -5.433889
v 57.000000 14.000000 -1.455000
v 56.019001 14.000000 -2.000000
v 57.000000 14.000000 -5.767222
v 58.000000 14.000000 -1.455000
v 58.000000 14.000000 -5.878334
v 59.000000 14.000000 -1.455000
v 59.000000 14.000000 -5.878334
v 60.000000 14.000000 -1.455000
v 60.000000 14.000000 -5.433889
v 61.000000 14.000000 -1.727857
v 61.000000 14.000000 -4.484167
v 60.557858 14.000000 -5.000000
v 61.317501 14.000000 -2.000000
v 61.878334 14.000000 -3.000000
v 62.000000 13.635000 -3.000000
v 61.322777 14.000000 -4.000000
v 55.000000 15.000000 -2.636875
v 54.677223 15.000000 -3.000000
v 54.455002 15.000000 -4.000000
v 55.000000 14.523750 -5.000000
v 54.727856 15.000000 -5.000000
v 55.000000 15.000000 -5.238125
v 56.000000 14.095000 -2.000000
v 55.849167 15.000000 -2.000000
v 56.000000 15.000000 -1.886875
v 56.000000 15.000000 -5.878334
v 57.000000 15.000000 -1.455000
v 57.000000 14.698334 -6.000000
v 56.547501 15.000000 -6.000000
v 57.000000 15.000000 -6.100555
v 58.000000 15.000000 -1.455000
v 58.000000 14.365000 -6.000000
v 58.000000 15.000000 -6.211667
v 59.000000 15.000000 -1.455000
v 59.000000 14.365000 -6.000000
v 59.000000 15.000000 -6.211667
v 60.000000 15.000000 -1.455000
v 60.000000 15.000000 -5.656111
v 59.381001 15.000000 -6.000000
v 61.000000 14.952500 -2.000000
v 60.980999 15.000000 -2.000000
v 61.000000 15.000000 -2.015833
v 61.000000 15.000000 -4.476250
v 60.738125 15.000000 -5.000000
v 61.656113 15.000000 -3.000000
v 61.211666 15.000000 -4.000000
v 55.000000 16.000000 -2.343889
v 54.343887 16.000000 -3.000000
v 54.010555 16.000000 -4.000000
v 54.136875 16.000000 -5.000000
v 55.000000 16.000000 -5.767222
v 56.000000 16.000000 -1.677222
v 55.515835 16.000000 -2.000000
v 56.000000 15.273750 -6.000000
v 55.418999 16.000000 -6.000000
v 56.000000 16.000000 -6.322778
v 57.000000 16.000000 -1.455000
v 57.000000 16.000000 -6.433889
v 58.000000 16.000000 -1.455000
v 58.000000 16.000000 -6.545000
v 59.000000 16.000000 -1.455000
v 59.000000 16.000000 -6.545000
v 60.000000 16.000000 -1.511875
v 60.000000 16.000000 -5.863125
v 59.817501 16.000000 -6.000000
v 60.650833 16.000000 -2.000000
v 61.000000 16.000000 -2.419000
v 61.000000 15.952500 -4.000000
v 61.000000 16.000000 -3.968333
v 60.989445 16.000000 -4.000000
v 60.767223 16.000000 -5.000000
v 61.322777 16.000000 -3.000000
v 54.000000 16.047501 -4.000000
v 53.788334 17.000000 -4.000000
v 54.000000 17.000000 -3.365000
v 54.000000 16.365000 -5.000000
v 53.788334 17.000000 -5.000000
v 54.000000 17.000000 -5.272143
v 55.000000 17.000000 -2.232778
v 54.136875 17.000000 -3.000000
v 55.000000 16.698334 -6.000000
v 54.849167 17.000000 -6.000000
v 55.000000 17.000000 -6.113125
v 56.000000 17.000000 -1.566111
v 55.349167 17.000000 -2.000000
v 56.000000 17.000000 -6.545000
v 57.000000 17.000000 -1.455000
v 57.000000 17.000000 -6.545000
v 58.000000 17.000000 -1.455000
v 58.000000 17.000000 -6.545000
v 59.000000 17.000000 -1.455000
v 59.000000 17.000000 -6.545000
v 60.000000 17.000000 -1.585000
v 60.000000 17.000000 -5.843572
v 59.817501 17.000000 -6.000000
v 60.484165 17.000000 -2.000000
v 61.000000 17.000000 -2.773750
v 61.000000 17.000000 -3.301667
v 60.767223 17.000000 -4.000000
v 60.656113 17.000000 -5.000000
v 61.100555 17.000000 -3.000000
v 54.000000 17.365000 -3.000000
v 53.788334 18.000000 -3.000000
v 54.000000 18.000000 -2.761875
v 53.455002 18.000000 -4.000000
v 53.455002 18.000000 -5.000000
v 54.000000 18.000000 -5.613125
v 55.000000 18.000000 -2.010556
v 54.515835 18.000000 -6.000000
v 55.000000 18.000000 -6.322778
v 56.000000 18.000000 -1.455000
v 55.019001 18.000000 -2.000000
v 56.000000 18.000000 -6.545000
v 57.000000 18.000000 -1.455000
v 57.000000 18.000000 -6.545000
v 58.000000 18.000000 -1.455000
v 58.000000 18.000000 -6.545000
v 59.000000 18.000000 -1.455000
v 59.000000 18.000000 -6.488125
v 60.000000 18.000000 -1.849167
v 60.000000 18.000000 -5.650833
v 59.650833 18.000000 -6.000000
v 60.150833 18.000000 -2.000000
v 60.767223 18.000000 -3.000000
v 61.000000 17.301666 -3.000000
v 60.433887 18.000000 -4.000000
v 60.433887 18.000000 -5.000000
v 54.000000 19.000000 -2.566111
v 53.566113 19.000000 -3.000000
v 53.121666 19.000000 -4.000000
v 53.121666 19.000000 -5.000000
v 54.000000 19.000000 -5.878334
v 55.000000 18.094999 -2.000000
v 54.849167 19.000000 -2.000000
v 55.000000 19.000000 -1.886875
v 54.219002 19.000000 -6.000000
v 55.000000 19.000000 -6.433889
v 56.000000 19.000000 -1.455000
v 56.000000 19.000000 -6.545000
v 57.000000 19.000000 -1.455000
v 57.000000 19.000000 -6.545000
v 58.000000 19.000000 -1.455000
v 58.000000 19.000000 -6.545000
v 59.000000 19.000000 -1.511875
v 59.000000 19.000000 -6.415000
v 60.000000 18.452499 -2.000000
v 59.780998 19.000000 -2.000000
v 60.000000 19.000000 -2.182500
v 60.000000 19.000000 -5.484167
v 59.484165 19.000000 -6.000000
v 60.544998 19.000000 -3.000000
v 60.211666 19.000000 -4.000000
v 60.322777 19.000000 -5.000000
v 53.000000 19.547501 -4.000000
v 52.899445 20.000000 -4.000000
v 53.000000 20.000000 -3.819000
v 53.000000 19.547501 -5.000000
v 52.899445 20.000000 -5.000000
v 53.000000 20.000000 -5.150833
v 54.000000 20.000000 -2.455000
v 53.455002 20.000000 -3.000000
v 54.000000 19.547501 -6.000000
v 53.849167 20.000000 -6.000000
v 54.000000 20.000000 -6.113125
v 55.000000 20.000000 -1.788333
v 54.682499 20.000000 -2.000000
v 55.000000 20.000000 -6.656111
v 56.000000 20.000000 -1.455000
v 56.000000 20.000000 -6.767222
v 57.000000 20.000000 -1.455000
v 57.000000 20.000000 -6.878334
v 58.000000 20.000000 -1.455000
v 58.000000 20.000000 -6.767222
v 59.000000 20.000000 -1.585000
v 59.000000 20.000000 -6.484167
v 59.484165 20.000000 -2.000000
v 60.000000 20.000000 -2.515833
v 60.000000 19.952499 -4.000000
v 60.000000 20.000000 -3.968333
v 59.989445 20.000000 -4.000000
v 60.000000 20.000000 -4.047500
v 60.000000 20.000000 -5.317500
v 59.415001 20.000000 -6.000000
v 60.322777 20.000000 -3.000000
v 60.211666 20.000000 -5.000000
v 53.000000 21.000000 -3.349167
v 52.566113 21.000000 -4.000000
v 52.566113 21.000000 -5.000000
v 53.000000 21.000000 -5.650833
v 54.000000 21.000000 -2.343889
v 53.261875 21.000000 -3.000000
v 53.299286 21.000000 -6.000000
v 54.000000 21.000000 -6.545000
v 55.000000 21.000000 -1.788333
v 54.618999 21.000000 -2.000000
v 55.000000 21.000000 -6.989444
v 56.000000 21.000000 -1.455000
v 56.000000 20.698334 -7.000000
v 55.095001 21.000000 -7.000000
v 56.000000 21.000000 -7.100555
v 57.000000 21.000000 -1.455000
v 57.000000 20.365000 -7.000000
v 57.000000 21.000000 -7.211667
v 58.000000 21.000000 -1.455000
v 58.000000 21.000000 -6.989444
v 57.952499 21.000000 -7.000000
v 59.000000 21.000000 -1.849167
v 59.000000 21.000000 -6.650833
v 59.150833 21.000000 -2.000000
v 59.989445 21.000000 -3.000000
v 60.000000 20.968334 -3.000000
v 59.767223 21.000000 -4.000000
v 60.000000 21.000000 -4.698333
v 60.000000 21.000000 -5.181000
v 59.488125 21.000000 -6.000000
v 60.100555 21.000000 -5.000000
v 53.000000 21.698334 -3.000000
v 52.849167 22.000000 -3.000000
v 53.000000 22.000000 -2.886875
v 52.232777 22.000000 -4.000000
v 52.343887 22.000000 -5.000000
v 53.000000 22.000000 -5.984167
v 54.000000 22.000000 -2.232778
v 53.011875 22.000000 -6.000000
v 54.000000 22.000000 -6.878334
v 55.000000 22.000000 -1.788333
v 54.523750 22.000000 -2.000000
v 55.000000 21.031666 -7.000000
v 54.273750 22.000000 -7.000000
v 55.000000 22.000000 -7.322778
v 56.000000 22.000000 -1.455000
v 56.000000 22.000000 -7.433889
v 57.000000 22.000000 -1.455000
v 57.000000 22.000000 -7.545000
v 58.000000 22.000000 -1.511875
v 58.000000 21.047501 -7.000000
v 58.000000 22.000000 -7.211667
v 59.000000 21.452499 -2.000000
v 58.780998 22.000000 -2.000000
v 59.000000 22.000000 -2.156429
v 59.000000 22.000000 -6.650833
v 58.476250 22.000000 -7.000000
v 59.656113 22.000000 -3.000000
v 59.544998 22.000000 -4.000000
v 59.878334 22.000000 -5.000000
v 60.000000 21.452499 -5.000000
v 59.433887 22.000000 -6.000000
v 52.000000 22.523750 -4.000000
v 51.788334 23.000000 -4.000000
v 52.000000 23.000000 -3.523750
v 52.000000 22.773750 -5.000000
v 51.899445 23.000000 -5.000000
v 52.000000 23.000000 -5.181000
v 53.000000 23.000000 -2.566111
v 52.349167 23.000000 -3.000000
v 53.000000 22.018999 -6.000000
v 52.455002 23.000000 -6.000000
v 53.000000 23.000000 -6.700714
v 54.000000 23.000000 -2.121667
v 54.000000 22.273750 -7.000000
v 53.418999 23.000000 -7.000000
v 54.000000 23.000000 -7.322778
v 55.000000 23.000000 -1.788333
v 54.365002 23.000000 -2.000000
v 55.000000 23.000000 -7.545000
v 56.000000 23.000000 -1.455000
v 56.000000 23.000000 -7.545000
v 57.000000 23.000000 -1.455000
v 57.000000 23.000000 -7.545000
v 58.000000 23.000000 -1.585000
v 58.000000 23.000000 -7.211667
v 58.484165 23.000000 -2.000000
v 59.000000 23.000000 -2.515833
v 59.000000 23.000000 -6.381000
v 58.381001 23.000000 -7.000000
v 59.322777 23.000000 -3.000000
v 59.211666 23.000000 -4.000000
v 59.544998 23.000000 -5.000000
v 59.211666 23.000000 -6.000000
v 52.000000 24.000000 -3.219000
v 51.566113 24.000000 -4.000000
v 51.677223 24.000000 -5.000000
v 52.000000 24.000000 -5.726250
v 53.000000 24.000000 -2.455000
v 52.182499 24.000000 -3.000000
v 52.121666 24.000000 -6.000000
v 53.000000 24.000000 -6.988125
v 54.000000 24.000000 -2.121667
v 53.019001 24.000000 -7.000000
v 54.000000 24.000000 -7.545000
v 55.000000 24.000000 -1.788333
v 54.365002 24.000000 -2.000000
v 55.000000 24.000000 -7.767222
v 56.000000 24.000000 -1.455000
v 56.000000 24.000000 -7.878334
v 57.000000 24.000000 -1.455000
v 57.000000 24.000000 -7.767222
v 58.000000 24.000000 -1.849167
v 58.000000 24.000000 -7.322778
v 58.150833 24.000000 -2.000000
v 58.989445 24.000000 -3.000000
v 59.000000 23.968334 -3.000000
v 59.000000 23.635000 -4.000000
v 58.878334 24.000000 -4.000000
v 59.000000 24.000000 -4.365000
v 59.000000 23.952499 -6.000000
v 59.000000 24.000000 -5.952500
v 58.989445 24.000000 -6.000000
v 58.415001 24.000000 -7.000000
v 59.211666 24.000000 -5.000000
v 52.000000 25.000000 -3.182500
v 51.455002 25.000000 -4.000000
v 51.343887 25.000000 -5.000000
v 52.000000 24.219000 -6.000000
v 51.566113 25.000000 -6.000000
v 52.000000 25.000000 -6.650833
v 53.000000 25.000000 -2.455000
v 52.182499 25.000000 -3.000000
v 53.000000 24.031666 -7.000000
v 52.418999 25.000000 -7.000000
v 53.000000 25.000000 -7.322778
v 54.000000 25.000000 -2.121667
v 54.000000 25.000000 -7.767222
v 55.000000 25.000000 -1.788333
v 54.365002 25.000000 -2.000000
v 55.000000 25.000000 -7.989444
v 56.000000 25.000000 -1.455000
v 56.000000 24.365000 -8.000000
v 55.047501 25.000000 -8.000000
v 56.000000 25.000000 -8.211667
v 57.000000 25.000000 -1.455000
v 57.000000 25.000000 -7.989444
v 56.952499 25.000000 -8.000000
v 58.000000 24.905001 -2.000000
v 57.980999 25.000000 -2.000000
v 58.000000 25.000000 -2.013572
v 58.000000 25.000000 -7.433889
v 58.767223 25.000000 -3.000000
v 58.656113 25.000000 -4.000000
v 58.989445 25.000000 -5.000000
v 59.000000 24.952499 -5.000000
v 58.878334 25.000000 -6.000000
v 58.488125 25.000000 -7.000000
v 52.000000 26.000000 -3.182500
v 51.455002 26.000000 -4.000000
v 51.232777 26.000000 -5.000000
v 51.343887 26.000000 -6.000000
v 52.000000 26.000000 -6.984167
v 53.000000 26.000000 -2.343889
v 52.156429 26.000000 -3.000000
v 52.019001 26.000000 -7.000000
v 53.000000 26.000000 -7.545000
v 54.000000 26.000000 -2.010556
v 54.000000 26.000000 -7.989444
v 55.000000 26.000000 -1.677222
v 54.031666 26.000000 -2.000000
v 55.000000 25.031666 -8.000000
v 54.031666 26.000000 -8.000000
v 55.000000 26.000000 -8.322778
v 56.000000 26.000000 -1.455000
v 56.000000 26.000000 -8.545000
v 57.000000 26.000000 -1.511875
v 57.000000 25.094999 -8.000000
v 57.000000 26.000000 -8.113125
v 57.650833 26.000000 -2.000000
v 58.000000 26.000000 -2.349167
v 58.000000 26.000000 -7.433889
v 57.150833 26.000000 -8.000000
v 58.433887 26.000000 -3.000000
v 58.433887 26.000000 -4.000000
v 58.878334 26.000000 -5.000000
v 58.767223 26.000000 -6.000000
v 58.433887 26.000000 -7.000000
v 52.000000 27.000000 -3.182500
v 51.455002 27.000000 -4.000000
v 51.011875 27.000000 -5.000000
v 51.011875 27.000000 -6.000000
v 52.000000 26.031666 -7.000000
v 51.515835 27.000000 -7.000000
v 52.000000 27.000000 -7.322778
v 53.000000 27.000000 -2.232778
v 52.136875 27.000000 -3.000000
v 53.000000 27.000000 -7.878334
v 54.000000 26.094999 -2.000000
v 53.698334 27.000000 -2.000000
v 54.000000 27.000000 -1.899444
v 54.000000 26.047501 -8.000000
v 53.365002 27.000000 -8.000000
v 54.000000 27.000000 -8.211667
v 55.000000 27.000000 -1.566111
v 55.000000 27.000000 -8.433888
v 56.000000 27.000000 -1.455000
v 56.000000 27.000000 -8.545000
v 57.000000 27.000000 -1.727857
v 57.000000 26.905001 -8.000000
v 57.000000 27.000000 -7.989444
v 56.980999 27.000000 -8.000000
v 57.317501 27.000000 -2.000000
v 58.000000 27.000000 -2.682500
v 58.000000 27.000000 -7.238125
v 58.211666 27.000000 -3.000000
v 58.322777 27.000000 -4.000000
v 58.767223 27.000000 -5.000000
v 58.544998 27.000000 -6.000000
v 58.211666 27.000000 -7.000000
v 51.000000 27.031666 -5.000000
v 50.677223 28.000000 -5.000000
v 51.000000 28.000000 -4.419000
v 51.000000 27.031666 -6.000000
v 50.677223 28.000000 -6.000000
v 51.000000 28.000000 -6.968333
v 52.000000 28.000000 -3.013572
v 51.232777 28.000000 -4.000000
v 51.015835 28.000000 -7.000000
v 52.000000 28.000000 -7.656111
v 53.000000 28.000000 -2.121667
v 52.011875 28.000000 -3.000000
v 53.000000 27.365000 -8.000000
v 52.618999 28.000000 -8.000000
v 53.000000 28.000000 -8.211667
v 54.000000 28.000000 -1.788333
v 53.365002 28.000000 -2.000000
v 54.000000 28.000000 -8.433888
v 55.000000 28.000000 -1.455000
v 55.000000 28.000000 -8.545000
v 56.000000 28.000000 -1.455000
v 56.000000 28.000000 -8.545000
v 57.000000 27.952499 -2.000000
v 56.980999 28.000000 -2.000000
v 57.000000 28.000000 -2.011875
v 57.000000 28.000000 -7.878334
v 56.817501 28.000000 -8.000000
v 58.000000 27.635000 -3.000000
v 57.878334 28.000000 -3.000000
v 58.000000 27.968334 -4.000000
v 57.989445 28.000000 -4.000000
v 58.000000 28.000000 -4.023750
v 58.000000 27.952499 -7.000000
v 58.000000 28.000000 -6.952500
v 57.988125 28.000000 -7.000000
v 58.433887 28.000000 -5.000000
v 58.211666 28.000000 -6.000000
v 51.000000 29.000000 -4.015833
v 50.343887 29.000000 -5.000000
v 50.343887 29.000000 -6.000000
v 51.000000 28.031666 -7.000000
v 50.636875 29.000000 -7.000000
v 51.000000 29.000000 -7.322778
v 52.000000 28.094999 -3.000000
v 51.849167 29.000000 -3.000000
v 52.000000 29.000000 -2.886875
v 51.010555 29.000000 -4.000000
v 52.000000 29.000000 -7.989444
v 53.000000 29.000000 -2.232778
v 52.023750 29.000000 -8.000000
v 53.000000 29.000000 -8.433888
v 54.000000 29.000000 -1.899444
v 53.698334 29.000000 -2.000000
v 54.000000 29.000000 -8.545000
v 55.000000 29.000000 -1.566111
v 55.000000 29.000000 -8.545000
v 56.000000 29.000000 -1.636875
v 56.000000 29.000000 -8.488125
v 56.484165 29.000000 -2.000000
v 57.000000 29.000000 -2.442143
v 57.000000 29.000000 -7.767222
v 56.650833 29.000000 -8.000000
v 57.433887 29.000000 -3.000000
v 57.656113 29.000000 -4.000000
v 58.000000 29.000000 -4.773750
v 58.000000 28.635000 -6.000000
v 58.000000 29.000000 -5.452500
v 57.878334 29.000000 -6.000000
v 57.767223 29.000000 -7.000000
v 58.100555 29.000000 -5.000000
v 51.000000 29.047501 -4.000000
v 50.788334 30.000000 -4.000000
v 51.000000 30.000000 -3.682500
v 50.121666 30.000000 -5.000000
v 50.010555 30.000000 -6.000000
v 50.232777 30.000000 -7.000000
v 51.000000 30.000000 -7.767222
v 52.000000 30.000000 -2.788333
v 51.682499 30.000000 -3.000000
v 52.000000 29.031666 -8.000000
v 51.418999 30.000000 -8.000000
v 52.000000 30.000000 -8.322778
v 53.000000 30.000000 -2.343889
v 53.000000 30.000000 -8.545000
v 54.000000 29.452499 -2.000000
v 54.000000 30.000000 -2.121667
v 54.000000 30.000000 -8.545000
v 55.000000 30.000000 -1.899444
v 54.547501 30.000000 -2.000000
v 55.000000 30.000000 -8.545000
v 56.000000 29.726250 -2.000000
v 55.452499 30.000000 -2.000000
v 56.000000 30.000000 -2.121667
v 56.000000 30.000000 -8.415000
v 57.000000 29.976250 -3.000000
v 56.988125 30.000000 -3.000000
v 57.000000 30.000000 -3.031667
v 57.000000 30.000000 -7.656111
v 56.484165 30.000000 -8.000000
v 57.322777 30.000000 -4.000000
v 57.878334 30.000000 -5.000000
v 58.000000 29.452499 -5.000000
v 57.656113 30.000000 -6.000000
v 57.656113 30.000000 -7.000000
v 50.000000 30.047501 -6.000000
v 49.788334 31.000000 -6.000000
v 50.000000 31.000000 -5.047500
v 50.000000 30.698334 -7.000000
v 49.886875 31.000000 -7.000000
v 50.000000 31.000000 -7.129286
v 51.000000 31.000000 -3.682500
v 50.788334 31.000000 -4.000000
v 50.011875 31.000000 -5.000000
v 51.000000 31.000000 -7.989444
v 52.000000 31.000000 -2.788333
v 51.682499 31.000000 -3.000000
v 51.023750 31.000000 -8.000000
v 52.000000 31.000000 -8.433888
v 53.000000 31.000000 -2.455000
v 53.000000 31.000000 -8.545000
v 54.000000 31.000000 -2.343889
v 54.000000 31.000000 -8.545000
v 55.000000 30.301666 -2.000000
v 55.000000 31.000000 -2.232778
v 55.000000 31.000000 -8.545000
v 56.000000 31.000000 -2.636875
v 56.000000 31.000000 -8.150833
v 56.415001 31.000000 -3.000000
v 57.000000 31.000000 -3.819000
v 57.000000 31.000000 -7.363125
v 56.150833 31.000000 -8.000000
v 57.100555 31.000000 -4.000000
v 57.656113 31.000000 -5.000000
v 57.433887 31.000000 -6.000000
v 57.322777 31.000000 -7.000000
v 50.000000 31.094999 -5.000000
v 49.899445 32.000000 -5.000000
v 50.000000 32.000000 -4.886875
v 49.566113 32.000000 -6.000000
v 49.455002 32.000000 -7.000000
v 50.000000 32.000000 -7.613125
v 51.000000 32.000000 -3.682500
v 50.788334 32.000000 -4.000000
v 51.000000 31.031666 -8.000000
v 50.515835 32.000000 -8.000000
v 51.000000 32.000000 -8.322778
v 52.000000 32.000000 -2.788333
v 51.682499 32.000000 -3.000000
v 52.000000 32.000000 -8.545000
v 53.000000 32.000000 -2.455000
v 53.000000 32.000000 -8.545000
v 54.000000 32.000000 -2.455000
v 54.000000 32.000000 -8.545000
v 55.000000 32.000000 -2.455000
v 55.000000 32.000000 -8.488125
v 56.000000 31.968334 -3.000000
v 55.980999 32.000000 -3.000000
v 56.000000 32.000000 -3.010556
v 56.000000 31.452499 -8.000000
v 56.000000 32.000000 -7.878334
v 55.780998 32.000000 -8.000000
v 57.000000 31.905001 -4.000000
v 56.989445 32.000000 -4.000000
v 57.000000 32.000000 -4.023750
v 57.000000 31.968334 -7.000000
v 57.000000 32.000000 -6.952500
v 56.988125 32.000000 -7.000000
v 57.433887 32.000000 -5.000000
v 57.238125 32.000000 -6.000000
v 50.000000 33.000000 -4.788333
v 49.788334 33.000000 -5.000000
v 49.455002 33.000000 -6.000000
v 49.232777 33.000000 -7.000000
v 50.000000 33.000000 -7.767222
v 51.000000 33.000000 -3.682500
v 50.788334 33.000000 -4.000000
v 50.349167 33.000000 -8.000000
v 51.000000 33.000000 -8.433888
v 52.000000 33.000000 -2.788333
v 51.682499 33.000000 -3.000000
v 52.000000 33.000000 -8.545000
v 53.000000 33.000000 -2.455000
v 53.000000 33.000000 -8.545000
v 54.000000 33.000000 -2.455000
v 54.000000 33.000000 -8.545000
v 55.000000 33.000000 -2.455000
v 55.000000 33.000000 -8.415000
v 55.817501 33.000000 -3.000000
v 56.000000 33.000000 -3.136875
v 56.000000 33.000000 -7.656111
v 55.484165 33.000000 -8.000000
v 56.767223 33.000000 -4.000000
v 57.000000 33.000000 -4.698333
v 57.000000 32.634998 -6.000000
v 57.000000 33.000000 -5.452500
v 56.878334 33.000000 -6.000000
v 56.656113 33.000000 -7.000000
v 57.100555 33.000000 -5.000000
v 50.000000 34.000000 -4.788333
v 49.788334 34.000000 -5.000000
v 49.455002 34.000000 -6.000000
v 49.010555 34.000000 -7.000000
v 50.000000 34.000000 -7.989444
v 51.000000 34.000000 -3.682500
v 50.788334 34.000000 -4.000000
v 50.019001 34.000000 -8.000000
v 51.000000 34.000000 -8.545000
v 52.000000 34.000000 -2.788333
v 51.682499 34.000000 -3.000000
v 52.000000 34.000000 -8.545000
v 53.000000 34.000000 -2.455000
v 53.000000 34.000000 -8.545000
v 54.000000 34.000000 -2.455000
v 54.000000 34.000000 -8.545000
v 55.000000 34.000000 -2.636875
v 55.000000 34.000000 -8.317500
v 55.484165 34.000000 -3.000000
v 56.000000 34.000000 -3.442143
v 56.000000 34.000000 -7.545000
v 55.317501 34.000000 -8.000000
v 56.433887 34.000000 -4.000000
v 56.878334 34.000000 -5.000000
v 57.000000 33.452499 -5.000000
v 56.656113 34.000000 -6.000000
v 56.544998 34.000000 -7.000000
v 49.000000 34.047501 -7.000000
v 48.788334 35.000000 -7.000000
v 49.000000 35.000000 -6.619000
v 49.000000 35.000000 -7.272143
v 50.000000 35.000000 -4.788333
v 49.761875 35.000000 -5.000000
v 49.386875 35.000000 -6.000000
v 50.000000 34.095001 -8.000000
v 49.849167 35.000000 -8.000000
v 50.000000 35.000000 -8.150833
v 51.000000 35.000000 -3.682500
v 50.788334 35.000000 -4.000000
v 51.000000 35.000000 -8.545000
v 52.000000 35.000000 -2.788333
v 51.682499 35.000000 -3.000000
v 52.000000 35.000000 -8.545000
v 53.000000 35.000000 -2.455000
v 53.000000 35.000000 -8.545000
v 54.000000 35.000000 -2.455000
v 54.000000 35.000000 -8.545000
v 55.000000 35.000000 -2.870714
v 55.000000 35.000000 -8.317500
v 55.150833 35.000000 -3.000000
v 56.000000 35.000000 -3.849167
v 56.000000 35.000000 -7.488125
v 55.317501 35.000000 -8.000000
v 56.100555 35.000000 -4.000000
v 56.544998 35.000000 -5.000000
v 56.433887 35.000000 -6.000000
v 56.433887 35.000000 -7.000000
v 49.000000 36.000000 -6.182500
v 48.455002 36.000000 -7.000000
v 49.000000 36.000000 -7.613125
v 50.000000 36.000000 -4.788333
v 49.727856 36.000000 -5.000000
v 49.156429 36.000000 -6.000000
v 49.515835 36.000000 -8.000000
v 50.000000 36.000000 -8.415000
v 51.000000 36.000000 -3.682500
v 50.788334 36.000000 -4.000000
v 51.000000 36.000000 -8.545000
v 52.000000 36.000000 -2.788333
v 51.682499 36.000000 -3.000000
v 52.000000 36.000000 -8.545000
v 53.000000 36.000000 -2.455000
v 53.000000 36.000000 -8.545000
v 54.000000 36.000000 -2.566111
v 54.000000 36.000000 -8.545000
v 55.000000 35.301666 -3.000000
v 54.650833 36.000000 -3.000000
v 55.000000 36.000000 -3.232778
v 55.000000 36.000000 -8.317500
v 56.000000 35.301666 -4.000000
v 55.767223 36.000000 -4.000000
v 56.000000 36.000000 -4.523750
v 56.000000 36.000000 -7.317500
v 55.317501 36.000000 -8.000000
v 56.211666 36.000000 -5.000000
v 56.211666 36.000000 -6.000000
v 56.211666 36.000000 -7.000000
v 49.000000 36.547501 -6.000000
v 48.849167 37.000000 -6.000000
v 49.000000 37.000000 -5.819000
v 48.121666 37.000000 -7.000000
v 49.000000 37.000000 -7.878334
v 50.000000 37.000000 -4.788333
v 49.682499 37.000000 -5.000000
v 49.219002 37.000000 -8.000000
v 50.000000 37.000000 -8.488125
v 51.000000 37.000000 -3.682500
v 50.788334 37.000000 -4.000000
v 51.000000 37.000000 -8.545000
v 52.000000 37.000000 -2.788333
v 51.682499 37.000000 -3.000000
v 52.000000 37.000000 -8.545000
v 53.000000 37.000000 -2.455000
v 53.000000 37.000000 -8.656111
v 54.000000 37.000000 -2.761875
v 54.000000 37.000000 -8.656111
v 54.317501 37.000000 -3.000000
v 55.000000 37.000000 -3.511875
v 55.000000 37.000000 -8.484167
v 55.433887 37.000000 -4.000000
v 55.767223 37.000000 -5.000000
v 56.000000 36.476250 -5.000000
v 56.000000 36.634998 -6.000000
v 55.878334 37.000000 -6.000000
v 56.000000 36.952499 -7.000000
v 55.989445 37.000000 -7.000000
v 55.415001 37.000000 -8.000000
v 48.000000 37.547501 -7.000000
v 47.899445 38.000000 -7.000000
v 48.000000 38.000000 -6.819000
v 48.000000 38.000000 -7.150833
v 49.000000 38.000000 -5.515833
v 48.584999 38.000000 -6.000000
v 49.000000 37.547501 -8.000000
v 48.849167 38.000000 -8.000000
v 49.000000 38.000000 -8.150833
v 50.000000 38.000000 -4.677222
v 49.515835 38.000000 -5.000000
v 50.000000 38.000000 -8.545000
v 51.000000 38.000000 -3.585000
v 50.677223 38.000000 -4.000000
v 51.000000 38.000000 -8.545000
v 52.000000 38.000000 -2.788333
v 51.682499 38.000000 -3.000000
v 52.000000 38.000000 -8.656111
v 53.000000 38.000000 -2.566111
v 53.000000 38.000000 -8.878333
v 54.000000 37.634998 -3.000000
v 53.780998 38.000000 -3.000000
v 54.000000 38.000000 -3.121667
v 54.000000 38.000000 -8.863125
v 55.000000 37.976250 -4.000000
v 54.988125 38.000000 -4.000000
v 55.000000 38.000000 -4.031667
v 55.000000 38.000000 -8.381000
v 55.322777 38.000000 -5.000000
v 55.433887 38.000000 -6.000000
v 55.544998 38.000000 -7.000000
v 55.238125 38.000000 -8.000000
v 48.000000 39.000000 -6.682500
v 47.788334 39.000000 -7.000000
v 48.000000 39.000000 -7.317500
v 49.000000 39.000000 -5.219000
v 48.511875 39.000000 -6.000000
v 48.682499 39.000000 -8.000000
v 49.000000 39.000000 -8.317500
v 50.000000 39.000000 -4.455000
v 49.182499 39.000000 -5.000000
v 50.000000 39.000000 -8.656111
v 51.000000 39.000000 -3.511875
v 50.511875 39.000000 -4.000000
v 51.000000 39.000000 -8.767222
v 52.000000 38.952499 -3.000000
v 52.000000 39.000000 -3.010556
v 52.000000 39.000000 -8.989445
v 53.000000 39.000000 -2.899444
v 52.095001 39.000000 -3.000000
v 53.000000 38.547501 -9.000000
v 52.095001 39.000000 -9.000000
v 53.000000 39.000000 -9.100555
v 53.181000 39.000000 -3.000000
v 54.000000 39.000000 -3.455000
v 54.000000 39.000000 -8.843572
v 53.452499 39.000000 -9.000000
v 54.613125 39.000000 -4.000000
v 54.989445 39.000000 -5.000000
v 55.000000 38.968334 -5.000000
v 55.000000 39.000000 -5.095000
v 55.000000 38.634998 -8.000000
v 55.000000 39.000000 -7.452500
v 54.843571 39.000000 -8.000000
v 55.100555 39.000000 -6.000000
v 55.100555 39.000000 -7.000000
v 48.000000 40.000000 -6.682500
v 47.788334 40.000000 -7.000000
v 48.000000 40.000000 -7.317500
v 49.000000 39.547501 -5.000000
v 48.886875 40.000000 -5.000000
v 49.000000 40.000000 -4.899445
v 48.455002 40.000000 -6.000000
v 48.584999 40.000000 -8.000000
v 49.000000 40.000000 -8.484167
v 50.000000 40.000000 -4.232778
v 50.000000 40.000000 -8.767222
v 51.000000 40.000000 -3.455000
v 50.299286 40.000000 -4.000000
v 51.000000 40.000000 -8.878333
v 52.000000 40.000000 -3.232778
v 52.000000 40.000000 -8.989445
v 53.000000 39.226250 -3.000000
v 53.000000 40.000000 -3.343889
v 53.000000 39.904999 -9.000000
v 53.000000 40.000000 -8.989445
v 54.000000 40.000000 -3.788333
v 54.000000 40.000000 -8.484167
v 54.272144 40.000000 -4.000000
v 54.878334 40.000000 -5.000000
v 54.989445 40.000000 -6.000000
v 55.000000 39.904999 -6.000000
v 55.000000 39.301666 -7.000000
v 54.767223 40.000000 -7.000000
v 54.363125 40.000000 -8.000000
v 48.000000 41.000000 -6.585000
v 47.677223 41.000000 -7.000000
v 48.000000 41.000000 -7.484167
v 49.000000 41.000000 -4.788333
v 48.788334 41.000000 -5.000000
v 48.455002 41.000000 -6.000000
v 48.515835 41.000000 -8.000000
v 49.000000 41.000000 -8.484167
v 50.000000 41.000000 -4.121666
v 50.000000 41.000000 -8.767222
v 51.000000 41.000000 -3.455000
v 50.182499 41.000000 -4.000000
v 51.000000 41.000000 -8.878333
v 52.000000 41.000000 -3.455000
v 52.000000 41.000000 -8.989445
v 53.000000 41.000000 -3.677222
v 53.000000 41.000000 -8.878333
v 54.000000 40.634998 -4.000000
v 53.726250 41.000000 -4.000000
v 54.000000 41.000000 -4.136875
v 54.000000 41.000000 -8.150833
v 54.767223 41.000000 -5.000000
v 54.989445 41.000000 -6.000000
v 54.767223 41.000000 -7.000000
v 54.113125 41.000000 -8.000000
v 48.000000 42.000000 -6.511875
v 47.566113 42.000000 -7.000000
v 48.000000 42.000000 -7.650833
v 49.000000 42.000000 -4.788333
v 48.788334 42.000000 -5.000000
v 48.455002 42.000000 -6.000000
v 48.418999 42.000000 -8.000000
v 49.000000 42.000000 -8.484167
v 50.000000 42.000000 -4.121666
v 50.000000 42.000000 -8.767222
v 51.000000 42.000000 -3.455000
v 50.182499 42.000000 -4.000000
v 51.000000 42.000000 -8.988125
v 52.000000 42.000000 -3.455000
v 52.000000 41.095001 -9.000000
v 51.095001 42.000000 -9.000000
v 52.000000 42.000000 -9.100555
v 53.000000 42.000000 -3.788333
v 53.000000 42.000000 -8.863125
v 52.452499 42.000000 -9.000000
v 53.381001 42.000000 -4.000000
v 54.000000 42.000000 -4.386875
v 54.000000 41.904999 -8.000000
v 54.000000 42.000000 -7.984167
v 53.986427 42.000000 -8.000000
v 54.544998 42.000000 -5.000000
v 54.878334 42.000000 -6.000000
v 54.656113 42.000000 -7.000000
v 61.000000 41.788334 -25.000000
v 60.618999 42.000000 -25.000000
v 61.000000 42.000000 -24.047501
v 62.000000 41.899445 -24.000000
v 61.095001 42.000000 -24.000000
v 62.000000 42.000000 -23.547501
v 62.000000 41.899445 -25.000000
v 62.452499 42.000000 -24.000000
v 62.226250 42.000000 -25.000000
v 48.000000 43.000000 -6.261875
v 47.343887 43.000000 -7.000000
v 48.000000 43.000000 -7.984167
v 49.000000 43.000000 -4.788333
v 48.761875 43.000000 -5.000000
v 48.232777 43.000000 -6.000000
v 48.023750 43.000000 -8.000000
v 49.000000 43.000000 -8.650833
v 50.000000 43.000000 -4.121666
v 50.000000 42.698334 -9.000000
v 49.698334 43.000000 -9.000000
v 50.000000 43.000000 -9.100555
v 51.000000 43.000000 -3.566111
v 50.219002 43.000000 -4.000000
v 51.000000 42.019001 -9.000000
v 51.000000 43.000000 -9.545000
v 52.000000 43.000000 -3.566111
v 52.000000 43.000000 -9.656111
v 53.000000 43.000000 -3.899444
v 53.000000 42.547501 -9.000000
v 53.000000 43.000000 -9.129286
v 53.150833 43.000000 -4.000000
v 54.000000 43.000000 -4.849167
v 54.000000 43.000000 -7.968333
v 53.988125 43.000000 -8.000000
v 53.129284 43.000000 -9.000000
v 54.113125 43.000000 -5.000000
v 54.544998 43.000000 -6.000000
v 54.322777 43.000000 -7.000000
v 60.000000 42.849167 -24.000000
v 59.870716 43.000000 -24.000000
v 60.000000 43.000000 -23.547501
v 60.000000 42.515835 -25.000000
v 59.636875 43.000000 -25.000000
v 61.000000 42.761875 -22.000000
v 60.618999 43.000000 -22.000000
v 61.000000 43.000000 -21.618999
v 61.000000 42.343887 -23.000000
v 60.156429 43.000000 -23.000000
v 61.000000 42.010555 -24.000000
v 62.000000 42.636875 -22.000000
v 62.000000 43.000000 -21.515833
v 62.000000 42.121666 -23.000000
v 63.000000 42.761875 -22.000000
v 63.000000 43.000000 -21.618999
v 63.000000 42.232777 -23.000000
v 63.000000 42.121666 -24.000000
v 63.000000 42.343887 -25.000000
v 64.000000 42.899445 -22.000000
v 64.000000 43.000000 -21.698334
v 64.000000 42.677223 -23.000000
v 64.000000 42.566113 -24.000000
v 64.000000 42.677223 -25.000000
v 64.301666 43.000000 -22.000000
v 64.581001 43.000000 -23.000000
v 64.976250 43.000000 -24.000000
v 65.000000 43.000000 -24.094999
v 65.000000 42.899445 -25.000000
v 65.226250 43.000000 -25.000000
v 48.000000 43.698334 -6.000000
v 47.886875 44.000000 -6.000000
v 48.000000 44.000000 -5.819000
v 47.011875 44.000000 -7.000000
v 48.000000 43.031666 -8.000000
v 47.515835 44.000000 -8.000000
v 48.000000 44.000000 -8.726250
v 49.000000 44.000000 -4.788333
v 48.682499 44.000000 -5.000000
v 49.000000 43.418999 -9.000000
v 48.273750 44.000000 -9.000000
v 49.000000 44.000000 -9.363125
v 50.000000 44.000000 -4.232778
v 50.000000 44.000000 -9.986428
v 51.000000 44.000000 -3.899444
v 50.698334 44.000000 -4.000000
v 51.000000 43.511875 -10.000000
v 50.023750 44.000000 -10.000000
v 51.000000 44.000000 -10.488125
v 52.000000 44.000000 -3.899444
v 52.000000 43.618999 -10.000000
v 52.000000 44.000000 -10.211667
v 53.000000 43.452499 -4.000000
v 52.452499 44.000000 -4.000000
v 53.000000 44.000000 -4.156428
v 53.000000 44.000000 -9.317500
v 52.317501 44.000000 -10.000000
v 54.000000 43.301666 -5.000000
v 53.738125 44.000000 -5.000000
v 54.000000 44.000000 -5.419000
v 54.000000 43.968334 -7.000000
v 54.000000 44.000000 -6.968333
v 53.989445 44.000000 -7.000000
v 53.878334 44.000000 -8.000000
v 53.211666 44.000000 -9.000000
v 54.322777 44.000000 -6.000000
v 59.000000 43.899445 -22.000000
v 58.886875 44.000000 -22.000000
v 59.000000 44.000000 -21.094999
v 59.000000 43.788334 -23.000000
v 58.788334 44.000000 -23.000000
v 59.000000 43.870716 -24.000000
v 58.899445 44.000000 -24.000000
v 59.000000 44.000000 -24.905001
v 60.000000 43.677223 -21.000000
v 59.031666 44.000000 -21.000000
v 60.000000 44.000000 -20.031666
v 60.000000 43.343887 -22.000000
v 60.000000 43.121666 -23.000000
v 59.011875 44.000000 -25.000000
v 61.000000 43.386875 -21.000000
v 61.000000 44.000000 -20.018999
v 62.000000 43.386875 -21.000000
v 62.000000 44.000000 -20.182501
v 63.000000 43.386875 -21.000000
v 63.000000 44.000000 -20.018999
v 64.000000 43.566113 -20.000000
v 63.023750 44.000000 -20.000000
v 64.000000 44.000000 -19.023750
v 64.000000 43.232777 -21.000000
v 65.000000 43.899445 -19.000000
v 64.095001 44.000000 -19.000000
v 65.000000 44.000000 -18.849167
v 65.000000 43.455002 -20.000000
v 65.000000 43.343887 -21.000000
v 65.000000 43.232777 -22.000000
v 65.000000 43.232777 -23.000000
v 65.000000 43.010555 -24.000000
v 65.301666 44.000000 -19.000000
v 66.000000 44.000000 -19.419001
v 66.000000 43.636875 -20.000000
v 66.000000 43.343887 -21.000000
v 66.000000 43.232777 -22.000000
v 66.000000 43.455002 -23.000000
v 66.000000 43.455002 -24.000000
v 66.000000 43.343887 -25.000000
v 66.726250 44.000000 -20.000000
v 67.000000 44.000000 -20.219000
v 67.000000 43.566113 -21.000000
v 67.000000 43.232777 -22.000000
v 67.000000 43.136875 -23.000000
v 67.000000 43.386875 -24.000000
v 67.000000 43.636875 -25.000000
v 68.000000 43.886875 -21.000000
v 68.000000 44.000000 -20.870714
v 68.000000 43.343887 -22.000000
v 68.000000 43.136875 -23.000000
v 68.000000 43.636875 -24.000000
v 68.000000 44.000000 -24.726250
v 67.726250 44.000000 -25.000000
v 68.150833 44.000000 -21.000000
v 68.843575 44.000000 -22.000000
v 69.000000 44.000000 -22.365000
v 69.000000 43.682499 -23.000000
v 69.000000 44.000000 -23.952499
v 68.968330 44.000000 -24.000000
v 69.238129 44.000000 -23.000000
v 47.000000 44.031666 -7.000000
v 46.677223 45.000000 -7.000000
v 47.000000 45.000000 -6.636875
v 47.000000 45.000000 -7.968333
v 48.000000 45.000000 -5.349167
v 47.566113 45.000000 -6.000000
v 47.015835 45.000000 -8.000000
v 48.000000 44.273750 -9.000000
v 47.418999 45.000000 -9.000000
v 48.000000 45.000000 -9.322778
v 49.000000 45.000000 -4.788333
v 48.523750 45.000000 -5.000000
v 49.000000 44.727856 -10.000000
v 48.761875 45.000000 -10.000000
v 49.000000 45.000000 -10.272142
v 50.000000 45.000000 -4.343889
v 50.000000 44.015835 -10.000000
v 50.000000 45.000000 -10.843572
v 51.000000 44.301666 -4.000000
v 51.000000 45.000000 -4.232778
v 51.000000 45.000000 -10.988125
v 52.000000 44.301666 -4.000000
v 52.000000 45.000000 -4.232778
v 52.000000 45.000000 -10.488125
v 53.000000 45.000000 -4.682500
v 53.000000 45.000000 -9.484167
v 52.557858 45.000000 -10.000000
v 53.272144 45.000000 -5.000000
v 54.000000 45.000000 -5.849167
v 54.000000 45.000000 -6.452500
v 53.878334 45.000000 -7.000000
v 53.878334 45.000000 -8.000000
v 53.322777 45.000000 -9.000000
v 54.100555 45.000000 -6.000000
v 58.000000 44.886875 -19.000000
v 57.849167 45.000000 -19.000000
v 58.000000 45.000000 -18.698334
v 58.000000 45.000000 -19.905001
v 59.000000 44.870716 -18.000000
v 58.698334 45.000000 -18.000000
v 59.000000 45.000000 -17.870714
v 59.000000 44.232777 -19.000000
v 59.000000 44.121666 -20.000000
v 58.011875 45.000000 -20.000000
v 59.000000 44.011875 -21.000000
v 58.121666 45.000000 -21.000000
v 58.121666 45.000000 -22.000000
v 58.121666 45.000000 -23.000000
v 58.232777 45.000000 -24.000000
v 59.000000 44.015835 -25.000000
v 58.343887 45.000000 -25.000000
v 59.904999 45.000000 -18.000000
v 60.000000 45.000000 -18.015833
v 60.000000 44.343887 -19.000000
v 60.000000 44.010555 -20.000000
v 61.000000 44.343887 -19.000000
v 61.000000 45.000000 -18.261875
v 61.000000 44.010555 -20.000000
v 62.000000 44.455002 -19.000000
v 62.000000 45.000000 -18.299286
v 62.000000 44.121666 -20.000000
v 63.000000 44.232777 -19.000000
v 63.000000 45.000000 -18.013571
v 63.000000 44.010555 -20.000000
v 64.000000 44.677223 -18.000000
v 63.031666 45.000000 -18.000000
v 64.000000 45.000000 -17.273750
v 64.000000 44.010555 -19.000000
v 65.000000 44.566113 -18.000000
v 65.000000 45.000000 -17.349167
v 66.000000 44.886875 -18.000000
v 66.000000 45.000000 -17.849167
v 66.000000 44.232777 -19.000000
v 66.181000 45.000000 -18.000000
v 67.000000 45.000000 -18.682501
v 67.000000 44.761875 -19.000000
v 67.000000 44.121666 -20.000000
v 67.272141 45.000000 -19.000000
v 68.000000 45.000000 -19.727858
v 68.000000 44.761875 -20.000000
v 68.000000 44.136875 -25.000000
v 68.380997 45.000000 -20.000000
v 69.000000 44.636875 -21.000000
v 69.000000 45.000000 -20.515833
v 69.000000 44.136875 -22.000000
v 69.000000 44.015835 -24.000000
v 69.000000 44.515835 -25.000000
v 69.363129 45.000000 -21.000000
v 69.767220 45.000000 -22.000000
v 69.989441 45.000000 -23.000000
v 69.738129 45.000000 -24.000000
v 69.415001 45.000000 -25.000000
v 47.000000 46.000000 -6.455000
v 46.455002 46.000000 -7.000000
v 47.000000 45.047501 -8.000000
v 46.788334 46.000000 -8.000000
v 47.000000 45.698334 -9.000000
v 46.886875 46.000000 -9.000000
v 47.000000 46.000000 -9.100555
v 48.000000 46.000000 -5.182500
v 47.455002 46.000000 -6.000000
v 48.000000 46.000000 -9.863125
v 49.000000 46.000000 -4.788333
v 48.365002 46.000000 -5.000000
v 48.121666 46.000000 -10.000000
v 49.000000 46.000000 -10.878333
v 50.000000 46.000000 -4.455000
v 50.000000 45.273750 -11.000000
v 49.273750 46.000000 -11.000000
v 50.000000 46.000000 -11.322778
v 51.000000 46.000000 -4.455000
v 51.000000 45.031666 -11.000000
v 51.000000 46.000000 -11.322778
v 52.000000 46.000000 -4.566111
v 52.000000 46.000000 -10.843572
v 51.726250 46.000000 -11.000000
v 53.000000 45.634998 -5.000000
v 52.780998 46.000000 -5.000000
v 53.000000 46.000000 -5.121666
v 53.000000 46.000000 -9.581000
v 52.738125 46.000000 -10.000000
v 54.000000 45.452499 -6.000000
v 53.878334 46.000000 -6.000000
v 53.878334 46.000000 -7.000000
v 53.767223 46.000000 -8.000000
v 53.322777 46.000000 -9.000000
v 58.000000 45.299286 -18.000000
v 57.386875 46.000000 -18.000000
v 58.000000 46.000000 -17.182501
v 57.010555 46.000000 -19.000000
v 58.000000 45.011875 -20.000000
v 57.121666 46.000000 -20.000000
v 58.000000 45.136875 -21.000000
v 57.232777 46.000000 -21.000000
v 58.000000 45.156429 -22.000000
v 57.343887 46.000000 -22.000000
v 58.000000 45.136875 -23.000000
v 57.232777 46.000000 -23.000000
v 58.000000 45.299286 -24.000000
v 57.455002 46.000000 -24.000000
v 58.000000 45.442142 -25.000000
v 57.566113 46.000000 -25.000000
v 59.000000 45.677223 -17.000000
v 58.273750 46.000000 -17.000000
v 59.000000 46.000000 -16.515833
v 60.000000 45.788334 -17.000000
v 60.000000 46.000000 -16.618999
v 60.000000 45.011875 -18.000000
v 60.952499 46.000000 -17.000000
v 61.000000 46.000000 -17.015833
v 61.000000 45.261875 -18.000000
v 62.000000 45.788334 -17.000000
v 61.047501 46.000000 -17.000000
v 62.000000 46.000000 -16.523750
v 62.000000 45.232777 -18.000000
v 63.000000 45.455002 -17.000000
v 63.000000 46.000000 -16.018999
v 63.000000 45.010555 -18.000000
v 64.000000 45.788334 -16.000000
v 63.047501 46.000000 -16.000000
v 64.000000 46.000000 -15.365000
v 64.000000 45.121666 -17.000000
v 65.000000 45.899445 -16.000000
v 65.000000 46.000000 -15.773750
v 65.000000 45.232777 -17.000000
v 65.226250 46.000000 -16.000000
v 66.000000 46.000000 -16.515833
v 66.000000 45.636875 -17.000000
v 66.581001 46.000000 -17.000000
v 67.000000 45.511875 -18.000000
v 67.000000 46.000000 -17.349167
v 67.488129 46.000000 -18.000000
v 68.000000 45.727856 -19.000000
v 68.000000 46.000000 -18.682501
v 68.272141 46.000000 -19.000000
v 69.000000 45.618999 -20.000000
v 69.000000 46.000000 -19.727858
v 69.238129 46.000000 -20.000000
v 69.988129 46.000000 -21.000000
v 70.000000 46.000000 -21.031666
v 70.000000 45.418999 -22.000000
v 70.000000 45.023750 -23.000000
v 70.000000 45.523750 -24.000000
v 70.000000 45.819000 -25.000000
v 70.322777 46.000000 -22.000000
v 70.433891 46.000000 -23.000000
v 70.211670 46.000000 -24.000000
v 70.100555 46.000000 -25.000000
v 47.000000 47.000000 -6.455000
v 46.455002 47.000000 -7.000000
v 46.788334 47.000000 -8.000000
v 46.788334 47.000000 -9.000000
v 47.000000 47.000000 -9.211667
v 48.000000 47.000000 -5.182500
v 47.455002 47.000000 -6.000000
v 48.000000 46.547501 -10.000000
v 47.886875 47.000000 -10.000000
v 48.000000 47.000000 -10.150833
v 49.000000 47.000000 -4.788333
v 48.365002 47.000000 -5.000000
v 49.000000 46.547501 -11.000000
v 48.849167 47.000000 -11.000000
v 49.000000 47.000000 -11.100555
v 50.000000 47.000000 -4.455000
v 50.000000 47.000000 -11.433888
v 51.000000 47.000000 -4.566111
v 51.000000 47.000000 -11.322778
v 52.000000 47.000000 -4.886875
v 52.000000 47.000000 -10.986428
v 51.968334 47.000000 -11.000000
v 52.150833 47.000000 -5.000000
v 53.000000 47.000000 -5.636875
v 53.000000 47.000000 -9.781000
v 52.863125 47.000000 -10.000000
v 53.363125 47.000000 -6.000000
v 53.656113 47.000000 -7.000000
v 53.656113 47.000000 -8.000000
v 53.433887 47.000000 -9.000000
v 57.000000 46.886875 -17.000000
v 56.870716 47.000000 -17.000000
v 57.000000 47.000000 -16.698334
v 57.000000 46.515835 -18.000000
v 56.636875 47.000000 -18.000000
v 57.000000 46.023750 -19.000000
v 56.566113 47.000000 -19.000000
v 57.000000 46.365002 -20.000000
v 56.788334 47.000000 -20.000000
v 57.000000 46.698334 -21.000000
v 56.899445 47.000000 -21.000000
v 57.000000 47.000000 -21.905001
v 57.000000 46.698334 -23.000000
v 56.899445 47.000000 -23.000000
v 57.000000 47.000000 -22.094999
v 57.000000 47.000000 -23.905001
v 58.000000 46.899445 -15.000000
v 57.773750 47.000000 -15.000000
v 58.000000 47.000000 -14.773750
v 58.000000 46.677223 -16.000000
v 57.418999 47.000000 -16.000000
v 58.000000 46.156429 -17.000000
v 57.010555 47.000000 -22.000000
v 57.010555 47.000000 -24.000000
v 57.010555 47.000000 -25.000000
v 59.000000 46.566113 -15.000000
v 59.000000 47.000000 -14.023750
v 59.000000 46.343887 -16.000000
v 60.000000 46.788334 -14.000000
v 59.047501 47.000000 -14.000000
v 60.000000 47.000000 -13.365000
v 60.000000 46.455002 -15.000000
v 60.000000 46.343887 -16.000000
v 61.000000 46.788334 -14.000000
v 61.000000 47.000000 -13.365000
v 61.000000 46.455002 -15.000000
v 61.000000 46.455002 -16.000000
v 61.000000 46.011875 -17.000000
v 62.000000 46.788334 -14.000000
v 62.000000 47.000000 -13.523750
v 62.000000 46.343887 -15.000000
v 62.000000 46.232777 -16.000000
v 63.000000 46.788334 -14.000000
v 63.000000 47.000000 -13.619000
v 63.000000 46.232777 -15.000000
v 63.000000 46.010555 -16.000000
v 64.000000 46.886875 -14.000000
v 64.000000 47.000000 -13.849167
v 64.000000 46.121666 -15.000000
v 64.452499 47.000000 -14.000000
v 65.000000 47.000000 -14.156428
v 65.000000 46.343887 -15.000000
v 66.000000 46.886875 -15.000000
v 66.000000 47.000000 -14.849167
v 66.000000 46.343887 -16.000000
v 66.150833 47.000000 -15.000000
v 67.000000 47.000000 -15.849167
v 67.000000 46.886875 -16.000000
v 67.000000 46.261875 -17.000000
v 67.129288 47.000000 -16.000000
v 67.738129 47.000000 -17.000000
v 68.000000 46.584999 -18.000000
v 68.000000 47.000000 -17.419001
v 68.415001 47.000000 -18.000000
v 69.000000 46.849167 -19.000000
v 69.000000 47.000000 -18.819000
v 69.129288 47.000000 -19.000000
v 70.000000 46.870716 -20.000000
v 70.000000 47.000000 -19.870714
v 70.000000 46.013573 -21.000000
v 70.129288 47.000000 -20.000000
v 70.767220 47.000000 -21.000000
v 70.878334 47.000000 -22.000000
v 70.767220 47.000000 -23.000000
v 70.433891 47.000000 -24.000000
v 70.322777 47.000000 -25.000000
v 47.000000 48.000000 -6.343889
v 46.343887 48.000000 -7.000000
v 46.677223 48.000000 -8.000000
v 46.677223 48.000000 -9.000000
v 47.000000 48.000000 -9.363125
v 48.000000 48.000000 -5.156428
v 47.343887 48.000000 -6.000000
v 47.566113 48.000000 -10.000000
v 48.000000 48.000000 -10.650833
v 49.000000 48.000000 -4.788333
v 48.365002 48.000000 -5.000000
v 48.418999 48.000000 -11.000000
v 49.000000 48.000000 -11.322778
v 50.000000 48.000000 -4.455000
v 50.000000 48.000000 -11.545000
v 51.000000 48.000000 -4.677222
v 51.000000 48.000000 -11.322778
v 52.000000 47.301666 -5.000000
v 51.581001 48.000000 -5.000000
v 52.000000 48.000000 -5.232778
v 52.000000 48.000000 -10.986428
v 51.968334 48.000000 -11.000000
v 53.000000 47.726250 -6.000000
v 52.863125 48.000000 -6.000000
v 53.000000 48.000000 -6.219000
v 53.000000 48.000000 -9.581000
v 52.767223 48.000000 -10.000000
v 53.433887 48.000000 -7.000000
v 53.433887 48.000000 -8.000000
v 53.322777 48.000000 -9.000000
v 56.000000 47.899445 -15.000000
v 55.819000 48.000000 -15.000000
v 56.000000 48.000000 -14.773750
v 56.000000 48.000000 -15.905000
v 56.000000 47.870716 -17.000000
v 55.819000 48.000000 -17.000000
v 56.000000 48.000000 -16.094999
v 56.000000 48.000000 -17.905001
v 57.000000 47.886875 -14.000000
v 56.773750 48.000000 -14.000000
v 57.000000 48.000000 -13.698334
v 57.000000 47.343887 -15.000000
v 57.000000 47.232777 -16.000000
v 56.013573 48.000000 -16.000000
v 56.011875 48.000000 -18.000000
v 56.011875 48.000000 -19.000000
v 56.232777 48.000000 -20.000000
v 56.232777 48.000000 -21.000000
v 57.000000 47.015835 -22.000000
v 56.343887 48.000000 -22.000000
v 56.343887 48.000000 -23.000000
v 57.000000 47.023750 -24.000000
v 56.566113 48.000000 -24.000000
v 57.000000 47.031666 -25.000000
v 56.677223 48.000000 -25.000000
v 58.000000 47.788334 -13.000000
v 57.523750 48.000000 -13.000000
v 58.000000 48.000000 -12.682500
v 58.000000 47.343887 -14.000000
v 59.000000 47.455002 -13.000000
v 59.000000 48.000000 -12.182500
v 59.000000 47.010555 -14.000000
v 60.000000 47.788334 -12.000000
v 59.365002 48.000000 -12.000000
v 60.000000 48.000000 -11.365000
v 60.000000 47.121666 -13.000000
v 61.000000 47.788334 -12.000000
v 61.000000 48.000000 -11.365000
v 61.000000 47.121666 -13.000000
v 62.000000 47.899445 -12.000000
v 62.000000 48.000000 -11.698334
v 62.000000 47.232777 -13.000000
v 62.904999 48.000000 -12.000000
v 63.000000 48.000000 -12.015833
v 63.000000 47.343887 -13.000000
v 64.000000 47.566113 -13.000000
v 64.000000 48.000000 -12.442142
v 65.000000 47.788334 -13.000000
v 65.000000 48.000000 -12.727858
v 65.000000 47.121666 -14.000000
v 65.476250 48.000000 -13.000000
v 66.000000 48.000000 -13.419000
v 66.000000 47.636875 -14.000000
v 66.415001 48.000000 -14.000000
v 67.000000 47.727856 -15.000000
v 67.000000 48.000000 -14.682500
v 67.238129 48.000000 -15.000000
v 67.988129 48.000000 -16.000000
v 68.000000 48.000000 -16.018999
v 68.000000 47.299286 -17.000000
v 68.817497 48.000000 -17.000000
v 69.000000 47.511875 -18.000000
v 69.000000 48.000000 -17.219000
v 69.488129 48.000000 -18.000000
v 70.000000 47.870716 -19.000000
v 70.000000 48.000000 -18.819000
v 70.150833 48.000000 -19.000000
v 70.863129 48.000000 -20.000000
v 71.000000 48.000000 -20.365000
v 71.000000 47.523750 -21.000000
v 71.000000 47.365002 -22.000000
v 71.000000 48.000000 -22.952499
v 70.989441 48.000000 -23.000000
v 70.656113 48.000000 -24.000000
v 70.544998 48.000000 -25.000000
v 71.238129 48.000000 -21.000000
v 71.211670 48.000000 -22.000000
v 47.000000 49.000000 -6.232778
v 46.232777 49.000000 -7.000000
v 46.566113 49.000000 -8.000000
v 46.566113 49.000000 -9.000000
v 47.000000 49.000000 -9.557858
v 48.000000 49.000000 -5.261875
v 47.261875 49.000000 -6.000000
v 47.343887 49.000000 -10.000000
v 48.000000 48.698334 -11.000000
v 47.870716 49.000000 -11.000000
v 48.000000 49.000000 -11.113125
v 49.000000 48.952499 -5.000000
v 49.000000 49.000000 -5.010556
v 49.000000 49.000000 -11.656111
v 50.000000 49.000000 -4.788333
v 49.047501 49.000000 -5.000000
v 50.000000 49.000000 -11.767222
v 51.000000 48.968334 -5.000000
v 50.952499 49.000000 -5.000000
v 51.000000 49.000000 -5.010556
v 51.000000 49.000000 -11.433888
v 52.000000 49.000000 -5.566111
v 52.000000 49.000000 -10.863125
v 51.780998 49.000000 -11.000000
v 52.488125 49.000000 -6.000000
v 53.000000 49.000000 -6.682500
v 53.000000 49.000000 -9.581000
v 52.767223 49.000000 -10.000000
v 53.211666 49.000000 -7.000000
v 53.433887 49.000000 -8.000000
v 53.322777 49.000000 -9.000000
v 55.000000 48.511875 -15.000000
v 54.511875 49.000000 -15.000000
v 55.000000 49.000000 -14.349167
v 55.000000 48.727856 -16.000000
v 54.761875 49.000000 -16.000000
v 55.000000 48.584999 -17.000000
v 54.677223 49.000000 -17.000000
v 55.000000 49.000000 -17.580999
v 56.000000 48.636875 -13.000000
v 55.515835 49.000000 -13.000000
v 56.000000 49.000000 -12.585000
v 56.000000 48.386875 -14.000000
v 55.299286 49.000000 -14.000000
v 56.000000 48.010555 -16.000000
v 56.000000 48.013573 -18.000000
v 55.232777 49.000000 -18.000000
v 56.000000 48.019001 -19.000000
v 55.455002 49.000000 -19.000000
v 56.000000 48.523750 -20.000000
v 55.788334 49.000000 -20.000000
v 56.000000 48.523750 -21.000000
v 55.788334 49.000000 -21.000000
v 56.000000 48.618999 -22.000000
v 55.788334 49.000000 -22.000000
v 56.000000 48.773750 -23.000000
v 55.899445 49.000000 -23.000000
v 56.000000 49.000000 -23.452499
v 57.000000 48.232777 -13.000000
v 57.000000 49.000000 -12.013572
v 56.121666 49.000000 -24.000000
v 56.343887 49.000000 -25.000000
v 58.000000 48.788334 -11.000000
v 57.618999 49.000000 -11.000000
v 58.000000 49.000000 -10.619000
v 58.000000 48.455002 -12.000000
v 57.019001 49.000000 -12.000000
v 59.000000 48.455002 -11.000000
v 59.000000 49.000000 -10.019000
v 59.000000 48.121666 -12.000000
v 60.000000 48.788334 -10.000000
v 59.047501 49.000000 -10.000000
v 60.000000 49.000000 -9.365000
v 60.000000 48.121666 -11.000000
v 61.000000 48.788334 -10.000000
v 61.000000 49.000000 -9.365000
v 61.000000 48.121666 -11.000000
v 62.000000 48.788334 -10.000000
v 62.000000 49.000000 -9.365000
v 62.000000 48.232777 -11.000000
v 63.000000 48.788334 -10.000000
v 63.000000 49.000000 -9.523750
v 63.000000 48.343887 -11.000000
v 63.000000 48.010555 -12.000000
v 63.634998 49.000000 -10.000000
v 64.000000 49.000000 -10.273750
v 64.000000 48.677223 -11.000000
v 64.000000 48.343887 -12.000000
v 64.726250 49.000000 -11.000000
v 65.000000 49.000000 -11.273750
v 65.000000 48.636875 -12.000000
v 65.726250 49.000000 -12.000000
v 66.000000 48.261875 -13.000000
v 66.000000 49.000000 -12.156428
v 66.843575 49.000000 -13.000000
v 67.000000 48.819000 -14.000000
v 67.000000 49.000000 -13.547500
v 67.113129 49.000000 -14.000000
v 67.767220 49.000000 -15.000000
v 68.000000 49.000000 -15.349167
v 68.000000 48.023750 -16.000000
v 68.650833 49.000000 -16.000000
v 69.000000 48.182499 -17.000000
v 69.000000 49.000000 -16.299286
v 69.613129 49.000000 -17.000000
v 70.000000 48.511875 -18.000000
v 70.000000 49.000000 -17.442142
v 70.557854 49.000000 -18.000000
v 71.000000 48.849167 -19.000000
v 71.000000 49.000000 -18.773750
v 71.000000 48.219002 -20.000000
v 71.000000 48.095001 -23.000000
v 71.000000 49.000000 -23.301666
v 70.767220 49.000000 -24.000000
v 70.544998 49.000000 -25.000000
v 71.113129 49.000000 -19.000000
v 71.433891 49.000000 -20.000000
v 71.544998 49.000000 -21.000000
v 71.433891 49.000000 -22.000000
v 71.100555 49.000000 -23.000000
v 47.000000 50.000000 -6.121666
v 46.121666 50.000000 -7.000000
v 46.343887 50.000000 -8.000000
v 46.343887 50.000000 -9.000000
v 47.000000 49.773750 -10.000000
v 46.899445 50.000000 -10.000000
v 47.000000 50.000000 -10.301666
v 48.000000 50.000000 -5.343889
v 47.156429 50.000000 -6.000000
v 47.261875 50.000000 -11.000000
v 48.000000 50.000000 -11.656111
v 49.000000 50.000000 -5.232778
v 49.000000 49.773750 -12.000000
v 48.773750 50.000000 -12.000000
v 49.000000 50.000000 -12.100555
v 50.000000 49.634998 -5.000000
v 50.000000 50.000000 -5.121666
v 50.000000 49.698334 -12.000000
v 50.000000 50.000000 -12.100555
v 51.000000 50.000000 -5.232778
v 51.000000 50.000000 -11.767222
v 50.301666 50.000000 -12.000000
v 52.000000 50.000000 -5.677222
v 52.000000 50.000000 -10.984167
v 51.986427 50.000000 -11.000000
v 52.415001 50.000000 -6.000000
v 53.000000 50.000000 -6.682500
v 53.000000 50.000000 -9.226250
v 52.656113 50.000000 -10.000000
v 53.211666 50.000000 -7.000000
v 53.322777 50.000000 -8.000000
v 53.100555 50.000000 -9.000000
v 54.000000 49.682499 -15.000000
v 53.788334 50.000000 -15.000000
v 54.000000 50.000000 -14.682500
v 54.000000 50.000000 -15.635000
v 55.000000 49.515835 -13.000000
v 54.636875 50.000000 -13.000000
v 55.000000 50.000000 -12.585000
v 55.000000 49.349167 -14.000000
v 54.511875 50.000000 -14.000000
v 54.136875 50.000000 -16.000000
v 54.136875 50.000000 -17.000000
v 55.000000 49.698334 -18.000000
v 54.899445 50.000000 -18.000000
v 55.000000 50.000000 -18.905001
v 56.000000 49.870716 -11.000000
v 55.870716 50.000000 -11.000000
v 56.000000 50.000000 -10.870714
v 56.000000 49.511875 -12.000000
v 55.511875 50.000000 -12.000000
v 55.010555 50.000000 -19.000000
v 55.343887 50.000000 -20.000000
v 55.232777 50.000000 -21.000000
v 55.232777 50.000000 -22.000000
v 55.343887 50.000000 -23.000000
v 56.000000 49.547501 -24.000000
v 55.886875 50.000000 -24.000000
v 56.000000 50.000000 -24.181000
v 57.000000 49.343887 -11.000000
v 57.000000 50.000000 -10.015833
v 57.000000 49.010555 -12.000000
v 56.584999 50.000000 -25.000000
v 58.000000 49.566113 -9.000000
v 57.219002 50.000000 -9.000000
v 58.000000 50.000000 -8.023750
v 58.000000 49.343887 -10.000000
v 57.015835 50.000000 -10.000000
v 59.000000 49.677223 -8.000000
v 58.031666 50.000000 -8.000000
v 59.000000 50.000000 -7.273750
v 59.000000 49.232777 -9.000000
v 59.000000 49.010555 -10.000000
v 60.000000 49.899445 -7.000000
v 59.547501 50.000000 -7.000000
v 60.000000 50.000000 -6.698333
v 60.000000 49.566113 -8.000000
v 60.000000 49.121666 -9.000000
v 61.000000 49.677223 -7.000000
v 61.000000 50.000000 -6.031667
v 61.000000 49.455002 -8.000000
v 61.000000 49.121666 -9.000000
v 62.000000 49.899445 -6.000000
v 61.095001 50.000000 -6.000000
v 62.000000 50.000000 -5.849167
v 62.000000 49.566113 -7.000000
v 62.000000 49.455002 -8.000000
v 62.000000 49.121666 -9.000000
v 63.000000 49.788334 -6.000000
v 63.000000 50.000000 -5.682500
v 63.000000 49.566113 -7.000000
v 63.000000 49.566113 -8.000000
v 63.000000 49.232777 -9.000000
v 63.952499 50.000000 -6.000000
v 64.000000 50.000000 -6.095000
v 64.000000 49.899445 -7.000000
v 64.000000 49.899445 -8.000000
v 64.000000 49.566113 -9.000000
v 64.000000 49.121666 -10.000000
v 64.150833 50.000000 -7.000000
v 64.150833 50.000000 -8.000000
v 64.650833 50.000000 -9.000000
v 65.000000 50.000000 -9.523750
v 65.000000 49.761875 -10.000000
v 65.000000 49.121666 -11.000000
v 65.238129 50.000000 -10.000000
v 66.000000 50.000000 -10.761875
v 66.000000 49.727856 -11.000000
v 66.000000 49.136875 -12.000000
v 66.272141 50.000000 -11.000000
v 66.863129 50.000000 -12.000000
v 67.000000 49.219002 -13.000000
v 67.000000 50.000000 -12.219000
v 67.433891 50.000000 -13.000000
v 67.433891 50.000000 -14.000000
v 67.988129 50.000000 -15.000000
v 68.000000 50.000000 -15.015833
v 69.000000 50.000000 -15.788333
v 69.000000 49.523750 -16.000000
v 69.380997 50.000000 -16.000000
v 70.000000 49.386875 -17.000000
v 70.000000 50.000000 -16.386875
v 70.700714 50.000000 -17.000000
v 71.000000 49.618999 -18.000000
v 71.000000 50.000000 -17.523750
v 71.000000 50.000000 -23.726250
v 70.878334 50.000000 -24.000000
v 70.544998 50.000000 -25.000000
v 71.211670 50.000000 -18.000000
v 71.544998 50.000000 -19.000000
v 71.767220 50.000000 -20.000000
v 71.878334 50.000000 -21.000000
v 71.767220 50.000000 -22.000000
v 71.322777 50.000000 -23.000000
v 47.000000 51.000000 -6.010556
v 46.010555 51.000000 -7.000000
v 46.121666 51.000000 -8.000000
v 46.232777 51.000000 -9.000000
v 46.677223 51.000000 -10.000000
v 47.000000 51.000000 -10.968333
v 48.000000 51.000000 -5.455000
v 47.019001 51.000000 -6.000000
v 47.010555 51.000000 -11.000000
v 48.000000 51.000000 -11.989445
v 49.000000 51.000000 -5.455000
v 48.023750 51.000000 -12.000000
v 49.000000 51.000000 -12.433888
v 50.000000 51.000000 -5.455000
v 50.000000 51.000000 -12.433888
v 51.000000 51.000000 -5.566111
v 51.000000 50.698334 -12.000000
v 51.000000 51.000000 -12.100555
v 52.000000 50.968334 -6.000000
v 51.976250 51.000000 -6.000000
v 52.000000 51.000000 -6.010556
v 52.000000 50.095001 -11.000000
v 52.000000 51.000000 -11.150833
v 51.150833 51.000000 -12.000000
v 53.000000 50.952499 -7.000000
v 52.989445 51.000000 -7.000000
v 53.000000 51.000000 -7.047500
v 53.000000 50.904999 -9.000000
v 53.000000 51.000000 -8.952500
v 52.989445 51.000000 -9.000000
v 52.656113 51.000000 -10.000000
v 52.113125 51.000000 -11.000000
v 53.211666 51.000000 -8.000000
v 54.000000 51.000000 -14.349167
v 53.566113 51.000000 -15.000000
v 54.000000 50.547501 -16.000000
v 53.899445 51.000000 -16.000000
v 54.000000 50.547501 -17.000000
v 53.899445 51.000000 -17.000000
v 54.000000 51.000000 -17.129286
v 55.000000 50.819000 -12.000000
v 54.886875 51.000000 -12.000000
v 55.000000 51.000000 -11.698334
v 54.232777 51.000000 -13.000000
v 54.232777 51.000000 -14.000000
v 54.677223 51.000000 -18.000000
v 55.000000 50.047501 -19.000000
v 54.788334 51.000000 -19.000000
v 55.000000 51.000000 -19.952499
v 55.000000 50.698334 -21.000000
v 54.899445 51.000000 -21.000000
v 55.000000 51.000000 -20.094999
v 55.000000 50.698334 -22.000000
v 54.899445 51.000000 -22.000000
v 55.000000 51.000000 -22.905001
v 56.000000 50.870716 -10.000000
v 55.886875 51.000000 -10.000000
v 56.000000 51.000000 -9.698334
v 55.232777 51.000000 -11.000000
v 55.010555 51.000000 -20.000000
v 55.010555 51.000000 -23.000000
v 55.727856 51.000000 -24.000000
v 56.000000 51.000000 -24.272142
v 57.000000 50.584999 -8.000000
v 56.636875 51.000000 -8.000000
v 57.000000 51.000000 -7.419000
v 57.000000 50.136875 -9.000000
v 56.232777 51.000000 -9.000000
v 57.000000 50.010555 -10.000000
v 57.000000 50.968334 -25.000000
v 57.000000 51.000000 -24.986429
v 58.000000 50.511875 -7.000000
v 57.349167 51.000000 -7.000000
v 58.000000 51.000000 -6.349167
v 58.000000 50.010555 -8.000000
v 57.047501 51.000000 -25.000000
v 59.000000 50.636875 -6.000000
v 58.418999 51.000000 -6.000000
v 59.000000 51.000000 -5.585000
v 59.000000 50.121666 -7.000000
v 60.000000 50.232777 -6.000000
v 60.000000 51.000000 -5.013571
v 61.000000 50.761875 -5.000000
v 60.047501 51.000000 -5.000000
v 61.000000 51.000000 -4.619000
v 61.000000 50.010555 -6.000000
v 62.000000 50.566113 -5.000000
v 62.000000 51.000000 -4.219000
v 63.000000 50.455002 -5.000000
v 63.000000 51.000000 -4.182500
v 64.000000 50.566113 -5.000000
v 64.000000 51.000000 -4.219000
v 64.000000 50.010555 -6.000000
v 64.976250 51.000000 -5.000000
v 65.000000 51.000000 -5.023750
v 65.000000 50.566113 -6.000000
v 65.000000 50.566113 -7.000000
v 65.000000 50.566113 -8.000000
v 65.000000 50.261875 -9.000000
v 65.557854 51.000000 -6.000000
v 65.488129 51.000000 -7.000000
v 65.488129 51.000000 -8.000000
v 65.738129 51.000000 -9.000000
v 66.000000 50.870716 -10.000000
v 66.000000 51.000000 -9.698334
v 66.113129 51.000000 -10.000000
v 66.767220 51.000000 -11.000000
v 67.000000 51.000000 -11.698334
v 67.000000 50.547501 -12.000000
v 67.113129 51.000000 -12.000000
v 67.433891 51.000000 -13.000000
v 67.322777 51.000000 -14.000000
v 67.986427 51.000000 -15.000000
v 68.000000 51.000000 -15.015833
v 69.000000 51.000000 -15.566112
v 70.000000 51.000000 -15.886875
v 70.000000 50.773750 -16.000000
v 70.226250 51.000000 -16.000000
v 71.000000 50.349167 -17.000000
v 71.000000 51.000000 -16.442142
v 71.000000 51.000000 -23.781000
v 70.878334 51.000000 -24.000000
v 70.544998 51.000000 -25.000000
v 71.433891 51.000000 -17.000000
v 71.767220 51.000000 -18.000000
v 71.989441 51.000000 -19.000000
v 72.000000 51.000000 -19.094999
v 72.000000 50.698334 -20.000000
v 72.000000 50.365002 -21.000000
v 72.000000 51.000000 -21.952499
v 71.989441 51.000000 -22.000000
v 71.433891 51.000000 -23.000000
v 72.100555 51.000000 -20.000000
v 72.211670 51.000000 -21.000000
v 46.000000 51.095001 -7.000000
v 45.899445 52.000000 -7.000000
v 46.000000 52.000000 -6.849167
v 46.000000 52.000000 -7.905000
v 47.000000 51.095001 -6.000000
v 46.849167 52.000000 -6.000000
v 47.000000 52.000000 -5.886875
v 46.010555 52.000000 -8.000000
v 46.232777 52.000000 -9.000000
v 46.566113 52.000000 -10.000000
v 47.000000 51.047501 -11.000000
v 46.788334 52.000000 -11.000000
v 47.000000 52.000000 -11.317500
v 48.000000 52.000000 -5.455000
v 48.000000 51.047501 -12.000000
v 47.682499 52.000000 -12.000000
v 48.000000 52.000000 -12.211667
v 49.000000 52.000000 -5.455000
v 49.000000 52.000000 -12.545000
v 50.000000 52.000000 -5.455000
v 50.000000 52.000000 -12.545000
v 51.000000 52.000000 -5.677222
v 51.000000 52.000000 -12.211667
v 51.581001 52.000000 -6.000000
v 52.000000 52.000000 -6.261875
v 52.000000 52.000000 -11.317500
v 51.317501 52.000000 -12.000000
v 52.656113 52.000000 -7.000000
v 52.878334 52.000000 -8.000000
v 53.000000 51.634998 -8.000000
v 52.767223 52.000000 -9.000000
v 52.544998 52.000000 -10.000000
v 52.238125 52.000000 -11.000000
v 54.000000 51.698334 -13.000000
v 53.899445 52.000000 -13.000000
v 54.000000 52.000000 -12.773750
v 54.000000 52.000000 -13.905000
v 54.000000 52.000000 -14.023750
v 53.566113 52.000000 -15.000000
v 53.788334 52.000000 -16.000000
v 53.788334 52.000000 -17.000000
v 54.000000 52.000000 -17.317499
v 55.000000 51.418999 -11.000000
v 54.677223 52.000000 -11.000000
v 55.000000 52.000000 -10.419000
v 54.343887 52.000000 -12.000000
v 54.010555 52.000000 -14.000000
v 54.455002 52.000000 -18.000000
v 54.566113 52.000000 -19.000000
v 55.000000 51.031666 -20.000000
v 54.677223 52.000000 -20.000000
v 54.677223 52.000000 -21.000000
v 54.788334 52.000000 -22.000000
v 55.000000 52.000000 -22.635000
v 56.000000 51.418999 -9.000000
v 55.677223 52.000000 -9.000000
v 56.000000 52.000000 -8.031667
v 55.232777 52.000000 -10.000000
v 55.136875 52.000000 -23.000000
v 56.000000 51.634998 -24.000000
v 56.000000 52.000000 -23.863125
v 57.000000 51.418999 -7.000000
v 56.636875 52.000000 -7.000000
v 57.000000 52.000000 -6.515833
v 56.010555 52.000000 -8.000000
v 56.547501 52.000000 -24.000000
v 57.000000 52.000000 -24.113125
v 58.000000 51.299286 -6.000000
v 57.386875 52.000000 -6.000000
v 58.000000 52.000000 -5.455000
v 58.000000 51.988125 -24.000000
v 58.000000 52.000000 -23.986429
v 57.904999 52.000000 -24.000000
v 58.000000 51.211666 -25.000000
v 59.000000 51.584999 -5.000000
v 58.584999 52.000000 -5.000000
v 59.000000 52.000000 -4.585000
v 58.095001 52.000000 -24.000000
v 59.000000 51.656113 -25.000000
v 59.000000 52.000000 -24.226250
v 60.000000 51.727856 -4.000000
v 59.682499 52.000000 -4.000000
v 60.000000 52.000000 -3.788333
v 60.000000 51.011875 -5.000000
v 59.442142 52.000000 -25.000000
v 61.000000 51.343887 -4.000000
v 61.000000 52.000000 -3.343889
v 62.000000 51.121666 -4.000000
v 62.000000 52.000000 -3.121667
v 63.000000 51.121666 -4.000000
v 63.000000 52.000000 -3.121667
v 64.000000 51.121666 -4.000000
v 64.000000 52.000000 -3.121667
v 65.000000 51.455002 -4.000000
v 65.000000 52.000000 -3.386875
v 65.000000 51.011875 -5.000000
v 65.981003 52.000000 -4.000000
v 66.000000 52.000000 -4.031667
v 66.000000 51.636875 -5.000000
v 66.000000 51.343887 -6.000000
v 66.000000 51.455002 -7.000000
v 66.000000 51.511875 -8.000000
v 66.000000 51.299286 -9.000000
v 66.415001 52.000000 -5.000000
v 66.738129 52.000000 -6.000000
v 66.544998 52.000000 -7.000000
v 66.433891 52.000000 -8.000000
v 66.544998 52.000000 -9.000000
v 66.767220 52.000000 -10.000000
v 67.000000 52.000000 -10.523750
v 67.000000 51.523750 -11.000000
v 67.211670 52.000000 -11.000000
v 67.211670 52.000000 -12.000000
v 67.322777 52.000000 -13.000000
v 67.211670 52.000000 -14.000000
v 68.000000 52.000000 -14.886875
v 68.000000 51.095001 -15.000000
v 68.181000 52.000000 -15.000000
v 69.000000 52.000000 -15.455000
v 70.000000 52.000000 -15.566112
v 71.000000 52.000000 -15.886875
v 71.000000 51.773750 -16.000000
v 71.000000 52.000000 -23.817499
v 70.878334 52.000000 -24.000000
v 70.544998 52.000000 -25.000000
v 71.150833 52.000000 -16.000000
v 71.989441 52.000000 -17.000000
v 72.000000 52.000000 -17.047501
v 72.000000 51.523750 -18.000000
v 72.000000 51.031666 -19.000000
v 72.000000 51.047501 -22.000000
v 72.000000 52.000000 -22.317499
v 71.544998 52.000000 -23.000000
v 72.211670 52.000000 -18.000000
v 72.322777 52.000000 -19.000000
v 72.433891 52.000000 -20.000000
v 72.544998 52.000000 -21.000000
v 72.211670 52.000000 -22.000000
v 46.000000 53.000000 -6.682500
v 45.788334 53.000000 -7.000000
v 46.000000 52.047501 -8.000000
v 45.761875 53.000000 -8.000000
v 46.000000 53.000000 -8.952500
v 47.000000 53.000000 -5.677222
v 46.584999 53.000000 -6.000000
v 46.010555 53.000000 -9.000000
v 46.343887 53.000000 -10.000000
v 46.566113 53.000000 -11.000000
v 47.000000 53.000000 -11.557858
v 48.000000 53.000000 -5.343889
v 47.515835 53.000000 -12.000000
v 48.000000 53.000000 -12.322778
v 49.000000 53.000000 -5.343889
v 49.000000 53.000000 -12.545000
v 50.000000 53.000000 -5.455000
v 50.000000 53.000000 -12.545000
v 51.000000 53.000000 -5.788333
v 51.000000 53.000000 -12.211667
v 51.317501 53.000000 -6.000000
v 52.000000 53.000000 -6.585000
v 52.000000 53.000000 -11.317500
v 51.317501 53.000000 -12.000000
v 52.322777 53.000000 -7.000000
v 52.656113 53.000000 -8.000000
v 52.656113 53.000000 -9.000000
v 52.544998 53.000000 -10.000000
v 52.272144 53.000000 -11.000000
v 54.000000 53.000000 -12.031667
v 53.677223 53.000000 -13.000000
v 54.000000 52.095001 -14.000000
v 53.899445 53.000000 -14.000000
v 53.788334 53.000000 -15.000000
v 53.899445 53.000000 -16.000000
v 53.899445 53.000000 -17.000000
v 54.000000 53.000000 -17.301666
v 55.000000 52.698334 -10.000000
v 54.899445 53.000000 -10.000000
v 55.000000 53.000000 -9.819000
v 54.343887 53.000000 -11.000000
v 54.010555 53.000000 -12.000000
v 54.232777 53.000000 -18.000000
v 54.455002 53.000000 -19.000000
v 54.455002 53.000000 -20.000000
v 54.761875 53.000000 -21.000000
v 55.000000 52.634998 -22.000000
v 55.000000 53.000000 -21.635000
v 56.000000 52.047501 -8.000000
v 55.788334 53.000000 -8.000000
v 56.000000 53.000000 -7.619000
v 55.455002 53.000000 -9.000000
v 55.156429 53.000000 -22.000000
v 56.000000 52.863125 -23.000000
v 56.000000 53.000000 -22.843571
v 57.000000 52.773750 -6.000000
v 56.886875 53.000000 -6.000000
v 57.000000 53.000000 -5.886875
v 56.343887 53.000000 -7.000000
v 57.000000 52.989445 -23.000000
v 57.000000 53.000000 -22.984167
v 57.000000 52.150833 -24.000000
v 58.000000 53.000000 -5.011875
v 58.000000 52.767223 -23.000000
v 58.000000 53.000000 -22.476250
v 59.000000 52.819000 -4.000000
v 58.870716 53.000000 -4.000000
v 59.000000 53.000000 -3.886875
v 58.013573 53.000000 -5.000000
v 59.000000 52.488125 -22.000000
v 59.000000 53.000000 -21.317499
v 58.317501 53.000000 -22.000000
v 59.000000 52.433887 -23.000000
v 59.000000 52.129284 -24.000000
v 60.000000 53.000000 -3.121667
v 60.000000 52.656113 -22.000000
v 60.000000 53.000000 -21.381001
v 60.000000 52.767223 -23.000000
v 60.000000 52.738125 -24.000000
v 60.000000 52.557858 -25.000000
v 61.000000 52.515835 -3.000000
v 60.273750 53.000000 -3.000000
v 61.000000 53.000000 -2.636875
v 60.515835 53.000000 -22.000000
v 60.349167 53.000000 -23.000000
v 60.299286 53.000000 -24.000000
v 60.386875 53.000000 -25.000000
v 62.000000 52.156429 -3.000000
v 62.000000 53.000000 -2.343889
v 63.000000 52.136875 -3.000000
v 63.000000 53.000000 -2.232778
v 64.000000 52.136875 -3.000000
v 64.000000 53.000000 -2.232778
v 65.000000 52.442142 -3.000000
v 65.000000 53.000000 -2.511875
v 65.650833 53.000000 -3.000000
v 66.000000 52.013573 -4.000000
v 66.000000 53.000000 -3.232778
v 66.986427 53.000000 -4.000000
v 67.000000 52.682499 -5.000000
v 67.000000 53.000000 -4.047500
v 67.000000 52.299286 -6.000000
v 67.000000 52.682499 -7.000000
v 67.000000 52.849167 -8.000000
v 67.000000 52.819000 -9.000000
v 67.000000 52.523750 -10.000000
v 67.238129 53.000000 -5.000000
v 67.544998 53.000000 -6.000000
v 67.211670 53.000000 -7.000000
v 67.100555 53.000000 -8.000000
v 67.100555 53.000000 -9.000000
v 67.211670 53.000000 -10.000000
v 67.433891 53.000000 -11.000000
v 67.211670 53.000000 -12.000000
v 67.211670 53.000000 -13.000000
v 67.238129 53.000000 -14.000000
v 68.000000 53.000000 -14.677222
v 68.726250 53.000000 -15.000000
v 69.000000 53.000000 -15.121667
v 70.000000 53.000000 -15.121667
v 71.000000 53.000000 -15.343889
v 71.000000 53.000000 -23.817499
v 70.878334 53.000000 -24.000000
v 70.544998 53.000000 -25.000000
v 72.000000 53.000000 -15.870714
v 72.000000 52.849167 -16.000000
v 72.000000 52.013573 -17.000000
v 72.000000 53.000000 -22.317499
v 71.544998 53.000000 -23.000000
v 72.129288 53.000000 -16.000000
v 72.767220 53.000000 -17.000000
v 72.878334 53.000000 -18.000000
v 72.878334 53.000000 -19.000000
v 72.767220 53.000000 -20.000000
v 72.656113 53.000000 -21.000000
v 72.211670 53.000000 -22.000000
v 46.000000 54.000000 -6.682500
v 45.788334 54.000000 -7.000000
v 45.636875 54.000000 -8.000000
v 46.000000 53.047501 -9.000000
v 45.761875 54.000000 -9.000000
v 46.000000 54.000000 -9.952500
v 47.000000 54.000000 -5.677222
v 46.584999 54.000000 -6.000000
v 46.010555 54.000000 -10.000000
v 46.232777 54.000000 -11.000000
v 47.000000 54.000000 -11.863125
v 48.000000 54.000000 -5.343889
v 47.219002 54.000000 -12.000000
v 48.000000 54.000000 -12.433888
v 49.000000 54.000000 -5.343889
v 49.000000 54.000000 -12.545000
v 50.000000 54.000000 -5.455000
v 50.000000 54.000000 -12.545000
v 51.000000 54.000000 -5.886875
v 51.000000 54.000000 -12.211667
v 51.150833 54.000000 -6.000000
v 52.000000 54.000000 -6.849167
v 52.000000 54.000000 -11.317500
v 51.317501 54.000000 -12.000000
v 52.100555 54.000000 -7.000000
v 52.433887 54.000000 -8.000000
v 52.544998 54.000000 -9.000000
v 52.544998 54.000000 -10.000000
v 52.317501 54.000000 -11.000000
v 54.000000 53.047501 -12.000000
v 53.682499 54.000000 -12.000000
v 54.000000 54.000000 -11.365000
v 53.455002 54.000000 -13.000000
v 53.886875 54.000000 -14.000000
v 54.000000 53.634998 -15.000000
v 54.000000 54.000000 -14.452500
v 54.000000 53.452499 -16.000000
v 54.000000 53.904999 -17.000000
v 55.000000 54.000000 -9.273750
v 54.677223 54.000000 -10.000000
v 54.121666 54.000000 -11.000000
v 54.136875 54.000000 -15.000000
v 54.136875 54.000000 -16.000000
v 54.010555 54.000000 -17.000000
v 54.121666 54.000000 -18.000000
v 54.455002 54.000000 -19.000000
v 54.636875 54.000000 -20.000000
v 55.000000 53.476250 -21.000000
v 55.000000 54.000000 -20.580999
v 56.000000 54.000000 -7.019000
v 55.455002 54.000000 -8.000000
v 55.121666 54.000000 -9.000000
v 55.349167 54.000000 -21.000000
v 56.000000 53.656113 -22.000000
v 56.000000 54.000000 -21.557858
v 57.000000 54.000000 -5.511875
v 56.566113 54.000000 -6.000000
v 56.010555 54.000000 -7.000000
v 57.000000 53.656113 -22.000000
v 57.000000 54.000000 -21.557858
v 58.000000 53.023750 -5.000000
v 57.511875 54.000000 -5.000000
v 58.000000 54.000000 -4.349167
v 58.000000 53.986427 -21.000000
v 58.000000 54.000000 -20.981001
v 57.976250 54.000000 -21.000000
v 58.000000 53.211666 -22.000000
v 59.000000 54.000000 -3.136875
v 58.232777 54.000000 -4.000000
v 59.000000 53.780998 -20.000000
v 59.000000 54.000000 -19.781000
v 58.817501 54.000000 -20.000000
v 59.000000 53.317501 -21.000000
v 60.000000 53.182499 -3.000000
v 59.182499 54.000000 -3.000000
v 60.000000 54.000000 -2.386875
v 60.000000 53.843571 -17.000000
v 60.000000 54.000000 -16.452499
v 59.817501 54.000000 -17.000000
v 60.000000 53.484165 -18.000000
v 59.613125 54.000000 -18.000000
v 60.000000 53.700714 -19.000000
v 59.650833 54.000000 -19.000000
v 60.000000 53.150833 -20.000000
v 60.000000 53.317501 -21.000000
v 61.000000 54.000000 -2.121667
v 61.000000 53.984165 -17.000000
v 61.000000 54.000000 -16.976250
v 61.000000 53.484165 -18.000000
v 61.000000 53.817501 -19.000000
v 61.000000 53.780998 -20.000000
v 60.819000 54.000000 -21.000000
v 61.000000 54.000000 -20.547501
v 61.000000 53.484165 -22.000000
v 61.000000 54.000000 -21.226250
v 61.000000 53.650833 -23.000000
v 61.000000 53.817501 -24.000000
v 61.000000 53.817501 -25.000000
v 62.000000 54.000000 -2.010556
v 61.031666 54.000000 -17.000000
v 61.773750 54.000000 -18.000000
v 61.273750 54.000000 -19.000000
v 61.156429 54.000000 -20.000000
v 61.343887 54.000000 -22.000000
v 61.232777 54.000000 -23.000000
v 61.121666 54.000000 -24.000000
v 61.121666 54.000000 -25.000000
v 63.000000 53.698334 -2.000000
v 62.095001 54.000000 -2.000000
v 63.000000 54.000000 -1.899444
v 64.000000 53.698334 -2.000000
v 64.000000 54.000000 -1.899444
v 64.904999 54.000000 -2.000000
v 65.000000 54.000000 -2.010556
v 66.000000 54.000000 -2.299286
v 66.000000 53.299286 -3.000000
v 66.817497 54.000000 -3.000000
v 67.000000 53.015835 -4.000000
v 67.000000 54.000000 -3.156429
v 67.656113 54.000000 -4.000000
v 67.656113 54.000000 -5.000000
v 67.878334 54.000000 -6.000000
v 67.544998 54.000000 -7.000000
v 67.433891 54.000000 -8.000000
v 67.433891 54.000000 -9.000000
v 67.433891 54.000000 -10.000000
v 67.544998 54.000000 -11.000000
v 67.211670 54.000000 -12.000000
v 67.100555 54.000000 -13.000000
v 67.415001 54.000000 -14.000000
v 68.000000 54.000000 -14.455000
v 69.000000 54.000000 -14.788333
v 69.000000 53.365002 -15.000000
v 70.000000 53.365002 -15.000000
v 70.000000 54.000000 -14.788333
v 71.000000 53.773750 -15.000000
v 71.000000 54.000000 -14.899445
v 71.000000 54.000000 -23.557858
v 70.656113 54.000000 -24.000000
v 70.322777 54.000000 -25.000000
v 71.452499 54.000000 -15.000000
v 72.000000 54.000000 -15.136875
v 72.000000 54.000000 -22.150833
v 71.433891 54.000000 -23.000000
v 72.863129 54.000000 -16.000000
v 73.000000 54.000000 -16.365000
v 73.000000 53.523750 -17.000000
v 73.000000 53.365002 -18.000000
v 73.000000 53.365002 -19.000000
v 73.000000 54.000000 -19.952499
v 72.989441 54.000000 -20.000000
v 72.767220 54.000000 -21.000000
v 72.113129 54.000000 -22.000000
v 73.211670 54.000000 -17.000000
v 73.211670 54.000000 -18.000000
v 73.211670 54.000000 -19.000000
v 46.000000 55.000000 -6.682500
v 45.788334 55.000000 -7.000000
v 45.455002 55.000000 -8.000000
v 45.455002 55.000000 -9.000000
v 46.000000 54.023750 -10.000000
v 45.566113 55.000000 -10.000000
v 46.000000 54.698334 -11.000000
v 45.899445 55.000000 -11.000000
v 46.000000 55.000000 -11.150833
v 47.000000 55.000000 -5.677222
v 46.584999 55.000000 -6.000000
v 47.000000 54.365002 -12.000000
v 46.727856 55.000000 -12.000000
v 47.000000 55.000000 -12.238125
v 48.000000 55.000000 -5.343889
v 48.000000 55.000000 -12.767222
v 49.000000 55.000000 -5.232778
v 49.000000 55.000000 -12.767222
v 50.000000 55.000000 -5.455000
v 50.000000 55.000000 -12.656111
v 51.000000 54.904999 -6.000000
v 50.980999 55.000000 -6.000000
v 51.000000 55.000000 -6.011875
v 51.000000 55.000000 -12.211667
v 52.000000 54.452499 -7.000000
v 51.878334 55.000000 -7.000000
v 52.000000 55.000000 -7.273750
v 52.000000 55.000000 -11.317500
v 51.317501 55.000000 -12.000000
v 52.322777 55.000000 -8.000000
v 52.544998 55.000000 -9.000000
v 52.544998 55.000000 -10.000000
v 52.317501 55.000000 -11.000000
v 54.000000 55.000000 -11.365000
v 53.682499 55.000000 -12.000000
v 53.566113 55.000000 -13.000000
v 54.000000 54.452499 -14.000000
v 54.000000 55.000000 -13.781000
v 55.000000 54.547501 -9.000000
v 54.899445 55.000000 -9.000000
v 55.000000 55.000000 -8.698334
v 54.566113 55.000000 -10.000000
v 54.121666 55.000000 -11.000000
v 54.156429 55.000000 -14.000000
v 54.584999 55.000000 -15.000000
v 54.442142 55.000000 -16.000000
v 54.121666 55.000000 -17.000000
v 54.121666 55.000000 -18.000000
v 54.566113 55.000000 -19.000000
v 55.000000 54.968334 -20.000000
v 55.000000 55.000000 -19.976250
v 56.000000 54.047501 -7.000000
v 55.788334 55.000000 -7.000000
v 56.000000 55.000000 -6.619000
v 55.232777 55.000000 -8.000000
v 55.013573 55.000000 -20.000000
v 56.000000 54.650833 -21.000000
v 56.000000 55.000000 -20.767221
v 57.000000 55.000000 -5.156428
v 56.343887 55.000000 -6.000000
v 57.000000 54.780998 -21.000000
v 57.000000 55.000000 -20.878334
v 58.000000 54.418999 -4.000000
v 57.677223 55.000000 -4.000000
v 58.000000 55.000000 -3.585000
v 57.121666 55.000000 -5.000000
v 58.000000 55.000000 -20.415001
v 59.000000 54.219002 -3.000000
v 58.511875 55.000000 -3.000000
v 59.000000 55.000000 -2.511875
v 59.000000 54.980999 -15.000000
v 59.000000 55.000000 -14.976250
v 58.968334 55.000000 -15.000000
v 59.000000 54.780998 -16.000000
v 58.726250 55.000000 -16.000000
v 59.000000 54.980999 -17.000000
v 58.984165 55.000000 -17.000000
v 59.000000 55.000000 -17.031666
v 59.000000 54.976250 -19.000000
v 59.000000 55.000000 -18.968334
v 58.986427 55.000000 -19.000000
v 58.484165 55.000000 -20.000000
v 60.000000 55.000000 -2.010556
v 60.000000 54.780998 -15.000000
v 60.000000 55.000000 -14.817500
v 60.000000 54.150833 -16.000000
v 59.363125 55.000000 -18.000000
v 61.000000 54.365002 -2.000000
v 60.047501 55.000000 -2.000000
v 61.000000 55.000000 -1.788333
v 60.273750 55.000000 -15.000000
v 61.000000 54.650833 -16.000000
v 61.000000 55.000000 -15.581000
v 61.000000 54.129284 -21.000000
v 62.000000 54.031666 -2.000000
v 62.000000 55.000000 -1.677222
v 61.349167 55.000000 -16.000000
v 62.000000 54.726250 -17.000000
v 62.000000 55.000000 -16.781000
v 62.000000 54.150833 -18.000000
v 62.000000 54.484165 -19.000000
v 62.000000 54.984165 -20.000000
v 62.000000 55.000000 -20.047501
v 61.761875 55.000000 -21.000000
v 62.000000 54.984165 -22.000000
v 62.000000 55.000000 -21.952499
v 61.899445 55.000000 -23.000000
v 62.000000 55.000000 -22.094999
v 61.788334 55.000000 -24.000000
v 61.788334 55.000000 -25.000000
v 63.000000 55.000000 -1.566111
v 62.121666 55.000000 -17.000000
v 62.566113 55.000000 -18.000000
v 62.442142 55.000000 -19.000000
v 62.013573 55.000000 -20.000000
v 62.010555 55.000000 -22.000000
v 64.000000 55.000000 -1.566111
v 65.000000 55.000000 -1.677222
v 65.000000 54.031666 -2.000000
v 66.000000 54.523750 -2.000000
v 66.000000 55.000000 -1.788333
v 66.635002 55.000000 -2.000000
v 67.000000 54.182499 -3.000000
v 67.000000 55.000000 -2.182500
v 67.000000 54.452499 -13.000000
v 67.000000 55.000000 -12.635000
v 66.878334 55.000000 -13.000000
v 67.000000 55.000000 -13.547500
v 67.613129 55.000000 -3.000000
v 68.000000 54.618999 -4.000000
v 68.000000 55.000000 -3.619000
v 68.000000 55.000000 -4.952500
v 67.988129 55.000000 -5.000000
v 67.988129 55.000000 -6.000000
v 67.544998 55.000000 -7.000000
v 67.544998 55.000000 -8.000000
v 67.544998 55.000000 -9.000000
v 67.544998 55.000000 -10.000000
v 67.544998 55.000000 -11.000000
v 67.211670 55.000000 -12.000000
v 67.226250 55.000000 -14.000000
v 68.000000 55.000000 -14.343889
v 68.238129 55.000000 -4.000000
v 69.000000 55.000000 -14.455000
v 70.000000 55.000000 -14.455000
v 70.000000 54.726250 -25.000000
v 70.000000 55.000000 -24.726250
v 69.878334 55.000000 -25.000000
v 71.000000 55.000000 -14.566112
v 71.000000 55.000000 -23.363125
v 70.363129 55.000000 -24.000000
v 72.000000 55.000000 -14.677222
v 72.000000 54.273750 -15.000000
v 72.000000 54.904999 -22.000000
v 72.000000 55.000000 -21.988125
v 71.989441 55.000000 -22.000000
v 71.322777 55.000000 -23.000000
v 72.581001 55.000000 -15.000000
v 73.000000 54.219002 -16.000000
v 73.000000 55.000000 -15.349167
v 73.000000 54.047501 -20.000000
v 73.000000 55.000000 -20.635000
v 72.878334 55.000000 -21.000000
v 73.488129 55.000000 -16.000000
v 73.767220 55.000000 -17.000000
v 73.656113 55.000000 -18.000000
v 73.656113 55.000000 -19.000000
v 73.211670 55.000000 -20.000000
v 46.000000 56.000000 -6.515833
v 45.677223 56.000000 -7.000000
v 45.343887 56.000000 -8.000000
v 45.455002 56.000000 -9.000000
v 45.455002 56.000000 -10.000000
v 45.788334 56.000000 -11.000000
v 46.000000 56.000000 -11.317500
v 47.000000 56.000000 -5.788333
v 46.618999 56.000000 -6.000000
v 46.511875 56.000000 -12.000000
v 47.000000 56.000000 -12.433888
v 48.000000 56.000000 -5.455000
v 48.000000 56.000000 -12.989445
v 49.000000 56.000000 -5.343889
v 49.000000 56.000000 -12.989445
v 50.000000 56.000000 -5.566111
v 50.000000 56.000000 -12.767222
v 50.650833 56.000000 -6.000000
v 51.000000 56.000000 -6.261875
v 51.000000 56.000000 -12.211667
v 51.656113 56.000000 -7.000000
v 52.000000 56.000000 -7.619000
v 52.000000 56.000000 -11.317500
v 51.317501 56.000000 -12.000000
v 52.211666 56.000000 -8.000000
v 52.544998 56.000000 -9.000000
v 52.544998 56.000000 -10.000000
v 52.272144 56.000000 -11.000000
v 54.000000 55.634998 -12.000000
v 54.000000 55.780998 -13.000000
v 55.000000 56.000000 -8.547500
v 54.899445 56.000000 -9.000000
v 54.566113 56.000000 -10.000000
v 54.343887 56.000000 -11.000000
v 54.136875 56.000000 -12.000000
v 54.156429 56.000000 -13.000000
v 55.000000 55.738125 -14.000000
v 55.000000 56.000000 -13.738125
v 55.000000 55.581001 -15.000000
v 54.682499 56.000000 -16.000000
v 55.000000 56.000000 -15.523750
v 54.261875 56.000000 -17.000000
v 54.261875 56.000000 -18.000000
v 54.886875 56.000000 -19.000000
v 55.000000 56.000000 -19.226250
v 56.000000 56.000000 -6.523750
v 55.788334 56.000000 -7.000000
v 55.121666 56.000000 -8.000000
v 56.000000 55.878334 -14.000000
v 56.000000 56.000000 -13.878333
v 55.523750 56.000000 -15.000000
v 56.000000 56.000000 -14.365000
v 55.515835 56.000000 -20.000000
v 56.000000 56.000000 -20.322779
v 57.000000 55.547501 -5.000000
v 56.899445 56.000000 -5.000000
v 57.000000 56.000000 -4.773750
v 56.232777 56.000000 -6.000000
v 57.000000 55.767223 -14.000000
v 57.000000 56.000000 -13.738125
v 57.000000 56.000000 -14.698334
v 57.000000 56.000000 -20.545000
v 58.000000 56.000000 -3.156429
v 57.343887 56.000000 -4.000000
v 58.000000 55.544998 -14.000000
v 58.000000 56.000000 -13.415000
v 57.452499 56.000000 -15.000000
v 58.000000 55.726250 -15.000000
v 58.000000 56.000000 -15.365000
v 58.000000 56.000000 -20.113125
v 59.000000 56.000000 -2.121667
v 58.121666 56.000000 -3.000000
v 59.000000 55.433887 -14.000000
v 59.000000 56.000000 -13.150833
v 58.634998 56.000000 -16.000000
v 58.980999 56.000000 -17.000000
v 59.000000 56.000000 -17.047501
v 59.000000 56.000000 -18.317499
v 58.488125 56.000000 -19.000000
v 58.150833 56.000000 -20.000000
v 60.000000 55.031666 -2.000000
v 59.273750 56.000000 -2.000000
v 60.000000 56.000000 -1.677222
v 60.000000 55.544998 -14.000000
v 60.000000 56.000000 -13.415000
v 59.272144 56.000000 -18.000000
v 61.000000 56.000000 -1.455000
v 60.819000 56.000000 -14.000000
v 61.000000 55.484165 -15.000000
v 61.000000 56.000000 -14.226250
v 62.000000 56.000000 -1.455000
v 61.618999 56.000000 -15.000000
v 62.000000 55.557858 -16.000000
v 62.000000 56.000000 -15.381000
v 62.000000 55.272144 -21.000000
v 62.000000 55.150833 -23.000000
v 62.000000 55.317501 -24.000000
v 62.000000 55.317501 -25.000000
v 63.000000 56.000000 -1.455000
v 62.515835 56.000000 -16.000000
v 62.870716 56.000000 -17.000000
v 63.000000 55.780998 -18.000000
v 63.000000 56.000000 -17.452499
v 63.000000 55.976250 -19.000000
v 62.761875 56.000000 -20.000000
v 63.000000 56.000000 -19.047501
v 62.636875 56.000000 -21.000000
v 62.677223 56.000000 -22.000000
v 62.636875 56.000000 -23.000000
v 62.584999 56.000000 -24.000000
v 62.682499 56.000000 -25.000000
v 64.000000 56.000000 -1.455000
v 63.136875 56.000000 -18.000000
v 63.011875 56.000000 -19.000000
v 65.000000 56.000000 -1.455000
v 66.000000 56.000000 -1.455000
v 66.000000 55.984165 -14.000000
v 66.000000 56.000000 -13.968333
v 65.981003 56.000000 -14.000000
v 66.000000 56.000000 -14.019000
v 67.000000 56.000000 -1.788333
v 67.000000 55.365002 -2.000000
v 67.000000 55.952499 -12.000000
v 67.000000 56.000000 -11.976250
v 66.988129 56.000000 -12.000000
v 66.415001 56.000000 -13.000000
v 67.000000 55.301666 -14.000000
v 67.000000 56.000000 -14.299286
v 67.317497 56.000000 -2.000000
v 68.000000 55.773750 -3.000000
v 68.000000 56.000000 -2.819000
v 68.000000 55.031666 -5.000000
v 68.000000 55.095001 -6.000000
v 68.000000 56.000000 -6.181000
v 67.544998 56.000000 -7.000000
v 67.544998 56.000000 -8.000000
v 67.544998 56.000000 -9.000000
v 67.433891 56.000000 -10.000000
v 67.433891 56.000000 -11.000000
v 68.000000 56.000000 -14.455000
v 68.100555 56.000000 -3.000000
v 68.656113 56.000000 -4.000000
v 68.322777 56.000000 -5.000000
v 68.100555 56.000000 -6.000000
v 69.000000 56.000000 -14.455000
v 70.000000 56.000000 -14.261875
v 70.000000 55.726250 -24.000000
v 70.000000 56.000000 -23.863125
v 69.863129 56.000000 -24.000000
v 69.129288 56.000000 -25.000000
v 71.000000 56.000000 -14.013572
v 71.000000 55.968334 -23.000000
v 71.000000 56.000000 -22.986429
v 70.986427 56.000000 -23.000000
v 72.000000 56.000000 -14.013572
v 72.000000 56.000000 -21.767221
v 71.767220 56.000000 -22.000000
v 73.000000 56.000000 -14.585000
v 73.000000 55.418999 -15.000000
v 73.000000 56.000000 -20.476250
v 72.767220 56.000000 -21.000000
v 73.415001 56.000000 -15.000000
v 73.989441 56.000000 -16.000000
v 74.000000 56.000000 -16.094999
v 74.000000 55.698334 -17.000000
v 74.000000 56.000000 -17.452499
v 73.878334 56.000000 -18.000000
v 73.767220 56.000000 -19.000000
v 73.211670 56.000000 -20.000000
v 74.100555 56.000000 -17.000000
v 46.000000 57.000000 -6.349167
v 45.566113 57.000000 -7.000000
v 45.232777 57.000000 -8.000000
v 45.455002 57.000000 -9.000000
v 45.455002 57.000000 -10.000000
v 45.788334 57.000000 -11.000000
v 46.000000 57.000000 -11.317500
v 47.000000 57.000000 -5.788333
v 46.523750 57.000000 -6.000000
v 46.455002 57.000000 -12.000000
v 47.000000 57.000000 -12.545000
v 48.000000 57.000000 -5.455000
v 48.000000 56.047501 -13.000000
v 47.682499 57.000000 -13.000000
v 48.000000 57.000000 -13.211667
v 49.000000 57.000000 -5.455000
v 49.000000 56.047501 -13.000000
v 49.000000 57.000000 -13.211667
v 50.000000 57.000000 -5.788333
v 50.000000 57.000000 -12.878333
v 49.634998 57.000000 -13.000000
v 50.317501 57.000000 -6.000000
v 51.000000 57.000000 -6.585000
v 51.000000 57.000000 -12.113125
v 51.363125 57.000000 -7.000000
v 52.000000 57.000000 -7.849167
v 52.000000 57.000000 -11.150833
v 51.150833 57.000000 -12.000000
v 52.100555 57.000000 -8.000000
v 52.433887 57.000000 -9.000000
v 52.433887 57.000000 -10.000000
v 52.113125 57.000000 -11.000000
v 55.000000 56.301666 -9.000000
v 55.000000 56.976250 -10.000000
v 55.000000 56.984165 -11.000000
v 55.000000 56.986427 -12.000000
v 55.000000 56.656113 -13.000000
v 55.000000 57.000000 -15.870714
v 54.849167 57.000000 -16.000000
v 54.584999 57.000000 -17.000000
v 54.442142 57.000000 -18.000000
v 55.000000 56.301666 -19.000000
v 55.000000 57.000000 -18.650833
v 56.000000 57.000000 -6.365000
v 55.788334 57.000000 -7.000000
v 55.232777 57.000000 -8.000000
v 55.232777 57.000000 -9.000000
v 55.010555 57.000000 -10.000000
v 55.013573 57.000000 -11.000000
v 55.023750 57.000000 -12.000000
v 56.000000 56.878334 -13.000000
v 56.000000 57.000000 -12.781000
v 56.000000 56.476250 -15.000000
v 56.000000 57.000000 -15.349167
v 55.299286 57.000000 -19.000000
v 55.682499 57.000000 -20.000000
v 56.000000 57.000000 -20.211666
v 57.000000 57.000000 -4.365000
v 56.788334 57.000000 -5.000000
v 56.121666 57.000000 -6.000000
v 57.000000 56.656113 -13.000000
v 57.000000 57.000000 -12.484167
v 57.000000 56.452499 -15.000000
v 57.000000 57.000000 -15.182500
v 57.000000 57.000000 -20.545000
v 58.000000 57.000000 -3.011875
v 57.121666 57.000000 -4.000000
v 58.000000 56.984165 -12.000000
v 58.000000 57.000000 -11.986428
v 57.968334 57.000000 -12.000000
v 58.000000 56.363125 -13.000000
v 58.000000 57.000000 -15.349167
v 58.000000 57.000000 -20.113125
v 59.000000 57.000000 -2.010556
v 58.010555 57.000000 -3.000000
v 59.000000 56.557858 -12.000000
v 59.000000 57.000000 -11.557858
v 59.000000 56.113125 -13.000000
v 59.000000 57.000000 -15.682500
v 59.000000 56.365002 -16.000000
v 59.000000 56.047501 -17.000000
v 59.000000 57.000000 -18.150833
v 58.272144 57.000000 -19.000000
v 58.150833 57.000000 -20.000000
v 60.000000 57.000000 -1.677222
v 59.031666 57.000000 -2.000000
v 60.000000 56.738125 -12.000000
v 60.000000 57.000000 -11.581000
v 60.000000 56.363125 -13.000000
v 59.317501 57.000000 -16.000000
v 59.317501 57.000000 -17.000000
v 59.150833 57.000000 -18.000000
v 61.000000 57.000000 -1.455000
v 60.523750 57.000000 -12.000000
v 61.000000 56.878334 -13.000000
v 61.000000 57.000000 -12.635000
v 61.000000 56.129284 -14.000000
v 62.000000 57.000000 -1.455000
v 61.219002 57.000000 -13.000000
v 62.000000 56.738125 -14.000000
v 62.000000 57.000000 -13.650833
v 62.000000 56.272144 -15.000000
v 63.000000 57.000000 -1.455000
v 62.698334 57.000000 -14.000000
v 63.000000 56.767223 -15.000000
v 63.000000 57.000000 -14.301666
v 63.000000 56.322777 -16.000000
v 63.000000 56.129284 -17.000000
v 63.000000 56.381001 -20.000000
v 63.000000 56.581001 -21.000000
v 63.000000 56.484165 -22.000000
v 63.000000 56.363125 -23.000000
v 63.000000 56.322777 -24.000000
v 63.000000 56.211666 -25.000000
v 64.000000 57.000000 -1.455000
v 64.000000 56.878334 -14.000000
v 64.000000 57.000000 -13.843572
v 63.452499 57.000000 -14.000000
v 64.000000 56.863125 -15.000000
v 64.000000 56.738125 -16.000000
v 63.870716 57.000000 -17.000000
v 64.000000 57.000000 -16.698334
v 63.886875 57.000000 -18.000000
v 63.566113 57.000000 -19.000000
v 63.343887 57.000000 -20.000000
v 63.232777 57.000000 -21.000000
v 63.386875 57.000000 -22.000000
v 63.727856 57.000000 -23.000000
v 64.000000 56.989445 -24.000000
v 64.000000 57.000000 -23.952499
v 64.000000 56.878334 -25.000000
v 65.000000 57.000000 -1.455000
v 65.000000 56.613125 -14.000000
v 65.000000 57.000000 -13.381000
v 65.000000 56.984165 -15.000000
v 64.418999 57.000000 -16.000000
v 65.000000 57.000000 -15.031667
v 64.023750 57.000000 -24.000000
v 64.364998 57.000000 -25.000000
v 66.000000 57.000000 -1.455000
v 66.000000 56.484165 -13.000000
v 66.000000 57.000000 -12.381000
v 65.380997 57.000000 -13.000000
v 66.000000 57.000000 -14.727858
v 65.047501 57.000000 -15.000000
v 67.000000 57.000000 -1.677222
v 67.000000 56.976250 -11.000000
v 67.000000 57.000000 -10.952500
v 66.989441 57.000000 -11.000000
v 66.317497 57.000000 -12.000000
v 67.000000 57.000000 -14.442142
v 67.581001 57.000000 -2.000000
v 68.000000 57.000000 -2.349167
v 68.000000 57.000000 -6.317500
v 67.544998 57.000000 -7.000000
v 67.544998 57.000000 -8.000000
v 67.544998 57.000000 -9.000000
v 67.238129 57.000000 -10.000000
v 68.000000 57.000000 -14.156428
v 68.000000 56.878334 -25.000000
v 68.000000 57.000000 -24.817499
v 67.726250 57.000000 -25.000000
v 68.433891 57.000000 -3.000000
v 68.989441 57.000000 -4.000000
v 68.544998 57.000000 -5.000000
v 68.211670 57.000000 -6.000000
v 69.000000 56.819000 -14.000000
v 68.547501 57.000000 -14.000000
v 69.000000 57.000000 -13.899445
v 69.000000 56.129284 -25.000000
v 69.000000 57.000000 -24.238125
v 70.000000 56.349167 -14.000000
v 70.000000 57.000000 -13.566112
v 70.000000 57.000000 -23.545000
v 69.317497 57.000000 -24.000000
v 71.000000 56.015835 -14.000000
v 71.000000 57.000000 -13.343889
v 71.000000 57.000000 -22.738125
v 70.700714 57.000000 -23.000000
v 72.000000 56.015835 -14.000000
v 72.000000 57.000000 -13.343889
v 72.000000 57.000000 -21.656111
v 71.656113 57.000000 -22.000000
v 73.000000 56.584999 -14.000000
v 73.000000 57.000000 -13.636875
v 73.000000 57.000000 -20.381001
v 72.656113 57.000000 -21.000000
v 73.415001 57.000000 -14.000000
v 73.988129 57.000000 -15.000000
v 74.000000 57.000000 -15.031667
v 74.000000 56.031666 -16.000000
v 74.000000 56.547501 -18.000000
v 74.000000 57.000000 -18.452499
v 73.878334 57.000000 -19.000000
v 73.211670 57.000000 -20.000000
v 74.322777 57.000000 -16.000000
v 74.433891 57.000000 -17.000000
v 74.100555 57.000000 -18.000000
v 46.000000 58.000000 -6.349167
v 45.511875 58.000000 -7.000000
v 45.121666 58.000000 -8.000000
v 45.455002 58.000000 -9.000000
v 45.455002 58.000000 -10.000000
v 45.677223 58.000000 -11.000000
v 46.000000 58.000000 -11.484167
v 47.000000 57.952499 -6.000000
v 47.000000 58.000000 -6.010556
v 46.343887 58.000000 -12.000000
v 47.000000 58.000000 -12.656111
v 48.000000 58.000000 -5.677222
v 47.031666 58.000000 -6.000000
v 47.618999 58.000000 -13.000000
v 48.000000 58.000000 -13.211667
v 49.000000 58.000000 -5.788333
v 49.000000 58.000000 -13.211667
v 50.000000 57.952499 -6.000000
v 49.952499 58.000000 -6.000000
v 50.000000 58.000000 -6.010556
v 50.000000 58.000000 -12.767222
v 49.476250 58.000000 -13.000000
v 51.000000 58.000000 -6.870714
v 51.000000 57.452499 -12.000000
v 51.000000 58.000000 -11.878333
v 50.863125 58.000000 -12.000000
v 51.129284 58.000000 -7.000000
v 51.989445 58.000000 -8.000000
v 52.000000 57.904999 -8.000000
v 52.000000 58.000000 -8.031667
v 52.000000 57.452499 -11.000000
v 52.000000 58.000000 -10.726250
v 51.878334 58.000000 -11.000000
v 52.322777 58.000000 -9.000000
v 52.322777 58.000000 -10.000000
v 55.000000 57.301666 -16.000000
v 55.000000 57.581001 -17.000000
v 55.000000 57.976250 -18.000000
v 56.000000 57.952499 -7.000000
v 55.761875 58.000000 -8.000000
v 56.000000 58.000000 -7.047500
v 56.000000 57.986427 -9.000000
v 56.000000 58.000000 -8.952500
v 56.000000 57.989445 -10.000000
v 56.000000 57.767223 -11.000000
v 56.000000 57.433887 -12.000000
v 56.000000 58.000000 -15.788333
v 55.523750 58.000000 -16.000000
v 55.523750 58.000000 -17.000000
v 55.023750 58.000000 -18.000000
v 56.000000 57.817501 -19.000000
v 56.000000 58.000000 -18.781000
v 56.000000 57.634998 -20.000000
v 57.000000 58.000000 -4.365000
v 56.788334 58.000000 -5.000000
v 56.232777 58.000000 -6.000000
v 56.010555 58.000000 -7.000000
v 56.015835 58.000000 -9.000000
v 56.023750 58.000000 -10.000000
v 57.000000 57.989445 -11.000000
v 57.000000 58.000000 -10.976250
v 57.000000 57.363125 -12.000000
v 57.000000 58.000000 -15.566112
v 56.547501 58.000000 -19.000000
v 56.547501 58.000000 -20.000000
v 57.000000 58.000000 -20.113125
v 58.000000 58.000000 -3.011875
v 57.121666 58.000000 -4.000000
v 58.000000 57.767223 -11.000000
v 58.000000 58.000000 -10.581000
v 58.000000 58.000000 -15.455000
v 58.000000 57.381001 -19.000000
v 58.000000 58.000000 -18.381001
v 57.226250 58.000000 -19.000000
v 58.000000 57.226250 -20.000000
v 57.226250 58.000000 -20.000000
v 59.000000 58.000000 -2.010556
v 58.010555 58.000000 -3.000000
v 59.000000 57.433887 -11.000000
v 59.000000 58.000000 -10.150833
v 59.000000 58.000000 -15.566112
v 59.000000 57.452499 -18.000000
v 59.000000 58.000000 -17.781000
v 58.634998 58.000000 -18.000000
v 60.000000 58.000000 -1.677222
v 59.031666 58.000000 -2.000000
v 60.000000 57.988125 -10.000000
v 60.000000 58.000000 -9.984167
v 59.904999 58.000000 -10.000000
v 60.000000 57.322777 -11.000000
v 59.780998 58.000000 -16.000000
v 59.780998 58.000000 -17.000000
v 61.000000 58.000000 -1.455000
v 60.031666 58.000000 -10.000000
v 61.000000 57.656113 -11.000000
v 61.000000 58.000000 -10.484167
v 61.000000 57.238125 -12.000000
v 62.000000 58.000000 -1.455000
v 61.515835 58.000000 -11.000000
v 62.000000 57.986427 -12.000000
v 62.000000 58.000000 -11.968333
v 62.000000 57.488125 -13.000000
v 63.000000 58.000000 -1.455000
v 62.019001 58.000000 -12.000000
v 63.000000 57.986427 -13.000000
v 63.000000 58.000000 -12.981000
v 63.000000 57.113125 -14.000000
v 64.000000 58.000000 -1.455000
v 64.000000 57.984165 -13.000000
v 64.000000 58.000000 -12.986428
v 64.000000 57.113125 -17.000000
v 64.000000 57.129284 -18.000000
v 64.000000 57.650833 -19.000000
v 64.000000 57.984165 -20.000000
v 63.899445 58.000000 -21.000000
v 64.000000 58.000000 -20.094999
v 64.000000 57.700714 -22.000000
v 64.000000 58.000000 -21.301666
v 64.000000 57.238125 -23.000000
v 65.000000 58.000000 -1.455000
v 65.000000 57.317501 -13.000000
v 65.000000 58.000000 -12.317500
v 65.000000 57.726250 -16.000000
v 65.000000 58.000000 -16.365000
v 64.788330 58.000000 -17.000000
v 64.677223 58.000000 -18.000000
v 64.232780 58.000000 -19.000000
v 64.010559 58.000000 -20.000000
v 64.261871 58.000000 -22.000000
v 65.000000 57.986427 -23.000000
v 65.000000 58.000000 -22.984167
v 65.000000 57.433887 -24.000000
v 65.000000 57.211666 -25.000000
v 66.000000 58.000000 -1.455000
v 66.000000 57.317501 -12.000000
v 66.000000 58.000000 -11.415000
v 65.317497 58.000000 -12.000000
v 66.000000 58.000000 -14.886875
v 65.819000 58.000000 -15.000000
v 65.121666 58.000000 -16.000000
v 65.023750 58.000000 -23.000000
v 66.000000 57.767223 -24.000000
v 66.000000 58.000000 -23.650833
v 66.000000 57.544998 -25.000000
v 67.000000 58.000000 -1.566111
v 67.000000 57.476250 -10.000000
v 67.000000 58.000000 -9.581000
v 66.767220 58.000000 -10.000000
v 66.322777 58.000000 -11.000000
v 67.000000 58.000000 -14.156428
v 67.000000 57.767223 -24.000000
v 67.000000 58.000000 -23.700714
v 67.000000 57.322777 -25.000000
v 67.976250 58.000000 -2.000000
v 68.000000 58.000000 -2.015833
v 68.000000 58.000000 -6.181000
v 67.544998 58.000000 -7.000000
v 67.544998 58.000000 -8.000000
v 67.363129 58.000000 -9.000000
v 68.000000 57.273750 -14.000000
v 67.273750 58.000000 -14.000000
v 68.000000 58.000000 -13.636875
v 68.000000 57.613125 -24.000000
v 68.000000 58.000000 -23.613125
v 68.656113 58.000000 -3.000000
v 68.989441 58.000000 -4.000000
v 68.433891 58.000000 -5.000000
v 68.100555 58.000000 -6.000000
v 69.000000 58.000000 -13.136875
v 69.000000 57.272144 -24.000000
v 69.000000 58.000000 -23.363125
v 70.000000 57.636875 -13.000000
v 69.273750 58.000000 -13.000000
v 70.000000 58.000000 -12.585000
v 70.000000 57.980999 -23.000000
v 70.000000 58.000000 -22.988125
v 69.968330 58.000000 -23.000000
v 71.000000 57.343887 -13.000000
v 71.000000 58.000000 -12.261875
v 71.000000 58.000000 -22.322779
v 72.000000 57.386875 -13.000000
v 72.000000 58.000000 -12.386875
v 72.000000 58.000000 -21.488125
v 71.415001 58.000000 -22.000000
v 73.000000 57.727856 -13.000000
v 73.000000 58.000000 -12.727858
v 73.000000 58.000000 -20.150833
v 72.433891 58.000000 -21.000000
v 73.272141 58.000000 -13.000000
v 74.000000 57.819000 -14.000000
v 74.000000 58.000000 -13.849167
v 74.000000 57.023750 -15.000000
v 74.000000 58.000000 -18.476250
v 73.767220 58.000000 -19.000000
v 73.100555 58.000000 -20.000000
v 74.129288 58.000000 -14.000000
v 74.488129 58.000000 -15.000000
v 74.656113 58.000000 -16.000000
v 74.656113 58.000000 -17.000000
v 74.211670 58.000000 -18.000000
v 46.000000 59.000000 -6.515833
v 45.584999 59.000000 -7.000000
v 45.010555 59.000000 -8.000000
v 45.232777 59.000000 -9.000000
v 45.232777 59.000000 -10.000000
v 45.455002 59.000000 -11.000000
v 46.000000 59.000000 -11.817500
v 47.000000 59.000000 -6.121666
v 46.121666 59.000000 -12.000000
v 47.000000 59.000000 -12.878333
v 48.000000 59.000000 -5.788333
v 47.365002 59.000000 -6.000000
v 47.273750 59.000000 -13.000000
v 48.000000 59.000000 -13.322778
v 49.000000 59.000000 -5.899445
v 49.000000 59.000000 -13.322778
v 49.452499 59.000000 -6.000000
v 50.000000 59.000000 -6.121666
v 50.000000 59.000000 -12.878333
v 49.726250 59.000000 -13.000000
v 51.000000 58.452499 -7.000000
v 50.878334 59.000000 -7.000000
v 51.000000 59.000000 -7.121666
v 51.000000 59.000000 -11.843572
v 50.878334 59.000000 -12.000000
v 51.878334 59.000000 -8.000000
v 52.000000 59.000000 -8.547500
v 52.000000 59.000000 -10.226250
v 51.656113 59.000000 -11.000000
v 52.100555 59.000000 -9.000000
v 52.100555 59.000000 -10.000000
v 56.000000 58.272144 -8.000000
v 56.000000 58.634998 -16.000000
v 56.000000 58.634998 -17.000000
v 56.000000 58.976250 -18.000000
v 57.000000 59.000000 -4.523750
v 56.788334 59.000000 -5.000000
v 56.511875 59.000000 -6.000000
v 56.584999 59.000000 -7.000000
v 57.000000 59.000000 -7.968333
v 57.000000 58.989445 -8.000000
v 57.000000 58.656113 -9.000000
v 57.000000 58.433887 -10.000000
v 57.000000 59.000000 -15.677222
v 56.273750 59.000000 -16.000000
v 56.273750 59.000000 -17.000000
v 56.095001 59.000000 -18.000000
v 57.000000 58.150833 -19.000000
v 57.000000 59.000000 -18.150833
v 57.000000 58.150833 -20.000000
v 58.000000 59.000000 -3.232778
v 57.232777 59.000000 -4.000000
v 57.047501 59.000000 -8.000000
v 58.000000 58.767223 -9.000000
v 58.000000 59.000000 -8.476250
v 58.000000 58.322777 -10.000000
v 58.000000 59.000000 -15.455000
v 58.000000 58.634998 -18.000000
v 58.000000 59.000000 -17.817499
v 57.452499 59.000000 -18.000000
v 59.000000 59.000000 -2.232778
v 58.232777 59.000000 -3.000000
v 59.000000 58.656113 -9.000000
v 59.000000 59.000000 -8.381000
v 59.000000 58.100555 -10.000000
v 59.000000 59.000000 -15.455000
v 59.000000 59.000000 -17.613125
v 60.000000 59.000000 -1.788333
v 59.523750 59.000000 -2.000000
v 60.000000 58.656113 -9.000000
v 60.000000 59.000000 -8.484167
v 60.000000 59.000000 -15.886875
v 60.000000 58.547501 -16.000000
v 60.000000 58.547501 -17.000000
v 60.000000 59.000000 -17.150833
v 61.000000 59.000000 -1.455000
v 61.000000 58.988125 -9.000000
v 61.000000 59.000000 -8.984167
v 61.000000 58.322777 -10.000000
v 60.150833 59.000000 -16.000000
v 60.150833 59.000000 -17.000000
v 62.000000 59.000000 -1.455000
v 61.023750 59.000000 -9.000000
v 62.000000 58.863125 -10.000000
v 62.000000 59.000000 -9.781000
v 62.000000 58.322777 -11.000000
v 63.000000 59.000000 -1.455000
v 62.219002 59.000000 -10.000000
v 63.000000 58.989445 -11.000000
v 63.000000 59.000000 -10.976250
v 63.000000 58.544998 -12.000000
v 64.000000 59.000000 -1.455000
v 63.023750 59.000000 -11.000000
v 64.000000 58.863125 -12.000000
v 64.000000 59.000000 -11.781000
v 64.000000 58.181000 -21.000000
v 65.000000 59.000000 -1.455000
v 65.000000 58.989445 -11.000000
v 65.000000 59.000000 -10.981000
v 64.976250 59.000000 -11.000000
v 65.000000 58.272144 -12.000000
v 65.000000 58.272144 -17.000000
v 65.000000 58.363125 -18.000000
v 65.000000 58.863125 -19.000000
v 64.727859 59.000000 -20.000000
v 65.000000 59.000000 -19.365000
v 64.584999 59.000000 -21.000000
v 65.000000 58.738125 -22.000000
v 65.000000 59.000000 -21.580999
v 66.000000 59.000000 -1.455000
v 66.000000 58.363125 -11.000000
v 66.000000 59.000000 -10.272142
v 66.000000 58.301666 -15.000000
v 65.677223 59.000000 -16.000000
v 66.000000 59.000000 -15.419000
v 65.566109 59.000000 -17.000000
v 65.566109 59.000000 -18.000000
v 65.136871 59.000000 -19.000000
v 65.418999 59.000000 -22.000000
v 66.000000 58.433887 -23.000000
v 66.000000 59.000000 -22.363125
v 67.000000 59.000000 -1.455000
v 67.000000 59.000000 -9.181000
v 66.317497 59.000000 -10.000000
v 67.000000 59.000000 -14.019000
v 66.299286 59.000000 -15.000000
v 67.000000 58.544998 -23.000000
v 67.000000 59.000000 -22.545000
v 68.000000 59.000000 -1.788333
v 68.000000 58.047501 -2.000000
v 68.000000 58.904999 -6.000000
v 68.000000 59.000000 -5.976250
v 67.988129 59.000000 -6.000000
v 67.544998 59.000000 -7.000000
v 67.544998 59.000000 -8.000000
v 67.129288 59.000000 -9.000000
v 68.000000 59.000000 -13.013572
v 67.013573 59.000000 -14.000000
v 68.000000 58.544998 -23.000000
v 68.000000 59.000000 -22.545000
v 68.317497 59.000000 -2.000000
v 68.989441 59.000000 -3.000000
v 69.000000 59.000000 -3.095000
v 69.000000 58.095001 -4.000000
v 69.000000 59.000000 -4.150833
v 68.433891 59.000000 -5.000000
v 69.000000 58.870716 -12.000000
v 68.819000 59.000000 -12.000000
v 69.000000 59.000000 -11.899445
v 69.000000 58.121666 -13.000000
v 68.011871 59.000000 -13.000000
v 69.000000 58.363125 -23.000000
v 69.000000 59.000000 -22.433889
v 69.100555 59.000000 -4.000000
v 70.000000 58.819000 -12.000000
v 70.000000 59.000000 -11.899445
v 70.000000 59.000000 -22.322779
v 71.000000 58.523750 -12.000000
v 71.000000 59.000000 -11.788333
v 71.000000 58.726250 -22.000000
v 71.000000 59.000000 -21.863125
v 70.726250 59.000000 -22.000000
v 72.000000 58.773750 -12.000000
v 72.000000 59.000000 -11.899445
v 72.000000 59.000000 -21.129286
v 72.904999 59.000000 -12.000000
v 73.000000 59.000000 -12.010555
v 73.000000 58.452499 -20.000000
v 73.000000 59.000000 -19.843571
v 72.878334 59.000000 -20.000000
v 72.113129 59.000000 -21.000000
v 74.000000 59.000000 -12.585000
v 74.000000 58.636875 -13.000000
v 74.000000 59.000000 -18.381001
v 73.656113 59.000000 -19.000000
v 74.484169 59.000000 -13.000000
v 74.863129 59.000000 -14.000000
v 74.988129 59.000000 -15.000000
v 74.767220 59.000000 -16.000000
v 74.767220 59.000000 -17.000000
v 74.211670 59.000000 -18.000000
v 45.000000 59.095001 -8.000000
v 44.899445 60.000000 -8.000000
v 45.000000 60.000000 -7.819000
v 45.000000 60.000000 -8.452500
v 46.000000 60.000000 -6.682500
v 45.682499 60.000000 -7.000000
v 45.121666 60.000000 -9.000000
v 45.121666 60.000000 -10.000000
v 45.343887 60.000000 -11.000000
v 46.000000 59.547501 -12.000000
v 45.886875 60.000000 -12.000000
v 46.000000 60.000000 -12.150833
v 47.000000 60.000000 -6.343889
v 47.000000 59.547501 -13.000000
v 46.849167 60.000000 -13.000000
v 47.000000 60.000000 -13.100555
v 48.000000 59.952499 -6.000000
v 48.000000 60.000000 -6.010556
v 48.000000 60.000000 -13.433888
v 49.000000 59.904999 -6.000000
v 49.000000 60.000000 -6.010556
v 49.000000 60.000000 -13.433888
v 50.000000 60.000000 -6.121666
v 50.000000 60.000000 -12.989445
v 49.976250 60.000000 -13.000000
v 50.878334 60.000000 -7.000000
v 51.000000 60.000000 -7.121666
v 51.000000 60.000000 -11.984167
v 50.989445 60.000000 -12.000000
v 51.878334 60.000000 -8.000000
v 52.000000 60.000000 -8.547500
v 52.000000 60.000000 -10.226250
v 51.656113 60.000000 -11.000000
v 52.100555 60.000000 -9.000000
v 52.100555 60.000000 -10.000000
v 57.000000 59.952499 -5.000000
v 57.000000 59.976250 -6.000000
v 57.000000 59.484165 -7.000000
v 57.000000 60.000000 -15.899445
v 56.819000 60.000000 -16.000000
v 56.819000 60.000000 -17.000000
v 57.000000 59.301666 -18.000000
v 57.000000 60.000000 -17.301666
v 58.000000 60.000000 -3.511875
v 57.566113 60.000000 -4.000000
v 57.010555 60.000000 -5.000000
v 57.013573 60.000000 -6.000000
v 57.618999 60.000000 -7.000000
v 58.000000 59.211666 -8.000000
v 58.000000 60.000000 -7.211667
v 58.000000 60.000000 -15.566112
v 58.000000 60.000000 -17.557858
v 59.000000 60.000000 -2.386875
v 58.455002 60.000000 -3.000000
v 59.000000 59.211666 -8.000000
v 59.000000 60.000000 -7.211667
v 59.000000 60.000000 -15.566112
v 59.000000 60.000000 -17.488125
v 60.000000 60.000000 -1.788333
v 59.618999 60.000000 -2.000000
v 60.000000 59.322777 -8.000000
v 60.000000 60.000000 -7.238125
v 60.000000 59.904999 -16.000000
v 59.976250 60.000000 -16.000000
v 60.000000 59.904999 -17.000000
v 59.976250 60.000000 -17.000000
v 61.000000 60.000000 -1.455000
v 61.000000 59.843571 -8.000000
v 61.000000 60.000000 -7.843572
v 62.000000 60.000000 -1.455000
v 61.182499 60.000000 -8.000000
v 62.000000 59.650833 -9.000000
v 62.000000 60.000000 -8.700714
v 63.000000 60.000000 -1.455000
v 62.523750 60.000000 -9.000000
v 63.000000 59.433887 -10.000000
v 63.000000 60.000000 -9.272142
v 64.000000 60.000000 -1.455000
v 64.000000 59.767223 -10.000000
v 64.000000 60.000000 -9.650833
v 64.000000 59.433887 -11.000000
v 65.000000 60.000000 -1.455000
v 65.000000 59.700714 -10.000000
v 65.000000 60.000000 -9.700714
v 65.000000 59.238125 -20.000000
v 65.000000 59.363125 -21.000000
v 66.000000 60.000000 -1.455000
v 66.000000 59.317501 -10.000000
v 66.000000 60.000000 -9.488125
v 66.000000 59.726250 -16.000000
v 66.000000 59.780998 -17.000000
v 66.000000 59.780998 -18.000000
v 66.000000 59.986427 -19.000000
v 66.000000 60.000000 -19.094999
v 65.870712 60.000000 -20.000000
v 66.000000 59.989445 -21.000000
v 66.000000 60.000000 -20.905001
v 66.000000 59.363125 -22.000000
v 67.000000 60.000000 -1.455000
v 67.000000 59.301666 -9.000000
v 67.000000 60.000000 -8.650833
v 66.650833 60.000000 -9.000000
v 67.000000 60.000000 -14.023750
v 66.566109 60.000000 -15.000000
v 66.121666 60.000000 -16.000000
v 66.121666 60.000000 -17.000000
v 66.121666 60.000000 -18.000000
v 66.013573 60.000000 -19.000000
v 66.031670 60.000000 -21.000000
v 67.000000 59.613125 -22.000000
v 67.000000 60.000000 -21.484167
v 68.000000 60.000000 -1.788333
v 68.000000 60.000000 -5.781000
v 67.878334 60.000000 -6.000000
v 67.544998 60.000000 -7.000000
v 67.433891 60.000000 -8.000000
v 68.000000 59.031666 -13.000000
v 67.636871 60.000000 -13.000000
v 68.000000 60.000000 -12.273750
v 67.011871 60.000000 -14.000000
v 68.000000 59.700714 -22.000000
v 68.000000 60.000000 -21.738125
v 68.317497 60.000000 -2.000000
v 69.000000 60.000000 -2.819000
v 69.000000 59.095001 -3.000000
v 69.000000 60.000000 -4.150833
v 68.433891 60.000000 -5.000000
v 69.000000 60.000000 -11.343889
v 68.156425 60.000000 -12.000000
v 69.000000 59.650833 -22.000000
v 69.000000 60.000000 -21.767221
v 69.100555 60.000000 -3.000000
v 69.100555 60.000000 -4.000000
v 70.000000 60.000000 -11.343889
v 70.000000 59.581001 -22.000000
v 70.000000 60.000000 -21.767221
v 71.000000 60.000000 -11.121667
v 71.000000 60.000000 -21.433889
v 72.000000 60.000000 -11.343889
v 72.000000 59.301666 -21.000000
v 72.000000 60.000000 -20.738125
v 71.650833 60.000000 -21.000000
v 73.000000 60.000000 -11.566112
v 73.000000 59.023750 -12.000000
v 73.000000 60.000000 -19.613125
v 72.656113 60.000000 -20.000000
v 73.976250 60.000000 -12.000000
v 74.000000 60.000000 -12.011875
v 74.000000 60.000000 -18.317499
v 73.544998 60.000000 -19.000000
v 75.000000 60.000000 -12.585000
v 75.000000 59.515835 -13.000000
v 75.000000 59.219002 -14.000000
v 75.000000 59.019001 -15.000000
v 75.000000 59.698334 -16.000000
v 75.000000 60.000000 -16.905001
v 74.988129 60.000000 -17.000000
v 74.211670 60.000000 -18.000000
v 75.415001 60.000000 -13.000000
v 75.488129 60.000000 -14.000000
v 75.613129 60.000000 -15.000000
v 75.100555 60.000000 -16.000000
v 45.000000 61.000000 -7.819000
v 44.899445 61.000000 -8.000000
v 45.000000 61.000000 -8.905000
v 45.000000 60.547501 -10.000000
v 44.899445 61.000000 -10.000000
v 45.000000 61.000000 -9.095000
v 45.000000 61.000000 -10.452500
v 46.000000 61.000000 -6.682500
v 45.682499 61.000000 -7.000000
v 45.010555 61.000000 -9.000000
v 45.121666 61.000000 -11.000000
v 45.677223 61.000000 -12.000000
v 46.000000 61.000000 -12.415000
v 47.000000 61.000000 -6.343889
v 46.682499 61.000000 -13.000000
v 47.000000 61.000000 -13.211667
v 48.000000 61.000000 -6.121666
v 48.000000 61.000000 -13.545000
v 49.000000 61.000000 -6.121666
v 49.000000 61.000000 -13.545000
v 50.000000 61.000000 -6.343889
v 50.000000 60.047501 -13.000000
v 50.000000 61.000000 -13.211667
v 50.738125 61.000000 -7.000000
v 51.000000 61.000000 -7.232778
v 51.000000 60.047501 -12.000000
v 51.000000 61.000000 -12.317500
v 50.317501 61.000000 -13.000000
v 51.767223 61.000000 -8.000000
v 52.000000 61.000000 -8.698334
v 52.000000 61.000000 -10.301666
v 51.767223 61.000000 -11.000000
v 51.211666 61.000000 -12.000000
v 52.100555 61.000000 -9.000000
v 52.100555 61.000000 -10.000000
v 57.000000 60.226250 -16.000000
v 57.000000 60.226250 -17.000000
v 58.000000 60.650833 -4.000000
v 57.727856 61.000000 -5.000000
v 58.000000 61.000000 -4.523750
v 58.000000 60.767223 -6.000000
v 58.000000 61.000000 -5.476250
v 58.000000 60.211666 -7.000000
v 58.000000 60.976250 -16.000000
v 58.000000 60.976250 -17.000000
v 59.000000 61.000000 -2.870714
v 58.886875 61.000000 -3.000000
v 58.261875 61.000000 -4.000000
v 59.000000 60.988125 -6.000000
v 59.000000 61.000000 -5.986429
v 59.000000 60.211666 -7.000000
v 59.000000 60.976250 -16.000000
v 59.000000 60.976250 -17.000000
v 60.000000 60.634998 -2.000000
v 60.000000 61.000000 -2.121667
v 59.095001 61.000000 -6.000000
v 60.000000 60.211666 -7.000000
v 60.000000 61.000000 -6.113125
v 61.000000 61.000000 -1.677222
v 60.273750 61.000000 -2.000000
v 61.000000 60.738125 -7.000000
v 61.000000 61.000000 -6.700714
v 62.000000 61.000000 -1.566111
v 61.299286 61.000000 -7.000000
v 62.000000 60.700714 -8.000000
v 62.000000 61.000000 -7.700714
v 63.000000 61.000000 -1.455000
v 62.299286 61.000000 -8.000000
v 63.000000 60.381001 -9.000000
v 63.000000 61.000000 -8.613125
v 64.000000 61.000000 -1.455000
v 64.000000 60.780998 -9.000000
v 64.000000 61.000000 -8.878333
v 65.000000 61.000000 -1.455000
v 64.547501 61.000000 -9.000000
v 65.000000 61.000000 -9.100555
v 66.000000 61.000000 -1.455000
v 66.000000 60.976250 -9.000000
v 66.000000 61.000000 -8.989445
v 65.904999 61.000000 -9.000000
v 66.000000 60.113125 -20.000000
v 67.000000 61.000000 -1.455000
v 67.000000 61.000000 -8.317500
v 67.000000 61.000000 -14.031667
v 66.677223 61.000000 -15.000000
v 66.455002 61.000000 -16.000000
v 66.455002 61.000000 -17.000000
v 66.566109 61.000000 -18.000000
v 66.761871 61.000000 -19.000000
v 66.886871 61.000000 -20.000000
v 67.000000 60.415001 -21.000000
v 67.000000 61.000000 -20.181000
v 68.000000 61.000000 -1.677222
v 68.000000 61.000000 -5.984167
v 67.989441 61.000000 -6.000000
v 67.544998 61.000000 -7.000000
v 67.211670 61.000000 -8.000000
v 68.000000 60.273750 -12.000000
v 67.584999 61.000000 -12.000000
v 68.000000 61.000000 -11.515833
v 67.343887 61.000000 -13.000000
v 67.010559 61.000000 -14.000000
v 67.819000 61.000000 -21.000000
v 68.000000 61.000000 -21.129286
v 68.581001 61.000000 -2.000000
v 69.000000 61.000000 -2.349167
v 69.000000 61.000000 -4.381000
v 68.656113 61.000000 -5.000000
v 69.000000 60.618999 -11.000000
v 68.619003 61.000000 -11.000000
v 69.000000 61.000000 -10.788333
v 69.000000 61.000000 -21.545000
v 69.433891 61.000000 -3.000000
v 69.211670 61.000000 -4.000000
v 70.000000 60.618999 -11.000000
v 70.000000 61.000000 -10.788333
v 70.000000 61.000000 -21.545000
v 71.000000 60.219002 -11.000000
v 71.000000 61.000000 -10.566112
v 71.000000 61.000000 -21.211666
v 72.000000 60.515835 -11.000000
v 72.000000 61.000000 -10.677222
v 72.000000 61.000000 -20.545000
v 71.317497 61.000000 -21.000000
v 72.968330 61.000000 -11.000000
v 73.000000 61.000000 -11.011875
v 73.000000 61.000000 -19.545000
v 72.544998 61.000000 -20.000000
v 74.000000 61.000000 -11.455000
v 74.000000 60.019001 -12.000000
v 74.000000 61.000000 -18.415001
v 73.544998 61.000000 -19.000000
v 75.000000 60.819000 -12.000000
v 75.000000 61.000000 -11.886875
v 75.000000 60.047501 -17.000000
v 75.000000 61.000000 -17.238125
v 74.322777 61.000000 -18.000000
v 75.181000 61.000000 -12.000000
v 76.000000 60.511875 -13.000000
v 76.000000 61.000000 -12.511875
v 76.000000 60.584999 -14.000000
v 76.000000 60.618999 -15.000000
v 76.000000 61.000000 -15.272142
v 75.433891 61.000000 -16.000000
v 75.211670 61.000000 -17.000000
v 76.488129 61.000000 -13.000000
v 76.363129 61.000000 -14.000000
v 76.238129 61.000000 -15.000000
v 45.000000 61.452499 -8.000000
v 45.000000 62.000000 -9.547500
v 44.899445 62.000000 -10.000000
v 45.000000 62.000000 -10.905000
v 46.000000 62.000000 -6.849167
v 45.849167 62.000000 -7.000000
v 45.121666 62.000000 -8.000000
v 45.121666 62.000000 -9.000000
v 45.010555 62.000000 -11.000000
v 45.566113 62.000000 -12.000000
v 46.000000 62.000000 -12.488125
v 47.000000 62.000000 -6.455000
v 46.682499 62.000000 -13.000000
v 47.000000 62.000000 -13.211667
v 48.000000 62.000000 -6.343889
v 48.000000 62.000000 -13.545000
v 49.000000 62.000000 -6.343889
v 49.000000 62.000000 -13.545000
v 50.000000 62.000000 -6.566111
v 50.000000 62.000000 -13.211667
v 50.557858 62.000000 -7.000000
v 51.000000 62.000000 -7.343889
v 51.000000 62.000000 -12.317500
v 50.317501 62.000000 -13.000000
v 51.656113 62.000000 -8.000000
v 52.000000 62.000000 -8.619000
v 52.000000 62.000000 -10.635000
v 51.878334 62.000000 -11.000000
v 51.211666 62.000000 -12.000000
v 52.211666 62.000000 -9.000000
v 52.211666 62.000000 -10.000000
v 58.000000 61.238125 -5.000000
v 59.000000 61.226250 -3.000000
v 58.899445 62.000000 -4.000000
v 59.000000 62.000000 -3.773750
v 59.000000 62.000000 -4.905000
v 59.000000 61.986427 -5.000000
v 60.000000 62.000000 -2.511875
v 59.442142 62.000000 -3.000000
v 59.019001 62.000000 -5.000000
v 60.000000 61.226250 -6.000000
v 60.000000 62.000000 -5.613125
v 61.000000 62.000000 -1.899444
v 60.819000 62.000000 -2.000000
v 60.618999 62.000000 -6.000000
v 61.000000 62.000000 -6.238125
v 62.000000 62.000000 -1.677222
v 61.761875 62.000000 -7.000000
v 62.000000 62.000000 -7.272143
v 63.000000 62.000000 -1.455000
v 62.849167 62.000000 -8.000000
v 63.000000 62.000000 -8.129286
v 64.000000 62.000000 -1.455000
v 64.000000 62.000000 -8.545000
v 65.000000 62.000000 -1.455000
v 65.000000 61.301666 -9.000000
v 65.000000 62.000000 -8.767222
v 66.000000 62.000000 -1.455000
v 66.000000 62.000000 -8.545000
v 67.000000 62.000000 -1.455000
v 67.000000 61.634998 -8.000000
v 67.000000 62.000000 -7.817500
v 66.817497 62.000000 -8.000000
v 67.000000 61.095001 -14.000000
v 66.899445 62.000000 -14.000000
v 67.000000 62.000000 -13.698334
v 66.566109 62.000000 -15.000000
v 66.566109 62.000000 -16.000000
v 66.677223 62.000000 -17.000000
v 67.000000 61.976250 -18.000000
v 67.000000 62.000000 -17.968334
v 67.000000 61.381001 -19.000000
v 67.000000 61.129284 -20.000000
v 68.000000 62.000000 -1.566111
v 68.000000 61.095001 -6.000000
v 68.000000 62.000000 -6.181000
v 67.544998 62.000000 -7.000000
v 68.000000 62.000000 -11.349167
v 67.511871 62.000000 -12.000000
v 67.232780 62.000000 -13.000000
v 67.010559 62.000000 -18.000000
v 67.343887 62.000000 -19.000000
v 67.677223 62.000000 -20.000000
v 68.000000 61.226250 -21.000000
v 68.000000 62.000000 -20.484167
v 69.000000 62.000000 -1.870714
v 69.000000 61.698334 -2.000000
v 69.000000 62.000000 -4.581000
v 68.767220 62.000000 -5.000000
v 68.100555 62.000000 -6.000000
v 69.000000 62.000000 -10.455000
v 68.299286 62.000000 -11.000000
v 68.515831 62.000000 -21.000000
v 69.000000 62.000000 -21.363125
v 69.150833 62.000000 -2.000000
v 69.767220 62.000000 -3.000000
v 69.322777 62.000000 -4.000000
v 70.000000 62.000000 -10.232778
v 70.000000 62.000000 -21.433889
v 71.000000 61.849167 -10.000000
v 70.698334 62.000000 -10.000000
v 71.000000 62.000000 -9.899445
v 71.000000 62.000000 -21.100555
v 71.904999 62.000000 -10.000000
v 72.000000 62.000000 -10.010555
v 72.000000 62.000000 -20.433889
v 71.150833 62.000000 -21.000000
v 73.000000 62.000000 -10.455000
v 73.000000 61.019001 -11.000000
v 73.000000 62.000000 -19.545000
v 72.488129 62.000000 -20.000000
v 74.000000 61.819000 -11.000000
v 74.000000 62.000000 -10.899445
v 74.000000 62.000000 -18.488125
v 73.544998 62.000000 -19.000000
v 74.226250 62.000000 -11.000000
v 75.000000 62.000000 -11.343889
v 75.000000 62.000000 -17.433889
v 74.433891 62.000000 -18.000000
v 76.000000 62.000000 -11.761875
v 76.000000 61.682499 -12.000000
v 76.000000 62.000000 -15.843572
v 75.878334 62.000000 -16.000000
v 75.433891 62.000000 -17.000000
v 76.317497 62.000000 -12.000000
v 77.000000 61.682499 -13.000000
v 77.000000 62.000000 -12.682500
v 77.000000 62.000000 -13.952500
v 76.988129 62.000000 -14.000000
v 76.656113 62.000000 -15.000000
v 77.238129 62.000000 -13.000000
v 45.000000 63.000000 -9.031667
v 44.677223 63.000000 -10.000000
v 45.000000 62.047501 -11.000000
v 44.788334 63.000000 -11.000000
v 45.000000 63.000000 -11.381000
v 46.000000 62.904999 -7.000000
v 45.232777 63.000000 -8.000000
v 46.000000 63.000000 -7.013571
v 45.010555 63.000000 -9.000000
v 45.343887 63.000000 -12.000000
v 46.000000 63.000000 -12.656111
v 47.000000 63.000000 -6.455000
v 46.019001 63.000000 -7.000000
v 46.515835 63.000000 -13.000000
v 47.000000 63.000000 -13.322778
v 48.000000 63.000000 -6.455000
v 48.000000 63.000000 -13.545000
v 49.000000 63.000000 -6.455000
v 49.000000 63.000000 -13.545000
v 50.000000 63.000000 -6.788333
v 50.000000 63.000000 -13.211667
v 50.317501 63.000000 -7.000000
v 51.000000 63.000000 -7.511875
v 51.000000 63.000000 -12.317500
v 50.317501 63.000000 -13.000000
v 51.433887 63.000000 -8.000000
v 51.989445 63.000000 -9.000000
v 52.000000 62.952499 -9.000000
v 52.000000 62.952499 -10.000000
v 51.989445 63.000000 -10.000000
v 51.767223 63.000000 -11.000000
v 51.211666 63.000000 -12.000000
v 59.000000 62.150833 -4.000000
v 60.000000 62.650833 -3.000000
v 60.000000 63.000000 -3.349167
v 59.566113 63.000000 -4.000000
v 60.000000 62.817501 -5.000000
v 60.000000 63.000000 -4.781000
v 61.000000 62.301666 -2.000000
v 61.000000 63.000000 -2.261875
v 60.261875 63.000000 -3.000000
v 60.136875 63.000000 -5.000000
v 61.000000 62.952499 -6.000000
v 61.000000 63.000000 -5.986429
v 62.000000 63.000000 -1.788333
v 61.523750 63.000000 -2.000000
v 61.015835 63.000000 -6.000000
v 62.000000 62.952499 -7.000000
v 62.000000 63.000000 -6.984167
v 63.000000 63.000000 -1.455000
v 62.010555 63.000000 -7.000000
v 63.000000 62.904999 -8.000000
v 63.000000 63.000000 -7.989444
v 64.000000 63.000000 -1.455000
v 63.019001 63.000000 -8.000000
v 64.000000 63.000000 -8.545000
v 65.000000 63.000000 -1.455000
v 65.000000 63.000000 -8.656111
v 66.000000 63.000000 -1.455000
v 66.000000 63.000000 -8.322778
v 67.000000 63.000000 -1.455000
v 67.000000 63.000000 -7.557857
v 66.484169 63.000000 -8.000000
v 67.000000 63.000000 -13.031667
v 66.677223 63.000000 -14.000000
v 66.566109 63.000000 -15.000000
v 66.788330 63.000000 -16.000000
v 67.000000 62.968334 -17.000000
v 67.000000 63.000000 -16.952499
v 68.000000 63.000000 -1.455000
v 68.000000 63.000000 -6.150833
v 67.433891 63.000000 -7.000000
v 68.000000 63.000000 -11.156428
v 67.343887 63.000000 -12.000000
v 67.010559 63.000000 -13.000000
v 67.010559 63.000000 -17.000000
v 67.455002 63.000000 -18.000000
v 67.788330 63.000000 -19.000000
v 68.000000 62.581001 -20.000000
v 68.000000 63.000000 -19.476250
v 69.000000 63.000000 -1.511875
v 69.000000 63.000000 -4.650833
v 68.767220 63.000000 -5.000000
v 68.100555 63.000000 -6.000000
v 69.000000 63.000000 -10.232778
v 68.136871 63.000000 -11.000000
v 68.261871 63.000000 -20.000000
v 69.000000 62.726250 -21.000000
v 69.000000 63.000000 -20.843571
v 69.780998 63.000000 -2.000000
v 70.000000 63.000000 -2.365000
v 70.000000 62.523750 -3.000000
v 70.000000 63.000000 -3.272143
v 69.433891 63.000000 -4.000000
v 70.000000 62.698334 -10.000000
v 69.698334 63.000000 -10.000000
v 70.000000 63.000000 -9.899445
v 69.547501 63.000000 -21.000000
v 70.000000 63.000000 -21.100555
v 70.211670 63.000000 -3.000000
v 71.000000 63.000000 -9.566112
v 71.000000 62.301666 -21.000000
v 71.000000 63.000000 -20.767221
v 70.301666 63.000000 -21.000000
v 72.000000 63.000000 -9.566112
v 72.000000 62.023750 -10.000000
v 72.000000 63.000000 -20.211666
v 73.000000 62.819000 -10.000000
v 73.000000 63.000000 -9.886875
v 73.000000 63.000000 -19.433889
v 72.272141 63.000000 -20.000000
v 73.226250 63.000000 -10.000000
v 74.000000 63.000000 -10.343889
v 74.000000 63.000000 -18.545000
v 73.488129 63.000000 -19.000000
v 75.000000 63.000000 -10.788333
v 75.000000 62.618999 -11.000000
v 75.000000 63.000000 -17.545000
v 74.544998 63.000000 -18.000000
v 75.476250 63.000000 -11.000000
v 76.000000 63.000000 -11.232778
v 76.000000 62.547501 -16.000000
v 76.000000 63.000000 -16.181000
v 75.544998 63.000000 -17.000000
v 77.000000 63.000000 -11.870714
v 77.000000 62.819000 -12.000000
v 77.000000 62.047501 -14.000000
v 77.000000 63.000000 -14.476250
v 76.767220 63.000000 -15.000000
v 76.100555 63.000000 -16.000000
v 77.129288 63.000000 -12.000000
v 77.656113 63.000000 -13.000000
v 77.238129 63.000000 -14.000000
v 45.000000 64.000000 -9.031667
v 44.677223 64.000000 -10.000000
v 44.788334 64.000000 -11.000000
v 45.000000 64.000000 -11.476250
v 46.000000 64.000000 -7.156428
v 45.343887 64.000000 -8.000000
v 45.010555 64.000000 -9.000000
v 45.232777 64.000000 -12.000000
v 46.000000 64.000000 -12.767222
v 47.000000 64.000000 -6.455000
v 46.182499 64.000000 -7.000000
v 46.349167 64.000000 -13.000000
v 47.000000 64.000000 -13.433888
v 48.000000 64.000000 -6.455000
v 48.000000 64.000000 -13.545000
v 49.000000 64.000000 -6.455000
v 49.000000 64.000000 -13.545000
v 50.000000 64.000000 -6.788333
v 50.000000 64.000000 -13.211667
v 50.317501 64.000000 -7.000000
v 51.000000 64.000000 -7.585000
v 51.000000 64.000000 -12.317500
v 50.317501 64.000000 -13.000000
v 51.322777 64.000000 -8.000000
v 51.878334 64.000000 -9.000000
v 51.878334 64.000000 -10.000000
v 51.767223 64.000000 -11.000000
v 51.211666 64.000000 -12.000000
v 60.000000 63.557858 -4.000000
v 61.000000 64.000000 -2.682500
v 60.788334 64.000000 -3.000000
v 60.343887 64.000000 -4.000000
v 60.761875 64.000000 -5.000000
v 61.000000 64.000000 -5.952500
v 62.000000 64.000000 -1.886875
v 61.819000 64.000000 -2.000000
v 61.015835 64.000000 -6.000000
v 62.000000 64.000000 -6.984167
v 63.000000 64.000000 -1.455000
v 62.013573 64.000000 -7.000000
v 63.000000 64.000000 -7.863125
v 64.000000 64.000000 -1.455000
v 63.365002 64.000000 -8.000000
v 64.000000 64.000000 -8.211667
v 65.000000 64.000000 -1.455000
v 65.000000 64.000000 -8.211667
v 66.000000 64.000000 -1.455000
v 66.000000 63.968334 -8.000000
v 66.000000 64.000000 -7.989444
v 65.952499 64.000000 -8.000000
v 67.000000 64.000000 -1.455000
v 67.000000 64.000000 -7.272143
v 67.000000 64.000000 -13.547500
v 66.899445 64.000000 -14.000000
v 66.899445 64.000000 -15.000000
v 67.000000 63.634998 -16.000000
v 67.000000 64.000000 -15.452500
v 68.000000 64.000000 -1.455000
v 68.000000 63.452499 -6.000000
v 68.000000 64.000000 -5.817500
v 67.878334 64.000000 -6.000000
v 67.238129 64.000000 -7.000000
v 68.000000 64.000000 -11.156428
v 67.343887 64.000000 -12.000000
v 67.121666 64.000000 -13.000000
v 67.121666 64.000000 -16.000000
v 67.343887 64.000000 -17.000000
v 67.788330 64.000000 -18.000000
v 68.000000 63.476250 -19.000000
v 68.000000 64.000000 -18.476250
v 69.000000 64.000000 -1.455000
v 69.000000 64.000000 -4.488125
v 68.544998 64.000000 -5.000000
v 69.000000 64.000000 -10.121667
v 68.121666 64.000000 -11.000000
v 68.261871 64.000000 -19.000000
v 69.000000 63.843571 -20.000000
v 69.000000 64.000000 -19.843571
v 70.000000 64.000000 -1.849167
v 70.000000 63.547501 -2.000000
v 70.000000 64.000000 -3.488125
v 69.488129 64.000000 -4.000000
v 70.000000 64.000000 -9.788333
v 69.364998 64.000000 -10.000000
v 69.219002 64.000000 -20.000000
v 70.000000 63.150833 -21.000000
v 70.000000 64.000000 -20.433889
v 70.150833 64.000000 -2.000000
v 70.433891 64.000000 -3.000000
v 71.000000 64.000000 -9.455000
v 71.000000 64.000000 -20.211666
v 72.000000 64.000000 -9.455000
v 72.000000 63.476250 -20.000000
v 72.000000 64.000000 -19.767221
v 71.476250 64.000000 -20.000000
v 73.000000 64.000000 -9.566112
v 73.000000 64.000000 -19.211666
v 74.000000 64.000000 -9.788333
v 74.000000 63.618999 -10.000000
v 74.000000 64.000000 -18.363125
v 73.272141 64.000000 -19.000000
v 74.476250 64.000000 -10.000000
v 75.000000 64.000000 -10.232778
v 75.000000 64.000000 -17.433889
v 74.363129 64.000000 -18.000000
v 76.000000 64.000000 -10.677222
v 76.000000 63.418999 -11.000000
v 76.000000 64.000000 -16.415001
v 75.488129 64.000000 -17.000000
v 76.581001 64.000000 -11.000000
v 77.000000 64.000000 -11.261875
v 77.000000 63.698334 -15.000000
v 77.000000 64.000000 -15.150833
v 76.363129 64.000000 -16.000000
v 77.843575 64.000000 -12.000000
v 78.000000 64.000000 -12.547500
v 78.000000 63.773750 -13.000000
v 78.000000 64.000000 -13.226250
v 77.613129 64.000000 -14.000000
v 77.100555 64.000000 -15.000000
v 78.100555 64.000000 -13.000000
v 45.000000 64.095001 -9.000000
v 44.899445 65.000000 -9.000000
v 45.000000 65.000000 -8.698334
v 44.566113 65.000000 -10.000000
v 44.677223 65.000000 -11.000000
v 45.000000 65.000000 -11.968333
v 46.000000 65.000000 -7.136875
v 45.232777 65.000000 -8.000000
v 45.010555 65.000000 -12.000000
v 46.000000 65.000000 -12.989445
v 47.000000 65.000000 -6.455000
v 46.182499 65.000000 -7.000000
v 46.019001 65.000000 -13.000000
v 47.000000 65.000000 -13.545000
v 48.000000 65.000000 -6.455000
v 48.000000 65.000000 -13.545000
v 49.000000 65.000000 -6.455000
v 49.000000 65.000000 -13.545000
v 50.000000 65.000000 -6.788333
v 50.000000 65.000000 -13.211667
v 50.317501 65.000000 -7.000000
v 51.000000 65.000000 -7.682500
v 51.000000 65.000000 -12.317500
v 50.317501 65.000000 -13.000000
v 51.211666 65.000000 -8.000000
v 51.767223 65.000000 -9.000000
v 51.767223 65.000000 -10.000000
v 51.767223 65.000000 -11.000000
v 51.211666 65.000000 -12.000000
v 61.000000 64.317497 -3.000000
v 61.000000 64.738129 -4.000000
v 61.000000 64.272141 -5.000000
v 62.000000 64.452499 -2.000000
v 62.000000 65.000000 -2.219000
v 61.511875 65.000000 -3.000000
v 61.349167 65.000000 -4.000000
v 62.000000 64.988129 -5.000000
v 62.000000 65.000000 -4.976250
v 61.365002 65.000000 -6.000000
v 62.000000 65.000000 -5.047500
v 62.000000 65.000000 -6.476250
v 63.000000 65.000000 -1.566111
v 62.219002 65.000000 -2.000000
v 62.015835 65.000000 -5.000000
v 62.698334 65.000000 -7.000000
v 63.000000 65.000000 -7.181000
v 64.000000 65.000000 -1.455000
v 64.000000 64.317497 -8.000000
v 64.000000 65.000000 -7.415000
v 65.000000 65.000000 -1.455000
v 65.000000 64.317497 -8.000000
v 65.000000 65.000000 -7.488125
v 66.000000 65.000000 -1.455000
v 66.000000 65.000000 -7.433889
v 67.000000 65.000000 -1.455000
v 67.000000 64.476250 -7.000000
v 67.000000 65.000000 -6.650833
v 66.650833 65.000000 -7.000000
v 67.000000 64.452499 -14.000000
v 67.000000 64.301666 -15.000000
v 68.000000 65.000000 -1.455000
v 68.000000 65.000000 -5.317500
v 67.488129 65.000000 -6.000000
v 68.000000 65.000000 -11.015833
v 67.343887 65.000000 -12.000000
v 67.232780 65.000000 -13.000000
v 67.121666 65.000000 -14.000000
v 67.232780 65.000000 -15.000000
v 67.455002 65.000000 -16.000000
v 67.677223 65.000000 -17.000000
v 68.000000 64.635002 -18.000000
v 68.000000 65.000000 -17.726250
v 69.000000 65.000000 -1.511875
v 69.000000 65.000000 -4.113125
v 68.211670 65.000000 -5.000000
v 69.000000 64.547501 -10.000000
v 68.870712 65.000000 -10.000000
v 69.000000 65.000000 -9.899445
v 68.010559 65.000000 -11.000000
v 68.121666 65.000000 -18.000000
v 68.727859 65.000000 -19.000000
v 69.000000 65.000000 -19.238125
v 70.000000 64.904999 -2.000000
v 69.976250 65.000000 -2.000000
v 70.000000 65.000000 -2.047500
v 70.000000 65.000000 -3.238125
v 69.129288 65.000000 -4.000000
v 70.000000 65.000000 -9.455000
v 70.000000 64.650833 -20.000000
v 70.000000 65.000000 -19.767221
v 70.238129 65.000000 -3.000000
v 71.000000 65.000000 -9.121667
v 71.000000 64.476250 -20.000000
v 71.000000 65.000000 -19.767221
v 72.000000 65.000000 -9.121667
v 72.000000 65.000000 -19.433889
v 73.000000 65.000000 -9.121667
v 73.000000 64.635002 -19.000000
v 73.000000 65.000000 -18.878334
v 72.780998 65.000000 -19.000000
v 74.000000 65.000000 -9.343889
v 74.000000 64.968330 -18.000000
v 74.000000 65.000000 -17.988125
v 73.988129 65.000000 -18.000000
v 75.000000 65.000000 -9.677222
v 75.000000 64.418999 -10.000000
v 75.000000 65.000000 -17.211666
v 75.581001 65.000000 -10.000000
v 76.000000 65.000000 -10.232778
v 76.000000 65.000000 -16.488125
v 75.317497 65.000000 -17.000000
v 77.000000 65.000000 -10.788333
v 77.000000 64.523750 -11.000000
v 77.000000 65.000000 -15.557858
v 76.557854 65.000000 -16.000000
v 77.272141 65.000000 -11.000000
v 78.000000 64.364998 -12.000000
v 78.000000 65.000000 -11.727858
v 78.000000 65.000000 -13.976250
v 77.986427 65.000000 -14.000000
v 77.433891 65.000000 -15.000000
v 78.238129 65.000000 -12.000000
v 78.433891 65.000000 -13.000000
v 45.000000 66.000000 -8.698334
v 44.899445 66.000000 -9.000000
v 44.566113 66.000000 -10.000000
v 44.566113 66.000000 -11.000000
v 45.000000 65.095001 -12.000000
v 44.899445 66.000000 -12.000000
v 45.000000 66.000000 -12.150833
v 46.000000 66.000000 -7.136875
v 45.232777 66.000000 -8.000000
v 46.000000 65.095001 -13.000000
v 45.849167 66.000000 -13.000000
v 46.000000 66.000000 -13.113125
v 47.000000 66.000000 -6.455000
v 46.182499 66.000000 -7.000000
v 47.000000 66.000000 -13.545000
v 48.000000 66.000000 -6.455000
v 48.000000 66.000000 -13.545000
v 49.000000 66.000000 -6.455000
v 49.000000 66.000000 -13.545000
v 50.000000 66.000000 -6.788333
v 50.000000 66.000000 -13.211667
v 50.317501 66.000000 -7.000000
v 51.000000 66.000000 -7.682500
v 51.000000 66.000000 -12.317500
v 50.317501 66.000000 -13.000000
v 51.211666 66.000000 -8.000000
v 51.767223 66.000000 -9.000000
v 51.767223 66.000000 -10.000000
v 51.767223 66.000000 -11.000000
v 51.211666 66.000000 -12.000000
v 62.000000 65.488129 -3.000000
v 62.000000 65.433891 -4.000000
v 62.000000 65.272141 -6.000000
v 63.000000 65.780998 -2.000000
v 63.000000 66.000000 -2.273750
v 62.584999 66.000000 -3.000000
v 62.727856 66.000000 -4.000000
v 63.000000 65.656113 -5.000000
v 63.000000 66.000000 -4.381000
v 63.000000 65.656113 -6.000000
v 63.000000 65.113129 -7.000000
v 64.000000 66.000000 -1.761875
v 63.365002 66.000000 -2.000000
v 63.773750 66.000000 -5.000000
v 64.000000 65.878334 -6.000000
v 64.000000 66.000000 -5.452500
v 64.000000 65.322777 -7.000000
v 65.000000 66.000000 -1.566111
v 64.547501 66.000000 -6.000000
v 65.000000 65.433891 -7.000000
v 65.000000 66.000000 -6.150833
v 66.000000 66.000000 -1.455000
v 66.000000 65.488129 -7.000000
v 66.000000 66.000000 -6.317500
v 67.000000 66.000000 -1.511875
v 67.000000 65.557854 -6.000000
v 67.000000 66.000000 -5.557857
v 66.380997 66.000000 -6.000000
v 68.000000 66.000000 -1.585000
v 68.000000 65.476250 -5.000000
v 68.000000 66.000000 -4.581000
v 67.650833 66.000000 -5.000000
v 68.000000 65.095001 -11.000000
v 67.886871 66.000000 -11.000000
v 68.000000 66.000000 -10.849167
v 67.455002 66.000000 -12.000000
v 67.455002 66.000000 -13.000000
v 67.455002 66.000000 -14.000000
v 67.455002 66.000000 -15.000000
v 67.761871 66.000000 -16.000000
v 68.000000 65.726250 -17.000000
v 68.000000 66.000000 -16.635000
v 69.000000 66.000000 -1.819000
v 69.000000 65.181000 -4.000000
v 69.000000 66.000000 -3.545000
v 68.415001 66.000000 -4.000000
v 69.000000 66.000000 -9.677222
v 68.636871 66.000000 -10.000000
v 68.121666 66.000000 -17.000000
v 68.761871 66.000000 -18.000000
v 69.000000 65.317497 -19.000000
v 69.000000 66.000000 -18.317499
v 69.226250 66.000000 -2.000000
v 69.700714 66.000000 -3.000000
v 70.000000 65.476250 -3.000000
v 70.000000 66.000000 -9.121667
v 70.000000 65.986427 -19.000000
v 70.000000 66.000000 -18.988125
v 71.000000 65.273750 -9.000000
v 70.273750 66.000000 -9.000000
v 71.000000 66.000000 -8.677222
v 70.047501 66.000000 -19.000000
v 71.000000 66.000000 -19.211666
v 72.000000 65.219002 -9.000000
v 72.000000 66.000000 -8.566112
v 72.000000 65.780998 -19.000000
v 72.000000 66.000000 -18.878334
v 71.635002 66.000000 -19.000000
v 73.000000 65.219002 -9.000000
v 73.000000 66.000000 -8.566112
v 73.000000 66.000000 -18.433889
v 74.000000 65.619003 -9.000000
v 74.000000 66.000000 -8.788333
v 74.000000 66.000000 -17.545000
v 73.488129 66.000000 -18.000000
v 74.476250 66.000000 -9.000000
v 75.000000 66.000000 -9.232778
v 75.000000 65.952499 -17.000000
v 75.000000 66.000000 -16.988125
v 74.981003 66.000000 -17.000000
v 76.000000 66.000000 -9.677222
v 76.000000 65.418999 -10.000000
v 76.000000 66.000000 -16.433889
v 76.415001 66.000000 -10.000000
v 77.000000 66.000000 -10.455000
v 77.000000 66.000000 -15.863125
v 76.780998 66.000000 -16.000000
v 77.613129 66.000000 -11.000000
v 78.000000 66.000000 -11.386875
v 78.000000 65.018997 -14.000000
v 78.000000 66.000000 -14.700714
v 77.767220 66.000000 -15.000000
v 78.544998 66.000000 -12.000000
v 78.767220 66.000000 -13.000000
v 78.544998 66.000000 -14.000000
v 45.000000 67.000000 -8.365000
v 44.788334 67.000000 -9.000000
v 44.455002 67.000000 -10.000000
v 44.455002 67.000000 -11.000000
v 44.788334 67.000000 -12.000000
v 45.000000 67.000000 -12.317500
v 46.000000 67.000000 -7.121666
v 45.121666 67.000000 -8.000000
v 45.682499 67.000000 -13.000000
v 46.000000 67.000000 -13.211667
v 47.000000 67.000000 -6.455000
v 46.182499 67.000000 -7.000000
v 47.000000 67.000000 -13.656111
v 48.000000 67.000000 -6.455000
v 48.000000 67.000000 -13.767222
v 49.000000 67.000000 -6.455000
v 49.000000 67.000000 -13.767222
v 50.000000 67.000000 -6.788333
v 50.000000 67.000000 -13.322778
v 50.317501 67.000000 -7.000000
v 51.000000 67.000000 -7.682500
v 51.000000 67.000000 -12.317500
v 50.415001 67.000000 -13.000000
v 51.211666 67.000000 -8.000000
v 51.656113 67.000000 -9.000000
v 51.656113 67.000000 -10.000000
v 51.656113 67.000000 -11.000000
v 51.211666 67.000000 -12.000000
v 63.000000 66.322777 -3.000000
v 63.000000 66.211670 -4.000000
v 64.000000 66.317497 -2.000000
v 64.000000 66.767220 -3.000000
v 64.000000 66.544998 -4.000000
v 64.000000 66.100555 -5.000000
v 65.000000 66.650833 -2.000000
v 64.523750 67.000000 -3.000000
v 65.000000 67.000000 -2.523750
v 65.000000 66.989441 -4.000000
v 65.000000 67.000000 -3.952500
v 65.000000 66.544998 -5.000000
v 65.000000 66.100555 -6.000000
v 66.000000 66.981003 -2.000000
v 66.000000 67.000000 -2.019000
v 65.095001 67.000000 -4.000000
v 66.000000 66.767220 -5.000000
v 66.000000 67.000000 -4.301667
v 66.000000 66.211670 -6.000000
v 67.000000 66.780998 -2.000000
v 67.000000 67.000000 -2.182500
v 67.000000 66.988129 -4.000000
v 67.000000 67.000000 -3.981000
v 66.904999 67.000000 -4.000000
v 67.000000 66.557854 -5.000000
v 68.000000 66.581001 -2.000000
v 68.000000 67.000000 -2.523750
v 68.000000 66.415001 -4.000000
v 68.000000 67.000000 -3.317500
v 68.000000 67.000000 -10.515833
v 67.677223 67.000000 -11.000000
v 67.455002 67.000000 -12.000000
v 67.455002 67.000000 -13.000000
v 67.455002 67.000000 -14.000000
v 67.566109 67.000000 -15.000000
v 68.000000 66.635002 -16.000000
v 68.000000 67.000000 -15.781000
v 69.000000 66.150833 -2.000000
v 68.380997 67.000000 -3.000000
v 69.000000 66.613129 -3.000000
v 69.000000 67.000000 -9.261875
v 68.343887 67.000000 -10.000000
v 68.136871 67.000000 -16.000000
v 68.761871 67.000000 -17.000000
v 69.000000 66.272141 -18.000000
v 69.000000 67.000000 -17.272142
v 70.000000 66.219002 -9.000000
v 69.349167 67.000000 -9.000000
v 70.000000 67.000000 -8.566112
v 69.727859 67.000000 -18.000000
v 70.000000 67.000000 -18.317499
v 71.000000 67.000000 -8.010555
v 71.000000 66.476250 -19.000000
v 71.000000 67.000000 -18.738125
v 72.000000 66.849167 -8.000000
v 71.095001 67.000000 -8.000000
v 72.000000 67.000000 -7.899445
v 72.000000 67.000000 -18.433889
v 72.904999 67.000000 -8.000000
v 73.000000 67.000000 -8.010555
v 73.000000 66.976250 -18.000000
v 73.000000 67.000000 -17.988125
v 72.976250 67.000000 -18.000000
v 74.000000 67.000000 -8.343889
v 74.000000 67.000000 -17.322779
v 75.000000 67.000000 -8.788333
v 75.000000 66.523750 -9.000000
v 75.000000 67.000000 -16.878334
v 74.726250 67.000000 -17.000000
v 75.476250 67.000000 -9.000000
v 76.000000 67.000000 -9.232778
v 76.000000 67.000000 -16.322779
v 76.986427 67.000000 -10.000000
v 77.000000 67.000000 -10.011875
v 77.000000 67.000000 -15.878333
v 76.726250 67.000000 -16.000000
v 77.878334 67.000000 -11.000000
v 78.000000 67.000000 -11.182500
v 78.000000 67.000000 -14.843572
v 77.878334 67.000000 -15.000000
v 78.544998 67.000000 -12.000000
v 78.767220 67.000000 -13.000000
v 78.656113 67.000000 -14.000000
v 45.000000 68.000000 -8.365000
v 44.788334 68.000000 -9.000000
v 44.455002 68.000000 -10.000000
v 44.455002 68.000000 -11.000000
v 44.788334 68.000000 -12.000000
v 45.000000 68.000000 -12.317500
v 46.000000 68.000000 -7.121666
v 45.121666 68.000000 -8.000000
v 45.584999 68.000000 -13.000000
v 46.000000 68.000000 -13.322778
v 47.000000 68.000000 -6.455000
v 46.182499 68.000000 -7.000000
v 47.000000 68.000000 -13.878333
v 48.000000 68.000000 -6.455000
v 48.000000 67.698334 -14.000000
v 47.547501 68.000000 -14.000000
v 48.000000 68.000000 -14.100555
v 49.000000 68.000000 -6.455000
v 49.000000 68.000000 -13.989445
v 48.904999 68.000000 -14.000000
v 50.000000 68.000000 -6.788333
v 50.000000 68.000000 -13.433888
v 50.317501 68.000000 -7.000000
v 51.000000 68.000000 -7.682500
v 51.000000 68.000000 -12.415000
v 50.488125 68.000000 -13.000000
v 51.211666 68.000000 -8.000000
v 51.656113 68.000000 -9.000000
v 51.767223 68.000000 -10.000000
v 51.767223 68.000000 -11.000000
v 51.322777 68.000000 -12.000000
v 65.000000 67.211670 -3.000000
v 66.000000 67.544998 -3.000000
v 66.000000 67.100555 -4.000000
v 67.000000 67.544998 -3.000000
v 68.000000 67.238129 -3.000000
v 68.000000 68.000000 -10.219000
v 67.566109 68.000000 -11.000000
v 67.455002 68.000000 -12.000000
v 67.455002 68.000000 -13.000000
v 67.566109 68.000000 -14.000000
v 67.788330 68.000000 -15.000000
v 68.000000 68.000000 -15.317500
v 69.000000 67.698334 -9.000000
v 68.886871 68.000000 -9.000000
v 69.000000 68.000000 -8.886875
v 68.121666 68.000000 -10.000000
v 68.584999 68.000000 -16.000000
v 69.000000 67.380997 -17.000000
v 69.000000 68.000000 -16.484167
v 70.000000 68.000000 -8.343889
v 69.515831 68.000000 -17.000000
v 70.000000 67.238129 -18.000000
v 70.000000 68.000000 -17.322779
v 71.000000 67.031670 -8.000000
v 70.515831 68.000000 -8.000000
v 71.000000 68.000000 -7.677222
v 71.000000 67.738129 -18.000000
v 71.000000 68.000000 -17.767221
v 72.000000 68.000000 -7.566111
v 72.000000 67.650833 -18.000000
v 72.000000 68.000000 -17.767221
v 73.000000 68.000000 -7.677222
v 73.000000 67.031670 -8.000000
v 73.000000 68.000000 -17.656111
v 74.000000 67.773750 -8.000000
v 74.000000 68.000000 -7.899445
v 74.000000 68.000000 -17.211666
v 74.226250 68.000000 -8.000000
v 75.000000 68.000000 -8.343889
v 75.000000 68.000000 -16.878334
v 74.635002 68.000000 -17.000000
v 76.000000 68.000000 -8.788333
v 76.000000 67.523750 -9.000000
v 76.000000 68.000000 -16.322779
v 76.272141 68.000000 -9.000000
v 77.000000 67.031670 -10.000000
v 77.000000 68.000000 -9.636875
v 77.000000 68.000000 -15.989445
v 76.968330 68.000000 -16.000000
v 77.363129 68.000000 -10.000000
v 78.000000 67.547501 -11.000000
v 78.000000 68.000000 -10.849167
v 78.000000 68.000000 -14.986428
v 77.989441 68.000000 -15.000000
v 78.100555 68.000000 -11.000000
v 78.656113 68.000000 -12.000000
v 78.767220 68.000000 -13.000000
v 78.767220 68.000000 -14.000000
v 45.000000 68.952499 -9.000000
v 44.788334 69.000000 -10.000000
v 45.000000 69.000000 -9.047500
v 44.788334 69.000000 -11.000000
v 45.000000 68.952499 -12.000000
v 45.000000 69.000000 -11.952500
v 46.000000 69.000000 -7.261875
v 45.343887 69.000000 -8.000000
v 45.010555 69.000000 -9.000000
v 45.010555 69.000000 -12.000000
v 45.636875 69.000000 -13.000000
v 46.000000 69.000000 -13.363125
v 47.000000 69.000000 -6.566111
v 46.349167 69.000000 -7.000000
v 47.000000 68.547501 -14.000000
v 46.849167 69.000000 -14.000000
v 47.000000 69.000000 -14.100555
v 48.000000 69.000000 -6.455000
v 48.000000 69.000000 -14.433888
v 49.000000 69.000000 -6.455000
v 49.000000 68.047501 -14.000000
v 49.000000 69.000000 -14.211667
v 50.000000 69.000000 -6.788333
v 50.000000 69.000000 -13.545000
v 49.317501 69.000000 -14.000000
v 50.317501 69.000000 -7.000000
v 51.000000 69.000000 -7.682500
v 51.000000 69.000000 -12.488125
v 50.544998 69.000000 -13.000000
v 51.211666 69.000000 -8.000000
v 51.767223 69.000000 -9.000000
v 51.989445 69.000000 -10.000000
v 51.989445 69.000000 -11.000000
v 51.433887 69.000000 -12.000000
v 68.000000 69.000000 -10.019000
v 67.455002 69.000000 -11.000000
v 67.455002 69.000000 -12.000000
v 67.455002 69.000000 -13.000000
v 67.677223 69.000000 -14.000000
v 68.000000 68.635002 -15.000000
v 68.000000 69.000000 -14.726250
v 69.000000 69.000000 -8.677222
v 68.677223 69.000000 -9.000000
v 68.010559 69.000000 -10.000000
v 68.121666 69.000000 -15.000000
v 69.000000 68.726250 -16.000000
v 69.000000 69.000000 -15.878333
v 70.000000 69.000000 -8.121667
v 69.182503 69.000000 -16.000000
v 70.000000 68.581001 -17.000000
v 70.000000 69.000000 -16.700714
v 71.000000 69.000000 -7.455000
v 70.182503 69.000000 -8.000000
v 70.523750 69.000000 -17.000000
v 71.000000 69.000000 -17.211666
v 72.000000 69.000000 -7.455000
v 72.000000 69.000000 -17.433889
v 73.000000 69.000000 -7.566111
v 73.000000 69.000000 -17.433889
v 74.000000 69.000000 -7.677222
v 74.000000 69.000000 -17.100555
v 74.968330 69.000000 -8.000000
v 75.000000 69.000000 -8.010555
v 75.000000 69.000000 -16.767221
v 74.301666 69.000000 -17.000000
v 76.000000 69.000000 -8.455000
v 76.000000 69.000000 -16.433889
v 76.700714 69.000000 -9.000000
v 77.000000 69.000000 -9.232778
v 77.000000 68.095001 -16.000000
v 77.000000 69.000000 -16.100555
v 77.767220 69.000000 -10.000000
v 78.000000 69.000000 -10.349167
v 78.000000 68.047501 -15.000000
v 78.000000 69.000000 -15.272142
v 77.150833 69.000000 -16.000000
v 78.433891 69.000000 -11.000000
v 78.878334 69.000000 -12.000000
v 78.989441 69.000000 -13.000000
v 78.878334 69.000000 -14.000000
v 78.238129 69.000000 -15.000000
v 45.000000 70.000000 -9.547500
v 44.899445 70.000000 -10.000000
v 44.899445 70.000000 -11.000000
v 45.000000 70.000000 -11.452500
v 46.000000 70.000000 -7.442143
v 45.566113 70.000000 -8.000000
v 45.121666 70.000000 -9.000000
v 45.121666 70.000000 -12.000000
v 45.677223 70.000000 -13.000000
v 46.000000 70.000000 -13.415000
v 47.000000 70.000000 -6.677222
v 46.515835 70.000000 -7.000000
v 46.682499 70.000000 -14.000000
v 47.000000 70.000000 -14.211667
v 48.000000 70.000000 -6.455000
v 48.000000 70.000000 -14.545000
v 49.000000 70.000000 -6.455000
v 49.000000 70.000000 -14.211667
v 50.000000 70.000000 -6.788333
v 50.000000 70.000000 -13.545000
v 49.317501 70.000000 -14.000000
v 50.317501 70.000000 -7.000000
v 51.000000 70.000000 -7.682500
v 51.000000 70.000000 -12.545000
v 50.544998 70.000000 -13.000000
v 51.211666 70.000000 -8.000000
v 51.878334 70.000000 -9.000000
v 52.000000 70.000000 -9.365000
v 52.000000 69.047501 -10.000000
v 52.000000 69.047501 -11.000000
v 52.000000 70.000000 -11.317500
v 51.544998 70.000000 -12.000000
v 52.211666 70.000000 -10.000000
v 52.211666 70.000000 -11.000000
v 68.000000 70.000000 -10.219000
v 67.566109 70.000000 -11.000000
v 67.455002 70.000000 -12.000000
v 67.566109 70.000000 -13.000000
v 67.899445 70.000000 -14.000000
v 68.000000 70.000000 -14.181000
v 69.000000 70.000000 -8.761875
v 68.788330 70.000000 -9.000000
v 68.121666 70.000000 -10.000000
v 68.455002 70.000000 -15.000000
v 69.000000 70.000000 -15.613125
v 70.000000 70.000000 -8.121667
v 69.515831 70.000000 -16.000000
v 70.000000 70.000000 -16.322779
v 71.000000 70.000000 -7.455000
v 70.182503 70.000000 -8.000000
v 71.000000 69.476250 -17.000000
v 71.000000 70.000000 -16.767221
v 72.000000 70.000000 -7.455000
v 72.000000 69.976250 -17.000000
v 72.000000 70.000000 -16.989445
v 73.000000 70.000000 -7.455000
v 72.095001 70.000000 -17.000000
v 73.000000 70.000000 -17.100555
v 74.000000 70.000000 -7.455000
v 74.000000 69.452499 -17.000000
v 74.000000 70.000000 -16.878334
v 73.452499 70.000000 -17.000000
v 75.000000 70.000000 -7.677222
v 75.000000 69.031670 -8.000000
v 75.000000 70.000000 -16.656111
v 75.726250 70.000000 -8.000000
v 76.000000 70.000000 -8.121667
v 76.000000 70.000000 -16.545000
v 77.000000 70.000000 -8.886875
v 77.000000 69.698334 -9.000000
v 77.000000 70.000000 -16.211666
v 77.129288 70.000000 -9.000000
v 77.989441 70.000000 -10.000000
v 78.000000 70.000000 -10.015833
v 78.000000 70.000000 -15.488125
v 77.317497 70.000000 -16.000000
v 78.656113 70.000000 -11.000000
v 79.000000 70.000000 -11.773750
v 79.000000 69.547501 -12.000000
v 79.000000 69.031670 -13.000000
v 79.000000 69.547501 -14.000000
v 79.000000 70.000000 -14.150833
v 78.433891 70.000000 -15.000000
v 79.100555 70.000000 -12.000000
v 79.322777 70.000000 -13.000000
v 79.100555 70.000000 -14.000000
v 45.000000 70.904999 -10.000000
v 45.000000 70.904999 -11.000000
v 46.000000 71.000000 -7.849167
v 45.899445 71.000000 -8.000000
v 45.343887 71.000000 -9.000000
v 45.010555 71.000000 -10.000000
v 45.010555 71.000000 -11.000000
v 45.232777 71.000000 -12.000000
v 45.677223 71.000000 -13.000000
v 46.000000 71.000000 -13.484167
v 47.000000 71.000000 -6.886875
v 46.849167 71.000000 -7.000000
v 46.442142 71.000000 -14.000000
v 47.000000 71.000000 -14.433888
v 48.000000 71.000000 -6.455000
v 48.000000 71.000000 -14.767222
v 49.000000 71.000000 -6.455000
v 49.000000 71.000000 -14.545000
v 50.000000 71.000000 -6.677222
v 50.000000 71.000000 -13.700714
v 49.700714 71.000000 -14.000000
v 50.484165 71.000000 -7.000000
v 51.000000 71.000000 -7.442143
v 51.000000 71.000000 -12.415000
v 50.544998 71.000000 -13.000000
v 51.433887 71.000000 -8.000000
v 51.989445 71.000000 -9.000000
v 52.000000 71.000000 -9.047500
v 52.000000 70.952499 -11.000000
v 52.000000 71.000000 -10.952500
v 51.989445 71.000000 -11.000000
v 51.322777 71.000000 -12.000000
v 52.211666 71.000000 -10.000000
v 68.000000 71.000000 -10.515833
v 67.677223 71.000000 -11.000000
v 67.455002 71.000000 -12.000000
v 67.677223 71.000000 -13.000000
v 68.000000 70.904999 -14.000000
v 68.000000 71.000000 -13.968333
v 69.000000 70.952499 -9.000000
v 68.343887 71.000000 -10.000000
v 69.000000 71.000000 -9.015833
v 68.010559 71.000000 -14.000000
v 68.761871 71.000000 -15.000000
v 69.000000 71.000000 -15.272142
v 70.000000 71.000000 -8.121667
v 69.011871 71.000000 -9.000000
v 69.849167 71.000000 -16.000000
v 70.000000 71.000000 -16.100555
v 71.000000 71.000000 -7.455000
v 70.182503 71.000000 -8.000000
v 71.000000 71.000000 -16.545000
v 72.000000 71.000000 -7.455000
v 72.000000 71.000000 -16.767221
v 73.000000 71.000000 -7.455000
v 73.000000 70.452499 -17.000000
v 73.000000 71.000000 -16.878334
v 74.000000 71.000000 -7.455000
v 74.000000 71.000000 -16.767221
v 75.000000 71.000000 -7.566111
v 75.000000 71.000000 -16.656111
v 76.000000 71.000000 -7.899445
v 76.000000 70.547501 -8.000000
v 76.000000 71.000000 -16.545000
v 76.150833 71.000000 -8.000000
v 77.000000 71.000000 -8.566112
v 77.000000 71.000000 -16.322779
v 77.488129 71.000000 -9.000000
v 78.000000 71.000000 -9.585000
v 78.000000 70.031670 -10.000000
v 78.000000 71.000000 -15.656111
v 77.484169 71.000000 -16.000000
v 78.322777 71.000000 -10.000000
v 78.989441 71.000000 -11.000000
v 79.000000 71.000000 -11.031667
v 79.000000 71.000000 -14.381000
v 78.656113 71.000000 -15.000000
v 79.322777 71.000000 -12.000000
v 79.544998 71.000000 -13.000000
v 79.211670 71.000000 -14.000000
v 45.000000 71.095001 -10.000000
v 44.899445 72.000000 -10.000000
v 45.000000 72.000000 -9.819000
v 45.000000 71.047501 -11.000000
v 44.788334 72.000000 -11.000000
v 45.000000 72.000000 -11.952500
v 46.000000 71.904999 -8.000000
v 45.455002 72.000000 -9.000000
v 46.000000 72.000000 -8.019000
v 45.010555 72.000000 -12.000000
v 45.455002 72.000000 -13.000000
v 46.000000 72.000000 -13.700714
v 47.000000 71.904999 -7.000000
v 47.000000 72.000000 -7.010556
v 46.010555 72.000000 -8.000000
v 46.261875 72.000000 -14.000000
v 47.000000 72.000000 -14.656111
v 48.000000 72.000000 -6.455000
v 47.019001 72.000000 -7.000000
v 48.000000 72.000000 -14.989445
v 49.000000 72.000000 -6.455000
v 49.000000 72.000000 -14.878333
v 50.000000 72.000000 -6.566111
v 50.000000 72.000000 -13.981000
v 49.988125 72.000000 -14.000000
v 50.650833 72.000000 -7.000000
v 51.000000 72.000000 -7.261875
v 51.000000 72.000000 -12.317500
v 50.544998 72.000000 -13.000000
v 51.656113 72.000000 -8.000000
v 52.000000 72.000000 -8.773750
v 52.000000 71.095001 -9.000000
v 52.000000 72.000000 -10.726250
v 51.878334 72.000000 -11.000000
v 51.211666 72.000000 -12.000000
v 52.100555 72.000000 -9.000000
v 52.322777 72.000000 -10.000000
v 68.000000 72.000000 -10.515833
v 67.677223 72.000000 -11.000000
v 67.566109 72.000000 -12.000000
v 67.899445 72.000000 -13.000000
v 68.000000 72.000000 -13.226250
v 69.000000 72.000000 -9.015833
v 68.343887 72.000000 -10.000000
v 68.343887 72.000000 -14.000000
v 69.000000 71.635002 -15.000000
v 69.000000 72.000000 -14.843572
v 70.000000 72.000000 -8.121667
v 69.011871 72.000000 -9.000000
v 69.121666 72.000000 -15.000000
v 70.000000 71.452499 -16.000000
v 70.000000 72.000000 -15.878333
v 71.000000 72.000000 -7.455000
v 70.182503 72.000000 -8.000000
v 70.273750 72.000000 -16.000000
v 71.000000 72.000000 -16.322779
v 72.000000 72.000000 -7.455000
v 72.000000 72.000000 -16.545000
v 73.000000 72.000000 -7.455000
v 73.000000 72.000000 -16.767221
v 74.000000 72.000000 -7.455000
v 74.000000 72.000000 -16.878334
v 75.000000 72.000000 -7.455000
v 75.000000 72.000000 -16.878334
v 76.000000 72.000000 -7.788333
v 76.000000 72.000000 -16.656111
v 76.317497 72.000000 -8.000000
v 77.000000 72.000000 -8.455000
v 77.000000 72.000000 -16.433889
v 77.544998 72.000000 -9.000000
v 78.000000 72.000000 -9.511875
v 78.000000 72.000000 -15.738125
v 77.650833 72.000000 -16.000000
v 78.433891 72.000000 -10.000000
v 79.000000 72.000000 -10.849167
v 79.000000 71.095001 -11.000000
v 79.000000 72.000000 -14.226250
v 78.656113 72.000000 -15.000000
v 79.100555 72.000000 -11.000000
v 79.433891 72.000000 -12.000000
v 79.433891 72.000000 -13.000000
v 79.100555 72.000000 -14.000000
v 45.000000 72.452499 -10.000000
v 45.000000 72.952499 -11.000000
v 46.000000 73.000000 -8.273750
v 45.677223 73.000000 -9.000000
v 45.121666 73.000000 -10.000000
v 45.010555 73.000000 -11.000000
v 45.121666 73.000000 -12.000000
v 45.343887 73.000000 -13.000000
v 46.000000 73.000000 -13.984167
v 47.000000 73.000000 -7.121666
v 46.121666 73.000000 -8.000000
v 46.010555 73.000000 -14.000000
v 47.000000 73.000000 -14.989445
v 48.000000 73.000000 -6.455000
v 47.182499 73.000000 -7.000000
v 48.000000 72.031670 -15.000000
v 47.031666 73.000000 -15.000000
v 48.000000 73.000000 -15.322778
v 49.000000 73.000000 -6.455000
v 49.000000 72.273750 -15.000000
v 49.000000 73.000000 -15.322778
v 50.000000 73.000000 -6.566111
v 50.000000 72.023750 -14.000000
v 50.000000 73.000000 -14.650833
v 49.581001 73.000000 -15.000000
v 50.650833 73.000000 -7.000000
v 51.000000 73.000000 -7.232778
v 51.000000 73.000000 -12.226250
v 50.656113 73.000000 -13.000000
v 50.433887 73.000000 -14.000000
v 51.767223 73.000000 -8.000000
v 52.000000 73.000000 -8.523750
v 52.000000 73.000000 -10.650833
v 51.767223 73.000000 -11.000000
v 51.100555 73.000000 -12.000000
v 52.211666 73.000000 -9.000000
v 52.433887 73.000000 -10.000000
v 68.000000 73.000000 -10.219000
v 67.566109 73.000000 -11.000000
v 67.677223 73.000000 -12.000000
v 68.000000 72.904999 -13.000000
v 68.000000 73.000000 -12.968333
v 69.000000 72.047501 -9.000000
v 68.788330 73.000000 -9.000000
v 69.000000 73.000000 -8.761875
v 68.121666 73.000000 -10.000000
v 68.010559 73.000000 -13.000000
v 68.566109 73.000000 -14.000000
v 69.000000 73.000000 -14.557858
v 70.000000 73.000000 -8.010555
v 69.343887 73.000000 -15.000000
v 70.000000 73.000000 -15.656111
v 71.000000 73.000000 -7.455000
v 70.018997 73.000000 -8.000000
v 70.619003 73.000000 -16.000000
v 71.000000 73.000000 -16.211666
v 72.000000 73.000000 -7.455000
v 72.000000 73.000000 -16.545000
v 73.000000 73.000000 -7.455000
v 73.000000 73.000000 -16.878334
v 74.000000 73.000000 -7.455000
v 74.000000 72.547501 -17.000000
v 73.547501 73.000000 -17.000000
v 74.000000 73.000000 -17.100555
v 75.000000 73.000000 -7.455000
v 75.000000 72.364998 -17.000000
v 75.000000 73.000000 -17.211666
v 76.000000 73.000000 -7.677222
v 76.000000 73.000000 -16.878334
v 75.635002 73.000000 -17.000000
v 76.484169 73.000000 -8.000000
v 77.000000 73.000000 -8.343889
v 77.000000 73.000000 -16.656111
v 77.656113 73.000000 -9.000000
v 78.000000 73.000000 -9.386875
v 78.000000 73.000000 -15.843572
v 77.843575 73.000000 -16.000000
v 78.544998 73.000000 -10.000000
v 79.000000 73.000000 -10.682500
v 79.000000 72.904999 -14.000000
v 79.000000 73.000000 -13.968333
v 78.989441 73.000000 -14.000000
v 78.656113 73.000000 -15.000000
v 79.211670 73.000000 -11.000000
v 79.544998 73.000000 -12.000000
v 79.322777 73.000000 -13.000000
v 46.000000 74.000000 -8.523750
v 45.788334 74.000000 -9.000000
v 45.343887 74.000000 -10.000000
v 45.232777 74.000000 -11.000000
v 45.232777 74.000000 -12.000000
v 45.343887 74.000000 -13.000000
v 46.000000 73.095001 -14.000000
v 45.886875 74.000000 -14.000000
v 46.000000 74.000000 -14.150833
v 47.000000 74.000000 -7.232778
v 46.232777 74.000000 -8.000000
v 47.000000 73.095001 -15.000000
v 46.849167 74.000000 -15.000000
v 47.000000 74.000000 -15.100555
v 48.000000 74.000000 -6.566111
v 47.349167 74.000000 -7.000000
v 48.000000 74.000000 -15.433888
v 49.000000 74.000000 -6.455000
v 49.000000 74.000000 -15.433888
v 50.000000 74.000000 -6.677222
v 50.000000 73.698334 -15.000000
v 50.000000 74.000000 -15.113125
v 50.484165 74.000000 -7.000000
v 51.000000 74.000000 -7.343889
v 51.000000 74.000000 -12.726250
v 50.878334 74.000000 -13.000000
v 50.767223 74.000000 -14.000000
v 50.150833 74.000000 -15.000000
v 51.656113 74.000000 -8.000000
v 52.000000 74.000000 -8.619000
v 52.000000 74.000000 -10.981000
v 51.989445 74.000000 -11.000000
v 51.322777 74.000000 -12.000000
v 52.211666 74.000000 -9.000000
v 52.544998 74.000000 -10.000000
v 68.000000 73.547501 -10.000000
v 67.886871 74.000000 -10.000000
v 68.000000 74.000000 -9.849167
v 67.455002 74.000000 -11.000000
v 67.788330 74.000000 -12.000000
v 68.000000 74.000000 -12.635000
v 69.000000 74.000000 -8.566112
v 68.566109 74.000000 -9.000000
v 68.121666 74.000000 -13.000000
v 68.788330 74.000000 -14.000000
v 69.000000 74.000000 -14.317500
v 70.000000 73.095001 -8.000000
v 69.849167 74.000000 -8.000000
v 70.000000 74.000000 -7.886875
v 69.511871 74.000000 -15.000000
v 70.000000 74.000000 -15.433888
v 71.000000 74.000000 -7.455000
v 70.849167 74.000000 -16.000000
v 71.000000 74.000000 -16.100555
v 72.000000 74.000000 -7.455000
v 72.000000 74.000000 -16.545000
v 73.000000 74.000000 -7.455000
v 73.000000 74.000000 -16.989445
v 74.000000 74.000000 -7.455000
v 73.031670 74.000000 -17.000000
v 74.000000 74.000000 -17.322779
v 75.000000 74.000000 -7.455000
v 75.000000 74.000000 -17.433889
v 76.000000 74.000000 -7.566111
v 76.000000 73.547501 -17.000000
v 76.000000 74.000000 -17.100555
v 76.650833 74.000000 -8.000000
v 77.000000 74.000000 -8.232778
v 77.000000 74.000000 -16.656111
v 76.226250 74.000000 -17.000000
v 77.767220 74.000000 -9.000000
v 78.000000 74.000000 -9.299286
v 78.000000 74.000000 -15.650833
v 77.738129 74.000000 -16.000000
v 78.544998 74.000000 -10.000000
v 79.000000 74.000000 -10.682500
v 79.000000 74.000000 -13.301666
v 78.767220 74.000000 -14.000000
v 78.433891 74.000000 -15.000000
v 79.211670 74.000000 -11.000000
v 79.433891 74.000000 -12.000000
v 79.100555 74.000000 -13.000000
v 46.000000 74.952499 -9.000000
v 45.566113 75.000000 -10.000000
v 46.000000 75.000000 -9.023750
v 45.455002 75.000000 -11.000000
v 45.455002 75.000000 -12.000000
v 45.455002 75.000000 -13.000000
v 45.788334 75.000000 -14.000000
v 46.000000 75.000000 -14.317500
v 47.000000 75.000000 -7.636875
v 46.636875 75.000000 -8.000000
v 46.010555 75.000000 -9.000000
v 46.584999 75.000000 -15.000000
v 47.000000 75.000000 -15.322778
v 48.000000 74.976250 -7.000000
v 48.000000 75.000000 -7.010556
v 48.000000 75.000000 -15.767222
v 49.000000 75.000000 -6.788333
v 48.047501 75.000000 -7.000000
v 49.000000 75.000000 -15.878333
v 50.000000 74.968330 -7.000000
v 49.952499 75.000000 -7.000000
v 50.000000 75.000000 -7.010556
v 50.000000 75.000000 -15.656111
v 51.000000 75.000000 -7.566111
v 51.000000 74.364998 -13.000000
v 51.000000 74.523750 -14.000000
v 51.000000 75.000000 -14.635000
v 50.843571 75.000000 -15.000000
v 51.488125 75.000000 -8.000000
v 52.000000 75.000000 -8.682500
v 52.000000 74.095001 -11.000000
v 52.000000 75.000000 -11.181000
v 51.544998 75.000000 -12.000000
v 51.211666 75.000000 -13.000000
v 51.211666 75.000000 -14.000000
v 52.211666 75.000000 -9.000000
v 52.544998 75.000000 -10.000000
v 52.113125 75.000000 -11.000000
v 68.000000 75.000000 -9.682500
v 67.788330 75.000000 -10.000000
v 67.455002 75.000000 -11.000000
v 67.788330 75.000000 -12.000000
v 68.000000 75.000000 -12.635000
v 69.000000 75.000000 -8.455000
v 68.455002 75.000000 -9.000000
v 68.121666 75.000000 -13.000000
v 68.788330 75.000000 -14.000000
v 69.000000 75.000000 -14.381000
v 70.000000 75.000000 -7.788333
v 69.682503 75.000000 -8.000000
v 69.442146 75.000000 -15.000000
v 70.000000 75.000000 -15.433888
v 71.000000 75.000000 -7.455000
v 70.727859 75.000000 -16.000000
v 71.000000 75.000000 -16.211666
v 72.000000 75.000000 -7.455000
v 72.000000 75.000000 -16.656111
v 73.000000 75.000000 -7.455000
v 73.000000 74.047501 -17.000000
v 72.619003 75.000000 -17.000000
v 73.000000 75.000000 -17.211666
v 74.000000 75.000000 -7.455000
v 74.000000 75.000000 -17.433889
v 75.000000 75.000000 -7.455000
v 75.000000 75.000000 -17.433889
v 76.000000 75.000000 -7.566111
v 76.000000 75.000000 -17.100555
v 76.650833 75.000000 -8.000000
v 77.000000 75.000000 -8.232778
v 77.000000 75.000000 -16.545000
v 76.181000 75.000000 -17.000000
v 77.767220 75.000000 -9.000000
v 78.000000 75.000000 -9.349167
v 78.000000 75.000000 -15.484167
v 77.613129 75.000000 -16.000000
v 78.433891 75.000000 -10.000000
v 79.000000 75.000000 -10.849167
v 79.000000 74.904999 -13.000000
v 79.000000 75.000000 -12.952500
v 78.989441 75.000000 -13.000000
v 78.656113 75.000000 -14.000000
v 78.322777 75.000000 -15.000000
v 79.100555 75.000000 -11.000000
v 79.211670 75.000000 -12.000000
v 46.000000 76.000000 -9.619000
v 45.788334 76.000000 -10.000000
v 45.566113 76.000000 -11.000000
v 45.455002 76.000000 -12.000000
v 45.455002 76.000000 -13.000000
v 45.788334 76.000000 -14.000000
v 46.000000 76.000000 -14.317500
v 47.000000 75.581001 -8.000000
v 46.386875 76.000000 -9.000000
v 47.000000 76.000000 -8.299286
v 46.511875 76.000000 -15.000000
v 47.000000 76.000000 -15.433888
v 48.000000 76.000000 -7.566111
v 47.349167 76.000000 -8.000000
v 48.000000 76.000000 -15.989445
v 49.000000 75.476250 -7.000000
v 49.000000 76.000000 -7.232778
v 49.000000 75.364998 -16.000000
v 48.047501 76.000000 -16.000000
v 49.000000 76.000000 -16.211666
v 50.000000 76.000000 -7.343889
v 50.000000 76.000000 -15.989445
v 49.952499 76.000000 -16.000000
v 51.000000 76.000000 -7.788333
v 51.000000 75.547501 -15.000000
v 51.000000 76.000000 -15.150833
v 51.272144 76.000000 -8.000000
v 52.000000 76.000000 -8.849167
v 52.000000 76.000000 -11.726250
v 51.878334 76.000000 -12.000000
v 51.544998 76.000000 -13.000000
v 51.433887 76.000000 -14.000000
v 51.113125 76.000000 -15.000000
v 52.113125 76.000000 -9.000000
v 52.544998 76.000000 -10.000000
v 52.322777 76.000000 -11.000000
v 68.000000 76.000000 -9.515833
v 67.677223 76.000000 -10.000000
v 67.455002 76.000000 -11.000000
v 67.677223 76.000000 -12.000000
v 68.000000 75.547501 -13.000000
v 67.899445 76.000000 -13.000000
v 68.000000 76.000000 -13.181000
v 69.000000 76.000000 -8.343889
v 68.343887 76.000000 -9.000000
v 68.455002 76.000000 -14.000000
v 69.000000 76.000000 -14.981000
v 70.000000 76.000000 -7.788333
v 69.619003 76.000000 -8.000000
v 69.015831 76.000000 -15.000000
v 70.000000 76.000000 -15.843572
v 71.000000 76.000000 -7.455000
v 70.156425 76.000000 -16.000000
v 71.000000 76.000000 -16.656111
v 72.000000 76.000000 -7.455000
v 72.000000 76.000000 -16.989445
v 73.000000 76.000000 -7.455000
v 72.018997 76.000000 -17.000000
v 73.000000 76.000000 -17.545000
v 74.000000 76.000000 -7.455000
v 74.000000 76.000000 -17.656111
v 75.000000 76.000000 -7.455000
v 75.000000 76.000000 -17.545000
v 76.000000 76.000000 -7.677222
v 76.000000 76.000000 -17.100555
v 76.484169 76.000000 -8.000000
v 77.000000 76.000000 -8.343889
v 77.000000 76.000000 -16.433889
v 76.150833 76.000000 -17.000000
v 77.656113 76.000000 -9.000000
v 78.000000 76.000000 -9.515833
v 78.000000 76.000000 -15.317500
v 77.488129 76.000000 -16.000000
v 78.322777 76.000000 -10.000000
v 78.878334 76.000000 -11.000000
v 79.000000 75.452499 -11.000000
v 79.000000 75.635002 -12.000000
v 78.878334 76.000000 -12.000000
v 78.767220 76.000000 -13.000000
v 78.544998 76.000000 -14.000000
v 78.211670 76.000000 -15.000000
v 46.000000 76.635002 -10.000000
v 45.677223 77.000000 -11.000000
v 46.000000 77.000000 -10.273750
v 45.455002 77.000000 -12.000000
v 45.455002 77.000000 -13.000000
v 45.788334 77.000000 -14.000000
v 46.000000 77.000000 -14.317500
v 47.000000 76.981003 -9.000000
v 47.000000 77.000000 -9.011875
v 46.121666 77.000000 -10.000000
v 46.455002 77.000000 -15.000000
v 47.000000 77.000000 -15.545000
v 48.000000 76.650833 -8.000000
v 48.000000 77.000000 -8.232778
v 47.013573 77.000000 -9.000000
v 48.000000 76.047501 -16.000000
v 47.682499 77.000000 -16.000000
v 48.000000 77.000000 -16.211666
v 49.000000 77.000000 -7.899445
v 48.698334 77.000000 -8.000000
v 49.000000 77.000000 -16.656111
v 50.000000 77.000000 -7.899445
v 50.000000 76.023750 -16.000000
v 50.000000 77.000000 -16.433889
v 51.000000 76.635002 -8.000000
v 50.452499 77.000000 -8.000000
v 51.000000 77.000000 -8.121667
v 51.000000 77.000000 -15.817500
v 50.780998 77.000000 -16.000000
v 52.000000 77.000000 -8.870714
v 52.000000 76.273750 -12.000000
v 52.000000 77.000000 -12.968333
v 51.989445 77.000000 -13.000000
v 51.878334 77.000000 -14.000000
v 51.544998 77.000000 -15.000000
v 52.129284 77.000000 -9.000000
v 52.767223 77.000000 -10.000000
v 52.656113 77.000000 -11.000000
v 52.322777 77.000000 -12.000000
v 68.000000 77.000000 -9.219000
v 67.566109 77.000000 -10.000000
v 67.455002 77.000000 -11.000000
v 67.566109 77.000000 -12.000000
v 67.677223 77.000000 -13.000000
v 68.000000 77.000000 -13.968333
v 69.000000 77.000000 -8.121667
v 68.121666 77.000000 -9.000000
v 68.010559 77.000000 -14.000000
v 69.000000 76.018997 -15.000000
v 68.455002 77.000000 -15.000000
v 69.000000 77.000000 -15.981000
v 70.000000 77.000000 -7.677222
v 69.273750 77.000000 -8.000000
v 70.000000 76.156425 -16.000000
v 69.015831 77.000000 -16.000000
v 70.000000 77.000000 -16.738125
v 71.000000 77.000000 -7.455000
v 71.000000 76.619003 -17.000000
v 70.523750 77.000000 -17.000000
v 71.000000 77.000000 -17.238125
v 72.000000 77.000000 -7.455000
v 72.000000 76.031670 -17.000000
v 72.000000 77.000000 -17.363125
v 73.000000 77.000000 -7.455000
v 73.000000 77.000000 -17.656111
v 74.000000 77.000000 -7.455000
v 74.000000 77.000000 -17.656111
v 75.000000 77.000000 -7.455000
v 75.000000 77.000000 -17.545000
v 76.000000 77.000000 -7.788333
v 76.000000 77.000000 -17.100555
v 76.317497 77.000000 -8.000000
v 77.000000 77.000000 -8.511875
v 77.000000 77.000000 -16.363125
v 76.150833 77.000000 -17.000000
v 77.433891 77.000000 -9.000000
v 78.000000 77.000000 -9.849167
v 78.000000 77.000000 -15.150833
v 77.363129 77.000000 -16.000000
v 78.100555 77.000000 -10.000000
v 78.544998 77.000000 -11.000000
v 78.656113 77.000000 -12.000000
v 78.656113 77.000000 -13.000000
v 78.433891 77.000000 -14.000000
v 78.100555 77.000000 -15.000000
v 46.000000 77.968330 -11.000000
v 45.788334 78.000000 -12.000000
v 46.000000 78.000000 -11.047500
v 45.788334 78.000000 -13.000000
v 46.000000 77.952499 -14.000000
v 46.000000 78.000000 -13.952500
v 47.000000 78.000000 -9.386875
v 46.455002 78.000000 -10.000000
v 46.010555 78.000000 -11.000000
v 46.010555 78.000000 -14.000000
v 46.566113 78.000000 -15.000000
v 47.000000 78.000000 -15.488125
v 48.000000 78.000000 -8.566112
v 47.442142 78.000000 -9.000000
v 47.584999 78.000000 -16.000000
v 48.000000 78.000000 -16.322779
v 49.000000 77.301666 -8.000000
v 49.000000 78.000000 -8.232778
v 49.000000 78.000000 -16.878334
v 50.000000 77.301666 -8.000000
v 50.000000 78.000000 -8.232778
v 50.000000 78.000000 -16.878334
v 51.000000 78.000000 -8.455000
v 51.000000 77.219002 -16.000000
v 51.000000 78.000000 -16.488125
v 52.000000 77.904999 -9.000000
v 51.980999 78.000000 -9.000000
v 52.000000 78.000000 -9.011875
v 52.000000 77.015831 -13.000000
v 52.000000 77.182503 -14.000000
v 52.000000 77.682503 -15.000000
v 52.000000 78.000000 -15.381000
v 51.557858 78.000000 -16.000000
v 52.878334 78.000000 -10.000000
v 53.000000 78.000000 -10.547500
v 53.000000 77.773750 -11.000000
v 53.000000 78.000000 -11.452500
v 52.878334 78.000000 -12.000000
v 52.656113 78.000000 -13.000000
v 52.544998 78.000000 -14.000000
v 52.238125 78.000000 -15.000000
v 53.100555 78.000000 -11.000000
v 68.000000 77.364998 -9.000000
v 67.761871 78.000000 -9.000000
v 68.000000 78.000000 -8.727858
v 67.232780 78.000000 -10.000000
v 67.121666 78.000000 -11.000000
v 67.121666 78.000000 -12.000000
v 67.121666 78.000000 -13.000000
v 68.000000 77.015831 -14.000000
v 67.343887 78.000000 -14.000000
v 68.000000 77.819000 -15.000000
v 67.886871 78.000000 -15.000000
v 68.000000 78.000000 -15.301666
v 69.000000 77.547501 -8.000000
v 68.849167 78.000000 -8.000000
v 69.000000 78.000000 -7.899445
v 69.000000 77.015831 -16.000000
v 68.261871 78.000000 -16.000000
v 69.000000 78.000000 -16.738125
v 70.000000 78.000000 -7.566111
v 70.000000 77.418999 -17.000000
v 69.418999 78.000000 -17.000000
v 70.000000 78.000000 -17.363125
v 71.000000 78.000000 -7.455000
v 71.000000 78.000000 -17.656111
v 72.000000 78.000000 -7.455000
v 72.000000 78.000000 -17.656111
v 73.000000 78.000000 -7.455000
v 73.000000 78.000000 -17.767221
v 74.000000 78.000000 -7.455000
v 74.000000 78.000000 -17.656111
v 75.000000 78.000000 -7.566111
v 75.000000 78.000000 -17.545000
v 76.000000 77.952499 -8.000000
v 75.976250 78.000000 -8.000000
v 76.000000 78.000000 -8.010555
v 76.000000 78.000000 -17.100555
v 77.000000 78.000000 -8.870714
v 77.000000 78.000000 -16.272142
v 76.150833 78.000000 -17.000000
v 77.113129 78.000000 -9.000000
v 77.878334 78.000000 -10.000000
v 78.000000 77.452499 -10.000000
v 78.000000 78.000000 -10.273750
v 78.000000 77.452499 -15.000000
v 78.000000 78.000000 -14.635000
v 77.878334 78.000000 -15.000000
v 77.238129 78.000000 -16.000000
v 78.322777 78.000000 -11.000000
v 78.544998 78.000000 -12.000000
v 78.433891 78.000000 -13.000000
v 78.211670 78.000000 -14.000000
v 46.000000 78.635002 -12.000000
v 46.000000 78.635002 -13.000000
v 47.000000 79.000000 -9.870714
v 46.886875 79.000000 -10.000000
v 46.343887 79.000000 -11.000000
v 46.121666 79.000000 -12.000000
v 46.121666 79.000000 -13.000000
v 46.232777 79.000000 -14.000000
v 46.677223 79.000000 -15.000000
v 47.000000 79.000000 -15.415000
v 48.000000 78.780998 -9.000000
v 48.000000 79.000000 -9.121667
v 47.511875 79.000000 -16.000000
v 48.000000 79.000000 -16.433889
v 49.000000 79.000000 -8.677222
v 48.273750 79.000000 -9.000000
v 49.000000 78.547501 -17.000000
v 48.849167 79.000000 -17.000000
v 49.000000 79.000000 -17.100555
v 50.000000 79.000000 -8.566112
v 50.000000 78.273750 -17.000000
v 50.000000 79.000000 -17.322779
v 51.000000 79.000000 -8.677222
v 51.000000 78.819000 -17.000000
v 51.000000 79.000000 -17.113125
v 51.968334 79.000000 -9.000000
v 52.000000 79.000000 -9.010555
v 52.000000 78.442146 -16.000000
v 52.000000 79.000000 -16.488125
v 51.181000 79.000000 -17.000000
v 52.989445 79.000000 -10.000000
v 53.000000 79.000000 -10.023750
v 53.000000 78.219002 -12.000000
v 53.000000 78.442146 -13.000000
v 53.000000 78.455002 -14.000000
v 53.000000 78.761871 -15.000000
v 53.000000 79.000000 -15.381000
v 52.557858 79.000000 -16.000000
v 53.433887 79.000000 -11.000000
v 53.433887 79.000000 -12.000000
v 53.433887 79.000000 -13.000000
v 53.544998 79.000000 -14.000000
v 53.238125 79.000000 -15.000000
v 67.000000 78.273750 -11.000000
v 66.677223 79.000000 -11.000000
v 67.000000 79.000000 -10.031667
v 67.000000 78.219002 -12.000000
v 66.566109 79.000000 -12.000000
v 67.000000 78.182503 -13.000000
v 66.455002 79.000000 -13.000000
v 67.000000 78.442146 -14.000000
v 66.511871 79.000000 -14.000000
v 67.000000 79.000000 -14.976250
v 68.000000 79.000000 -8.511875
v 67.566109 79.000000 -9.000000
v 67.010559 79.000000 -10.000000
v 67.013573 79.000000 -15.000000
v 68.000000 78.261871 -16.000000
v 67.156425 79.000000 -16.000000
v 68.000000 79.000000 -16.984167
v 69.000000 79.000000 -7.788333
v 68.682503 79.000000 -8.000000
v 69.000000 78.349167 -17.000000
v 68.023750 79.000000 -17.000000
v 69.000000 79.000000 -17.557858
v 70.000000 79.000000 -7.455000
v 70.000000 79.000000 -17.878334
v 71.000000 79.000000 -7.455000
v 71.000000 79.000000 -17.989445
v 72.000000 79.000000 -7.455000
v 72.000000 79.000000 -17.989445
v 73.000000 79.000000 -7.455000
v 73.000000 79.000000 -17.989445
v 74.000000 79.000000 -7.455000
v 74.000000 79.000000 -17.767221
v 75.000000 79.000000 -7.677222
v 75.000000 79.000000 -17.433889
v 75.581001 79.000000 -8.000000
v 76.000000 79.000000 -8.232778
v 76.000000 78.452499 -17.000000
v 76.000000 79.000000 -16.878334
v 75.780998 79.000000 -17.000000
v 77.000000 78.301666 -9.000000
v 76.767220 79.000000 -9.000000
v 77.000000 79.000000 -9.299286
v 77.000000 78.635002 -16.000000
v 77.000000 79.000000 -15.817500
v 76.878334 79.000000 -16.000000
v 77.544998 79.000000 -10.000000
v 77.989441 79.000000 -11.000000
v 78.000000 78.968330 -11.000000
v 78.000000 79.000000 -11.047500
v 78.000000 78.635002 -14.000000
v 78.000000 79.000000 -13.452500
v 77.878334 79.000000 -14.000000
v 77.544998 79.000000 -15.000000
v 78.211670 79.000000 -12.000000
v 78.100555 79.000000 -13.000000
v 47.000000 79.181000 -10.000000
v 47.000000 79.984169 -11.000000
v 46.677223 80.000000 -12.000000
v 47.000000 80.000000 -11.031667
v 46.566113 80.000000 -13.000000
v 46.566113 80.000000 -14.000000
v 46.899445 80.000000 -15.000000
v 47.000000 80.000000 -15.150833
v 48.000000 80.000000 -9.636875
v 47.584999 80.000000 -10.000000
v 47.010555 80.000000 -11.000000
v 47.566113 80.000000 -16.000000
v 48.000000 80.000000 -16.488125
v 49.000000 79.726250 -9.000000
v 49.000000 80.000000 -9.121667
v 48.682499 80.000000 -17.000000
v 49.000000 80.000000 -17.211666
v 50.000000 80.000000 -8.899445
v 49.547501 80.000000 -9.000000
v 50.000000 80.000000 -17.545000
v 51.000000 79.968330 -9.000000
v 50.904999 80.000000 -9.000000
v 51.000000 80.000000 -9.010555
v 51.000000 80.000000 -17.433889
v 52.000000 80.000000 -9.343889
v 52.000000 79.819000 -17.000000
v 52.000000 80.000000 -17.113125
v 52.738125 80.000000 -10.000000
v 53.000000 80.000000 -10.299286
v 53.000000 79.386871 -16.000000
v 53.000000 80.000000 -16.613125
v 52.226250 80.000000 -17.000000
v 53.544998 80.000000 -11.000000
v 53.878334 80.000000 -12.000000
v 54.000000 80.000000 -12.547500
v 54.000000 79.849167 -13.000000
v 54.000000 79.682503 -14.000000
v 54.000000 80.000000 -14.952500
v 53.989445 80.000000 -15.000000
v 53.613125 80.000000 -16.000000
v 54.100555 80.000000 -13.000000
v 54.211666 80.000000 -14.000000
v 66.000000 79.727859 -12.000000
v 65.788330 80.000000 -12.000000
v 66.000000 80.000000 -11.365000
v 66.000000 79.511871 -13.000000
v 65.566109 80.000000 -13.000000
v 66.000000 79.455002 -14.000000
v 65.299286 80.000000 -14.000000
v 66.000000 79.677223 -15.000000
v 65.418999 80.000000 -15.000000
v 66.000000 79.566109 -16.000000
v 65.023750 80.000000 -16.000000
v 66.000000 80.000000 -16.976250
v 67.000000 79.023750 -10.000000
v 66.566109 80.000000 -10.000000
v 67.000000 80.000000 -9.442142
v 66.121666 80.000000 -11.000000
v 67.000000 79.013573 -15.000000
v 67.000000 79.136871 -16.000000
v 67.000000 79.677223 -17.000000
v 66.031670 80.000000 -17.000000
v 67.000000 80.000000 -17.580999
v 68.000000 80.000000 -8.343889
v 67.343887 80.000000 -9.000000
v 68.000000 79.013573 -17.000000
v 68.000000 80.000000 -17.986429
v 69.000000 80.000000 -7.788333
v 68.619003 80.000000 -8.000000
v 69.000000 79.619003 -18.000000
v 68.047501 80.000000 -18.000000
v 69.000000 80.000000 -18.211666
v 70.000000 80.000000 -7.455000
v 70.000000 79.219002 -18.000000
v 70.000000 80.000000 -18.433889
v 71.000000 80.000000 -7.455000
v 71.000000 79.023750 -18.000000
v 71.000000 80.000000 -18.433889
v 72.000000 80.000000 -7.455000
v 72.000000 79.031670 -18.000000
v 72.000000 80.000000 -18.322779
v 73.000000 80.000000 -7.455000
v 73.000000 79.047501 -18.000000
v 73.000000 80.000000 -18.211666
v 74.000000 80.000000 -7.566111
v 74.000000 80.000000 -17.989445
v 73.952499 80.000000 -18.000000
v 75.000000 79.968330 -8.000000
v 74.976250 80.000000 -8.000000
v 75.000000 80.000000 -8.010555
v 75.000000 80.000000 -17.433889
v 76.000000 80.000000 -8.761875
v 76.000000 80.000000 -16.656111
v 75.557854 80.000000 -17.000000
v 76.238129 80.000000 -9.000000
v 76.988129 80.000000 -10.000000
v 77.000000 79.981003 -10.000000
v 77.000000 80.000000 -10.019000
v 77.000000 80.000000 -15.484167
v 76.656113 80.000000 -16.000000
v 77.544998 80.000000 -11.000000
v 77.767220 80.000000 -12.000000
v 78.000000 79.476250 -12.000000
v 78.000000 79.301666 -13.000000
v 77.767220 80.000000 -13.000000
v 77.656113 80.000000 -14.000000
v 77.322777 80.000000 -15.000000
v 47.000000 80.968330 -12.000000
v 46.899445 81.000000 -13.000000
v 47.000000 81.000000 -12.095000
v 46.899445 81.000000 -14.000000
v 47.000000 80.301666 -15.000000
v 47.000000 81.000000 -14.301666
v 48.000000 80.484169 -10.000000
v 47.511875 81.000000 -11.000000
v 48.000000 81.000000 -10.442142
v 47.010555 81.000000 -12.000000
v 47.232777 81.000000 -15.000000
v 47.788334 81.000000 -16.000000
v 48.000000 81.000000 -16.272142
v 49.000000 81.000000 -9.677222
v 48.515835 81.000000 -10.000000
v 48.849167 81.000000 -17.000000
v 49.000000 81.000000 -17.113125
v 50.000000 80.226250 -9.000000
v 50.000000 81.000000 -9.343889
v 50.000000 81.000000 -17.656111
v 51.000000 81.000000 -9.232778
v 51.000000 81.000000 -17.767221
v 52.000000 81.000000 -9.566112
v 52.000000 81.000000 -17.767221
v 52.557858 81.000000 -10.000000
v 53.000000 81.000000 -10.386875
v 53.000000 80.386871 -17.000000
v 53.000000 81.000000 -17.613125
v 53.544998 81.000000 -11.000000
v 54.000000 81.000000 -11.682500
v 54.000000 80.364998 -12.000000
v 54.000000 80.013573 -15.000000
v 54.000000 80.386871 -16.000000
v 54.000000 80.899445 -17.000000
v 54.000000 81.000000 -17.150833
v 54.211666 81.000000 -12.000000
v 54.738125 81.000000 -13.000000
v 55.000000 81.000000 -13.698334
v 55.000000 80.886871 -14.000000
v 55.000000 80.899445 -15.000000
v 55.000000 81.000000 -15.905000
v 54.980999 81.000000 -16.000000
v 54.301666 81.000000 -17.000000
v 55.113125 81.000000 -14.000000
v 55.150833 81.000000 -15.000000
v 63.000000 80.899445 -16.000000
v 62.698334 81.000000 -16.000000
v 63.000000 81.000000 -15.698334
v 63.000000 81.000000 -16.905001
v 64.000000 80.788330 -15.000000
v 63.523750 81.000000 -15.000000
v 64.000000 81.000000 -14.047500
v 64.000000 80.455002 -16.000000
v 64.000000 80.788330 -17.000000
v 63.047501 81.000000 -17.000000
v 64.000000 81.000000 -17.476250
v 65.000000 80.636871 -13.000000
v 64.636871 81.000000 -13.000000
v 65.000000 81.000000 -12.031667
v 65.000000 80.232780 -14.000000
v 64.013573 81.000000 -14.000000
v 65.000000 80.232780 -15.000000
v 65.000000 80.010559 -16.000000
v 65.000000 80.455002 -17.000000
v 65.000000 80.886871 -18.000000
v 64.698334 81.000000 -18.000000
v 65.000000 81.000000 -18.113125
v 66.000000 80.219002 -11.000000
v 65.566109 81.000000 -11.000000
v 66.000000 81.000000 -10.219000
v 65.011871 81.000000 -12.000000
v 66.000000 80.011871 -17.000000
v 66.000000 80.511871 -18.000000
v 66.000000 81.000000 -18.433889
v 67.000000 81.000000 -9.136875
v 66.136871 81.000000 -10.000000
v 67.000000 80.299286 -18.000000
v 67.000000 81.000000 -18.545000
v 68.000000 81.000000 -8.343889
v 67.156425 81.000000 -9.000000
v 68.000000 80.015831 -18.000000
v 68.000000 81.000000 -18.656111
v 69.000000 81.000000 -7.899445
v 68.773750 81.000000 -8.000000
v 69.000000 81.000000 -18.878334
v 70.000000 81.000000 -7.566111
v 70.000000 80.849167 -19.000000
v 69.547501 81.000000 -19.000000
v 70.000000 81.000000 -19.100555
v 71.000000 81.000000 -7.455000
v 71.000000 81.000000 -18.878334
v 70.452499 81.000000 -19.000000
v 72.000000 81.000000 -7.455000
v 72.000000 81.000000 -18.656111
v 73.000000 81.000000 -7.566111
v 73.000000 81.000000 -18.433889
v 74.000000 81.000000 -7.886875
v 74.000000 80.047501 -18.000000
v 74.000000 81.000000 -18.211666
v 74.181000 81.000000 -8.000000
v 75.000000 81.000000 -8.511875
v 75.000000 81.000000 -17.545000
v 74.317497 81.000000 -18.000000
v 76.000000 80.380997 -9.000000
v 75.557854 81.000000 -9.000000
v 76.000000 81.000000 -9.515833
v 76.000000 81.000000 -16.488125
v 75.544998 81.000000 -17.000000
v 76.363129 81.000000 -10.000000
v 76.878334 81.000000 -11.000000
v 77.000000 80.817497 -11.000000
v 77.000000 81.000000 -11.547500
v 77.000000 80.968330 -15.000000
v 77.000000 81.000000 -14.952500
v 76.989441 81.000000 -15.000000
v 76.433891 81.000000 -16.000000
v 77.100555 81.000000 -12.000000
v 77.211670 81.000000 -13.000000
v 77.211670 81.000000 -14.000000
v 47.000000 81.226250 -13.000000
v 47.000000 81.301666 -14.000000
v 48.000000 81.650833 -11.000000
v 47.566113 82.000000 -12.000000
v 48.000000 82.000000 -11.349167
v 47.343887 82.000000 -13.000000
v 47.232777 82.000000 -14.000000
v 47.566113 82.000000 -15.000000
v 48.000000 81.635002 -16.000000
v 48.000000 82.000000 -15.781000
v 49.000000 81.581001 -10.000000
v 49.000000 82.000000 -10.261875
v 48.261875 82.000000 -11.000000
v 48.121666 82.000000 -16.000000
v 49.000000 81.452499 -17.000000
v 49.000000 82.000000 -16.878334
v 50.000000 82.000000 -9.899445
v 49.698334 82.000000 -10.000000
v 49.156429 82.000000 -17.000000
v 50.000000 82.000000 -17.656111
v 51.000000 82.000000 -9.788333
v 51.000000 82.000000 -17.989445
v 52.000000 81.976250 -10.000000
v 51.952499 82.000000 -10.000000
v 52.000000 82.000000 -10.010555
v 52.000000 81.418999 -18.000000
v 51.031666 82.000000 -18.000000
v 52.000000 82.000000 -18.322779
v 53.000000 82.000000 -10.566112
v 53.000000 81.442146 -18.000000
v 53.000000 82.000000 -18.433889
v 53.488125 82.000000 -11.000000
v 54.000000 82.000000 -11.511875
v 54.000000 81.566109 -18.000000
v 54.000000 82.000000 -18.488125
v 54.488125 82.000000 -12.000000
v 55.000000 82.000000 -12.585000
v 55.000000 81.418999 -13.000000
v 55.000000 81.011871 -16.000000
v 55.000000 81.232780 -17.000000
v 55.000000 81.677223 -18.000000
v 55.000000 82.000000 -18.415001
v 55.363125 82.000000 -13.000000
v 56.000000 81.886871 -14.000000
v 56.000000 82.000000 -13.849167
v 56.000000 81.566109 -15.000000
v 56.000000 81.455002 -16.000000
v 56.000000 81.455002 -17.000000
v 56.000000 81.788330 -18.000000
v 56.000000 82.000000 -18.317499
v 56.226250 82.000000 -14.000000
v 57.000000 82.000000 -14.619000
v 57.000000 81.788330 -15.000000
v 57.000000 81.566109 -16.000000
v 57.000000 81.455002 -17.000000
v 57.000000 81.788330 -18.000000
v 57.000000 82.000000 -18.317499
v 57.952499 82.000000 -15.000000
v 58.000000 82.000000 -15.031667
v 58.000000 81.677223 -16.000000
v 58.000000 81.566109 -17.000000
v 58.000000 81.899445 -18.000000
v 58.000000 82.000000 -18.150833
v 59.000000 81.677223 -16.000000
v 59.000000 82.000000 -15.273750
v 59.000000 81.566109 -17.000000
v 59.000000 81.899445 -18.000000
v 59.000000 82.000000 -18.129286
v 60.000000 81.566109 -16.000000
v 60.000000 82.000000 -15.219000
v 60.000000 81.455002 -17.000000
v 60.000000 81.788330 -18.000000
v 60.000000 82.000000 -18.238125
v 61.000000 81.899445 -15.000000
v 60.547501 82.000000 -15.000000
v 61.000000 82.000000 -14.773750
v 61.000000 81.343887 -16.000000
v 61.000000 81.232780 -17.000000
v 61.000000 81.566109 -18.000000
v 61.000000 82.000000 -18.433889
v 62.000000 81.677223 -15.000000
v 62.000000 82.000000 -14.031667
v 62.000000 81.232780 -16.000000
v 62.000000 81.121666 -17.000000
v 62.000000 81.455002 -18.000000
v 62.000000 82.000000 -18.545000
v 63.000000 81.566109 -14.000000
v 62.023750 82.000000 -14.000000
v 63.000000 82.000000 -13.219000
v 63.000000 81.232780 -15.000000
v 63.000000 81.010559 -17.000000
v 63.000000 81.455002 -18.000000
v 63.000000 82.000000 -18.545000
v 64.000000 81.566109 -13.000000
v 63.219002 82.000000 -13.000000
v 64.000000 82.000000 -12.219000
v 64.000000 81.011871 -14.000000
v 64.000000 81.261871 -18.000000
v 64.000000 82.000000 -18.656111
v 65.000000 81.015831 -12.000000
v 64.156425 82.000000 -12.000000
v 65.000000 82.000000 -11.015833
v 65.000000 82.000000 -18.878334
v 66.000000 81.273750 -10.000000
v 65.677223 82.000000 -10.000000
v 66.000000 82.000000 -9.636875
v 65.011871 82.000000 -11.000000
v 66.000000 81.849167 -19.000000
v 65.547501 82.000000 -19.000000
v 66.000000 82.000000 -19.113125
v 67.000000 81.547501 -9.000000
v 66.849167 82.000000 -9.000000
v 67.000000 82.000000 -8.886875
v 67.000000 81.682503 -19.000000
v 67.000000 82.000000 -19.211666
v 68.000000 82.000000 -8.343889
v 68.000000 81.619003 -19.000000
v 68.000000 82.000000 -19.211666
v 69.000000 81.904999 -8.000000
v 69.000000 82.000000 -8.010555
v 69.000000 81.273750 -19.000000
v 69.000000 82.000000 -19.322779
v 70.000000 82.000000 -7.677222
v 69.031670 82.000000 -8.000000
v 70.000000 82.000000 -19.433889
v 71.000000 82.000000 -7.455000
v 71.000000 81.364998 -19.000000
v 71.000000 82.000000 -19.238125
v 72.000000 82.000000 -7.566111
v 72.000000 82.000000 -18.878334
v 71.635002 82.000000 -19.000000
v 73.000000 82.000000 -7.788333
v 73.000000 82.000000 -18.433889
v 74.000000 81.226250 -8.000000
v 73.380997 82.000000 -8.000000
v 74.000000 82.000000 -8.386875
v 74.000000 82.000000 -18.100555
v 75.000000 81.650833 -9.000000
v 74.700714 82.000000 -9.000000
v 75.000000 82.000000 -9.299286
v 75.000000 82.000000 -17.363125
v 74.150833 82.000000 -18.000000
v 76.000000 81.415001 -10.000000
v 75.544998 82.000000 -10.000000
v 76.000000 82.000000 -10.682500
v 76.000000 82.000000 -16.272142
v 75.363129 82.000000 -17.000000
v 76.238129 82.000000 -11.000000
v 76.656113 82.000000 -12.000000
v 77.000000 81.226250 -12.000000
v 77.000000 81.635002 -13.000000
v 76.878334 82.000000 -13.000000
v 77.000000 81.635002 -14.000000
v 76.878334 82.000000 -14.000000
v 76.656113 82.000000 -15.000000
v 76.211670 82.000000 -16.000000
v 48.000000 82.780998 -12.000000
v 47.899445 83.000000 -13.000000
v 48.000000 83.000000 -12.547500
v 47.788334 83.000000 -14.000000
v 48.000000 82.976250 -15.000000
v 48.000000 83.000000 -14.952500
v 49.000000 83.000000 -10.870714
v 48.870716 83.000000 -11.000000
v 48.121666 83.000000 -12.000000
v 48.010555 83.000000 -15.000000
v 48.455002 83.000000 -16.000000
v 49.000000 83.000000 -16.613125
v 50.000000 82.226250 -10.000000
v 50.000000 83.000000 -10.343889
v 49.343887 83.000000 -17.000000
v 50.000000 83.000000 -17.656111
v 51.000000 82.635002 -10.000000
v 51.000000 83.000000 -10.121667
v 51.000000 82.047501 -18.000000
v 50.618999 83.000000 -18.000000
v 51.000000 83.000000 -18.211666
v 52.000000 83.000000 -10.232778
v 52.000000 83.000000 -18.767221
v 53.000000 83.000000 -10.677222
v 53.000000 83.000000 -18.989445
v 53.484165 83.000000 -11.000000
v 54.000000 83.000000 -11.343889
v 54.000000 82.584999 -19.000000
v 53.031666 83.000000 -19.000000
v 54.000000 83.000000 -19.322779
v 54.843571 83.000000 -12.000000
v 55.000000 83.000000 -12.121667
v 55.000000 82.511871 -19.000000
v 55.000000 83.000000 -19.433889
v 56.000000 83.000000 -12.761875
v 56.000000 82.727859 -13.000000
v 56.000000 82.455002 -19.000000
v 56.000000 83.000000 -19.545000
v 56.476250 83.000000 -13.000000
v 57.000000 82.343887 -14.000000
v 57.000000 83.000000 -13.261875
v 57.000000 82.455002 -19.000000
v 57.000000 83.000000 -19.545000
v 58.000000 82.677223 -14.000000
v 58.000000 83.000000 -13.585000
v 58.000000 82.010559 -15.000000
v 58.000000 82.566109 -19.000000
v 58.000000 83.000000 -19.488125
v 59.000000 82.788330 -14.000000
v 59.000000 83.000000 -13.682500
v 59.000000 82.121666 -15.000000
v 59.000000 82.677223 -19.000000
v 59.000000 83.000000 -19.415001
v 60.000000 82.677223 -14.000000
v 60.000000 83.000000 -13.515833
v 60.000000 82.121666 -15.000000
v 60.000000 82.677223 -19.000000
v 60.000000 83.000000 -19.415001
v 61.000000 82.343887 -14.000000
v 61.000000 83.000000 -13.015833
v 61.000000 82.566109 -19.000000
v 61.000000 83.000000 -19.488125
v 62.000000 82.511871 -13.000000
v 61.023750 83.000000 -13.000000
v 62.000000 83.000000 -12.511875
v 62.000000 82.010559 -14.000000
v 62.000000 82.455002 -19.000000
v 62.000000 83.000000 -19.545000
v 63.000000 82.121666 -13.000000
v 63.000000 83.000000 -12.011875
v 63.000000 82.455002 -19.000000
v 63.000000 83.000000 -19.545000
v 64.000000 82.156425 -12.000000
v 63.015835 83.000000 -12.000000
v 64.000000 83.000000 -11.261875
v 64.000000 82.343887 -19.000000
v 64.000000 83.000000 -19.656111
v 65.000000 82.018997 -11.000000
v 64.299286 83.000000 -11.000000
v 65.000000 83.000000 -10.386875
v 65.000000 82.136871 -19.000000
v 65.000000 83.000000 -19.767221
v 66.000000 83.000000 -9.566112
v 65.442146 83.000000 -10.000000
v 66.000000 83.000000 -19.878334
v 67.000000 83.000000 -8.899445
v 66.849167 83.000000 -9.000000
v 67.000000 83.000000 -19.656111
v 68.000000 83.000000 -8.566112
v 68.000000 83.000000 -19.545000
v 69.000000 83.000000 -8.232778
v 69.000000 83.000000 -19.433889
v 70.000000 82.968330 -8.000000
v 70.000000 83.000000 -8.010555
v 70.000000 83.000000 -19.545000
v 71.000000 83.000000 -7.788333
v 70.047501 83.000000 -8.000000
v 71.000000 83.000000 -19.322779
v 72.000000 83.000000 -7.899445
v 72.000000 83.000000 -18.989445
v 71.968330 83.000000 -19.000000
v 73.000000 82.476250 -8.000000
v 72.301666 83.000000 -8.000000
v 73.000000 83.000000 -8.232778
v 73.000000 83.000000 -18.433889
v 74.000000 82.981003 -9.000000
v 73.986427 83.000000 -9.000000
v 74.000000 83.000000 -9.013572
v 74.000000 82.452499 -18.000000
v 74.000000 83.000000 -17.878334
v 73.780998 83.000000 -18.000000
v 75.000000 82.817497 -10.000000
v 74.863129 83.000000 -10.000000
v 75.000000 83.000000 -10.182500
v 75.000000 82.968330 -17.000000
v 75.000000 83.000000 -16.986429
v 74.988129 83.000000 -17.000000
v 76.000000 82.317497 -11.000000
v 75.544998 83.000000 -11.000000
v 76.000000 82.984169 -12.000000
v 75.989441 83.000000 -12.000000
v 76.000000 83.000000 -12.047500
v 76.000000 82.476250 -16.000000
v 76.000000 83.000000 -15.301666
v 75.767220 83.000000 -16.000000
v 76.211670 83.000000 -13.000000
v 76.211670 83.000000 -14.000000
v 76.100555 83.000000 -15.000000
v 48.000000 83.181000 -13.000000
v 48.000000 83.380997 -14.000000
v 49.000000 83.150833 -11.000000
v 48.886875 84.000000 -12.000000
v 49.000000 84.000000 -11.849167
v 48.455002 84.000000 -13.000000
v 48.343887 84.000000 -14.000000
v 48.455002 84.000000 -15.000000
v 48.899445 84.000000 -16.000000
v 49.000000 84.000000 -16.150833
v 50.000000 83.984169 -11.000000
v 50.000000 84.000000 -11.011875
v 49.566113 84.000000 -17.000000
v 50.000000 84.000000 -17.488125
v 51.000000 84.000000 -10.788333
v 50.047501 84.000000 -11.000000
v 50.682499 84.000000 -18.000000
v 51.000000 84.000000 -18.211666
v 52.000000 84.000000 -10.788333
v 52.000000 84.000000 -18.878334
v 53.000000 83.968330 -11.000000
v 52.952499 84.000000 -11.000000
v 53.000000 84.000000 -11.010555
v 53.000000 83.047501 -19.000000
v 52.365002 84.000000 -19.000000
v 53.000000 84.000000 -19.211666
v 54.000000 84.000000 -11.343889
v 54.000000 84.000000 -19.767221
v 55.000000 84.000000 -11.788333
v 55.000000 83.364998 -12.000000
v 55.000000 84.000000 -19.989445
v 55.476250 84.000000 -12.000000
v 56.000000 84.000000 -12.232778
v 56.000000 83.682503 -20.000000
v 55.047501 84.000000 -20.000000
v 56.000000 84.000000 -20.211666
v 57.000000 84.000000 -12.566112
v 57.000000 83.349167 -13.000000
v 57.000000 83.682503 -20.000000
v 57.000000 84.000000 -20.211666
v 58.000000 83.682503 -13.000000
v 58.000000 84.000000 -12.788333
v 58.000000 83.682503 -20.000000
v 58.000000 84.000000 -20.211666
v 59.000000 83.682503 -13.000000
v 59.000000 84.000000 -12.788333
v 59.000000 83.682503 -20.000000
v 59.000000 84.000000 -20.211666
v 60.000000 83.442146 -13.000000
v 60.000000 84.000000 -12.566112
v 60.000000 83.682503 -20.000000
v 60.000000 84.000000 -20.211666
v 61.000000 83.013573 -13.000000
v 61.000000 84.000000 -12.232778
v 61.000000 83.682503 -20.000000
v 61.000000 84.000000 -20.211666
v 62.000000 83.682503 -12.000000
v 61.523750 84.000000 -12.000000
v 62.000000 84.000000 -11.788333
v 62.000000 83.682503 -20.000000
v 62.000000 84.000000 -20.211666
v 63.000000 83.015831 -12.000000
v 63.000000 84.000000 -11.343889
v 63.000000 83.682503 -20.000000
v 63.000000 84.000000 -20.211666
v 64.000000 83.698334 -11.000000
v 63.773750 84.000000 -11.000000
v 64.000000 84.000000 -10.899445
v 64.000000 83.619003 -20.000000
v 64.000000 84.000000 -20.211666
v 65.000000 84.000000 -10.232778
v 65.000000 84.000000 -19.989445
v 64.952499 84.000000 -20.000000
v 66.000000 84.000000 -9.677222
v 65.418999 84.000000 -10.000000
v 66.000000 84.000000 -19.989445
v 67.000000 83.904999 -9.000000
v 67.000000 84.000000 -9.010555
v 67.000000 84.000000 -19.656111
v 68.000000 84.000000 -8.677222
v 67.031670 84.000000 -9.000000
v 68.000000 84.000000 -19.656111
v 69.000000 84.000000 -8.343889
v 69.000000 84.000000 -19.433889
v 70.000000 84.000000 -8.232778
v 70.000000 84.000000 -19.433889
v 71.000000 83.635002 -8.000000
v 71.000000 84.000000 -8.121667
v 71.000000 84.000000 -19.211666
v 72.000000 83.226250 -8.000000
v 72.000000 84.000000 -8.343889
v 72.000000 84.000000 -18.767221
v 71.476250 84.000000 -19.000000
v 73.000000 84.000000 -8.761875
v 73.000000 84.000000 -18.113125
v 73.272141 84.000000 -9.000000
v 74.000000 84.000000 -9.727858
v 74.000000 84.000000 -17.363125
v 73.150833 84.000000 -18.000000
v 74.238129 84.000000 -10.000000
v 74.863129 84.000000 -11.000000
v 75.000000 83.817497 -11.000000
v 75.000000 84.000000 -11.273750
v 75.000000 84.000000 -16.150833
v 74.363129 84.000000 -17.000000
v 75.322777 84.000000 -12.000000
v 75.544998 84.000000 -13.000000
v 76.000000 83.317497 -13.000000
v 76.000000 83.317497 -14.000000
v 75.544998 84.000000 -14.000000
v 76.000000 83.150833 -15.000000
v 75.433891 84.000000 -15.000000
v 75.113129 84.000000 -16.000000
v 49.000000 84.150833 -12.000000
v 49.000000 84.817497 -13.000000
v 49.000000 84.984169 -14.000000
v 49.000000 84.817497 -15.000000
v 49.000000 84.181000 -16.000000
v 50.000000 85.000000 -11.870714
v 49.849167 85.000000 -12.000000
v 49.136875 85.000000 -13.000000
v 49.010555 85.000000 -14.000000
v 49.121666 85.000000 -15.000000
v 49.455002 85.000000 -16.000000
v 50.000000 84.976250 -17.000000
v 50.000000 85.000000 -16.981001
v 51.000000 84.380997 -11.000000
v 51.000000 85.000000 -11.343889
v 50.011875 85.000000 -17.000000
v 51.000000 84.952499 -18.000000
v 51.000000 85.000000 -17.988125
v 52.000000 84.476250 -11.000000
v 52.000000 85.000000 -11.232778
v 51.015835 85.000000 -18.000000
v 52.000000 85.000000 -18.656111
v 53.000000 85.000000 -11.232778
v 52.773750 85.000000 -19.000000
v 53.000000 85.000000 -19.100555
v 54.000000 85.000000 -11.343889
v 54.000000 85.000000 -19.656111
v 55.000000 85.000000 -11.566112
v 55.000000 84.095001 -20.000000
v 54.773750 85.000000 -20.000000
v 55.000000 85.000000 -20.100555
v 56.000000 85.000000 -11.899445
v 56.000000 84.698334 -12.000000
v 56.000000 85.000000 -20.433889
v 56.301666 85.000000 -12.000000
v 57.000000 85.000000 -12.232778
v 57.000000 85.000000 -20.545000
v 58.000000 85.000000 -12.343889
v 58.000000 85.000000 -20.545000
v 59.000000 85.000000 -12.232778
v 59.000000 85.000000 -20.545000
v 60.000000 85.000000 -12.010555
v 60.000000 85.000000 -20.656111
v 61.000000 84.523750 -12.000000
v 60.047501 85.000000 -12.000000
v 61.000000 85.000000 -11.788333
v 61.000000 85.000000 -20.656111
v 62.000000 85.000000 -11.455000
v 62.000000 85.000000 -20.656111
v 63.000000 85.000000 -11.010555
v 63.000000 85.000000 -20.545000
v 64.000000 85.000000 -10.677222
v 63.031666 85.000000 -11.000000
v 64.000000 85.000000 -20.545000
v 65.000000 85.000000 -10.121667
v 65.000000 84.047501 -20.000000
v 65.000000 85.000000 -20.238125
v 66.000000 85.000000 -9.788333
v 65.364998 85.000000 -10.000000
v 66.000000 84.095001 -20.000000
v 66.000000 85.000000 -20.113125
v 67.000000 85.000000 -9.232778
v 67.000000 85.000000 -19.656111
v 66.226250 85.000000 -20.000000
v 68.000000 84.968330 -9.000000
v 68.000000 85.000000 -9.010555
v 68.000000 85.000000 -19.656111
v 69.000000 85.000000 -8.677222
v 68.031670 85.000000 -9.000000
v 69.000000 85.000000 -19.433889
v 70.000000 85.000000 -8.677222
v 70.000000 85.000000 -19.322779
v 71.000000 85.000000 -8.677222
v 71.000000 84.635002 -19.000000
v 71.000000 85.000000 -18.878334
v 70.726250 85.000000 -19.000000
v 72.000000 84.984169 -9.000000
v 71.968330 85.000000 -9.000000
v 72.000000 85.000000 -9.010555
v 72.000000 85.000000 -18.238125
v 73.000000 84.317497 -9.000000
v 73.000000 85.000000 -9.511875
v 73.000000 84.181000 -18.000000
v 73.000000 85.000000 -17.488125
v 72.317497 85.000000 -18.000000
v 74.000000 84.317497 -10.000000
v 73.488129 85.000000 -10.000000
v 74.000000 85.000000 -10.682500
v 74.000000 84.484169 -17.000000
v 74.000000 85.000000 -16.484167
v 73.557854 85.000000 -17.000000
v 74.238129 85.000000 -11.000000
v 74.656113 85.000000 -12.000000
v 75.000000 84.484169 -12.000000
v 75.000000 84.817497 -13.000000
v 74.878334 85.000000 -13.000000
v 75.000000 84.817497 -14.000000
v 74.878334 85.000000 -14.000000
v 75.000000 84.650833 -15.000000
v 74.767220 85.000000 -15.000000
v 75.000000 84.150833 -16.000000
v 74.363129 85.000000 -16.000000
v 50.000000 85.113129 -12.000000
v 50.000000 85.863129 -13.000000
v 49.761875 86.000000 -14.000000
v 50.000000 86.000000 -13.365000
v 49.788334 86.000000 -15.000000
v 50.000000 85.817497 -16.000000
v 50.000000 86.000000 -15.635000
v 51.000000 85.738129 -12.000000
v 50.156429 86.000000 -13.000000
v 51.000000 86.000000 -12.261875
v 50.121666 86.000000 -16.000000
v 50.636875 86.000000 -17.000000
v 51.000000 86.000000 -17.415001
v 52.000000 85.986427 -12.000000
v 52.000000 86.000000 -12.010555
v 51.682499 86.000000 -18.000000
v 52.000000 86.000000 -18.238125
v 53.000000 86.000000 -11.788333
v 52.047501 86.000000 -12.000000
v 53.000000 85.452499 -19.000000
v 53.000000 86.000000 -18.878334
v 54.000000 86.000000 -11.788333
v 53.219002 86.000000 -19.000000
v 54.000000 86.000000 -19.433889
v 55.000000 86.000000 -11.788333
v 55.000000 85.904999 -20.000000
v 55.000000 86.000000 -19.989445
v 56.000000 85.904999 -12.000000
v 55.952499 86.000000 -12.000000
v 56.000000 86.000000 -12.010555
v 55.031666 86.000000 -20.000000
v 56.000000 86.000000 -20.322779
v 57.000000 86.000000 -12.232778
v 57.000000 86.000000 -20.545000
v 58.000000 86.000000 -12.232778
v 58.000000 86.000000 -20.545000
v 59.000000 86.000000 -12.010555
v 59.000000 86.000000 -20.545000
v 60.000000 85.031670 -12.000000
v 59.031666 86.000000 -12.000000
v 60.000000 86.000000 -11.677222
v 60.000000 86.000000 -20.656111
v 61.000000 86.000000 -11.566112
v 61.000000 86.000000 -20.767221
v 62.000000 86.000000 -11.232778
v 62.000000 86.000000 -20.767221
v 63.000000 85.095001 -11.000000
v 62.698334 86.000000 -11.000000
v 63.000000 86.000000 -10.899445
v 63.000000 86.000000 -20.656111
v 64.000000 86.000000 -10.566112
v 64.000000 86.000000 -20.545000
v 65.000000 86.000000 -10.232778
v 65.000000 86.000000 -20.113125
v 66.000000 86.000000 -9.899445
v 65.698334 86.000000 -10.000000
v 66.000000 85.452499 -20.000000
v 66.000000 86.000000 -19.878334
v 65.452499 86.000000 -20.000000
v 67.000000 86.000000 -9.455000
v 67.000000 86.000000 -19.545000
v 68.000000 86.000000 -9.232778
v 68.000000 86.000000 -19.545000
v 69.000000 85.968330 -9.000000
v 69.000000 86.000000 -9.010555
v 69.000000 86.000000 -19.322779
v 70.000000 85.968330 -9.000000
v 70.000000 86.000000 -9.010555
v 70.000000 85.968330 -19.000000
v 70.000000 86.000000 -18.989445
v 69.968330 86.000000 -19.000000
v 71.000000 85.726250 -9.000000
v 71.000000 86.000000 -9.121667
v 71.000000 86.000000 -18.545000
v 72.000000 86.000000 -9.636875
v 72.000000 85.476250 -18.000000
v 72.000000 86.000000 -17.767221
v 71.700714 86.000000 -18.000000
v 73.000000 85.557854 -10.000000
v 72.484169 86.000000 -10.000000
v 73.000000 86.000000 -10.442142
v 73.000000 85.780998 -17.000000
v 73.000000 86.000000 -16.843571
v 72.863129 86.000000 -17.000000
v 74.000000 85.317497 -11.000000
v 73.488129 86.000000 -11.000000
v 74.000000 85.984169 -12.000000
v 73.989441 86.000000 -12.000000
v 74.000000 86.000000 -12.047500
v 74.000000 85.484169 -16.000000
v 74.000000 86.000000 -15.226250
v 73.656113 86.000000 -16.000000
v 74.211670 86.000000 -13.000000
v 74.211670 86.000000 -14.000000
v 74.100555 86.000000 -15.000000
v 50.000000 86.272141 -14.000000
v 50.000000 86.272141 -15.000000
v 51.000000 86.656113 -13.000000
v 51.000000 87.000000 -13.773750
v 50.849167 87.000000 -14.000000
v 50.849167 87.000000 -15.000000
v 51.000000 86.878334 -16.000000
v 51.000000 87.000000 -15.452500
v 51.000000 86.363129 -17.000000
v 52.000000 87.000000 -12.870714
v 51.773750 87.000000 -13.000000
v 51.156429 87.000000 -16.000000
v 51.727856 87.000000 -17.000000
v 52.000000 86.272141 -18.000000
v 52.000000 87.000000 -17.272142
v 53.000000 86.380997 -12.000000
v 53.000000 87.000000 -12.386875
v 52.849167 87.000000 -18.000000
v 53.000000 87.000000 -18.129286
v 54.000000 86.476250 -12.000000
v 54.000000 87.000000 -12.232778
v 54.000000 86.650833 -19.000000
v 54.000000 87.000000 -18.738125
v 55.000000 86.635002 -12.000000
v 55.000000 87.000000 -12.121667
v 54.349167 87.000000 -19.000000
v 55.000000 87.000000 -19.488125
v 56.000000 87.000000 -12.232778
v 56.000000 86.726250 -20.000000
v 56.000000 87.000000 -19.878334
v 57.000000 87.000000 -12.343889
v 56.365002 87.000000 -20.000000
v 57.000000 87.000000 -20.211666
v 58.000000 87.000000 -12.232778
v 58.000000 87.000000 -20.322779
v 59.000000 86.095001 -12.000000
v 58.698334 87.000000 -12.000000
v 59.000000 87.000000 -11.899445
v 59.000000 87.000000 -20.433889
v 60.000000 87.000000 -11.566112
v 60.000000 87.000000 -20.656111
v 61.000000 87.000000 -11.455000
v 61.000000 87.000000 -20.767221
v 62.000000 87.000000 -11.232778
v 62.000000 87.000000 -20.767221
v 63.000000 86.904999 -11.000000
v 63.000000 87.000000 -11.010555
v 63.000000 87.000000 -20.656111
v 64.000000 87.000000 -10.788333
v 63.047501 87.000000 -11.000000
v 64.000000 87.000000 -20.433889
v 65.000000 87.000000 -10.566112
v 65.000000 87.000000 -20.100555
v 66.000000 86.301666 -10.000000
v 66.000000 87.000000 -10.232778
v 66.000000 87.000000 -19.656111
v 65.226250 87.000000 -20.000000
v 67.000000 87.000000 -9.899445
v 66.698334 87.000000 -10.000000
v 67.000000 87.000000 -19.238125
v 68.000000 87.000000 -9.788333
v 68.000000 86.981003 -19.000000
v 68.000000 87.000000 -18.989445
v 67.952499 87.000000 -19.000000
v 69.000000 87.000000 -9.677222
v 69.000000 86.726250 -19.000000
v 69.000000 87.000000 -18.878334
v 70.000000 87.000000 -9.761875
v 70.000000 87.000000 -18.767221
v 71.000000 86.988129 -10.000000
v 70.952499 87.000000 -10.000000
v 71.000000 87.000000 -10.011875
v 71.000000 87.000000 -18.238125
v 72.000000 86.363129 -10.000000
v 72.000000 87.000000 -10.636875
v 72.000000 87.000000 -17.363125
v 71.272141 87.000000 -18.000000
v 73.000000 86.557854 -11.000000
v 72.484169 87.000000 -11.000000
v 73.000000 87.000000 -11.619000
v 73.000000 86.984169 -16.000000
v 73.000000 87.000000 -15.981000
v 72.988129 87.000000 -16.000000
v 72.322777 87.000000 -17.000000
v 73.238129 87.000000 -12.000000
v 73.656113 87.000000 -13.000000
v 74.000000 86.380997 -13.000000
v 74.000000 86.380997 -14.000000
v 73.656113 87.000000 -14.000000
v 74.000000 86.181000 -15.000000
v 73.544998 87.000000 -15.000000
v 51.000000 87.100555 -14.000000
v 51.000000 87.113129 -15.000000
v 52.000000 87.113129 -13.000000
v 52.000000 87.656113 -14.000000
v 52.000000 87.878334 -15.000000
v 52.000000 87.656113 -16.000000
v 52.000000 87.238129 -17.000000
v 53.000000 87.544998 -13.000000
v 52.773750 88.000000 -14.000000
v 53.000000 88.000000 -13.819000
v 52.365002 88.000000 -15.000000
v 52.773750 88.000000 -16.000000
v 53.000000 87.767220 -17.000000
v 53.000000 88.000000 -16.301666
v 53.000000 87.129288 -18.000000
v 54.000000 87.767220 -13.000000
v 54.000000 88.000000 -13.349167
v 53.523750 88.000000 -17.000000
v 54.000000 87.738129 -18.000000
v 54.000000 88.000000 -17.476250
v 55.000000 87.878334 -13.000000
v 55.000000 88.000000 -13.182500
v 54.523750 88.000000 -18.000000
v 55.000000 87.557854 -19.000000
v 55.000000 88.000000 -18.381001
v 56.000000 87.863129 -13.000000
v 56.000000 88.000000 -13.182500
v 56.000000 87.988129 -19.000000
v 56.000000 88.000000 -18.981001
v 57.000000 88.000000 -12.870714
v 56.547501 88.000000 -13.000000
v 56.031666 88.000000 -19.000000
v 57.000000 87.317497 -20.000000
v 57.000000 88.000000 -19.415001
v 58.000000 88.000000 -12.511875
v 58.000000 87.581001 -20.000000
v 58.000000 88.000000 -19.738125
v 59.000000 87.452499 -12.000000
v 59.000000 88.000000 -12.121667
v 58.698334 88.000000 -20.000000
v 59.000000 88.000000 -20.113125
v 60.000000 88.000000 -11.899445
v 59.547501 88.000000 -12.000000
v 60.000000 88.000000 -20.322779
v 61.000000 88.000000 -11.788333
v 61.000000 88.000000 -20.433889
v 62.000000 88.000000 -11.566112
v 62.000000 88.000000 -20.322779
v 63.000000 88.000000 -11.343889
v 63.000000 88.000000 -20.322779
v 64.000000 87.635002 -11.000000
v 64.000000 88.000000 -11.121667
v 64.000000 87.976250 -20.000000
v 64.000000 88.000000 -19.989445
v 63.968334 88.000000 -20.000000
v 65.000000 87.976250 -11.000000
v 65.000000 88.000000 -11.010555
v 65.000000 87.226250 -20.000000
v 65.000000 88.000000 -19.613125
v 66.000000 88.000000 -10.788333
v 65.047501 88.000000 -11.000000
v 66.000000 87.984169 -19.000000
v 66.000000 88.000000 -18.988125
v 65.981003 88.000000 -19.000000
v 67.000000 87.150833 -10.000000
v 67.000000 88.000000 -10.566112
v 67.000000 87.317497 -19.000000
v 67.000000 88.000000 -18.545000
v 68.000000 87.317497 -10.000000
v 68.000000 88.000000 -10.455000
v 68.000000 88.000000 -18.322779
v 69.000000 87.415001 -10.000000
v 69.000000 88.000000 -10.455000
v 69.000000 88.000000 -18.322779
v 70.000000 87.272141 -10.000000
v 70.000000 88.000000 -10.636875
v 70.000000 88.000000 -18.322779
v 71.000000 87.988129 -11.000000
v 70.968330 88.000000 -11.000000
v 71.000000 88.000000 -11.015833
v 71.000000 87.635002 -18.000000
v 71.000000 88.000000 -17.863125
v 70.726250 88.000000 -18.000000
v 72.000000 87.363129 -11.000000
v 71.984169 88.000000 -12.000000
v 72.000000 87.988129 -12.000000
v 72.000000 88.000000 -12.015833
v 72.000000 87.726250 -17.000000
v 72.000000 88.000000 -16.781000
v 71.863129 88.000000 -17.000000
v 73.000000 87.238129 -12.000000
v 72.738129 88.000000 -13.000000
v 73.000000 87.738129 -13.000000
v 73.000000 87.843575 -14.000000
v 72.878334 88.000000 -14.000000
v 73.000000 87.817497 -15.000000
v 72.878334 88.000000 -15.000000
v 72.433891 88.000000 -16.000000
v 53.000000 88.100555 -14.000000
v 53.000000 88.211670 -15.000000
v 53.000000 88.100555 -16.000000
v 54.000000 88.433891 -14.000000
v 54.000000 88.544998 -15.000000
v 54.000000 88.433891 -16.000000
v 54.000000 88.211670 -17.000000
v 55.000000 88.544998 -14.000000
v 55.000000 88.544998 -15.000000
v 55.000000 88.544998 -16.000000
v 55.000000 88.433891 -17.000000
v 55.000000 88.211670 -18.000000
v 56.000000 88.613129 -14.000000
v 56.000000 88.738129 -15.000000
v 56.000000 88.863129 -16.000000
v 56.000000 88.767220 -17.000000
v 56.000000 88.544998 -18.000000
v 57.000000 88.150833 -13.000000
v 57.000000 88.986427 -14.000000
v 56.523750 89.000000 -15.000000
v 57.000000 89.000000 -14.047500
v 56.219002 89.000000 -16.000000
v 56.349167 89.000000 -17.000000
v 56.819000 89.000000 -18.000000
v 57.000000 88.363129 -19.000000
v 57.000000 89.000000 -18.150833
v 58.000000 88.557854 -13.000000
v 57.023750 89.000000 -14.000000
v 58.000000 89.000000 -13.442142
v 58.000000 88.984169 -19.000000
v 58.000000 89.000000 -18.986429
v 59.000000 89.000000 -12.870714
v 58.773750 89.000000 -13.000000
v 58.015835 89.000000 -19.000000
v 59.000000 88.226250 -20.000000
v 59.000000 89.000000 -19.656111
v 60.000000 88.150833 -12.000000
v 60.000000 89.000000 -12.636875
v 60.000000 88.968330 -20.000000
v 60.000000 89.000000 -19.989445
v 61.000000 88.380997 -12.000000
v 61.000000 89.000000 -12.343889
v 61.000000 88.976250 -20.000000
v 61.000000 89.000000 -19.989445
v 62.000000 88.780998 -12.000000
v 62.000000 89.000000 -12.121667
v 62.000000 88.581001 -20.000000
v 62.000000 89.000000 -19.767221
v 63.000000 89.000000 -11.899445
v 62.547501 89.000000 -12.000000
v 63.000000 88.484169 -20.000000
v 63.000000 89.000000 -19.656111
v 64.000000 89.000000 -11.788333
v 64.000000 89.000000 -19.322779
v 65.000000 89.000000 -11.677222
v 65.000000 88.817497 -19.000000
v 65.000000 89.000000 -18.843571
v 64.726250 89.000000 -19.000000
v 66.000000 88.272141 -11.000000
v 66.000000 89.000000 -11.566112
v 66.000000 89.000000 -18.129286
v 67.000000 88.488129 -11.000000
v 67.000000 89.000000 -11.455000
v 67.000000 88.544998 -18.000000
v 67.000000 89.000000 -17.415001
v 66.181000 89.000000 -18.000000
v 68.000000 88.613129 -11.000000
v 68.000000 89.000000 -11.343889
v 68.000000 88.415001 -18.000000
v 68.000000 89.000000 -17.488125
v 69.000000 88.613129 -11.000000
v 69.000000 89.000000 -11.343889
v 69.000000 88.581001 -18.000000
v 69.000000 89.000000 -17.767221
v 70.000000 88.363129 -11.000000
v 70.000000 89.000000 -11.636875
v 70.000000 88.968330 -18.000000
v 70.000000 89.000000 -17.989445
v 71.000000 88.738129 -12.000000
v 70.581001 89.000000 -12.000000
v 71.000000 89.000000 -12.299286
v 71.000000 89.000000 -17.415001
v 72.000000 88.738129 -13.000000
v 71.700714 89.000000 -13.000000
v 72.000000 89.000000 -13.698334
v 72.000000 88.780998 -16.000000
v 72.000000 89.000000 -15.635000
v 71.878334 89.000000 -16.000000
v 71.363129 89.000000 -17.000000
v 72.113129 89.000000 -14.000000
v 72.211670 89.000000 -15.000000
v 57.000000 89.211670 -15.000000
v 57.000000 89.488129 -16.000000
v 57.000000 89.557854 -17.000000
v 57.000000 89.129288 -18.000000
v 58.000000 89.488129 -14.000000
v 58.000000 89.986427 -15.000000
v 57.455002 90.000000 -16.000000
v 58.000000 90.000000 -15.019000
v 57.343887 90.000000 -17.000000
v 57.677223 90.000000 -18.000000
v 58.000000 90.000000 -18.415001
v 59.000000 89.129288 -13.000000
v 59.000000 90.000000 -13.870714
v 58.819000 90.000000 -14.000000
v 58.015835 90.000000 -15.000000
v 58.584999 90.000000 -19.000000
v 59.000000 90.000000 -19.322779
v 60.000000 89.363129 -13.000000
v 60.000000 90.000000 -13.636875
v 60.000000 90.000000 -19.488125
v 61.000000 89.656113 -13.000000
v 61.000000 90.000000 -13.442142
v 61.000000 90.000000 -19.272142
v 62.000000 89.878334 -13.000000
v 62.000000 90.000000 -13.219000
v 62.000000 89.767220 -19.000000
v 62.000000 90.000000 -18.700714
v 61.476250 90.000000 -19.000000
v 63.000000 89.150833 -12.000000
v 63.000000 90.000000 -12.849167
v 62.547501 90.000000 -13.000000
v 63.000000 89.656113 -19.000000
v 63.000000 90.000000 -18.557858
v 64.000000 89.317497 -12.000000
v 64.000000 90.000000 -12.682500
v 64.000000 89.363129 -19.000000
v 64.000000 90.000000 -18.363125
v 65.000000 89.415001 -12.000000
v 65.000000 90.000000 -12.682500
v 65.000000 89.843575 -18.000000
v 65.000000 90.000000 -17.843571
v 64.726250 90.000000 -18.000000
v 66.000000 89.488129 -12.000000
v 66.000000 90.000000 -12.682500
v 66.000000 89.986427 -17.000000
v 66.000000 90.000000 -16.981001
v 65.984169 90.000000 -17.000000
v 66.000000 89.129288 -18.000000
v 67.000000 89.613129 -12.000000
v 67.000000 90.000000 -12.442142
v 67.000000 89.363129 -17.000000
v 67.000000 90.000000 -16.272142
v 68.000000 89.843575 -12.000000
v 68.000000 90.000000 -12.136875
v 68.000000 89.557854 -17.000000
v 68.000000 90.000000 -16.613125
v 69.000000 89.984169 -12.000000
v 69.000000 90.000000 -12.010555
v 68.773750 90.000000 -17.000000
v 69.000000 90.000000 -17.150833
v 70.000000 89.484169 -12.000000
v 70.000000 90.000000 -12.386875
v 70.000000 90.000000 -17.484167
v 71.000000 89.700714 -13.000000
v 70.700714 90.000000 -13.000000
v 71.000000 90.000000 -13.349167
v 71.000000 89.581001 -17.000000
v 71.000000 90.000000 -16.650833
v 70.581001 90.000000 -17.000000
v 72.000000 89.150833 -14.000000
v 71.433891 90.000000 -14.000000
v 72.000000 89.317497 -15.000000
v 71.488129 90.000000 -15.000000
v 71.488129 90.000000 -16.000000
v 58.000000 91.000000 -15.682500
v 57.761875 91.000000 -16.000000
v 57.566113 91.000000 -17.000000
v 57.886875 91.000000 -18.000000
v 58.000000 91.000000 -18.150833
v 59.000000 90.113129 -14.000000
v 59.000000 90.984169 -15.000000
v 59.000000 91.000000 -15.013572
v 59.000000 90.968330 -19.000000
v 59.000000 91.000000 -18.988125
v 60.000000 90.322777 -14.000000
v 59.095001 91.000000 -15.000000
v 60.000000 91.000000 -14.870714
v 60.000000 90.780998 -19.000000
v 60.000000 91.000000 -18.843571
v 61.000000 90.433891 -14.000000
v 60.452499 91.000000 -15.000000
v 61.000000 90.878334 -15.000000
v 61.000000 91.000000 -15.547500
v 61.000000 90.317497 -19.000000
v 61.000000 91.000000 -18.181000
v 62.000000 90.433891 -14.000000
v 62.000000 90.863129 -15.000000
v 61.904999 91.000000 -16.000000
v 62.000000 90.988129 -16.000000
v 62.000000 90.988129 -17.000000
v 61.952499 91.000000 -17.000000
v 62.000000 90.544998 -18.000000
v 61.181000 91.000000 -18.000000
v 63.000000 90.113129 -13.000000
v 63.000000 90.544998 -14.000000
v 63.000000 90.986427 -15.000000
v 62.047501 91.000000 -16.000000
v 63.000000 91.000000 -15.047500
v 62.047501 91.000000 -17.000000
v 63.000000 90.488129 -18.000000
v 63.000000 91.000000 -17.317499
v 64.000000 90.211670 -13.000000
v 64.000000 90.656113 -14.000000
v 63.031666 91.000000 -15.000000
v 64.000000 91.000000 -14.515833
v 64.000000 90.484169 -18.000000
v 64.000000 91.000000 -17.656111
v 65.000000 90.211670 -13.000000
v 65.000000 90.656113 -14.000000
v 65.000000 91.000000 -14.773750
v 65.000000 91.000000 -17.272142
v 66.000000 90.211670 -13.000000
v 66.000000 90.656113 -14.000000
v 65.301666 91.000000 -15.000000
v 66.000000 90.738129 -15.000000
v 66.000000 90.700714 -16.000000
v 65.650833 91.000000 -16.000000
v 65.272141 91.000000 -17.000000
v 67.000000 90.488129 -13.000000
v 66.773750 91.000000 -14.000000
v 67.000000 91.000000 -13.819000
v 67.000000 90.738129 -15.000000
v 67.000000 91.000000 -14.301666
v 67.000000 90.238129 -16.000000
v 68.000000 91.000000 -12.849167
v 67.819000 91.000000 -13.000000
v 67.418999 91.000000 -15.000000
v 68.000000 90.981003 -16.000000
v 68.000000 91.000000 -15.968333
v 69.000000 91.000000 -12.386875
v 68.013573 91.000000 -16.000000
v 69.000000 90.301666 -17.000000
v 69.000000 91.000000 -16.767221
v 70.000000 91.000000 -12.870714
v 69.698334 91.000000 -17.000000
v 70.000000 91.000000 -17.181000
v 70.129288 91.000000 -13.000000
v 70.878334 91.000000 -14.000000
v 71.000000 90.780998 -14.000000
v 71.000000 90.780998 -15.000000
v 70.863129 91.000000 -15.000000
v 71.000000 91.000000 -15.547500
v 71.000000 91.000000 -16.181000
v 70.181000 91.000000 -17.000000
v 71.113129 91.000000 -16.000000
v 58.000000 91.952499 -16.000000
v 57.455002 92.000000 -17.000000
v 58.000000 92.000000 -16.018999
v 57.870716 92.000000 -18.000000
v 58.000000 92.000000 -18.129286
v 59.000000 92.000000 -15.727858
v 58.047501 92.000000 -16.000000
v 59.000000 92.000000 -18.557858
v 60.000000 91.129288 -15.000000
v 60.000000 91.843575 -16.000000
v 59.634998 92.000000 -16.000000
v 60.000000 92.000000 -16.365000
v 60.000000 91.843575 -18.000000
v 60.000000 92.000000 -17.635000
v 59.780998 92.000000 -18.000000
v 61.000000 91.100555 -16.000000
v 60.211666 92.000000 -17.000000
v 61.000000 91.211670 -17.000000
v 61.000000 91.100555 -18.000000
v 63.000000 91.317497 -16.000000
v 63.000000 91.317497 -17.000000
v 64.000000 91.415001 -15.000000
v 64.000000 92.000000 -15.682500
v 63.682499 92.000000 -16.000000
v 63.819000 92.000000 -17.000000
v 64.000000 92.000000 -17.113125
v 65.000000 91.113129 -15.000000
v 64.635002 92.000000 -16.000000
v 65.000000 91.780998 -16.000000
v 65.000000 91.476250 -17.000000
v 64.301666 92.000000 -17.000000
v 67.000000 91.129288 -14.000000
v 68.000000 91.226250 -13.000000
v 68.000000 92.000000 -13.515833
v 67.677223 92.000000 -14.000000
v 68.000000 91.968330 -15.000000
v 68.000000 92.000000 -14.968333
v 69.000000 92.000000 -12.636875
v 68.515831 92.000000 -13.000000
v 68.011871 92.000000 -15.000000
v 68.386871 92.000000 -16.000000
v 69.000000 92.000000 -16.613125
v 70.000000 91.452499 -13.000000
v 69.726250 92.000000 -13.000000
v 70.000000 92.000000 -13.156428
v 70.000000 91.904999 -17.000000
v 70.000000 92.000000 -16.984167
v 70.656113 92.000000 -14.000000
v 70.488129 92.000000 -15.000000
v 70.843575 92.000000 -16.000000
v 71.000000 91.452499 -16.000000
v 58.000000 93.000000 -16.013571
v 57.136875 93.000000 -17.000000
v 57.682499 93.000000 -18.000000
v 58.000000 93.000000 -18.238125
v 59.000000 92.476250 -16.000000
v 59.000000 93.000000 -16.299286
v 59.000000 92.976250 -18.000000
v 59.000000 93.000000 -17.981001
v 58.952499 93.000000 -18.000000
v 60.000000 92.317497 -17.000000
v 59.544998 93.000000 -17.000000
v 64.000000 92.476250 -16.000000
v 64.000000 92.452499 -17.000000
v 68.000000 92.968330 -14.000000
v 69.000000 92.726250 -13.000000
v 69.000000 93.000000 -13.121667
v 68.011871 93.000000 -14.000000
v 68.010559 93.000000 -15.000000
v 68.343887 93.000000 -16.000000
v 69.000000 93.000000 -16.738125
v 70.000000 93.000000 -13.442142
v 70.000000 92.095001 -17.000000
v 69.698334 93.000000 -17.000000
v 70.000000 93.000000 -17.150833
v 70.488129 93.000000 -14.000000
v 70.656113 93.000000 -15.000000
v 70.986427 93.000000 -16.000000
v 70.226250 93.000000 -17.000000
v 57.000000 93.547501 -17.000000
v 56.899445 94.000000 -17.000000
v 57.000000 94.000000 -16.819000
v 57.000000 94.000000 -17.301666
v 58.000000 94.000000 -16.011875
v 57.349167 94.000000 -18.000000
v 58.000000 94.000000 -18.433889
v 59.000000 94.000000 -16.515833
v 59.000000 94.000000 -17.726250
v 58.780998 94.000000 -18.000000
v 59.322777 94.000000 -17.000000
v 69.000000 94.000000 -13.121667
v 68.011871 94.000000 -14.000000
v 68.010559 94.000000 -15.000000
v 68.455002 94.000000 -16.000000
v 69.000000 94.000000 -16.613125
v 70.000000 94.000000 -13.261875
v 69.773750 94.000000 -17.000000
v 70.000000 94.000000 -17.129286
v 70.738129 94.000000 -14.000000
v 70.989441 94.000000 -15.000000
v 71.000000 94.000000 -15.047500
v 71.000000 93.047501 -16.000000
v 71.000000 94.000000 -16.476250
v 70.301666 94.000000 -17.000000
v 71.211670 94.000000 -16.000000
v 57.000000 95.000000 -16.682501
v 56.788334 95.000000 -17.000000
v 57.000000 94.698334 -18.000000
v 56.870716 95.000000 -18.000000
v 57.000000 95.000000 -18.150833
v 58.000000 95.000000 -16.010555
v 58.000000 95.000000 -18.878334
v 59.000000 95.000000 -16.515833
v 59.000000 94.547501 -18.000000
v 59.000000 95.000000 -18.150833
v 59.322777 95.000000 -17.000000
v 59.129284 95.000000 -18.000000
v 64.000000 94.364998 -18.000000
v 63.682499 95.000000 -18.000000
v 64.000000 95.000000 -17.682501
v 64.000000 95.000000 -18.476250
v 64.952499 95.000000 -18.000000
v 69.000000 95.000000 -13.261875
v 68.261871 95.000000 -14.000000
v 68.232780 95.000000 -15.000000
v 68.636871 95.000000 -16.000000
v 69.000000 95.000000 -16.363125
v 70.000000 95.000000 -13.010555
v 70.000000 94.904999 -17.000000
v 70.000000 95.000000 -16.989445
v 71.000000 95.000000 -13.849167
v 71.000000 94.698334 -14.000000
v 71.000000 94.031670 -15.000000
v 71.000000 95.000000 -16.484167
v 71.113129 95.000000 -14.000000
v 71.322777 95.000000 -15.000000
v 71.363129 95.000000 -16.000000
v 57.000000 95.952499 -17.000000
v 56.761875 96.000000 -18.000000
v 57.000000 96.000000 -17.047501
v 57.000000 96.000000 -18.381001
v 58.000000 96.000000 -16.232779
v 57.013573 96.000000 -17.000000
v 58.000000 95.364998 -19.000000
v 57.618999 96.000000 -19.000000
v 58.000000 96.000000 -19.211666
v 59.000000 96.000000 -16.515833
v 59.000000 96.000000 -18.557858
v 58.381001 96.000000 -19.000000
v 59.363125 96.000000 -17.000000
v 59.488125 96.000000 -18.000000
v 64.000000 96.000000 -17.677221
v 63.515835 96.000000 -18.000000
v 64.000000 95.698334 -19.000000
v 63.819000 96.000000 -19.000000
v 64.000000 96.000000 -19.181000
v 64.968330 96.000000 -18.000000
v 64.301666 96.000000 -19.000000
v 69.000000 96.000000 -13.015833
v 68.343887 96.000000 -14.000000
v 68.636871 96.000000 -15.000000
v 69.000000 95.581001 -16.000000
v 69.000000 96.000000 -15.581000
v 70.000000 95.023750 -13.000000
v 69.023750 96.000000 -13.000000
v 70.000000 96.000000 -12.566112
v 69.349167 96.000000 -16.000000
v 70.000000 96.000000 -16.488125
v 70.976250 96.000000 -13.000000
v 71.000000 96.000000 -13.013572
v 71.000000 96.000000 -16.129286
v 71.767220 96.000000 -14.000000
v 71.613129 96.000000 -15.000000
v 71.150833 96.000000 -16.000000
v 57.000000 97.000000 -17.773750
v 56.899445 97.000000 -18.000000
v 57.000000 97.000000 -18.226250
v 58.000000 97.000000 -16.511875
v 57.442142 97.000000 -17.000000
v 57.515835 97.000000 -19.000000
v 58.000000 97.000000 -19.363125
v 59.000000 97.000000 -16.442142
v 59.000000 96.773750 -19.000000
v 59.000000 97.000000 -19.129286
v 59.557858 97.000000 -17.000000
v 59.989445 97.000000 -18.000000
v 59.150833 97.000000 -19.000000
v 64.000000 96.581001 -18.000000
v 64.000000 96.301666 -19.000000
v 69.000000 97.000000 -13.773750
v 68.899445 97.000000 -14.000000
v 69.000000 96.581001 -15.000000
v 69.000000 97.000000 -14.301666
v 70.000000 97.000000 -12.511875
v 69.442146 97.000000 -13.000000
v 69.299286 97.000000 -15.000000
v 70.000000 96.650833 -16.000000
v 70.000000 97.000000 -15.700714
v 71.000000 97.000000 -12.386875
v 71.000000 96.018997 -13.000000
v 71.000000 96.226250 -16.000000
v 71.000000 97.000000 -15.557858
v 71.981003 97.000000 -13.000000
v 72.000000 96.523750 -14.000000
v 72.000000 97.000000 -13.047500
v 72.000000 97.000000 -14.381000
v 71.557854 97.000000 -15.000000
v 72.211670 97.000000 -14.000000
v 57.000000 97.181000 -18.000000
v 58.000000 97.650833 -17.000000
v 58.000000 98.000000 -17.299286
v 57.455002 98.000000 -18.000000
v 58.000000 97.968330 -19.000000
v 58.000000 98.000000 -18.981001
v 59.000000 98.000000 -16.727858
v 58.523750 98.000000 -17.000000
v 58.047501 98.000000 -19.000000
v 59.000000 98.000000 -19.272142
v 59.476250 98.000000 -17.000000
v 60.000000 98.000000 -17.419001
v 60.000000 97.031670 -18.000000
v 60.000000 98.000000 -18.484167
v 59.381001 98.000000 -19.000000
v 60.322777 98.000000 -18.000000
v 69.000000 97.226250 -14.000000
v 70.000000 98.000000 -12.585000
v 69.636871 98.000000 -13.000000
v 69.386871 98.000000 -14.000000
v 70.000000 97.700714 -15.000000
v 70.000000 98.000000 -14.700714
v 71.000000 97.773750 -12.000000
v 70.819000 98.000000 -12.000000
v 71.000000 98.000000 -11.899445
v 70.698334 98.000000 -15.000000
v 71.000000 98.000000 -15.100555
v 72.000000 97.727859 -12.000000
v 72.000000 98.000000 -11.761875
v 72.000000 97.013573 -13.000000
v 72.000000 98.000000 -14.613125
v 71.226250 98.000000 -15.000000
v 72.635002 98.000000 -12.000000
v 73.000000 98.000000 -12.547500
v 73.000000 97.886871 -13.000000
v 72.700714 98.000000 -14.000000
v 73.000000 98.000000 -13.301666
v 73.113129 98.000000 -13.000000
v 58.000000 98.817497 -18.000000
v 59.000000 98.952499 -17.000000
v 59.000000 99.000000 -17.011875
v 58.121666 99.000000 -18.000000
v 58.682499 99.000000 -19.000000
v 59.000000 99.000000 -19.272142
v 60.000000 99.000000 -17.156429
v 60.000000 98.773750 -19.000000
v 60.000000 99.000000 -19.129286
v 60.738125 99.000000 -18.000000
v 60.150833 99.000000 -19.000000
v 65.000000 98.698334 -19.000000
v 64.773750 99.000000 -19.000000
v 65.000000 99.000000 -18.849167
v 65.000000 98.773750 -20.000000
v 64.773750 99.000000 -20.000000
v 65.000000 99.000000 -20.113125
v 65.181000 99.000000 -19.000000
v 65.181000 99.000000 -20.000000
v 70.000000 98.726250 -13.000000
v 70.000000 98.700714 -14.000000
v 71.000000 99.000000 -11.585000
v 70.636871 99.000000 -12.000000
v 70.121666 99.000000 -13.000000
v 70.349167 99.000000 -14.000000
v 71.000000 98.181000 -15.000000
v 71.000000 99.000000 -14.488125
v 72.000000 98.870712 -11.000000
v 71.819000 99.000000 -11.000000
v 72.000000 99.000000 -10.886875
v 72.000000 99.000000 -14.322778
v 73.000000 98.788330 -11.000000
v 73.000000 99.000000 -10.682500
v 73.000000 98.136871 -12.000000
v 73.000000 99.000000 -13.843572
v 72.726250 99.000000 -14.000000
v 73.317497 99.000000 -11.000000
v 73.863129 99.000000 -12.000000
v 73.656113 99.000000 -13.000000
v 59.000000 100.000000 -17.727858
v 58.761875 100.000000 -18.000000
v 59.000000 99.635002 -19.000000
v 59.000000 100.000000 -18.635000
v 60.000000 100.000000 -17.386875
v 59.365002 100.000000 -19.000000
v 60.000000 100.000000 -19.272142
v 60.817501 100.000000 -18.000000
v 60.381001 100.000000 -19.000000
v 65.000000 100.000000 -18.636875
v 64.515831 100.000000 -19.000000
v 64.515831 100.000000 -20.000000
v 65.000000 100.000000 -20.363125
v 65.726250 100.000000 -19.000000
v 65.726250 100.000000 -20.000000
v 71.000000 100.000000 -11.819000
v 70.899445 100.000000 -12.000000
v 70.761871 100.000000 -13.000000
v 71.000000 99.557854 -14.000000
v 71.000000 100.000000 -13.381000
v 72.000000 100.000000 -10.442142
v 71.511871 100.000000 -11.000000
v 72.000000 99.726250 -14.000000
v 72.000000 100.000000 -13.863125
v 73.000000 99.584999 -10.000000
v 72.515831 100.000000 -10.000000
v 73.000000 100.000000 -9.515833
v 73.000000 100.000000 -13.878333
v 73.968330 100.000000 -10.000000
v 74.000000 99.682503 -11.000000
v 74.000000 100.000000 -10.047500
v 74.000000 99.219002 -12.000000
v 74.000000 100.000000 -12.976250
v 73.988129 100.000000 -13.000000
v 74.238129 100.000000 -11.000000
v 74.433891 100.000000 -12.000000
v 59.000000 100.380997 -18.000000
v 60.000000 101.000000 -17.636875
v 59.515835 101.000000 -18.000000
v 59.442142 101.000000 -19.000000
v 60.000000 101.000000 -19.557858
v 61.000000 101.000000 -17.870714
v 61.000000 100.547501 -18.000000
v 61.000000 100.515831 -19.000000
v 61.000000 101.000000 -19.484167
v 61.129284 101.000000 -18.000000
v 61.415001 101.000000 -19.000000
v 65.000000 100.726250 -19.000000
v 65.000000 100.726250 -20.000000
v 71.000000 100.150833 -12.000000
v 71.000000 100.238129 -13.000000
v 72.000000 101.000000 -10.819000
v 71.886871 101.000000 -11.000000
v 71.636871 101.000000 -12.000000
v 72.000000 100.863129 -13.000000
v 72.000000 101.000000 -12.726250
v 73.000000 101.000000 -9.349167
v 72.511871 101.000000 -10.000000
v 72.364998 101.000000 -13.000000
v 73.000000 101.000000 -13.238125
v 74.000000 101.000000 -9.365000
v 74.000000 100.047501 -10.000000
v 74.000000 101.000000 -12.484167
v 73.380997 101.000000 -13.000000
v 74.317497 101.000000 -10.000000
v 74.488129 101.000000 -11.000000
v 74.363129 101.000000 -12.000000
v 60.000000 101.726250 -18.000000
v 59.636875 102.000000 -19.000000
v 60.000000 102.000000 -18.273750
v 60.000000 102.000000 -19.580999
v 61.000000 101.904999 -18.000000
v 61.000000 102.000000 -18.015833
v 61.000000 101.773750 -20.000000
v 60.698334 102.000000 -20.000000
v 61.000000 102.000000 -20.113125
v 61.843571 102.000000 -19.000000
v 61.181000 102.000000 -20.000000
v 72.000000 101.129288 -11.000000
v 72.000000 101.363129 -12.000000
v 73.000000 101.650833 -10.000000
v 73.000000 102.000000 -10.698334
v 72.870712 102.000000 -11.000000
v 72.849167 102.000000 -12.000000
v 73.000000 101.272141 -13.000000
v 73.000000 102.000000 -12.150833
v 74.000000 101.476250 -10.000000
v 73.452499 102.000000 -11.000000
v 74.000000 101.780998 -11.000000
v 74.000000 101.581001 -12.000000
v 73.301666 102.000000 -12.000000
v 60.000000 103.000000 -18.849167
v 59.886875 103.000000 -19.000000
v 60.000000 103.000000 -19.301666
v 61.000000 103.000000 -18.232779
v 60.349167 103.000000 -20.000000
v 61.000000 103.000000 -20.488125
v 62.000000 103.000000 -18.849167
v 62.000000 102.547501 -19.000000
v 62.000000 103.000000 -19.452499
v 61.780998 103.000000 -20.000000
v 62.113125 103.000000 -19.000000
v 73.000000 102.113129 -11.000000
v 73.000000 102.100555 -12.000000
v 60.000000 103.226250 -19.000000
v 61.000000 104.000000 -18.788334
v 60.618999 104.000000 -19.000000
v 60.819000 104.000000 -20.000000
v 61.000000 104.000000 -20.181000
v 62.000000 103.301666 -19.000000
v 61.476250 104.000000 -19.000000
v 61.226250 104.000000 -20.000000
v 61.000000 104.380997 -19.000000
v 61.000000 104.452499 -20.000000
vn 0.4848 0.1502 -0.8617
vn 0.7661 0.2402 -0.5962
vn 0.3748 0.1683 -0.9117
vn 0.7637 0.2460 -0.5969
vn 0.9378 0.3126 0.1508
vn 0.9270 0.3426 0.1527
vn 0.6724 0.2229 0.7058
vn 0.5993 0.2404 0.7635
vn 0.1957 -0.0000 -0.9807
vn 0.1175 0.0277 -0.9927
vn 0.5125 0.2042 0.8340
vn 0.4196 0.2299 0.8781
vn 0.3090 0.1018 0.9456
vn 0.2454 0.0942 0.9648
vn -0.0000 -0.0000 -1.0000
vn 0.1091 -0.0000 0.9940
vn 0.0551 -0.0002 0.9985
vn -0.0071 -0.0071 -0.9999
vn -0.1602 -0.0000 0.9871
vn -0.1709 -0.0662 0.9831
vn -0.2898 -0.0000 -0.9571
vn -0.2883 -0.0271 -0.9572
vn -0.4394 -0.0000 0.8983
vn -0.4338 -0.0979 0.8957
vn -0.7497 -0.0000 -0.6618
vn -0.7576 -0.0571 -0.6502
vn -0.9239 -0.0000 -0.3827
vn -0.9232 -0.0932 -0.3729
vn -0.7733 -0.0000 0.6340
vn -0.7643 -0.1051 0.6362
vn -0.6340 -0.0000 0.7733
vn -0.6361 -0.1047 0.7645
vn -0.9912 -0.0000 0.1327
vn -0.9861 -0.1052 0.1285
vn 0.8980 0.4272 0.1050
vn 0.9348 0.3481 0.0704
vn 0.8214 0.3413 -0.4570
vn 0.7375 0.3294 0.5896
vn 0.2885 0.0899 -0.9533
vn 0.6880 0.2371 -0.6859
vn 0.5260 0.2823 0.8023
vn 0.6036 0.3012 0.7382
vn 0.3561 0.2462 0.9015
vn 0.0226 0.0226 -0.9995
vn 0.1188 0.1204 0.9856
vn -0.0653 -0.0099 0.9978
vn -0.0621 -0.0621 -0.9961
vn -0.2526 -0.1426 0.9570
vn -0.3174 -0.1762 -0.9318
vn -0.5196 -0.1915 0.8327
vn -0.5509 -0.2425 0.7986
vn -0.3966 -0.2279 0.8893
vn -0.7847 -0.2606 -0.5625
vn -0.9281 -0.3127 0.2022
vn -0.9552 -0.2215 0.1961
vn 0.6787 0.2389 -0.6945
vn 0.7579 0.2448 -0.6046
vn 0.4914 0.1937 -0.8491
vn 0.9341 0.3543 0.0448
vn 0.7067 0.3756 0.5996
vn 0.2219 0.0261 -0.9747
vn 0.5220 0.3753 0.7659
vn 0.2706 0.2815 0.9206
vn -0.0007 0.1644 0.9864
vn -0.0375 -0.0091 -0.9993
vn -0.2304 0.0273 0.9727
vn -0.2040 -0.0735 -0.9762
vn -0.3873 -0.1779 0.9046
vn -0.4550 -0.3277 -0.8280
vn -0.6132 -0.3122 0.7257
vn -0.5161 -0.2517 0.8187
vn -0.7738 -0.3813 -0.5057
vn -0.9035 -0.3894 0.1791
vn 0.8958 0.4444 -0.0076
vn 0.9030 0.4288 -0.0274
vn 0.8061 0.3903 -0.4448
vn 0.8032 0.4495 0.3909
vn 0.6907 0.2792 -0.6671
vn 0.6083 0.4563 0.6494
vn 0.7220 0.4512 0.5245
vn 0.4809 0.3972 0.7817
vn 0.1195 0.3633 0.9240
vn -0.1663 0.2109 0.9633
vn -0.1069 -0.0704 -0.9918
vn -0.3970 0.0225 0.9175
vn -0.3104 -0.2363 -0.9208
vn -0.4314 -0.1771 0.8846
vn -0.5825 -0.2600 0.7701
vn -0.5297 -0.1772 0.8295
vn -0.6767 -0.3753 -0.6334
vn -0.6691 -0.4014 -0.6255
vn -0.8154 -0.4531 -0.3603
vn -0.6633 -0.3721 0.6493
vn -0.8887 -0.4270 0.1667
vn 0.7061 0.2920 -0.6451
vn 0.9155 0.3919 -0.0908
vn 0.7183 0.4523 0.5286
vn 0.7765 0.4259 0.4644
vn 0.6016 0.4309 0.6726
vn 0.2566 0.0981 -0.9615
vn 0.5704 0.2333 -0.7875
vn 0.4439 0.3095 0.8410
vn 0.0849 0.3199 0.9436
vn 0.3049 0.3136 0.8993
vn 0.0423 0.2451 0.9686
vn -0.0284 -0.0000 -0.9996
vn -0.2817 0.2234 0.9331
vn -0.3144 0.1480 0.9377
vn -0.2493 -0.0217 -0.9682
vn -0.5661 0.0061 0.8243
vn -0.4313 0.1262 0.8933
vn -0.5646 -0.3436 -0.7505
vn -0.5229 -0.2266 -0.8217
vn -0.7324 -0.2773 -0.6219
vn -0.7169 -0.1964 0.6689
vn -0.6885 -0.1287 0.7137
vn -0.8329 -0.5217 0.1849
vn -0.9297 -0.3391 0.1439
vn 0.6270 0.1213 -0.7695
vn 0.6719 0.1607 -0.7230
vn 0.4796 0.1230 -0.8688
vn 0.9258 0.3191 -0.2029
vn 0.8335 0.3531 0.4250
vn 0.5653 0.3182 0.7611
vn 0.2156 0.0134 -0.9764
vn 0.4015 0.3018 0.8647
vn 0.4289 0.2998 0.8521
vn 0.2832 0.1987 0.9383
vn -0.0386 0.1194 0.9921
vn -0.3931 0.0584 0.9176
vn -0.2908 -0.0126 -0.9567
vn -0.6338 -0.0364 0.7726
vn -0.5149 0.0161 0.8571
vn -0.6650 -0.1001 -0.7401
vn -0.8469 -0.1542 -0.5088
vn -0.7779 -0.1337 0.6140
vn -0.7687 -0.0715 0.6356
vn -0.9709 -0.1995 0.1322
vn 0.9214 0.3166 -0.2253
vn 0.9489 0.2514 -0.1907
vn 0.7487 0.2168 -0.6265
vn 0.8466 0.3087 0.4336
vn 0.8811 0.2557 0.3979
vn 0.7395 0.2474 0.6260
vn 0.3761 0.1343 -0.9168
vn 0.6374 0.1734 -0.7508
vn 0.5324 0.1945 0.8238
vn 0.6179 0.1837 0.7645
vn 0.4276 0.1543 0.8907
vn 0.1336 0.0246 -0.9907
vn 0.2077 0.1009 0.9730
vn -0.0918 0.0140 0.9957
vn -0.0213 0.0071 -0.9997
vn -0.4393 -0.0000 0.8983
vn -0.3352 0.0160 -0.9420
vn -0.6693 -0.0097 0.7429
vn -0.5678 -0.0049 0.8232
vn -0.7464 -0.0079 -0.6655
vn -0.9247 -0.0347 -0.3791
vn -0.8283 -0.0212 0.5598
vn -0.7898 -0.0000 0.6134
vn -0.9882 -0.0479 0.1452
vn 0.7170 0.1756 -0.6746
vn 0.9401 0.2512 -0.2303
vn 0.8900 0.2444 0.3849
vn 0.7280 0.2222 0.6486
vn 0.3279 0.0903 -0.9404
vn 0.5923 0.1420 -0.7931
vn 0.5512 0.1638 0.8181
vn 0.3799 0.0999 0.9196
vn 0.0689 0.0137 -0.9975
vn 0.1591 0.0543 0.9858
vn -0.1465 0.0141 0.9891
vn -0.0226 -0.0226 -0.9995
vn -0.2961 -0.0591 -0.9533
vn -0.6412 -0.0126 0.7673
vn -0.5599 -0.0065 0.8286
vn -0.7671 -0.0571 -0.6390
vn -0.9147 -0.0650 -0.3990
vn -0.8312 -0.0453 0.5541
vn -0.7862 -0.0171 0.6177
vn -0.9906 -0.0513 0.1270
vn 0.6359 0.2065 -0.7436
vn 0.9200 0.3061 -0.2448
vn 0.8690 0.2835 0.4056
vn 0.6442 0.2217 0.7321
vn 0.2560 0.0619 -0.9647
vn 0.4879 0.1694 -0.8563
vn 0.4467 0.1820 0.8760
vn 0.2899 0.1002 0.9518
vn 0.0139 0.0139 -0.9998
vn 0.1223 0.0132 0.9924
vn -0.1175 -0.0277 -0.9927
vn -0.3659 -0.1739 -0.9143
vn -0.6753 -0.0472 0.7360
vn -0.5837 -0.0078 0.8119
vn -0.7426 -0.2449 -0.6233
vn -0.9717 -0.2329 0.0385
vn -0.9678 -0.2151 0.1308
vn -0.8150 -0.0955 0.5715
vn 0.9173 0.3202 -0.2367
vn 0.9350 0.3011 -0.1874
vn 0.7419 0.2661 -0.6154
vn 0.9249 0.3261 0.1954
vn 0.5534 0.1940 -0.8100
vn 0.6429 0.2159 -0.7349
vn 0.4254 0.1740 -0.8881
vn 0.8463 0.3266 0.4208
vn 0.5563 0.1991 0.8068
vn 0.6439 0.2455 0.7246
vn 0.4129 0.1943 0.8898
vn 0.1760 0.0279 -0.9840
vn -0.2151 -0.0163 -0.9765
vn -0.4854 -0.2013 -0.8508
vn -0.7043 -0.1624 0.6911
vn -0.6136 -0.1146 0.7813
vn -0.7439 -0.2380 -0.6245
vn -0.9681 -0.2458 -0.0488
vn -0.8428 -0.1779 0.5080
vn 0.7091 0.1853 -0.6803
vn 0.9298 0.2585 -0.2619
vn 0.8414 0.3701 0.3937
vn 0.8993 0.2929 0.3248
vn 0.7024 0.3155 0.6380
vn 0.3273 0.1321 -0.9356
vn 0.6054 0.1627 -0.7791
vn 0.5688 0.2621 0.7796
vn 0.3254 0.1524 0.9332
vn 0.0791 0.0238 -0.9966
vn 0.1211 0.0674 0.9903
vn -0.0551 0.0002 0.9985
vn -0.2543 -0.1019 0.9617
vn -0.2727 -0.0407 -0.9612
vn -0.5600 -0.1969 0.8047
vn -0.3972 -0.1805 0.8998
vn -0.6654 -0.2075 -0.7170
vn -0.6598 -0.1580 -0.7347
vn -0.8089 -0.1946 -0.5547
vn -0.7932 -0.2743 0.5436
vn -0.8807 -0.2607 0.3956
vn -0.7916 -0.2529 0.5563
vn -0.9641 -0.2628 -0.0385
vn 0.6771 0.1114 -0.7274
vn 0.9168 0.2373 -0.3212
vn 0.8923 0.3270 0.3113
vn 0.6781 0.3227 0.6603
vn 0.2867 0.0525 -0.9566
vn 0.5694 0.0885 -0.8173
vn 0.4576 0.3004 0.8369
vn 0.2577 0.2097 0.9432
vn 0.0685 0.1744 0.9823
vn -0.1362 0.1340 0.9816
vn -0.0550 -0.0266 -0.9981
vn -0.3604 -0.0051 0.9328
vn -0.3227 -0.1254 -0.9382
vn -0.6398 -0.1984 0.7425
vn -0.5154 -0.1185 0.8487
vn -0.7167 -0.1805 -0.6736
vn -0.8511 -0.2331 -0.4704
vn -0.8396 -0.2790 0.4661
vn -0.7832 -0.2518 0.5685
vn -0.9609 -0.2754 0.0295
vn 0.8664 0.3278 -0.3766
vn 0.8998 0.2544 -0.3546
vn 0.7032 0.2216 -0.6756
vn 0.8519 0.4881 0.1897
vn 0.9156 0.3815 0.1272
vn 0.8028 0.4315 0.4116
vn 0.5830 0.1128 -0.8046
vn 0.5568 0.4067 0.7243
vn 0.6359 0.4239 0.6449
vn 0.4010 0.3628 0.8412
vn 0.2604 0.0104 -0.9654
vn 0.4777 0.0826 -0.8746
vn 0.2137 0.3191 0.9233
vn 0.0525 0.3158 0.9474
vn -0.2118 0.2975 0.9309
vn -0.1643 -0.0313 -0.9859
vn -0.4955 0.1586 0.8540
vn -0.4281 -0.2018 -0.8809
vn -0.7930 -0.0740 0.6047
vn -0.6893 0.0507 0.7227
vn -0.7431 -0.2546 -0.6189
vn -0.9567 -0.2909 -0.0023
vn -0.9478 -0.3159 0.0430
vn -0.8364 -0.1757 0.5192
vn 0.6725 0.1776 -0.7185
vn 0.8626 0.2459 -0.4421
vn 0.9294 0.3682 0.0253
vn 0.7111 0.4079 0.5727
vn 0.7678 0.4305 0.4745
vn 0.5544 0.3758 0.7425
vn 0.5281 0.1024 -0.8430
vn 0.5902 0.1405 -0.7950
vn 0.3589 0.3813 0.8520
vn 0.1778 0.3241 0.9292
vn 0.2114 0.3831 0.8992
vn 0.1496 0.3168 0.9366
vn -0.2402 0.3070 0.9209
vn -0.2518 0.2957 0.9215
vn -0.2477 -0.0287 -0.9684
vn -0.5751 0.1671 0.8008
vn -0.4748 0.2404 0.8467
vn -0.6446 -0.1991 -0.7381
vn -0.5631 -0.1918 -0.8039
vn -0.7348 -0.2163 -0.6428
vn -0.8898 -0.0824 0.4488
vn -0.8105 0.0577 0.5829
vn -0.9683 -0.2418 -0.0630
vn -0.9032 -0.1464 0.4035
vn 0.6264 0.1573 -0.7634
vn 0.8308 0.2283 -0.5075
vn 0.9437 0.3209 -0.0806
vn 0.8163 0.3845 0.4311
vn 0.5447 0.3296 0.7711
vn 0.5552 0.1474 -0.8185
vn 0.3308 0.3779 0.8647
vn 0.4651 0.3359 0.8190
vn 0.2649 0.2942 0.9183
vn 0.1049 0.2095 0.9722
vn 0.0543 0.1591 0.9858
vn -0.2795 0.1503 0.9483
vn -0.3170 -0.0727 -0.9456
vn -0.6680 0.0778 0.7401
vn -0.5742 0.1240 0.8093
vn -0.6799 -0.1628 -0.7151
vn -0.8082 -0.2068 -0.5514
vn -0.9087 -0.2034 0.3645
vn -0.9283 -0.2063 0.3095
vn -0.9397 -0.1787 0.2916
vn -0.8915 -0.0361 0.4515
vn -0.9649 -0.2520 -0.0747
vn 0.9678 0.2248 -0.1135
vn 0.9505 0.2748 -0.1448
vn 0.9091 0.2657 -0.3208
vn 0.8599 0.3047 0.4095
vn 0.9012 0.3004 0.3125
vn 0.6914 0.2669 0.6713
vn 0.6114 0.1365 -0.7795
vn 0.7951 0.2273 -0.5623
vn 0.5254 0.2800 0.8035
vn 0.6018 0.2561 0.7565
vn 0.4622 0.2299 0.8565
vn 0.5404 0.1207 -0.8327
vn 0.2056 0.1110 0.9723
vn 0.0137 0.0689 0.9975
vn 0.0068 0.0068 1.0000
vn -0.0963 -0.0317 -0.9949
vn -0.2938 -0.0335 0.9553
vn -0.3816 -0.1488 -0.9122
vn -0.7221 -0.0764 0.6876
vn -0.6093 -0.0584 0.7908
vn -0.7334 -0.1894 -0.6529
vn -0.8513 -0.2400 -0.4666
vn -0.9175 -0.2542 0.3058
vn -0.9430 -0.2482 0.2215
vn -0.9171 -0.1566 0.3666
vn -0.9635 -0.2637 -0.0464
vn 0.7867 0.2890 -0.5455
vn 0.8414 0.2257 -0.4910
vn 0.6602 0.2043 -0.7228
vn 0.9394 0.2997 -0.1664
vn 0.8930 0.2937 0.3410
vn 0.6602 0.2166 0.7192
vn 0.5467 0.1470 -0.8243
vn 0.5654 0.1824 0.8044
vn 0.3651 0.1428 0.9199
vn 0.4759 0.1233 -0.8708
vn 0.1336 0.0246 0.9907
vn -0.0000 -0.0000 1.0000
vn -0.0375 -0.0091 0.9993
vn -0.2045 -0.0434 -0.9779
vn -0.3406 -0.0602 0.9383
vn -0.5023 -0.2268 -0.8344
vn -0.7674 -0.1100 0.6317
vn -0.6462 -0.1002 0.7565
vn -0.7558 -0.2558 -0.6028
vn -0.9528 -0.2818 -0.1131
vn -0.9477 -0.3159 -0.0463
vn -0.9540 -0.2491 0.1670
vn -0.9442 -0.1620 0.2869
vn 0.6370 0.1124 -0.7626
vn 0.8234 0.1498 -0.5473
vn 0.9451 0.2476 -0.2133
vn 0.8989 0.2405 0.3663
vn 0.6023 0.1742 0.7790
vn 0.5034 0.0999 -0.8583
vn 0.5725 0.0910 -0.8149
vn 0.4901 0.0860 -0.8674
vn 0.4842 0.1618 0.8599
vn 0.3024 0.1572 0.9401
vn 0.0820 0.1360 0.9873
vn -0.0131 0.1472 0.9890
vn -0.0835 0.0905 0.9924
vn -0.2810 -0.0671 -0.9574
vn -0.4163 -0.0100 0.9092
vn -0.6523 -0.2175 -0.7260
vn -0.5835 -0.1895 -0.7897
vn -0.7349 -0.2041 -0.6468
vn -0.7691 -0.1051 0.6304
vn -0.6778 -0.0806 0.7308
vn -0.9678 -0.2151 -0.1308
vn -0.9724 -0.2022 0.1160
vn -0.9673 -0.1218 0.2226
vn 0.9462 0.2103 -0.2459
vn 0.9341 0.2503 -0.2547
vn 0.8530 0.2014 -0.4814
vn 0.9056 0.2188 0.3634
vn 0.9235 0.2581 0.2839
vn 0.7505 0.2534 0.6104
vn 0.6262 0.0778 -0.7758
vn 0.7931 0.1241 -0.5963
vn 0.5826 0.1973 0.7885
vn 0.6309 0.2728 0.7263
vn 0.5170 0.2656 0.8137
vn 0.4387 0.0462 -0.8974
vn 0.5493 0.0566 -0.8337
vn 0.2931 0.2580 0.9206
vn 0.1713 0.0112 -0.9852
vn 0.1065 0.2654 0.9582
vn -0.0258 0.2913 0.9563
vn -0.1812 0.2202 0.9585
vn -0.3704 -0.1603 -0.9149
vn -0.5316 0.1097 0.8399
vn -0.6634 -0.2107 -0.7180
vn -0.7588 -0.2365 -0.6068
vn -0.9762 -0.2029 0.0764
vn -0.9175 -0.2542 0.3059
vn -0.9725 -0.2299 0.0365
vn -0.9619 -0.1740 -0.2110
vn -0.7916 -0.0874 0.6048
vn -0.7616 0.0011 0.6480
vn -0.9567 -0.2612 -0.1282
vn -0.9772 -0.1156 0.1782
vn 0.7870 0.2714 -0.5541
vn 0.9112 0.3037 -0.2782
vn 0.9185 0.2667 0.2921
vn 0.7619 0.2599 0.5933
vn 0.5751 0.0884 -0.8133
vn 0.7154 0.1985 -0.6700
vn 0.6656 0.2766 0.6931
vn 0.4989 0.3000 0.8131
vn 0.4069 0.0060 -0.9134
vn 0.4871 0.0396 -0.8725
vn 0.2570 0.3141 0.9139
vn 0.1602 -0.0000 -0.9871
vn 0.1048 0.3145 0.9435
vn -0.0514 0.3158 0.9474
vn -0.0653 0.3031 0.9507
vn -0.2739 0.2028 0.9401
vn -0.2094 0.2610 0.9423
vn -0.5780 0.0679 0.8132
vn -0.7100 -0.2448 -0.6603
vn -0.9306 -0.3045 -0.2030
vn -0.9408 -0.3136 -0.1286
vn -0.9714 -0.2288 -0.0637
vn -0.9382 -0.1765 -0.2976
vn -0.8459 -0.1204 0.5196
vn -0.8329 -0.0052 0.5535
vn -0.9834 -0.1545 0.0956
vn 0.6781 0.2892 -0.6757
vn 0.6887 0.3360 -0.6425
vn 0.5391 0.2594 -0.8013
vn 0.9090 0.3541 -0.2197
vn 0.8945 0.2992 0.3323
vn 0.7804 0.3082 0.5440
vn 0.4874 0.1078 -0.8665
vn 0.6895 0.3186 0.6505
vn 0.5175 0.3105 0.7973
vn 0.3670 0.0072 -0.9302
vn 0.4051 0.0499 -0.9129
vn 0.2494 0.3062 0.9187
vn 0.3828 0.3342 0.8613
vn 0.2276 0.2534 0.9402
vn 0.0945 0.2001 0.9752
vn -0.1021 0.1561 0.9825
vn -0.3065 0.2065 0.9292
vn -0.3518 0.1086 0.9298
vn -0.6063 -0.2094 -0.7672
vn -0.5556 -0.1799 -0.8118
vn -0.6800 -0.2139 -0.7013
vn -0.6765 -0.0660 0.7335
vn -0.5120 0.0708 0.8561
vn -0.9260 -0.2872 -0.2451
vn -0.9581 -0.2673 -0.1025
vn -0.9672 -0.2449 0.0669
vn -0.9695 -0.2189 0.1099
vn -0.8730 -0.1265 0.4711
vn 0.8950 0.4099 -0.1759
vn 0.9429 0.2941 -0.1565
vn 0.8305 0.2967 -0.4714
vn 0.8675 0.3964 0.3004
vn 0.9103 0.2970 0.2883
vn 0.8316 0.3078 0.4623
vn 0.4632 0.1746 -0.8689
vn 0.7001 0.2371 -0.6736
vn 0.7006 0.4211 0.5761
vn 0.7870 0.3412 0.5140
vn 0.6483 0.3319 0.6853
vn 0.3798 0.0712 -0.9223
vn 0.4442 0.3678 0.8169
vn 0.5113 0.3051 0.8034
vn 0.3375 0.2930 0.8946
vn 0.3232 0.0087 -0.9463
vn 0.3240 0.0366 -0.9454
vn 0.1394 0.2468 0.9590
vn 0.0006 0.2151 0.9766
vn -0.1606 0.1096 0.9809
vn -0.4147 0.0356 0.9093
vn -0.6611 -0.2133 -0.7193
vn -0.7483 -0.2574 -0.6114
vn -0.7733 -0.1847 0.6066
vn -0.6203 -0.0432 0.7831
vn -0.9238 -0.3079 -0.2274
vn -0.9439 -0.3146 -0.1005
vn -0.9527 -0.3036 0.0140
vn -0.8977 -0.2031 0.3910
vn 0.8186 0.0972 -0.5661
vn 0.9677 0.1484 -0.2038
vn 0.9429 0.2392 0.2319
vn 0.8722 0.3128 0.3761
vn 0.4370 0.0496 -0.8981
vn 0.6779 0.0685 -0.7319
vn 0.7899 0.3429 0.5084
vn 0.6265 0.2434 0.7404
vn 0.3283 0.0124 -0.9445
vn 0.4916 0.2449 0.8357
vn 0.3472 0.2039 0.9154
vn 0.3162 -0.0000 -0.9487
vn 0.1675 0.2202 0.9610
vn -0.2038 -0.0170 -0.9789
vn -0.2558 0.2112 0.9434
vn -0.5135 -0.1617 -0.8427
vn -0.5060 0.1007 0.8566
vn -0.7185 -0.1867 -0.6700
vn -0.9247 -0.2672 -0.2711
vn -0.9238 -0.3079 -0.2275
vn -0.9592 -0.2638 -0.1013
vn -0.9175 -0.2542 -0.3058
vn -0.8800 -0.2073 0.4273
vn -0.9540 -0.2120 0.2120
vn -0.9171 -0.1409 0.3729
vn -0.7593 0.0342 0.6499
vn -0.9660 -0.2560 -0.0365
vn 0.7801 0.0248 -0.6251
vn 0.9461 0.0809 -0.3137
vn 0.9737 0.2200 0.0589
vn 0.7892 0.4321 0.4364
vn 0.8793 0.3158 0.3565
vn 0.7168 0.3199 0.6195
vn 0.4407 0.0498 -0.8963
vn 0.6438 0.0233 -0.7648
vn 0.5557 0.2982 0.7760
vn 0.5459 0.2729 0.7921
vn 0.4328 0.2405 0.8688
vn 0.3158 0.0525 -0.9474
vn 0.3169 0.2172 0.9233
vn 0.3039 0.0403 -0.9519
vn 0.2094 0.2611 0.9423
vn 0.1532 -0.0072 -0.9882
vn -0.0286 0.3016 0.9530
vn 0.1977 0.2717 0.9418
vn -0.0265 0.2923 0.9560
vn -0.2478 -0.0287 -0.9684
vn -0.3483 0.1559 0.9243
vn -0.2121 0.2098 0.9545
vn -0.6153 -0.0992 -0.7820
vn -0.5411 -0.1312 -0.8307
vn -0.6811 -0.1611 -0.7142
vn -0.5704 0.0518 0.8197
vn -0.9339 -0.2484 -0.2571
vn -0.9664 -0.2288 -0.1167
vn -0.9813 -0.1629 -0.1026
vn -0.9749 -0.2166 -0.0505
vn -0.9621 -0.0865 0.2586
vn -0.8247 0.0066 0.5655
vn 0.7985 0.0032 -0.6020
vn 0.9249 0.0138 -0.3800
vn 0.9862 0.1509 -0.0679
vn 0.9152 0.2412 0.3229
vn 0.7210 0.2656 0.6400
vn 0.4626 0.0892 -0.8821
vn 0.6943 0.0203 -0.7194
vn 0.5410 0.2690 0.7968
vn 0.4295 0.2355 0.8718
vn 0.3145 0.1048 -0.9434
vn 0.3541 0.2029 0.9129
vn 0.2529 0.0936 -0.9630
vn 0.2203 0.2961 0.9294
vn 0.2961 0.2203 0.9294
vn 0.2469 0.1948 0.9493
vn 0.0677 -0.0136 -0.9976
vn -0.1049 0.1416 0.9844
vn -0.3108 -0.1369 -0.9406
vn -0.3928 0.1054 0.9136
vn -0.4768 0.0255 0.8786
vn -0.6426 -0.2098 -0.7369
vn -0.7469 -0.2212 -0.6270
vn -0.6231 -0.0676 0.7792
vn -0.5826 -0.0091 0.8127
vn -0.9305 -0.2460 -0.2714
vn -0.9649 -0.1620 -0.2066
vn -0.9823 -0.1091 -0.1524
vn -0.9629 -0.1390 0.2314
vn -0.8456 -0.1094 0.5226
vn 0.8160 0.0482 -0.5761
vn 0.8762 0.1099 -0.4692
vn 0.9384 0.2771 -0.2067
vn 0.9119 0.3384 0.2323
vn 0.6395 0.3060 0.7053
vn 0.6977 0.3484 0.6259
vn 0.5008 0.2737 0.8212
vn 0.4918 0.0881 -0.8662
vn 0.7318 0.0495 -0.6797
vn 0.3854 0.2918 0.8754
vn 0.3145 0.1048 -0.9435
vn 0.3324 0.2028 0.9211
vn 0.3171 0.2798 0.9062
vn 0.2417 0.2035 0.9488
vn 0.2001 0.0945 -0.9752
vn 0.1618 0.1077 0.9809
vn -0.0959 -0.0177 -0.9952
vn -0.1933 0.0038 0.9811
vn -0.4874 -0.0929 0.8682
vn -0.5497 -0.1053 0.8287
vn -0.4760 -0.0792 0.8759
vn -0.6626 -0.2209 -0.7157
vn -0.7580 -0.2386 -0.6070
vn -0.6636 -0.1562 0.7316
vn -0.9176 -0.2382 -0.3182
vn -0.9431 -0.2093 -0.2583
vn -0.9686 -0.2229 -0.1100
vn -0.9313 -0.2576 0.2576
vn -0.8518 -0.1964 0.4857
vn 0.9122 0.3265 -0.2476
vn 0.9213 0.2950 -0.2532
vn 0.8494 0.2360 -0.4721
vn 0.9178 0.3442 0.1980
vn 0.9376 0.3125 0.1525
vn 0.8638 0.3563 0.3563
vn 0.7720 0.1059 -0.6267
vn 0.8238 0.1943 -0.5325
vn 0.6980 0.3490 0.6253
vn 0.4945 -0.0000 -0.8692
vn 0.6960 0.0730 -0.7143
vn 0.3682 0.2806 0.8864
vn 0.4661 0.2790 0.8396
vn 0.3188 0.2507 0.9141
vn 0.1578 0.1567 0.9750
vn 0.1498 -0.0089 -0.9887
vn 0.0613 0.0613 0.9962
vn -0.2313 -0.0731 -0.9701
vn -0.2806 -0.0190 0.9596
vn -0.5566 -0.1839 -0.8101
vn -0.5035 -0.2162 -0.8365
vn -0.6215 -0.2469 -0.7435
vn -0.6138 -0.0939 0.7838
vn -0.5432 -0.0782 0.8360
vn -0.8749 -0.3084 -0.3734
vn -0.8647 -0.3272 -0.3812
vn -0.9187 -0.3062 -0.2494
vn -0.9119 -0.3170 -0.2606
vn -0.8742 -0.2914 -0.3885
vn -0.8315 -0.2030 0.5171
vn -0.9350 -0.2772 0.2213
vn -0.8382 -0.2073 0.5043
vn -0.9444 -0.3148 -0.0955
vn -0.9295 -0.2962 0.2199
vn 0.8176 0.2046 -0.5383
vn 0.9259 0.2543 -0.2795
vn 0.9439 0.3051 0.1261
vn 0.7525 0.3165 0.5776
vn 0.8054 0.3062 0.5075
vn 0.5907 0.2793 0.7570
vn 0.6747 0.1003 -0.7312
vn 0.6810 0.1090 -0.7241
vn 0.5554 0.0722 -0.8284
vn 0.7907 0.1746 -0.5868
vn 0.4719 0.2695 0.8394
vn 0.4469 -0.0848 -0.8906
vn 0.3956 0.2607 0.8806
vn 0.2425 0.1454 0.9592
vn 0.2993 -0.1695 -0.9390
vn 0.3124 -0.1558 -0.9371
vn 0.0683 0.0683 0.9953
vn 0.1056 -0.2257 -0.9684
vn -0.0236 0.0048 0.9997
vn -0.3003 -0.3046 -0.9039
vn -0.5881 -0.3420 -0.7329
vn -0.6742 -0.3361 -0.6577
vn -0.6317 -0.0856 0.7705
vn -0.5694 -0.0874 0.8174
vn -0.8468 -0.3635 -0.3883
vn -0.8985 -0.3118 -0.3090
vn -0.8774 -0.2593 -0.4037
vn -0.9281 -0.3095 0.2068
vn -0.9423 -0.2610 0.2094
vn -0.9531 -0.2496 0.1714
vn -0.8894 -0.1535 0.4306
vn -0.9584 -0.2683 -0.0975
vn 0.7794 0.1812 -0.5998
vn 0.8286 0.0913 -0.5524
vn 0.7643 0.1051 -0.6362
vn 0.9292 0.1569 -0.3345
vn 0.9648 0.2592 0.0448
vn 0.8321 0.3086 0.4608
vn 0.5719 0.2622 0.7773
vn 0.4712 0.0328 -0.8814
vn 0.6460 0.0673 -0.7603
vn 0.4361 0.2716 0.8579
vn 0.4804 0.2542 0.8394
vn 0.3209 0.1994 0.9259
vn 0.3300 -0.1042 -0.9382
vn 0.1329 0.0790 0.9880
vn 0.2396 -0.1961 -0.9509
vn 0.2053 -0.2171 -0.9543
vn 0.0139 0.0139 0.9998
vn 0.0202 -0.3078 -0.9512
vn 0.2094 -0.2610 -0.9423
vn -0.0963 -0.0317 0.9949
vn -0.3755 -0.3795 -0.8455
vn -0.2029 -0.3541 -0.9129
vn -0.4288 -0.3803 -0.8195
vn -0.3909 -0.1436 0.9092
vn -0.7909 -0.3773 -0.4818
vn -0.7521 -0.4027 -0.5218
vn -0.8680 -0.3733 -0.3274
vn -0.6264 -0.1573 0.7634
vn -0.5957 -0.1495 0.7892
vn -0.8889 -0.2447 -0.3873
vn -0.9658 -0.2199 -0.1373
vn -0.9715 -0.2159 -0.0977
vn -0.9720 -0.2021 0.1201
vn -0.9067 -0.1807 0.3811
vn 0.9737 0.2275 -0.0134
vn 0.9737 0.2218 -0.0527
vn 0.9586 0.1712 -0.2275
vn 0.8478 0.2885 0.4449
vn 0.8746 0.3276 0.3574
vn 0.6671 0.3056 0.6794
vn 0.7733 -0.0000 -0.6340
vn 0.8173 0.0096 -0.5761
vn 0.8955 0.1118 -0.4309
vn 0.5343 0.2241 0.8151
vn 0.4393 -0.0000 -0.8983
vn 0.6340 -0.0000 -0.7733
vn 0.4019 0.2207 0.8887
vn 0.2143 -0.0551 -0.9752
vn 0.0689 0.0137 0.9975
vn 0.1196 -0.1727 -0.9777
vn -0.0071 -0.0071 0.9999
vn -0.0186 -0.3022 -0.9531
vn -0.1236 -0.3019 -0.9453
vn -0.2100 -0.0515 0.9763
vn -0.4952 -0.3524 -0.7941
vn -0.5100 -0.2172 0.8323
vn -0.6938 -0.3455 -0.6319
vn -0.8271 -0.2242 -0.5153
vn -0.6543 -0.2347 0.7189
vn -0.6431 -0.2155 0.7349
vn -0.8651 -0.1438 -0.4806
vn -0.9701 -0.2042 -0.1316
vn -0.9651 -0.2187 0.1438
vn -0.8703 -0.2638 0.4159
vn 0.8753 0.1159 -0.4694
vn 0.8606 0.0918 -0.5010
vn 0.7407 0.0673 -0.6684
vn 0.9688 0.1749 -0.1756
vn 0.9210 0.2761 0.2749
vn 0.6481 0.2348 0.7245
vn 0.7974 0.0089 -0.6034
vn 0.4860 0.2671 0.8321
vn 0.5728 0.2060 0.7934
vn 0.3695 0.1842 0.9108
vn 0.0138 -0.0415 -0.9990
vn -0.2399 -0.0944 -0.9662
vn -0.3072 -0.0695 0.9491
vn -0.5955 -0.2645 -0.7586
vn -0.4863 -0.1727 -0.8566
vn -0.6123 -0.1593 -0.7744
vn -0.5336 -0.2085 0.8197
vn -0.5738 -0.1839 0.7981
vn -0.4901 -0.1582 0.8572
vn -0.8051 -0.1106 -0.5827
vn -0.8229 -0.1296 -0.5532
vn -0.8984 -0.1762 -0.4022
vn -0.8143 -0.2975 0.4984
vn -0.9171 -0.3288 0.2253
vn -0.8143 -0.2859 0.5052
vn -0.9617 -0.2547 -0.1011
vn -0.9403 -0.2774 0.1972
vn 0.7076 0.0366 -0.7057
vn 0.8519 0.0470 -0.5216
vn 0.9652 0.0672 -0.2529
vn 0.9538 0.1742 0.2449
vn 0.6330 0.1374 0.7619
vn 0.7785 0.0078 -0.6276
vn 0.5493 0.1365 0.8244
vn 0.3167 0.1018 0.9430
vn -0.0765 -0.0119 0.9970
vn -0.2735 -0.0958 -0.9571
vn -0.4011 -0.0745 0.9130
vn -0.5756 -0.1393 -0.8058
vn -0.6639 -0.1570 -0.7312
vn -0.6285 -0.1241 0.7679
vn -0.5859 -0.1136 0.8024
vn -0.8461 -0.2282 -0.4817
vn -0.9093 -0.2504 -0.3323
vn -0.9200 -0.3258 0.2176
vn -0.9392 -0.2709 0.2108
vn -0.9423 -0.2609 0.2096
vn -0.8563 -0.1942 0.4786
vn -0.9608 -0.2719 -0.0535
vn 0.7071 -0.0000 -0.7071
vn 0.8486 0.0073 -0.5290
vn 0.9384 0.0519 -0.3417
vn 0.9673 0.1944 0.1628
vn 0.5989 0.1248 0.7910
vn 0.4880 0.1221 0.8642
vn 0.2465 0.0545 0.9676
vn -0.1116 -0.0000 0.9938
vn -0.4765 -0.0310 0.8786
vn -0.6123 -0.2044 -0.7638
vn -0.7032 -0.2360 -0.6706
vn -0.6373 -0.0705 0.7674
vn -0.6355 -0.0501 0.7704
vn -0.8322 -0.2653 -0.4870
vn -0.9587 -0.2696 -0.0906
vn -0.9749 -0.2167 -0.0505
vn -0.9636 -0.2140 0.1602
vn -0.9007 -0.1148 0.4190
vn 0.9666 0.2285 0.1159
vn 0.9637 0.2589 0.0652
vn 0.8411 0.2037 -0.5010
vn 0.7117 0.2085 0.6709
vn 0.6880 0.0036 -0.7257
vn 0.8248 0.0251 -0.5649
vn 0.8889 0.1268 -0.4402
vn 0.5764 0.1030 0.8107
vn 0.6668 0.1714 0.7252
vn 0.5135 0.1617 0.8427
vn 0.2038 0.0170 0.9789
vn 0.1465 -0.0141 -0.9891
vn -0.2092 -0.0657 -0.9757
vn -0.4765 -0.2550 -0.8414
vn -0.4834 -0.0000 0.8754
vn -0.6492 -0.2769 -0.7084
vn -0.7424 -0.2767 -0.6101
vn -0.6739 -0.0857 0.7338
vn -0.6681 -0.0175 0.7439
vn -0.8408 -0.2803 -0.4631
vn -0.9445 -0.3005 -0.1331
vn -0.9748 -0.2166 0.0539
vn -0.9236 -0.1447 0.3550
vn 0.7775 0.2300 -0.5853
vn 0.9510 0.3041 0.0567
vn 0.6642 0.0042 -0.7475
vn 0.7650 0.0459 -0.6424
vn 0.7963 0.1986 -0.5714
vn 0.6115 0.1958 0.7666
vn 0.3704 0.1603 0.9149
vn 0.0963 0.0317 0.9949
vn 0.0817 -0.0245 -0.9964
vn -0.0000 0.0553 0.9985
vn -0.3051 -0.1462 -0.9410
vn -0.1050 0.0620 0.9925
vn -0.5624 -0.2734 -0.7803
vn -0.5431 -0.2222 -0.8097
vn -0.6215 -0.2262 -0.7501
vn -0.4953 0.0633 0.8664
vn -0.8058 -0.2916 -0.5154
vn -0.7974 -0.2606 -0.5443
vn -0.8719 -0.3170 -0.3733
vn -0.7536 -0.1448 0.6412
vn -0.7311 0.0032 0.6823
vn -0.9223 -0.3411 -0.1816
vn -0.9617 -0.2740 -0.0087
vn -0.9359 -0.2020 0.2886
vn 0.7695 0.2317 -0.5951
vn 0.7676 0.2275 -0.5992
vn 0.7457 0.2130 -0.6313
vn 0.9629 0.2589 0.0766
vn 0.6346 0.0479 -0.7714
vn 0.6804 0.0950 -0.7267
vn 0.5113 0.1648 0.8435
vn 0.2810 0.0671 0.9574
vn 0.7692 0.0225 -0.6386
vn 0.7706 0.0355 -0.6363
vn 0.0513 0.0230 0.9984
vn 0.4276 -0.0131 -0.9039
vn -0.0107 -0.0761 -0.9970
vn 0.0393 0.1487 0.9881
vn -0.4122 -0.2309 -0.8813
vn -0.1226 0.1190 0.9853
vn -0.5794 -0.2446 -0.7774
vn -0.6528 -0.2682 -0.7085
vn -0.4958 0.0076 0.8684
vn -0.8155 -0.3239 -0.4797
vn -0.9013 -0.3852 -0.1983
vn -0.8972 -0.3881 -0.2109
vn -0.9485 -0.3097 -0.0666
vn -0.9278 -0.3590 -0.1019
vn -0.9265 -0.2214 0.3042
vn -0.9350 -0.2706 0.2291
vn -0.8314 -0.0582 0.5526
vn 0.9662 0.2444 0.0815
vn 0.9875 0.1540 0.0344
vn 0.8338 0.1402 -0.5340
vn 0.7617 0.1569 0.6287
vn 0.7210 0.2038 -0.6623
vn 0.7904 0.1492 -0.5942
vn 0.5775 0.1980 0.7920
vn 0.6964 0.1735 0.6964
vn 0.5290 0.1978 0.8253
vn 0.6238 0.1229 -0.7718
vn 0.6312 0.1690 -0.7570
vn 0.2182 0.1116 0.9695
vn 0.7040 0.0350 -0.7094
vn 0.7390 0.0877 -0.6680
vn 0.0745 0.1282 0.9889
vn 0.3737 -0.1144 -0.9205
vn 0.6126 -0.0906 -0.7852
vn 0.1376 0.1901 0.9721
vn -0.1104 -0.2047 -0.9726
vn 0.0580 0.1763 0.9826
vn -0.4892 -0.2624 -0.8317
vn -0.4663 -0.2798 -0.8393
vn -0.5433 -0.2790 -0.7918
vn -0.2748 0.0434 0.9605
vn -0.7760 -0.3750 -0.5071
vn -0.7714 -0.3382 -0.5390
vn -0.8795 -0.3604 -0.3108
vn -0.6101 -0.2149 0.7626
vn -0.9128 -0.3552 -0.2013
vn -0.9274 -0.3597 -0.1030
vn -0.9223 -0.3637 0.1308
vn -0.8829 -0.2321 0.4082
vn 0.8197 0.0489 -0.5706
vn 0.9985 0.0543 -0.0000
vn 0.7698 0.0529 0.6361
vn 0.7897 0.1895 -0.5835
vn 0.8324 0.0690 -0.5499
vn 0.7106 0.0848 0.6985
vn 0.5250 0.1252 0.8418
vn 0.5995 0.1695 -0.7822
vn 0.6468 0.2041 -0.7349
vn 0.2214 0.1138 0.9685
vn 0.5692 0.0312 -0.8216
vn 0.6757 0.1187 -0.7275
vn 0.1364 0.1364 0.9812
vn 0.3107 -0.1809 -0.9331
vn 0.2676 -0.2166 -0.9389
vn 0.1493 0.1459 0.9780
vn -0.1717 -0.3404 -0.9245
vn 0.1049 -0.3114 -0.9445
vn -0.0280 0.2321 0.9723
vn 0.1049 0.1354 0.9852
vn -0.0530 0.0530 0.9972
vn -0.4599 -0.3213 -0.8278
vn -0.5472 -0.2759 -0.7902
vn -0.4717 -0.1333 0.8716
vn -0.2817 0.0077 0.9595
vn -0.7860 -0.2854 -0.5484
vn -0.9394 -0.2383 -0.2464
vn -0.9287 -0.3096 -0.2042
vn -0.9710 -0.2133 -0.1079
vn -0.7765 -0.3543 0.5210
vn -0.9057 -0.3552 0.2316
vn -0.7923 -0.3121 0.5242
vn -0.9716 -0.2272 -0.0667
vn -0.9349 -0.3271 0.1378
vn 0.8280 0.0200 -0.5604
vn 0.9988 0.0480 -0.0060
vn 0.7916 0.0594 0.6082
vn 0.7297 0.1845 -0.6584
vn 0.8066 0.1432 -0.5734
vn 0.6047 0.1306 -0.7857
vn 0.8734 0.0395 -0.4854
vn 0.7489 0.0765 0.6583
vn 0.5243 0.0779 0.8479
vn 0.5783 0.1306 -0.8053
vn 0.1973 0.0603 0.9785
vn 0.4102 0.0104 -0.9119
vn 0.6086 0.0988 -0.7873
vn 0.1103 0.0550 0.9924
vn 0.0997 -0.2188 -0.9707
vn 0.0589 -0.0041 0.9983
vn -0.2173 -0.3697 -0.9034
vn -0.2597 -0.3394 -0.9041
vn -0.0934 -0.0958 0.9910
vn -0.2323 -0.1502 0.9610
vn -0.5026 -0.2656 -0.8227
vn -0.6150 -0.2436 0.7500
vn -0.7355 -0.2599 -0.6257
vn -0.9304 -0.1283 -0.3433
vn -0.9957 -0.0908 0.0170
vn -0.9928 -0.1171 -0.0265
vn -0.9269 -0.3111 0.2099
vn -0.9448 -0.1725 0.2785
vn -0.8161 -0.2468 0.5225
vn 0.7871 0.0507 -0.6147
vn 0.9939 0.1017 -0.0431
vn 0.7759 0.0940 0.6238
vn 0.6307 0.0411 -0.7749
vn 0.8462 0.0297 -0.5321
vn 0.8854 0.0085 -0.4648
vn 0.7058 0.0589 0.7060
vn 0.4979 0.0104 0.8672
vn 0.5541 0.0461 -0.8312
vn 0.2053 0.0135 0.9786
vn 0.2978 0.0091 -0.9546
vn 0.5579 0.0384 -0.8290
vn 0.1105 0.0546 0.9924
vn -0.0950 -0.0957 -0.9909
vn -0.0154 0.0405 0.9991
vn -0.2972 -0.1945 -0.9348
vn -0.3628 -0.0580 0.9301
vn -0.6002 -0.2864 -0.7468
vn -0.4189 -0.2204 -0.8809
vn -0.6227 -0.2057 -0.7549
vn -0.6837 -0.1597 0.7121
vn -0.8900 -0.1329 -0.4362
vn -0.9976 -0.0679 -0.0126
vn -0.9294 -0.0761 0.3612
vn -0.8084 -0.1498 0.5693
vn 0.7460 0.1118 -0.6565
vn 0.9834 0.1670 -0.0705
vn 0.7452 0.1514 0.6495
vn 0.8586 0.0770 -0.5069
vn 0.6394 0.1463 0.7549
vn 0.4722 0.1089 0.8748
vn 0.5521 -0.0043 -0.8338
vn 0.2430 0.1568 0.9573
vn 0.2867 -0.0525 -0.9566
vn 0.5469 -0.0193 -0.8370
vn 0.1492 0.3137 0.9377
vn -0.1591 -0.0543 -0.9858
vn -0.0537 0.1103 0.9925
vn 0.1088 0.3041 0.9464
vn -0.0903 0.2752 0.9571
vn -0.3799 -0.0999 -0.9196
vn -0.4733 0.1015 0.8750
vn -0.2252 0.1669 0.9599
vn -0.5006 -0.1454 -0.8534
vn -0.6511 -0.2198 -0.7264
vn -0.7113 -0.1015 0.6955
vn -0.8136 -0.0903 0.5744
vn -0.7030 -0.0432 0.7099
vn -0.8458 -0.2563 -0.4679
vn -0.9737 -0.2201 -0.0586
vn -0.9035 -0.1981 0.3800
vn 0.1912 0.9603 -0.2030
vn 0.5648 0.7944 -0.2236
vn 0.2979 0.9319 -0.2071
vn -0.0531 0.9928 -0.1078
vn 0.0801 0.9794 -0.1856
vn -0.0528 0.9748 -0.2166
vn -0.1842 0.9827 -0.0203
vn -0.2081 0.9759 -0.0657
vn -0.3775 0.9185 0.1178
vn 0.7319 0.2030 -0.6505
vn 0.9600 0.2710 -0.0697
vn 0.6928 0.2672 0.6699
vn 0.6044 -0.0070 -0.7966
vn 0.7923 0.0523 -0.6079
vn 0.7919 0.1921 -0.5797
vn 0.5372 0.2940 0.7906
vn 0.4705 0.3747 0.7989
vn 0.5026 -0.0691 -0.8617
vn 0.2449 0.3011 0.9216
vn 0.3175 0.3784 0.8695
vn 0.3114 0.4806 0.8198
vn 0.2534 -0.1945 -0.9476
vn 0.4784 -0.1249 -0.8692
vn 0.1716 0.4774 0.8618
vn 0.1967 0.5554 0.8080
vn -0.1483 -0.2040 -0.9677
vn -0.2087 0.4494 0.8686
vn -0.4276 -0.1543 -0.8907
vn -0.4584 0.2262 0.8595
vn -0.5665 0.2046 0.7982
vn -0.6078 -0.1940 -0.7701
vn -0.7249 -0.2960 -0.6220
vn -0.9281 -0.1645 0.3341
vn -0.8654 -0.0603 0.4974
vn -0.7380 0.1108 0.6656
vn -0.8227 -0.3225 -0.4682
vn -0.9548 -0.2790 -0.1022
vn -0.9171 -0.2538 0.3075
vn 0.6903 0.6892 -0.2202
vn 0.7216 0.6662 -0.1883
vn 0.6768 0.7103 -0.1934
vn 0.6937 0.6850 -0.2226
vn 0.7805 0.6143 -0.1163
vn 0.3021 0.8485 -0.4345
vn 0.4857 0.7909 -0.3721
vn 0.2697 0.8084 -0.5233
vn 0.3893 0.8611 -0.3271
vn 0.5962 0.7739 -0.2136
vn 0.3753 0.8940 -0.2447
vn 0.0050 0.8577 -0.5141
vn 0.0045 0.8085 -0.5885
vn 0.0273 0.9395 -0.3414
vn -0.1026 0.8589 -0.5018
vn -0.0329 0.8660 -0.4990
vn -0.2313 0.9356 -0.2668
vn -0.3313 0.9432 0.0257
vn -0.3779 0.9090 0.1758
vn -0.2305 0.9232 -0.3075
vn -0.1649 0.9357 -0.3119
vn -0.4340 0.8904 -0.1373
vn -0.4019 0.9157 0.0045
vn -0.3168 0.9470 0.0526
vn -0.3012 0.9347 -0.1888
vn -0.4527 0.8843 -0.1144
vn -0.3853 0.9161 -0.1109
vn -0.3316 0.9391 -0.0900
vn -0.3093 0.9451 -0.1050
vn -0.4041 0.9091 -0.1010
vn 0.7433 0.2736 -0.6105
vn 0.7718 0.2648 -0.5781
vn 0.7642 0.2852 -0.5784
vn 0.9312 0.3448 -0.1185
vn 0.6701 0.3923 0.6301
vn 0.7935 0.3963 0.4618
vn 0.6656 0.4975 0.5563
vn 0.5164 -0.0026 -0.8564
vn 0.6759 0.0911 -0.7314
vn 0.4159 0.5544 0.7209
vn 0.4847 0.5438 0.6851
vn 0.4278 0.5300 0.7322
vn 0.3999 -0.0997 -0.9111
vn 0.4032 0.5933 0.6967
vn 0.1760 -0.2894 -0.9409
vn 0.3135 -0.2220 -0.9233
vn 0.1277 0.6777 0.7242
vn 0.3644 0.5988 0.7132
vn 0.0695 0.5319 0.8439
vn -0.1140 -0.3063 -0.9451
vn -0.2995 0.5050 0.8095
vn -0.4034 0.3307 0.8532
vn -0.4829 -0.2362 -0.8432
vn -0.2359 -0.2969 -0.9253
vn -0.5066 -0.3114 -0.8040
vn -0.7370 0.1590 0.6569
vn -0.6096 0.2808 0.7413
vn -0.8047 -0.2920 -0.5169
vn -0.7615 -0.3189 -0.5643
vn -0.8270 -0.2632 -0.4968
vn -0.9043 -0.3016 0.3020
vn -0.9235 -0.2354 0.3027
vn -0.9551 -0.1907 0.2266
vn -0.9358 -0.0475 0.3494
vn -0.8322 0.0781 0.5489
vn -0.9667 -0.2325 -0.1068
vn 0.5753 0.8128 -0.0919
vn 0.7319 0.6761 -0.0850
vn 0.5232 0.8464 -0.0995
vn 0.6211 0.7835 -0.0209
vn 0.7718 0.6358 0.0104
vn 0.7495 0.6616 0.0240
vn 0.8080 0.5824 0.0898
vn 0.7906 0.6052 0.0931
vn 0.2836 0.9097 -0.3032
vn 0.3491 0.9058 -0.2402
vn 0.1850 0.9213 -0.3421
vn 0.4429 0.8627 -0.2440
vn 0.6012 0.7849 -0.1500
vn 0.8177 0.5687 0.0894
vn 0.1332 0.8700 -0.4747
vn -0.0342 0.8551 -0.5174
vn -0.0019 0.8119 -0.5838
vn -0.0134 0.8223 -0.5689
vn 0.0680 0.8369 -0.5431
vn 0.2342 0.8358 -0.4966
vn 0.2447 0.9045 -0.3493
vn 0.3534 0.8400 -0.4117
vn 0.2411 0.8868 -0.3942
vn 0.0347 0.9431 -0.3308
vn -0.0930 0.8749 -0.4753
vn 0.0969 0.8719 -0.4799
vn -0.0891 0.8287 -0.5525
vn -0.0749 0.9519 -0.2971
vn -0.0972 0.9832 -0.1544
vn -0.1735 0.9823 -0.0710
vn -0.3247 0.9429 -0.0737
vn -0.3812 0.9155 -0.1289
vn -0.2678 0.8393 -0.4732
vn -0.3021 0.8323 -0.4648
vn -0.2710 0.8883 -0.3709
vn -0.1318 0.9665 -0.2201
vn -0.0550 0.9985 -0.0004
vn -0.0187 0.9989 0.0436
vn -0.1425 0.9895 -0.0226
vn -0.2635 0.9645 -0.0193
vn -0.3653 0.8280 -0.4254
vn -0.3429 0.8162 -0.4651
vn -0.2180 0.9035 -0.3689
vn -0.0359 0.9812 -0.1897
vn 0.1093 0.9935 0.0314
vn -0.0990 0.9687 0.2277
vn -0.3032 0.9096 0.2842
vn -0.4063 0.7774 -0.4802
vn -0.4436 0.6745 -0.5902
vn -0.3404 0.8898 -0.3039
vn -0.2849 0.9560 0.0706
vn -0.3191 0.8671 0.3826
vn -0.3648 0.8326 0.4167
vn -0.4083 0.8165 0.4082
vn -0.5248 0.7015 -0.4822
vn -0.5898 0.7477 -0.3050
vn -0.6219 0.7325 -0.2768
vn -0.6151 0.7876 -0.0359
vn -0.5927 0.7677 0.2437
vn -0.3736 0.8498 0.3718
vn -0.7901 0.6123 -0.0287
vn 0.9232 0.3519 -0.1542
vn 0.9469 0.2499 -0.2022
vn 0.7324 0.1765 -0.6576
vn 0.8784 0.3069 0.3663
vn 0.6797 0.2116 -0.7023
vn 0.7794 0.1687 -0.6034
vn 0.8373 0.3702 0.4023
vn 0.6135 0.4844 0.6237
vn 0.6601 0.4555 0.5973
vn 0.5422 0.3634 0.7576
vn 0.4037 0.0001 -0.9149
vn 0.5042 0.1086 -0.8568
vn 0.5015 0.5695 0.6513
vn 0.6271 0.4694 0.6217
vn 0.5408 0.5125 0.6669
vn 0.2807 -0.1286 -0.9511
vn 0.3811 0.5805 0.7196
vn 0.2721 0.5495 0.7900
vn 0.1176 -0.2869 -0.9507
vn 0.0403 -0.2800 -0.9592
vn -0.1206 0.4239 0.8977
vn -0.1152 -0.3181 -0.9410
vn -0.1868 -0.3417 -0.9210
vn -0.5376 0.2589 0.8025
vn -0.5570 -0.3806 -0.7381
vn -0.7927 0.0814 0.6042
vn -0.7064 0.1443 0.6930
vn -0.7261 -0.3145 -0.6114
vn -0.7773 -0.2211 -0.5891
vn -0.9633 -0.1614 0.2145
vn -0.9932 -0.0681 0.0949
vn -0.9617 -0.0276 0.2728
vn -0.8597 0.0358 0.5096
vn -0.9654 -0.2000 -0.1672
vn 0.5492 0.8260 -0.1270
vn 0.6887 0.7193 -0.0908
vn 0.4808 0.8135 -0.3273
vn 0.6889 0.7210 0.0747
vn 0.1057 0.7823 -0.6139
vn 0.3466 0.7767 -0.5260
vn 0.0900 0.7519 -0.6531
vn 0.2316 0.9287 -0.2896
vn 0.3774 0.9171 -0.1285
vn 0.6962 0.7148 0.0663
vn 0.5323 0.8395 -0.1092
vn 0.7467 0.6639 0.0411
vn 0.7895 0.6136 -0.0160
vn 0.7913 0.6101 0.0410
vn 0.8067 0.5837 0.0922
vn 0.8140 0.5729 0.0955
vn 0.8088 0.5811 0.0899
vn -0.0967 0.8057 -0.5843
vn -0.1191 0.7969 -0.5923
vn -0.0248 0.9083 -0.4177
vn 0.0800 0.9537 -0.2901
vn -0.0664 0.8750 -0.4795
vn -0.0942 0.7352 -0.6712
vn -0.0492 0.9141 -0.4025
vn 0.0574 0.8721 -0.4860
vn 0.0753 0.7871 -0.6122
vn 0.0142 0.9057 -0.4236
vn 0.1830 0.8839 -0.4304
vn 0.2139 0.7711 -0.5997
vn 0.2116 0.9051 -0.3688
vn 0.1898 0.8588 -0.4758
vn 0.2680 0.8306 -0.4882
vn 0.1347 0.8936 -0.4283
vn 0.1796 0.8698 -0.4596
vn -0.1022 0.8377 -0.5365
vn -0.1662 0.8153 -0.5546
vn -0.3646 0.7660 -0.5294
vn -0.3686 0.7437 -0.5577
vn -0.3391 0.7998 -0.4953
vn -0.4452 0.7279 -0.5216
vn -0.4985 0.6989 -0.5129
vn -0.4922 0.7171 -0.4935
vn -0.4261 0.7723 -0.4712
vn -0.5739 0.6505 -0.4974
vn -0.4746 0.6563 -0.5865
vn -0.4277 0.6857 -0.5889
vn -0.3599 0.8345 0.4172
vn -0.4892 0.6287 -0.6045
vn -0.5852 0.6830 -0.4370
vn -0.5881 0.5881 -0.5553
vn -0.6672 0.6824 -0.2987
vn -0.5954 0.7367 0.3207
vn -0.5902 0.7304 0.3439
vn -0.7189 0.5574 -0.4153
vn -0.7943 0.5534 -0.2505
vn -0.8629 0.5049 0.0205
vn -0.8234 0.5136 0.2413
vn -0.7777 0.5870 0.2249
vn 0.7082 0.0680 -0.7027
vn 0.9697 0.1031 -0.2215
vn 0.9119 0.2703 0.3089
vn 0.9694 0.1140 0.2174
vn 0.7894 0.3561 0.5001
vn 0.8851 0.1883 0.4255
vn 0.6355 0.1730 0.7525
vn 0.6541 0.0624 -0.7538
vn 0.7753 0.0505 -0.6296
vn 0.6375 0.2931 0.7125
vn 0.3959 0.0463 -0.9171
vn 0.6987 0.2921 0.6531
vn 0.5321 0.3150 0.7859
vn 0.1602 -0.0559 -0.9855
vn 0.2690 0.4407 0.8564
vn 0.3996 0.3226 0.8580
vn 0.1865 0.2335 0.9543
vn -0.0654 -0.1752 -0.9824
vn -0.1666 0.3509 0.9215
vn -0.1886 0.1662 0.9679
vn -0.2797 -0.2862 -0.9164
vn -0.6109 0.1974 0.7667
vn -0.4444 0.2199 0.8684
vn -0.5907 -0.2937 -0.7515
vn -0.4680 -0.2841 -0.8368
vn -0.5931 -0.2908 -0.7507
vn -0.8505 0.0928 0.5177
vn -0.7888 0.1335 0.5999
vn -0.9397 -0.2291 -0.2539
vn -0.8980 -0.2854 -0.3348
vn -0.9877 -0.1563 0.0071
vn -0.9597 -0.1085 0.2591
vn -0.9019 0.0340 0.4307
vn 0.5273 0.7236 -0.4454
vn 0.7147 0.5798 -0.3911
vn 0.5329 0.6425 -0.5507
vn 0.8373 0.5413 -0.0768
vn 0.7262 0.6825 0.0828
vn 0.8614 0.4987 0.0963
vn 0.7480 0.6622 0.0450
vn 0.8662 0.4918 0.0881
vn 0.7826 0.6225 0.0114
vn 0.8744 0.4851 0.0097
vn 0.7551 0.6547 0.0334
vn 0.8733 0.4854 0.0404
vn 0.7792 0.6181 0.1037
vn 0.8539 0.5033 0.1326
vn 0.7863 0.6116 0.0874
vn 0.8428 0.5335 0.0714
vn 0.1222 0.7997 -0.5879
vn 0.3763 0.7301 -0.5704
vn 0.1523 0.8298 -0.5369
vn -0.1292 0.8227 -0.5535
vn -0.1207 0.8678 -0.4821
vn -0.1454 0.7879 -0.5984
vn -0.1876 0.8390 -0.5108
vn -0.0000 0.8000 -0.6001
vn -0.0808 0.7569 -0.6485
vn 0.2405 0.8688 -0.4328
vn 0.1869 0.8518 -0.4894
vn 0.2203 0.8856 -0.4087
vn 0.1248 0.8212 -0.5568
vn 0.2661 0.8592 -0.4370
vn 0.2145 0.8538 -0.4744
vn 0.2310 0.8354 -0.4987
vn 0.0491 0.8945 -0.4444
vn 0.2083 0.8909 -0.4036
vn 0.0232 0.9435 -0.3305
vn 0.0856 0.8797 -0.4677
vn -0.2433 0.8522 -0.4631
vn -0.2717 0.8794 -0.3909
vn -0.2010 0.8172 -0.5401
vn -0.3697 0.8080 -0.4588
vn -0.3831 0.7598 -0.5253
vn -0.3759 0.7430 -0.5537
vn -0.4438 0.7303 -0.5194
vn -0.5346 0.6733 -0.5107
vn -0.5389 0.6739 -0.5054
vn -0.6384 0.6075 -0.4726
vn -0.5883 0.5898 -0.5532
vn -0.6304 0.5894 -0.5052
vn -0.6037 0.5649 -0.5625
vn -0.6404 0.4860 -0.5947
vn -0.6442 0.4721 -0.6018
vn -0.6709 0.4892 -0.5573
vn -0.7324 0.5445 -0.4088
vn -0.7925 0.5426 -0.2786
vn -0.8499 0.4718 -0.2347
vn -0.9090 0.4154 0.0331
vn -0.8783 0.4369 0.1944
vn -0.8500 0.5101 0.1314
vn -0.8548 0.4883 -0.1758
vn -0.9206 0.3830 0.0762
vn -0.9304 0.3240 0.1713
vn -0.9286 0.3565 0.1032
vn 0.7066 0.0392 -0.7066
vn 0.9707 0.0547 -0.2338
vn 0.9830 0.0667 0.1712
vn 0.9185 0.0985 0.3831
vn 0.6867 0.0892 0.7215
vn 0.6602 0.0053 -0.7511
vn 0.7681 0.0325 -0.6395
vn 0.6652 0.1808 0.7245
vn 0.7242 0.1862 0.6640
vn 0.7368 0.2521 0.6274
vn 0.3827 -0.0000 -0.9239
vn 0.5263 0.1863 0.8296
vn 0.6094 0.2387 0.7561
vn 0.0918 -0.0140 -0.9957
vn 0.0987 0.1026 0.9898
vn -0.2079 -0.1051 -0.9725
vn -0.2010 0.0139 0.9795
vn -0.4026 -0.2946 -0.8667
vn -0.5938 0.0415 0.8035
vn -0.3660 0.0361 0.9299
vn -0.5650 -0.3234 -0.7591
vn -0.6265 -0.3410 -0.7009
vn -0.8600 -0.0000 0.5104
vn -0.8070 0.0068 0.5905
vn -0.8093 -0.3774 -0.4501
vn -0.9621 -0.2275 -0.1507
vn -0.9815 -0.1361 0.1347
vn -0.9407 -0.0142 0.3390
vn 0.5947 0.7509 -0.2872
vn 0.6738 0.7012 -0.2330
vn 0.5505 0.7871 -0.2784
vn 0.7331 0.6096 -0.3014
vn 0.8171 0.5643 -0.1178
vn 0.9100 0.4134 -0.0301
vn 0.8928 0.4456 0.0655
vn 0.9365 0.3273 0.1256
vn 0.9055 0.3970 0.1501
vn 0.9435 0.3145 0.1048
vn 0.8992 0.4283 0.0896
vn 0.8938 0.4372 0.0993
vn 0.9438 0.3299 0.0188
vn 0.9142 0.4053 0.0004
vn 0.8938 0.4373 -0.0993
vn 0.9135 0.3922 0.1079
vn 0.3449 0.8916 -0.2935
vn 0.3985 0.8749 -0.2751
vn 0.3342 0.8613 -0.3828
vn 0.3819 0.8689 -0.3149
vn 0.4796 0.8450 -0.2365
vn 0.4911 0.7329 -0.4709
vn 0.9001 0.4356 -0.0000
vn 0.9087 0.4119 0.0687
vn 0.9150 0.4034 0.0012
vn 0.2041 0.9306 -0.3038
vn 0.2455 0.8858 -0.3937
vn 0.1794 0.9123 -0.3681
vn 0.1037 0.9436 -0.3145
vn 0.1923 0.9193 -0.3434
vn 0.0512 0.9698 -0.2385
vn -0.0597 0.9559 -0.2876
vn -0.0000 0.9487 -0.3162
vn -0.0298 0.9434 -0.3304
vn 0.0277 0.9819 -0.1876
vn 0.0368 0.9755 -0.2171
vn -0.0034 0.8654 -0.5011
vn 0.0022 0.9223 -0.3864
vn -0.0562 0.9063 -0.4188
vn 0.1085 0.9597 -0.2591
vn 0.1957 0.9430 -0.2692
vn -0.0395 0.8823 -0.4690
vn -0.0882 0.8634 -0.4967
vn 0.0962 0.9274 -0.3614
vn 0.1986 0.9142 -0.3532
vn -0.1317 0.8067 -0.5761
vn -0.1603 0.8062 -0.5696
vn -0.0348 0.8920 -0.4506
vn -0.1821 0.7965 -0.5765
vn -0.2803 0.7594 -0.5872
vn -0.2966 0.8219 -0.4862
vn -0.4680 0.7464 -0.4732
vn -0.4504 0.7143 -0.5357
vn -0.3944 0.7838 -0.4797
vn -0.5261 0.6976 -0.4864
vn -0.5300 0.6735 -0.5152
vn -0.5007 0.7122 -0.4919
vn -0.5504 0.6889 -0.4717
vn -0.6324 0.6248 -0.4579
vn -0.6686 0.6099 -0.4253
vn -0.6436 0.6023 -0.4723
vn -0.6565 0.6139 -0.4385
vn -0.6162 0.6398 -0.4593
vn -0.6419 0.5476 -0.5368
vn -0.6332 0.6281 -0.4523
vn -0.6232 0.5888 -0.5148
vn -0.6055 0.5772 -0.5479
vn -0.5774 0.5774 -0.5773
vn -0.7137 0.5930 -0.3728
vn -0.6494 0.5599 -0.5146
vn -0.8244 0.4940 -0.2763
vn -0.9223 0.3864 -0.0121
vn -0.9450 0.2559 0.2036
vn -0.9545 0.2121 0.2097
vn -0.9705 0.2157 0.1078
vn 0.7030 0.0748 -0.7073
vn 0.9674 0.1075 -0.2292
vn 0.9812 0.1090 0.1593
vn 0.9283 0.1068 0.3562
vn 0.7347 0.1238 0.6670
vn 0.5967 -0.0442 -0.8012
vn 0.7373 0.0550 -0.6733
vn 0.7758 0.2066 0.5962
vn 0.7314 0.2832 0.6203
vn 0.3016 -0.1175 -0.9461
vn 0.3629 -0.1154 -0.9246
vn 0.5420 0.2753 0.7940
vn 0.3346 0.2408 0.9111
vn 0.0497 -0.1559 -0.9865
vn -0.0014 0.1647 0.9863
vn -0.3121 -0.2061 -0.9274
vn -0.2753 0.0435 0.9604
vn -0.4789 -0.2654 -0.8368
vn -0.5452 -0.2773 -0.7911
vn -0.5993 -0.0410 0.7995
vn -0.3629 -0.0440 0.9308
vn -0.7624 -0.3525 -0.5426
vn -0.7222 -0.3158 -0.6154
vn -0.8341 -0.2820 -0.4741
vn -0.8723 -0.0463 0.4868
vn -0.8282 -0.0313 0.5595
vn -0.9441 -0.2154 -0.2495
vn -0.9915 -0.1234 0.0414
vn -0.9507 -0.0530 0.3056
vn 0.4717 0.8691 -0.1488
vn 0.5077 0.8494 -0.1438
vn 0.4327 0.8152 -0.3850
vn 0.5484 0.8330 0.0735
vn 0.6602 0.7492 -0.0536
vn 0.5809 0.8140 0.0007
vn 0.5991 0.7944 -0.0998
vn 0.6678 0.7369 0.1052
vn 0.4252 0.8220 -0.3789
vn 0.4184 0.8329 -0.3624
vn 0.4064 0.8614 -0.3048
vn 0.4644 0.8512 -0.2445
vn 0.5587 0.8134 -0.1623
vn 0.6168 0.7871 -0.0058
vn 0.8051 0.5920 0.0364
vn 0.8570 0.5065 0.0948
vn 0.8836 0.4554 0.1089
vn 0.8757 0.4803 0.0485
vn 0.8379 0.5457 0.0099
vn 0.8564 0.5147 0.0395
vn 0.8878 0.4518 0.0873
vn 0.9069 0.4161 0.0656
vn 0.9097 0.3913 0.1391
vn 0.9401 0.3399 0.0275
vn 0.9329 0.3368 0.1279
vn 0.3215 0.8299 -0.4560
vn 0.3787 0.8203 -0.4286
vn 0.3073 0.7918 -0.5279
vn 0.3541 0.8527 -0.3842
vn 0.2803 0.8408 -0.4631
vn 0.2673 0.8018 -0.5345
vn 0.2587 0.8877 -0.3808
vn 0.1459 0.8861 -0.4400
vn 0.2868 0.8603 -0.4215
vn 0.1525 0.9376 -0.3125
vn 0.1297 0.8876 -0.4420
vn -0.0498 0.8963 -0.4407
vn -0.0525 0.9474 -0.3158
vn -0.0496 0.8981 -0.4370
vn -0.0993 0.8938 -0.4373
vn -0.1048 0.9435 -0.3145
vn -0.0903 0.8751 -0.4754
vn -0.1677 0.8139 -0.5562
vn -0.1329 0.8503 -0.5093
vn -0.1820 0.8080 -0.5604
vn -0.2227 0.7648 -0.6045
vn -0.2591 0.7842 -0.5638
vn -0.2618 0.7435 -0.6154
vn -0.2810 0.7797 -0.5595
vn -0.3643 0.7476 -0.5553
vn -0.4987 0.7342 -0.4607
vn -0.4896 0.7166 -0.4968
vn -0.6317 0.6240 -0.4600
vn -0.6091 0.6063 -0.5113
vn -0.6625 0.5276 -0.5317
vn -0.7007 0.4928 -0.5160
vn -0.7236 0.4852 -0.4910
vn -0.6881 0.5313 -0.4942
vn -0.6350 0.6330 -0.4428
vn -0.5935 0.6165 -0.5174
vn -0.6169 0.6641 -0.4224
vn -0.6301 0.6301 -0.4539
vn -0.6520 0.6219 -0.4338
vn -0.5874 0.6232 -0.5163
vn -0.6111 0.6582 -0.4397
vn -0.6054 0.6349 -0.4800
vn -0.7587 0.5190 -0.3937
vn -0.8339 0.4564 -0.3103
vn -0.8912 0.4115 -0.1911
vn -0.9485 0.3110 0.0604
vn -0.9590 0.1843 0.2152
vn -0.9517 0.1579 0.2632
vn -0.9638 0.1607 0.2125
vn -0.9813 0.1361 0.1364
vn -0.9149 0.3809 -0.1335
vn -0.9533 0.2738 0.1275
vn 0.6825 0.0781 -0.7267
vn 0.9780 0.1493 0.1459
vn 0.9305 0.1620 0.3285
vn 0.7819 0.2038 0.5892
vn 0.4944 -0.0823 -0.8653
vn 0.6760 0.0518 -0.7351
vn 0.8013 0.2774 0.5300
vn 0.6630 0.3076 0.6825
vn 0.7325 0.3679 0.5728
vn 0.5334 0.3448 0.7724
vn 0.2394 -0.1990 -0.9503
vn 0.2141 -0.2213 -0.9514
vn 0.2752 0.3418 0.8986
vn 0.0139 -0.3036 -0.9527
vn -0.0901 0.2803 0.9557
vn -0.3395 -0.2974 -0.8923
vn -0.2063 -0.3094 -0.9283
vn -0.3233 -0.2561 -0.9110
vn -0.4077 0.1869 0.8938
vn -0.5728 -0.1770 -0.8003
vn -0.6653 -0.0210 0.7463
vn -0.4838 0.0336 0.8745
vn -0.7206 -0.1626 -0.6740
vn -0.8137 -0.1215 -0.5685
vn -0.8722 -0.0879 0.4812
vn -0.8263 -0.0653 0.5595
vn -0.9253 -0.0767 -0.3715
vn -0.9983 -0.0416 -0.0404
vn -0.9460 -0.0886 0.3117
vn 0.6272 0.7625 -0.1586
vn 0.7548 0.6343 -0.1673
vn 0.6318 0.5867 -0.5066
vn 0.6732 0.7386 0.0352
vn 0.7957 0.6020 0.0670
vn 0.7067 0.6968 0.1226
vn 0.8213 0.5381 0.1894
vn 0.7672 0.4557 0.4513
vn 0.4430 0.7946 -0.4151
vn 0.6125 0.6959 -0.3750
vn 0.4114 0.6920 -0.5932
vn 0.4978 0.8028 -0.3283
vn 0.6601 0.6740 -0.3316
vn 0.5864 0.8100 0.0047
vn 0.7413 0.6649 0.0912
vn 0.8446 0.4399 0.3051
vn 0.8475 0.5156 0.1262
vn 0.8785 0.4209 0.2261
vn 0.9014 0.4156 0.1219
vn 0.9038 0.4017 0.1473
vn 0.9097 0.4142 0.0302
vn 0.8975 0.4410 -0.0043
vn 0.8819 0.4698 0.0387
vn 0.8749 0.4822 0.0441
vn 0.9024 0.4076 0.1398
vn 0.8848 0.4421 0.1473
vn 0.8912 0.3867 0.2370
vn 0.3754 0.8231 -0.4261
vn 0.3667 0.7344 -0.5711
vn 0.9347 0.2964 0.1960
vn 0.9492 0.1126 0.2937
vn 0.3727 0.8499 -0.3727
vn 0.4532 0.8157 -0.3596
vn 0.3596 0.8157 -0.4532
vn 0.3572 0.8323 -0.4238
vn 0.4394 0.7908 -0.4262
vn 0.2911 0.8752 -0.3865
vn 0.2355 0.8496 -0.4720
vn 0.0988 0.8921 -0.4409
vn 0.1364 0.8961 -0.4223
vn -0.0000 0.8983 -0.4394
vn -0.0399 0.9030 -0.4278
vn -0.0108 0.9107 -0.4129
vn -0.0906 0.9160 -0.3907
vn -0.1688 0.8995 -0.4031
vn -0.1791 0.8990 -0.3996
vn -0.2005 0.9138 -0.3533
vn -0.1948 0.8793 -0.4345
vn -0.2914 0.8742 -0.3885
vn -0.3342 0.8613 -0.3828
vn -0.3398 0.8770 -0.3398
vn -0.2785 0.8392 -0.4671
vn -0.3823 0.8375 -0.3905
vn -0.3557 0.8541 -0.3794
vn -0.3073 0.7899 -0.5307
vn -0.3886 0.7545 -0.5288
vn -0.4757 0.7069 -0.5235
vn -0.4539 0.6706 -0.5868
vn -0.6892 0.5966 -0.4112
vn -0.7669 0.5094 -0.3904
vn -0.8115 0.5426 -0.2170
vn -0.8379 0.4160 -0.3533
vn -0.7982 0.2957 -0.5247
vn -0.7423 0.2969 -0.6007
vn -0.7147 0.4123 -0.5649
vn -0.6181 0.4105 -0.6704
vn -0.6340 0.5493 -0.5443
vn -0.6278 0.4496 -0.6354
vn -0.6267 0.5366 -0.5651
vn -0.5982 0.6407 -0.4813
vn -0.5759 0.6152 -0.5383
vn -0.6445 0.6070 -0.4649
vn -0.7060 0.5952 -0.3838
vn -0.7402 0.5435 -0.3959
vn -0.8179 0.4892 -0.3029
vn -0.9582 0.1065 0.2654
vn -0.9360 0.1376 0.3239
vn -0.9613 0.0991 0.2569
vn -0.9697 0.0263 0.2427
vn -0.8172 0.4732 -0.3290
vn -0.9028 0.3769 -0.2070
vn -0.9552 0.2957 -0.0094
vn -0.9477 0.2509 0.1971
vn -0.9318 0.1676 0.3220
vn 0.6592 0.0823 -0.7475
vn 0.9561 0.1210 -0.2668
vn 0.9745 0.2034 0.0944
vn 0.9438 0.1863 0.2729
vn 0.8288 0.3707 0.4191
vn 0.8817 0.2810 0.3789
vn 0.8939 0.3162 0.3179
vn 0.3776 -0.0864 -0.9220
vn 0.5983 0.0556 -0.7993
vn 0.7819 0.3218 0.5340
vn 0.5179 0.3323 0.7882
vn 0.1190 -0.2177 -0.9687
vn 0.2241 0.4048 0.8865
vn 0.3892 0.3509 0.8517
vn 0.2004 0.3478 0.9159
vn -0.0281 -0.3015 -0.9530
vn -0.0136 -0.3036 -0.9527
vn -0.1328 0.3277 0.9354
vn -0.1525 0.3125 0.9376
vn -0.2519 -0.2572 -0.9329
vn -0.4711 0.2649 0.8414
vn -0.3015 0.3015 0.9045
vn -0.5171 -0.1883 -0.8350
vn -0.7927 0.0967 0.6018
vn -0.6736 0.1334 0.7270
vn -0.6911 -0.1624 -0.7043
vn -0.7813 -0.1146 -0.6136
vn -0.9054 -0.1175 0.4080
vn -0.8711 -0.0409 0.4894
vn -0.9303 -0.1154 -0.3483
vn -0.9901 -0.1375 0.0267
vn -0.9364 -0.1462 0.3189
vn 0.8115 0.5682 -0.1361
vn 0.9199 0.3727 -0.1216
vn 0.7640 0.3535 -0.5398
vn 0.8646 0.3972 0.3078
vn 0.7115 0.6069 -0.3541
vn 0.8140 0.4686 -0.3433
vn 0.6687 0.4589 -0.5851
vn 0.7406 0.5889 -0.3238
vn 0.8327 0.4406 -0.3353
vn 0.9083 0.3899 0.1514
vn 0.8988 0.3289 0.2898
vn 0.8764 0.3257 0.3549
vn 0.8961 0.2516 0.3657
vn 0.9582 0.2654 0.1065
vn 0.5242 0.7181 -0.4577
vn 0.6981 0.5864 -0.4109
vn 0.5082 0.6284 -0.5889
vn 0.5243 0.7227 -0.4503
vn 0.7040 0.5580 -0.4393
vn 0.9306 0.2998 0.2097
vn 0.9214 0.3726 0.1108
vn 0.9147 0.4010 -0.0506
vn 0.9147 0.4010 0.0506
vn 0.8937 0.3664 0.2589
vn 0.8971 0.1943 0.3969
vn 0.8403 0.1878 0.5086
vn 0.8126 0.1533 0.5623
vn 0.4503 0.8034 -0.3895
vn 0.4570 0.7400 -0.4934
vn 0.4134 0.7989 -0.4369
vn 0.7828 -0.1100 0.6124
vn 0.3841 0.8772 -0.2883
vn 0.5039 0.8247 -0.2569
vn 0.3735 0.8477 -0.3767
vn 0.4016 0.8539 -0.3310
vn 0.5277 0.7937 -0.3026
vn 0.2051 0.8981 -0.3890
vn 0.2914 0.8742 -0.3885
vn 0.2455 0.8859 -0.3937
vn 0.2034 0.9304 -0.3049
vn 0.2376 0.9027 -0.3587
vn 0.2063 0.9283 -0.3094
vn 0.1908 0.9235 -0.3329
vn 0.1229 0.9271 -0.3542
vn 0.0774 0.9387 -0.3360
vn 0.1441 0.9502 -0.2765
vn 0.1558 0.9371 -0.3124
vn 0.0539 0.9623 -0.2666
vn 0.0993 0.8938 -0.4373
vn 0.0921 0.8285 -0.5523
vn 0.0528 0.9754 -0.2140
vn -0.0407 0.9786 -0.2017
vn -0.0632 0.9154 -0.3976
vn -0.0453 0.8312 -0.5541
vn -0.1597 0.9812 -0.1088
vn -0.2140 0.9639 -0.1582
vn -0.1948 0.9160 -0.3506
vn -0.2074 0.9209 -0.3301
vn -0.4217 0.9000 -0.1107
vn -0.4370 0.8981 -0.0496
vn -0.4400 0.8861 -0.1459
vn -0.4168 0.8471 -0.3297
vn -0.3849 0.8351 -0.3929
vn -0.5446 0.8381 -0.0333
vn -0.5496 0.8244 -0.1349
vn -0.5427 0.7817 -0.3071
vn -0.5968 0.7217 -0.3507
vn -0.5726 0.7151 -0.4009
vn -0.4139 0.7875 -0.4567
vn -0.6351 0.6490 -0.4189
vn -0.5269 0.5872 -0.6145
vn -0.5148 0.6610 -0.5459
vn -0.4981 0.6947 -0.5190
vn -0.6794 0.5300 -0.5074
vn -0.7682 0.4310 -0.4734
vn -0.7909 0.5051 -0.3455
vn -0.8118 0.3309 -0.4812
vn -0.9440 0.2330 -0.2338
vn -0.9615 0.1022 -0.2549
vn -0.8307 0.0854 -0.5501
vn -0.7059 0.1438 -0.6936
vn -0.5277 0.2730 -0.8043
vn -0.5691 0.3936 -0.7219
vn -0.4760 0.3958 -0.7853
vn -0.5399 0.5989 -0.5915
vn -0.5142 0.5031 -0.6946
vn -0.6151 0.5447 -0.5700
vn -0.7759 0.4910 -0.3961
vn -0.7602 0.5247 -0.3832
vn -0.9101 0.0901 0.4045
vn -0.9345 0.0441 0.3531
vn -0.9487 -0.0000 0.3162
vn -0.8281 0.4583 -0.3228
vn -0.8876 0.3903 -0.2446
vn -0.9348 0.3253 -0.1423
vn -0.9487 0.3162 -0.0000
vn -0.9346 0.2535 0.2497
vn -0.8998 0.1556 0.4077
vn 0.6000 0.0884 -0.7951
vn 0.9407 0.1195 -0.3175
vn 0.9840 0.1501 0.0960
vn 0.9558 0.0778 0.2835
vn 0.9270 0.1420 0.3473
vn 0.9336 0.1943 0.3012
vn 0.2731 -0.0321 -0.9615
vn 0.4779 0.0761 -0.8751
vn 0.8296 0.2028 0.5202
vn 0.5503 0.2225 0.8048
vn 0.0136 -0.0956 -0.9953
vn 0.3937 0.2455 0.8859
vn 0.1998 0.2083 0.9574
vn -0.0553 -0.1616 -0.9853
vn -0.1553 0.2099 0.9653
vn -0.2582 -0.2093 -0.9431
vn -0.4837 0.2931 0.8247
vn -0.4281 0.1931 0.8828
vn -0.5436 -0.2744 -0.7932
vn -0.4019 -0.2207 -0.8887
vn -0.5637 -0.2194 -0.7963
vn -0.7147 0.1055 0.6915
vn -0.7359 0.1287 0.6647
vn -0.6250 0.2065 0.7528
vn -0.8773 -0.1980 -0.4371
vn -0.8566 -0.2297 -0.4620
vn -0.9514 -0.2359 -0.1978
vn -0.9445 -0.1049 0.3114
vn -0.9545 -0.2097 0.2122
vn -0.9516 -0.1590 0.2632
vn -0.9167 -0.0524 0.3961
vn -0.8517 0.0810 0.5177
vn -0.9774 -0.2115 -0.0000
vn 0.8187 0.1804 -0.5451
vn 0.9861 0.1285 -0.1052
vn 0.9615 0.2231 0.1603
vn 0.9777 0.1502 0.1469
vn 0.9237 0.2161 0.3163
vn 0.9354 0.1540 0.3182
vn 0.7845 0.1374 0.6047
vn 0.7814 0.4609 -0.4207
vn 0.7904 0.4669 -0.3966
vn 0.8240 0.4858 -0.2915
vn 0.9020 0.3421 -0.2636
vn 0.9299 0.2376 -0.2807
vn 0.9109 0.1945 0.3639
vn 0.9544 0.2259 0.1951
vn 0.9636 0.2141 0.1601
vn 0.9517 0.2331 0.1996
vn 0.9474 0.3158 -0.0525
vn 0.9624 0.2666 -0.0524
vn 0.9434 0.3145 -0.1049
vn 0.9474 0.3158 0.0525
vn 0.9716 0.2267 0.0675
vn 0.9793 0.1584 0.1256
vn 0.6706 0.6271 -0.3963
vn 0.7368 0.5605 -0.3780
vn 0.7871 0.5505 -0.2784
vn 0.7904 0.4807 -0.3797
vn 0.9506 0.3035 0.0650
vn 0.9331 0.0967 0.3463
vn 0.7520 -0.0726 0.6551
vn 0.6266 -0.2239 0.7464
vn 0.5900 0.7080 -0.3881
vn 0.7431 0.5522 -0.3779
vn 0.6653 0.5714 -0.4804
vn 0.6210 0.7527 -0.2187
vn 0.7719 0.5786 -0.2636
vn 0.5639 0.7526 -0.3400
vn 0.4763 -0.3175 0.8199
vn 0.3780 -0.4891 0.7860
vn 0.4398 0.7721 -0.4588
vn 0.5776 0.6344 -0.5138
vn 0.4968 0.6769 -0.5431
vn 0.3885 0.8310 -0.3980
vn 0.1927 -0.6029 0.7742
vn 0.3881 0.7627 -0.5173
vn 0.4402 0.6966 -0.5666
vn 0.3898 0.6786 -0.6225
vn 0.2893 0.8633 -0.4136
vn 0.2437 0.8453 -0.4756
vn 0.2618 0.7435 -0.6154
vn 0.1807 0.8107 -0.5569
vn 0.1943 0.8117 -0.5508
vn 0.1895 0.8491 -0.4931
vn 0.1553 0.8787 -0.4515
vn 0.1245 0.8407 -0.5270
vn 0.1115 0.8623 -0.4939
vn -0.0199 0.8429 -0.5377
vn -0.0047 0.8388 -0.5444
vn -0.2215 0.8469 -0.4835
vn -0.1929 0.8577 -0.4765
vn -0.3316 0.9030 -0.2733
vn -0.3829 0.8281 -0.4095
vn -0.5161 0.7699 -0.3755
vn -0.5463 0.8166 -0.1863
vn -0.6059 0.7955 0.0071
vn -0.6121 0.7814 -0.1210
vn -0.6265 0.7255 -0.2850
vn -0.6008 0.7887 -0.1302
vn -0.6602 0.7505 0.0288
vn -0.6840 0.7241 -0.0881
vn -0.7135 0.6634 -0.2254
vn -0.6708 0.5897 -0.4497
vn -0.7243 0.6337 -0.2716
vn -0.7385 0.5428 -0.4000
vn -0.8297 0.3813 -0.4077
vn -0.8917 0.3210 -0.3191
vn -0.8829 0.2178 -0.4160
vn -0.9347 0.1780 -0.3076
vn -0.9951 -0.0441 -0.0886
vn -0.9696 -0.0971 -0.2248
vn -0.7829 0.0289 -0.6215
vn -0.6297 0.0580 -0.7746
vn -0.4018 0.1668 -0.9004
vn -0.3771 0.3234 -0.8679
vn -0.4921 0.4154 -0.7650
vn -0.4267 0.4178 -0.8021
vn -0.6683 0.5304 -0.5217
vn -0.5803 0.4689 -0.6659
vn -0.8709 0.0269 0.4907
vn -0.9142 0.0038 0.4052
vn -0.7767 0.4519 -0.4388
vn -0.8690 0.4329 -0.2398
vn -0.9228 0.3522 -0.1559
vn -0.9434 0.3146 -0.1049
vn -0.9435 0.3145 -0.1048
vn -0.9531 0.3018 0.0228
vn -0.9485 0.2351 0.2122
vn -0.9207 0.1938 0.3388
vn -0.8704 0.0960 0.4829
vn -0.9474 0.3158 0.0514
vn 0.9394 0.1144 -0.3233
vn 0.9660 0.1073 -0.2354
vn 0.7737 0.1124 -0.6235
vn 0.9869 0.1278 0.0986
vn 0.5653 0.0966 -0.8192
vn 0.6485 0.1414 -0.7480
vn 0.4896 0.1340 -0.8616
vn 0.9775 0.1491 0.1493
vn 0.9532 0.1180 0.2782
vn 0.9462 0.1702 0.2751
vn 0.8554 0.1947 0.4799
vn 0.9009 0.2002 0.3851
vn 0.7534 0.1894 0.6297
vn 0.2165 0.0679 -0.9739
vn 0.5358 0.1874 0.8233
vn 0.6228 0.1634 0.7652
vn 0.4221 0.1353 0.8964
vn -0.0138 0.0415 -0.9990
vn 0.1707 0.0659 0.9831
vn -0.1223 -0.0132 -0.9924
vn -0.1591 0.0543 0.9858
vn -0.3293 -0.1026 -0.9386
vn -0.4370 0.0496 0.8981
vn -0.5037 -0.1610 -0.8487
vn -0.6371 -0.2016 -0.7440
vn -0.7496 0.0597 0.6592
vn -0.6361 0.0529 0.7698
vn -0.8554 -0.2799 -0.4357
vn -0.9623 -0.2672 -0.0504
vn -0.9487 -0.3162 -0.0000
vn -0.9733 -0.1624 0.1620
vn -0.9623 -0.0396 0.2691
vn -0.8921 0.0665 0.4469
vn 0.9402 0.2972 -0.1661
vn 0.9522 0.2746 -0.1339
vn 0.8746 0.2902 -0.3884
vn 0.9632 0.2403 0.1208
vn 0.9028 0.1046 -0.4171
vn 0.9930 -0.0887 -0.0780
vn 0.9953 -0.0138 0.0963
vn 0.9582 0.0026 0.2860
vn 0.8326 0.0430 0.5522
vn 0.8151 0.4528 -0.3613
vn 0.8499 0.3727 -0.3727
vn 0.8157 0.3596 -0.4532
vn 0.8633 0.3527 -0.3608
vn 0.9732 0.1538 -0.1710
vn 0.9320 0.1795 0.3150
vn 0.9729 0.1883 0.1344
vn 0.9558 0.2906 0.0436
vn 0.9663 0.2543 0.0405
vn 0.9922 0.1049 0.0671
vn 0.9719 -0.0947 0.2157
vn 0.9217 -0.2111 0.3254
vn 0.8289 0.4743 -0.2967
vn 0.8778 0.3355 -0.3419
vn 0.8923 0.3395 -0.2975
vn 0.8229 0.3715 -0.4299
vn 0.7840 -0.3533 0.5104
vn 0.4767 -0.3328 0.8136
vn 0.4303 -0.4824 0.7630
vn 0.6945 0.4949 -0.5223
vn 0.7782 0.3666 -0.5100
vn 0.7298 0.4097 -0.5473
vn 0.8506 0.3455 -0.3963
vn 0.2216 -0.5267 0.8207
vn 0.1281 -0.6150 0.7780
vn 0.5376 0.5857 -0.6066
vn 0.6561 0.4264 -0.6227
vn 0.5797 0.4202 -0.6981
vn -0.0000 -0.7725 0.6350
vn -0.0000 -0.7726 0.6349
vn -0.1023 -0.7752 0.6234
vn 0.1732 -0.7417 0.6479
vn 0.4724 0.6227 -0.6238
vn 0.5908 0.4670 -0.6579
vn 0.5764 0.5291 -0.6228
vn 0.1330 -0.8010 0.5837
vn 0.3957 -0.8069 0.4385
vn 0.3888 -0.8186 0.4227
vn 0.4003 0.6638 -0.6318
vn 0.5165 0.5567 -0.6506
vn 0.3893 0.5508 -0.7383
vn 0.3111 0.7417 -0.5942
vn 0.6280 -0.6905 0.3589
vn 0.2199 0.7674 -0.6023
vn 0.2506 0.6131 -0.7492
vn 0.0877 0.7986 -0.5954
vn 0.0852 0.6587 -0.7475
vn 0.0043 0.7753 -0.6315
vn -0.0000 0.6860 -0.7276
vn -0.1473 0.7994 -0.5824
vn -0.1011 0.6848 -0.7217
vn -0.3371 0.7871 -0.5165
vn -0.2979 0.6702 -0.6798
vn -0.4671 0.8097 -0.3551
vn -0.4752 0.7158 -0.5117
vn -0.5942 0.7466 -0.2993
vn -0.5801 0.7701 -0.2655
vn -0.6403 0.7644 -0.0754
vn -0.6838 0.7270 0.0624
vn -0.7261 0.6858 -0.0496
vn -0.7527 0.6283 -0.1966
vn -0.6817 0.6896 -0.2442
vn -0.7186 0.6935 -0.0516
vn -0.7653 0.6325 0.1193
vn -0.7946 0.6071 -0.0087
vn -0.8262 0.5459 -0.1392
vn -0.8439 0.4502 -0.2919
vn -0.8466 0.3763 -0.3763
vn -0.8595 0.3834 -0.3381
vn -0.9348 0.2879 -0.2081
vn -0.9972 0.0510 -0.0538
vn -0.9952 -0.0968 0.0135
vn -0.9541 -0.0396 -0.2970
vn -0.6290 0.1158 -0.7687
vn -0.5884 0.1119 -0.8008
vn -0.4896 0.1577 -0.8576
vn -0.2790 0.2132 -0.9363
vn -0.2151 0.3430 -0.9144
vn -0.4362 0.4008 -0.8057
vn -0.5377 0.4161 -0.7333
vn -0.8338 0.0057 0.5520
vn -0.8983 -0.0000 0.4393
vn -0.5870 0.4520 -0.6717
vn -0.7666 0.5194 -0.3776
vn -0.8426 0.5050 -0.1872
vn -0.8959 0.3977 -0.1979
vn -0.9395 0.3187 -0.1255
vn -0.9146 0.1965 0.3534
vn -0.8365 0.0757 0.5427
vn -0.8364 0.0374 0.5468
vn -0.8665 0.4775 -0.1458
vn -0.9069 0.4118 -0.0896
vn -0.9373 0.3395 -0.0792
vn -0.9667 0.2265 0.1192
vn -0.8890 0.1116 0.4441
vn 0.7946 0.0504 -0.6051
vn 0.9565 0.0705 -0.2832
vn 0.9683 0.2072 0.1397
vn 0.9818 0.1665 0.0913
vn 0.9577 0.1959 0.2109
vn 0.4651 0.0902 -0.8806
vn 0.6839 0.0774 -0.7255
vn 0.9423 0.2094 0.2611
vn 0.9317 0.2570 0.2567
vn 0.8783 0.2396 0.4137
vn 0.7123 0.1844 0.6772
vn 0.1696 0.0649 -0.9834
vn 0.5918 0.1433 0.7932
vn 0.3691 0.0993 0.9241
vn -0.0551 0.0551 -0.9970
vn -0.2121 0.0028 -0.9772
vn -0.4191 -0.0908 -0.9034
vn -0.5907 -0.1355 -0.7954
vn -0.7123 -0.1963 -0.6738
vn -0.7302 0.0063 0.6832
vn -0.8639 -0.2257 -0.4503
vn -0.9690 -0.2013 -0.1433
vn -0.9924 -0.1103 0.0553
vn -0.9840 -0.0099 0.1778
vn -0.8874 0.0248 0.4604
vn 0.9256 0.2159 -0.3109
vn 0.9770 0.2036 -0.0627
vn 0.9931 0.0832 -0.0828
vn 0.9932 0.0865 0.0784
vn 0.9843 -0.1757 0.0143
vn 0.9838 -0.1737 0.0435
vn 0.9814 -0.0963 0.1662
vn 0.9389 -0.0251 0.3432
vn 0.8393 0.2798 -0.4663
vn 0.8518 0.2467 -0.4622
vn 0.8431 0.2701 -0.4651
vn 0.8877 0.2454 -0.3896
vn 0.9170 0.2421 -0.3169
vn 0.9657 0.1231 0.2288
vn 0.9873 0.0820 0.1360
vn 0.9911 0.0073 0.1329
vn 0.9157 -0.2505 0.3142
vn 0.8318 -0.3685 0.4151
vn 0.8509 -0.3988 0.3421
vn 0.8969 0.1993 -0.3947
vn 0.8866 0.2463 -0.3915
vn 0.8496 0.2355 -0.4720
vn 0.8896 0.2579 -0.3770
vn 0.7036 -0.5061 0.4988
vn 0.3685 -0.6861 0.6273
vn 0.3131 -0.7376 0.5982
vn 0.7192 0.3439 -0.6037
vn 0.7643 0.3180 -0.5610
vn 0.6507 0.3041 -0.6958
vn 0.8389 0.2593 -0.4786
vn -0.0408 -0.8017 0.5964
vn -0.0786 -0.8422 0.5334
vn 0.0351 -0.6827 0.7298
vn 0.6214 0.3350 -0.7083
vn -0.1972 -0.8601 0.4704
vn -0.2945 -0.8857 0.3589
vn 0.6020 0.4482 -0.6608
vn 0.6446 0.4562 -0.6135
vn 0.5590 0.4684 -0.6842
vn 0.6562 0.3753 -0.6546
vn -0.2149 -0.9243 0.3154
vn -0.2639 -0.7346 0.6250
vn -0.4997 -0.7728 0.3913
vn -0.0565 -0.9782 0.2000
vn 0.2911 -0.8801 0.3750
vn 0.4429 0.4949 -0.7476
vn 0.3527 -0.9096 0.2196
vn 0.3178 -0.7737 0.5481
vn 0.4690 -0.8832 -0.0076
vn 0.5852 -0.8075 0.0738
vn 0.6573 -0.7316 0.1808
vn 0.2814 0.5530 -0.7843
vn 0.3514 0.5024 -0.7900
vn 0.2991 0.4920 -0.8176
vn 0.6362 -0.7471 0.1928
vn 0.6367 -0.7689 -0.0588
vn 0.7109 -0.7031 0.0188
vn 0.7655 -0.6415 0.0497
vn 0.1049 0.6042 -0.7899
vn 0.1642 0.4706 -0.8669
vn 0.0118 0.6564 -0.7543
vn 0.0478 0.4970 -0.8665
vn -0.0999 0.6610 -0.7437
vn -0.0952 0.5072 -0.8566
vn -0.3352 0.6138 -0.7148
vn -0.3802 0.5123 -0.7701
vn -0.4619 0.5464 -0.6986
vn -0.5557 0.6559 -0.5110
vn -0.4947 0.5335 -0.6860
vn -0.6545 0.6073 -0.4503
vn -0.7612 0.6107 -0.2181
vn -0.7636 0.6125 -0.2042
vn -0.7783 0.6274 -0.0231
vn -0.8158 0.5548 0.1633
vn -0.8370 0.5465 0.0283
vn -0.8732 0.4807 -0.0807
vn -0.8844 0.3959 -0.2474
vn -0.8341 0.5131 -0.2026
vn -0.8855 0.4642 0.0178
vn -0.8794 0.4345 0.1948
vn -0.8976 0.4384 0.0462
vn -0.9160 0.3968 -0.0593
vn -0.9394 0.2979 -0.1696
vn -0.9886 0.1501 -0.0114
vn -0.9941 -0.0007 0.1086
vn -0.9967 -0.0796 0.0178
vn -0.9001 0.0672 -0.4305
vn -0.5321 0.1782 -0.8277
vn -0.3911 0.2590 -0.8831
vn -0.1982 0.3100 -0.9299
vn -0.1016 0.3571 -0.9285
vn -0.2921 0.4432 -0.8475
vn -0.8268 -0.0661 0.5586
vn -0.8900 -0.0908 0.4468
vn -0.9433 -0.1059 0.3145
vn -0.5335 0.5029 -0.6801
vn -0.6085 0.5633 -0.5590
vn -0.7479 0.5829 -0.3176
vn -0.8304 -0.0442 0.5555
vn -0.8312 -0.0461 0.5541
vn -0.6628 0.5167 -0.5419
vn -0.8211 0.5053 -0.2653
vn -0.8994 0.4342 -0.0504
vn -0.9245 0.3801 0.0287
vn -0.9649 0.2472 0.0889
vn -0.9591 0.1080 0.2616
vn -0.8652 -0.0200 0.5009
vn 0.7971 -0.0000 -0.6038
vn 0.9379 0.0159 -0.3464
vn 0.9893 0.1447 -0.0210
vn 0.9473 0.2223 0.2306
vn 0.9541 0.2507 0.1636
vn 0.9385 0.2779 0.2049
vn 0.4719 -0.0000 -0.8817
vn 0.6901 -0.0000 -0.7237
vn 0.9146 0.3415 0.2164
vn 0.8558 0.2795 0.4354
vn 0.6403 0.2315 0.7324
vn 0.1739 0.0140 -0.9847
vn 0.4996 0.2150 0.8392
vn 0.2896 0.1954 0.9370
vn -0.0691 0.0415 -0.9967
vn 0.0552 0.1096 0.9924
vn -0.2688 -0.0124 -0.9631
vn -0.1739 0.0417 0.9839
vn -0.4870 -0.0904 -0.8687
vn -0.6445 -0.1159 -0.7558
vn -0.7649 -0.1796 -0.6187
vn -0.7071 -0.0000 0.7071
vn -0.8808 -0.1957 -0.4311
vn -0.9646 -0.1591 -0.2103
vn -0.9970 -0.0552 -0.0551
vn -0.9931 0.0054 0.1170
vn -0.8785 0.0138 0.4775
vn 0.9229 0.2276 -0.3107
vn 0.9321 0.1502 -0.3296
vn 0.9220 0.1181 -0.3688
vn 0.9961 0.0557 0.0688
vn 0.9461 -0.1396 0.2923
vn 0.9346 -0.3233 0.1485
vn 0.9287 -0.2892 0.2322
vn 0.9756 -0.2191 -0.0125
vn 0.9949 -0.0931 0.0396
vn 0.8934 0.2060 -0.3993
vn 0.8878 0.1554 -0.4333
vn 0.9154 0.1112 -0.3870
vn 0.9233 -0.3575 0.1403
vn 0.9569 -0.2808 -0.0739
vn 0.9906 -0.1333 -0.0300
vn 0.9810 0.0242 0.1925
vn 0.9689 -0.0632 0.2394
vn 0.9060 -0.2495 0.3418
vn 0.7417 -0.4659 0.4825
vn 0.7516 -0.3772 0.5411
vn 0.8495 0.2354 -0.4721
vn 0.9013 0.2382 -0.3619
vn 0.6206 -0.4868 0.6148
vn 0.2847 -0.7569 0.5882
vn 0.2714 -0.6994 0.6612
vn 0.6973 0.2573 -0.6690
vn 0.8011 0.2272 -0.5537
vn 0.8495 0.2355 -0.4720
vn -0.1630 -0.7931 0.5869
vn -0.1918 -0.6914 0.6966
vn 0.6809 0.3638 -0.6357
vn 0.7207 0.3311 -0.6091
vn 0.7490 0.3972 -0.5303
vn -0.4451 -0.7185 0.5344
vn -0.5573 -0.5717 0.6022
vn -0.4319 -0.6101 0.6643
vn -0.4029 -0.7716 0.4922
vn 0.6041 0.4487 -0.6586
vn 0.7131 0.4048 -0.5725
vn -0.5803 -0.6661 0.4686
vn -0.6134 -0.5582 0.5588
vn -0.7149 -0.4886 0.5001
vn -0.3590 -0.7993 0.4820
vn 0.4176 0.5135 -0.7497
vn 0.5175 0.4531 -0.7259
vn 0.3884 0.4376 -0.8110
vn -0.2741 -0.9147 0.2971
vn -0.2285 -0.9112 0.3429
vn -0.6857 -0.7082 0.1682
vn -0.3986 -0.9146 0.0678
vn -0.8675 -0.4973 -0.0145
vn -0.3506 -0.9220 0.1644
vn -0.7232 -0.6309 0.2809
vn 0.0220 -0.9813 0.1913
vn 0.3674 -0.8996 0.2360
vn 0.1871 0.3985 -0.8979
vn 0.2790 -0.8515 0.4439
vn 0.3321 -0.7848 0.5232
vn 0.2845 -0.9554 0.0793
vn 0.4093 -0.9090 -0.0783
vn 0.6734 -0.7294 -0.1210
vn 0.6188 -0.7791 0.1007
vn 0.7086 -0.6663 -0.2324
vn 0.7429 -0.6476 0.1693
vn 0.6629 -0.6370 0.3934
vn 0.7767 -0.6229 -0.0932
vn 0.8029 -0.5947 -0.0417
vn 0.8163 -0.5776 -0.0000
vn 0.1234 0.3325 -0.9350
vn 0.4648 -0.7628 0.4496
vn 0.5604 -0.8249 0.0741
vn 0.5604 -0.8145 -0.1499
vn 0.7549 -0.6295 -0.1841
vn 0.8243 -0.5516 0.1275
vn 0.8285 -0.5523 -0.0921
vn 0.8312 -0.5541 -0.0461
vn 0.8320 -0.5547 -0.0000
vn 0.0525 0.3158 -0.9474
vn 0.1048 0.3145 -0.9435
vn -0.0525 0.3158 -0.9474
vn -0.1048 0.3145 -0.9435
vn -0.2016 0.4001 -0.8940
vn -0.4180 0.5259 -0.7407
vn -0.5061 0.5774 -0.6407
vn -0.5259 0.5546 -0.6449
vn -0.7220 0.5590 -0.4077
vn -0.6250 0.5080 -0.5927
vn -0.8236 0.4866 -0.2914
vn -0.9289 0.3586 -0.0928
vn -0.9684 0.2370 0.0779
vn -0.9591 0.1705 0.2258
vn -0.9786 0.2017 0.0407
vn -0.9794 0.2017 -0.0131
vn -0.9863 0.1504 -0.0684
vn -0.9928 0.0559 0.1058
vn -0.9795 -0.0139 0.2010
vn -0.9940 -0.1030 -0.0356
vn -0.8096 -0.0055 -0.5869
vn -0.4318 0.1568 -0.8883
vn -0.1572 0.3067 -0.9387
vn -0.0642 0.3156 -0.9467
vn -0.0572 0.3192 -0.9460
vn -0.1732 0.3889 -0.9049
vn -0.1530 0.3568 -0.9216
vn -0.7807 -0.1362 0.6098
vn -0.8545 -0.2031 0.4780
vn -0.9024 -0.2708 0.3352
vn -0.1969 0.3968 -0.8966
vn -0.4661 0.4330 -0.7715
vn -0.8126 -0.0958 0.5749
vn -0.8126 -0.0997 0.5742
vn -0.7298 0.4700 -0.4965
vn -0.8488 0.4368 -0.2978
vn -0.9002 0.3943 -0.1846
vn -0.9464 0.3226 -0.0183
vn -0.9506 0.3010 0.0753
vn -0.9430 0.2467 0.2233
vn -0.9591 0.2000 0.2001
vn -0.9229 0.0900 0.3744
vn -0.8053 -0.0728 0.5883
vn -0.8855 0.4399 -0.1497
vn -0.9278 0.3728 0.0116
vn -0.9270 0.3608 0.1022
vn 0.7880 0.0344 -0.6147
vn 0.9043 0.0716 -0.4209
vn 0.9770 0.1580 -0.1434
vn 0.9809 0.1759 0.0833
vn 0.9054 0.3777 0.1939
vn 0.9531 0.2371 0.1878
vn 0.8391 0.3111 0.4463
vn 0.8828 0.1931 0.4281
vn 0.7791 0.1969 0.5952
vn 0.4689 -0.0487 -0.8819
vn 0.6833 -0.0237 -0.7298
vn 0.5957 0.2858 0.7506
vn 0.7002 0.2168 0.6802
vn 0.5525 0.2287 0.8015
vn 0.2135 -0.0538 -0.9755
vn 0.2346 0.2603 0.9366
vn -0.0670 -0.0139 -0.9977
vn -0.0548 0.2164 0.9748
vn -0.3385 -0.0392 -0.9401
vn -0.2591 0.1085 0.9597
vn -0.5809 -0.0892 -0.8090
vn -0.5104 -0.1281 -0.8503
vn -0.6313 -0.1454 -0.7618
vn -0.4712 0.0123 0.8819
vn -0.8506 -0.1914 -0.4898
vn -0.8260 -0.1836 -0.5329
vn -0.9033 -0.1638 -0.3966
vn -0.7105 -0.0060 0.7037
vn -0.9475 -0.0988 -0.3041
vn -0.9924 -0.0132 -0.1223
vn -0.9938 -0.0000 0.1116
vn -0.8736 -0.0141 0.4865
vn 0.9258 -0.1400 -0.3512
vn 0.9301 -0.2305 -0.2861
vn 0.9391 -0.2978 0.1714
vn 0.8810 -0.2506 0.4012
vn 0.7907 -0.3469 0.5045
vn 0.9235 0.1908 -0.3329
vn 0.9449 0.1123 -0.3074
vn 0.9424 0.1350 -0.3060
vn 0.9235 0.0455 -0.3808
vn 0.9380 -0.0801 -0.3373
vn 0.7539 -0.4602 0.4689
vn 0.8556 -0.5113 0.0806
vn 0.9341 -0.2691 -0.2345
vn 0.9814 -0.1200 -0.1499
vn 0.9780 -0.0800 0.1928
vn 0.8989 -0.2017 0.3889
vn 0.7711 -0.3362 0.5408
vn 0.8450 -0.3199 0.4285
vn 0.8581 0.1907 -0.4768
vn 0.8727 0.1038 -0.4771
vn 0.8706 0.1261 -0.4756
vn 0.9022 0.1387 -0.4085
vn 0.7169 -0.3334 0.6123
vn 0.3192 -0.5737 0.7543
vn 0.3487 -0.4384 0.8284
vn 0.7721 0.1890 -0.6067
vn 0.8304 0.1437 -0.5383
vn -0.1635 -0.5297 0.8323
vn -0.1460 -0.4032 0.9034
vn 0.7331 0.4048 -0.5465
vn 0.7839 0.3448 -0.5164
vn 0.7252 0.3414 -0.5979
vn 0.8004 0.2491 -0.5453
vn -0.5125 -0.3393 0.7888
vn 0.5793 0.4208 -0.6981
vn 0.6858 0.3457 -0.6404
vn 0.5405 0.3767 -0.7523
vn -0.3271 -0.8590 0.3939
vn -0.2127 -0.8292 0.5170
vn -0.4691 -0.8485 0.2448
vn -0.5763 -0.8108 0.1022
vn -0.8094 -0.5675 -0.1511
vn -0.7910 -0.5863 -0.1748
vn -0.8818 -0.3311 -0.3359
vn -0.9174 -0.1985 -0.3448
vn -0.7530 -0.4656 0.4650
vn -0.8516 -0.3702 0.3712
vn -0.8168 -0.3782 0.4358
vn -0.7755 -0.3039 0.5534
vn 0.3381 0.3293 -0.8816
vn 0.1452 -0.7912 0.5941
vn 0.1516 -0.7518 0.6417
vn -0.0509 -0.9107 0.4098
vn -0.9769 -0.2096 -0.0419
vn 0.1660 0.3172 -0.9337
vn 0.2063 0.3094 -0.9283
vn 0.1437 0.3008 -0.9428
vn 0.4540 -0.7046 0.5454
vn 0.4777 -0.7094 0.5182
vn 0.5347 -0.6492 0.5410
vn 0.6992 -0.7111 0.0733
vn 0.0936 0.2529 -0.9630
vn 0.5899 -0.6195 0.5180
vn 0.7340 -0.5437 0.4069
vn 0.7098 -0.5157 0.4799
vn 0.6840 -0.7247 0.0834
vn 0.6882 -0.6905 -0.2226
vn 0.7340 -0.6276 -0.2594
vn 0.7625 -0.6155 -0.1995
vn 0.7527 -0.6583 0.0004
vn 0.8196 -0.5693 0.0646
vn 0.7811 -0.5966 0.1843
vn 0.8286 -0.5523 -0.0920
vn 0.0538 0.2135 -0.9755
vn 0.7892 -0.4914 0.3685
vn 0.8351 -0.5422 0.0932
vn 0.8013 -0.5580 -0.2157
vn 0.7615 -0.5945 -0.2582
vn 0.8293 -0.5574 0.0396
vn -0.0398 0.2270 -0.9731
vn -0.1010 0.2853 -0.9531
vn -0.1293 0.3136 -0.9407
vn -0.3086 0.4508 -0.8376
vn -0.2005 0.3533 -0.9138
vn -0.3619 0.4546 -0.8138
vn -0.6095 0.5297 -0.5899
vn -0.5616 0.4837 -0.6713
vn -0.9733 -0.2283 0.0250
vn -0.9283 -0.2063 0.3094
vn -0.9510 -0.2989 0.0796
vn -0.8657 -0.4253 -0.2638
vn -0.7331 0.4309 -0.5262
vn -0.8631 0.4713 -0.1816
vn -0.7657 0.4297 -0.4786
vn -0.9170 0.3374 0.2127
vn -0.9478 0.3062 0.0891
vn -0.9750 0.1037 0.1967
vn -0.9725 0.0255 0.2314
vn -0.9985 0.0553 -0.0000
vn -1.0000 -0.0000 -0.0000
vn -0.9858 -0.0543 0.1591
vn -0.9464 -0.1166 0.3014
vn -0.6515 -0.2649 -0.7109
vn -0.2198 -0.0203 -0.9753
vn -0.8810 0.4542 -0.1325
vn -0.0580 0.1581 -0.9857
vn -0.0103 0.2944 -0.9556
vn -0.8466 -0.3763 0.3763
vn -0.8375 -0.3819 0.3908
vn -0.8037 -0.4227 0.4188
vn -0.0958 0.4179 -0.9034
vn -0.7184 -0.2003 0.6662
vn -0.7705 -0.3135 0.5551
vn -0.2809 0.4578 -0.8435
vn -0.4055 0.4180 -0.8129
vn -0.7702 -0.0906 0.6313
vn -0.7372 -0.1108 0.6665
vn -0.7825 -0.1260 0.6098
vn -0.7794 -0.1672 0.6038
vn -0.5088 0.4857 -0.7108
vn -0.7534 0.4798 -0.4496
vn -0.6314 0.4964 -0.5957
vn -0.9540 0.2005 0.2228
vn -0.9497 0.0571 0.3079
vn -0.8748 -0.0079 0.4844
vn -0.8012 0.4576 -0.3855
vn -0.9120 0.4053 -0.0632
vn -0.9435 0.3250 0.0643
vn -0.9496 0.2466 0.1935
vn -0.9217 0.1163 0.3701
vn 0.7341 0.1018 -0.6714
vn 0.8938 0.0993 -0.4373
vn 0.9884 0.0958 -0.1183
vn 0.9962 0.0275 0.0828
vn 0.9858 0.0543 0.1591
vn 0.8981 0.0496 0.4370
vn 0.8088 0.0584 0.5851
vn 0.4147 -0.0356 -0.9093
vn 0.5725 0.0274 -0.8195
vn 0.7385 0.0942 0.6676
vn 0.5851 0.1251 0.8013
vn 0.2014 -0.0681 -0.9771
vn 0.2437 0.2079 0.9473
vn -0.0662 -0.1231 -0.9902
vn -0.1205 0.2023 0.9719
vn -0.3749 -0.1618 -0.9128
vn -0.3614 0.0962 0.9274
vn -0.5670 -0.1885 -0.8019
vn -0.6689 -0.1962 -0.7170
vn -0.5111 -0.0326 0.8589
vn -0.8022 -0.2006 -0.5624
vn -0.8605 -0.1461 -0.4881
vn -0.7327 -0.0587 0.6780
vn -0.6361 -0.0529 0.7698
vn -0.9157 -0.0921 -0.3913
vn -0.9858 -0.0543 -0.1591
vn -0.9901 -0.0600 0.1265
vn -0.8774 -0.0765 0.4737
vn 0.9124 -0.3712 -0.1724
vn 0.8009 -0.5319 0.2751
vn 0.9774 -0.0774 -0.1968
vn 0.9516 -0.1555 -0.2650
vn 0.9342 -0.2216 -0.2795
vn 0.9066 -0.3786 -0.1863
vn 0.8614 -0.5017 -0.0798
vn 0.7035 -0.6176 0.3517
vn 0.4130 -0.7878 0.4570
vn 0.3223 -0.6804 0.6582
vn 0.7171 -0.6654 -0.2075
vn 0.8794 -0.2106 -0.4269
vn 0.6701 -0.4596 -0.5828
vn 0.9630 -0.2031 -0.1773
vn 0.9531 -0.1898 0.2356
vn 0.8311 -0.2756 0.4830
vn 0.8100 -0.3520 0.4690
vn 0.9125 0.0509 -0.4059
vn 0.8854 0.0207 -0.4644
vn 0.9217 -0.0022 -0.3879
vn 0.0765 -0.9535 0.2914
vn -0.0015 -0.7141 0.7000
vn 0.5775 -0.6591 -0.4817
vn 0.1902 -0.8844 -0.4262
vn 0.6937 -0.2534 0.6742
vn 0.4005 -0.2313 0.8866
vn 0.8527 0.1783 -0.4910
vn 0.8691 0.1550 -0.4697
vn 0.8998 0.1851 -0.3951
vn 0.8651 0.0913 -0.4933
vn -0.1655 -0.9648 0.2044
vn -0.1422 -0.7448 0.6519
vn -0.2736 -0.7821 -0.5598
vn -0.1099 -0.1777 0.9779
vn 0.7775 0.1718 -0.6049
vn 0.8283 0.2067 -0.5208
vn -0.2599 -0.9206 0.2914
vn -0.1737 -0.7671 0.6176
vn -0.4224 -0.7187 -0.5523
vn -0.5925 -0.7683 -0.2423
vn -0.6470 -0.3004 -0.7008
vn -0.5049 -0.1303 0.8533
vn 0.5543 0.1914 -0.8100
vn 0.7362 0.1745 -0.6539
vn -0.0083 -0.8747 0.4845
vn 0.0038 -0.8068 0.5908
vn -0.7624 0.2146 -0.6105
vn -0.9290 0.2097 -0.3048
vn -0.9383 0.1333 -0.3191
vn -0.7541 -0.2419 0.6106
vn -0.8424 -0.2650 0.4692
vn -0.8058 -0.1677 0.5679
vn 0.3131 0.3062 -0.8990
vn 0.3870 0.1789 -0.9046
vn 0.3067 0.1515 -0.9397
vn 0.2493 -0.8054 0.5378
vn 0.2931 -0.7361 0.6101
vn -0.9717 -0.0919 0.2176
vn 0.1067 0.1576 -0.9817
vn 0.4683 -0.7096 0.5265
vn 0.5174 -0.6892 0.5072
vn 0.5488 -0.7113 0.4391
vn 0.0132 0.1223 -0.9924
vn 0.5356 -0.7026 0.4685
vn 0.6067 -0.6606 0.4423
vn 0.5378 -0.6861 0.4900
vn 0.7736 -0.6336 -0.0100
vn 0.8181 -0.5685 -0.0867
vn 0.8004 -0.5981 -0.0402
vn 0.7844 -0.6199 0.0185
vn 0.0137 0.0689 -0.9975
vn 0.5680 -0.7478 0.3438
vn 0.7200 -0.6517 0.2387
vn 0.8593 -0.5084 0.0559
vn 0.7672 -0.6076 0.2054
vn 0.8601 -0.4797 -0.1736
vn 0.8089 -0.5651 -0.1621
vn 0.8630 -0.4591 -0.2109
vn 0.8009 -0.5978 -0.0338
vn 0.8208 -0.5712 0.0119
vn 0.7609 -0.6485 -0.0239
vn 0.6921 -0.7216 0.0157
vn 0.6374 -0.7667 0.0762
vn -0.0000 0.0553 -0.9985
vn 0.8213 -0.5685 0.0475
vn 0.8615 -0.4750 -0.1795
vn -0.0136 0.0956 -0.9953
vn -0.1552 0.1552 -0.9756
vn -0.5916 -0.7996 -0.1030
vn -0.6254 -0.7152 0.3120
vn -0.5890 -0.8060 -0.0586
vn -0.3139 -0.6332 -0.7075
vn -0.4281 0.1931 -0.8828
vn -0.5307 0.3386 -0.7770
vn -0.9065 -0.2126 0.3647
vn -0.8609 -0.3039 0.4081
vn -0.8224 -0.3700 0.4322
vn -0.7638 -0.5357 0.3600
vn -0.4931 -0.5227 -0.6954
vn -0.1903 -0.1732 -0.9663
vn -0.6499 0.2415 -0.7206
vn -0.7702 0.3804 -0.5120
vn -0.7706 0.3299 -0.5453
vn -0.9388 0.3256 0.1123
vn -0.9606 0.1364 0.2421
vn -0.8757 0.0736 0.4773
vn -0.9657 0.0097 0.2593
vn -0.9990 -0.0138 0.0415
vn -0.9887 -0.1274 0.0791
vn -0.9487 -0.2345 0.2121
vn -0.0493 0.1145 -0.9922
vn -0.8262 0.3076 -0.4720
vn -0.9362 0.3385 -0.0948
vn -0.9367 0.2492 0.2460
vn -0.9238 0.1156 0.3649
vn 0.0868 0.2405 -0.9668
vn 0.1759 0.3766 -0.9095
vn -0.7395 -0.3759 0.5584
vn -0.6510 -0.2808 0.7053
vn -0.7050 -0.3653 0.6078
vn -0.6530 -0.5030 0.5662
vn 0.0685 0.5422 -0.8374
vn -0.7139 -0.2667 0.6475
vn -0.7296 -0.2115 0.6504
vn -0.6654 -0.2387 0.7073
vn -0.2097 0.5916 -0.7785
vn -0.7024 -0.1166 0.7022
vn -0.7506 -0.1356 0.6467
vn -0.5148 0.5505 -0.6572
vn -0.5980 0.4956 -0.6298
vn -0.9125 -0.0509 0.4059
vn -0.8211 -0.0897 0.5636
vn -0.7105 0.4722 -0.5217
vn -0.8859 0.3711 -0.2784
vn -0.9434 0.3145 -0.1048
vn -0.9528 0.3024 0.0275
vn -0.9438 0.2531 0.2127
vn -0.9683 0.2015 0.1473
vn -0.9469 0.1062 0.3035
vn -0.8939 0.0007 0.4483
vn 0.6777 0.0257 -0.7349
vn 0.8940 0.0672 -0.4430
vn 0.9934 0.0897 -0.0712
vn 0.9924 0.0132 0.1223
vn 0.9871 -0.0000 0.1602
vn 0.9024 0.0376 0.4294
vn 0.8274 0.0526 0.5591
vn 0.3643 -0.0946 -0.9264
vn 0.5020 -0.0848 -0.8607
vn 0.7674 0.0705 0.6373
vn 0.6317 0.0856 0.7705
vn 0.1447 -0.1204 -0.9821
vn 0.2516 0.2034 0.9462
vn 0.5350 0.1012 0.8387
vn 0.2777 0.1097 0.9544
vn -0.1311 -0.1859 -0.9738
vn -0.1567 0.2143 0.9641
vn -0.1651 0.0979 0.9814
vn -0.4208 -0.1848 -0.8881
vn -0.4612 0.0048 0.8873
vn -0.3235 0.0673 0.9438
vn -0.5886 -0.2005 -0.7832
vn -0.6873 -0.2124 -0.6947
vn -0.5843 -0.1200 0.8026
vn -0.7683 -0.1920 -0.6106
vn -0.8084 -0.1159 -0.5772
vn -0.7439 -0.1617 0.6484
vn -0.6442 -0.1517 0.7497
vn -0.8938 -0.0993 -0.4373
vn -0.9812 -0.1090 -0.1593
vn -0.9823 -0.1149 0.1479
vn -0.8690 -0.1535 0.4703
vn 0.9368 -0.2964 -0.1860
vn 0.8996 -0.4149 -0.1363
vn 0.7859 -0.6180 -0.0191
vn 0.6067 -0.7874 0.1094
vn 0.3771 -0.8050 0.4580
vn 0.5710 -0.2859 -0.7695
vn 0.8080 -0.2799 -0.5184
vn 0.8938 -0.4210 -0.1544
vn 0.9091 -0.3509 0.2244
vn 0.7930 -0.3005 0.5299
vn 0.7101 -0.3541 0.6086
vn 0.9497 -0.0571 -0.3079
vn 0.9040 -0.1113 -0.4128
vn 0.9292 -0.2816 -0.2394
vn 0.8873 -0.4551 -0.0746
vn 0.8338 -0.5466 -0.0773
vn 0.7026 -0.7114 0.0196
vn 0.4492 -0.8690 0.2074
vn 0.0211 -0.8226 0.5683
vn 0.1107 -0.8599 0.4983
vn 0.2893 -0.6265 -0.7237
vn 0.2694 -0.4420 -0.8556
vn 0.7500 -0.4486 0.4860
vn 0.7520 -0.3082 0.5827
vn 0.4171 -0.2064 0.8851
vn 0.9459 0.0616 -0.3185
vn 0.8963 0.0498 -0.4407
vn 0.9012 -0.0002 -0.4335
vn -0.1868 -0.7744 0.6046
vn -0.2168 -0.8002 0.5592
vn -0.2626 -0.4694 -0.8430
vn -0.0134 -0.2669 -0.9636
vn -0.0575 -0.2103 0.9759
vn 0.7515 0.0548 -0.6575
vn 0.8608 0.0816 -0.5024
vn -0.3311 -0.7159 0.6147
vn -0.2730 -0.7013 0.6585
vn -0.2906 -0.7756 0.5604
vn -0.2350 -0.7889 0.5678
vn -0.2649 0.0372 -0.9636
vn -0.4850 -0.2014 0.8510
vn 0.5216 0.0470 -0.8519
vn 0.7288 0.0435 -0.6834
vn -0.0718 -0.8213 0.5660
vn -0.1265 -0.7678 0.6281
vn 0.0023 -0.8581 0.5134
vn -0.5087 0.2337 -0.8286
vn -0.6968 0.5093 -0.5051
vn -0.9210 0.3396 -0.1909
vn -0.7281 -0.1728 0.6634
vn -0.8327 -0.3330 0.4423
vn -0.8510 -0.2531 0.4601
vn 0.2768 0.0110 -0.9609
vn 0.3202 0.0461 -0.9462
vn 0.2669 -0.8522 0.4500
vn 0.1954 -0.8469 0.4945
vn 0.3198 -0.8167 0.4803
vn -0.8434 0.3378 -0.4179
vn -0.9472 0.3196 0.0253
vn -0.8455 -0.1025 0.5240
vn 0.1091 -0.0000 -0.9940
vn 0.4087 -0.8241 0.3923
vn 0.4234 -0.7990 0.4270
vn 0.4476 -0.8429 0.2985
vn 0.4743 -0.7312 0.4904
vn 0.4653 -0.7781 0.4219
vn 0.3882 -0.7897 0.4751
vn 0.3686 -0.7437 0.5577
vn 0.4726 -0.7761 0.4175
vn 0.3210 -0.8260 0.4633
vn 0.2494 -0.9003 0.3569
vn 0.1216 -0.9513 0.2834
vn 0.4173 -0.8677 0.2701
vn 0.6856 -0.7204 0.1047
vn 0.8523 -0.5012 -0.1498
vn 0.8609 -0.5080 -0.0284
vn 0.8121 -0.5806 0.0580
vn 0.6882 -0.7225 0.0664
vn 0.5922 -0.8026 0.0720
vn 0.5523 -0.8285 0.0921
vn -0.2245 -0.9183 0.3261
vn -0.2390 -0.7193 0.6523
vn -0.1599 -0.8908 0.4254
vn 0.0595 -0.9936 0.0957
vn 0.4595 -0.8836 -0.0898
vn 0.6769 -0.7245 -0.1301
vn 0.6446 -0.7081 -0.2882
vn 0.7673 -0.6350 -0.0896
vn 0.8299 -0.5087 -0.2291
vn 0.8457 -0.5149 -0.1405
vn 0.8480 -0.5300 0.0024
vn 0.7607 -0.6254 0.1738
vn 0.6423 -0.7396 0.2009
vn 0.4822 -0.8650 0.1386
vn 0.5234 -0.8293 0.1956
vn 0.4416 -0.8916 0.1003
vn -0.3699 -0.9184 0.1406
vn -0.3838 -0.7509 0.5374
vn 0.1843 -0.8915 -0.4137
vn 0.6150 -0.6963 -0.3700
vn 0.5835 -0.6643 -0.4671
vn 0.3986 -0.9022 0.1648
vn 0.3399 -0.9290 0.1463
vn -0.0956 0.0136 -0.9953
vn -0.6387 -0.6422 0.4239
vn -0.5838 -0.6188 0.5256
vn -0.5356 -0.6703 0.5137
vn 0.3109 -0.3193 -0.8952
vn 0.3432 -0.5324 -0.7738
vn -0.3700 0.0949 -0.9242
vn -0.8747 -0.3889 0.2893
vn -0.8925 -0.4010 0.2063
vn -0.8233 -0.4474 0.3492
vn -0.6727 -0.5368 0.5092
vn 0.2227 0.0054 -0.9749
vn -0.5609 0.1941 -0.8048
vn -0.7178 0.2608 -0.6456
vn -0.8390 -0.0149 0.5439
vn -0.9598 -0.0103 0.2804
vn -0.9854 -0.0886 0.1451
vn -0.9152 -0.3063 0.2621
vn 0.1921 0.3484 -0.9174
vn -0.4560 -0.7405 0.4936
vn -0.3868 -0.7258 0.5689
vn -0.3116 -0.8066 0.5023
vn -0.8312 0.2302 -0.5061
vn -0.9856 0.1668 -0.0266
vn -0.9304 0.0519 0.3629
vn -0.9012 -0.0034 0.4334
vn 0.1852 0.4558 -0.8706
vn 0.2286 0.5558 -0.7993
vn 0.2209 0.5458 -0.8083
vn -0.5069 -0.5756 0.6417
vn -0.4483 -0.5868 0.6743
vn 0.2010 0.5500 -0.8106
vn 0.2182 0.6004 -0.7694
vn -0.5540 -0.3371 0.7612
vn -0.5292 -0.4622 0.7116
vn 0.0929 0.6016 -0.7933
vn 0.0795 0.6319 -0.7710
vn -0.6783 -0.2196 0.7012
vn -0.6047 -0.2798 0.7457
vn -0.1668 0.6012 -0.7815
vn -0.1236 0.6157 -0.7782
vn -0.7068 -0.1031 0.6998
vn -0.7227 -0.1271 0.6794
vn -0.4408 0.5984 -0.6690
vn -0.3891 0.6066 -0.6933
vn -0.8734 -0.0837 0.4797
vn -0.7878 -0.1196 0.6042
vn -0.6504 0.5271 -0.5469
vn -0.8154 0.4340 -0.3832
vn -0.8797 0.3600 -0.3106
vn -0.9287 0.3096 -0.2042
vn -0.9629 0.1995 0.1816
vn -0.9713 0.0969 0.2171
vn -0.9193 0.0105 0.3935
vn -0.8556 -0.0553 0.5146
vn -0.9263 0.3289 -0.1841
vn -0.9568 0.2696 0.1093
vn -0.9468 0.1801 0.2667
vn 0.5906 -0.0548 -0.8051
vn 0.8755 -0.0078 -0.4832
vn 0.9954 0.0755 -0.0588
vn 0.9847 0.0949 0.1459
vn 0.9849 0.1225 0.1223
vn 0.9080 0.1517 0.3904
vn 0.8242 0.1371 0.5495
vn 0.3368 -0.1852 -0.9232
vn 0.3146 -0.1557 -0.9364
vn 0.7656 0.1275 0.6305
vn 0.6073 0.1213 0.7852
vn 0.1048 -0.1642 -0.9808
vn 0.4844 0.0961 0.8695
vn 0.2429 0.0649 0.9679
vn -0.1497 -0.1998 -0.9683
vn -0.2088 0.0545 0.9764
vn -0.4328 -0.2127 -0.8760
vn -0.2141 -0.1601 -0.9636
vn -0.4478 -0.1600 -0.8797
vn -0.5494 -0.0023 0.8356
vn -0.3971 0.0310 0.9172
vn -0.6708 -0.1971 -0.7149
vn -0.6409 -0.1836 0.7453
vn -0.6943 -0.1078 0.7115
vn -0.6594 -0.0742 0.7481
vn -0.7265 -0.1807 -0.6630
vn -0.8606 -0.1112 -0.4970
vn -0.9450 -0.1154 -0.3061
vn -0.8050 -0.2028 0.5575
vn -0.8942 -0.2027 0.3991
vn -0.8115 -0.1839 0.5547
vn -0.9765 -0.1533 -0.1512
vn -0.9665 -0.1737 0.1891
vn 0.6998 -0.4746 -0.5339
vn 0.7495 -0.6410 -0.1656
vn 0.7599 -0.6205 0.1936
vn 0.9361 -0.2332 -0.2632
vn 0.8145 -0.5792 -0.0320
vn 0.9048 -0.3752 -0.2012
vn 0.7103 -0.6989 0.0835
vn 0.6895 -0.6964 0.1990
vn 0.5467 -0.8338 0.0773
vn 0.3913 -0.8935 0.2202
vn 0.1913 -0.8863 0.4217
vn 0.3328 -0.3077 -0.8914
vn 0.6619 -0.5300 -0.5300
vn 0.7156 -0.6769 -0.1723
vn 0.7001 -0.6898 0.1846
vn 0.5043 -0.7414 0.4427
vn 0.3867 -0.6498 0.6544
vn 0.6074 -0.5841 0.5384
vn 0.9454 -0.0366 -0.3240
vn 0.9075 -0.0196 -0.4196
vn 0.9304 -0.1605 -0.3295
vn 0.9276 -0.3293 -0.1761
vn 0.6014 -0.7911 0.1117
vn 0.3998 -0.9038 0.1528
vn -0.0092 -0.9032 0.4290
vn 0.1063 -0.9032 0.4158
vn -0.1951 -0.8188 0.5399
vn 0.1675 -0.2273 -0.9593
vn 0.3261 -0.8471 0.4196
vn 0.3973 -0.7569 0.5189
vn -0.0860 -0.4805 0.8728
vn 0.7431 -0.0775 -0.6647
vn 0.8625 -0.0547 -0.5030
vn -0.2251 -0.8139 0.5356
vn -0.2112 -0.8479 0.4862
vn -0.0205 -0.0732 -0.9971
vn -0.6544 -0.6377 0.4063
vn -0.4800 -0.5404 0.6910
vn -0.5696 -0.7292 0.3792
vn -0.6561 -0.5790 0.4841
vn -0.5827 -0.6760 0.4511
vn 0.5238 -0.0824 -0.8478
vn 0.7261 -0.0801 -0.6829
vn -0.1713 -0.8013 0.5732
vn -0.1625 -0.8210 0.5473
vn -0.3444 0.1003 -0.9335
vn -0.6899 -0.2945 0.6613
vn -0.5779 -0.1728 0.7976
vn -0.4748 -0.3767 0.7954
vn 0.2792 -0.0396 -0.9594
vn 0.3203 -0.0733 -0.9445
vn 0.0976 -0.8141 0.5724
vn 0.0917 -0.8155 0.5715
vn -0.0850 -0.8347 0.5441
vn 0.1255 -0.8473 0.5160
vn -0.7983 0.3334 -0.5016
vn -0.8952 0.3150 0.3152
vn 0.2758 -0.7972 0.5371
vn 0.3955 -0.8104 0.4322
vn 0.3788 -0.7700 0.5134
vn 0.4640 -0.8139 0.3498
vn 0.5181 -0.7609 0.3907
vn 0.5595 -0.7551 0.3418
vn 0.5448 -0.7842 0.2970
vn 0.4319 -0.7666 0.4752
vn 0.4853 -0.8006 0.3514
vn 0.2017 -0.7756 0.5981
vn 0.2761 -0.7888 0.5492
vn 0.0638 -0.8537 0.5169
vn -0.2152 -0.6486 0.7301
vn -0.2054 -0.6893 0.6948
vn 0.6984 -0.7018 -0.1407
vn 0.7637 -0.6277 -0.1508
vn 0.8006 -0.5465 -0.2458
vn 0.8242 -0.5494 -0.1371
vn 0.8406 -0.5365 0.0738
vn 0.8212 -0.5623 -0.0973
vn 0.7209 -0.6365 0.2740
vn 0.7871 -0.5505 0.2784
vn 0.5843 -0.7511 0.3072
vn -0.4577 -0.6431 0.6140
vn -0.4897 -0.6394 0.5928
vn 0.7569 -0.5022 -0.4182
vn 0.8021 -0.5219 -0.2901
vn 0.7633 -0.6260 -0.1598
vn 0.7568 -0.6228 -0.1984
vn 0.7671 -0.5894 -0.2534
vn 0.8066 -0.5727 -0.1462
vn 0.6703 -0.6576 0.3438
vn 0.5088 -0.7225 0.4681
vn 0.5191 -0.6662 0.5354
vn 0.3705 -0.8818 0.2918
vn 0.3094 -0.9283 0.2063
vn -0.0415 0.0138 -0.9990
vn -0.5671 -0.5783 0.5865
vn -0.5827 -0.5825 0.5666
vn -0.5422 -0.6240 0.5627
vn 0.5608 -0.2029 -0.8027
vn 0.6226 -0.4206 -0.6599
vn 0.8156 -0.4069 -0.4114
vn 0.3682 -0.7691 0.5224
vn 0.1623 -0.9092 0.3834
vn 0.1940 -0.8090 0.5549
vn 0.1052 -0.9580 0.2670
vn -0.2807 0.1012 -0.9545
vn -0.8477 -0.4022 0.3458
vn -0.8229 -0.2888 0.4893
vn -0.8299 -0.3699 0.4177
vn -0.7187 -0.5200 0.4616
vn 0.4797 0.1700 -0.8608
vn -0.1057 -0.8539 0.5096
vn -0.0176 -0.7787 0.6272
vn -0.2959 -0.8729 0.3880
vn -0.4657 0.2135 -0.8588
vn -0.6898 0.2290 -0.6869
vn -0.8678 -0.0738 0.4914
vn -0.9709 -0.0119 0.2393
vn -0.9975 -0.0225 0.0674
vn -0.9174 -0.1959 0.3464
vn 0.3142 0.4455 -0.8383
vn 0.4927 0.3393 -0.8013
vn 0.4060 0.4520 -0.7943
vn -0.1865 -0.7540 0.6298
vn -0.1215 -0.7128 0.6907
vn -0.8645 0.2144 -0.4545
vn -0.9914 0.0719 0.1097
vn -0.9109 -0.0403 0.4107
vn -0.9050 -0.0816 0.4175
vn 0.3166 0.6391 -0.7009
vn -0.3491 -0.6185 0.7040
vn -0.2222 -0.6656 0.7125
vn 0.2605 0.6767 -0.6886
vn 0.3296 0.6513 -0.6835
vn 0.3040 0.6279 -0.7165
vn -0.4728 -0.4718 0.7442
vn -0.4056 -0.4690 0.7845
vn -0.2784 -0.5702 0.7729
vn 0.0795 0.7193 -0.6901
vn 0.0821 0.5890 -0.8039
vn -0.5557 -0.3352 0.7609
vn -0.1318 0.6871 -0.7145
vn -0.1577 0.5917 -0.7906
vn -0.6935 -0.1882 0.6954
vn -0.6244 -0.2627 0.7356
vn -0.4012 0.6243 -0.6703
vn -0.4367 0.5794 -0.6882
vn -0.8251 -0.1604 0.5418
vn -0.7671 -0.1902 0.6127
vn -0.5713 0.5613 -0.5988
vn -0.7059 0.5037 -0.4980
vn -0.6241 0.5694 -0.5350
vn -0.8498 0.4230 -0.3145
vn -0.9178 -0.0278 0.3962
vn -0.8685 -0.0866 0.4881
vn -0.8215 -0.1324 0.5546
vn -0.7283 0.5521 -0.4060
vn -0.8694 0.4423 -0.2201
vn -0.9680 0.2467 -0.0454
vn -0.9699 0.1485 0.1932
vn -0.9134 0.0467 0.4044
vn 0.5768 -0.1326 -0.8060
vn 0.8237 -0.0572 -0.5641
vn 0.9819 0.1014 -0.1597
vn 0.9806 0.1636 0.1081
vn 0.9809 0.1624 0.1073
vn 0.9101 0.1506 0.3861
vn 0.8267 0.1678 0.5370
vn 0.3308 -0.1608 -0.9299
vn 0.7620 0.1693 0.6250
vn 0.5656 0.1691 0.8072
vn 0.1158 -0.1491 -0.9820
vn 0.4049 0.1649 0.8994
vn 0.1970 0.1161 0.9735
vn -0.1630 -0.1090 -0.9806
vn -0.2065 0.1081 0.9725
vn -0.2157 -0.1078 -0.9705
vn -0.4671 -0.0683 -0.8816
vn -0.5639 0.0912 0.8208
vn -0.4041 0.1010 0.9091
vn -0.7049 -0.1669 -0.6894
vn -0.7050 -0.0778 -0.7050
vn -0.7118 -0.0685 -0.6990
vn -0.7925 0.0280 0.6093
vn -0.7426 0.0545 0.6675
vn -0.8729 -0.0495 -0.4854
vn -0.9696 -0.0811 -0.2310
vn -0.9092 -0.1000 0.4041
vn -0.8432 -0.0740 0.5326
vn -0.9880 -0.1093 -0.1093
vn -0.9718 -0.1082 0.2094
vn 0.7041 -0.7055 0.0805
vn 0.6895 -0.5171 -0.5071
vn 0.7790 -0.6137 -0.1288
vn 0.4910 -0.8195 0.2954
vn 0.9031 -0.1403 -0.4059
vn 0.9222 -0.1335 -0.3629
vn 0.9268 -0.3618 -0.1006
vn 0.7910 -0.5929 0.1508
vn 0.4397 -0.8345 0.3322
vn 0.3919 -0.8728 0.2909
vn 0.3241 -0.9175 0.2304
vn 0.1716 -0.9282 0.3302
vn 0.2957 -0.1676 -0.9404
vn 0.7146 -0.4644 -0.5230
vn 0.8341 -0.5447 -0.0869
vn 0.3135 -0.8310 0.4595
vn -0.1333 -0.8815 0.4531
vn -0.0648 -0.5954 0.8008
vn -0.1147 -0.9082 0.4025
vn 0.7092 -0.1560 -0.6876
vn 0.8214 -0.1678 -0.5450
vn 0.2031 -0.9050 0.3737
vn -0.0109 -0.9282 0.3719
vn 0.0761 -0.9051 0.4184
vn -0.1460 -0.8853 0.4414
vn 0.0949 -0.0683 -0.9931
vn -0.4146 -0.4658 0.7818
vn -0.2531 -0.2981 0.9204
vn -0.2680 -0.5323 0.8030
vn 0.5745 -0.1359 -0.8071
vn 0.7032 -0.1500 -0.6950
vn -0.0630 -0.8764 0.4774
vn 0.0039 -0.8674 0.4977
vn -0.1503 -0.8477 0.5087
vn -0.2253 -0.0044 -0.9743
vn -0.3317 -0.1654 0.9288
vn 0.3498 -0.0645 -0.9346
vn 0.4083 -0.1119 -0.9060
vn 0.1420 -0.8291 0.5408
vn 0.1899 -0.8058 0.5609
vn -0.5005 0.0432 -0.8647
vn -0.8304 0.3113 -0.4620
vn -0.8727 0.3172 0.3712
vn -0.6041 0.0057 0.7969
vn 0.1472 -0.0131 -0.9890
vn 0.3269 -0.7749 0.5410
vn 0.3424 -0.7325 0.5884
vn 0.3543 -0.7849 0.5083
vn -0.9043 0.0684 -0.4214
vn -0.9292 0.0702 0.3628
vn 0.4127 -0.7237 0.5532
vn 0.4449 -0.7721 0.4538
vn 0.4659 -0.7168 0.5187
vn 0.4960 -0.7875 0.3659
vn 0.4701 -0.7506 0.4643
vn 0.4393 -0.8168 0.3740
vn 0.4149 -0.8314 0.3695
vn 0.3739 -0.8348 0.4040
vn 0.3625 -0.8460 0.3910
vn -0.0942 -0.8321 0.5466
vn -0.0168 -0.8513 0.5243
vn 0.8256 -0.5525 0.1144
vn -0.4135 -0.7660 0.4922
vn -0.4128 -0.7505 0.5161
vn -0.3504 -0.7941 0.4966
vn -0.4881 -0.6872 0.5381
vn 0.7930 -0.5943 -0.1336
vn 0.7405 -0.6473 -0.1807
vn 0.7079 -0.6496 -0.2772
vn 0.7262 -0.6599 -0.1926
vn 0.6771 -0.6871 -0.2635
vn 0.7346 -0.6573 0.1681
vn 0.5437 -0.6834 0.4873
vn 0.5336 -0.7172 0.4482
vn -0.5498 -0.6349 0.5428
vn -0.5007 -0.5988 0.6251
vn 0.7433 -0.3281 -0.5830
vn 0.8467 -0.4276 -0.3168
vn 0.8220 -0.2992 -0.4846
vn 0.8336 -0.5506 -0.0447
vn 0.8074 -0.5653 -0.1689
vn 0.7164 -0.6445 -0.2671
vn 0.4394 -0.7110 0.5490
vn 0.2261 -0.7759 0.5890
vn 0.2642 -0.6953 0.6684
vn -0.1844 0.0519 -0.9815
vn -0.7606 -0.3005 0.5755
vn -0.6466 -0.4661 0.6039
vn 0.7880 0.0029 -0.6157
vn 0.8007 -0.2523 -0.5433
vn 0.0419 -0.7574 0.6516
vn 0.0735 -0.6795 0.7300
vn -0.4341 0.0973 -0.8956
vn -0.6163 0.2235 -0.7551
vn -0.8877 -0.1034 0.4486
vn -0.8972 -0.0866 0.4330
vn -0.8943 -0.0891 0.4386
vn -0.9807 -0.0124 0.1949
vn -0.9813 -0.0668 0.1806
vn -0.8353 -0.2396 0.4949
vn 0.6239 0.3865 -0.6792
vn 0.7519 0.0669 -0.6559
vn -0.0735 -0.7300 0.6795
vn -0.0419 -0.6516 0.7574
vn -0.7101 0.1166 -0.6944
vn -0.9151 0.1648 -0.3679
vn -0.9879 0.1098 -0.1098
vn -0.9744 0.1043 0.1990
vn -0.8381 0.0331 0.5445
vn -0.8819 -0.0123 0.4712
vn 0.2531 0.6995 -0.6683
vn 0.5480 0.5401 -0.6388
vn 0.2214 0.5285 -0.8196
vn 0.3513 0.6747 -0.6492
vn 0.6771 0.5053 -0.5350
vn -0.1900 -0.6811 0.7072
vn -0.0999 -0.5863 0.8039
vn -0.9667 0.0677 0.2469
vn 0.1313 0.5688 -0.8120
vn 0.0667 0.4880 -0.8703
vn -0.2278 -0.5093 0.8299
vn 0.0355 0.4514 -0.8916
vn -0.0115 0.4747 -0.8801
vn -0.5336 -0.3806 0.7553
vn -0.4915 -0.3561 0.7947
vn -0.3863 -0.4318 0.8150
vn -0.1057 0.4242 -0.8994
vn -0.0989 0.4442 -0.8905
vn -0.6534 -0.2844 0.7015
vn -0.1121 0.4156 -0.9026
vn -0.2884 0.4711 -0.8336
vn -0.7984 -0.1774 0.5755
vn -0.7764 -0.1510 0.6118
vn -0.7820 -0.1766 0.5977
vn -0.7412 -0.2403 0.6268
vn -0.5091 0.5220 -0.6844
vn -0.5353 0.6574 -0.5303
vn -0.8746 -0.0405 0.4831
vn -0.8315 -0.0928 0.5477
vn -0.6048 0.6101 -0.5118
vn -0.8128 0.5490 -0.1946
vn -0.8906 0.4547 0.0031
vn -0.9713 0.2126 0.1065
vn -0.9548 0.1591 0.2512
vn -0.8666 0.0126 0.4988
vn 0.9693 0.1134 -0.2179
vn 0.9884 0.0541 -0.1418
vn 0.8208 0.0569 -0.5684
vn 0.9762 0.0787 0.2019
vn 0.5385 -0.0611 -0.8404
vn 0.7530 -0.0153 -0.6579
vn 0.9884 0.1074 0.1069
vn 0.9841 0.1504 0.0946
vn 0.9189 0.1652 0.3583
vn 0.7852 0.1892 0.5896
vn 0.8257 0.1908 0.5308
vn 0.7396 0.1943 0.6444
vn 0.3104 -0.1098 -0.9443
vn 0.6215 0.1643 0.7660
vn 0.4330 0.1474 0.8893
vn 0.1516 -0.2144 -0.9649
vn 0.1566 -0.1611 -0.9744
vn 0.1669 0.1155 0.9792
vn -0.1243 -0.1240 -0.9845
vn -0.0820 -0.1097 -0.9906
vn -0.1935 0.1210 0.9736
vn -0.4230 -0.0975 -0.9009
vn -0.5560 0.1451 0.8184
vn -0.4015 0.1502 0.9034
vn -0.7012 -0.0555 -0.7108
vn -0.7042 -0.0437 -0.7087
vn -0.8298 0.1249 0.5439
vn -0.7656 0.1275 0.6305
vn -0.8778 -0.0484 -0.4767
vn -0.9733 -0.0305 -0.2276
vn -0.9157 0.0085 0.4017
vn -0.8744 0.0482 0.4828
vn -0.9934 -0.0066 -0.1141
vn -0.9782 -0.0000 0.2076
vn 0.9293 -0.2496 -0.2722
vn 0.8689 -0.4844 0.1015
vn 0.6077 -0.6828 0.4057
vn 0.3736 -0.2991 -0.8780
vn 0.7418 -0.4838 -0.4644
vn 0.7870 -0.5891 0.1833
vn -0.0644 -0.6394 0.7662
vn 0.5136 -0.5693 0.6420
vn 0.7213 -0.2984 -0.6251
vn 0.7647 -0.3659 -0.5305
vn 0.8939 -0.3869 -0.2264
vn 0.7572 -0.6232 0.1958
vn 0.4910 -0.6981 0.5210
vn 0.1394 -0.8354 0.5316
vn 0.1861 -0.6948 0.6948
vn 0.1389 -0.2677 -0.9534
vn 0.0439 -0.4127 0.9098
vn 0.6224 -0.2328 -0.7473
vn 0.7241 -0.2389 -0.6470
vn 0.0361 -0.8036 0.5940
vn 0.0127 -0.7142 0.6998
vn -0.1979 -0.2518 -0.9473
vn -0.2649 -0.2913 0.9192
vn 0.4007 -0.1406 -0.9054
vn 0.4922 -0.1841 -0.8508
vn 0.2231 -0.7723 0.5948
vn 0.1958 -0.7327 0.6517
vn -0.8287 -0.1831 -0.5289
vn -0.7655 -0.4153 -0.4914
vn -0.8404 -0.1905 0.5074
vn -0.7749 -0.4194 0.4729
vn 0.1710 -0.0926 -0.9809
vn 0.4303 -0.6629 0.6126
vn 0.4445 -0.6548 0.6113
vn 0.5176 -0.6109 0.5990
vn 0.4551 -0.6500 0.6086
vn 0.4610 -0.6025 0.6515
vn 0.4226 -0.6323 0.6493
vn 0.3671 -0.8001 0.4743
vn 0.3127 -0.6713 0.6720
vn 0.0682 -0.8695 0.4892
vn 0.1460 -0.7194 0.6791
vn -0.0143 -0.9138 0.4060
vn -0.1535 -0.7599 0.6317
vn -0.0753 -0.5976 0.7983
vn 0.6665 -0.7284 -0.1591
vn 0.5954 -0.7770 0.2043
vn -0.4220 -0.5976 0.6817
vn -0.3663 -0.4938 0.7887
vn 0.8898 -0.3949 -0.2288
vn 0.8761 -0.4820 -0.0075
vn 0.8541 -0.5128 -0.0870
vn 0.7182 -0.6853 -0.1206
vn 0.7289 -0.6776 -0.0984
vn 0.6405 -0.7676 -0.0247
vn 0.4052 -0.8649 0.2962
vn 0.4858 -0.8680 0.1026
vn 0.3184 -0.7442 0.5872
vn -0.1472 0.0131 -0.9890
vn -0.7200 -0.3334 0.6087
vn -0.7468 -0.2606 0.6118
vn -0.6177 -0.3606 0.6988
vn 0.8919 -0.0286 -0.4512
vn 0.8985 -0.1733 -0.4033
vn 0.9228 -0.3398 -0.1816
vn 0.9153 -0.4027 -0.0000
vn 0.8997 -0.4350 -0.0371
vn 0.7726 -0.6311 -0.0685
vn 0.3193 -0.8851 0.3385
vn 0.1327 -0.7420 0.6571
vn 0.2695 -0.7159 0.6441
vn -0.4407 0.0498 -0.8963
vn -0.8681 0.0156 0.4961
vn -0.9110 0.0141 0.4123
vn -0.9769 -0.0014 0.2135
vn -0.9297 -0.1511 0.3358
vn 0.7922 0.2791 -0.5427
vn 0.8399 0.2877 -0.4602
vn 0.8161 0.3795 -0.4357
vn 0.8688 0.0614 -0.4913
vn 0.0287 -0.6569 0.7534
vn 0.1451 -0.5481 0.8238
vn -0.6636 0.0885 -0.7428
vn -0.8099 0.1730 -0.5604
vn -0.9473 0.1053 -0.3024
vn -0.8338 0.0550 0.5493
vn -0.8618 0.0752 0.5017
vn 0.2918 0.4604 -0.8384
vn 0.6824 0.3998 -0.6120
vn -0.0332 -0.5679 0.8224
vn 0.0063 -0.3878 0.9217
vn -0.9439 0.1860 -0.2728
vn -0.9445 0.0806 0.3184
vn 0.0958 0.4834 -0.8701
vn -0.2051 -0.4875 0.8487
vn -0.1624 -0.3451 0.9244
vn 0.0008 0.5159 -0.8567
vn -0.4294 -0.2856 0.8568
vn -0.1778 0.5037 -0.8454
vn -0.6325 -0.2808 0.7219
vn -0.6610 -0.2008 0.7230
vn -0.5631 -0.2368 0.7918
vn -0.2824 0.4306 -0.8572
vn -0.2415 0.3942 -0.8867
vn -0.7413 -0.0945 0.6644
vn -0.7449 -0.1288 0.6546
vn -0.3845 0.4311 -0.8163
vn -0.4248 0.4764 -0.7698
vn -0.8331 0.0089 0.5531
vn -0.7908 -0.0451 0.6104
vn -0.5350 0.5058 -0.6767
vn -0.6662 0.6098 -0.4293
vn -0.8357 0.5357 -0.1206
vn -0.8585 0.5080 0.0702
vn -0.9223 0.3289 0.2030
vn -0.9642 0.2377 0.1173
vn -0.9121 0.1958 0.3601
vn -0.8094 0.0459 0.5855
vn -0.6785 0.6234 -0.3886
vn -0.7930 0.6059 -0.0631
vn -0.8320 0.5304 0.1628
vn -0.8998 0.3228 0.2934
vn 0.8247 -0.0943 -0.5576
vn 0.9781 -0.0957 -0.1849
vn 0.9907 -0.0656 0.1194
vn 0.9748 0.2166 0.0528
vn 0.9941 0.0987 0.0456
vn 0.9907 0.0656 -0.1193
vn 0.9708 0.1312 0.2007
vn 0.5270 -0.0630 -0.8475
vn 0.7381 -0.0613 -0.6719
vn 1.0000 0.0063 0.0047
vn 0.9259 0.1497 0.3470
vn 0.8279 0.1318 0.5452
vn 0.7202 0.1097 0.6851
vn 0.2551 -0.0671 -0.9646
vn 0.5990 0.0580 0.7987
vn 0.4370 0.0496 0.8981
vn 0.1211 -0.1491 -0.9814
vn -0.1073 -0.1624 -0.9809
vn -0.4459 -0.1726 -0.8783
vn -0.5307 0.1916 0.8256
vn -0.4459 0.0840 0.8912
vn -0.6572 -0.1095 -0.7458
vn -0.6795 -0.0875 -0.7285
vn -0.7675 0.1872 0.6131
vn -0.7645 0.1047 0.6361
vn -0.6362 0.1051 0.7643
vn -0.8518 -0.0849 -0.5169
vn -0.9453 -0.0183 -0.3256
vn -0.9423 0.0770 0.3259
vn -0.9054 0.1110 0.4098
vn -0.8439 0.1038 0.5264
vn -0.9841 0.0392 -0.1731
vn -0.9846 0.0600 0.1644
vn 0.6004 -0.6400 -0.4794
vn 0.6641 -0.7060 0.2461
vn 0.7343 -0.5002 -0.4589
vn 0.7139 -0.6981 -0.0555
vn 0.7295 -0.5815 -0.3600
vn 0.3847 -0.8305 0.4029
vn 0.4807 -0.7703 0.4190
vn 0.2271 -0.7705 0.5956
vn 0.2647 -0.8278 -0.4947
vn 0.2561 -0.8573 0.4465
vn 0.6467 -0.3381 -0.6838
vn 0.7382 -0.3617 -0.5694
vn 0.7487 -0.5156 -0.4166
vn 0.1498 -0.7895 0.5952
vn 0.2140 -0.7149 0.6656
vn 0.0012 -0.7488 0.6628
vn -0.3208 -0.8138 -0.4845
vn -0.3305 -0.8248 0.4588
vn 0.4616 -0.2975 -0.8357
vn 0.5004 -0.2770 -0.8203
vn 0.1043 -0.7284 0.6772
vn 0.1979 -0.7368 0.6465
vn 0.2689 -0.5748 0.7728
vn 0.2560 -0.2087 -0.9439
vn 0.3949 -0.2524 -0.8834
vn 0.4560 -0.6661 0.5902
vn 0.5236 -0.5131 0.6802
vn 0.1099 -0.1099 -0.9879
vn 0.6198 -0.4723 0.6267
vn 0.5276 -0.5885 0.6126
vn 0.6364 -0.4417 0.6323
vn 0.0415 -0.0138 -0.9990
vn 0.5968 -0.4273 0.6792
vn 0.3583 -0.5438 0.7589
vn 0.4434 -0.4193 0.7922
vn 0.2324 -0.5507 0.8017
vn 0.2178 -0.3936 0.8931
vn 0.2037 -0.4559 0.8664
vn 0.0310 -0.4384 0.8982
vn -0.3373 -0.4070 0.8489
vn -0.3211 -0.3859 0.8648
vn -0.1211 -0.4342 0.8926
vn 0.6606 -0.7467 0.0770
vn -0.6845 -0.2926 0.6677
vn 0.9439 0.0388 -0.3280
vn 0.9560 -0.0242 -0.2923
vn 0.9787 -0.1886 -0.0813
vn 0.9623 -0.2666 0.0539
vn 0.9025 -0.4101 0.1313
vn 0.8164 -0.5626 0.1301
vn 0.7108 -0.6447 0.2812
vn 0.4752 -0.7235 0.5006
vn 0.5955 -0.6538 0.4670
vn -0.8299 0.0968 0.5495
vn -0.8786 0.0856 0.4698
vn -0.9377 -0.0156 0.3471
vn -0.8637 -0.1998 0.4626
vn 0.7393 0.4093 -0.5346
vn 0.8661 0.2678 -0.4220
vn 0.6757 0.2891 -0.6782
vn 0.9274 0.1707 -0.3328
vn 0.9472 0.0522 -0.3164
vn 0.5310 -0.5885 0.6098
vn 0.4304 -0.4621 0.7754
vn -0.5416 0.2316 -0.8081
vn -0.7105 0.3092 -0.6321
vn -0.8626 0.1175 0.4920
vn -0.8509 0.1328 0.5082
vn 0.2650 0.4870 -0.8322
vn 0.5425 0.3532 -0.7622
vn 0.2545 0.4086 -0.8765
vn 0.1542 -0.2323 0.9604
vn -0.9369 0.2888 -0.1971
vn -0.9166 0.1303 0.3781
vn 0.1040 0.4910 -0.8649
vn -0.1590 -0.1627 0.9738
vn 0.0243 0.4855 -0.8739
vn 0.0394 0.5277 -0.8485
vn -0.4364 -0.1480 0.8875
vn -0.2048 0.5321 -0.8215
vn -0.1804 0.5456 -0.8184
vn -0.6298 -0.1149 0.7682
vn -0.5495 -0.1371 0.8242
vn -0.2920 0.5285 -0.7972
vn -0.3203 0.4902 -0.8106
vn -0.7099 -0.0289 0.7037
vn -0.7071 -0.0609 0.7045
vn -0.3601 0.4531 -0.8155
vn -0.3764 0.4706 -0.7980
vn -0.7897 0.0502 0.6115
vn -0.7498 0.0002 0.6617
vn -0.4530 0.5014 -0.7372
vn -0.4130 0.4585 -0.7869
vn -0.9042 0.2058 0.3742
vn -0.7431 0.1421 0.6539
vn -0.7647 0.0862 0.6385
vn -0.4603 0.5082 -0.7279
vn -0.6431 0.6928 -0.3262
vn -0.5168 0.5606 -0.6471
vn -0.7587 0.6510 0.0247
vn -0.8224 0.4942 0.2818
vn -0.7436 0.3394 0.5760
vn -0.8624 0.3198 0.3925
vn -0.8572 0.2181 0.4665
vn -0.7337 0.6225 -0.2722
vn -0.7996 0.5926 0.0971
vn -0.8092 0.4387 0.3909
vn 0.9431 -0.2050 -0.2617
vn 0.9787 0.0306 -0.2029
vn 0.9925 0.1059 -0.0604
vn 0.9814 0.1512 0.1182
vn 0.5604 -0.1178 -0.8198
vn 0.7490 -0.1322 -0.6493
vn 0.9358 -0.1616 -0.3132
vn 0.9917 -0.0346 -0.1242
vn 0.9401 0.1572 0.3024
vn 0.8103 0.1291 0.5716
vn 0.6762 0.0882 0.7314
vn 0.2214 -0.0745 -0.9723
vn 0.5721 0.0523 0.8185
vn 0.4294 0.0376 0.9024
vn 0.0684 -0.1504 -0.9863
vn 0.1602 -0.0000 0.9871
vn -0.1204 -0.1761 -0.9770
vn -0.4271 -0.1874 -0.8846
vn -0.6085 -0.1283 -0.7831
vn -0.6560 -0.1064 -0.7472
vn -0.8088 -0.1085 -0.5780
vn -0.8765 -0.0661 -0.4768
vn -0.9474 -0.0514 0.3158
vn -0.9099 -0.0235 0.4142
vn -0.8380 -0.0106 0.5455
vn -0.9683 -0.0512 -0.2444
vn -0.9861 -0.0525 0.1574
vn 0.6677 -0.7414 0.0674
vn 0.7162 -0.4070 -0.5669
vn 0.7968 -0.5675 -0.2076
vn 0.7778 -0.4897 -0.3939
vn 0.6228 -0.7749 0.1078
vn 0.4937 -0.7575 0.4271
vn 0.5478 -0.4056 -0.7318
vn 0.6792 -0.4781 -0.5570
vn 0.5474 -0.6887 0.4754
vn 0.3631 -0.4631 0.8085
vn 0.4692 -0.4651 0.7507
vn 0.3586 -0.2329 -0.9040
vn 0.4834 -0.2830 -0.8284
vn 0.5341 -0.3540 0.7677
vn 0.5941 -0.2716 0.7572
vn 0.2156 -0.1081 -0.9705
vn 0.7040 -0.2390 0.6688
vn 0.6857 -0.2484 0.6842
vn 0.0956 -0.0136 -0.9953
vn 0.6423 -0.2379 0.7286
vn 0.5291 -0.2373 0.8147
vn 0.2693 -0.1862 0.9449
vn 0.0514 -0.3158 0.9474
vn 0.0004 -0.2430 0.9700
vn -0.3788 -0.2909 0.8786
vn -0.6992 -0.2993 0.6493
vn -0.7528 -0.2257 0.6183
vn -0.6128 -0.2556 0.7477
vn 0.9434 0.1048 -0.3145
vn 0.9371 0.1558 -0.3124
vn 0.9857 0.0527 -0.1600
vn 0.9864 -0.1499 0.0679
vn 0.9424 -0.2735 0.1924
vn 0.8800 -0.3980 0.2591
vn 0.8902 -0.3454 0.2970
vn 0.8401 -0.5019 0.2059
vn 0.7092 -0.6093 0.3548
vn -0.2018 0.1454 -0.9686
vn -0.8706 0.0921 0.4832
vn -0.8789 0.0294 0.4762
vn -0.8641 -0.0701 0.4983
vn 0.7722 0.1061 -0.6265
vn 0.8913 0.1098 -0.4398
vn 0.9436 0.1501 -0.2952
vn 0.8747 -0.3852 0.2942
vn 0.8535 -0.4501 0.2624
vn 0.7721 -0.4716 0.4260
vn 0.6196 -0.4347 0.6536
vn 0.6990 -0.4285 0.5725
vn -0.4789 0.2929 -0.8275
vn -0.6467 0.3391 -0.6832
vn -0.8674 0.0753 0.4919
vn -0.8503 0.0536 0.5236
vn -0.8525 0.0473 0.5206
vn 0.4145 0.2417 -0.8774
vn 0.6780 0.1488 -0.7199
vn 0.6040 -0.4153 0.6802
vn 0.3098 -0.3065 0.9000
vn -0.6864 0.3447 -0.6403
vn -0.9279 0.3682 -0.0588
vn -0.8732 0.1272 0.4704
vn 0.2233 0.3758 -0.8994
vn -0.1300 -0.2189 0.9671
vn 0.0790 0.5441 -0.8353
vn 0.2868 0.4215 -0.8603
vn 0.0947 0.4306 -0.8976
vn -0.4281 -0.1931 0.8828
vn -0.0850 0.4681 -0.8796
vn -0.2119 0.4700 -0.8569
vn -0.6025 -0.1271 0.7879
vn -0.5378 -0.1704 0.8257
vn -0.3616 0.4534 -0.8147
vn -0.3349 0.4791 -0.8114
vn -0.6851 -0.0410 0.7273
vn -0.6603 -0.0870 0.7460
vn -0.3621 0.4528 -0.8148
vn -0.3621 0.4527 -0.8148
vn -0.7471 0.0423 0.6633
vn -0.7199 -0.0075 0.6940
vn -0.3580 0.4528 -0.8166
vn -0.7093 0.0987 0.6980
vn -0.7288 0.0753 0.6805
vn -0.4544 0.4596 -0.7630
vn -0.4989 0.5313 -0.6847
vn -0.7722 0.2425 0.5873
vn -0.8377 0.2571 0.4817
vn -0.8125 0.1429 0.5651
vn -0.5584 0.4874 -0.6713
vn -0.7808 0.5860 -0.2170
vn -0.6486 0.5136 -0.5617
vn -0.8845 0.4043 0.2328
vn -0.9000 0.3625 0.2422
vn -0.8550 0.2332 0.4632
vn -0.8548 0.4966 -0.1508
vn 0.9468 0.0844 -0.3104
vn 0.9889 0.1070 -0.1033
vn 0.9319 0.2071 0.2979
vn 0.9488 0.1030 0.2987
vn 0.8723 0.1097 0.4766
vn 0.6512 -0.1143 -0.7503
vn 0.9135 -0.0736 -0.4001
vn 0.6917 -0.0974 -0.7156
vn 0.9610 0.0504 -0.2717
vn 0.8013 0.1192 0.5862
vn 0.6350 0.0998 0.7660
vn 0.2344 -0.0172 -0.9720
vn 0.5393 -0.0886 -0.8374
vn 0.5523 0.0921 0.8285
vn 0.3786 0.0887 0.9213
vn -0.1608 -0.0549 -0.9855
vn -0.4373 -0.0784 -0.8959
vn -0.5759 -0.0675 -0.8147
vn -0.6762 -0.0882 -0.7314
vn -0.8103 -0.1291 -0.5716
vn -0.9549 -0.1600 -0.2500
vn -0.9462 -0.2103 -0.2460
vn -0.9641 -0.2142 0.1566
vn -0.9811 -0.1500 0.1218
vn -0.9335 -0.0540 0.3546
vn -0.8538 -0.0000 0.5206
vn 0.7869 -0.6062 -0.1152
vn 0.6486 -0.4950 -0.5782
vn 0.7313 -0.4820 -0.4826
vn 0.8148 -0.5786 -0.0360
vn 0.6573 -0.5324 0.5333
vn 0.7192 -0.5504 0.4240
vn 0.4729 -0.3153 -0.8228
vn 0.5714 -0.2836 -0.7701
vn 0.6876 -0.4253 -0.5885
vn 0.7030 -0.4983 0.5074
vn 0.6890 -0.2217 0.6900
vn 0.7338 -0.1681 0.6582
vn 0.3463 -0.1120 -0.9314
vn 0.4190 -0.2100 -0.8833
vn 0.6797 -0.1177 0.7240
vn 0.6990 -0.1819 0.6916
vn 0.7643 -0.1051 0.6363
vn 0.7667 -0.0843 0.6365
vn 0.6373 -0.1070 0.7632
vn 0.5925 -0.0864 0.8009
vn 0.4778 -0.1221 0.8700
vn 0.2543 -0.1640 0.9531
vn -0.0763 -0.2316 0.9698
vn -0.4152 -0.2302 0.8801
vn -0.7112 -0.1852 0.6782
vn -0.5787 -0.2254 0.7838
vn 0.9506 0.0407 -0.3078
vn 0.9725 -0.0206 -0.2319
vn 0.9845 -0.1717 0.0367
vn 0.9415 -0.2746 0.1957
vn 0.9053 -0.3151 0.2848
vn 0.9282 -0.3095 0.2063
vn -0.0350 0.0485 -0.9982
vn -0.8323 -0.1090 0.5434
vn -0.8110 -0.1361 0.5690
vn 0.7710 0.0652 -0.6335
vn 0.8837 0.0801 -0.4612
vn 0.9507 0.0636 -0.3034
vn 0.9053 -0.3019 0.2988
vn 0.8773 -0.3395 0.3393
vn 0.8613 -0.3826 0.3343
vn 0.7500 -0.4561 0.4790
vn 0.8163 -0.4311 0.3846
vn -0.3239 0.1599 -0.9325
vn -0.8255 -0.0165 0.5642
vn -0.8221 -0.0739 0.5646
vn -0.8298 -0.0949 0.5500
vn 0.4819 0.1412 -0.8648
vn 0.7158 0.0719 -0.6946
vn 0.7050 -0.4958 0.5071
vn 0.4527 -0.4387 0.7763
vn 0.4582 -0.5348 0.7099
vn -0.6596 0.3253 -0.6775
vn -0.8561 0.3434 -0.3863
vn -0.9222 0.3766 0.0882
vn -0.7903 0.1962 0.5805
vn -0.8061 0.0721 0.5874
vn 0.2853 0.2900 -0.9135
vn 0.3096 0.2042 -0.9287
vn 0.2126 -0.5581 0.8021
vn -0.0653 -0.4461 0.8926
vn -0.9378 0.3060 0.1638
vn 0.1438 0.2224 -0.9643
vn -0.4215 -0.2868 0.8603
vn -0.3697 -0.3638 0.8550
vn -0.2781 -0.4104 0.8685
vn -0.1273 0.2813 -0.9511
vn -0.2053 0.3975 -0.8943
vn -0.5365 -0.2735 0.7984
vn -0.3400 0.4608 -0.8198
vn -0.3458 0.3940 -0.8516
vn -0.6358 -0.1295 0.7609
vn -0.5876 -0.2200 0.7787
vn -0.3588 0.4116 -0.8378
vn -0.6921 -0.0583 0.7195
vn -0.6652 -0.0958 0.7405
vn -0.7034 0.0053 0.7107
vn -0.7056 -0.0217 0.7082
vn -0.4207 0.4429 -0.7917
vn -0.8388 0.1776 0.5146
vn -0.8603 0.1615 0.4835
vn -0.7863 0.0468 0.6160
vn -0.5746 0.4362 -0.6925
vn -0.6260 0.4798 -0.6148
vn -0.9335 0.2189 0.2840
vn -0.8848 0.2346 0.4027
vn -0.8530 0.1982 0.4828
vn -0.8315 0.2044 0.5166
vn -0.6945 0.4509 -0.5607
vn -0.9113 0.4113 -0.0211
vn -0.8701 0.2802 0.4055
vn 0.9474 0.0525 -0.3158
vn 0.9928 0.0554 -0.1060
vn 0.9615 0.0609 0.2678
vn 0.9107 0.1063 0.3992
vn 0.7240 -0.0453 -0.6883
vn 0.8806 0.0027 -0.4738
vn 0.8148 0.1352 0.5637
vn 0.6305 0.1275 0.7656
vn 0.2793 -0.0110 -0.9601
vn 0.6009 -0.0494 -0.7978
vn -0.1602 -0.0000 -0.9871
vn -0.4393 -0.0000 -0.8983
vn -0.5980 -0.0077 -0.8015
vn -0.7246 -0.0556 -0.6869
vn -0.8332 -0.0875 -0.5459
vn -0.9624 -0.1069 -0.2496
vn -0.9929 -0.0965 0.0688
vn -0.9567 -0.0141 0.2908
vn 0.8112 -0.5845 -0.0183
vn 0.6757 -0.4144 -0.6097
vn 0.7637 -0.4730 -0.4394
vn 0.7763 -0.6303 -0.0032
vn 0.7847 -0.5193 0.3384
vn 0.8777 -0.3974 0.2679
vn 0.4621 -0.1484 -0.8743
vn 0.5605 -0.2144 -0.7999
vn 0.8626 -0.1811 0.4723
vn 0.7201 -0.1571 0.6758
vn 0.2032 -0.0506 -0.9778
vn 0.6933 -0.1956 0.6936
vn 0.4761 -0.3051 0.8248
vn 0.3350 -0.3718 0.8658
vn 0.1440 -0.4299 0.8913
vn -0.0835 -0.4670 0.8803
vn -0.3944 -0.3028 0.8676
vn -0.3739 -0.3723 0.8494
vn -0.1911 -0.4376 0.8786
vn -0.6424 -0.3062 0.7025
vn 0.9640 -0.1564 -0.2152
vn 0.9662 -0.2284 -0.1197
vn 0.9449 -0.3074 0.1123
vn 0.9283 -0.3094 0.2063
vn -0.8182 -0.1818 0.5455
vn -0.8108 -0.2248 0.5405
vn -0.8083 -0.2363 0.5393
vn -0.7715 -0.2585 0.5814
vn 0.7887 0.0433 -0.6132
vn 0.9034 -0.0035 -0.4287
vn 0.9744 -0.0957 -0.2035
vn 0.9054 -0.3018 0.2988
vn 0.8752 -0.3047 0.3756
vn 0.8027 -0.4122 0.4311
vn 0.8482 -0.3480 0.3994
vn -0.2242 0.0036 -0.9745
vn -0.7200 -0.1874 0.6682
vn -0.7724 -0.2143 0.5979
vn 0.5187 0.1332 -0.8445
vn 0.7508 0.0499 -0.6586
vn 0.7709 -0.3710 0.5178
vn 0.5207 -0.5816 0.6249
vn 0.5816 -0.5010 0.6409
vn -0.5449 0.0446 -0.8373
vn -0.7763 0.2741 -0.5677
vn -0.7342 -0.0276 0.6784
vn -0.7099 -0.1135 0.6951
vn 0.3242 0.1786 -0.9290
vn 0.4311 -0.5186 0.7384
vn -0.0065 -0.5818 0.8133
vn 0.1328 -0.5347 0.8345
vn -0.8642 0.0526 -0.5004
vn -0.9774 0.0115 0.2112
vn 0.1582 0.2141 -0.9639
vn -0.2904 -0.4356 0.8520
vn -0.0411 0.2279 -0.9728
vn -0.5009 -0.3620 0.7862
vn -0.4306 -0.3167 0.8451
vn -0.3741 -0.3806 0.8457
vn -0.1871 0.3381 -0.9223
vn -0.5482 -0.2397 0.8013
vn -0.3041 0.4046 -0.8624
vn -0.6692 -0.1992 0.7159
vn -0.6283 -0.2087 0.7495
vn -0.3540 0.4374 -0.8267
vn -0.3751 0.4402 -0.8158
vn -0.6578 -0.1208 0.7434
vn -0.6669 -0.1743 0.7244
vn -0.4074 0.4074 -0.8173
vn -0.4072 0.4457 -0.7972
vn -0.7590 0.0825 0.6458
vn -0.6967 -0.0582 0.7150
vn -0.4623 0.4155 -0.7833
vn -0.5456 0.4062 -0.7331
vn -0.8408 0.2803 0.4631
vn -0.7915 0.2519 0.5569
vn -0.7612 0.1790 0.6233
vn -0.7662 0.4080 -0.4965
vn -0.9034 0.3661 -0.2231
vn -0.9114 0.4020 0.0876
vn -0.8591 0.3287 0.3924
vn -0.8466 0.3163 0.4281
vn -0.8269 0.2850 0.4847
vn -0.9282 0.3595 0.0957
vn 0.9435 0.1048 -0.3145
vn 0.9930 0.0546 -0.1044
vn 0.9730 0.1028 0.2068
vn 0.9360 0.1454 0.3206
vn 0.6829 0.0154 -0.7303
vn 0.8665 0.0478 -0.4970
vn 0.8440 0.1397 0.5178
vn 0.5995 0.1244 0.7907
vn 0.2898 -0.0000 -0.9571
vn 0.5796 0.0033 -0.8149
vn -0.6270 -0.0092 -0.7790
vn -0.7706 -0.0382 -0.6362
vn -0.8525 -0.0473 -0.5206
vn -0.9660 -0.0539 -0.2527
vn -0.9990 -0.0415 0.0138
vn -0.9680 -0.0000 0.2508
vn 0.7338 -0.5418 -0.4100
vn 0.6888 -0.7222 0.0629
vn 0.7265 -0.6666 0.1670
vn 0.5837 -0.2514 -0.7721
vn 0.6713 -0.4837 -0.5616
vn 0.7129 -0.6355 -0.2965
vn 0.5869 -0.7958 0.1491
vn 0.5700 -0.8197 0.0566
vn 0.5390 -0.7619 0.3593
vn 0.6925 -0.6807 0.2387
vn 0.4519 -0.8641 -0.2214
vn 0.4712 -0.6201 0.6273
vn 0.2992 -0.2691 -0.9155
vn 0.5614 -0.3835 -0.7333
vn 0.5701 -0.8169 0.0876
vn 0.4442 -0.6491 0.6175
vn 0.2971 -0.6849 0.6653
vn 0.0639 -0.1375 -0.9884
vn 0.1241 -0.5900 0.7978
vn 0.1058 -0.7079 0.6983
vn -0.0876 -0.5834 0.8074
vn 0.0001 -0.6534 0.7570
vn -0.2677 -0.5517 0.7899
vn -0.0091 -0.0375 -0.9993
vn -0.6558 -0.3866 0.6484
vn -0.6504 -0.5075 0.5651
vn -0.5425 -0.5272 0.6541
vn 0.9761 -0.2073 -0.0646
vn 0.9424 -0.3060 0.1350
vn -0.0495 -0.0856 -0.9951
vn -0.7738 -0.3203 0.5465
vn -0.7160 -0.4199 0.5577
vn 0.8246 0.0773 -0.5604
vn 0.9350 -0.0634 -0.3489
vn 0.9809 -0.1618 -0.1077
vn 0.9646 -0.2638 0.0005
vn 0.9498 -0.2775 0.1448
vn 0.9326 -0.2881 0.2175
vn 0.8924 -0.3283 0.3096
vn 0.8554 -0.3031 0.4201
vn 0.8613 -0.3342 0.3828
vn -0.2423 -0.1626 -0.9565
vn -0.6663 -0.3318 0.6678
vn -0.7617 -0.3192 0.5638
vn 0.5520 0.1960 -0.8105
vn 0.6819 0.1834 -0.7081
vn 0.5135 0.1966 -0.8352
vn 0.7928 0.1018 -0.6009
vn 0.8155 -0.3713 0.4439
vn 0.6953 -0.4386 0.5694
vn 0.4963 -0.4920 0.7153
vn -0.7526 -0.1453 -0.6422
vn -0.6820 -0.3219 -0.6567
vn -0.8723 -0.3579 -0.3331
vn -0.6616 -0.2676 0.7005
vn -0.6198 -0.3247 0.7144
vn 0.3418 0.2917 -0.8933
vn 0.1630 -0.5451 0.8224
vn 0.2052 -0.5404 0.8160
vn -0.9191 -0.3090 0.2444
vn 0.1552 0.3621 -0.9191
vn -0.2400 -0.4207 0.8749
vn -0.1519 -0.4319 0.8891
vn -0.0000 0.4027 -0.9153
vn -0.3781 -0.3792 0.8446
vn -0.1104 0.4337 -0.8943
vn -0.5513 -0.2704 0.7892
vn -0.5509 -0.3016 0.7782
vn -0.4463 -0.3391 0.8281
vn -0.2588 0.4272 -0.8664
vn -0.6696 -0.2545 0.6978
vn -0.6329 -0.2675 0.7266
vn -0.6564 -0.2811 0.7001
vn -0.3739 0.4055 -0.8341
vn -0.3998 0.4451 -0.8012
vn -0.5798 -0.1835 0.7938
vn -0.4298 0.4246 -0.7969
vn -0.4574 0.3876 -0.8004
vn -0.6277 0.0060 0.7784
vn -0.5669 -0.1357 0.8125
vn -0.5241 0.3078 -0.7941
vn -0.5367 0.3601 -0.7631
vn -0.7381 0.2148 0.6396
vn -0.6772 0.1408 0.7222
vn -0.6334 0.2838 -0.7199
vn -0.8229 0.3305 -0.4621
vn -0.7060 0.2542 -0.6611
vn -0.8389 0.3769 0.3927
vn -0.7931 0.4195 0.4416
vn -0.7990 0.2741 0.5353
vn -0.8579 0.2848 -0.4277
vn -0.9445 0.3114 0.1042
vn 0.9867 0.0690 -0.1471
vn 0.8493 0.1036 0.5177
vn 0.8938 0.0993 0.4373
vn 0.7691 0.1051 0.6304
vn 0.6759 0.0030 -0.7369
vn 0.8588 0.0391 -0.5109
vn 0.5849 0.0890 0.8062
vn 0.6513 0.1085 0.7510
vn 0.4971 0.1018 0.8617
vn 0.5776 -0.0000 -0.8163
vn 0.2294 0.0807 0.9700
vn -0.0000 0.1091 0.9940
vn -0.1744 0.0955 0.9800
vn -0.4460 0.0426 0.8940
vn -0.6340 -0.0000 -0.7733
vn -0.7733 -0.0000 -0.6340
vn -0.6386 0.0225 0.7692
vn -0.8538 -0.0000 -0.5206
vn -0.9704 -0.0421 -0.2377
vn -0.9985 -0.0553 -0.0000
vn -0.9672 -0.0532 0.2484
vn -0.8598 -0.0115 0.5105
vn 0.6556 -0.7261 -0.2072
vn 0.5694 -0.7941 0.2126
vn 0.4056 -0.9027 0.1435
vn 0.4659 -0.5774 -0.6705
vn 0.5124 -0.7329 -0.4476
vn 0.6281 -0.7658 -0.1377
vn 0.5948 -0.7647 0.2478
vn 0.4636 -0.8665 0.1852
vn 0.4652 -0.7738 0.4299
vn 0.2980 -0.9191 0.2579
vn 0.2457 -0.8375 0.4881
vn 0.2160 -0.4608 -0.8608
vn 0.3545 -0.6491 -0.6731
vn 0.3622 -0.8829 0.2987
vn 0.2105 -0.9178 0.3368
vn 0.3065 -0.9292 0.2065
vn 0.1346 -0.8247 0.5493
vn 0.1276 -0.3491 -0.9284
vn 0.1899 -0.9094 0.3699
vn 0.0659 -0.7975 0.5996
vn 0.1320 -0.8216 0.5546
vn 0.0051 -0.2667 -0.9638
vn -0.2279 -0.7331 0.6408
vn -0.1770 -0.8001 0.5731
vn -0.0611 -0.3007 -0.9518
vn -0.5431 -0.6083 0.5788
vn -0.4849 -0.6184 0.6184
vn -0.4229 -0.7221 0.5474
vn -0.1413 -0.3578 -0.9230
vn -0.7378 -0.4017 0.5425
vn -0.6612 -0.5492 0.5110
vn -0.5985 -0.5938 0.5378
vn 0.8302 0.0733 -0.5525
vn 0.8569 0.1494 -0.4933
vn 0.7932 0.1514 -0.5899
vn 0.9757 -0.0195 -0.2184
vn 0.9924 -0.1223 -0.0132
vn 0.9890 -0.1472 0.0131
vn 0.9757 -0.1593 0.1505
vn 0.9009 -0.2941 0.3190
vn 0.8365 -0.3981 0.3766
vn 0.8782 -0.3632 0.3113
vn -0.3206 -0.5190 -0.7924
vn -0.6080 -0.4166 0.6758
vn -0.5351 -0.4904 0.6879
vn -0.6091 -0.5269 0.5927
vn 0.5651 0.2508 -0.7860
vn 0.7242 0.1979 -0.6606
vn 0.8123 -0.4095 0.4153
vn 0.7043 -0.5124 0.4913
vn 0.5131 -0.5663 0.6450
vn 0.5958 -0.5633 0.5725
vn -0.6015 -0.6319 -0.4887
vn -0.7563 -0.6190 0.2117
vn -0.8457 -0.4644 0.2628
vn 0.3971 0.3699 -0.8399
vn 0.3014 -0.6137 0.7298
vn 0.3359 -0.5765 0.7449
vn 0.1786 0.3873 -0.9045
vn 0.3750 0.4331 -0.8196
vn 0.2215 0.4827 -0.8473
vn 0.2015 -0.5653 0.7999
vn -0.0714 -0.4695 0.8800
vn 0.0168 0.4738 -0.8804
vn 0.0367 0.5115 -0.8585
vn -0.3596 -0.4532 0.8157
vn -0.3392 -0.4109 0.8462
vn -0.2841 -0.4316 0.8561
vn -0.0958 0.4834 -0.8701
vn -0.1088 0.4722 -0.8748
vn -0.5109 -0.3524 0.7841
vn -0.2775 0.4666 -0.8398
vn -0.2831 0.4272 -0.8587
vn -0.5502 -0.2520 0.7961
vn -0.6199 -0.2874 0.7301
vn -0.3695 0.4149 -0.8315
vn -0.3683 0.3950 -0.8416
vn -0.5767 -0.2022 0.7915
vn -0.5092 -0.1409 0.8490
vn -0.5124 -0.1783 0.8400
vn -0.4785 0.3847 -0.7893
vn -0.5009 0.4203 -0.7566
vn -0.4889 -0.0782 0.8688
vn -0.5712 0.3666 -0.7344
vn -0.5904 0.3075 -0.7462
vn -0.6450 0.0997 0.7576
vn -0.5198 0.0351 0.8535
vn -0.6824 0.2240 -0.6958
vn -0.7182 0.1912 -0.6691
vn -0.7818 0.4559 0.4253
vn -0.7855 0.2106 0.5819
vn -0.7628 0.1626 0.6259
vn -0.8933 0.1524 -0.4228
vn -0.9836 0.1790 0.0211
vn -0.8824 0.2613 0.3912
vn 0.9858 0.0543 -0.1591
vn 0.6398 0.0135 -0.7684
vn 0.6413 0.0736 0.7638
vn 0.4953 0.0948 0.8635
vn 0.5563 0.0027 -0.8309
vn 0.2697 0.1691 0.9480
vn 0.0274 0.2417 0.9700
vn -0.2165 0.1998 0.9556
vn -0.7879 0.0463 0.6140
vn -0.6853 0.0646 0.7254
vn -0.8701 -0.0117 -0.4927
vn -0.9764 -0.0545 -0.2088
vn -0.9998 -0.0138 -0.0139
vn -0.9748 0.0126 0.2228
vn -0.8744 0.0486 0.4829
vn 0.5004 -0.8554 -0.1340
vn 0.4692 -0.8417 0.2671
vn 0.2954 -0.7431 -0.6004
vn 0.3810 -0.9169 -0.1190
vn 0.3465 -0.8906 0.2947
vn 0.3497 -0.8774 0.3286
vn 0.2546 -0.7017 -0.6655
vn 0.4131 -0.9018 -0.1269
vn 0.3612 -0.8076 -0.4662
vn 0.2478 -0.9209 0.3010
vn 0.2559 -0.9437 0.2098
vn 0.2877 -0.8759 0.3872
vn 0.1823 -0.8681 0.4617
vn 0.0600 -0.6340 -0.7710
vn 0.1033 -0.7730 -0.6259
vn 0.1185 -0.9475 0.2969
vn -0.0293 -0.9091 0.4156
vn -0.0171 -0.9444 0.3284
vn -0.1728 -0.8429 0.5095
vn -0.1074 -0.5771 -0.8096
vn -0.1453 -0.7503 -0.6449
vn -0.2989 -0.8351 0.4617
vn -0.2409 -0.8233 0.5140
vn -0.0979 -0.9000 0.4247
vn -0.4019 -0.7868 0.4683
vn -0.2116 -0.6636 -0.7175
vn -0.3074 -0.8187 -0.4851
vn -0.5188 -0.6730 0.5271
vn -0.4235 -0.7064 0.5671
vn 0.8202 0.1735 -0.5452
vn 0.9069 0.1288 -0.4012
vn 0.9953 0.0136 -0.0956
vn 1.0000 -0.0000 -0.0000
vn 0.9970 -0.0550 0.0550
vn 0.9437 -0.1689 0.2846
vn 0.8287 -0.3371 0.4467
vn 0.8310 -0.2572 0.4933
vn -0.4165 -0.7516 -0.5115
vn -0.5402 -0.8330 0.1193
vn -0.5838 -0.7948 0.1656
vn 0.6294 0.2940 -0.7193
vn 0.7768 0.1988 -0.5975
vn 0.7975 -0.3069 0.5194
vn 0.7239 -0.4527 0.5207
vn 0.6173 -0.5769 0.5349
vn 0.6320 -0.5024 0.5901
vn 0.4350 0.4360 -0.7878
vn 0.5336 0.3422 -0.7734
vn 0.4942 0.3099 -0.8122
vn 0.5744 -0.6000 0.5569
vn 0.4396 -0.6162 0.6535
vn 0.2691 0.4115 -0.8708
vn -0.0213 -0.4517 0.8919
vn 0.0529 -0.5474 0.8352
vn -0.0000 0.5547 -0.8320
vn 0.0993 0.4372 -0.8938
vn -0.0000 0.4357 -0.9001
vn -0.3112 -0.4588 0.8323
vn -0.0993 0.4372 -0.8939
vn -0.1727 0.4149 -0.8933
vn -0.5284 -0.3626 0.7677
vn -0.4806 -0.2964 0.8253
vn -0.3571 -0.3790 0.8537
vn -0.3213 0.3959 -0.8603
vn -0.4779 -0.1466 0.8661
vn -0.3763 0.3763 -0.8467
vn -0.3763 0.3763 -0.8466
vn -0.4468 -0.0497 0.8932
vn -0.4118 -0.0783 0.9079
vn -0.4810 0.3561 -0.8011
vn -0.4343 -0.0372 0.9000
vn -0.6100 0.3053 -0.7312
vn -0.6708 0.2714 -0.6902
vn -0.5728 0.0441 0.8185
vn -0.4152 0.0269 0.9093
vn -0.7775 0.1819 -0.6021
vn -0.8168 0.1355 -0.5608
vn -0.7863 0.0874 0.6116
vn -0.7525 0.0762 0.6542
vn -0.9214 0.0626 -0.3835
vn -0.9993 0.0275 -0.0268
vn -0.9279 0.0888 0.3622
vn 0.9436 -0.1037 -0.3145
vn 0.9787 -0.1453 -0.1452
vn 0.9754 -0.1559 0.1559
vn 0.8998 -0.1122 0.4216
vn 0.7852 -0.0906 0.6126
vn 0.6340 -0.0490 -0.7718
vn 0.8548 -0.0870 -0.5116
vn 0.7044 0.0002 0.7098
vn 0.5722 0.0685 0.8172
vn 0.2999 -0.0378 -0.9532
vn 0.5541 -0.0461 -0.8312
vn 0.3388 0.1938 0.9207
vn 0.0275 0.3024 0.9528
vn 0.1994 0.2287 0.9528
vn 0.0482 0.2952 0.9542
vn -0.2974 0.2094 0.9315
vn -0.1065 0.2654 0.9582
vn -0.5715 0.0955 0.8150
vn -0.7666 0.0602 0.6393
vn -0.7051 0.0523 0.7072
vn -0.8761 -0.0000 -0.4822
vn -0.9637 0.0552 -0.2612
vn -0.9650 0.1615 0.2065
vn -0.8496 0.1006 0.5178
vn 0.3323 -0.9409 -0.0656
vn 0.1344 -0.9906 -0.0250
vn 0.0265 -0.9406 0.3386
vn -0.1546 -0.9876 -0.0288
vn -0.4016 -0.9149 0.0411
vn 0.8656 0.1147 -0.4874
vn 0.9445 0.0910 -0.3157
vn 0.9990 0.0138 -0.0415
vn 0.9990 -0.0138 0.0415
vn 0.9806 -0.1089 0.1630
vn 0.8900 -0.2283 0.3947
vn 0.7672 -0.2834 0.5754
vn 0.6242 0.2629 -0.7357
vn 0.7360 0.2142 -0.6422
vn 0.5812 0.2280 -0.7812
vn 0.8270 0.1414 -0.5441
vn 0.7115 -0.3758 0.5937
vn 0.6454 -0.4680 0.6036
vn 0.6548 -0.4528 0.6052
vn 0.5046 0.2076 -0.8380
vn 0.5656 -0.4882 0.6647
vn 0.4532 -0.6535 0.6062
vn 0.4107 -0.5304 0.7417
vn 0.3044 0.2902 -0.9073
vn 0.5405 0.2248 -0.8108
vn 0.3182 0.2382 -0.9176
vn 0.1289 -0.6824 0.7195
vn 0.1862 -0.5484 0.8152
vn -0.0000 0.2130 -0.9771
vn -0.2191 -0.5689 0.7927
vn -0.0735 -0.3967 0.9150
vn -0.1501 0.2278 -0.9621
vn -0.1670 0.3118 -0.9354
vn -0.2451 -0.2501 0.9367
vn -0.3073 0.3738 -0.8751
vn -0.2976 0.2976 -0.9071
vn -0.3794 -0.1236 0.9169
vn -0.3742 0.3071 -0.8750
vn -0.3825 0.3336 -0.8616
vn -0.3842 -0.0346 0.9226
vn -0.3254 -0.0794 0.9422
vn -0.4870 0.3153 -0.8145
vn -0.4010 0.0506 0.9147
vn -0.6014 0.2895 -0.7446
vn -0.6761 0.2643 -0.6878
vn -0.6558 0.2711 -0.7046
vn -0.5146 0.1019 0.8513
vn -0.3234 0.0832 0.9426
vn -0.7192 0.2673 -0.6414
vn -0.8059 0.1824 -0.5633
vn -0.7955 0.2351 -0.5585
vn -0.7880 0.1260 0.6027
vn -0.7429 0.1237 0.6579
vn -0.8267 0.2181 -0.5186
vn -0.9401 0.1557 -0.3034
vn -0.9915 0.1232 -0.0412
vn -0.9344 0.1183 0.3361
vn 0.9362 -0.2210 -0.2732
vn 0.9708 -0.2140 -0.1086
vn 0.9636 -0.1601 -0.2141
vn 0.9720 -0.2015 0.1210
vn 0.9019 -0.1882 0.3888
vn 0.9636 -0.1601 0.2142
vn 0.6699 -0.1182 -0.7330
vn 0.8534 -0.1832 -0.4879
vn 0.9462 -0.1699 -0.2752
vn 0.9135 -0.1526 0.3772
vn 0.7792 -0.0321 0.6259
vn 0.6625 0.0228 0.7487
vn 0.3537 -0.0893 -0.9311
vn 0.5733 -0.0979 -0.8135
vn 0.3799 0.2082 0.9013
vn 0.5632 0.1118 0.8187
vn 0.0287 0.1911 0.9811
vn -0.3358 0.2043 0.9195
vn -0.3737 0.1144 0.9205
vn -0.6227 0.0546 0.7806
vn -0.5524 0.0913 0.8286
vn -0.7429 0.0492 0.6676
vn -0.7201 0.0324 0.6931
vn -0.8598 0.0115 -0.5105
vn -0.9301 0.1059 -0.3517
vn -0.9719 0.2023 -0.1205
vn -0.9508 0.2002 0.2365
vn -0.8098 0.0934 0.5792
vn 0.8741 -0.0000 -0.4857
vn 0.9655 -0.0145 -0.2600
vn 0.9998 -0.0139 -0.0139
vn 0.9926 -0.0543 0.1087
vn 0.9404 -0.1676 0.2957
vn 0.8051 -0.2919 0.5163
vn 0.8834 -0.2524 0.3949
vn 0.6023 0.0581 -0.7962
vn 0.7724 0.0304 -0.6344
vn 0.8545 -0.0000 -0.5194
vn 0.7927 -0.2549 0.5538
vn 0.6400 -0.3797 0.6680
vn 0.6174 -0.2680 0.7395
vn 0.5186 0.0927 -0.8500
vn 0.5876 -0.3040 0.7499
vn 0.4730 -0.4717 0.7441
vn 0.5257 -0.3958 0.7530
vn 0.2832 0.1030 -0.9535
vn 0.5524 0.0913 -0.8286
vn 0.3923 -0.4167 0.8201
vn 0.2839 -0.4290 0.8575
vn -0.0276 0.0826 -0.9962
vn 0.0870 -0.3715 0.9243
vn -0.0960 0.1236 -0.9877
vn -0.1585 -0.2662 0.9508
vn -0.2264 0.2025 -0.9527
vn -0.3234 -0.1672 0.9314
vn -0.3028 0.2784 -0.9115
vn -0.3454 0.2967 -0.8903
vn -0.2906 -0.0799 0.9535
vn -0.2995 -0.1375 0.9442
vn -0.4946 0.2748 -0.8245
vn -0.3395 0.0792 0.9373
vn -0.5978 0.2666 -0.7560
vn -0.6376 0.2663 -0.7229
vn -0.4821 0.0999 0.8704
vn -0.4373 0.0993 0.8938
vn -0.7553 0.2371 -0.6110
vn -0.8108 0.2248 -0.5405
vn -0.7231 0.1808 0.6666
vn -0.7020 0.1624 0.6934
vn -0.5951 0.1062 0.7966
vn -0.8488 0.2221 -0.4798
vn -0.9437 0.2097 -0.2558
vn -0.9688 0.2467 -0.0231
vn -0.9240 0.1677 0.3436
vn -0.7858 0.1766 0.5928
vn 0.9641 -0.1325 -0.2300
vn 0.9880 -0.1098 -0.1085
vn 0.9880 -0.1098 0.1085
vn 0.9705 -0.1078 0.2157
vn 0.7090 -0.1937 -0.6781
vn 0.8446 -0.2190 -0.4885
vn 0.9336 -0.1654 -0.3180
vn 0.9278 -0.0959 0.3605
vn 0.8350 -0.0167 0.5499
vn 0.7218 0.0429 0.6908
vn 0.4107 -0.1183 -0.9041
vn 0.5965 -0.1522 -0.7881
vn 0.6095 0.1100 0.7851
vn 0.4438 0.1389 0.8853
vn 0.0139 0.1792 0.9837
vn -0.4364 0.1483 0.8875
vn -0.6475 0.0422 0.7609
vn -0.5606 0.0956 0.8226
vn -0.6300 0.0523 -0.7748
vn -0.7710 0.0689 -0.6331
vn -0.7169 -0.0420 0.6960
vn -0.7159 -0.0137 0.6981
vn -0.8305 0.0926 -0.5493
vn -0.9017 0.1246 -0.4140
vn -0.9376 0.1541 -0.3118
vn -0.9641 0.2142 -0.1566
vn -0.9462 0.2034 0.2516
vn -0.8388 -0.0157 0.5442
vn -0.7798 -0.0477 0.6242
vn -0.9823 0.1194 -0.1446
vn -0.9517 0.0295 0.3055
vn 0.8629 -0.1311 -0.4880
vn 0.9502 -0.0992 -0.2954
vn 0.9992 -0.0276 -0.0275
vn 0.9710 -0.1073 0.2136
vn 0.9066 -0.1620 0.3896
vn 0.8614 -0.1792 0.4753
vn 0.6582 -0.1044 -0.7456
vn 0.7857 -0.1306 -0.6047
vn 0.8457 -0.1405 -0.5149
vn 0.7779 -0.2212 0.5881
vn 0.6594 -0.2161 0.7201
vn 0.5398 -0.0082 -0.8417
vn 0.5847 -0.2230 0.7800
vn 0.4736 -0.2603 0.8414
vn 0.5547 -0.0000 -0.8321
vn 0.2889 -0.3888 0.8748
vn 0.3004 -0.3004 0.9052
vn 0.1502 -0.4015 0.9035
vn 0.1563 -0.3103 0.9377
vn 0.1049 -0.3114 0.9445
vn -0.0655 -0.2804 0.9577
vn -0.1190 0.1191 -0.9857
vn -0.2904 -0.2208 0.9311
vn -0.2066 -0.1406 0.9683
vn -0.2097 -0.2186 0.9530
vn -0.3054 0.2026 -0.9304
vn -0.1732 -0.0652 0.9827
vn -0.3828 0.2294 -0.8949
vn -0.4863 0.2421 -0.8396
vn -0.2275 0.0391 0.9730
vn -0.6154 0.2538 -0.7462
vn -0.6445 0.2676 -0.7162
vn -0.6758 0.2490 -0.6937
vn -0.7781 0.2207 -0.5881
vn -0.8108 0.2247 -0.5405
vn -0.6712 0.1381 0.7283
vn -0.5710 0.1002 0.8148
vn -0.8506 0.2362 -0.4697
vn -0.8863 0.2443 -0.3935
vn -0.9433 0.2101 -0.2571
vn -0.9526 0.3033 -0.0213
vn -0.9096 0.2162 0.3548
vn -0.8280 0.1428 0.5422
vn -0.7864 0.1559 0.5978
vn -0.9311 0.2331 -0.2805
vn -0.9660 0.2586 -0.0076
vn -0.9030 0.1628 0.3976
vn 0.9815 -0.1188 -0.1504
vn 0.7581 -0.1881 -0.6244
vn 0.8449 -0.1768 -0.5049
vn 0.9090 -0.1422 -0.3919
vn 0.9820 -0.0260 -0.1873
vn 0.9928 0.0527 0.1078
vn 0.9427 0.0643 0.3274
vn 0.8673 0.1028 0.4870
vn 0.7763 0.1166 0.6195
vn 0.5063 -0.1351 -0.8517
vn 0.6396 -0.1657 -0.7507
vn 0.6801 0.1483 0.7180
vn 0.4722 0.1826 0.8624
vn 0.1787 -0.0242 -0.9836
vn 0.0644 0.2299 0.9711
vn -0.4333 0.2631 0.8620
vn -0.4033 0.0877 -0.9109
vn -0.7443 0.1413 0.6528
vn -0.6445 0.2190 0.7326
vn -0.6078 0.1116 -0.7862
vn -0.7153 0.1434 -0.6840
vn -0.7837 -0.0637 0.6179
vn -0.7863 0.0055 0.6179
vn -0.8120 0.1600 -0.5613
vn -0.9316 0.1076 -0.3472
vn -0.9712 0.0820 -0.2238
vn -0.9009 -0.2002 0.3851
vn -0.9655 -0.1155 0.2334
vn -0.9062 -0.1389 0.3994
vn -0.7971 -0.1169 0.5924
vn -0.9992 0.0279 -0.0273
vn 0.8358 -0.0677 -0.5448
vn 0.9233 -0.0381 -0.3822
vn 0.9985 -0.0551 -0.0006
vn 0.9502 -0.1441 0.2765
vn 0.8893 -0.1183 0.4417
vn 0.9349 -0.1656 0.3140
vn 0.7442 -0.1796 -0.6433
vn 0.8305 -0.0878 -0.5501
vn 0.8140 -0.0945 -0.5731
vn 0.8686 -0.1776 0.4625
vn 0.7508 -0.2488 0.6118
vn 0.6753 -0.2595 0.6904
vn 0.5935 -0.0208 -0.8045
vn 0.7293 -0.0905 -0.6782
vn 0.5983 -0.2073 0.7740
vn 0.4734 -0.1911 0.8599
vn 0.3065 -0.2065 0.9292
vn 0.1738 -0.2004 0.9642
vn -0.0528 -0.2166 0.9748
vn 0.0199 -0.1283 0.9915
vn -0.1053 0.0040 0.9944
vn -0.2362 0.1042 -0.9661
vn -0.1373 0.0811 0.9872
vn -0.4372 0.1410 -0.8882
vn -0.4734 0.1911 -0.8599
vn -0.1640 0.0547 0.9849
vn -0.5495 0.1371 -0.8242
vn -0.6092 0.1561 -0.7775
vn -0.4033 0.0877 0.9109
vn -0.7095 0.1534 -0.6878
vn -0.7601 0.1552 -0.6309
vn -0.7831 0.2610 -0.5644
vn -0.6415 0.0807 0.7629
vn -0.5553 0.0885 0.8269
vn -0.7967 0.1687 -0.5803
vn -0.8805 0.1804 -0.4385
vn -0.9349 0.1656 -0.3140
vn -0.8699 0.0281 0.4924
vn -0.8083 0.0726 0.5842
vn -0.9517 0.1579 -0.2632
vn -0.9956 0.0678 0.0654
vn -0.9155 0.0030 0.4023
vn 0.9620 0.1077 -0.2510
vn 0.9578 -0.0369 -0.2851
vn 0.8732 -0.0475 -0.4851
vn 0.9749 0.2039 0.0895
vn 0.9986 -0.0000 0.0528
vn 0.9762 -0.0000 0.2170
vn 0.7982 -0.0978 -0.5944
vn 0.8834 -0.1142 -0.4544
vn 0.8715 -0.1026 -0.4795
vn 0.9541 0.0375 0.2971
vn 0.8686 0.1123 0.4827
vn 0.7715 0.1424 0.6201
vn 0.5959 -0.1011 -0.7966
vn 0.6023 -0.0842 -0.7938
vn 0.7952 -0.0883 -0.5999
vn 0.6966 0.1563 0.7002
vn 0.5003 0.2232 0.8366
vn 0.2382 -0.0131 -0.9711
vn 0.4920 -0.0801 -0.8669
vn 0.1086 0.2715 0.9563
vn -0.0553 -0.0000 -0.9985
vn -0.3797 0.3431 0.8591
vn -0.3522 0.0372 -0.9352
vn -0.8415 0.2579 0.4748
vn -0.7230 0.2911 0.6265
vn -0.5829 0.0564 -0.8106
vn -0.6744 0.0782 -0.7342
vn -0.8305 -0.0531 0.5545
vn -0.8534 0.0476 0.5190
vn -0.8250 0.1164 -0.5530
vn -0.9091 0.1010 -0.4041
vn -0.9445 0.1049 -0.3114
vn -0.9064 -0.0457 0.4200
vn -0.8679 -0.0827 0.4899
vn -0.8259 -0.0848 0.5575
vn -0.9935 0.0852 0.0761
vn 0.8306 0.0843 -0.5504
vn 0.9361 0.0489 -0.3482
vn 0.9884 -0.0951 0.1185
vn 0.9235 -0.1665 0.3455
vn 0.8962 -0.1959 0.3980
vn 0.8140 0.0945 -0.5731
vn 0.8303 -0.2218 0.5113
vn 0.7131 -0.2623 0.6501
vn 0.7711 -0.2138 0.5998
vn 0.6114 0.0434 -0.7901
vn 0.7234 0.0807 -0.6857
vn 0.7297 -0.1973 0.6547
vn 0.5382 -0.2002 0.8187
vn 0.5575 -0.1801 0.8104
vn 0.5446 0.0322 -0.8381
vn 0.4078 -0.1834 0.8945
vn 0.3285 -0.1493 0.9326
vn 0.2290 -0.0936 0.9689
vn 0.1630 -0.0021 0.9866
vn 0.0351 0.1428 0.9891
vn -0.1596 0.0532 -0.9857
vn -0.1328 0.2397 0.9617
vn -0.4373 0.0993 -0.8938
vn -0.2004 0.1738 0.9642
vn -0.5523 0.0921 -0.8285
vn -0.6280 0.0802 -0.7740
vn -0.4005 0.1408 0.9054
vn -0.7265 0.0619 -0.6844
vn -0.7488 0.0711 -0.6590
vn -0.6790 0.0653 0.7312
vn -0.5784 0.0979 0.8098
vn -0.7886 0.0876 -0.6087
vn -0.8285 0.0921 -0.5523
vn -0.8938 0.0993 -0.4372
vn -0.9080 -0.0744 0.4123
vn -0.8435 -0.0052 0.5371
vn -0.8938 0.0993 -0.4373
vn -0.9791 0.0808 -0.1868
vn -0.9791 -0.0808 0.1868
vn -0.9259 -0.0955 0.3655
vn 0.9319 -0.2071 -0.2979
vn 0.9790 -0.2032 0.0150
vn 0.9019 -0.1182 -0.4154
vn 0.8854 -0.1471 -0.4409
vn 0.9369 -0.1973 -0.2886
vn 0.9762 -0.2169 -0.0000
vn 0.9793 -0.0972 0.1775
vn 0.9220 0.0451 0.3846
vn 0.8273 0.1251 0.5477
vn 0.6317 -0.0856 -0.7705
vn 0.8206 -0.0916 -0.5642
vn 0.7629 0.1439 0.6303
vn 0.5114 0.1834 0.8395
vn 0.2892 -0.0487 -0.9560
vn 0.5522 -0.0915 -0.8287
vn 0.1147 0.3141 0.9424
vn 0.3096 0.2042 0.9287
vn 0.1444 0.2205 0.9646
vn -0.0689 -0.0137 -0.9975
vn -0.2971 0.3824 0.8749
vn -0.2113 0.2741 0.9382
vn -0.3392 -0.0517 -0.9393
vn -0.7373 0.3751 0.5618
vn -0.6935 0.3637 0.6219
vn -0.5263 0.3682 0.7665
vn -0.5572 -0.0416 -0.8293
vn -0.6372 -0.0245 -0.7703
vn -0.9020 0.0986 0.4202
vn -0.9204 0.1900 0.3417
vn -0.8752 0.3230 0.3601
vn -0.8283 -0.0000 -0.5602
vn -0.9099 0.0203 -0.4143
vn -0.8422 0.0446 0.5374
vn -0.8314 0.0450 0.5539
vn -0.8717 0.0608 0.4863
vn -0.9473 0.0452 -0.3173
vn -0.9854 0.0748 0.1529
vn 0.8599 0.1618 -0.4842
vn 0.9730 0.0869 -0.2141
vn 0.9673 -0.0801 0.2404
vn 0.9149 -0.1140 0.3874
vn 0.9434 -0.1048 0.3145
vn 0.7267 0.1769 -0.6638
vn 0.7772 0.1662 -0.6069
vn 0.6671 0.1612 -0.7273
vn 0.8365 0.1772 -0.5185
vn 0.9106 -0.1012 0.4007
vn 0.8167 -0.1687 0.5519
vn 0.7811 -0.1632 0.6027
vn 0.5512 0.1029 -0.8280
vn 0.7424 -0.1470 0.6536
vn 0.5873 -0.1656 0.7923
vn 0.4760 0.0792 -0.8759
vn 0.4817 -0.1366 0.8656
vn 0.4148 -0.0909 0.9053
vn 0.3159 -0.0006 0.9488
vn 0.2535 0.0942 0.9627
vn 0.0954 0.2021 0.9747
vn 0.2017 0.1308 0.9707
vn 0.1627 0.2108 0.9639
vn -0.1301 0.2987 0.9454
vn -0.1013 0.2638 0.9592
vn -0.2747 0.1958 0.9414
vn -0.3058 0.2542 0.9175
vn -0.6317 0.0856 -0.7705
vn -0.4261 0.0900 0.9002
vn -0.7252 0.0806 -0.6838
vn -0.7478 0.0747 -0.6598
vn -0.7449 -0.0224 0.6668
vn -0.6668 0.0224 0.7449
vn -0.7961 0.0517 -0.6030
vn -0.8312 0.0461 -0.5541
vn -0.9274 -0.1031 0.3597
vn -0.9371 -0.1558 0.3124
vn -0.9347 -0.1428 0.3254
vn -0.8768 -0.0879 0.4727
vn -0.8981 0.0496 -0.4370
vn -0.9978 -0.0148 -0.0649
vn -0.9502 -0.1441 0.2765
vn 0.8892 -0.1830 -0.4193
vn 0.8972 -0.1608 -0.4114
vn 0.9437 -0.2097 -0.2558
vn 0.9782 -0.2035 -0.0405
vn 0.9863 -0.1498 0.0684
vn 0.9535 -0.0547 0.2964
vn 0.7944 0.0948 0.5999
vn 0.8513 0.0730 0.5196
vn 0.7536 0.1037 0.6491
vn 0.6148 -0.1981 -0.7634
vn 0.8110 -0.2044 -0.5482
vn 0.5177 0.1036 0.8493
vn 0.6329 0.1282 0.7635
vn 0.4521 0.1508 0.8791
vn 0.3388 -0.2290 -0.9126
vn 0.5409 -0.2214 -0.8114
vn 0.1707 0.2260 0.9591
vn -0.0666 -0.1711 -0.9830
vn -0.1397 0.2736 0.9516
vn -0.3695 -0.1842 -0.9108
vn -0.5788 0.3217 0.7494
vn -0.4626 0.3419 0.8180
vn -0.5456 -0.1804 -0.8184
vn -0.6175 -0.1403 -0.7739
vn -0.8943 0.2309 0.3833
vn -0.9263 0.2690 0.2639
vn -0.8880 0.3444 0.3049
vn -0.6807 0.3675 0.6337
vn -0.7958 -0.1080 -0.5958
vn -0.8689 -0.0468 -0.4927
vn -0.8698 0.1276 0.4766
vn -0.8456 0.1405 0.5149
vn -0.8654 0.1831 0.4664
vn -0.9187 0.0071 -0.3950
vn -0.9931 0.0637 0.0990
vn 0.8497 0.1811 -0.4952
vn 0.8578 0.1525 -0.4909
vn 0.8087 0.1423 -0.5708
vn 0.9967 0.0466 -0.0658
vn 0.9474 -0.0525 0.3158
vn 0.7682 0.1277 -0.6273
vn 0.9007 -0.0614 0.4301
vn 0.8251 -0.0820 0.5590
vn 0.8187 -0.0562 0.5715
vn 0.7383 -0.0467 0.6729
vn 0.6008 -0.0729 0.7961
vn 0.2156 0.0133 -0.9764
vn 0.5567 -0.0290 0.8302
vn 0.4881 -0.0054 0.8728
vn 0.4022 0.0472 0.9143
vn 0.3389 0.1521 0.9284
vn 0.3060 0.1873 0.9334
vn 0.1968 0.1472 0.9693
vn -0.1033 0.1070 0.9889
vn -0.3541 0.2029 0.9129
vn -0.3615 0.0978 0.9272
vn -0.5541 0.0461 -0.8312
vn -0.6317 0.0429 -0.7740
vn -0.5178 -0.0211 0.8553
vn -0.4149 0.0793 0.9064
vn -0.7468 0.0350 -0.6641
vn -0.7880 0.0109 -0.6156
vn -0.8099 -0.0979 0.5784
vn -0.7279 -0.0750 0.6816
vn -0.8154 -0.0376 -0.5777
vn -0.8312 -0.0461 -0.5541
vn -0.8843 -0.1371 0.4463
vn -0.9135 -0.0640 -0.4018
vn -0.9855 -0.1625 0.0490
vn -0.9391 -0.1692 0.2992
vn 0.8692 -0.2074 -0.4489
vn 0.9411 -0.2158 -0.2604
vn 0.8802 -0.2446 -0.4066
vn 0.9819 -0.1771 -0.0677
vn 0.9940 -0.1094 -0.0003
vn 0.9823 -0.0305 0.1850
vn 0.8974 0.0462 0.4387
vn 0.7871 0.0627 0.6136
vn 0.5843 -0.3626 -0.7260
vn 0.7363 -0.3627 -0.5712
vn 0.8455 -0.2639 -0.4642
vn 0.6926 0.1107 0.7128
vn 0.5223 0.1442 0.8405
vn 0.3572 -0.3757 -0.8551
vn 0.3538 -0.4099 -0.8407
vn 0.2497 0.2535 0.9346
vn -0.0138 -0.3716 -0.9283
vn 0.1990 -0.3980 -0.8955
vn -0.0618 0.3478 0.9355
vn -0.3764 -0.2930 -0.8789
vn -0.3315 -0.2906 -0.8976
vn -0.4145 0.3445 0.8423
vn -0.5765 -0.1697 -0.7993
vn -0.9196 0.3155 0.2339
vn -0.8831 0.4155 0.2181
vn -0.8664 0.3628 0.3432
vn -0.7446 0.3521 0.5670
vn -0.7365 -0.1312 -0.6636
vn -0.8117 -0.0697 -0.5799
vn -0.8373 0.1032 0.5369
vn -0.8494 0.1713 0.4991
vn -0.8840 0.2504 0.3947
vn -0.9350 0.3133 0.1659
vn -0.9334 0.3189 0.1645
vn -0.8974 -0.0462 -0.4387
vn -0.9990 0.0020 0.0449
vn -0.8882 0.1254 0.4421
vn 0.8278 0.0902 -0.5537
vn 0.8901 0.0820 -0.4484
vn 0.9998 0.0136 0.0132
vn 0.9519 0.0403 0.3039
vn 0.9502 0.0791 0.3015
vn 0.7705 0.0856 -0.6317
vn 0.8921 0.0988 0.4409
vn 0.8475 0.1393 0.5122
vn 0.8351 0.1713 0.5227
vn 0.7078 0.1660 0.6866
vn 0.6050 0.1561 0.7808
vn 0.6018 0.2043 0.7721
vn 0.4975 0.2205 0.8390
vn 0.4369 0.1930 0.8786
vn 0.3492 0.1834 0.9189
vn 0.4622 0.2174 0.8597
vn 0.1067 0.1626 0.9809
vn -0.1602 0.0559 0.9855
vn -0.4048 -0.0033 0.9144
vn -0.5541 -0.0461 -0.8312
vn -0.6317 -0.0429 -0.7740
vn -0.5687 -0.0808 0.8185
vn -0.4916 -0.0240 0.8705
vn -0.7711 -0.0482 -0.6348
vn -0.8252 -0.0692 -0.5605
vn -0.7327 -0.0916 0.6743
vn -0.8285 -0.0921 -0.5523
vn -0.8316 -0.1257 -0.5409
vn -0.9582 -0.1065 0.2654
vn -0.9544 -0.2098 0.2122
vn -0.9529 -0.1719 0.2499
vn -0.9461 -0.1183 0.3015
vn -0.8938 -0.0993 0.4373
vn -0.9224 -0.1664 -0.3485
vn -0.9666 -0.2452 0.0741
vn 0.8155 -0.3030 -0.4931
vn 0.9129 -0.2383 -0.3314
vn 0.9790 -0.1134 -0.1695
vn 0.9975 -0.0137 -0.0689
vn 0.8983 -0.0000 0.4393
vn 0.8119 0.0078 0.5837
vn 0.6235 -0.4311 -0.6522
vn 0.7517 -0.3810 -0.5382
vn 0.6171 -0.4639 -0.6356
vn 0.7360 0.0472 0.6753
vn 0.5884 0.0914 0.8034
vn 0.3775 -0.4786 -0.7927
vn 0.5283 -0.4835 -0.6979
vn 0.0205 -0.4189 -0.9078
vn 0.0895 -0.4546 -0.8862
vn 0.2005 0.2228 0.9540
vn 0.0025 0.3625 0.9320
vn -0.2273 -0.3768 -0.8980
vn -0.3965 0.3569 0.8458
vn -0.2028 0.3541 0.9130
vn -0.5136 -0.2324 -0.8259
vn -0.7970 0.2331 0.5572
vn -0.7007 0.3080 0.6436
vn -0.6819 -0.2111 -0.7003
vn -0.7591 -0.0847 -0.6455
vn -0.8708 0.3038 0.3866
vn -0.8770 0.3398 0.3398
vn -0.9206 0.3421 0.1885
vn -0.9294 0.3096 0.2009
vn -0.8473 0.2864 0.4472
vn -0.8669 -0.0312 -0.4975
vn -0.9890 0.1130 -0.0959
vn -0.9231 0.2443 0.2970
vn 0.8265 0.1301 -0.5477
vn 0.9139 0.0982 -0.3939
vn 0.9993 0.0273 0.0268
vn 0.9711 0.1062 0.2140
vn 0.9037 0.2006 0.3784
vn 0.9220 0.1916 0.3364
vn 0.8637 0.2252 0.4509
vn 0.5966 0.1272 -0.7924
vn 0.7656 0.1275 -0.6305
vn 0.8267 0.3137 0.4671
vn 0.7773 0.3762 0.5043
vn 0.3960 0.0445 -0.9172
vn 0.4824 0.0931 -0.8710
vn 0.6453 0.4048 0.6479
vn 0.5897 0.4641 0.6610
vn 0.5873 0.4544 0.6698
vn 0.4281 0.4069 0.8069
vn 0.3945 0.3009 0.8683
vn 0.4663 0.2797 0.8392
vn 0.2805 0.1907 0.9407
vn 0.0126 0.1211 0.9926
vn -0.2464 0.0674 0.9668
vn -0.3786 -0.0887 -0.9213
vn -0.5523 -0.0921 -0.8285
vn -0.6350 -0.0998 -0.7660
vn -0.6060 -0.0678 0.7925
vn -0.5585 -0.0117 0.8295
vn -0.7717 -0.1230 -0.6240
vn -0.8242 -0.1371 -0.5495
vn -0.8394 -0.1496 -0.5225
vn -0.9372 -0.2502 -0.2431
vn -0.9235 -0.2162 -0.3168
vn -0.9478 -0.3065 0.0875
vn -0.9622 -0.2671 0.0538
vn 0.8417 -0.2788 -0.4624
vn 0.9390 -0.2018 -0.2783
vn 0.8742 -0.2914 -0.3885
vn 0.9817 -0.1576 -0.1067
vn 0.8256 -0.0848 0.5579
vn 0.6417 -0.4215 -0.6407
vn 0.6757 -0.3220 -0.6631
vn 0.8089 -0.2696 -0.5225
vn 0.7788 -0.0265 0.6268
vn 0.6354 0.0152 0.7720
vn 0.3987 -0.5164 -0.7579
vn 0.4390 -0.3994 -0.8048
vn 0.5978 -0.3390 -0.7265
vn 0.3764 0.2187 0.9003
vn 0.5530 0.0898 0.8283
vn 0.4910 0.1473 0.8586
vn 0.1459 -0.4400 -0.8861
vn 0.2868 -0.4215 -0.8603
vn 0.1042 0.3128 0.9441
vn -0.1263 -0.4022 -0.9068
vn -0.3288 0.3836 0.8630
vn -0.3103 0.4017 0.8616
vn -0.5014 -0.3126 -0.8068
vn -0.4211 -0.2481 -0.8724
vn -0.6548 0.4630 0.5974
vn -0.5019 0.4487 0.7395
vn -0.6558 -0.0559 -0.7528
vn -0.8613 0.3828 0.3342
vn -0.8473 0.4558 0.2727
vn -0.8615 0.4713 0.1890
vn -0.8596 0.4748 0.1888
vn -0.8035 0.4423 0.3984
vn -0.7945 -0.0282 -0.6066
vn -0.9605 0.1481 -0.2354
vn -0.9276 0.3309 0.1736
vn -0.8649 0.4148 0.2825
vn 0.8525 0.2069 -0.4801
vn 0.9292 0.1929 -0.3151
vn 0.9844 0.1756 0.0136
vn 0.9591 0.2616 0.1080
vn 0.9165 0.3481 0.1969
vn 0.8575 0.4182 0.2999
vn 0.5575 0.1801 -0.8104
vn 0.7719 0.2006 -0.6033
vn 0.8219 0.4648 0.3293
vn 0.7035 0.4913 0.5136
vn 0.8011 0.4453 0.4001
vn 0.6855 0.5483 0.4791
vn 0.3041 0.0988 -0.9475
vn 0.3966 0.1638 -0.9032
vn 0.5148 0.5703 0.6401
vn 0.5510 0.5949 0.5852
vn 0.4596 0.5208 0.7194
vn 0.1223 0.0132 -0.9924
vn 0.3678 0.4966 0.7862
vn 0.3904 0.4880 0.7807
vn 0.2586 0.4137 0.8729
vn 0.3396 0.3132 0.8869
vn 0.1755 0.2928 0.9399
vn 0.1546 0.1231 0.9803
vn -0.0139 -0.0139 -0.9998
vn -0.0415 0.0139 0.9990
vn -0.1707 -0.0659 -0.9831
vn -0.2614 -0.0000 0.9652
vn -0.4221 -0.1353 -0.8964
vn -0.4822 -0.0000 0.8761
vn -0.5685 -0.1473 -0.8094
vn -0.6649 -0.1861 -0.7234
vn -0.6514 -0.0587 0.7565
vn -0.5846 -0.0085 0.8112
vn -0.7747 -0.2096 -0.5965
vn -0.8115 -0.1910 -0.5522
vn -0.8073 -0.1429 0.5725
vn -0.7553 -0.0983 0.6480
vn -0.8529 -0.2004 -0.4821
vn -0.9381 -0.2478 -0.2420
vn -0.9850 -0.1639 -0.0542
vn -0.9815 -0.1486 0.1208
vn -0.9517 -0.1579 0.2632
vn -0.8893 -0.1474 0.4330
vn 0.9054 -0.3017 -0.2988
vn 0.9436 -0.3145 -0.1037
vn 0.9283 -0.3094 -0.2063
vn 0.9461 -0.3016 0.1175
vn 0.9129 -0.1910 0.3608
vn 0.9423 -0.2610 0.2094
vn 0.6625 -0.3045 -0.6844
vn 0.8009 -0.3050 -0.5153
vn 0.9002 -0.3095 -0.3063
vn 0.9168 -0.2137 0.3373
vn 0.8144 -0.0960 0.5722
vn 0.6972 -0.0374 0.7159
vn 0.4507 -0.3464 -0.8227
vn 0.5994 -0.3401 -0.7246
vn 0.6432 0.0453 0.7643
vn 0.5629 0.0943 0.8211
vn 0.1525 -0.3125 -0.9376
vn 0.1617 -0.3435 -0.9251
vn 0.2483 0.2088 0.9459
vn -0.1037 -0.3145 -0.9436
vn -0.0924 -0.3032 -0.9484
vn -0.1750 0.3926 0.9029
vn -0.3495 -0.2486 -0.9033
vn -0.5744 0.4786 0.6641
vn -0.4539 0.4750 0.7539
vn -0.6847 -0.1173 -0.7193
vn -0.4853 -0.0766 -0.8710
vn -0.6617 -0.0293 -0.7492
vn -0.8185 0.5455 0.1803
vn -0.8184 0.5456 0.1804
vn -0.7619 0.5398 0.3581
vn -0.6778 0.5817 0.4498
vn -0.6243 0.5324 0.5717
vn -0.8948 0.1337 -0.4259
vn -0.9431 0.2577 -0.2102
vn -0.9082 0.4181 0.0181
vn -0.8862 0.4275 0.1786
vn -0.8518 0.4846 0.1991
vn -0.8086 0.5743 0.1277
vn -0.7663 0.6245 0.1511
vn -0.7114 0.6216 0.3279
vn -0.9419 0.3348 -0.0277
vn 0.7607 0.2751 -0.5879
vn 0.8034 0.2266 -0.5506
vn 0.6802 0.2168 -0.7002
vn 0.9229 0.2541 -0.2893
vn 0.9347 0.3494 -0.0657
vn 0.8913 0.4534 0.0062
vn 0.8453 0.5253 0.0980
vn 0.8030 0.5110 0.3066
vn 0.7774 0.5586 0.2891
vn 0.7856 0.4945 0.3718
vn 0.7573 0.5565 0.3418
vn 0.7495 0.5980 0.2840
vn 0.5088 0.1943 -0.8386
vn 0.6055 0.1596 -0.7796
vn 0.4330 0.1474 -0.8893
vn 0.6444 0.5298 0.5514
vn 0.6735 0.5900 0.4453
vn 0.5393 0.5034 0.6751
vn 0.2108 0.1055 -0.9718
vn 0.4191 0.4721 0.7756
vn 0.4581 0.5029 0.7330
vn 0.3356 0.4568 0.8238
vn 0.1465 0.3589 0.9218
vn 0.0548 0.2999 0.9524
vn 0.0074 0.1727 0.9850
vn -0.1239 0.0413 0.9914
vn -0.2458 -0.0940 -0.9648
vn -0.2699 -0.0636 0.9608
vn -0.4792 -0.1809 -0.8588
vn -0.4057 -0.1740 -0.8973
vn -0.5248 -0.1936 -0.8289
vn -0.4775 -0.0958 0.8734
vn -0.6770 -0.2703 -0.6845
vn -0.6838 -0.1724 0.7090
vn -0.6117 -0.1101 0.7834
vn -0.7529 -0.2544 -0.6071
vn -0.8367 -0.2353 -0.4945
vn -0.8599 -0.1911 -0.4734
vn -0.8859 -0.2455 -0.3937
vn -0.8709 -0.1968 0.4503
vn -0.8738 -0.2320 0.4274
vn -0.7823 -0.1813 0.5960
vn -0.9257 -0.2422 -0.2906
vn -0.9720 -0.2254 -0.0663
vn -0.9517 -0.2632 0.1579
vn 0.9506 -0.3009 0.0757
vn 0.6408 -0.3792 -0.6675
vn 0.7613 -0.3893 -0.5185
vn 0.8538 -0.4132 -0.3168
vn 0.9069 -0.4071 -0.1086
vn 0.9274 -0.3720 0.0399
vn 0.9290 -0.2638 0.2596
vn 0.8525 -0.1475 0.5015
vn 0.7595 -0.0950 0.6436
vn 0.4657 -0.4265 -0.7754
vn 0.4677 -0.4123 -0.7819
vn 0.7194 -0.0053 0.6945
vn 0.6183 0.0525 0.7842
vn 0.2403 -0.3937 -0.8873
vn 0.3695 -0.4148 -0.8315
vn 0.2834 0.2008 0.9377
vn 0.5458 0.1181 0.8295
vn 0.3757 0.1862 0.9078
vn -0.0132 -0.3286 -0.9444
vn -0.0697 0.3783 0.9231
vn 0.0126 0.3248 0.9457
vn -0.2457 -0.2470 -0.9373
vn -0.3521 0.4784 0.8045
vn -0.3047 0.4252 0.8523
vn -0.3133 -0.1533 -0.9372
vn -0.5195 -0.1282 -0.8448
vn -0.5939 0.5939 0.5427
vn -0.4977 0.5242 0.6910
vn -0.4683 0.4683 0.7493
vn -0.8354 -0.0415 -0.5480
vn -0.9099 0.0255 -0.4140
vn -0.8553 0.4900 0.1681
vn -0.7928 0.6064 0.0608
vn -0.7124 0.6950 0.0977
vn -0.6723 0.6723 0.3097
vn -0.6606 0.6306 0.4073
vn -0.5788 0.6201 0.5297
vn -0.9563 0.1944 -0.2185
vn -0.9121 0.4099 -0.0075
vn -0.8149 0.5774 -0.0514
vn -0.7762 0.6262 0.0737
vn -0.7197 0.6141 0.3240
vn 0.9015 0.4044 -0.1540
vn 0.8746 0.4490 -0.1829
vn 0.8740 0.3887 -0.2915
vn 0.8769 0.4798 -0.0278
vn 0.8360 0.5390 -0.1033
vn 0.8322 0.5511 0.0614
vn 0.7871 0.6166 -0.0166
vn 0.7540 0.6095 0.2450
vn 0.7025 0.6892 0.1772
vn 0.6608 0.6544 0.3675
vn 0.6619 0.1282 -0.7386
vn 0.8017 0.1624 -0.5753
vn 0.8746 0.2931 -0.3862
vn 0.6922 0.6767 0.2510
vn 0.6318 0.6722 0.3861
vn 0.6285 0.7180 0.2989
vn 0.5130 0.6593 0.5497
vn 0.5799 0.0697 -0.8117
vn 0.4456 0.5661 0.6935
vn 0.4001 0.6481 0.6480
vn 0.3238 0.5796 0.7478
vn 0.1591 0.0543 -0.9858
vn 0.2045 0.4810 0.8525
vn 0.0694 0.3793 0.9227
vn -0.0012 0.3155 0.9489
vn -0.0936 0.2290 0.9689
vn -0.1329 -0.0790 -0.9880
vn -0.2768 0.1459 0.9498
vn -0.3209 -0.1994 -0.9259
vn -0.3934 -0.0424 0.9184
vn -0.4718 -0.2347 -0.8499
vn -0.5854 -0.2661 -0.7658
vn -0.5471 -0.1907 0.8151
vn -0.5933 -0.1746 0.7858
vn -0.4802 -0.1516 0.8640
vn -0.7172 -0.2579 -0.6474
vn -0.7146 -0.3064 -0.6289
vn -0.7480 -0.3253 -0.5785
vn -0.7218 -0.2700 0.6373
vn -0.8078 -0.2310 0.5423
vn -0.7516 -0.2035 0.6275
vn -0.8037 -0.3527 -0.4793
vn -0.8860 -0.3526 -0.3012
vn -0.9053 -0.3018 -0.2988
vn -0.9129 -0.3541 -0.2029
vn -0.9175 -0.3058 0.2542
vn -0.9283 -0.3094 0.2063
vn -0.9307 -0.2720 0.2447
vn -0.8712 -0.2450 0.4254
vn -0.9318 -0.3595 -0.0503
vn -0.9360 -0.3199 0.1467
vn 0.6989 -0.4803 -0.5300
vn 0.7861 -0.5175 -0.3381
vn 0.9025 -0.3877 -0.1873
vn 0.8344 -0.4639 -0.2976
vn 0.9358 -0.3502 -0.0394
vn 0.9394 -0.2997 0.1664
vn 0.8714 -0.2335 0.4314
vn 0.8092 -0.1967 0.5536
vn 0.5053 -0.4480 -0.7376
vn 0.6601 -0.5160 -0.5459
vn 0.7929 -0.4801 -0.3751
vn 0.7854 -0.1000 0.6109
vn 0.6689 -0.0551 0.7413
vn 0.3026 -0.3944 -0.8677
vn 0.3133 -0.4197 -0.8519
vn 0.5871 -0.0103 0.8095
vn 0.4589 0.0280 0.8880
vn 0.0366 -0.3719 -0.9276
vn 0.1194 0.1771 0.9769
vn -0.2042 -0.3095 -0.9287
vn -0.1031 -0.3597 -0.9274
vn -0.1814 -0.2891 -0.9400
vn -0.1727 0.3304 0.9279
vn -0.5003 -0.2232 -0.8366
vn -0.4297 0.4786 0.7657
vn -0.3235 0.5126 0.7953
vn -0.6973 -0.1553 -0.6998
vn -0.7843 -0.0853 -0.6145
vn -0.5893 0.6307 0.5049
vn -0.4616 0.6310 0.6235
vn -0.3640 0.5808 0.7281
vn -0.8940 0.0839 -0.4401
vn -0.9025 0.3381 -0.2667
vn -0.8808 0.4311 -0.1957
vn -0.8242 0.5495 -0.1371
vn -0.8257 0.5613 0.0563
vn -0.7438 0.6465 0.1695
vn -0.7661 0.5976 0.2363
vn -0.6471 0.6231 0.4394
vn -0.8419 0.5109 -0.1735
vn -0.8023 0.5965 0.0200
vn 0.7718 0.6074 -0.1883
vn 0.7707 0.5997 -0.2154
vn 0.8036 0.5315 -0.2679
vn 0.7397 0.6680 -0.0818
vn 0.7290 0.6649 -0.1627
vn 0.6363 0.7685 0.0676
vn 0.6193 0.7829 -0.0593
vn 0.5336 0.8454 0.0248
vn 0.4806 0.8751 -0.0567
vn 0.4264 0.8904 0.1594
vn 0.4102 0.9063 0.1014
vn 0.3568 0.8408 0.4072
vn 0.8120 0.3724 -0.4493
vn 0.7992 0.3294 -0.5027
vn 0.7603 0.2528 -0.5983
vn 0.8318 0.4638 -0.3050
vn 0.6220 0.7583 0.1952
vn 0.4956 0.8216 0.2818
vn 0.3953 0.8056 0.4413
vn 0.2985 0.8430 0.4476
vn 0.3164 0.7746 0.5476
vn 0.5936 0.0612 -0.8025
vn 0.7431 0.1567 -0.6506
vn 0.4292 0.6825 0.5916
vn 0.2625 0.6466 0.7162
vn 0.4054 -0.0446 -0.9131
vn 0.4965 -0.0084 -0.8680
vn 0.2422 0.5405 0.8057
vn 0.2037 0.5562 0.8057
vn 0.1864 0.5115 0.8388
vn 0.1727 -0.0401 -0.9842
vn 0.1622 0.4900 0.8565
vn 0.0833 0.4907 0.8674
vn 0.0360 0.4173 0.9080
vn -0.0523 0.3831 0.9222
vn -0.0156 0.3285 0.9444
vn -0.1064 0.2901 0.9511
vn -0.0797 -0.0797 -0.9936
vn -0.1207 0.2288 0.9660
vn -0.1601 0.2141 0.9636
vn -0.2396 -0.1884 -0.9524
vn -0.3600 0.1913 0.9131
vn -0.2120 0.2120 0.9540
vn -0.4091 -0.2670 -0.8725
vn -0.3903 -0.2977 -0.8713
vn -0.4757 -0.3397 -0.8114
vn -0.5433 0.0545 0.8378
vn -0.6010 -0.3990 -0.6925
vn -0.6550 -0.1432 0.7419
vn -0.6110 -0.0676 0.7887
vn -0.6920 -0.3997 -0.6011
vn -0.7328 -0.4467 -0.5134
vn -0.7491 -0.4301 -0.5039
vn -0.7793 -0.4508 -0.4353
vn -0.7673 -0.1819 0.6150
vn -0.8325 -0.4552 -0.3159
vn -0.8789 -0.4694 -0.0852
vn -0.9140 -0.4014 -0.0600
vn -0.9390 -0.3207 0.1241
vn -0.9152 -0.3993 0.0535
vn -0.9287 -0.3176 0.1913
vn -0.8743 -0.2552 0.4129
vn 0.9125 -0.3237 -0.2502
vn 0.9313 -0.3606 -0.0515
vn 0.9118 -0.3964 -0.1067
vn 0.9371 -0.3163 0.1476
vn 0.8685 -0.2781 0.4104
vn 0.9045 -0.3015 0.3015
vn 0.5931 -0.5119 -0.6215
vn 0.7429 -0.4696 -0.4771
vn 0.6121 -0.5097 -0.6046
vn 0.8784 -0.3942 -0.2703
vn 0.8754 -0.2918 0.3854
vn 0.8053 -0.2238 0.5490
vn 0.7003 -0.2111 0.6819
vn 0.3719 -0.4558 -0.8087
vn 0.5276 -0.4825 -0.6992
vn 0.6236 -0.1596 0.7652
vn 0.5573 -0.1150 0.8223
vn 0.0638 -0.4169 -0.9067
vn 0.1701 -0.4164 -0.8931
vn 0.3025 0.0585 0.9514
vn -0.0891 -0.3381 -0.9369
vn 0.0532 0.2618 0.9637
vn -0.4597 -0.2688 -0.8464
vn -0.0753 0.5019 0.8617
vn -0.6280 -0.2224 -0.7458
vn -0.6831 -0.1183 -0.7206
vn -0.3370 0.6657 0.6657
vn -0.2038 0.6753 0.7088
vn -0.8062 0.0001 -0.5916
vn -0.8105 0.1648 -0.5620
vn -0.8789 0.2930 -0.3764
vn -0.7033 0.6709 0.2350
vn -0.5829 0.7412 0.3330
vn -0.3625 0.7973 0.4826
vn -0.2374 0.8201 0.5207
vn -0.8345 0.2664 -0.4823
vn -0.7890 0.4913 -0.3690
vn -0.7641 0.5805 -0.2814
vn -0.7133 0.6929 -0.1054
vn -0.5963 0.8000 0.0673
vn -0.4919 0.8672 0.0779
vn -0.5099 0.8293 0.2288
vn -0.2934 0.8782 0.3777
vn -0.7149 0.6770 -0.1746
vn -0.5783 0.8158 0.0078
vn 0.3620 0.9269 -0.0993
vn 0.3146 0.9439 -0.1005
vn 0.3454 0.8903 -0.2968
vn 0.2928 0.9470 0.1318
vn 0.4332 0.8688 -0.2398
vn 0.3938 0.8857 -0.2459
vn 0.5233 0.8294 -0.1957
vn 0.3977 0.9175 -0.0046
vn 0.2645 0.8960 0.3567
vn 0.2097 0.9437 0.2559
vn 0.2574 0.8745 0.4111
vn 0.6984 0.6704 -0.2509
vn 0.6422 0.7067 -0.2969
vn 0.7270 0.6303 -0.2723
vn 0.6044 0.7829 -0.1476
vn 0.6012 0.7550 -0.2617
vn 0.4899 0.8622 -0.1290
vn 0.3952 0.9147 0.0843
vn 0.3350 0.8627 0.3787
vn 0.2945 0.7835 0.5473
vn 0.2907 0.7753 0.5607
vn 0.2435 0.6341 0.7339
vn 0.7960 0.4677 -0.3842
vn 0.7860 0.4324 -0.4419
vn 0.7833 0.4155 -0.4623
vn 0.7565 0.5582 -0.3408
vn 0.3289 0.8424 0.4269
vn 0.2247 0.7763 0.5890
vn 0.1760 0.5932 0.7856
vn 0.6753 0.2075 -0.7077
vn 0.7336 0.3499 -0.5826
vn 0.1947 0.7236 0.6622
vn 0.0926 0.5674 0.8182
vn 0.5162 0.0037 -0.8564
vn 0.6241 0.1449 -0.7678
vn 0.2047 0.6100 0.7655
vn 0.1362 0.5131 0.8475
vn 0.3654 -0.0955 -0.9259
vn 0.4123 -0.0744 -0.9080
vn 0.1911 0.4734 0.8599
vn 0.2269 -0.0939 -0.9694
vn -0.0000 0.5547 0.8321
vn -0.0041 0.4387 0.8986
vn 0.0276 -0.0277 -0.9992
vn -0.1917 0.3662 0.9106
vn -0.1957 0.4311 0.8808
vn -0.0683 -0.0683 -0.9953
vn -0.2240 0.2480 0.9425
vn -0.2031 -0.1545 -0.9669
vn -0.2158 0.1075 0.9705
vn -0.3547 -0.3469 -0.8682
vn -0.3851 0.2002 0.9009
vn -0.3853 0.0493 0.9215
vn -0.4878 -0.3896 -0.7812
vn -0.5491 -0.4255 -0.7194
vn -0.6207 -0.0154 0.7839
vn -0.5608 0.0366 0.8271
vn -0.6487 -0.4358 -0.6239
vn -0.6207 -0.4864 -0.6149
vn -0.6788 -0.5077 -0.5306
vn -0.7353 -0.1159 0.6678
vn -0.7193 -0.0581 0.6923
vn -0.7173 -0.5322 -0.4497
vn -0.7927 -0.5279 -0.3048
vn -0.7929 -0.5286 -0.3031
vn -0.8397 -0.5012 -0.2091
vn -0.8789 -0.2930 0.3764
vn -0.9283 -0.3095 0.2063
vn -0.8914 -0.2852 0.3523
vn -0.8041 -0.1830 0.5656
vn -0.8724 -0.4699 -0.1347
vn -0.9172 -0.3961 -0.0440
vn -0.9302 -0.3484 0.1157
vn 0.9077 -0.4128 -0.0751
vn 0.9372 -0.3244 0.1283
vn 0.6786 -0.4959 -0.5419
vn 0.8255 -0.4525 -0.3372
vn 0.7240 -0.4647 -0.5098
vn 0.8909 -0.4330 -0.1374
vn 0.9130 -0.3963 0.0965
vn 0.8630 -0.3476 0.3666
vn 0.7638 -0.2685 0.5870
vn 0.8278 -0.3213 0.4599
vn 0.4383 -0.4717 -0.7651
vn 0.4841 -0.4599 -0.7444
vn 0.6714 -0.4556 -0.5845
vn 0.7720 -0.2647 0.5779
vn 0.6560 -0.1908 0.7303
vn 0.6542 -0.1845 0.7335
vn 0.2041 -0.4299 -0.8795
vn 0.2984 -0.4455 -0.8441
vn 0.6177 -0.1662 0.7687
vn 0.4816 -0.0166 0.8762
vn -0.0505 -0.4054 -0.9127
vn 0.2872 0.1835 0.9402
vn -0.4175 -0.3814 -0.8248
vn -0.2028 -0.3541 -0.9130
vn -0.3501 -0.2718 -0.8964
vn 0.0640 0.4474 0.8921
vn 0.2779 0.2357 0.9313
vn 0.1884 0.4603 0.8675
vn -0.5878 -0.1015 -0.8026
vn -0.0479 0.6134 0.7883
vn 0.0716 0.5818 0.8102
vn -0.6926 -0.0128 -0.7213
vn -0.6985 0.1144 -0.7064
vn -0.0927 0.7631 0.6395
vn 0.0041 0.7166 0.6974
vn -0.7179 0.2403 -0.6533
vn -0.7003 0.3555 -0.6190
vn -0.7548 0.4718 -0.4557
vn -0.4405 0.8796 0.1797
vn -0.2757 0.9190 0.2820
vn -0.1201 0.8440 0.5227
vn -0.0420 0.7824 0.6213
vn -0.6663 0.5001 -0.5531
vn -0.5336 0.7584 -0.3743
vn -0.5179 0.6681 -0.5342
vn -0.3880 0.9016 -0.1912
vn -0.2552 0.9661 -0.0384
vn -0.1096 0.9809 0.1606
vn -0.0426 0.8940 0.4460
vn -0.0270 0.8317 0.5545
vn -0.3632 0.7999 -0.4777
vn -0.2315 0.8626 -0.4499
vn -0.1916 0.9220 -0.3364
vn -0.1081 0.9809 -0.1620
vn -0.0546 0.9930 0.1044
vn -0.0496 0.8981 0.4370
vn -0.0461 0.8312 0.5541
vn -0.1991 0.8980 -0.3925
vn -0.1215 0.9417 -0.3138
vn -0.0542 0.9751 -0.2150
vn -0.0554 0.9928 0.1060
vn -0.0498 0.8963 0.4407
vn -0.0591 0.8241 0.5634
vn 0.0414 0.9672 -0.2507
vn -0.0307 0.9076 -0.4187
vn 0.0554 0.9928 0.1060
vn 0.0459 0.8804 0.4720
vn 0.0243 0.7823 0.6225
vn 0.1477 0.9442 -0.2943
vn 0.1090 0.8689 -0.4827
vn 0.1642 0.9808 0.1048
vn 0.1405 0.8560 0.4975
vn 0.1025 0.7361 0.6691
vn 0.1950 0.8777 -0.4378
vn 0.2179 0.8974 -0.3838
vn 0.1677 0.9433 -0.2863
vn 0.1619 0.9814 0.1034
vn 0.1367 0.8457 0.5158
vn 0.1078 0.7030 0.7030
vn 0.2852 0.8879 -0.3609
vn 0.3096 0.9020 -0.3008
vn 0.1986 0.9550 -0.2205
vn 0.1098 0.9884 0.1048
vn 0.0597 0.8445 0.5323
vn 0.0392 0.7066 0.7066
vn 0.4156 0.8321 -0.3674
vn 0.3768 0.8477 -0.3735
vn 0.3998 0.8012 -0.4451
vn 0.3884 0.8740 -0.2919
vn 0.1739 0.9588 0.2245
vn 0.0789 0.8181 0.5697
vn 0.0474 0.7009 0.7116
vn 0.5475 0.7372 -0.3960
vn 0.4370 0.7812 -0.4458
vn 0.5347 0.7154 -0.4498
vn 0.5424 0.7779 -0.3174
vn 0.2117 0.7724 0.5989
vn 0.1184 0.6796 0.7240
vn 0.7061 0.5720 -0.4174
vn 0.6353 0.6120 -0.4710
vn 0.6775 0.4965 -0.5426
vn 0.1759 0.6328 0.7541
vn 0.7181 0.3550 -0.5986
vn 0.7591 0.2346 -0.6072
vn 0.6534 0.1953 -0.7313
vn 0.7381 0.4093 -0.5364
vn 0.1536 0.5778 0.8016
vn 0.1813 0.6431 0.7440
vn 0.1077 0.5769 0.8097
vn 0.5861 0.1917 -0.7872
vn 0.6103 0.1172 -0.7835
vn 0.5164 0.0757 -0.8530
vn 0.0618 0.5549 0.8296
vn 0.0372 0.4650 0.8845
vn 0.4181 -0.0800 -0.9049
vn 0.1031 0.4950 0.8628
vn 0.0366 0.3707 0.9280
vn 0.3291 -0.0911 -0.9399
vn 0.2994 -0.1692 -0.9390
vn 0.1630 0.4011 0.9014
vn 0.1066 0.2599 0.9597
vn 0.2604 -0.2067 -0.9431
vn 0.3095 -0.2042 -0.9287
vn -0.0331 0.2190 0.9752
vn 0.0384 -0.1708 -0.9846
vn -0.2616 0.3198 0.9106
vn -0.2647 0.2105 0.9411
vn -0.1541 -0.2042 -0.9667
vn -0.3564 0.1547 0.9214
vn -0.3239 0.2120 0.9220
vn -0.3027 -0.3022 -0.9039
vn -0.3601 0.0020 0.9329
vn -0.4299 -0.3735 -0.8220
vn -0.4705 -0.3764 -0.7981
vn -0.5329 -0.4198 -0.7347
vn -0.4221 -0.1353 0.8964
vn -0.5996 -0.5039 -0.6218
vn -0.6018 -0.4721 -0.6442
vn -0.6496 -0.4974 -0.5750
vn -0.6360 -0.1999 0.7454
vn -0.5806 -0.1559 0.7991
vn -0.6916 -0.5559 -0.4612
vn -0.6999 -0.5050 -0.5050
vn -0.7179 -0.4990 -0.4854
vn -0.7471 -0.2404 0.6198
vn -0.7214 -0.2092 0.6602
vn -0.7527 -0.5071 -0.4200
vn -0.8433 -0.4748 -0.2517
vn -0.9052 -0.3916 -0.1651
vn -0.9415 -0.3265 -0.0833
vn -0.8957 -0.4338 -0.0979
vn -0.9436 -0.3145 0.1037
vn -0.8957 -0.4338 0.0979
vn -0.8763 -0.3844 0.2903
vn -0.8278 -0.2784 0.4871
vn 0.8098 -0.4581 -0.3665
vn 0.8651 -0.4806 -0.1438
vn 0.8286 -0.5235 -0.1985
vn 0.8784 -0.4741 0.0606
vn 0.8756 -0.3762 0.3029
vn 0.8776 -0.4379 0.1951
vn 0.5255 -0.4755 -0.7055
vn 0.6632 -0.4813 -0.5732
vn 0.7807 -0.5087 -0.3629
vn 0.8745 -0.3951 0.2814
vn 0.7968 -0.2999 0.5246
vn 0.7258 -0.2314 0.6479
vn 0.2539 -0.4112 -0.8755
vn 0.3006 -0.4529 -0.8393
vn 0.7200 -0.1494 0.6777
vn 0.6012 -0.0717 0.7959
vn -0.0232 -0.3305 -0.9435
vn 0.0444 -0.4119 -0.9101
vn 0.3446 0.2104 0.9149
vn 0.4751 0.0244 0.8796
vn 0.4971 0.1006 0.8618
vn -0.2277 -0.3248 -0.9180
vn 0.3305 0.2353 0.9140
vn -0.4936 -0.1841 -0.8500
vn 0.2421 0.3365 0.9100
vn -0.5674 -0.1149 -0.8154
vn -0.5642 0.0449 -0.8244
vn 0.1131 0.6087 0.7853
vn 0.2813 0.3535 0.8921
vn 0.1908 0.5157 0.8352
vn -0.5884 0.2339 -0.7740
vn -0.5399 0.3460 -0.7673
vn 0.0353 0.6959 0.7173
vn 0.0914 0.5884 0.8034
vn -0.4516 0.4861 -0.7482
vn -0.5085 0.6095 -0.6082
vn 0.0121 0.7617 0.6478
vn 0.0429 0.6317 0.7740
vn -0.3543 0.5960 -0.7206
vn -0.2893 0.7729 -0.5647
vn -0.2821 0.6607 -0.6956
vn -0.0429 0.7740 0.6317
vn -0.0208 0.6419 0.7665
vn -0.1652 0.7946 -0.5842
vn -0.1362 0.7298 -0.6700
vn -0.1480 0.8875 -0.4364
vn -0.0803 0.7851 0.6141
vn -0.0448 0.6854 0.7268
vn 0.0073 0.8288 -0.5595
vn 0.0281 0.7813 -0.6235
vn -0.0372 0.8803 -0.4730
vn -0.0280 0.7906 0.6116
vn -0.0252 0.7247 0.6886
vn 0.1734 0.8340 -0.5238
vn 0.1939 0.7846 -0.5889
vn 0.1142 0.8762 -0.4683
vn 0.0511 0.7738 0.6314
vn 0.0255 0.7154 0.6982
vn 0.2672 0.8385 -0.4750
vn 0.3306 0.7535 -0.5683
vn 0.0836 0.7336 0.6744
vn 0.0488 0.6670 0.7435
vn 0.3383 0.7632 -0.5505
vn 0.3538 0.6958 -0.6250
vn 0.3418 0.6235 -0.7032
vn 0.3310 0.8592 -0.3901
vn 0.0339 0.7103 0.7030
vn 0.0220 0.6330 0.7739
vn 0.4012 0.7613 -0.5093
vn 0.4148 0.6190 -0.6669
vn 0.0350 0.6294 0.7763
vn 0.5717 0.6071 -0.5519
vn 0.4972 0.5423 -0.6773
vn 0.5711 0.4263 -0.7015
vn 0.1116 0.7027 0.7027
vn 0.0636 0.5654 0.8223
vn 0.6479 0.4399 -0.6219
vn 0.6152 0.3524 -0.7052
vn 0.6251 0.2593 -0.7363
vn 0.1433 0.6586 0.7387
vn 0.0854 0.4417 0.8931
vn 0.5941 -0.0016 -0.8044
vn 0.6520 0.1098 -0.7502
vn -0.0552 0.3597 0.9314
vn 0.4386 -0.0529 -0.8971
vn 0.5603 -0.0390 -0.8274
vn -0.1114 0.2563 0.9602
vn 0.3366 -0.1306 -0.9325
vn -0.1090 0.2129 0.9710
vn 0.2512 -0.1727 -0.9524
vn 0.0137 0.0691 0.9975
vn 0.2206 -0.2959 -0.9294
vn 0.1982 -0.2708 -0.9420
vn -0.0534 -0.0000 0.9986
vn 0.0466 -0.3194 -0.9465
vn 0.2063 -0.3094 -0.9283
vn -0.2698 -0.0175 0.9627
vn -0.1904 -0.3611 -0.9129
vn -0.4067 -0.0573 0.9118
vn -0.3262 -0.0431 0.9443
vn -0.3650 -0.3685 -0.8550
vn -0.2914 -0.3885 -0.8742
vn -0.4244 -0.4014 -0.8116
vn -0.4743 -0.1291 0.8708
vn -0.5997 -0.4382 -0.6696
vn -0.5996 -0.4258 -0.6776
vn -0.6439 -0.4526 -0.6168
vn -0.4975 -0.1830 0.8480
vn -0.5537 -0.2869 0.7817
vn -0.4648 -0.2403 0.8522
vn -0.6924 -0.4898 -0.5298
vn -0.6851 -0.4704 -0.5561
vn -0.7210 -0.4836 -0.4963
vn -0.6906 -0.2606 0.6746
vn -0.7162 -0.3694 0.5921
vn -0.6702 -0.3388 0.6603
vn -0.7470 -0.5171 -0.4179
vn -0.7562 -0.5041 -0.4172
vn -0.8023 -0.5348 -0.2652
vn -0.8022 -0.5348 -0.2653
vn -0.8182 -0.5455 -0.1818
vn -0.8113 -0.3655 0.4564
vn -0.8408 -0.4631 0.2803
vn -0.7949 -0.4255 0.4324
vn -0.8286 -0.5524 -0.0913
vn -0.8369 -0.5444 0.0576
vn -0.8435 -0.4991 0.1983
vn 0.8504 -0.4975 -0.1711
vn 0.8803 -0.4735 0.0292
vn 0.5713 -0.5636 -0.5966
vn 0.7354 -0.5373 -0.4128
vn 0.6146 -0.5503 -0.5652
vn 0.8325 -0.5071 -0.2232
vn 0.8546 -0.5193 -0.0000
vn 0.8480 -0.4727 0.2397
vn 0.8029 -0.3927 0.4486
vn 0.7812 -0.3294 0.5302
vn 0.3463 -0.5601 -0.7526
vn 0.3896 -0.5670 -0.7258
vn 0.7656 -0.2479 0.5936
vn 0.6465 -0.2243 0.7292
vn 0.1017 -0.5133 -0.8521
vn 0.1944 -0.5321 -0.8240
vn 0.5884 -0.1341 0.7974
vn 0.5524 -0.0913 0.8286
vn -0.1105 -0.4540 -0.8841
vn 0.4237 -0.0581 0.9039
vn -0.3967 -0.3123 -0.8632
vn -0.2493 -0.2241 -0.9421
vn 0.2935 0.2188 0.9306
vn 0.3133 -0.0080 0.9496
vn 0.4092 0.0452 0.9113
vn -0.3666 0.0564 -0.9287
vn 0.3487 0.1510 0.9250
vn -0.4012 0.2342 -0.8855
vn 0.1972 0.2886 0.9369
vn -0.3782 0.2707 -0.8853
vn -0.3658 0.3564 -0.8597
vn 0.0757 0.5427 0.8365
vn 0.2002 0.3035 0.9316
vn 0.1156 0.3967 0.9107
vn -0.2358 0.4328 -0.8701
vn -0.2743 0.5540 -0.7860
vn -0.0000 0.5547 0.8320
vn -0.0000 0.4394 0.8983
vn -0.1015 0.5939 -0.7981
vn -0.0846 0.4934 -0.8657
vn -0.0064 0.5726 0.8198
vn 0.0656 0.6212 -0.7809
vn 0.0845 0.5263 -0.8461
vn -0.0077 0.5980 0.8015
vn 0.0125 0.4508 0.8926
vn 0.2151 0.6611 -0.7188
vn 0.2194 0.5338 -0.8166
vn -0.0000 0.6038 0.7971
vn -0.0000 0.4822 0.8761
vn 0.3283 0.6512 -0.6842
vn 0.3161 0.4895 -0.8127
vn 0.0078 0.5837 0.8119
vn 0.3591 0.5389 -0.7620
vn 0.3603 0.4462 -0.8192
vn 0.3706 0.4091 -0.8339
vn 0.0065 0.5599 0.8286
vn -0.0123 0.4712 0.8819
vn 0.4128 0.5131 -0.7526
vn 0.3703 0.4085 -0.8343
vn 0.0176 0.5546 0.8319
vn 0.0066 0.4346 0.9006
vn 0.5308 0.2950 -0.7945
vn 0.4036 0.3153 -0.8589
vn 0.4622 0.2278 -0.8571
vn -0.0757 0.4962 0.8649
vn -0.1107 0.3889 0.9146
vn 0.5208 0.1139 -0.8460
vn -0.0683 0.2538 0.9648
vn -0.2034 0.3479 0.9152
vn 0.5221 -0.0880 -0.8484
vn 0.4857 0.0190 -0.8739
vn -0.1591 0.1101 0.9811
vn 0.4373 -0.0993 -0.8938
vn 0.4208 -0.1613 -0.8927
vn -0.1472 0.0131 0.9890
vn 0.3096 -0.2042 -0.9287
vn -0.1223 0.0408 0.9917
vn 0.1958 -0.2221 -0.9552
vn -0.1094 -0.0003 0.9940
vn 0.1138 -0.3160 -0.9419
vn -0.1181 -0.1199 0.9857
vn 0.0115 -0.3017 -0.9533
vn -0.0456 -0.4178 -0.9074
vn -0.3049 -0.2034 0.9304
vn -0.2155 -0.3836 -0.8980
vn -0.2599 -0.4742 -0.8412
vn -0.4556 -0.3102 0.8344
vn -0.4003 -0.2529 0.8808
vn -0.4564 -0.4816 -0.7482
vn -0.5299 -0.3504 0.7723
vn -0.6023 -0.4723 -0.6436
vn -0.6489 -0.4653 -0.6021
vn -0.5893 -0.4252 0.6870
vn -0.5469 -0.3839 0.7440
vn -0.7012 -0.4837 -0.5238
vn -0.7447 -0.5054 -0.4359
vn -0.7360 -0.5215 -0.4316
vn -0.7780 -0.5181 -0.3553
vn -0.7010 -0.4816 0.5259
vn -0.6688 -0.4485 0.5930
vn -0.8312 -0.5541 0.0461
vn -0.8184 -0.5456 0.1804
vn -0.8196 -0.5449 0.1770
vn -0.7550 -0.5174 0.4029
vn 0.6704 -0.5758 -0.4680
vn 0.7743 -0.5757 -0.2628
vn 0.8310 -0.5563 -0.0032
vn 0.8135 -0.5402 0.2155
vn 0.8070 -0.4404 0.3934
vn 0.4476 -0.6069 -0.6568
vn 0.5641 -0.6448 -0.5158
vn 0.7245 -0.6241 -0.2925
vn 0.8058 -0.5918 -0.0226
vn 0.8186 -0.5440 0.1842
vn 0.7995 -0.4862 0.3526
vn 0.7340 -0.3504 0.5818
vn 0.7686 -0.4508 0.4539
vn 0.1612 -0.5079 -0.8462
vn 0.2471 -0.5413 -0.8037
vn 0.7177 -0.4135 0.5603
vn 0.6144 -0.1925 0.7652
vn 0.6261 -0.2963 0.7212
vn -0.0761 -0.4184 -0.9051
vn 0.0425 -0.4712 -0.8810
vn 0.5600 -0.2891 0.7764
vn 0.4610 -0.2647 0.8470
vn -0.0409 -0.3425 -0.9386
vn 0.4096 -0.1957 0.8910
vn 0.4421 -0.1473 0.8848
vn -0.1635 -0.2086 -0.9642
vn 0.4409 -0.1471 0.8854
vn -0.2864 -0.0097 -0.9581
vn 0.2395 0.1088 0.9648
vn 0.3919 -0.0514 0.9186
vn 0.3605 -0.0000 0.9328
vn -0.3224 0.0904 -0.9423
vn -0.3454 0.2968 -0.8903
vn 0.2141 0.0554 0.9752
vn -0.3146 0.1005 -0.9439
vn -0.1877 0.1592 -0.9693
vn 0.0418 0.1467 0.9883
vn 0.0001 0.2649 -0.9643
vn -0.0000 0.1602 0.9871
vn 0.1442 0.3431 -0.9282
vn 0.0549 0.1608 0.9855
vn 0.2081 0.3876 -0.8980
vn 0.0560 0.2079 0.9765
vn 0.2848 0.3906 -0.8754
vn 0.1936 0.3270 -0.9250
vn 0.2551 0.3038 -0.9180
vn -0.0000 0.2614 0.9652
vn 0.3569 0.2572 -0.8980
vn -0.0532 0.2597 0.9642
vn 0.3534 0.2005 -0.9138
vn -0.0551 0.2143 0.9752
vn 0.3824 0.1333 -0.9143
vn 0.3207 0.1913 -0.9277
vn -0.1595 0.1423 0.9769
vn 0.4101 0.0098 -0.9120
vn -0.1119 0.2281 0.9672
vn -0.1997 0.0445 0.9789
vn 0.4058 -0.0930 -0.9092
vn 0.3288 -0.0269 -0.9440
vn -0.2260 0.1280 0.9657
vn -0.2840 -0.0570 0.9571
vn 0.3607 -0.1918 -0.9127
vn -0.1967 -0.0419 0.9796
vn -0.4101 -0.0357 0.9113
vn 0.2684 -0.2921 -0.9180
vn 0.2440 -0.2706 -0.9313
vn -0.1085 -0.0548 0.9926
vn 0.3015 -0.3014 -0.9046
vn -0.1898 -0.0803 0.9785
vn 0.0013 -0.3596 -0.9331
vn -0.2408 -0.1927 0.9513
vn -0.1330 -0.4337 -0.8912
vn -0.3356 -0.2750 0.9010
vn -0.4509 -0.3054 0.8387
vn -0.3690 -0.2486 0.8956
vn -0.3000 -0.5214 -0.7989
vn -0.2803 -0.4631 -0.8408
vn -0.3518 -0.5076 -0.7865
vn -0.5193 -0.3819 0.7645
vn -0.4776 -0.5256 -0.7040
vn -0.4907 -0.5498 -0.6760
vn -0.5322 -0.4482 0.7182
vn -0.5666 -0.4367 0.6987
vn -0.5486 -0.4074 0.7301
vn -0.6773 -0.5030 -0.5368
vn -0.6440 -0.5220 -0.5593
vn -0.6910 -0.5077 -0.5145
vn -0.6197 -0.5055 0.6004
vn -0.6615 -0.5303 0.5303
vn -0.6197 -0.4810 0.6201
vn -0.7437 -0.5121 -0.4296
vn -0.8030 -0.5358 -0.2609
vn -0.8179 -0.5468 0.1793
vn -0.8114 -0.5500 0.1977
vn -0.7326 -0.5463 0.4060
vn -0.7301 -0.5367 0.4229
vn 0.4955 -0.6866 -0.5320
vn 0.6283 -0.6738 -0.3889
vn 0.7756 -0.6204 -0.1163
vn 0.6485 -0.7100 -0.2746
vn 0.8027 -0.5802 0.1382
vn 0.7855 -0.5187 0.3376
vn 0.7831 -0.5645 0.2610
vn 0.3096 -0.6695 -0.6753
vn 0.5749 -0.6939 -0.4336
vn 0.3704 -0.6590 -0.6546
vn 0.7378 -0.5941 0.3206
vn 0.6898 -0.5373 0.4852
vn 0.6047 -0.5087 0.6129
vn 0.1672 -0.6163 -0.7696
vn 0.1991 -0.6101 -0.7669
vn 0.5450 -0.4867 0.6827
vn 0.5079 -0.4349 0.7435
vn 0.0795 -0.4986 -0.8632
vn 0.1824 -0.5423 -0.8202
vn 0.4848 -0.2052 0.8502
vn 0.4750 -0.3703 0.7983
vn -0.0015 -0.4089 -0.9126
vn 0.4581 -0.3665 0.8098
vn 0.4646 -0.3263 0.8232
vn -0.1331 -0.2876 -0.9485
vn 0.3965 -0.1068 0.9118
vn 0.3856 -0.2610 0.8850
vn -0.2795 -0.1195 -0.9527
vn -0.2121 -0.2097 -0.9545
vn -0.2022 -0.1484 -0.9680
vn 0.3102 -0.2652 0.9129
vn 0.2701 -0.2383 0.9329
vn -0.0956 -0.0414 -0.9946
vn 0.1057 -0.1576 0.9818
vn 0.0979 0.0430 -0.9943
vn 0.0136 -0.0956 0.9953
vn 0.2389 0.1597 -0.9578
vn 0.0691 -0.0415 0.9967
vn 0.2003 0.2845 -0.9375
vn 0.2086 0.2086 -0.9555
vn 0.1104 -0.0000 0.9939
vn 0.2130 0.1606 -0.9638
vn 0.0415 0.0415 0.9983
vn 0.3152 0.0789 -0.9457
vn -0.0551 0.0551 0.9970
vn 0.3455 0.1166 -0.9311
vn 0.3036 -0.0136 -0.9527
vn -0.1240 0.0414 0.9914
vn 0.3031 -0.0653 -0.9507
vn -0.2311 -0.0289 0.9725
vn 0.3356 -0.1791 -0.9248
vn -0.3126 -0.0608 0.9479
vn 0.3426 -0.2149 -0.9146
vn -0.2846 -0.2039 0.9367
vn -0.2729 -0.2123 0.9383
vn -0.2380 -0.1377 0.9614
vn 0.2987 -0.2987 -0.9064
vn -0.1955 -0.2391 0.9511
vn 0.1920 -0.3605 -0.9128
vn -0.0943 -0.2908 0.9521
vn 0.1183 -0.3014 -0.9461
vn 0.0904 -0.4414 -0.8928
vn -0.2573 -0.2519 0.9329
vn -0.0382 -0.3160 -0.9480
vn -0.0528 -0.4754 -0.8782
vn -0.3006 -0.2773 0.9125
vn -0.3576 -0.2577 0.8976
vn -0.2580 -0.2368 0.9367
vn -0.1794 -0.3865 -0.9047
vn -0.2266 -0.5393 -0.8110
vn -0.4982 -0.2676 0.8247
vn -0.4223 -0.5718 -0.7034
vn -0.5649 -0.3520 0.7463
vn -0.6120 -0.3159 0.7251
vn -0.5853 -0.2899 0.7572
vn -0.5557 -0.5574 -0.6168
vn -0.4930 -0.6152 -0.6152
vn -0.5782 -0.5756 -0.5782
vn -0.6425 -0.4255 0.6373
vn -0.6899 -0.4468 0.5696
vn -0.6581 -0.4001 0.6379
vn -0.7179 -0.5376 -0.4424
vn -0.6883 -0.5567 -0.4650
vn -0.7962 -0.5382 -0.2765
vn -0.7790 -0.5586 -0.2848
vn -0.8114 -0.5493 -0.1998
vn -0.7247 -0.5217 0.4501
vn -0.7920 -0.4968 0.3548
vn -0.7440 -0.4840 0.4606
vn -0.8493 -0.5196 -0.0937
vn -0.8525 -0.5207 0.0473
vn -0.8293 -0.5127 0.2222
vn 0.6895 -0.7087 -0.1497
vn 0.7235 -0.6794 0.1219
vn 0.4585 -0.7506 -0.4757
vn 0.4871 -0.7926 -0.3667
vn 0.5989 -0.7773 -0.1926
vn 0.6207 -0.7785 0.0934
vn 0.6213 -0.7312 0.2818
vn 0.5976 -0.7804 0.1839
vn 0.6007 -0.6552 0.4581
vn 0.3062 -0.6811 -0.6651
vn 0.3696 -0.7851 -0.4971
vn 0.5986 -0.7553 0.2669
vn 0.5852 -0.6708 0.4556
vn 0.5112 -0.5909 0.6241
vn 0.5349 -0.6170 0.5772
vn 0.1556 -0.5243 -0.8372
vn 0.2312 -0.6072 -0.7602
vn 0.5204 -0.6038 0.6038
vn 0.4574 -0.5943 0.6615
vn 0.0628 -0.4237 -0.9036
vn 0.1020 -0.5576 -0.8238
vn 0.4647 -0.5098 0.7240
vn 0.4556 -0.5845 0.6714
vn -0.0741 -0.3298 -0.9411
vn -0.0071 -0.5009 -0.8655
vn 0.5053 -0.5472 0.6672
vn 0.3934 -0.5243 0.7552
vn -0.0691 -0.4268 -0.9017
vn 0.3039 -0.3931 0.8678
vn 0.2904 -0.5184 0.8043
vn 0.0156 -0.2833 -0.9589
vn 0.2875 -0.5053 0.8137
vn 0.1879 -0.4326 0.8818
vn 0.1931 -0.1318 -0.9723
vn 0.1157 -0.3413 0.9328
vn 0.2808 0.0921 -0.9553
vn 0.3158 -0.0514 -0.9474
vn 0.1455 -0.2222 0.9641
vn 0.2105 -0.1018 -0.9723
vn 0.1471 -0.1707 0.9743
vn 0.1642 -0.1048 -0.9808
vn 0.0417 -0.1718 0.9843
vn 0.2301 -0.1453 -0.9623
vn -0.0419 -0.1943 0.9801
vn 0.2312 -0.0936 -0.9684
vn 0.2121 -0.2097 -0.9545
vn -0.1721 -0.1682 0.9706
vn 0.2102 -0.2609 -0.9422
vn -0.2450 -0.2394 0.9395
vn 0.2510 -0.3503 -0.9024
vn -0.3624 -0.2108 0.9079
vn 0.3015 -0.3015 -0.9045
vn 0.2883 -0.3879 -0.8755
vn -0.3595 -0.3538 0.8635
vn -0.4005 -0.2548 0.8801
vn 0.2030 -0.4595 -0.8647
vn -0.2781 -0.4316 0.8581
vn 0.0996 -0.5127 -0.8527
vn -0.1265 -0.4602 0.8787
vn -0.1369 -0.5038 0.8529
vn -0.1797 -0.4589 0.8701
vn 0.0185 -0.5769 -0.8166
vn -0.2137 -0.4091 0.8871
vn -0.1145 -0.4108 0.9045
vn -0.1209 -0.6189 -0.7761
vn -0.2749 -0.2939 0.9154
vn -0.2806 -0.6544 -0.7022
vn -0.1796 -0.6721 -0.7183
vn -0.3024 -0.6665 -0.6814
vn -0.5398 -0.2637 0.7994
vn -0.4333 -0.6339 -0.6407
vn -0.4451 -0.6300 -0.6364
vn -0.6689 -0.3029 0.6788
vn -0.6358 -0.2734 0.7218
vn -0.6082 -0.6073 -0.5112
vn -0.5208 -0.6489 -0.5547
vn -0.6272 -0.6435 -0.4388
vn -0.7079 -0.5011 0.4978
vn -0.7358 -0.5203 0.4335
vn -0.7379 -0.4771 0.4774
vn -0.7354 -0.3541 0.5778
vn -0.7049 -0.6087 -0.3642
vn -0.7986 -0.5847 -0.1425
vn -0.8701 -0.4834 -0.0958
vn -0.8731 -0.4851 0.0484
vn -0.8299 -0.5566 0.0380
vn -0.8504 -0.4724 0.2316
vn -0.8185 -0.5213 0.2416
vn 0.5012 -0.8430 -0.1953
vn 0.5890 -0.8051 0.0696
vn 0.3626 -0.7676 -0.5285
vn 0.4439 -0.8451 -0.2979
vn 0.4689 -0.8832 0.0127
vn 0.4904 -0.8317 0.2606
vn 0.5210 -0.7389 0.4273
vn 0.2572 -0.7907 -0.5556
vn 0.3814 -0.8690 -0.3154
vn 0.3046 -0.8263 -0.4737
vn 0.3304 -0.9436 0.0217
vn 0.3954 -0.8914 0.2216
vn 0.3981 -0.8265 0.3981
vn 0.3885 -0.8742 0.2914
vn 0.4516 -0.6839 0.5730
vn 0.1341 -0.7772 -0.6147
vn 0.1727 -0.8195 -0.5464
vn 0.3963 -0.8428 0.3642
vn 0.4323 -0.7424 0.5117
vn 0.3924 -0.8319 0.3924
vn 0.0370 -0.7744 -0.6316
vn 0.0504 -0.8260 -0.5615
vn 0.3860 -0.8076 0.4458
vn 0.3865 -0.6690 0.6349
vn 0.3507 -0.7912 0.5010
vn 0.0853 -0.7386 -0.6687
vn 0.1071 -0.7927 -0.6001
vn 0.2919 -0.7297 0.6184
vn 0.2915 -0.8240 0.4858
vn 0.2089 -0.5860 -0.7829
vn 0.2068 -0.7146 -0.6683
vn 0.2851 -0.7566 0.5885
vn 0.2244 -0.5904 0.7753
vn 0.2855 -0.6435 0.7102
vn 0.2904 -0.4671 -0.8352
vn 0.2319 -0.5120 0.8271
vn 0.2766 -0.5438 0.7924
vn 0.2714 -0.2159 -0.9379
vn 0.2675 -0.3988 -0.8772
vn 0.3227 -0.4968 0.8057
vn 0.2462 -0.3753 0.8936
vn 0.1685 -0.4152 -0.8940
vn 0.2002 -0.3851 -0.9009
vn 0.1388 -0.3239 0.9359
vn 0.1507 -0.3993 -0.9044
vn -0.0085 -0.3679 0.9298
vn 0.1993 -0.3947 -0.8969
vn -0.0461 -0.4417 0.8960
vn 0.1872 -0.4067 -0.8942
vn -0.1563 -0.4408 0.8839
vn 0.1570 -0.3123 -0.9369
vn 0.1479 -0.4333 -0.8890
vn -0.2732 -0.3796 0.8839
vn -0.2951 -0.4697 0.8320
vn -0.2731 -0.4417 0.8546
vn 0.1636 -0.3889 -0.9066
vn 0.1386 -0.4822 -0.8650
vn -0.3692 -0.4072 0.8354
vn -0.3878 -0.4834 0.7848
vn 0.1955 -0.5441 -0.8159
vn 0.1872 -0.5050 -0.8426
vn -0.3852 -0.5252 0.7588
vn -0.3962 -0.5771 0.7141
vn -0.4420 -0.5246 0.7276
vn 0.1704 -0.5378 -0.8257
vn 0.1306 -0.6047 -0.7857
vn -0.2629 -0.5518 0.7914
vn -0.2387 -0.6121 0.7539
vn 0.0730 -0.5532 -0.8298
vn 0.0519 -0.6149 -0.7869
vn -0.0731 -0.5726 0.8166
vn -0.0187 -0.6040 -0.7968
vn -0.0653 -0.6460 -0.7605
vn 0.0126 -0.4750 0.8799
vn -0.1386 -0.6446 -0.7519
vn -0.1858 -0.6785 -0.7107
vn -0.2075 -0.3671 0.9068
vn -0.3509 -0.7085 -0.6122
vn -0.2724 -0.7267 -0.6306
vn -0.3937 -0.7341 -0.5532
vn -0.5577 -0.3009 0.7736
vn -0.5574 -0.3195 0.7663
vn -0.4200 -0.3381 0.8422
vn -0.4725 -0.6888 -0.5498
vn -0.5124 -0.7017 -0.4950
vn -0.5259 -0.7013 -0.4812
vn -0.5387 -0.6835 -0.4926
vn -0.7356 -0.3516 0.5791
vn -0.7833 -0.4155 0.4623
vn -0.7280 -0.3692 0.5777
vn -0.6151 -0.6879 -0.3853
vn -0.6715 -0.6965 -0.2529
vn -0.7189 -0.6684 -0.1911
vn -0.7902 -0.6123 -0.0255
vn -0.7811 -0.6209 -0.0665
vn -0.8105 -0.5432 0.2192
vn -0.8193 -0.5440 0.1812
vn -0.8009 -0.4454 0.4002
vn 0.3351 -0.8947 -0.2955
vn 0.3197 -0.9475 0.0047
vn 0.3661 -0.9117 0.1866
vn 0.1973 -0.9233 -0.3296
vn 0.1721 -0.9850 0.0142
vn 0.1980 -0.9692 0.1465
vn 0.2987 -0.9148 0.2719
vn 0.0704 -0.9510 -0.3011
vn 0.0938 -0.9956 -0.0015
vn 0.2069 -0.9769 0.0526
vn 0.2624 -0.9521 0.1568
vn 0.3125 -0.8794 0.3593
vn 0.2004 -0.9095 -0.3641
vn 0.3200 -0.9402 -0.1163
vn 0.4172 -0.9085 -0.0215
vn 0.4361 -0.8889 0.1399
vn 0.3661 -0.8593 0.3571
vn 0.2542 -0.6890 -0.6787
vn 0.3893 -0.8115 -0.4357
vn 0.4249 -0.8897 -0.1669
vn 0.4567 -0.8614 -0.2225
vn 0.5233 -0.8506 -0.0509
vn 0.5704 -0.8097 0.1377
vn 0.4942 -0.7602 0.4217
vn 0.3801 -0.7297 0.5684
vn 0.5262 -0.6380 0.5621
vn 0.3361 -0.6537 -0.6780
vn 0.4239 -0.7872 -0.4479
vn 0.3670 -0.6783 -0.6366
vn 0.4426 -0.5665 0.6951
vn 0.5683 -0.4753 0.6717
vn 0.2634 -0.6423 -0.7198
vn 0.3746 -0.6556 -0.6556
vn 0.5402 -0.4115 0.7341
vn 0.3540 -0.4294 0.8309
vn 0.4003 -0.3550 0.8449
vn 0.1571 -0.5694 -0.8069
vn 0.1846 -0.6357 -0.7495
vn 0.1386 -0.3266 0.9349
vn 0.1280 -0.3988 0.9081
vn 0.1717 -0.4970 -0.8506
vn 0.2012 -0.5890 -0.7826
vn -0.0667 -0.3936 0.9169
vn -0.1043 -0.5159 0.8503
vn 0.1907 -0.4767 -0.8581
vn 0.1838 -0.5878 -0.7879
vn -0.0999 -0.4713 0.8763
vn -0.1227 -0.6058 0.7861
vn 0.1405 -0.5149 -0.8457
vn 0.1864 -0.5115 -0.8388
vn -0.1580 -0.5365 0.8290
vn -0.1650 -0.6197 0.7673
vn 0.0964 -0.5475 -0.8312
vn -0.2937 -0.5834 0.7572
vn 0.0902 -0.5940 -0.7994
vn -0.4105 -0.5620 0.7181
vn -0.4258 -0.6146 0.6641
vn -0.3540 -0.5979 0.7192
vn 0.1391 -0.5990 -0.7886
vn 0.0912 -0.6414 -0.7617
vn -0.4639 -0.6023 0.6496
vn 0.1058 -0.6520 -0.7508
vn 0.0921 -0.6549 -0.7501
vn -0.2313 -0.7199 0.6544
vn -0.1939 -0.7314 0.6538
vn -0.4277 -0.6502 0.6280
vn 0.0414 -0.6638 -0.7468
vn 0.0522 -0.6314 -0.7737
vn 0.0131 -0.6591 0.7519
vn 0.1440 -0.6246 0.7676
vn -0.0822 -0.6621 -0.7449
vn -0.1085 -0.6195 -0.7774
vn 0.1510 -0.5097 0.8470
vn 0.2225 -0.4815 0.8477
vn -0.2115 -0.6837 -0.6984
vn -0.3051 -0.6412 -0.7041
vn -0.1238 -0.3397 0.9323
vn -0.1390 -0.4015 0.9052
vn -0.4557 -0.6855 -0.5678
vn -0.4397 -0.6108 -0.6585
vn -0.5100 -0.6253 -0.5907
vn -0.5774 -0.4037 0.7097
vn -0.6439 -0.6728 -0.3644
vn -0.6162 -0.6616 -0.4272
vn -0.7324 -0.6178 -0.2861
vn -0.8137 -0.4534 0.3638
vn -0.8212 -0.5008 0.2737
vn -0.8409 -0.4309 0.3273
vn -0.7457 -0.3804 0.5470
vn -0.7898 -0.5876 -0.1757
vn -0.8328 -0.5434 0.1052
vn 0.4905 -0.8436 -0.2185
vn 0.6340 -0.7600 -0.1431
vn 0.7208 -0.6847 0.1081
vn 0.6379 -0.6508 0.4117
vn 0.4460 -0.7500 -0.4885
vn 0.5961 -0.6981 -0.3967
vn 0.8300 -0.4866 -0.2728
vn 0.6780 -0.5402 -0.4985
vn 0.8911 -0.4451 0.0881
vn 0.8081 -0.3907 0.4408
vn 0.6935 -0.3080 0.6513
vn 0.2749 -0.6835 -0.6762
vn 0.2916 -0.7008 -0.6510
vn 0.4602 -0.7357 -0.4970
vn 0.5895 -0.6432 -0.4887
vn 0.6147 -0.2790 0.7378
vn 0.3567 -0.3236 0.8764
vn 0.1830 -0.6952 -0.6952
vn 0.1459 -0.7305 -0.6671
vn -0.0109 -0.4783 0.8782
vn 0.1705 -0.7290 -0.6629
vn 0.1093 -0.7996 -0.5904
vn -0.2755 -0.5765 0.7693
vn 0.1669 -0.7829 -0.5994
vn 0.1527 -0.8631 -0.4813
vn -0.1795 -0.7224 0.6677
vn -0.2057 -0.7691 0.6051
vn -0.3671 -0.6542 0.6613
vn 0.1450 -0.6251 -0.7670
vn 0.1450 -0.7522 -0.6428
vn 0.1944 -0.8240 -0.5321
vn -0.1493 -0.7427 0.6528
vn -0.1092 -0.7462 0.6567
vn 0.0836 -0.6330 -0.7697
vn 0.0622 -0.7750 -0.6288
vn -0.2630 -0.6743 0.6900
vn -0.2505 -0.6372 0.7289
vn 0.0530 -0.6795 -0.7318
vn 0.0077 -0.8015 -0.5980
vn -0.4131 -0.6440 0.6439
vn -0.4764 -0.5504 0.6856
vn -0.3696 -0.5834 0.7232
vn 0.0697 -0.7247 -0.6855
vn 0.0823 -0.8030 -0.5902
vn -0.5019 -0.6793 0.5354
vn -0.4961 -0.6976 0.5169
vn -0.5907 -0.6118 0.5260
vn -0.4654 -0.6480 0.6029
vn 0.1348 -0.7084 -0.6928
vn 0.2137 -0.7093 -0.6717
vn -0.1459 -0.7448 0.6511
vn -0.0647 -0.7143 0.6968
vn 0.1279 -0.6453 -0.7532
vn 0.2019 -0.5816 -0.7880
vn 0.2516 -0.6574 0.7103
vn 0.3186 -0.5642 0.7617
vn -0.0971 -0.5630 -0.8207
vn -0.1076 -0.4747 -0.8735
vn 0.4446 -0.5231 0.7271
vn 0.3749 -0.4688 0.7998
vn -0.3653 -0.5541 -0.7480
vn -0.4401 -0.4865 -0.7547
vn -0.1973 -0.3903 0.8993
vn -0.6143 -0.5865 -0.5279
vn -0.6225 -0.4793 -0.6187
vn -0.7068 -0.4900 -0.5103
vn -0.5982 -0.4797 0.6419
vn -0.6690 -0.4047 0.6234
vn -0.5832 -0.3764 0.7198
vn -0.7860 -0.5811 -0.2110
vn -0.8136 -0.5070 -0.2848
vn -0.8152 -0.5708 0.0980
vn -0.8469 -0.5314 0.0183
vn -0.8849 -0.3934 0.2495
vn 0.6426 -0.3508 -0.6812
vn 0.8903 -0.2384 -0.3879
vn 0.9951 -0.0970 0.0194
vn 0.8777 -0.0726 0.4736
vn 0.7003 -0.1371 0.7006
vn 0.3373 -0.7292 -0.5953
vn 0.3320 -0.6490 -0.6845
vn 0.2869 -0.5971 -0.7491
vn 0.2936 -0.3226 0.8998
vn 0.2317 -0.4241 0.8755
vn 0.1127 -0.7587 -0.6417
vn 0.1083 -0.7338 -0.6706
vn -0.0065 -0.7757 -0.6310
vn -0.1418 -0.5230 0.8405
vn -0.2417 -0.6518 0.7188
vn 0.0173 -0.8380 -0.5455
vn -0.2062 -0.9106 -0.3581
vn -0.1099 -0.9439 -0.3115
vn -0.2421 -0.9358 -0.2564
vn -0.3573 -0.6486 0.6721
vn -0.4242 -0.7464 0.5128
vn 0.0784 -0.8932 -0.4429
vn 0.0414 -0.9612 -0.2727
vn -0.1089 -0.9915 -0.0714
vn 0.0449 -0.9959 -0.0782
vn 0.0018 -0.9775 0.2111
vn -0.2484 -0.9578 0.1445
vn -0.2351 -0.8254 0.5133
vn -0.4389 -0.8181 0.3716
vn 0.1299 -0.8510 -0.5089
vn 0.1013 -0.9117 -0.3981
vn 0.2306 -0.9086 -0.3481
vn 0.2687 -0.9546 -0.1288
vn 0.3275 -0.9042 -0.2741
vn 0.2257 -0.9412 0.2516
vn -0.0042 -0.7983 0.6022
vn 0.2438 -0.6888 0.6828
vn 0.0466 -0.8756 -0.4807
vn 0.0725 -0.8841 -0.4617
vn 0.3528 -0.8351 -0.4220
vn 0.0863 -0.8181 -0.5685
vn -0.1669 -0.6140 0.7715
vn -0.0245 -0.5167 0.8558
vn -0.0000 -0.8761 -0.4822
vn -0.0170 -0.9075 -0.4197
vn -0.1402 -0.9129 -0.3834
vn -0.4991 -0.4357 0.7490
vn 0.1188 -0.8682 -0.4818
vn 0.1431 -0.9395 -0.3113
vn -0.3220 -0.9334 -0.1583
vn -0.1343 -0.9905 0.0282
vn -0.4504 -0.8394 0.3041
vn -0.7140 -0.6993 0.0344
vn -0.7339 -0.4853 0.4753
vn 0.3532 -0.7650 -0.5385
vn 0.3828 -0.9103 -0.1575
vn 0.4673 -0.7312 -0.4970
vn 0.2239 -0.9203 0.3208
vn 0.4875 -0.8103 0.3253
vn 0.0730 -0.8265 0.5581
vn 0.4533 -0.5138 -0.7284
vn 0.5321 -0.6126 -0.5845
vn 0.6566 -0.6469 0.3877
vn 0.5673 -0.5672 0.5970
vn 0.7635 -0.5146 0.3901
vn -0.0525 -0.3422 -0.9381
vn 0.7149 -0.3785 0.5879
vn 0.4613 -0.3654 0.8085
vn 0.4752 -0.2222 0.8514
vn -0.5425 -0.3018 -0.7840
vn 0.4148 -0.2743 0.8676
vn -0.1562 -0.2786 0.9476
vn -0.7148 -0.3073 -0.6282
vn -0.8843 -0.3590 -0.2985
vn -0.8394 -0.4735 -0.2668
vn -0.8619 -0.5029 -0.0648
vn -0.9027 -0.4218 -0.0851
vn -0.9138 -0.3384 -0.2247
vn -0.7546 -0.2560 0.6042
vn -0.6944 -0.2051 0.6897
vn -0.9440 -0.2863 0.1641
vn 0.6394 -0.2425 -0.7296
vn 0.9813 0.1644 -0.1006
vn 0.6245 -0.2008 -0.7548
vn 0.8191 0.0901 0.5665
vn 0.4910 -0.0322 0.8706
vn 0.0463 -0.5554 -0.8303
vn 0.2922 -0.4364 -0.8510
vn -0.0490 -0.3964 0.9168
vn -0.1425 -0.7442 -0.6526
vn -0.4200 -0.7948 -0.4380
vn -0.3913 -0.6922 -0.6065
vn -0.5972 -0.7210 -0.3514
vn -0.4667 -0.7004 0.5400
vn -0.6123 -0.7295 0.3047
vn -0.5685 -0.5660 0.5970
vn -0.3956 -0.9047 -0.1582
vn -0.7395 -0.6731 -0.0000
vn -0.4978 -0.8672 0.0125
vn -0.5006 -0.8016 0.3269
vn 0.4782 -0.8552 -0.1998
vn 0.4789 -0.7962 0.3699
vn 0.1079 -0.7859 -0.6088
vn 0.1717 -0.6825 -0.7104
vn 0.7220 -0.6298 -0.2865
vn 0.6775 -0.5689 0.4662
vn 0.0632 -0.4038 0.9127
vn -0.3371 -0.8289 -0.4465
vn -0.5087 -0.8329 -0.2179
vn -0.6349 -0.7647 -0.1097
vn -0.6349 -0.5856 0.5039
vn -0.5519 -0.6022 0.5768
vn 0.6553 -0.7471 -0.1118
vn 0.6101 -0.4476 -0.6538
vn 0.6839 -0.3980 -0.6115
vn 0.8646 -0.4873 -0.1223
vn 0.8503 -0.3949 0.3479
vn 0.8943 -0.3164 0.3163
vn 0.0521 -0.3637 -0.9301
vn 0.5999 -0.3999 -0.6930
vn 0.9298 -0.2110 0.3015
vn 0.8180 -0.1152 0.5636
vn 0.5533 -0.0169 0.8328
vn -0.6179 -0.2178 -0.7555
vn -0.4467 -0.3319 -0.8309
vn -0.6161 -0.2438 -0.7490
vn -0.2340 -0.1651 0.9581
vn -0.2619 0.0135 0.9650
vn -0.9404 -0.2113 -0.2663
vn -0.9847 -0.1266 -0.1195
vn -0.9751 -0.0646 0.2122
vn -0.9354 -0.2733 0.2242
vn 0.3371 -0.0448 -0.9404
vn 0.9624 0.2316 -0.1418
vn 0.7447 0.1838 0.6416
vn 0.1610 0.1218 0.9794
vn -0.2278 -0.4345 -0.8714
vn -0.5048 -0.3630 -0.7832
vn -0.4016 -0.4742 0.7835
vn -0.6495 -0.3568 0.6715
vn -0.2536 -0.1389 0.9573
vn -0.8031 -0.5956 -0.0203
vn -0.9022 -0.4223 -0.0877
vn 0.1326 -0.9362 -0.3254
vn 0.0871 -0.8637 0.4964
vn 0.8953 -0.2996 -0.3296
vn 0.1217 -0.4331 -0.8931
vn 0.2206 -0.1723 -0.9600
vn 0.8900 -0.1680 -0.4239
vn 0.9859 0.0035 0.1671
vn 0.8583 -0.0089 0.5131
vn 0.5572 -0.0000 0.8304
vn -0.5742 -0.0325 -0.8181
vn -0.1079 0.1543 0.9821
vn 0.4052 0.0361 0.9135
vn -0.0485 0.0797 0.9956
vn -0.9081 0.0673 -0.4133
vn -0.9437 0.2210 -0.2460
vn -0.9583 0.2235 0.1784
vn -0.6591 0.1383 0.7392
vn 0.9434 0.2806 -0.1766
vn 0.9834 0.1545 -0.0956
vn 0.7413 0.1615 -0.6514
vn 0.9099 0.2354 0.3414
vn 0.1325 0.0308 -0.9907
vn 0.7111 0.2923 0.6394
vn 0.0287 0.2830 0.9587
vn -0.6460 -0.0709 -0.7600
vn -0.8786 0.0323 0.4765
vn -0.5934 0.1104 0.7973
vn -0.9923 -0.0988 -0.0744
vn 0.3307 -0.0118 -0.9437
vn 0.9142 -0.1035 -0.3919
vn 0.9748 -0.1214 0.1871
vn 0.8370 -0.1270 0.5322
vn 0.5885 -0.1325 0.7975
vn -0.4674 0.1719 -0.8672
vn 0.4790 -0.0891 0.8733
vn 0.0560 -0.0802 0.9952
vn -0.8344 0.2686 -0.4814
vn -0.9265 0.2995 -0.2280
vn -0.9420 0.2623 -0.2096
vn -0.9478 0.2725 0.1655
vn -0.7749 0.1214 0.6203
vn -0.4937 -0.0390 0.8688
vn -0.9716 0.2037 0.1205
vn 0.7035 -0.0523 -0.7088
vn 0.9752 -0.0274 -0.2195
vn 0.7982 0.3459 0.4932
vn 0.9238 0.1927 0.3310
vn 0.6710 0.2556 0.6960
vn 0.0944 -0.0657 -0.9934
vn 0.0123 0.3692 0.9293
vn -0.6633 0.0001 -0.7484
vn -0.6991 0.2546 0.6682
vn -0.6451 0.2762 0.7125
vn -0.9828 0.0420 -0.1797
vn -0.8859 0.2251 0.4056
vn 0.1920 0.9791 -0.0676
vn 0.9571 0.2666 -0.1130
vn 0.2128 0.2132 -0.9536
vn 0.2215 0.4851 0.8460
vn -0.9187 0.3904 -0.0606
vn 0.5001 0.0363 -0.8652
vn 0.9193 -0.1222 -0.3741
vn 0.9462 -0.2463 0.2098
vn 0.7957 -0.2873 0.5332
vn 0.5923 -0.2946 0.7499
vn -0.2277 0.3272 -0.9171
vn 0.1110 -0.1222 0.9863
vn 0.0615 -0.2666 0.9619
vn -0.6822 0.3878 -0.6198
vn -0.8545 0.3203 -0.4088
vn -0.9281 0.3106 -0.2055
vn -0.6361 -0.1447 0.7580
vn -0.8226 0.4152 -0.3885
vn -0.9439 0.3159 -0.0963
vn -0.9434 0.0209 0.3311
vn 0.8543 -0.1952 -0.4818
vn 0.9879 -0.0192 0.1538
vn 0.9209 -0.2771 -0.2743
vn 0.7791 0.0175 0.6267
vn 0.2140 -0.2028 -0.9556
vn 0.7990 -0.2775 -0.5335
vn 0.0404 0.3314 0.9426
vn 0.6002 0.1439 0.7868
vn 0.0513 0.2502 0.9668
vn -0.5943 0.0098 -0.8042
vn -0.6341 0.3421 0.6934
vn -0.4979 0.3394 0.7981
vn -0.9251 0.1317 -0.3563
vn -0.9033 0.3516 0.2458
vn 0.1372 -0.2144 -0.9671
vn 0.9461 -0.1889 -0.2630
vn 0.2230 0.6085 0.7616
vn 0.8857 -0.0207 0.4638
vn 0.1032 -0.0000 0.9947
vn -0.9285 -0.3073 -0.2085
vn -0.7369 -0.1156 0.6661
vn 0.6692 -0.0414 -0.7419
vn 0.9351 -0.3066 -0.1778
vn 0.8282 -0.4360 0.3521
vn 0.6499 -0.4691 0.5980
vn 0.6999 -0.5050 0.5050
vn -0.0558 0.3843 -0.9215
vn 0.5199 0.1487 -0.8412
vn -0.0000 0.2240 -0.9746
vn 0.5801 -0.5194 0.6274
vn 0.1229 -0.5172 0.8470
vn -0.3647 0.4264 -0.8278
vn -0.5973 0.4712 -0.6490
vn -0.4767 -0.3780 0.7937
vn -0.8572 0.4767 -0.1946
vn -0.9510 0.1153 0.2869
vn -0.7508 -0.2658 0.6046
vn 0.8316 -0.3791 -0.4059
vn 0.9567 -0.2907 0.0107
vn 0.8195 -0.2960 0.4907
vn 0.3827 -0.3600 -0.8509
vn 0.7000 -0.4340 -0.5672
vn 0.7334 -0.1376 0.6657
vn 0.2507 -0.0293 0.9676
vn -0.3885 -0.1271 -0.9127
vn -0.5490 0.4111 0.7278
vn -0.4634 0.2441 0.8519
vn -0.8382 0.0628 -0.5418
vn -0.9332 0.3463 0.0962
vn -0.6624 0.2886 0.6913
vn 0.1306 -0.9490 -0.2871
vn 0.1101 -0.8427 0.5270
vn 0.8401 -0.3513 -0.4134
vn 0.8900 -0.4535 -0.0476
vn 0.7398 -0.5171 0.4304
vn 0.8273 -0.4664 0.3131
vn 0.3684 0.0857 -0.9257
vn 0.7552 -0.2209 -0.6172
vn 0.6782 -0.5624 0.4730
vn 0.1753 -0.6326 0.7544
vn 0.2765 -0.5928 0.7564
vn -0.1946 0.4735 -0.8590
vn -0.5137 0.5092 -0.6905
vn -0.4244 -0.4706 0.7736
vn -0.4065 -0.4102 0.8164
vn -0.5431 0.6691 -0.5073
vn -0.9301 0.3658 0.0341
vn -0.7639 0.6025 -0.2311
vn -0.8358 0.2082 0.5080
vn -0.7534 -0.1149 0.6474
vn -0.8582 0.4735 0.1981
vn 0.8497 -0.5271 -0.0120
vn 0.5447 -0.5457 -0.6368
vn 0.6252 -0.4677 -0.6249
vn 0.8559 -0.5124 -0.0695
vn 0.5376 -0.3894 0.7479
vn 0.5692 -0.5334 0.6257
vn -0.0991 -0.2995 -0.9489
vn 0.4486 -0.4273 -0.7850
vn 0.3595 -0.4533 0.8156
vn -0.1433 0.0282 0.9893
vn -0.6145 -0.1054 -0.7818
vn -0.6988 0.2169 -0.6817
vn -0.9412 0.3281 0.0810
vn -0.7270 0.3264 0.6041
vn -0.5843 0.2885 0.7585
vn -0.9468 0.3217 0.0047
vn 0.8936 -0.4464 0.0482
vn 0.6856 -0.1298 -0.7163
vn 0.8269 -0.3152 -0.4656
vn 0.8308 -0.5155 0.2097
vn 0.4796 -0.6310 0.6098
vn 0.4679 -0.6249 0.6249
vn 0.1601 0.4392 -0.8840
vn 0.5404 0.2896 -0.7900
vn 0.3232 0.3976 -0.8588
vn 0.2967 -0.6385 0.7101
vn -0.0996 -0.4928 0.8644
vn -0.1239 0.7329 -0.6690
vn -0.0858 0.6561 -0.7498
vn -0.5744 0.7504 -0.3271
vn -0.5674 -0.0632 0.8210
vn -0.4115 -0.3412 0.8451
vn -0.3249 0.7877 -0.5235
vn -0.6280 0.7436 -0.2297
vn -0.7141 0.7001 0.0024
vn -0.7949 0.2325 0.5604
vn -0.7639 0.5382 0.3560
vn -0.7775 0.6214 0.0966
vn 0.8234 -0.5609 -0.0858
vn 0.0621 -0.3097 -0.9488
vn 0.2875 -0.2770 -0.9168
vn 0.8321 -0.5455 -0.1002
vn 0.6922 -0.3278 0.6430
vn 0.3271 -0.1100 0.9386
vn -0.4709 0.0306 -0.8817
vn -0.5846 0.4262 0.6904
vn -0.4419 0.2281 0.8676
vn -0.9742 0.1943 -0.1148
vn -0.7396 0.2699 0.6166
vn -0.0427 0.9164 -0.3980
vn 0.8181 0.3949 -0.4181
vn -0.0504 0.3155 -0.9476
vn -0.0465 0.8944 0.4449
vn 0.7733 0.4223 0.4730
vn -0.0140 0.3285 0.9444
vn -0.8017 0.4248 -0.4206
vn -0.7520 0.4902 0.4408
vn 0.8684 -0.4119 -0.2763
vn 0.6422 -0.6642 0.3826
vn 0.6791 0.0922 -0.7282
vn 0.7936 -0.0964 -0.6008
vn 0.8764 -0.4636 -0.1306
vn 0.6090 -0.6235 0.4902
vn -0.0012 -0.5448 0.8386
vn 0.2217 -0.5354 0.8150
vn 0.2051 0.6411 -0.7395
vn 0.5260 0.4463 -0.7240
vn 0.3395 0.5545 -0.7598
vn -0.2966 -0.3565 0.8860
vn -0.2266 0.7959 -0.5614
vn -0.2119 0.7709 -0.6006
vn -0.4986 0.7985 -0.3372
vn -0.6639 0.1280 0.7368
vn -0.4252 -0.1068 0.8988
vn -0.5655 0.7030 -0.4313
vn -0.7917 0.6006 -0.1121
vn -0.8461 0.3605 0.3927
vn 0.5360 -0.4541 -0.7116
vn 0.8481 -0.5113 -0.1389
vn 0.6342 -0.4304 0.6423
vn 0.6998 -0.5683 0.4327
vn -0.2475 -0.2566 -0.9343
vn 0.5635 -0.3260 0.7591
vn -0.0574 0.1630 0.9850
vn -0.9379 0.1610 -0.3073
vn -0.7107 0.4266 0.5594
vn 0.0712 -0.1059 -0.9918
vn 0.9030 -0.1446 -0.4045
vn 0.9013 -0.1367 0.4110
vn 0.0808 -0.0982 0.9919
vn -0.8845 -0.1199 -0.4510
vn -0.8853 -0.1226 0.4485
vn 0.8275 -0.2987 -0.4754
vn 0.8468 -0.4212 -0.3248
vn 0.7605 -0.6345 0.1379
vn 0.3490 -0.7069 0.6153
vn 0.5064 -0.6846 0.5243
vn 0.6930 0.1007 -0.7139
vn 0.7755 -0.0850 -0.6255
vn -0.1298 -0.5003 0.8561
vn 0.1748 -0.4967 0.8501
vn 0.0538 0.7324 -0.6787
vn 0.6451 0.3446 -0.6820
vn 0.1407 0.4410 -0.8864
vn -0.3391 -0.2659 0.9024
vn -0.5063 0.6089 -0.6107
vn -0.7342 0.6268 -0.2611
vn -0.7447 0.5891 -0.3136
vn -0.8713 0.4905 0.0180
vn -0.9047 0.0764 0.4192
vn -0.7971 -0.0458 0.6021
vn -0.8874 0.4128 -0.2054
vn -0.9585 0.2446 0.1465
vn 0.8080 -0.5413 -0.2326
vn 0.1251 -0.2848 -0.9504
vn 0.7212 -0.5457 -0.4266
vn 0.8904 -0.1961 0.4107
vn 0.4308 0.1932 0.8815
vn -0.4851 0.0325 -0.8739
vn -0.8720 0.3421 -0.3502
vn -0.6856 0.6765 0.2687
vn -0.4603 0.4981 0.7349
vn -0.8862 0.1037 -0.4516
vn -0.8867 0.4468 0.1189
vn 0.0830 -0.8969 -0.4344
vn 0.0830 -0.8969 0.4344
vn 0.8084 -0.5484 -0.2140
vn 0.6336 -0.7345 0.2428
vn 0.7659 -0.4170 -0.4894
vn 0.7804 -0.5041 -0.3700
vn 0.7247 -0.6886 0.0240
vn 0.3846 -0.7667 0.5140
vn 0.5027 -0.7732 0.3866
vn 0.3067 -0.2392 -0.9213
vn 0.7714 -0.3022 -0.5600
vn 0.3025 -0.7657 0.5676
vn -0.1260 -0.6163 0.7774
vn -0.4511 -0.1495 -0.8799
vn -0.8051 0.3780 -0.4570
vn -0.6599 -0.4129 0.6277
vn -0.5157 -0.5122 0.6869
vn -0.9420 -0.1351 -0.3074
vn -0.9792 -0.1917 -0.0658
vn -0.8957 -0.3123 0.3166
vn 0.4924 -0.5372 -0.6848
vn 0.9753 -0.2033 0.0862
vn 0.6074 -0.4543 -0.6517
vn 0.6928 -0.1002 0.7141
vn -0.5320 -0.2274 -0.8156
vn -0.3516 -0.1129 -0.9293
vn -0.2007 0.4543 0.8679
vn 0.4171 0.1556 0.8954
vn -0.0586 0.3590 0.9315
vn -0.9486 0.3003 -0.1003
vn -0.6408 0.3793 0.6675
vn 0.7082 -0.6464 -0.2839
vn 0.6324 -0.7578 0.1607
vn 0.2950 -0.7769 -0.5562
vn 0.2540 -0.8887 -0.3816
vn 0.6621 -0.7305 -0.1671
vn 0.5685 -0.7754 0.2750
vn -0.0349 -0.7359 0.6762
vn 0.1266 -0.7799 0.6130
vn -0.5054 -0.7532 -0.4209
vn -0.3164 -0.9413 -0.1173
vn -0.6182 -0.7850 -0.0389
vn -0.6404 -0.6754 0.3657
vn -0.3950 -0.8545 0.3373
vn 0.6520 -0.3693 -0.6623
vn 0.9437 -0.3113 -0.1124
vn 0.8581 -0.2644 0.4402
vn -0.0985 -0.3297 -0.9389
vn 0.7861 -0.0376 0.6170
vn 0.0386 0.0131 0.9992
vn -0.6587 -0.0758 -0.7486
vn -0.9420 0.3112 -0.1256
vn -0.9318 -0.0334 0.3614
vn -0.8097 -0.0047 0.5868
vn -0.9816 -0.0522 -0.1837
vn 0.2141 -0.9635 -0.1608
vn 0.1212 -0.9540 0.2742
vn 0.8141 -0.5395 -0.2147
vn 0.0281 -0.4620 -0.8864
vn 0.6962 -0.6099 -0.3787
vn 0.7998 -0.3936 0.4533
vn 0.0540 -0.3269 0.9435
vn -0.8133 -0.5187 -0.2636
vn -0.6967 -0.6088 -0.3795
vn -0.7645 -0.4301 0.4801
vn 0.0453 -0.9269 -0.3726
vn 0.0342 -0.9081 0.4174
s 1
f 1//1 2//2 3//3
f 3//3 2//2 4//4
f 2//2 5//5 4//4
f 4//4 5//5 6//6
f 5//5 7//7 6//6
f 6//6 7//7 8//8
f 9//9 1//1 10//10
f 10//10 1//1 3//3
f 7//7 11//11 8//8
f 8//8 11//11 12//12
f 11//11 13//13 12//12
f 12//12 13//13 14//14
f 15//15 9//9 16//15
f 16//15 9//9 10//10
f 17//16 18//17 13//13
f 13//13 18//17 14//14
f 19//15 15//15 20//18
f 20//18 15//15 16//15
f 21//19 22//20 17//16
f 17//16 22//20 18//17
f 23//21 19//15 24//22
f 24//22 19//15 20//18
f 25//23 26//24 21//19
f 21//19 26//24 22//20
f 23//21 24//22 27//25
f 27//25 24//22 28//26
f 27//25 28//26 29//27
f 29//27 28//26 30//28
f 31//29 32//30 33//31
f 33//31 32//30 34//32
f 33//31 34//32 25//23
f 25//23 34//32 26//24
f 29//27 30//28 35//33
f 35//33 30//28 36//34
f 35//33 36//34 31//29
f 31//29 36//34 32//30
f 37//35 38//36 39//37
f 37//35 40//38 38//36
f 3//3 4//4 41//39
f 41//39 4//4 42//40
f 4//4 6//6 42//40
f 42//40 6//6 37//35
f 42//40 37//35 39//37
f 6//6 8//8 37//35
f 37//35 8//8 43//41
f 37//35 43//41 40//38
f 40//38 43//41 44//42
f 43//41 45//43 44//42
f 10//10 3//3 46//44
f 46//44 3//3 41//39
f 8//8 12//12 43//41
f 12//12 14//14 43//41
f 43//41 14//14 47//45
f 43//41 47//45 45//43
f 16//15 10//10 48//18
f 48//18 10//10 46//44
f 18//17 49//46 14//14
f 14//14 49//46 47//45
f 20//18 16//15 50//47
f 50//47 16//15 48//18
f 22//20 51//48 18//17
f 18//17 51//48 49//46
f 24//22 20//18 52//49
f 52//49 20//18 50//47
f 53//50 54//51 55//52
f 26//24 53//50 22//20
f 22//20 53//50 55//52
f 22//20 55//52 51//48
f 24//22 52//49 28//26
f 28//26 52//49 56//53
f 28//26 56//53 30//28
f 30//28 56//53 57//54
f 30//28 57//54 58//55
f 32//30 58//55 34//32
f 34//32 58//55 57//54
f 34//32 57//54 53//50
f 53//50 57//54 54//51
f 34//32 53//50 26//24
f 30//28 58//55 36//34
f 36//34 58//55 32//30
f 59//56 60//57 61//58
f 39//37 38//36 59//56
f 59//56 38//36 62//59
f 59//56 62//59 60//57
f 38//36 40//38 62//59
f 62//59 40//38 63//60
f 41//39 42//40 64//61
f 64//61 42//40 59//56
f 64//61 59//56 61//58
f 42//40 39//37 59//56
f 40//38 44//42 63//60
f 63//60 44//42 65//62
f 44//42 45//43 65//62
f 65//62 45//43 66//63
f 46//44 41//39 67//15
f 67//15 41//39 64//61
f 47//45 68//64 45//43
f 45//43 68//64 66//63
f 48//18 46//44 69//65
f 69//65 46//44 67//15
f 49//46 70//66 47//45
f 47//45 70//66 68//64
f 50//47 48//18 71//67
f 71//67 48//18 69//65
f 51//48 72//68 49//46
f 49//46 72//68 70//66
f 52//49 50//47 73//69
f 73//69 50//47 71//67
f 54//51 74//70 55//52
f 55//52 74//70 75//71
f 55//52 75//71 51//48
f 51//48 75//71 72//68
f 52//49 73//69 56//53
f 56//53 73//69 76//72
f 56//53 76//72 57//54
f 57//54 76//72 77//73
f 57//54 77//73 54//51
f 54//51 77//73 74//70
f 78//74 79//75 80//76
f 78//74 81//77 79//75
f 61//58 60//57 82//3
f 82//3 60//57 83//78
f 60//57 62//59 83//78
f 83//78 62//59 78//74
f 83//78 78//74 80//76
f 62//59 63//60 78//74
f 78//74 63//60 84//79
f 78//74 84//79 81//77
f 81//77 84//79 85//80
f 84//79 86//81 85//80
f 64//61 61//58 87//10
f 87//10 61//58 82//3
f 63//60 65//62 84//79
f 65//62 66//63 84//79
f 84//79 66//63 88//82
f 84//79 88//82 86//81
f 67//15 64//61 89//18
f 89//18 64//61 87//10
f 68//64 90//83 66//63
f 66//63 90//83 88//82
f 69//65 67//15 91//84
f 91//84 67//15 89//18
f 70//66 92//85 68//64
f 68//64 92//85 90//83
f 71//67 69//65 93//86
f 93//86 69//65 91//84
f 94//87 95//88 96//89
f 72//68 94//87 70//66
f 70//66 94//87 96//89
f 70//66 96//89 92//85
f 73//69 71//67 97//90
f 97//90 71//67 93//86
f 97//90 93//86 98//91
f 97//90 98//91 99//92
f 74//70 100//93 75//71
f 75//71 100//93 95//88
f 75//71 95//88 94//87
f 75//71 94//87 72//68
f 73//69 97//90 76//72
f 76//72 97//90 77//73
f 77//73 97//90 99//92
f 77//73 99//92 101//94
f 77//73 101//94 74//70
f 74//70 101//94 100//93
f 80//76 79//75 102//95
f 102//95 79//75 103//96
f 79//75 81//77 103//96
f 103//96 81//77 104//97
f 103//96 104//97 105//98
f 104//97 106//99 105//98
f 82//3 83//78 107//100
f 107//100 83//78 108//101
f 83//78 80//76 108//101
f 108//101 80//76 102//95
f 81//77 85//80 104//97
f 85//80 86//81 104//97
f 104//97 86//81 109//102
f 104//97 109//102 106//99
f 87//10 82//3 110//44
f 110//44 82//3 107//100
f 88//82 111//103 86//81
f 86//81 111//103 112//104
f 86//81 112//104 109//102
f 111//103 113//105 112//104
f 89//18 87//10 114//106
f 114//106 87//10 110//44
f 90//83 115//107 88//82
f 88//82 115//107 111//103
f 111//103 115//107 113//105
f 113//105 115//107 116//108
f 91//84 89//18 117//109
f 117//109 89//18 114//106
f 92//85 118//110 90//83
f 90//83 118//110 119//111
f 90//83 119//111 115//107
f 115//107 119//111 116//108
f 93//86 91//84 120//112
f 120//112 91//84 117//109
f 120//112 117//109 121//113
f 120//112 121//113 122//114
f 95//88 123//115 96//89
f 96//89 123//115 124//116
f 96//89 124//116 92//85
f 92//85 124//116 118//110
f 93//86 120//112 98//91
f 98//91 120//112 99//92
f 99//92 120//112 122//114
f 99//92 122//114 125//117
f 125//117 122//114 126//118
f 100//93 125//117 95//88
f 95//88 125//117 126//118
f 95//88 126//118 123//115
f 99//92 125//117 101//94
f 101//94 125//117 100//93
f 127//119 128//120 129//121
f 102//95 103//96 127//119
f 127//119 103//96 130//122
f 127//119 130//122 128//120
f 103//96 105//98 130//122
f 130//122 105//98 131//123
f 105//98 106//99 131//123
f 131//123 106//99 132//124
f 107//100 108//101 133//125
f 133//125 108//101 127//119
f 133//125 127//119 129//121
f 108//101 102//95 127//119
f 109//102 134//126 106//99
f 106//99 134//126 135//127
f 106//99 135//127 132//124
f 134//126 136//128 135//127
f 110//44 107//100 137//15
f 137//15 107//100 133//125
f 109//102 112//104 134//126
f 112//104 113//105 134//126
f 134//126 113//105 138//129
f 134//126 138//129 136//128
f 114//106 110//44 139//106
f 139//106 110//44 137//15
f 116//108 140//130 113//105
f 113//105 140//130 138//129
f 117//109 114//106 141//131
f 141//131 114//106 139//106
f 118//110 142//132 119//111
f 119//111 142//132 143//133
f 119//111 143//133 116//108
f 116//108 143//133 140//130
f 117//109 141//131 121//113
f 121//113 141//131 144//134
f 121//113 144//134 122//114
f 122//114 144//134 145//135
f 123//115 146//136 124//116
f 124//116 146//136 147//137
f 124//116 147//137 118//110
f 118//110 147//137 142//132
f 122//114 145//135 126//118
f 126//118 145//135 148//138
f 126//118 148//138 123//115
f 123//115 148//138 146//136
f 149//139 150//140 151//141
f 149//139 152//142 150//140
f 150//140 152//142 153//143
f 152//142 154//144 153//143
f 129//121 128//120 155//145
f 155//145 128//120 156//146
f 128//120 130//122 156//146
f 156//146 130//122 149//139
f 156//146 149//139 151//141
f 130//122 131//123 149//139
f 149//139 131//123 152//142
f 131//123 132//124 152//142
f 152//142 132//124 157//147
f 152//142 157//147 154//144
f 154//144 157//147 158//148
f 157//147 159//149 158//148
f 133//125 129//121 160//150
f 160//150 129//121 155//145
f 132//124 135//127 157//147
f 135//127 136//128 157//147
f 157//147 136//128 161//151
f 157//147 161//151 159//149
f 137//15 133//125 162//15
f 162//15 133//125 160//150
f 138//129 163//152 136//128
f 136//128 163//152 161//151
f 139//106 137//15 164//153
f 164//153 137//15 162//15
f 140//130 165//154 138//129
f 138//129 165//154 163//152
f 141//131 139//106 166//155
f 166//155 139//106 164//153
f 142//132 167//156 143//133
f 143//133 167//156 168//157
f 143//133 168//157 140//130
f 140//130 168//157 165//154
f 141//131 166//155 144//134
f 144//134 166//155 169//158
f 144//134 169//158 145//135
f 145//135 169//158 170//159
f 146//136 171//160 147//137
f 147//137 171//160 172//161
f 147//137 172//161 142//132
f 142//132 172//161 167//156
f 145//135 170//159 148//138
f 148//138 170//159 173//162
f 148//138 173//162 146//136
f 146//136 173//162 171//160
f 151//141 150//140 174//163
f 174//163 150//140 175//164
f 150//140 153//143 175//164
f 175//164 153//143 176//165
f 153//143 154//144 176//165
f 176//165 154//144 177//166
f 155//145 156//146 178//167
f 178//167 156//146 179//168
f 156//146 151//141 179//168
f 179//168 151//141 174//163
f 154//144 158//148 177//166
f 177//166 158//148 180//169
f 158//148 159//149 180//169
f 180//169 159//149 181//170
f 160//150 155//145 182//171
f 182//171 155//145 178//167
f 161//151 183//172 159//149
f 159//149 183//172 181//170
f 162//15 160//150 184//15
f 184//15 160//150 182//171
f 163//152 185//173 161//151
f 161//151 185//173 183//172
f 164//153 162//15 186//174
f 186//174 162//15 184//15
f 165//154 187//154 163//152
f 163//152 187//154 185//173
f 166//155 164//153 188//175
f 188//175 164//153 186//174
f 167//156 189//176 168//157
f 168//157 189//176 190//177
f 168//157 190//177 165//154
f 165//154 190//177 187//154
f 166//155 188//175 169//158
f 169//158 188//175 191//178
f 169//158 191//178 170//159
f 170//159 191//178 192//179
f 171//160 193//180 172//161
f 172//161 193//180 194//181
f 172//161 194//181 167//156
f 167//156 194//181 189//176
f 170//159 192//179 173//162
f 173//162 192//179 195//182
f 173//162 195//182 171//160
f 171//160 195//182 193//180
f 174//163 175//164 196//183
f 196//183 175//164 197//184
f 175//164 176//165 197//184
f 197//184 176//165 198//185
f 176//165 177//166 198//185
f 198//185 177//166 199//186
f 178//167 179//168 200//187
f 200//187 179//168 201//188
f 179//168 174//163 201//188
f 201//188 174//163 196//183
f 177//166 180//169 199//186
f 199//186 180//169 202//189
f 180//169 181//170 202//189
f 202//189 181//170 203//190
f 182//171 178//167 204//191
f 204//191 178//167 200//187
f 183//172 205//192 181//170
f 181//170 205//192 203//190
f 184//15 182//171 206//15
f 206//15 182//171 204//191
f 185//173 207//19 183//172
f 183//172 207//19 205//192
f 186//174 184//15 208//193
f 208//193 184//15 206//15
f 187//154 209//154 185//173
f 185//173 209//154 207//19
f 188//175 186//174 210//194
f 210//194 186//174 208//193
f 189//176 211//195 190//177
f 190//177 211//195 212//196
f 190//177 212//196 187//154
f 187//154 212//196 209//154
f 188//175 210//194 191//178
f 191//178 210//194 213//197
f 191//178 213//197 192//179
f 192//179 213//197 214//198
f 192//179 214//198 215//199
f 193//180 215//199 194//181
f 194//181 215//199 214//198
f 194//181 214//198 216//200
f 194//181 216//200 189//176
f 189//176 216//200 211//195
f 192//179 215//199 195//182
f 195//182 215//199 193//180
f 217//201 218//202 219//203
f 217//201 220//204 218//202
f 221//205 222//206 223//207
f 196//183 197//184 221//205
f 221//205 197//184 217//201
f 221//205 217//201 222//206
f 222//206 217//201 219//203
f 197//184 198//185 217//201
f 217//201 198//185 224//208
f 217//201 224//208 220//204
f 198//185 199//186 224//208
f 224//208 199//186 225//209
f 224//208 225//209 226//210
f 225//209 227//211 226//210
f 200//187 201//188 228//212
f 228//212 201//188 221//205
f 228//212 221//205 223//207
f 201//188 196//183 221//205
f 199//186 202//189 225//209
f 202//189 203//190 225//209
f 225//209 203//190 229//151
f 225//209 229//151 227//211
f 204//191 200//187 230//15
f 230//15 200//187 228//212
f 205//192 231//17 203//190
f 203//190 231//17 229//151
f 206//15 204//191 232//15
f 232//15 204//191 230//15
f 207//19 233//20 205//192
f 205//192 233//20 231//17
f 208//193 206//15 234//213
f 234//213 206//15 232//15
f 209//154 235//24 207//19
f 207//19 235//24 233//20
f 210//194 208//193 236//214
f 236//214 208//193 234//213
f 211//195 237//215 212//196
f 212//196 237//215 238//216
f 212//196 238//216 209//154
f 209//154 238//216 235//24
f 210//194 236//214 213//197
f 213//197 236//214 239//217
f 213//197 239//217 214//198
f 214//198 239//217 240//218
f 214//198 240//218 216//200
f 216//200 240//218 241//219
f 216//200 241//219 211//195
f 211//195 241//219 237//215
f 219//203 218//202 242//220
f 242//220 218//202 243//221
f 218//202 220//204 243//221
f 243//221 220//204 244//222
f 243//221 244//222 245//223
f 244//222 246//224 245//223
f 223//207 222//206 247//225
f 247//225 222//206 248//226
f 222//206 219//203 248//226
f 248//226 219//203 242//220
f 220//204 224//208 244//222
f 224//208 226//210 244//222
f 244//222 226//210 249//227
f 244//222 249//227 246//224
f 226//210 227//211 249//227
f 249//227 227//211 250//228
f 228//212 223//207 251//229
f 251//229 223//207 247//225
f 229//151 252//230 227//211
f 227//211 252//230 250//228
f 230//15 228//212 253//15
f 253//15 228//212 251//229
f 231//17 254//231 229//151
f 229//151 254//231 252//230
f 232//15 230//15 255//18
f 255//18 230//15 253//15
f 233//20 256//232 231//17
f 231//17 256//232 254//231
f 234//213 232//15 257//233
f 257//233 232//15 255//18
f 258//50 259//234 260//235
f 235//24 258//50 233//20
f 233//20 258//50 260//235
f 233//20 260//235 256//232
f 236//214 234//213 261//236
f 261//236 234//213 257//233
f 261//236 257//233 262//237
f 261//236 262//237 263//238
f 264//239 265//240 266//241
f 237//215 264//239 238//216
f 238//216 264//239 266//241
f 238//216 266//241 258//50
f 258//50 266//241 259//234
f 238//216 258//50 235//24
f 236//214 261//236 239//217
f 239//217 261//236 240//218
f 240//218 261//236 263//238
f 240//218 263//238 267//242
f 240//218 267//242 241//219
f 241//219 267//242 265//240
f 241//219 265//240 264//239
f 241//219 264//239 237//215
f 242//220 243//221 268//243
f 268//243 243//221 269//244
f 243//221 245//223 269//244
f 269//244 245//223 270//245
f 245//223 246//224 270//245
f 270//245 246//224 271//246
f 247//225 248//226 272//247
f 272//247 248//226 273//248
f 248//226 242//220 273//248
f 273//248 242//220 268//243
f 246//224 249//227 271//246
f 271//246 249//227 274//249
f 249//227 250//228 274//249
f 274//249 250//228 275//250
f 251//229 247//225 276//191
f 276//191 247//225 272//247
f 252//230 277//251 250//228
f 250//228 277//251 275//250
f 253//15 251//229 278//15
f 278//15 251//229 276//191
f 254//231 279//252 252//230
f 252//230 279//252 277//251
f 255//18 253//15 280//253
f 280//253 253//15 278//15
f 256//232 281//254 254//231
f 254//231 281//254 279//252
f 257//233 255//18 282//255
f 282//255 255//18 280//253
f 259//234 283//256 260//235
f 260//235 283//256 284//257
f 260//235 284//257 256//232
f 256//232 284//257 281//254
f 257//233 282//255 262//237
f 262//237 282//255 285//258
f 262//237 285//258 263//238
f 263//238 285//258 286//259
f 265//240 287//260 266//241
f 266//241 287//260 288//261
f 266//241 288//261 259//234
f 259//234 288//261 283//256
f 263//238 286//259 267//242
f 267//242 286//259 289//262
f 267//242 289//262 265//240
f 265//240 289//262 287//260
f 290//263 291//264 292//265
f 290//263 293//266 291//264
f 291//264 293//266 294//267
f 293//266 295//268 294//267
f 268//243 269//244 296//269
f 296//269 269//244 290//263
f 296//269 290//263 292//265
f 269//244 270//245 290//263
f 290//263 270//245 293//266
f 270//245 271//246 293//266
f 293//266 271//246 297//270
f 293//266 297//270 295//268
f 295//268 297//270 298//271
f 297//270 299//272 298//271
f 272//247 273//248 300//273
f 300//273 273//248 301//274
f 273//248 268//243 301//274
f 301//274 268//243 296//269
f 271//246 274//249 297//270
f 274//249 275//250 297//270
f 297//270 275//250 302//275
f 297//270 302//275 299//272
f 276//191 272//247 303//15
f 303//15 272//247 300//273
f 277//251 304//276 275//250
f 275//250 304//276 302//275
f 278//15 276//191 305//15
f 305//15 276//191 303//15
f 279//252 306//277 277//251
f 277//251 306//277 304//276
f 280//253 278//15 307//278
f 307//278 278//15 305//15
f 281//254 308//279 279//252
f 279//252 308//279 306//277
f 282//255 280//253 309//280
f 309//280 280//253 307//278
f 283//256 310//281 284//257
f 284//257 310//281 311//282
f 284//257 311//282 281//254
f 281//254 311//282 308//279
f 282//255 309//280 285//258
f 285//258 309//280 312//283
f 285//258 312//283 286//259
f 286//259 312//283 313//284
f 286//259 313//284 314//285
f 287//260 314//285 288//261
f 288//261 314//285 313//284
f 288//261 313//284 315//286
f 288//261 315//286 283//256
f 283//256 315//286 310//281
f 286//259 314//285 289//262
f 289//262 314//285 287//260
f 292//265 291//264 316//287
f 316//287 291//264 317//288
f 291//264 294//267 317//288
f 317//288 294//267 318//289
f 294//267 295//268 318//289
f 318//289 295//268 319//290
f 318//289 319//290 320//291
f 319//290 321//292 320//291
f 322//293 323//294 324//121
f 296//269 292//265 322//293
f 322//293 292//265 316//287
f 322//293 316//287 323//294
f 295//268 298//271 319//290
f 298//271 299//272 319//290
f 319//290 299//272 325//295
f 319//290 325//295 321//292
f 300//273 301//274 326//125
f 326//125 301//274 322//293
f 326//125 322//293 324//121
f 301//274 296//269 322//293
f 302//275 327//296 299//272
f 299//272 327//296 328//297
f 299//272 328//297 325//295
f 327//296 329//298 328//297
f 303//15 300//273 330//15
f 330//15 300//273 326//125
f 304//276 331//276 302//275
f 302//275 331//276 327//296
f 327//296 331//276 329//298
f 329//298 331//276 332//276
f 305//15 303//15 333//18
f 333//18 303//15 330//15
f 306//277 334//299 304//276
f 304//276 334//299 331//276
f 331//276 334//299 332//276
f 332//276 334//299 335//300
f 307//278 305//15 336//301
f 336//301 305//15 333//18
f 308//279 337//302 306//277
f 306//277 337//302 338//303
f 306//277 338//303 334//299
f 334//299 338//303 335//300
f 309//280 307//278 339//304
f 339//304 307//278 336//301
f 339//304 336//301 340//305
f 339//304 340//305 341//306
f 310//281 342//307 311//282
f 311//282 342//307 343//308
f 311//282 343//308 308//279
f 308//279 343//308 337//302
f 309//280 339//304 312//283
f 312//283 339//304 313//284
f 313//284 339//304 341//306
f 313//284 341//306 344//309
f 313//284 344//309 315//286
f 315//286 344//309 345//310
f 315//286 345//310 310//281
f 310//281 345//310 342//307
f 316//287 317//288 346//311
f 346//311 317//288 347//312
f 317//288 318//289 347//312
f 347//312 318//289 348//313
f 318//289 320//291 348//313
f 348//313 320//291 349//314
f 320//291 321//292 349//314
f 349//314 321//292 350//315
f 324//121 323//294 351//145
f 351//145 323//294 352//316
f 323//294 316//287 352//316
f 352//316 316//287 346//311
f 325//295 353//317 321//292
f 321//292 353//317 354//318
f 321//292 354//318 350//315
f 353//317 355//319 354//318
f 326//125 324//121 356//150
f 356//150 324//121 351//145
f 325//295 328//297 353//317
f 328//297 329//298 353//317
f 353//317 329//298 357//320
f 353//317 357//320 355//319
f 330//15 326//125 358//15
f 358//15 326//125 356//150
f 332//276 359//321 329//298
f 329//298 359//321 357//320
f 333//18 330//15 360//65
f 360//65 330//15 358//15
f 335//300 361//322 332//276
f 332//276 361//322 359//321
f 336//301 333//18 362//323
f 362//323 333//18 360//65
f 337//302 363//324 338//303
f 338//303 363//324 364//325
f 338//303 364//325 335//300
f 335//300 364//325 361//322
f 336//301 362//323 340//305
f 340//305 362//323 365//326
f 340//305 365//326 341//306
f 341//306 365//326 366//327
f 367//328 368//329 369//330
f 342//307 367//328 343//308
f 343//308 367//328 369//330
f 343//308 369//330 370//331
f 343//308 370//331 337//302
f 337//302 370//331 363//324
f 341//306 366//327 344//309
f 344//309 366//327 371//332
f 344//309 371//332 345//310
f 345//310 371//332 368//329
f 345//310 368//329 367//328
f 345//310 367//328 342//307
f 372//333 373//334 374//335
f 372//333 375//336 373//334
f 373//334 375//336 376//337
f 375//336 377//338 376//337
f 346//311 347//312 378//339
f 378//339 347//312 379//340
f 347//312 348//313 379//340
f 379//340 348//313 372//333
f 379//340 372//333 374//335
f 348//313 349//314 372//333
f 372//333 349//314 375//336
f 349//314 350//315 375//336
f 375//336 350//315 380//341
f 375//336 380//341 377//338
f 377//338 380//341 381//342
f 380//341 382//343 381//342
f 351//145 352//316 383//167
f 383//167 352//316 384//344
f 352//316 346//311 384//344
f 384//344 346//311 378//339
f 350//315 354//318 380//341
f 354//318 355//319 380//341
f 380//341 355//319 385//345
f 380//341 385//345 382//343
f 356//150 351//145 386//171
f 386//171 351//145 383//167
f 357//320 387//346 355//319
f 355//319 387//346 385//345
f 358//15 356//150 388//15
f 388//15 356//150 386//171
f 359//321 389//347 357//320
f 357//320 389//347 387//346
f 360//65 358//15 390//348
f 390//348 358//15 388//15
f 361//322 391//349 359//321
f 359//321 391//349 389//347
f 362//323 360//65 392//350
f 392//350 360//65 390//348
f 363//324 393//351 364//325
f 364//325 393//351 394//352
f 364//325 394//352 361//322
f 361//322 394//352 391//349
f 362//323 392//350 365//326
f 365//326 392//350 395//353
f 365//326 395//353 366//327
f 366//327 395//353 396//354
f 368//329 397//355 369//330
f 369//330 397//355 398//356
f 369//330 398//356 370//331
f 370//331 398//356 399//357
f 370//331 399//357 363//324
f 363//324 399//357 393//351
f 366//327 396//354 371//332
f 371//332 396//354 400//358
f 371//332 400//358 368//329
f 368//329 400//358 397//355
f 401//359 402//360 403//361
f 374//335 373//334 401//359
f 401//359 373//334 404//362
f 401//359 404//362 402//360
f 373//334 376//337 404//362
f 404//362 376//337 405//363
f 376//337 377//338 405//363
f 405//363 377//338 406//364
f 378//339 379//340 407//365
f 407//365 379//340 401//359
f 407//365 401//359 403//361
f 379//340 374//335 401//359
f 377//338 381//342 406//364
f 406//364 381//342 408//366
f 381//342 382//343 408//366
f 408//366 382//343 409//367
f 383//167 384//344 410//187
f 410//187 384//344 411//368
f 384//344 378//339 411//368
f 411//368 378//339 407//365
f 385//345 412//369 382//343
f 382//343 412//369 409//367
f 386//171 383//167 413//191
f 413//191 383//167 410//187
f 387//346 414//370 385//345
f 385//345 414//370 412//369
f 388//15 386//171 415//18
f 415//18 386//171 413//191
f 389//347 416//371 387//346
f 387//346 416//371 414//370
f 390//348 388//15 417//372
f 417//372 388//15 415//18
f 391//349 418//373 389//347
f 389//347 418//373 416//371
f 392//350 390//348 419//374
f 419//374 390//348 417//372
f 393//351 420//375 394//352
f 394//352 420//375 421//376
f 394//352 421//376 391//349
f 391//349 421//376 418//373
f 392//350 419//374 395//353
f 395//353 419//374 422//377
f 395//353 422//377 396//354
f 396//354 422//377 423//378
f 396//354 423//378 424//379
f 397//355 424//379 398//356
f 398//356 424//379 423//378
f 398//356 423//378 425//380
f 398//356 425//380 399//357
f 399//357 425//380 426//381
f 399//357 426//381 393//351
f 393//351 426//381 420//375
f 396//354 424//379 400//358
f 400//358 424//379 397//355
f 403//361 402//360 427//382
f 427//382 402//360 428//383
f 402//360 404//362 428//383
f 428//383 404//362 429//384
f 404//362 405//363 429//384
f 429//384 405//363 430//385
f 405//363 406//364 430//385
f 430//385 406//364 431//386
f 432//387 433//388 434//389
f 407//365 403//361 432//387
f 432//387 403//361 427//382
f 432//387 427//382 433//388
f 406//364 408//366 431//386
f 431//386 408//366 435//390
f 408//366 409//367 435//390
f 435//390 409//367 436//391
f 410//187 411//368 437//125
f 437//125 411//368 432//387
f 437//125 432//387 434//389
f 411//368 407//365 432//387
f 412//369 438//392 409//367
f 409//367 438//392 436//391
f 413//191 410//187 439//15
f 439//15 410//187 437//125
f 414//370 440//393 412//369
f 412//369 440//393 438//392
f 415//18 413//191 441//65
f 441//65 413//191 439//15
f 416//371 442//394 414//370
f 414//370 442//394 440//393
f 417//372 415//18 443//395
f 443//395 415//18 441//65
f 418//373 444//396 416//371
f 416//371 444//396 442//394
f 419//374 417//372 445//397
f 445//397 417//372 443//395
f 445//397 443//395 446//398
f 445//397 446//398 447//399
f 420//375 448//400 421//376
f 421//376 448//400 449//401
f 421//376 449//401 418//373
f 418//373 449//401 444//396
f 419//374 445//397 422//377
f 422//377 445//397 423//378
f 423//378 445//397 447//399
f 423//378 447//399 450//402
f 423//378 450//402 425//380
f 425//380 450//402 451//403
f 425//380 451//403 426//381
f 426//381 451//403 452//404
f 426//381 452//404 420//375
f 420//375 452//404 448//400
f 453//405 454//406 455//407
f 453//405 456//408 454//406
f 454//406 456//408 457//409
f 456//408 458//410 457//409
f 427//382 428//383 459//411
f 459//411 428//383 460//412
f 428//383 429//384 460//412
f 460//412 429//384 453//405
f 460//412 453//405 455//407
f 429//384 430//385 453//405
f 453//405 430//385 456//408
f 430//385 431//386 456//408
f 456//408 431//386 461//413
f 456//408 461//413 458//410
f 458//410 461//413 462//414
f 461//413 463//415 462//414
f 434//389 433//388 464//416
f 464//416 433//388 465//417
f 433//388 427//382 465//417
f 465//417 427//382 459//411
f 431//386 435//390 461//413
f 435//390 436//391 461//413
f 461//413 436//391 466//418
f 461//413 466//418 463//415
f 437//125 434//389 467//419
f 467//419 434//389 464//416
f 438//392 468//420 436//391
f 436//391 468//420 466//418
f 439//15 437//125 469//15
f 469//15 437//125 467//419
f 440//393 470//421 438//392
f 438//392 470//421 468//420
f 441//65 439//15 471//348
f 471//348 439//15 469//15
f 442//394 472//422 440//393
f 440//393 472//422 470//421
f 443//395 441//65 473//423
f 473//423 441//65 471//348
f 444//396 474//424 442//394
f 442//394 474//424 472//422
f 443//395 473//423 446//398
f 446//398 473//423 475//425
f 446//398 475//425 447//399
f 447//399 475//425 476//426
f 477//427 478//428 479//429
f 477//427 479//429 480//430
f 448//400 481//431 449//401
f 449//401 481//431 482//432
f 449//401 482//432 444//396
f 444//396 482//432 474//424
f 447//399 476//426 450//402
f 450//402 476//426 483//433
f 450//402 483//433 451//403
f 451//403 483//433 478//428
f 451//403 478//428 477//427
f 451//403 477//427 452//404
f 452//404 477//427 480//430
f 452//404 480//430 484//434
f 452//404 484//434 448//400
f 448//400 484//434 481//431
f 455//407 454//406 485//435
f 485//435 454//406 486//436
f 454//406 457//409 486//436
f 486//436 457//409 487//437
f 457//409 458//410 487//437
f 487//437 458//410 488//438
f 459//411 460//412 489//439
f 489//439 460//412 490//440
f 460//412 455//407 490//440
f 490//440 455//407 485//435
f 458//410 462//414 488//438
f 488//438 462//414 491//441
f 462//414 463//415 491//441
f 491//441 463//415 492//442
f 464//416 465//417 493//443
f 493//443 465//417 494//444
f 465//417 459//411 494//444
f 494//444 459//411 489//439
f 466//418 495//445 463//415
f 463//415 495//445 492//442
f 467//419 464//416 496//446
f 496//446 464//416 493//443
f 468//420 497//447 466//418
f 466//418 497//447 498//447
f 466//418 498//447 495//445
f 497//447 499//447 498//447
f 469//15 467//419 500//18
f 500//18 467//419 496//446
f 470//421 501//448 468//420
f 468//420 501//448 497//447
f 497//447 501//448 499//447
f 499//447 501//448 502//449
f 471//348 469//15 503//372
f 503//372 469//15 500//18
f 472//422 504//450 470//421
f 470//421 504//450 505//451
f 470//421 505//451 501//448
f 501//448 505//451 502//449
f 473//423 471//348 506//374
f 506//374 471//348 503//372
f 474//424 507//452 472//422
f 472//422 507//452 504//450
f 473//423 506//374 475//425
f 475//425 506//374 508//453
f 475//425 508//453 476//426
f 476//426 508//453 509//454
f 476//426 509//454 510//455
f 478//428 510//455 479//429
f 479//429 510//455 509//454
f 479//429 509//454 511//456
f 479//429 511//456 480//430
f 480//430 511//456 512//457
f 481//431 513//458 482//432
f 482//432 513//458 514//459
f 482//432 514//459 474//424
f 474//424 514//459 507//452
f 476//426 510//455 483//433
f 483//433 510//455 478//428
f 480//430 512//457 484//434
f 484//434 512//457 515//460
f 484//434 515//460 481//431
f 481//431 515//460 513//458
f 516//461 517//462 518//463
f 485//435 486//436 516//461
f 516//461 486//436 519//464
f 516//461 519//464 517//462
f 486//436 487//437 519//464
f 519//464 487//437 520//465
f 487//437 488//438 520//465
f 520//465 488//438 521//466
f 489//439 490//440 522//467
f 522//467 490//440 516//461
f 522//467 516//461 518//463
f 490//440 485//435 516//461
f 488//438 491//441 521//466
f 521//466 491//441 523//468
f 491//441 492//442 523//468
f 523//468 492//442 524//469
f 493//443 494//444 525//470
f 525//470 494//444 526//471
f 494//444 489//439 526//471
f 526//471 489//439 522//467
f 495//445 527//472 492//442
f 492//442 527//472 528//473
f 492//442 528//473 524//469
f 527//472 529//474 528//473
f 496//446 493//443 530//446
f 530//446 493//443 525//470
f 495//445 498//447 527//472
f 498//447 499//447 527//472
f 527//472 499//447 531//475
f 527//472 531//475 529//474
f 500//18 496//446 532//65
f 532//65 496//446 530//446
f 502//449 533//476 499//447
f 499//447 533//476 531//475
f 503//372 500//18 534//395
f 534//395 500//18 532//65
f 504//450 535//477 505//451
f 505//451 535//477 502//449
f 502//449 535//477 536//478
f 502//449 536//478 533//476
f 506//374 503//372 537//479
f 537//479 503//372 534//395
f 537//479 534//395 538//480
f 537//479 538//480 539//481
f 507//452 540//482 504//450
f 504//450 540//482 541//483
f 504//450 541//483 535//477
f 535//477 541//483 536//478
f 506//374 537//479 508//453
f 508//453 537//479 509//454
f 509//454 537//479 539//481
f 509//454 539//481 542//484
f 509//454 542//484 511//456
f 511//456 542//484 543//485
f 511//456 543//485 512//457
f 512//457 543//485 544//486
f 512//457 544//486 545//487
f 513//458 545//487 514//459
f 514//459 545//487 544//486
f 514//459 544//486 546//488
f 514//459 546//488 507//452
f 507//452 546//488 540//482
f 512//457 545//487 515//460
f 515//460 545//487 513//458
f 547//489 548//490 549//491
f 547//489 550//492 548//490
f 548//490 550//492 551//493
f 550//492 552//494 551//493
f 518//463 517//462 553//495
f 553//495 517//462 554//496
f 517//462 519//464 554//496
f 554//496 519//464 547//489
f 554//496 547//489 549//491
f 519//464 520//465 547//489
f 547//489 520//465 550//492
f 520//465 521//466 550//492
f 550//492 521//466 555//497
f 550//492 555//497 552//494
f 552//494 555//497 556//498
f 555//497 557//499 556//498
f 522//467 518//463 558//500
f 558//500 518//463 553//495
f 521//466 523//468 555//497
f 523//468 524//469 555//497
f 555//497 524//469 559//501
f 555//497 559//501 557//499
f 557//499 559//501 560//502
f 559//501 561//503 560//502
f 525//470 526//471 562//504
f 562//504 526//471 563//505
f 526//471 522//467 563//505
f 563//505 522//467 558//500
f 524//469 528//473 559//501
f 528//473 529//474 559//501
f 559//501 529//474 564//506
f 559//501 564//506 561//503
f 530//446 525//470 565//446
f 565//446 525//470 562//504
f 531//475 566//507 529//474
f 529//474 566//507 564//506
f 532//65 530//446 567//348
f 567//348 530//446 565//446
f 533//476 568//508 531//475
f 531//475 568//508 566//507
f 534//395 532//65 569//423
f 569//423 532//65 567//348
f 536//478 570//509 533//476
f 533//476 570//509 568//508
f 534//395 569//423 538//480
f 538//480 569//423 571//510
f 538//480 571//510 539//481
f 539//481 571//510 572//511
f 540//482 573//512 541//483
f 541//483 573//512 574//513
f 541//483 574//513 536//478
f 536//478 574//513 570//509
f 539//481 572//511 542//484
f 542//484 572//511 575//514
f 542//484 575//514 543//485
f 543//485 575//514 576//515
f 543//485 576//515 544//486
f 544//486 576//515 577//516
f 544//486 577//516 546//488
f 546//488 577//516 578//517
f 546//488 578//517 540//482
f 540//482 578//517 573//512
f 549//491 548//490 579//518
f 579//518 548//490 580//519
f 548//490 551//493 580//519
f 580//519 551//493 581//520
f 551//493 552//494 581//520
f 581//520 552//494 582//521
f 553//495 554//496 583//522
f 583//522 554//496 584//523
f 554//496 549//491 584//523
f 584//523 549//491 579//518
f 552//494 556//498 582//521
f 582//521 556//498 585//524
f 556//498 557//499 585//524
f 585//524 557//499 586//525
f 558//500 553//495 587//526
f 587//526 553//495 583//522
f 557//499 560//502 586//525
f 586//525 560//502 588//527
f 560//502 561//503 588//527
f 588//527 561//503 589//528
f 562//504 563//505 590//529
f 590//529 563//505 591//529
f 563//505 558//500 591//529
f 591//529 558//500 587//526
f 564//506 592//530 561//503
f 561//503 592//530 589//528
f 565//446 562//504 593//446
f 593//446 562//504 590//529
f 566//507 594//421 564//506
f 564//506 594//421 592//530
f 567//348 565//446 595//531
f 595//531 565//446 593//446
f 568//508 596//532 566//507
f 566//507 596//532 594//421
f 569//423 567//348 597//533
f 597//533 567//348 595//531
f 570//509 598//534 568//508
f 568//508 598//534 596//532
f 569//423 597//533 571//510
f 571//510 597//533 599//535
f 571//510 599//535 572//511
f 572//511 599//535 600//536
f 572//511 600//536 601//537
f 601//537 600//536 602//515
f 602//515 600//536 603//538
f 602//515 603//538 604//539
f 605//540 606//541 607//542
f 573//512 605//540 574//513
f 574//513 605//540 607//542
f 574//513 607//542 608//543
f 574//513 608//543 570//509
f 570//509 608//543 598//534
f 572//511 601//537 575//514
f 575//514 601//537 576//515
f 576//515 601//537 602//515
f 576//515 602//515 577//516
f 577//516 602//515 604//539
f 577//516 604//539 609//544
f 577//516 609//544 578//517
f 578//517 609//544 606//541
f 578//517 606//541 605//540
f 578//517 605//540 573//512
f 579//518 580//519 610//545
f 610//545 580//519 611//546
f 580//519 581//520 611//546
f 611//546 581//520 612//547
f 581//520 582//521 612//547
f 612//547 582//521 613//548
f 612//547 613//548 614//549
f 613//548 615//550 614//549
f 583//522 584//523 616//551
f 616//551 584//523 617//552
f 584//523 579//518 617//552
f 617//552 579//518 610//545
f 582//521 585//524 613//548
f 585//524 586//525 613//548
f 613//548 586//525 618//553
f 613//548 618//553 615//550
f 615//550 618//553 619//554
f 618//553 620//555 619//554
f 587//526 583//522 621//556
f 621//556 583//522 616//551
f 586//525 588//527 618//553
f 588//527 589//528 618//553
f 618//553 589//528 622//557
f 618//553 622//557 620//555
f 590//529 591//529 623//558
f 623//558 591//529 624//556
f 591//529 587//526 624//556
f 624//556 587//526 621//556
f 592//530 625//559 589//528
f 589//528 625//559 622//557
f 593//446 590//529 626//560
f 626//560 590//529 623//558
f 594//421 627//561 592//530
f 592//530 627//561 628//562
f 592//530 628//562 625//559
f 627//561 629//563 628//562
f 595//531 593//446 630//564
f 630//564 593//446 626//560
f 596//532 631//565 594//421
f 594//421 631//565 632//566
f 594//421 632//566 627//561
f 627//561 632//566 629//563
f 597//533 595//531 633//567
f 633//567 595//531 630//564
f 633//567 630//564 634//568
f 633//567 634//568 635//569
f 598//534 636//570 596//532
f 596//532 636//570 631//565
f 597//533 633//567 599//535
f 599//535 633//567 600//536
f 600//536 633//567 635//569
f 600//536 635//569 637//571
f 600//536 637//571 603//538
f 603//538 637//571 638//572
f 603//538 638//572 604//539
f 604//539 638//572 639//573
f 604//539 639//573 640//574
f 606//541 640//574 607//542
f 607//542 640//574 639//573
f 607//542 639//573 641//575
f 607//542 641//575 608//543
f 608//543 641//575 642//576
f 608//543 642//576 598//534
f 598//534 642//576 636//570
f 604//539 640//574 609//544
f 609//544 640//574 606//541
f 610//545 611//546 643//577
f 643//577 611//546 644//578
f 611//546 612//547 644//578
f 644//578 612//547 645//579
f 612//547 614//549 645//579
f 645//579 614//549 646//580
f 614//549 615//550 646//580
f 646//580 615//550 647//581
f 616//551 617//552 648//582
f 648//582 617//552 649//583
f 617//552 610//545 649//583
f 649//583 610//545 643//577
f 615//550 619//554 647//581
f 647//581 619//554 650//584
f 619//554 620//555 650//584
f 650//584 620//555 651//585
f 621//556 616//551 652//586
f 652//586 616//551 648//582
f 622//557 653//587 620//555
f 620//555 653//587 651//585
f 623//558 624//556 654//588
f 654//588 624//556 655//586
f 624//556 621//556 655//586
f 655//586 621//556 652//586
f 625//559 656//589 622//557
f 622//557 656//589 657//590
f 622//557 657//590 653//587
f 656//589 658//591 657//590
f 626//560 623//558 659//592
f 659//592 623//558 654//588
f 625//559 628//562 656//589
f 628//562 629//563 656//589
f 656//589 629//563 660//593
f 656//589 660//593 658//591
f 630//564 626//560 661//594
f 661//594 626//560 659//592
f 631//565 662//595 632//566
f 632//566 662//595 629//563
f 629//563 662//595 663//596
f 629//563 663//596 660//593
f 630//564 661//594 634//568
f 634//568 661//594 664//597
f 634//568 664//597 635//569
f 635//569 664//597 665//598
f 636//570 666//599 631//565
f 631//565 666//599 667//600
f 631//565 667//600 662//595
f 662//595 667//600 663//596
f 635//569 665//598 637//571
f 637//571 665//598 668//601
f 637//571 668//601 638//572
f 638//572 668//601 669//602
f 638//572 669//602 639//573
f 639//573 669//602 670//603
f 639//573 670//603 641//575
f 641//575 670//603 671//604
f 641//575 671//604 642//576
f 642//576 671//604 672//605
f 642//576 672//605 636//570
f 636//570 672//605 666//599
f 643//577 644//578 673//606
f 673//606 644//578 674//607
f 644//578 645//579 674//607
f 674//607 645//579 675//608
f 645//579 646//580 675//608
f 675//608 646//580 676//609
f 646//580 647//581 676//609
f 676//609 647//581 677//610
f 676//609 677//610 678//611
f 677//610 679//612 678//611
f 648//582 649//583 680//613
f 680//613 649//583 681//614
f 649//583 643//577 681//614
f 681//614 643//577 673//606
f 647//581 650//584 677//610
f 650//584 651//585 677//610
f 677//610 651//585 682//615
f 677//610 682//615 679//612
f 683//616 684//616 685//616
f 652//586 648//582 683//616
f 683//616 648//582 680//613
f 683//616 680//613 684//616
f 653//587 686//617 651//585
f 651//585 686//617 687//618
f 651//585 687//618 682//615
f 686//617 688//619 687//618
f 654//588 655//586 689//620
f 689//620 655//586 683//616
f 689//620 683//616 685//616
f 655//586 652//586 683//616
f 653//587 657//590 686//617
f 657//590 658//591 686//617
f 686//617 658//591 690//621
f 686//617 690//621 688//619
f 659//592 654//588 691//622
f 691//622 654//588 689//620
f 660//593 692//623 658//591
f 658//591 692//623 690//621
f 661//594 659//592 693//280
f 693//280 659//592 691//622
f 694//624 695//625 696//626
f 663//596 694//624 660//593
f 660//593 694//624 696//626
f 660//593 696//626 692//623
f 661//594 693//280 664//597
f 664//597 693//280 697//627
f 664//597 697//627 665//598
f 665//598 697//627 698//628
f 666//599 699//629 667//600
f 667//600 699//629 695//625
f 667//600 695//625 694//624
f 667//600 694//624 663//596
f 665//598 698//628 668//601
f 668//601 698//628 700//630
f 668//601 700//630 669//602
f 669//602 700//630 701//631
f 669//602 701//631 670//603
f 670//603 701//631 702//632
f 670//603 702//632 671//604
f 671//604 702//632 703//633
f 671//604 703//633 672//605
f 672//605 703//633 704//634
f 672//605 704//634 666//599
f 666//599 704//634 699//629
f 705//635 706//636 707//637
f 705//635 708//638 706//636
f 706//636 708//638 709//639
f 708//638 710//640 709//639
f 673//606 674//607 711//641
f 711//641 674//607 712//642
f 674//607 675//608 712//642
f 712//642 675//608 705//635
f 712//642 705//635 707//637
f 675//608 676//609 705//635
f 705//635 676//609 708//638
f 676//609 678//611 708//638
f 708//638 678//611 713//643
f 708//638 713//643 710//640
f 678//611 679//612 713//643
f 713//643 679//612 714//612
f 680//613 681//614 715//644
f 715//644 681//614 716//645
f 681//614 673//606 716//645
f 716//645 673//606 711//641
f 682//615 717//646 679//612
f 679//612 717//646 718//647
f 679//612 718//647 714//612
f 717//646 719//648 718//647
f 685//616 684//616 720//529
f 720//529 684//616 721//529
f 684//616 680//613 721//529
f 721//529 680//613 715//644
f 682//615 687//618 717//646
f 687//618 688//619 717//646
f 717//646 688//619 722//649
f 717//646 722//649 719//648
f 689//620 685//616 723//650
f 723//650 685//616 720//529
f 690//621 724//651 688//619
f 688//619 724//651 722//649
f 691//622 689//620 725//652
f 725//652 689//620 723//650
f 692//623 726//653 690//621
f 690//621 726//653 724//651
f 693//280 691//622 727//654
f 727//654 691//622 725//652
f 727//654 725//652 728//655
f 727//654 728//655 729//656
f 695//625 730//657 696//626
f 696//626 730//657 731//658
f 696//626 731//658 692//623
f 692//623 731//658 726//653
f 693//280 727//654 697//627
f 697//627 727//654 698//628
f 698//628 727//654 729//656
f 698//628 729//656 732//659
f 732//659 729//656 733//660
f 732//659 733//660 734//661
f 734//661 733//660 735//662
f 734//661 735//662 736//663
f 737//664 738//665 739//666
f 699//629 737//664 695//625
f 695//625 737//664 739//666
f 695//625 739//666 730//657
f 698//628 732//659 700//630
f 700//630 732//659 701//631
f 701//631 732//659 734//661
f 701//631 734//661 702//632
f 702//632 734//661 736//663
f 702//632 736//663 740//667
f 702//632 740//667 703//633
f 703//633 740//667 741//668
f 703//633 741//668 704//634
f 704//634 741//668 738//665
f 704//634 738//665 737//664
f 704//634 737//664 699//629
f 707//637 706//636 742//669
f 742//669 706//636 743//670
f 706//636 709//639 743//670
f 743//670 709//639 744//671
f 709//639 710//640 744//671
f 744//671 710//640 745//672
f 744//671 745//672 746//673
f 745//672 747//674 746//673
f 748//675 749//676 750//677
f 711//641 712//642 748//675
f 748//675 712//642 751//678
f 748//675 751//678 749//676
f 712//642 707//637 751//678
f 751//678 707//637 742//669
f 710//640 713//643 745//672
f 713//643 714//612 745//672
f 745//672 714//612 752//679
f 745//672 752//679 747//674
f 715//644 716//645 753//680
f 753//680 716//645 748//675
f 753//680 748//675 750//677
f 716//645 711//641 748//675
f 714//612 718//647 752//679
f 752//679 718//647 754//681
f 718//647 719//648 754//681
f 754//681 719//648 755//682
f 720//529 721//529 756//683
f 756//683 721//529 757//684
f 721//529 715//644 757//684
f 757//684 715//644 753//680
f 722//649 758//685 719//648
f 719//648 758//685 755//682
f 723//650 720//529 759//686
f 759//686 720//529 756//683
f 724//651 760//687 722//649
f 722//649 760//687 758//685
f 725//652 723//650 761//688
f 761//688 723//650 759//686
f 726//653 762//373 724//651
f 724//651 762//373 760//687
f 725//652 761//688 728//655
f 728//655 761//688 763//689
f 728//655 763//689 729//656
f 729//656 763//689 764//690
f 730//657 765//691 731//658
f 731//658 765//691 766//692
f 731//658 766//692 726//653
f 726//653 766//692 762//373
f 729//656 764//690 733//660
f 733//660 764//690 767//693
f 733//660 767//693 735//662
f 735//662 767//693 768//694
f 735//662 768//694 736//663
f 736//663 768//694 769//695
f 770//696 771//697 772//698
f 738//665 770//696 739//666
f 739//666 770//696 772//698
f 739//666 772//698 773//699
f 739//666 773//699 730//657
f 730//657 773//699 765//691
f 736//663 769//695 740//667
f 740//667 769//695 774//700
f 740//667 774//700 741//668
f 741//668 774//700 771//697
f 741//668 771//697 770//696
f 741//668 770//696 738//665
f 775//701 776//702 777//703
f 742//669 743//670 775//701
f 775//701 743//670 778//704
f 775//701 778//704 776//702
f 743//670 744//671 778//704
f 778//704 744//671 779//705
f 744//671 746//673 779//705
f 779//705 746//673 780//706
f 746//673 747//674 780//706
f 780//706 747//674 781//707
f 750//677 749//676 782//708
f 782//708 749//676 783//709
f 749//676 751//678 783//709
f 783//709 751//678 775//701
f 783//709 775//701 777//703
f 751//678 742//669 775//701
f 752//679 784//710 747//674
f 747//674 784//710 785//711
f 747//674 785//711 781//707
f 784//710 786//712 785//711
f 753//680 750//677 787//713
f 787//713 750//677 782//708
f 752//679 754//681 784//710
f 754//681 755//682 784//710
f 784//710 755//682 788//714
f 784//710 788//714 786//712
f 756//683 757//684 789//715
f 757//684 753//680 789//715
f 789//715 753//680 787//713
f 789//715 787//713 790//716
f 758//685 791//717 755//682
f 755//682 791//717 788//714
f 759//686 756//683 792//718
f 792//718 756//683 789//715
f 792//718 789//715 793//719
f 789//715 790//716 793//719
f 760//687 794//720 758//685
f 758//685 794//720 791//717
f 761//688 759//686 795//721
f 795//721 759//686 792//718
f 795//721 792//718 796//722
f 795//721 796//722 797//723
f 762//373 798//724 760//687
f 760//687 798//724 794//720
f 761//688 795//721 763//689
f 763//689 795//721 764//690
f 764//690 795//721 797//723
f 764//690 797//723 799//725
f 799//725 797//723 800//726
f 799//725 800//726 801//727
f 765//691 802//728 766//692
f 766//692 802//728 803//729
f 766//692 803//729 762//373
f 762//373 803//729 798//724
f 764//690 799//725 767//693
f 767//693 799//725 768//694
f 768//694 799//725 801//727
f 768//694 801//727 804//730
f 768//694 804//730 769//695
f 769//695 804//730 805//731
f 769//695 805//731 806//732
f 771//697 806//732 772//698
f 772//698 806//732 805//731
f 772//698 805//731 807//733
f 772//698 807//733 773//699
f 773//699 807//733 808//734
f 773//699 808//734 765//691
f 765//691 808//734 802//728
f 769//695 806//732 774//700
f 774//700 806//732 771//697
f 809//735 810//736 811//737
f 809//735 812//738 810//736
f 810//736 812//738 813//739
f 812//738 814//740 813//739
f 777//703 776//702 815//741
f 815//741 776//702 816//742
f 776//702 778//704 816//742
f 816//742 778//704 817//743
f 778//704 779//705 817//743
f 817//743 779//705 809//735
f 817//743 809//735 811//737
f 779//705 780//706 809//735
f 809//735 780//706 812//738
f 780//706 781//707 812//738
f 812//738 781//707 818//744
f 812//738 818//744 814//740
f 782//708 783//709 819//745
f 819//745 783//709 820//746
f 783//709 777//703 820//746
f 820//746 777//703 815//741
f 781//707 785//711 818//744
f 818//744 785//711 821//747
f 785//711 786//712 821//747
f 821//747 786//712 822//14
f 787//713 782//708 823//748
f 823//748 782//708 819//745
f 788//714 824//749 786//712
f 786//712 824//749 822//14
f 790//716 787//713 825//750
f 825//750 787//713 823//748
f 791//717 826//751 788//714
f 788//714 826//751 824//749
f 792//718 793//719 827//752
f 793//719 790//716 827//752
f 827//752 790//716 825//750
f 827//752 825//750 828//753
f 794//720 829//754 791//717
f 791//717 829//754 826//751
f 792//718 827//752 796//722
f 796//722 827//752 797//723
f 797//723 827//752 828//753
f 797//723 828//753 830//755
f 798//724 831//756 794//720
f 794//720 831//756 829//754
f 797//723 830//755 800//726
f 800//726 830//755 832//757
f 800//726 832//757 801//727
f 801//727 832//757 833//758
f 802//728 834//759 803//729
f 803//729 834//759 835//760
f 803//729 835//760 798//724
f 798//724 835//760 831//756
f 801//727 833//758 804//730
f 804//730 833//758 836//761
f 804//730 836//761 805//731
f 805//731 836//761 837//762
f 805//731 837//762 807//733
f 807//733 837//762 838//763
f 807//733 838//763 808//734
f 808//734 838//763 839//764
f 808//734 839//764 802//728
f 802//728 839//764 834//759
f 840//765 841//766 842//767
f 811//737 810//736 840//765
f 840//765 810//736 843//768
f 840//765 843//768 841//766
f 810//736 813//739 843//768
f 843//768 813//739 844//769
f 813//739 814//740 844//769
f 844//769 814//740 845//770
f 815//741 816//742 846//741
f 846//741 816//742 847//771
f 816//742 817//743 847//771
f 847//771 817//743 840//765
f 847//771 840//765 842//767
f 817//743 811//737 840//765
f 818//744 848//772 814//740
f 814//740 848//772 849//773
f 814//740 849//773 845//770
f 848//772 850//774 849//773
f 819//745 820//746 851//745
f 851//745 820//746 852//746
f 820//746 815//741 852//746
f 852//746 815//741 846//741
f 818//744 821//747 848//772
f 821//747 822//14 848//772
f 848//772 822//14 853//714
f 848//772 853//714 850//774
f 823//748 819//745 854//446
f 854//446 819//745 851//745
f 824//749 855//717 822//14
f 822//14 855//717 853//714
f 825//750 823//748 856//775
f 856//775 823//748 854//446
f 826//751 857//371 824//749
f 824//749 857//371 855//717
f 828//753 825//750 858//776
f 858//776 825//750 856//775
f 829//754 859//777 826//751
f 826//751 859//777 857//371
f 830//755 828//753 860//778
f 860//778 828//753 858//776
f 860//778 858//776 861//779
f 860//778 861//779 862//780
f 863//781 864//782 865//783
f 831//756 863//781 829//754
f 829//754 863//781 865//783
f 829//754 865//783 859//777
f 830//755 860//778 832//757
f 832//757 860//778 833//758
f 833//758 860//778 862//780
f 833//758 862//780 866//784
f 866//784 862//780 867//785
f 866//784 867//785 868//786
f 869//787 870//788 871//789
f 834//759 869//787 835//760
f 835//760 869//787 871//789
f 835//760 871//789 863//781
f 863//781 871//789 864//782
f 835//760 863//781 831//756
f 833//758 866//784 836//761
f 836//761 866//784 837//762
f 837//762 866//784 868//786
f 837//762 868//786 872//790
f 837//762 872//790 838//763
f 838//763 872//790 873//791
f 838//763 873//791 839//764
f 839//764 873//791 870//788
f 839//764 870//788 869//787
f 839//764 869//787 834//759
f 842//767 841//766 874//792
f 874//792 841//766 875//793
f 841//766 843//768 875//793
f 875//793 843//768 876//794
f 843//768 844//769 876//794
f 876//794 844//769 877//795
f 844//769 845//770 877//795
f 877//795 845//770 878//796
f 846//741 847//771 879//741
f 879//741 847//771 880//797
f 847//771 842//767 880//797
f 880//797 842//767 874//792
f 845//770 849//773 878//796
f 878//796 849//773 881//798
f 849//773 850//774 881//798
f 881//798 850//774 882//799
f 851//745 852//746 883//745
f 883//745 852//746 884//746
f 852//746 846//741 884//746
f 884//746 846//741 879//741
f 853//714 885//749 850//774
f 850//774 885//749 882//799
f 854//446 851//745 886//446
f 886//446 851//745 883//745
f 855//717 887//370 853//714
f 853//714 887//370 885//749
f 856//775 854//446 888//174
f 888//174 854//446 886//446
f 857//371 889//800 855//717
f 855//717 889//800 887//370
f 858//776 856//775 890//801
f 890//801 856//775 888//174
f 859//777 891//802 857//371
f 857//371 891//802 889//800
f 858//776 890//801 861//779
f 861//779 890//801 892//803
f 861//779 892//803 862//780
f 862//780 892//803 893//804
f 864//782 894//805 865//783
f 865//783 894//805 895//806
f 865//783 895//806 859//777
f 859//777 895//806 891//802
f 862//780 893//804 867//785
f 867//785 893//804 896//807
f 867//785 896//807 868//786
f 868//786 896//807 897//808
f 898//809 899//810 900//811
f 870//788 898//809 871//789
f 871//789 898//809 900//811
f 871//789 900//811 901//812
f 871//789 901//812 864//782
f 864//782 901//812 894//805
f 868//786 897//808 872//790
f 872//790 897//808 902//813
f 872//790 902//813 873//791
f 873//791 902//813 899//810
f 873//791 899//810 898//809
f 873//791 898//809 870//788
f 874//792 875//793 903//814
f 903//814 875//793 904//815
f 875//793 876//794 904//815
f 904//815 876//794 905//816
f 876//794 877//795 905//816
f 905//816 877//795 906//817
f 877//795 878//796 906//817
f 906//817 878//796 907//818
f 879//741 880//797 908//741
f 908//741 880//797 909//741
f 880//797 874//792 909//741
f 909//741 874//792 903//814
f 878//796 881//798 907//818
f 907//818 881//798 910//819
f 881//798 882//799 910//819
f 910//819 882//799 911//820
f 883//745 884//746 912//745
f 912//745 884//746 913//746
f 884//746 879//741 913//746
f 913//746 879//741 908//741
f 885//749 914//717 882//799
f 882//799 914//717 911//820
f 886//446 883//745 915//446
f 915//446 883//745 912//745
f 887//370 916//370 885//749
f 885//749 916//370 914//717
f 888//174 886//446 917//193
f 917//193 886//446 915//446
f 889//800 918//821 887//370
f 887//370 918//821 916//370
f 890//801 888//174 919//194
f 919//194 888//174 917//193
f 891//802 920//822 889//800
f 889//800 920//822 918//821
f 890//801 919//194 892//803
f 892//803 919//194 921//823
f 892//803 921//823 893//804
f 893//804 921//823 922//824
f 894//805 923//825 895//806
f 895//806 923//825 924//826
f 895//806 924//826 891//802
f 891//802 924//826 920//822
f 893//804 922//824 896//807
f 896//807 922//824 925//827
f 896//807 925//827 897//808
f 897//808 925//827 926//828
f 897//808 926//828 927//829
f 899//810 927//829 900//811
f 900//811 927//829 926//828
f 900//811 926//828 928//830
f 900//811 928//830 901//812
f 901//812 928//830 929//831
f 901//812 929//831 894//805
f 894//805 929//831 923//825
f 897//808 927//829 902//813
f 902//813 927//829 899//810
f 930//832 931//833 932//834
f 930//832 933//835 931//833
f 903//814 904//815 934//836
f 934//836 904//815 935//837
f 904//815 905//816 935//837
f 935//837 905//816 936//838
f 905//816 906//817 936//838
f 936//838 906//817 930//832
f 936//838 930//832 932//834
f 906//817 907//818 930//832
f 930//832 907//818 937//839
f 930//832 937//839 933//835
f 933//835 937//839 938//840
f 937//839 939//841 938//840
f 908//741 909//741 940//741
f 940//741 909//741 941//741
f 909//741 903//814 941//741
f 941//741 903//814 934//836
f 907//818 910//819 937//839
f 910//819 911//820 937//839
f 937//839 911//820 942//842
f 937//839 942//842 939//841
f 912//745 913//746 943//745
f 943//745 913//746 944//746
f 913//746 908//741 944//746
f 944//746 908//741 940//741
f 914//717 945//370 911//820
f 911//820 945//370 942//842
f 915//446 912//745 946//843
f 946//843 912//745 943//745
f 916//370 947//370 914//717
f 914//717 947//370 945//370
f 917//193 915//446 948//844
f 948//844 915//446 946//843
f 918//821 949//821 916//370
f 916//370 949//821 947//370
f 919//194 917//193 950//845
f 950//845 917//193 948//844
f 920//822 951//846 918//821
f 918//821 951//846 949//821
f 919//194 950//845 921//823
f 921//823 950//845 952//847
f 921//823 952//847 922//824
f 922//824 952//847 953//848
f 923//825 954//849 924//826
f 924//826 954//849 955//850
f 924//826 955//850 920//822
f 920//822 955//850 951//846
f 922//824 953//848 925//827
f 925//827 953//848 956//851
f 925//827 956//851 926//828
f 926//828 956//851 957//852
f 926//828 957//852 928//830
f 928//830 957//852 958//853
f 928//830 958//853 929//831
f 929//831 958//853 959//854
f 929//831 959//854 923//825
f 923//825 959//854 954//849
f 932//834 931//833 960//855
f 960//855 931//833 961//856
f 931//833 933//835 961//856
f 961//856 933//835 962//364
f 934//836 935//837 963//857
f 963//857 935//837 964//858
f 935//837 936//838 964//858
f 964//858 936//838 965//859
f 936//838 932//834 965//859
f 965//859 932//834 960//855
f 933//835 938//840 962//364
f 962//364 938//840 966//860
f 938//840 939//841 966//860
f 966//860 939//841 967//861
f 940//741 941//741 968//741
f 968//741 941//741 969//741
f 941//741 934//836 969//741
f 969//741 934//836 963//857
f 942//842 970//862 939//841
f 939//841 970//862 967//861
f 943//745 944//746 971//745
f 971//745 944//746 972//746
f 944//746 940//741 972//746
f 972//746 940//741 968//741
f 945//370 973//717 942//842
f 942//842 973//717 970//862
f 946//843 943//745 974//863
f 974//863 943//745 971//745
f 947//370 975//864 945//370
f 945//370 975//864 973//717
f 948//844 946//843 976//865
f 976//865 946//843 974//863
f 949//821 977//866 947//370
f 947//370 977//866 975//864
f 950//845 948//844 978//867
f 978//867 948//844 976//865
f 978//867 976//865 979//868
f 978//867 979//868 980//869
f 951//846 981//870 949//821
f 949//821 981//870 977//866
f 950//845 978//867 952//847
f 952//847 978//867 953//848
f 953//848 978//867 980//869
f 953//848 980//869 982//871
f 982//871 980//869 983//872
f 982//871 983//872 984//873
f 954//849 985//874 955//850
f 955//850 985//874 986//875
f 955//850 986//875 951//846
f 951//846 986//875 981//870
f 953//848 982//871 956//851
f 956//851 982//871 957//852
f 957//852 982//871 984//873
f 957//852 984//873 987//876
f 957//852 987//876 958//853
f 958//853 987//876 988//877
f 958//853 988//877 959//854
f 959//854 988//877 989//878
f 959//854 989//878 954//849
f 954//849 989//878 985//874
f 990//879 991//880 992//881
f 960//855 961//856 990//879
f 990//879 961//856 993//882
f 990//879 993//882 991//880
f 961//856 962//364 993//882
f 993//882 962//364 994//386
f 963//857 964//858 995//883
f 995//883 964//858 996//884
f 964//858 965//859 996//884
f 996//884 965//859 990//879
f 996//884 990//879 992//881
f 965//859 960//855 990//879
f 962//364 966//860 994//386
f 994//386 966//860 997//885
f 966//860 967//861 997//885
f 997//885 967//861 998//886
f 968//741 969//741 999//887
f 999//887 969//741 1000//888
f 969//741 963//857 1000//888
f 1000//888 963//857 995//883
f 970//862 1001//889 967//861
f 967//861 1001//889 998//886
f 971//745 972//746 1002//890
f 1002//890 972//746 1003//746
f 972//746 968//741 1003//746
f 1003//746 968//741 999//887
f 973//717 1004//685 970//862
f 970//862 1004//685 1001//889
f 974//863 971//745 1005//891
f 1005//891 971//745 1002//890
f 975//864 1006//892 973//717
f 973//717 1006//892 1004//685
f 976//865 974//863 1007//893
f 1007//893 974//863 1005//891
f 977//866 1008//894 975//864
f 975//864 1008//894 1006//892
f 976//865 1007//893 979//868
f 979//868 1007//893 1009//895
f 979//868 1009//895 980//869
f 980//869 1009//895 1010//896
f 981//870 1011//897 977//866
f 977//866 1011//897 1008//894
f 980//869 1010//896 983//872
f 983//872 1010//896 1012//898
f 983//872 1012//898 984//873
f 984//873 1012//898 1013//899
f 984//873 1013//899 1014//900
f 1014//900 1013//899 1015//901
f 1015//901 1013//899 1016//902
f 1015//901 1016//902 1017//903
f 1017//903 1016//902 1018//904
f 985//874 1017//903 986//875
f 986//875 1017//903 1018//904
f 986//875 1018//904 1019//905
f 986//875 1019//905 981//870
f 981//870 1019//905 1011//897
f 984//873 1014//900 987//876
f 987//876 1014//900 988//877
f 988//877 1014//900 1015//901
f 988//877 1015//901 989//878
f 989//878 1015//901 1017//903
f 989//878 1017//903 985//874
f 1020//906 1021//907 1022//908
f 1020//906 1023//909 1021//907
f 992//881 991//880 1024//910
f 1024//910 991//880 1025//911
f 991//880 993//882 1025//911
f 1025//911 993//882 1020//906
f 1025//911 1020//906 1022//908
f 993//882 994//386 1020//906
f 1020//906 994//386 1026//912
f 1020//906 1026//912 1023//909
f 1023//909 1026//912 1027//913
f 1026//912 1028//914 1027//913
f 995//883 996//884 1029//915
f 1029//915 996//884 1030//916
f 996//884 992//881 1030//916
f 1030//916 992//881 1024//910
f 994//386 997//885 1026//912
f 997//885 998//886 1026//912
f 1026//912 998//886 1031//917
f 1026//912 1031//917 1028//914
f 999//887 1000//888 1032//918
f 1032//918 1000//888 1033//919
f 1000//888 995//883 1033//919
f 1033//919 995//883 1029//915
f 1001//889 1034//920 998//886
f 998//886 1034//920 1031//917
f 1002//890 1003//746 1035//921
f 1035//921 1003//746 1036//922
f 1003//746 999//887 1036//922
f 1036//922 999//887 1032//918
f 1004//685 1037//923 1001//889
f 1001//889 1037//923 1034//920
f 1005//891 1002//890 1038//924
f 1038//924 1002//890 1035//921
f 1006//892 1039//925 1004//685
f 1004//685 1039//925 1037//923
f 1007//893 1005//891 1040//926
f 1040//926 1005//891 1038//924
f 1040//926 1038//924 1041//927
f 1040//926 1041//927 1042//928
f 1008//894 1043//929 1006//892
f 1006//892 1043//929 1039//925
f 1007//893 1040//926 1009//895
f 1009//895 1040//926 1010//896
f 1010//896 1040//926 1042//928
f 1010//896 1042//928 1044//930
f 1044//930 1042//928 1045//931
f 1044//930 1045//931 1046//932
f 1011//897 1047//933 1008//894
f 1008//894 1047//933 1043//929
f 1010//896 1044//930 1012//898
f 1012//898 1044//930 1013//899
f 1013//899 1044//930 1046//932
f 1013//899 1046//932 1048//934
f 1013//899 1048//934 1016//902
f 1016//902 1048//934 1049//935
f 1016//902 1049//935 1018//904
f 1018//904 1049//935 1050//936
f 1018//904 1050//936 1019//905
f 1019//905 1050//936 1051//937
f 1019//905 1051//937 1011//897
f 1011//897 1051//937 1047//933
f 1022//908 1021//907 1052//938
f 1052//938 1021//907 1053//939
f 1021//907 1023//909 1053//939
f 1053//939 1023//909 1054//940
f 1024//910 1025//911 1055//941
f 1055//941 1025//911 1056//942
f 1025//911 1022//908 1056//942
f 1056//942 1022//908 1052//938
f 1023//909 1027//913 1054//940
f 1054//940 1027//913 1057//943
f 1027//913 1028//914 1057//943
f 1057//943 1028//914 1058//944
f 1029//915 1030//916 1059//945
f 1059//945 1030//916 1060//946
f 1030//916 1024//910 1060//946
f 1060//946 1024//910 1055//941
f 1031//917 1061//947 1028//914
f 1028//914 1061//947 1058//944
f 1032//918 1033//919 1062//948
f 1062//948 1033//919 1063//949
f 1033//919 1029//915 1063//949
f 1063//949 1029//915 1059//945
f 1034//920 1064//950 1031//917
f 1031//917 1064//950 1061//947
f 1035//921 1036//922 1065//951
f 1036//922 1032//918 1065//951
f 1065//951 1032//918 1062//948
f 1065//951 1062//948 1066//952
f 1037//923 1067//953 1034//920
f 1034//920 1067//953 1064//950
f 1038//924 1035//921 1068//954
f 1068//954 1035//921 1065//951
f 1068//954 1065//951 1069//955
f 1065//951 1066//952 1069//955
f 1039//925 1070//956 1037//923
f 1037//923 1070//956 1071//957
f 1037//923 1071//957 1067//953
f 1070//956 1072//958 1071//957
f 1038//924 1068//954 1041//927
f 1041//927 1068//954 1073//959
f 1041//927 1073//959 1042//928
f 1042//928 1073//959 1074//960
f 1043//929 1075//961 1039//925
f 1039//925 1075//961 1076//962
f 1039//925 1076//962 1070//956
f 1070//956 1076//962 1072//958
f 1042//928 1074//960 1045//931
f 1045//931 1074//960 1077//963
f 1045//931 1077//963 1046//932
f 1046//932 1077//963 1078//964
f 1046//932 1078//964 1079//965
f 1079//965 1078//964 1080//966
f 1081//967 1082//968 1083//969
f 1047//933 1081//967 1043//929
f 1043//929 1081//967 1083//969
f 1043//929 1083//969 1075//961
f 1046//932 1079//965 1048//934
f 1048//934 1079//965 1049//935
f 1049//935 1079//965 1080//966
f 1049//935 1080//966 1084//970
f 1049//935 1084//970 1050//936
f 1050//936 1084//970 1085//971
f 1050//936 1085//971 1051//937
f 1051//937 1085//971 1082//968
f 1051//937 1082//968 1081//967
f 1051//937 1081//967 1047//933
f 1052//938 1053//939 1086//972
f 1086//972 1053//939 1087//973
f 1053//939 1054//940 1087//973
f 1087//973 1054//940 1088//974
f 1089//975 1090//976 1091//977
f 1055//941 1056//942 1089//975
f 1089//975 1056//942 1092//978
f 1089//975 1092//978 1090//976
f 1056//942 1052//938 1092//978
f 1092//978 1052//938 1086//972
f 1054//940 1057//943 1088//974
f 1088//974 1057//943 1093//979
f 1057//943 1058//944 1093//979
f 1093//979 1058//944 1094//980
f 1059//945 1060//946 1095//981
f 1095//981 1060//946 1089//975
f 1095//981 1089//975 1091//977
f 1060//946 1055//941 1089//975
f 1061//947 1096//982 1058//944
f 1058//944 1096//982 1094//980
f 1062//948 1063//949 1097//983
f 1097//983 1063//949 1098//984
f 1063//949 1059//945 1098//984
f 1098//984 1059//945 1095//981
f 1064//950 1099//985 1061//947
f 1061//947 1099//985 1096//982
f 1066//952 1062//948 1100//986
f 1100//986 1062//948 1097//983
f 1067//953 1101//987 1064//950
f 1064//950 1101//987 1099//985
f 1068//954 1069//955 1102//988
f 1069//955 1066//952 1102//988
f 1102//988 1066//952 1100//986
f 1102//988 1100//986 1103//989
f 1067//953 1071//957 1101//987
f 1101//987 1071//957 1104//990
f 1101//987 1104//990 1105//991
f 1071//957 1072//958 1104//990
f 1068//954 1102//988 1073//959
f 1073//959 1102//988 1074//960
f 1074//960 1102//988 1103//989
f 1074//960 1103//989 1106//992
f 1075//961 1107//993 1076//962
f 1076//962 1107//993 1105//991
f 1076//962 1105//991 1104//990
f 1076//962 1104//990 1072//958
f 1074//960 1106//992 1077//963
f 1077//963 1106//992 1108//994
f 1077//963 1108//994 1078//964
f 1078//964 1108//994 1109//995
f 1078//964 1109//995 1080//966
f 1080//966 1109//995 1110//996
f 1080//966 1110//996 1111//997
f 1111//997 1110//996 1112//998
f 1112//998 1110//996 1113//999
f 1082//968 1112//998 1083//969
f 1083//969 1112//998 1113//999
f 1083//969 1113//999 1114//1000
f 1083//969 1114//1000 1075//961
f 1075//961 1114//1000 1107//993
f 1080//966 1111//997 1084//970
f 1084//970 1111//997 1085//971
f 1085//971 1111//997 1112//998
f 1085//971 1112//998 1082//968
f 1086//972 1087//973 1115//1001
f 1115//1001 1087//973 1116//1002
f 1087//973 1088//974 1116//1002
f 1116//1002 1088//974 1117//1003
f 1091//977 1090//976 1118//1004
f 1118//1004 1090//976 1119//1005
f 1090//976 1092//978 1119//1005
f 1119//1005 1092//978 1120//1006
f 1092//978 1086//972 1120//1006
f 1120//1006 1086//972 1115//1001
f 1088//974 1093//979 1117//1003
f 1117//1003 1093//979 1121//1007
f 1093//979 1094//980 1121//1007
f 1121//1007 1094//980 1122//1008
f 1095//981 1091//977 1123//1009
f 1123//1009 1091//977 1118//1004
f 1096//982 1124//1010 1094//980
f 1094//980 1124//1010 1122//1008
f 1097//983 1098//984 1125//1011
f 1125//1011 1098//984 1126//1012
f 1098//984 1095//981 1126//1012
f 1126//1012 1095//981 1123//1009
f 1099//985 1127//1013 1096//982
f 1096//982 1127//1013 1124//1010
f 1100//986 1097//983 1128//1014
f 1128//1014 1097//983 1125//1011
f 1101//987 1129//1015 1099//985
f 1099//985 1129//1015 1127//1013
f 1103//989 1100//986 1130//1016
f 1130//1016 1100//986 1128//1014
f 1105//991 1131//1017 1101//987
f 1101//987 1131//1017 1129//1015
f 1106//992 1103//989 1132//1018
f 1132//1018 1103//989 1130//1016
f 1132//1018 1130//1016 1133//1019
f 1132//1018 1133//1019 1134//1020
f 1107//993 1135//1021 1105//991
f 1105//991 1135//1021 1131//1017
f 1106//992 1132//1018 1108//994
f 1108//994 1132//1018 1109//995
f 1109//995 1132//1018 1134//1020
f 1109//995 1134//1020 1136//1022
f 1109//995 1136//1022 1110//996
f 1110//996 1136//1022 1137//1023
f 1110//996 1137//1023 1113//999
f 1113//999 1137//1023 1138//1024
f 1113//999 1138//1024 1114//1000
f 1114//1000 1138//1024 1139//1025
f 1114//1000 1139//1025 1107//993
f 1107//993 1139//1025 1135//1021
f 1115//1001 1116//1002 1140//1026
f 1140//1026 1116//1002 1141//1027
f 1116//1002 1117//1003 1141//1027
f 1141//1027 1117//1003 1142//1028
f 1118//1004 1119//1005 1143//746
f 1143//746 1119//1005 1144//815
f 1119//1005 1120//1006 1144//815
f 1144//815 1120//1006 1145//1029
f 1120//1006 1115//1001 1145//1029
f 1145//1029 1115//1001 1140//1026
f 1117//1003 1121//1007 1142//1028
f 1142//1028 1121//1007 1146//1030
f 1121//1007 1122//1008 1146//1030
f 1146//1030 1122//1008 1147//1031
f 1123//1009 1118//1004 1148//1032
f 1148//1032 1118//1004 1143//746
f 1124//1010 1149//1033 1122//1008
f 1122//1008 1149//1033 1147//1031
f 1125//1011 1126//1012 1150//1034
f 1150//1034 1126//1012 1151//1035
f 1126//1012 1123//1009 1151//1035
f 1151//1035 1123//1009 1148//1032
f 1127//1013 1152//1036 1124//1010
f 1124//1010 1152//1036 1149//1033
f 1128//1014 1125//1011 1153//1037
f 1153//1037 1125//1011 1150//1034
f 1129//1015 1154//1038 1127//1013
f 1127//1013 1154//1038 1155//1039
f 1127//1013 1155//1039 1152//1036
f 1154//1038 1156//1040 1155//1039
f 1130//1016 1128//1014 1157//1041
f 1157//1041 1128//1014 1153//1037
f 1131//1017 1158//1042 1129//1015
f 1129//1015 1158//1042 1159//1043
f 1129//1015 1159//1043 1154//1038
f 1154//1038 1159//1043 1156//1040
f 1130//1016 1157//1041 1133//1019
f 1133//1019 1157//1041 1160//1044
f 1133//1019 1160//1044 1134//1020
f 1134//1020 1160//1044 1161//1045
f 1162//1046 1163//1047 1164//1048
f 1135//1021 1162//1046 1131//1017
f 1131//1017 1162//1046 1164//1048
f 1131//1017 1164//1048 1158//1042
f 1134//1020 1161//1045 1136//1022
f 1136//1022 1161//1045 1165//1049
f 1136//1022 1165//1049 1137//1023
f 1137//1023 1165//1049 1166//1050
f 1137//1023 1166//1050 1138//1024
f 1138//1024 1166//1050 1167//1051
f 1138//1024 1167//1051 1139//1025
f 1139//1025 1167//1051 1163//1047
f 1139//1025 1163//1047 1162//1046
f 1139//1025 1162//1046 1135//1021
f 1168//1052 1169//1053 1170//1054
f 1171//1055 1172//1056 1173//1057
f 1171//1055 1174//1058 1172//1056
f 1172//1056 1174//1058 1168//1052
f 1172//1056 1168//1052 1170//1054
f 1171//1055 1173//1057 1175//1059
f 1171//1055 1175//1059 1174//1058
f 1174//1058 1175//1059 1176//1060
f 1140//1026 1141//1027 1177//1061
f 1177//1061 1141//1027 1178//1062
f 1141//1027 1142//1028 1178//1062
f 1178//1062 1142//1028 1179//1063
f 1143//746 1144//815 1180//1064
f 1180//1064 1144//815 1181//1065
f 1144//815 1145//1029 1181//1065
f 1181//1065 1145//1029 1182//1066
f 1145//1029 1140//1026 1182//1066
f 1182//1066 1140//1026 1177//1061
f 1142//1028 1146//1030 1179//1063
f 1179//1063 1146//1030 1183//1067
f 1146//1030 1147//1031 1183//1067
f 1183//1067 1147//1031 1184//1068
f 1148//1032 1143//746 1185//1069
f 1185//1069 1143//746 1180//1064
f 1149//1033 1186//1070 1147//1031
f 1147//1031 1186//1070 1187//1071
f 1147//1031 1187//1071 1184//1068
f 1186//1070 1188//1072 1187//1071
f 1150//1034 1151//1035 1189//1073
f 1189//1073 1151//1035 1190//1074
f 1151//1035 1148//1032 1190//1074
f 1190//1074 1148//1032 1185//1069
f 1152//1036 1191//1075 1149//1033
f 1149//1033 1191//1075 1186//1070
f 1186//1070 1191//1075 1188//1072
f 1188//1072 1191//1075 1192//1076
f 1153//1037 1150//1034 1193//1077
f 1193//1077 1150//1034 1189//1073
f 1152//1036 1155//1039 1191//1075
f 1155//1039 1156//1040 1191//1075
f 1191//1075 1156//1040 1194//1078
f 1191//1075 1194//1078 1192//1076
f 1157//1041 1153//1037 1195//1079
f 1195//1079 1153//1037 1193//1077
f 1158//1042 1196//1080 1159//1043
f 1159//1043 1196//1080 1156//1040
f 1156//1040 1196//1080 1197//1081
f 1156//1040 1197//1081 1194//1078
f 1157//1041 1195//1079 1160//1044
f 1160//1044 1195//1079 1198//1082
f 1160//1044 1198//1082 1161//1045
f 1161//1045 1198//1082 1199//1083
f 1163//1047 1200//1084 1164//1048
f 1164//1048 1200//1084 1201//1085
f 1164//1048 1201//1085 1158//1042
f 1158//1042 1201//1085 1202//1086
f 1158//1042 1202//1086 1196//1080
f 1196//1080 1202//1086 1197//1081
f 1161//1045 1199//1083 1165//1049
f 1165//1049 1199//1083 1203//1087
f 1165//1049 1203//1087 1166//1050
f 1166//1050 1203//1087 1204//1088
f 1166//1050 1204//1088 1167//1051
f 1167//1051 1204//1088 1205//1089
f 1167//1051 1205//1089 1163//1047
f 1163//1047 1205//1089 1200//1084
f 1206//1090 1207//1091 1208//1092
f 1206//1090 1209//1093 1207//1091
f 1207//1091 1209//1093 1210//1094
f 1211//1095 1212//1096 1213//1097
f 1211//1095 1214//1098 1212//1096
f 1212//1096 1214//1098 1215//1099
f 1214//1098 1216//1100 1215//1099
f 1215//1099 1216//1100 1206//1090
f 1215//1099 1206//1090 1208//1092
f 1170//1054 1169//1053 1216//1100
f 1216//1100 1169//1053 1209//1093
f 1216//1100 1209//1093 1206//1090
f 1211//1095 1213//1097 1217//1101
f 1217//1101 1213//1097 1218//1102
f 1211//1095 1217//1101 1214//1098
f 1214//1098 1217//1101 1219//1103
f 1173//1057 1172//1056 1219//1103
f 1219//1103 1172//1056 1216//1100
f 1219//1103 1216//1100 1214//1098
f 1172//1056 1170//1054 1216//1100
f 1217//1101 1218//1102 1220//1104
f 1220//1104 1218//1102 1221//1105
f 1217//1101 1220//1104 1219//1103
f 1219//1103 1220//1104 1222//1106
f 1173//1057 1219//1103 1175//1059
f 1175//1059 1219//1103 1222//1106
f 1175//1059 1222//1106 1223//1107
f 1175//1059 1223//1107 1176//1060
f 1176//1060 1223//1107 1224//1108
f 1220//1104 1221//1105 1225//1109
f 1225//1109 1221//1105 1226//1110
f 1220//1104 1225//1109 1222//1106
f 1222//1106 1225//1109 1227//1111
f 1222//1106 1227//1111 1223//1107
f 1223//1107 1227//1111 1228//1112
f 1223//1107 1228//1112 1224//1108
f 1224//1108 1228//1112 1229//1113
f 1225//1109 1226//1110 1230//1114
f 1225//1109 1230//1114 1227//1111
f 1227//1111 1230//1114 1231//1115
f 1227//1111 1231//1115 1228//1112
f 1228//1112 1231//1115 1232//1116
f 1228//1112 1232//1116 1229//1113
f 1229//1113 1232//1116 1233//1117
f 1229//1113 1233//1117 1234//1118
f 1234//1118 1233//1117 1235//1119
f 1236//1120 1237//1121 1238//1122
f 1177//1061 1178//1062 1236//1120
f 1236//1120 1178//1062 1239//1123
f 1236//1120 1239//1123 1237//1121
f 1178//1062 1179//1063 1239//1123
f 1239//1123 1179//1063 1240//1124
f 1239//1123 1240//1124 1241//1125
f 1240//1124 1242//1126 1241//1125
f 1180//1064 1181//1065 1243//1127
f 1243//1127 1181//1065 1244//1128
f 1181//1065 1182//1066 1244//1128
f 1244//1128 1182//1066 1236//1120
f 1244//1128 1236//1120 1238//1122
f 1182//1066 1177//1061 1236//1120
f 1179//1063 1183//1067 1240//1124
f 1183//1067 1184//1068 1240//1124
f 1240//1124 1184//1068 1245//1129
f 1240//1124 1245//1129 1242//1126
f 1242//1126 1245//1129 1246//1130
f 1245//1129 1247//1131 1246//1130
f 1185//1069 1180//1064 1248//1132
f 1248//1132 1180//1064 1243//1127
f 1184//1068 1187//1071 1245//1129
f 1187//1071 1188//1072 1245//1129
f 1245//1129 1188//1072 1249//1133
f 1245//1129 1249//1133 1247//1131
f 1189//1073 1190//1074 1250//1134
f 1250//1134 1190//1074 1251//1135
f 1190//1074 1185//1069 1251//1135
f 1251//1135 1185//1069 1248//1132
f 1192//1076 1252//1136 1188//1072
f 1188//1072 1252//1136 1253//1137
f 1188//1072 1253//1137 1249//1133
f 1252//1136 1254//1138 1253//1137
f 1193//1077 1189//1073 1255//1139
f 1255//1139 1189//1073 1250//1134
f 1194//1078 1256//1140 1192//1076
f 1192//1076 1256//1140 1252//1136
f 1252//1136 1256//1140 1254//1138
f 1254//1138 1256//1140 1257//1141
f 1195//1079 1193//1077 1258//1142
f 1258//1142 1193//1077 1255//1139
f 1258//1142 1255//1139 1259//1143
f 1258//1142 1259//1143 1260//1144
f 1197//1081 1261//1145 1194//1078
f 1194//1078 1261//1145 1262//1146
f 1194//1078 1262//1146 1256//1140
f 1256//1140 1262//1146 1257//1141
f 1195//1079 1258//1142 1198//1082
f 1198//1082 1258//1142 1199//1083
f 1199//1083 1258//1142 1260//1144
f 1199//1083 1260//1144 1263//1147
f 1263//1147 1260//1144 1264//1148
f 1263//1147 1264//1148 1265//1149
f 1266//1150 1267//1151 1268//1152
f 1200//1084 1266//1150 1201//1085
f 1201//1085 1266//1150 1268//1152
f 1201//1085 1268//1152 1269//1153
f 1201//1085 1269//1153 1202//1086
f 1202//1086 1269//1153 1270//1154
f 1202//1086 1270//1154 1197//1081
f 1197//1081 1270//1154 1261//1145
f 1199//1083 1263//1147 1203//1087
f 1203//1087 1263//1147 1204//1088
f 1204//1088 1263//1147 1265//1149
f 1204//1088 1265//1149 1271//1155
f 1204//1088 1271//1155 1205//1089
f 1205//1089 1271//1155 1267//1151
f 1205//1089 1267//1151 1266//1150
f 1205//1089 1266//1150 1200//1084
f 1272//1156 1273//1157 1274//1158
f 1272//1156 1275//1159 1273//1157
f 1273//1157 1275//1159 1276//1160
f 1275//1159 1277//1161 1276//1160
f 1276//1160 1277//1161 1278//1162
f 1277//1161 1279//1163 1278//1162
f 1280//1164 1281//1165 1282//1166
f 1280//1164 1283//1167 1281//1165
f 1281//1165 1283//1167 1272//1156
f 1281//1165 1272//1156 1274//1158
f 1272//1156 1283//1167 1275//1159
f 1275//1159 1283//1167 1284//1168
f 1208//1092 1207//1091 1284//1168
f 1284//1168 1207//1091 1277//1161
f 1284//1168 1277//1161 1275//1159
f 1207//1091 1210//1094 1277//1161
f 1277//1161 1210//1094 1285//1169
f 1277//1161 1285//1169 1279//1163
f 1280//1164 1282//1166 1286//1170
f 1286//1170 1282//1166 1287//1171
f 1213//1097 1212//1096 1286//1170
f 1286//1170 1212//1096 1283//1167
f 1286//1170 1283//1167 1280//1164
f 1212//1096 1215//1099 1283//1167
f 1283//1167 1215//1099 1284//1168
f 1215//1099 1208//1092 1284//1168
f 1286//1170 1287//1171 1288//1172
f 1288//1172 1287//1171 1289//1173
f 1218//1102 1213//1097 1288//1172
f 1288//1172 1213//1097 1286//1170
f 1288//1172 1289//1173 1290//1174
f 1290//1174 1289//1173 1291//1175
f 1221//1105 1218//1102 1290//1174
f 1290//1174 1218//1102 1288//1172
f 1292//1176 1293//1177 1294//1178
f 1292//1176 1295//1179 1293//1177
f 1293//1177 1295//1179 1290//1174
f 1293//1177 1290//1174 1291//1175
f 1226//1110 1221//1105 1295//1179
f 1295//1179 1221//1105 1290//1174
f 1296//1180 1297//1181 1298//1182
f 1296//1180 1299//1183 1297//1181
f 1297//1181 1299//1183 1292//1176
f 1297//1181 1292//1176 1294//1178
f 1292//1176 1299//1183 1295//1179
f 1295//1179 1299//1183 1300//1184
f 1226//1110 1295//1179 1230//1114
f 1230//1114 1295//1179 1300//1184
f 1230//1114 1300//1184 1301//1185
f 1230//1114 1301//1185 1231//1115
f 1231//1115 1301//1185 1302//1186
f 1231//1115 1302//1186 1232//1116
f 1232//1116 1302//1186 1303//1187
f 1232//1116 1303//1187 1233//1117
f 1296//1180 1298//1182 1304//1188
f 1296//1180 1304//1188 1299//1183
f 1299//1183 1304//1188 1305//1189
f 1299//1183 1305//1189 1306//1190
f 1299//1183 1306//1190 1300//1184
f 1300//1184 1306//1190 1307//1191
f 1300//1184 1307//1191 1301//1185
f 1301//1185 1307//1191 1308//1192
f 1301//1185 1308//1192 1302//1186
f 1302//1186 1308//1192 1309//1193
f 1302//1186 1309//1193 1303//1187
f 1303//1187 1309//1193 1310//1194
f 1233//1117 1303//1187 1235//1119
f 1235//1119 1303//1187 1310//1194
f 1235//1119 1310//1194 1311//1195
f 1306//1190 1305//1189 1312//1196
f 1306//1190 1312//1196 1307//1191
f 1307//1191 1312//1196 1313//1197
f 1307//1191 1313//1197 1314//1198
f 1307//1191 1314//1198 1308//1192
f 1308//1192 1314//1198 1315//1199
f 1308//1192 1315//1199 1309//1193
f 1309//1193 1315//1199 1316//1200
f 1309//1193 1316//1200 1310//1194
f 1310//1194 1316//1200 1317//1201
f 1310//1194 1317//1201 1311//1195
f 1311//1195 1317//1201 1318//1202
f 1314//1198 1313//1197 1319//1203
f 1319//1203 1313//1197 1320//1204
f 1314//1198 1319//1203 1315//1199
f 1315//1199 1319//1203 1321//1205
f 1315//1199 1321//1205 1316//1200
f 1316//1200 1321//1205 1322//1206
f 1316//1200 1322//1206 1317//1201
f 1317//1201 1322//1206 1323//1207
f 1317//1201 1323//1207 1318//1202
f 1318//1202 1323//1207 1324//1208
f 1318//1202 1324//1208 1325//1209
f 1319//1203 1320//1204 1326//1210
f 1319//1203 1326//1210 1321//1205
f 1321//1205 1326//1210 1327//1211
f 1321//1205 1327//1211 1322//1206
f 1322//1206 1327//1211 1328//1212
f 1322//1206 1328//1212 1329//1213
f 1322//1206 1329//1213 1323//1207
f 1323//1207 1329//1213 1330//1214
f 1323//1207 1330//1214 1331//1215
f 1323//1207 1331//1215 1324//1208
f 1329//1213 1328//1212 1332//1216
f 1329//1213 1332//1216 1330//1214
f 1333//1217 1334//1218 1335//1219
f 1333//1217 1336//1220 1334//1218
f 1238//1122 1237//1121 1337//1221
f 1337//1221 1237//1121 1338//1222
f 1237//1121 1239//1123 1338//1222
f 1338//1222 1239//1123 1333//1217
f 1338//1222 1333//1217 1335//1219
f 1239//1123 1241//1125 1333//1217
f 1333//1217 1241//1125 1339//1223
f 1333//1217 1339//1223 1336//1220
f 1241//1125 1242//1126 1339//1223
f 1339//1223 1242//1126 1340//1224
f 1339//1223 1340//1224 1341//1225
f 1340//1224 1342//1226 1341//1225
f 1243//1127 1244//1128 1343//1227
f 1343//1227 1244//1128 1344//1228
f 1244//1128 1238//1122 1344//1228
f 1344//1228 1238//1122 1337//1221
f 1242//1126 1246//1130 1340//1224
f 1246//1130 1247//1131 1340//1224
f 1340//1224 1247//1131 1345//1229
f 1340//1224 1345//1229 1342//1226
f 1342//1226 1345//1229 1346//1230
f 1345//1229 1347//1231 1346//1230
f 1248//1132 1243//1127 1348//1232
f 1348//1232 1243//1127 1343//1227
f 1249//1133 1349//1233 1247//1131
f 1247//1131 1349//1233 1345//1229
f 1345//1229 1349//1233 1347//1231
f 1347//1231 1349//1233 1350//1234
f 1250//1134 1251//1135 1351//1235
f 1251//1135 1248//1132 1351//1235
f 1351//1235 1248//1132 1348//1232
f 1351//1235 1348//1232 1352//1236
f 1249//1133 1253//1137 1349//1233
f 1253//1137 1254//1138 1349//1233
f 1349//1233 1254//1138 1353//1237
f 1349//1233 1353//1237 1350//1234
f 1255//1139 1250//1134 1354//1238
f 1354//1238 1250//1134 1351//1235
f 1351//1235 1352//1236 1354//1238
f 1354//1238 1352//1236 1355//1239
f 1257//1141 1356//1240 1254//1138
f 1254//1138 1356//1240 1353//1237
f 1255//1139 1354//1238 1259//1143
f 1259//1143 1354//1238 1260//1144
f 1260//1144 1354//1238 1355//1239
f 1260//1144 1355//1239 1357//1241
f 1261//1145 1358//1242 1262//1146
f 1262//1146 1358//1242 1359//1243
f 1262//1146 1359//1243 1257//1141
f 1257//1141 1359//1243 1356//1240
f 1260//1144 1357//1241 1264//1148
f 1264//1148 1357//1241 1360//1244
f 1264//1148 1360//1244 1265//1149
f 1265//1149 1360//1244 1361//1245
f 1267//1151 1362//1246 1268//1152
f 1268//1152 1362//1246 1363//1247
f 1268//1152 1363//1247 1269//1153
f 1269//1153 1363//1247 1364//1248
f 1269//1153 1364//1248 1270//1154
f 1270//1154 1364//1248 1365//1249
f 1270//1154 1365//1249 1261//1145
f 1261//1145 1365//1249 1358//1242
f 1265//1149 1361//1245 1271//1155
f 1271//1155 1361//1245 1366//1250
f 1271//1155 1366//1250 1267//1151
f 1267//1151 1366//1250 1362//1246
f 1367//1251 1368//1252 1369//1253
f 1367//1251 1370//1254 1368//1252
f 1371//1255 1372//1256 1373//1257
f 1371//1255 1374//1258 1372//1256
f 1372//1256 1374//1258 1367//1251
f 1372//1256 1367//1251 1369//1253
f 1367//1251 1374//1258 1370//1254
f 1370//1254 1374//1258 1375//1259
f 1370//1254 1375//1259 1376//1260
f 1375//1259 1377//1261 1376//1260
f 1376//1260 1377//1261 1378//1262
f 1274//1158 1273//1157 1377//1261
f 1377//1261 1273//1157 1379//1263
f 1377//1261 1379//1263 1378//1262
f 1273//1157 1276//1160 1379//1263
f 1379//1263 1276//1160 1380//1264
f 1276//1160 1278//1162 1380//1264
f 1380//1264 1278//1162 1381//1265
f 1278//1162 1279//1163 1381//1265
f 1381//1265 1279//1163 1382//1266
f 1381//1265 1382//1266 1383//1267
f 1371//1255 1373//1257 1384//1268
f 1371//1255 1384//1268 1374//1258
f 1374//1258 1384//1268 1385//1269
f 1374//1258 1385//1269 1386//1270
f 1374//1258 1386//1270 1375//1259
f 1375//1259 1386//1270 1387//1271
f 1282//1166 1281//1165 1387//1271
f 1387//1271 1281//1165 1377//1261
f 1387//1271 1377//1261 1375//1259
f 1281//1165 1274//1158 1377//1261
f 1279//1163 1285//1169 1382//1266
f 1386//1270 1385//1269 1388//1272
f 1388//1272 1385//1269 1389//1273
f 1386//1270 1388//1272 1387//1271
f 1387//1271 1388//1272 1390//1274
f 1287//1171 1282//1166 1390//1274
f 1390//1274 1282//1166 1387//1271
f 1388//1272 1389//1273 1391//1275
f 1391//1275 1389//1273 1392//1276
f 1388//1272 1391//1275 1390//1274
f 1390//1274 1391//1275 1393//1277
f 1289//1173 1287//1171 1393//1277
f 1393//1277 1287//1171 1390//1274
f 1391//1275 1392//1276 1394//1278
f 1394//1278 1392//1276 1395//1279
f 1391//1275 1394//1278 1393//1277
f 1393//1277 1394//1278 1396//1280
f 1291//1175 1289//1173 1396//1280
f 1396//1280 1289//1173 1393//1277
f 1397//1281 1398//1282 1399//1283
f 1397//1281 1400//1284 1398//1282
f 1398//1282 1400//1284 1394//1278
f 1398//1282 1394//1278 1395//1279
f 1294//1178 1293//1177 1400//1284
f 1400//1284 1293//1177 1396//1280
f 1400//1284 1396//1280 1394//1278
f 1293//1177 1291//1175 1396//1280
f 1397//1281 1399//1283 1401//1285
f 1401//1285 1399//1283 1402//1286
f 1298//1182 1297//1181 1401//1285
f 1401//1285 1297//1181 1400//1284
f 1401//1285 1400//1284 1397//1281
f 1297//1181 1294//1178 1400//1284
f 1401//1285 1402//1286 1403//1287
f 1403//1287 1402//1286 1404//1288
f 1298//1182 1401//1285 1304//1188
f 1304//1188 1401//1285 1403//1287
f 1304//1188 1403//1287 1405//1289
f 1304//1188 1405//1289 1305//1189
f 1403//1287 1404//1288 1406//1290
f 1403//1287 1406//1290 1405//1289
f 1405//1289 1406//1290 1407//1291
f 1405//1289 1407//1291 1408//1292
f 1305//1189 1405//1289 1312//1196
f 1312//1196 1405//1289 1408//1292
f 1312//1196 1408//1292 1409//1293
f 1312//1196 1409//1293 1313//1197
f 1408//1292 1407//1291 1410//1294
f 1408//1292 1410//1294 1409//1293
f 1409//1293 1410//1294 1411//1295
f 1409//1293 1411//1295 1412//1296
f 1320//1204 1313//1197 1412//1296
f 1412//1296 1313//1197 1409//1293
f 1324//1208 1413//1297 1325//1209
f 1412//1296 1411//1295 1414//1298
f 1320//1204 1412//1296 1326//1210
f 1326//1210 1412//1296 1414//1298
f 1326//1210 1414//1298 1415//1299
f 1415//1299 1414//1298 1416//1300
f 1326//1210 1415//1299 1327//1211
f 1327//1211 1415//1299 1417//1301
f 1327//1211 1417//1301 1328//1212
f 1330//1214 1418//1302 1331//1215
f 1331//1215 1418//1302 1324//1208
f 1324//1208 1418//1302 1419//1303
f 1324//1208 1419//1303 1413//1297
f 1415//1299 1416//1300 1420//1304
f 1415//1299 1420//1304 1417//1301
f 1417//1301 1420//1304 1421//1305
f 1328//1212 1417//1301 1332//1216
f 1332//1216 1417//1301 1421//1305
f 1332//1216 1421//1305 1422//1306
f 1332//1216 1422//1306 1330//1214
f 1330//1214 1422//1306 1423//1307
f 1330//1214 1423//1307 1418//1302
f 1418//1302 1423//1307 1419//1303
f 1419//1303 1423//1307 1424//1308
f 1335//1219 1334//1218 1425//1309
f 1425//1309 1334//1218 1426//1310
f 1334//1218 1336//1220 1426//1310
f 1426//1310 1336//1220 1427//1311
f 1426//1310 1427//1311 1428//1312
f 1427//1311 1429//1313 1428//1312
f 1428//1312 1429//1313 1430//1314
f 1429//1313 1431//1315 1430//1314
f 1337//1221 1338//1222 1432//1316
f 1432//1316 1338//1222 1433//1317
f 1338//1222 1335//1219 1433//1317
f 1433//1317 1335//1219 1425//1309
f 1336//1220 1339//1223 1427//1311
f 1339//1223 1341//1225 1427//1311
f 1427//1311 1341//1225 1429//1313
f 1341//1225 1342//1226 1429//1313
f 1429//1313 1342//1226 1434//1318
f 1429//1313 1434//1318 1431//1315
f 1343//1227 1344//1228 1435//504
f 1435//504 1344//1228 1436//1319
f 1344//1228 1337//1221 1436//1319
f 1436//1319 1337//1221 1432//1316
f 1342//1226 1346//1230 1434//1318
f 1434//1318 1346//1230 1437//1320
f 1346//1230 1347//1231 1437//1320
f 1437//1320 1347//1231 1438//1321
f 1348//1232 1343//1227 1439//1322
f 1439//1322 1343//1227 1435//504
f 1350//1234 1440//1323 1347//1231
f 1347//1231 1440//1323 1441//1324
f 1347//1231 1441//1324 1438//1321
f 1440//1323 1442//1325 1441//1324
f 1352//1236 1348//1232 1443//1326
f 1443//1326 1348//1232 1439//1322
f 1353//1237 1444//1327 1350//1234
f 1350//1234 1444//1327 1440//1323
f 1440//1323 1444//1327 1442//1325
f 1442//1325 1444//1327 1445//1328
f 1355//1239 1352//1236 1446//1329
f 1446//1329 1352//1236 1443//1326
f 1356//1240 1447//1330 1353//1237
f 1353//1237 1447//1330 1448//1331
f 1353//1237 1448//1331 1444//1327
f 1444//1327 1448//1331 1445//1328
f 1357//1241 1355//1239 1449//1332
f 1449//1332 1355//1239 1446//1329
f 1449//1332 1446//1329 1450//1333
f 1449//1332 1450//1333 1451//1334
f 1358//1242 1452//1335 1359//1243
f 1359//1243 1452//1335 1453//1336
f 1359//1243 1453//1336 1356//1240
f 1356//1240 1453//1336 1447//1330
f 1357//1241 1449//1332 1360//1244
f 1360//1244 1449//1332 1361//1245
f 1361//1245 1449//1332 1451//1334
f 1361//1245 1451//1334 1454//1337
f 1454//1337 1451//1334 1455//1338
f 1362//1246 1454//1337 1363//1247
f 1363//1247 1454//1337 1455//1338
f 1363//1247 1455//1338 1456//1339
f 1363//1247 1456//1339 1364//1248
f 1364//1248 1456//1339 1457//1340
f 1364//1248 1457//1340 1365//1249
f 1365//1249 1457//1340 1458//1341
f 1365//1249 1458//1341 1358//1242
f 1358//1242 1458//1341 1452//1335
f 1361//1245 1454//1337 1366//1250
f 1366//1250 1454//1337 1362//1246
f 1459//1342 1460//1343 1461//1344
f 1369//1253 1368//1252 1459//1342
f 1459//1342 1368//1252 1462//1345
f 1459//1342 1462//1345 1460//1343
f 1368//1252 1370//1254 1462//1345
f 1462//1345 1370//1254 1463//1346
f 1462//1345 1463//1346 1464//1347
f 1463//1346 1465//1348 1464//1347
f 1464//1347 1465//1348 1466//1349
f 1465//1348 1467//1350 1466//1349
f 1466//1349 1467//1350 1468//1351
f 1467//1350 1469//1352 1468//1351
f 1468//1351 1469//1352 1470//1353
f 1469//1352 1471//1354 1470//1353
f 1470//1353 1471//1354 1472//1355
f 1471//1354 1473//1356 1472//1355
f 1472//1355 1473//1356 1474//1357
f 1475//1358 1476//1359 1477//1360
f 1373//1257 1372//1256 1475//1358
f 1475//1358 1372//1256 1459//1342
f 1475//1358 1459//1342 1476//1359
f 1476//1359 1459//1342 1461//1344
f 1372//1256 1369//1253 1459//1342
f 1370//1254 1376//1260 1463//1346
f 1376//1260 1378//1262 1463//1346
f 1463//1346 1378//1262 1465//1348
f 1378//1262 1379//1263 1465//1348
f 1465//1348 1379//1263 1467//1350
f 1379//1263 1380//1264 1467//1350
f 1467//1350 1380//1264 1469//1352
f 1380//1264 1381//1265 1469//1352
f 1469//1352 1381//1265 1471//1354
f 1381//1265 1383//1267 1471//1354
f 1471//1354 1383//1267 1473//1356
f 1475//1358 1477//1360 1478//1361
f 1478//1361 1477//1360 1479//1362
f 1373//1257 1475//1358 1384//1268
f 1384//1268 1475//1358 1478//1361
f 1384//1268 1478//1361 1480//1363
f 1384//1268 1480//1363 1385//1269
f 1478//1361 1479//1362 1481//1364
f 1478//1361 1481//1364 1480//1363
f 1480//1363 1481//1364 1482//1365
f 1480//1363 1482//1365 1483//1366
f 1389//1273 1385//1269 1483//1366
f 1483//1366 1385//1269 1480//1363
f 1484//1367 1485//1368 1486//1369
f 1484//1367 1487//1370 1485//1368
f 1485//1368 1487//1370 1483//1366
f 1485//1368 1483//1366 1482//1365
f 1392//1276 1389//1273 1487//1370
f 1487//1370 1389//1273 1483//1366
f 1484//1367 1486//1369 1488//1371
f 1488//1371 1486//1369 1489//1372
f 1484//1367 1488//1371 1487//1370
f 1487//1370 1488//1371 1490//1373
f 1395//1279 1392//1276 1490//1373
f 1490//1373 1392//1276 1487//1370
f 1491//1374 1492//1375 1493//1376
f 1491//1374 1494//1377 1492//1375
f 1492//1375 1494//1377 1488//1371
f 1492//1375 1488//1371 1489//1372
f 1399//1283 1398//1282 1494//1377
f 1494//1377 1398//1282 1490//1373
f 1494//1377 1490//1373 1488//1371
f 1398//1282 1395//1279 1490//1373
f 1491//1374 1493//1376 1495//1378
f 1495//1378 1493//1376 1496//1379
f 1491//1374 1495//1378 1494//1377
f 1494//1377 1495//1378 1497//1380
f 1402//1286 1399//1283 1497//1380
f 1497//1380 1399//1283 1494//1377
f 1495//1378 1496//1379 1498//1381
f 1495//1378 1498//1381 1497//1380
f 1497//1380 1498//1381 1499//1382
f 1497//1380 1499//1382 1500//1383
f 1404//1288 1402//1286 1500//1383
f 1500//1383 1402//1286 1497//1380
f 1500//1383 1499//1382 1501//1384
f 1404//1288 1500//1383 1406//1290
f 1406//1290 1500//1383 1501//1384
f 1406//1290 1501//1384 1502//1385
f 1502//1385 1501//1384 1503//1386
f 1406//1290 1502//1385 1407//1291
f 1502//1385 1503//1386 1504//1387
f 1407//1291 1502//1385 1410//1294
f 1410//1294 1502//1385 1504//1387
f 1410//1294 1504//1387 1505//1388
f 1505//1388 1504//1387 1506//1389
f 1410//1294 1505//1388 1411//1295
f 1505//1388 1506//1389 1507//1390
f 1411//1295 1505//1388 1414//1298
f 1414//1298 1505//1388 1507//1390
f 1414//1298 1507//1390 1508//1391
f 1508//1391 1507//1390 1509//1392
f 1414//1298 1508//1391 1416//1300
f 1508//1391 1509//1392 1510//1393
f 1416//1300 1508//1391 1420//1304
f 1420//1304 1508//1391 1510//1393
f 1420//1304 1510//1393 1511//1394
f 1420//1304 1511//1394 1421//1305
f 1421//1305 1511//1394 1512//1395
f 1421//1305 1512//1395 1513//1396
f 1421//1305 1513//1396 1422//1306
f 1422//1306 1513//1396 1514//1397
f 1422//1306 1514//1397 1423//1307
f 1423//1307 1514//1397 1515//1398
f 1423//1307 1515//1398 1424//1308
f 1424//1308 1515//1398 1516//1399
f 1513//1396 1512//1395 1517//1400
f 1513//1396 1517//1400 1514//1397
f 1514//1397 1517//1400 1518//1401
f 1514//1397 1518//1401 1515//1398
f 1515//1398 1518//1401 1519//1402
f 1515//1398 1519//1402 1516//1399
f 1516//1399 1519//1402 1520//1403
f 1425//1309 1426//1310 1521//1404
f 1521//1404 1426//1310 1522//1405
f 1426//1310 1428//1312 1522//1405
f 1522//1405 1428//1312 1523//1406
f 1428//1312 1430//1314 1523//1406
f 1523//1406 1430//1314 1524//1407
f 1430//1314 1431//1315 1524//1407
f 1524//1407 1431//1315 1525//1408
f 1432//1316 1433//1317 1526//1409
f 1526//1409 1433//1317 1527//1410
f 1433//1317 1425//1309 1527//1410
f 1527//1410 1425//1309 1521//1404
f 1434//1318 1528//1411 1431//1315
f 1431//1315 1528//1411 1529//1412
f 1431//1315 1529//1412 1525//1408
f 1528//1411 1530//1413 1529//1412
f 1435//504 1436//1319 1531//529
f 1531//529 1436//1319 1532//1414
f 1436//1319 1432//1316 1532//1414
f 1532//1414 1432//1316 1526//1409
f 1434//1318 1437//1320 1528//1411
f 1437//1320 1438//1321 1528//1411
f 1528//1411 1438//1321 1533//1415
f 1528//1411 1533//1415 1530//1413
f 1530//1413 1533//1415 1534//1416
f 1533//1415 1535//211 1534//1416
f 1439//1322 1435//504 1536//1417
f 1536//1417 1435//504 1531//529
f 1438//1321 1441//1324 1533//1415
f 1441//1324 1442//1325 1533//1415
f 1533//1415 1442//1325 1537//1418
f 1533//1415 1537//1418 1535//211
f 1443//1326 1439//1322 1538//1419
f 1538//1419 1439//1322 1536//1417
f 1445//1328 1539//1420 1442//1325
f 1442//1325 1539//1420 1537//1418
f 1446//1329 1443//1326 1540//1421
f 1540//1421 1443//1326 1538//1419
f 1447//1330 1541//1422 1448//1331
f 1448//1331 1541//1422 1542//1423
f 1448//1331 1542//1423 1445//1328
f 1445//1328 1542//1423 1539//1420
f 1446//1329 1540//1421 1450//1333
f 1450//1333 1540//1421 1543//1424
f 1450//1333 1543//1424 1451//1334
f 1451//1334 1543//1424 1544//1425
f 1452//1335 1545//1426 1453//1336
f 1453//1336 1545//1426 1546//1427
f 1453//1336 1546//1427 1447//1330
f 1447//1330 1546//1427 1541//1422
f 1451//1334 1544//1425 1455//1338
f 1455//1338 1544//1425 1547//1428
f 1455//1338 1547//1428 1456//1339
f 1456//1339 1547//1428 1548//1429
f 1456//1339 1548//1429 1457//1340
f 1457//1340 1548//1429 1549//1430
f 1457//1340 1549//1430 1458//1341
f 1458//1341 1549//1430 1550//1431
f 1458//1341 1550//1431 1452//1335
f 1452//1335 1550//1431 1545//1426
f 1551//1432 1552//1433 1553//1434
f 1551//1432 1554//1435 1552//1433
f 1552//1433 1554//1435 1555//1436
f 1554//1435 1556//1437 1555//1436
f 1555//1436 1556//1437 1557//1438
f 1556//1437 1558//1439 1557//1438
f 1557//1438 1558//1439 1559//1440
f 1558//1439 1560//1441 1559//1440
f 1559//1440 1560//1441 1561//1442
f 1560//1441 1562//1443 1561//1442
f 1563//1444 1564//1445 1565//1446
f 1563//1444 1566//1447 1564//1445
f 1567//1448 1568//1449 1569//1450
f 1567//1448 1570//1451 1568//1449
f 1568//1449 1570//1451 1571//1452
f 1570//1451 1572//1453 1571//1452
f 1571//1452 1572//1453 1551//1432
f 1571//1452 1551//1432 1553//1434
f 1461//1344 1460//1343 1572//1453
f 1572//1453 1460//1343 1554//1435
f 1572//1453 1554//1435 1551//1432
f 1460//1343 1462//1345 1554//1435
f 1554//1435 1462//1345 1556//1437
f 1462//1345 1464//1347 1556//1437
f 1556//1437 1464//1347 1558//1439
f 1464//1347 1466//1349 1558//1439
f 1558//1439 1466//1349 1560//1441
f 1466//1349 1468//1351 1560//1441
f 1560//1441 1468//1351 1573//1454
f 1560//1441 1573//1454 1562//1443
f 1468//1351 1470//1353 1573//1454
f 1573//1454 1470//1353 1563//1444
f 1573//1454 1563//1444 1565//1446
f 1470//1353 1472//1355 1563//1444
f 1563//1444 1472//1355 1574//1455
f 1563//1444 1574//1455 1566//1447
f 1472//1355 1474//1357 1574//1455
f 1574//1455 1474//1357 1575//1456
f 1567//1448 1569//1450 1576//1457
f 1576//1457 1569//1450 1577//1458
f 1567//1448 1576//1457 1570//1451
f 1570//1451 1576//1457 1578//1459
f 1477//1360 1476//1359 1578//1459
f 1578//1459 1476//1359 1572//1453
f 1578//1459 1572//1453 1570//1451
f 1476//1359 1461//1344 1572//1453
f 1579//1460 1580//1461 1581//1460
f 1579//1460 1582//1462 1580//1461
f 1580//1461 1582//1462 1576//1457
f 1580//1461 1576//1457 1577//1458
f 1576//1457 1582//1462 1578//1459
f 1578//1459 1582//1462 1583//1463
f 1479//1362 1477//1360 1583//1463
f 1583//1463 1477//1360 1578//1459
f 1579//1460 1581//1460 1584//1464
f 1584//1464 1581//1460 1585//1465
f 1579//1460 1584//1464 1582//1462
f 1582//1462 1584//1464 1586//1466
f 1582//1462 1586//1466 1583//1463
f 1583//1463 1586//1466 1587//1467
f 1479//1362 1583//1463 1481//1364
f 1481//1364 1583//1463 1587//1467
f 1481//1364 1587//1467 1588//1468
f 1481//1364 1588//1468 1482//1365
f 1584//1464 1585//1465 1589//1469
f 1589//1469 1585//1465 1590//1470
f 1584//1464 1589//1469 1586//1466
f 1586//1466 1589//1469 1591//1471
f 1586//1466 1591//1471 1587//1467
f 1587//1467 1591//1471 1592//1472
f 1486//1369 1485//1368 1592//1472
f 1592//1472 1485//1368 1588//1468
f 1592//1472 1588//1468 1587//1467
f 1485//1368 1482//1365 1588//1468
f 1589//1469 1590//1470 1593//1473
f 1593//1473 1590//1470 1594//1474
f 1589//1469 1593//1473 1591//1471
f 1591//1471 1593//1473 1595//1475
f 1591//1471 1595//1475 1592//1472
f 1592//1472 1595//1475 1596//1476
f 1489//1372 1486//1369 1596//1476
f 1596//1476 1486//1369 1592//1472
f 1593//1473 1594//1474 1597//1477
f 1597//1477 1594//1474 1598//1478
f 1593//1473 1597//1477 1595//1475
f 1595//1475 1597//1477 1599//1479
f 1493//1376 1492//1375 1599//1479
f 1599//1479 1492//1375 1596//1476
f 1599//1479 1596//1476 1595//1475
f 1492//1375 1489//1372 1596//1476
f 1597//1477 1598//1478 1600//1480
f 1597//1477 1600//1480 1599//1479
f 1599//1479 1600//1480 1601//1481
f 1599//1479 1601//1481 1602//1482
f 1496//1379 1493//1376 1602//1482
f 1602//1482 1493//1376 1599//1479
f 1602//1482 1601//1481 1603//1483
f 1603//1483 1601//1481 1604//1484
f 1496//1379 1602//1482 1498//1381
f 1498//1381 1602//1482 1603//1483
f 1498//1381 1603//1483 1605//1485
f 1498//1381 1605//1485 1499//1382
f 1603//1483 1604//1484 1606//1486
f 1603//1483 1606//1486 1605//1485
f 1605//1485 1606//1486 1607//1487
f 1605//1485 1607//1487 1608//1488
f 1499//1382 1605//1485 1501//1384
f 1501//1384 1605//1485 1608//1488
f 1501//1384 1608//1488 1609//1489
f 1501//1384 1609//1489 1503//1386
f 1608//1488 1607//1487 1610//1490
f 1608//1488 1610//1490 1609//1489
f 1609//1489 1610//1490 1611//1491
f 1503//1386 1609//1489 1504//1387
f 1504//1387 1609//1489 1611//1491
f 1504//1387 1611//1491 1612//1492
f 1612//1492 1611//1491 1613//1493
f 1504//1387 1612//1492 1506//1389
f 1612//1492 1613//1493 1614//1494
f 1506//1389 1612//1492 1507//1390
f 1507//1390 1612//1492 1614//1494
f 1507//1390 1614//1494 1615//1495
f 1615//1495 1614//1494 1616//1496
f 1507//1390 1615//1495 1509//1392
f 1615//1495 1616//1496 1617//1497
f 1509//1392 1615//1495 1510//1393
f 1510//1393 1615//1495 1617//1497
f 1510//1393 1617//1497 1618//1498
f 1618//1498 1617//1497 1619//1499
f 1510//1393 1618//1498 1511//1394
f 1511//1394 1618//1498 1620//1500
f 1511//1394 1620//1500 1512//1395
f 1618//1498 1619//1499 1621//1501
f 1618//1498 1621//1501 1620//1500
f 1620//1500 1621//1501 1622//1502
f 1512//1395 1620//1500 1517//1400
f 1517//1400 1620//1500 1622//1502
f 1517//1400 1622//1502 1623//1503
f 1517//1400 1623//1503 1518//1401
f 1518//1401 1623//1503 1624//1504
f 1518//1401 1624//1504 1519//1402
f 1519//1402 1624//1504 1625//1505
f 1519//1402 1625//1505 1520//1403
f 1520//1403 1625//1505 1626//1506
f 1521//1404 1522//1405 1627//1507
f 1627//1507 1522//1405 1628//1508
f 1522//1405 1523//1406 1628//1508
f 1628//1508 1523//1406 1629//1509
f 1523//1406 1524//1407 1629//1509
f 1629//1509 1524//1407 1630//1510
f 1524//1407 1525//1408 1630//1510
f 1630//1510 1525//1408 1631//1511
f 1526//1409 1527//1410 1632//1512
f 1632//1512 1527//1410 1633//1513
f 1527//1410 1521//1404 1633//1513
f 1633//1513 1521//1404 1627//1507
f 1525//1408 1529//1412 1631//1511
f 1631//1511 1529//1412 1634//1514
f 1529//1412 1530//1413 1634//1514
f 1634//1514 1530//1413 1635//1515
f 1531//529 1532//1414 1636//1516
f 1636//1516 1532//1414 1637//1517
f 1532//1414 1526//1409 1637//1517
f 1637//1517 1526//1409 1632//1512
f 1530//1413 1534//1416 1635//1515
f 1635//1515 1534//1416 1638//1518
f 1534//1416 1535//211 1638//1518
f 1638//1518 1535//211 1639//1519
f 1536//1417 1531//529 1640//1520
f 1640//1520 1531//529 1636//1516
f 1537//1418 1641//1521 1535//211
f 1535//211 1641//1521 1639//1519
f 1538//1419 1536//1417 1642//1522
f 1642//1522 1536//1417 1640//1520
f 1539//1420 1643//1523 1537//1418
f 1537//1418 1643//1523 1641//1521
f 1540//1421 1538//1419 1644//1524
f 1644//1524 1538//1419 1642//1522
f 1644//1524 1642//1522 1645//927
f 1644//1524 1645//927 1646//1525
f 1541//1422 1647//1526 1542//1423
f 1542//1423 1647//1526 1648//1527
f 1542//1423 1648//1527 1539//1420
f 1539//1420 1648//1527 1643//1523
f 1540//1421 1644//1524 1543//1424
f 1543//1424 1644//1524 1544//1425
f 1544//1425 1644//1524 1646//1525
f 1544//1425 1646//1525 1649//1528
f 1649//1528 1646//1525 1650//1529
f 1649//1528 1650//1529 1651//1530
f 1545//1426 1652//1531 1546//1427
f 1546//1427 1652//1531 1653//1532
f 1546//1427 1653//1532 1541//1422
f 1541//1422 1653//1532 1647//1526
f 1544//1425 1649//1528 1547//1428
f 1547//1428 1649//1528 1548//1429
f 1548//1429 1649//1528 1651//1530
f 1548//1429 1651//1530 1654//1533
f 1548//1429 1654//1533 1549//1430
f 1549//1430 1654//1533 1655//1534
f 1549//1430 1655//1534 1550//1431
f 1550//1431 1655//1534 1656//1535
f 1550//1431 1656//1535 1545//1426
f 1545//1426 1656//1535 1652//1531
f 1657//1536 1658//1537 1659//1538
f 1657//1536 1660//1539 1658//1537
f 1661//1540 1662//1541 1663//1542
f 1661//1540 1664//1543 1662//1541
f 1665//1544 1666//1545 1667//1546
f 1665//1544 1668//1547 1666//1545
f 1666//1545 1668//1547 1657//1536
f 1666//1545 1657//1536 1659//1538
f 1657//1536 1668//1547 1660//1539
f 1660//1539 1668//1547 1669//1548
f 1660//1539 1669//1548 1670//1549
f 1553//1434 1552//1433 1669//1548
f 1669//1548 1552//1433 1661//1540
f 1669//1548 1661//1540 1670//1549
f 1670//1549 1661//1540 1663//1542
f 1552//1433 1555//1436 1661//1540
f 1661//1540 1555//1436 1671//1550
f 1661//1540 1671//1550 1664//1543
f 1555//1436 1557//1438 1671//1550
f 1671//1550 1557//1438 1672//1551
f 1557//1438 1559//1440 1672//1551
f 1672//1551 1559//1440 1673//1552
f 1559//1440 1561//1442 1673//1552
f 1673//1552 1561//1442 1674//1553
f 1561//1442 1562//1443 1674//1553
f 1674//1553 1562//1443 1675//1554
f 1674//1553 1675//1554 1676//1555
f 1565//1446 1564//1445 1675//1554
f 1675//1554 1564//1445 1677//1556
f 1675//1554 1677//1556 1676//1555
f 1564//1445 1566//1447 1677//1556
f 1677//1556 1566//1447 1678//1557
f 1677//1556 1678//1557 1679//1558
f 1678//1557 1680//1559 1679//1558
f 1679//1558 1680//1559 1681//1560
f 1682//1561 1683//1562 1684//1563
f 1682//1561 1685//1564 1683//1562
f 1683//1562 1685//1564 1665//1544
f 1683//1562 1665//1544 1667//1546
f 1569//1450 1568//1449 1685//1564
f 1685//1564 1568//1449 1668//1547
f 1685//1564 1668//1547 1665//1544
f 1568//1449 1571//1452 1668//1547
f 1668//1547 1571//1452 1669//1548
f 1571//1452 1553//1434 1669//1548
f 1562//1443 1573//1454 1675//1554
f 1573//1454 1565//1446 1675//1554
f 1566//1447 1574//1455 1678//1557
f 1574//1455 1575//1456 1678//1557
f 1678//1557 1575//1456 1680//1559
f 1682//1561 1684//1563 1686//1565
f 1686//1565 1684//1563 1687//1566
f 1682//1561 1686//1565 1685//1564
f 1685//1564 1686//1565 1688//1567
f 1577//1458 1569//1450 1688//1567
f 1688//1567 1569//1450 1685//1564
f 1689//1568 1690//1569 1691//1570
f 1689//1568 1692//1571 1690//1569
f 1690//1569 1692//1571 1686//1565
f 1690//1569 1686//1565 1687//1566
f 1581//1460 1580//1461 1692//1571
f 1692//1571 1580//1461 1688//1567
f 1692//1571 1688//1567 1686//1565
f 1580//1461 1577//1458 1688//1567
f 1689//1568 1691//1570 1693//1572
f 1693//1572 1691//1570 1694//1573
f 1689//1568 1693//1572 1692//1571
f 1692//1571 1693//1572 1695//1574
f 1585//1465 1581//1460 1695//1574
f 1695//1574 1581//1460 1692//1571
f 1693//1572 1694//1573 1696//1575
f 1696//1575 1694//1573 1697//1576
f 1693//1572 1696//1575 1695//1574
f 1695//1574 1696//1575 1698//1577
f 1590//1470 1585//1465 1698//1577
f 1698//1577 1585//1465 1695//1574
f 1696//1575 1697//1576 1699//1575
f 1696//1575 1699//1575 1698//1577
f 1698//1577 1699//1575 1700//1578
f 1698//1577 1700//1578 1701//1579
f 1594//1474 1590//1470 1701//1579
f 1701//1579 1590//1470 1698//1577
f 1701//1579 1700//1578 1702//1580
f 1702//1580 1700//1578 1703//1581
f 1598//1478 1594//1474 1702//1580
f 1702//1580 1594//1474 1701//1579
f 1702//1580 1703//1581 1704//1582
f 1704//1582 1703//1581 1705//1583
f 1598//1478 1702//1580 1600//1480
f 1600//1480 1702//1580 1704//1582
f 1600//1480 1704//1582 1706//1584
f 1600//1480 1706//1584 1601//1481
f 1704//1582 1705//1583 1707//1585
f 1704//1582 1707//1585 1706//1584
f 1706//1584 1707//1585 1708//1586
f 1706//1584 1708//1586 1709//1587
f 1604//1484 1601//1481 1709//1587
f 1709//1587 1601//1481 1706//1584
f 1709//1587 1708//1586 1710//1588
f 1604//1484 1709//1587 1606//1486
f 1606//1486 1709//1587 1710//1588
f 1606//1486 1710//1588 1711//1589
f 1711//1589 1710//1588 1712//1590
f 1606//1486 1711//1589 1607//1487
f 1711//1589 1712//1590 1713//1591
f 1607//1487 1711//1589 1610//1490
f 1610//1490 1711//1589 1713//1591
f 1610//1490 1713//1591 1714//1592
f 1610//1490 1714//1592 1611//1491
f 1611//1491 1714//1592 1715//1593
f 1611//1491 1715//1593 1716//1594
f 1611//1491 1716//1594 1613//1493
f 1716//1594 1715//1593 1717//1595
f 1613//1493 1716//1594 1614//1494
f 1614//1494 1716//1594 1717//1595
f 1614//1494 1717//1595 1718//1596
f 1718//1596 1717//1595 1719//1597
f 1614//1494 1718//1596 1616//1496
f 1718//1596 1719//1597 1720//1598
f 1616//1496 1718//1596 1617//1497
f 1617//1497 1718//1596 1720//1598
f 1617//1497 1720//1598 1721//1599
f 1721//1599 1720//1598 1722//1600
f 1617//1497 1721//1599 1619//1499
f 1721//1599 1722//1600 1723//1601
f 1619//1499 1721//1599 1621//1501
f 1621//1501 1721//1599 1723//1601
f 1621//1501 1723//1601 1724//1602
f 1621//1501 1724//1602 1622//1502
f 1622//1502 1724//1602 1725//1603
f 1622//1502 1725//1603 1726//1604
f 1622//1502 1726//1604 1623//1503
f 1623//1503 1726//1604 1727//1605
f 1623//1503 1727//1605 1624//1504
f 1624//1504 1727//1605 1728//1606
f 1624//1504 1728//1606 1729//1607
f 1624//1504 1729//1607 1625//1505
f 1625//1505 1729//1607 1730//1608
f 1625//1505 1730//1608 1626//1506
f 1626//1506 1730//1608 1731//1609
f 1726//1604 1725//1603 1732//1610
f 1726//1604 1732//1610 1727//1605
f 1727//1605 1732//1610 1733//1611
f 1727//1605 1733//1611 1728//1606
f 1627//1507 1628//1508 1734//1612
f 1734//1612 1628//1508 1735//1508
f 1628//1508 1629//1509 1735//1508
f 1735//1508 1629//1509 1736//1613
f 1629//1509 1630//1510 1736//1613
f 1736//1613 1630//1510 1737//1614
f 1630//1510 1631//1511 1737//1614
f 1737//1614 1631//1511 1738//1615
f 1632//1512 1633//1513 1739//1616
f 1739//1616 1633//1513 1740//1617
f 1633//1513 1627//1507 1740//1617
f 1740//1617 1627//1507 1734//1612
f 1631//1511 1634//1514 1738//1615
f 1738//1615 1634//1514 1741//1618
f 1634//1514 1635//1515 1741//1618
f 1741//1618 1635//1515 1742//1619
f 1741//1618 1742//1619 1743//1620
f 1742//1619 1744//1621 1743//1620
f 1636//1516 1637//1517 1745//1622
f 1637//1517 1632//1512 1745//1622
f 1745//1622 1632//1512 1739//1616
f 1745//1622 1739//1616 1746//1623
f 1635//1515 1638//1518 1742//1619
f 1638//1518 1639//1519 1742//1619
f 1742//1619 1639//1519 1747//1624
f 1742//1619 1747//1624 1744//1621
f 1640//1520 1636//1516 1748//1625
f 1748//1625 1636//1516 1745//1622
f 1748//1625 1745//1622 1749//719
f 1745//1622 1746//1623 1749//719
f 1641//1521 1750//1626 1639//1519
f 1639//1519 1750//1626 1747//1624
f 1642//1522 1640//1520 1751//1627
f 1751//1627 1640//1520 1748//1625
f 1751//1627 1748//1625 1752//1628
f 1751//1627 1752//1628 1753//1629
f 1643//1523 1754//1630 1641//1521
f 1641//1521 1754//1630 1750//1626
f 1642//1522 1751//1627 1645//927
f 1645//927 1751//1627 1646//1525
f 1646//1525 1751//1627 1753//1629
f 1646//1525 1753//1629 1755//1631
f 1647//1526 1756//1632 1648//1527
f 1648//1527 1756//1632 1757//1633
f 1648//1527 1757//1633 1643//1523
f 1643//1523 1757//1633 1754//1630
f 1646//1525 1755//1631 1650//1529
f 1650//1529 1755//1631 1758//1634
f 1650//1529 1758//1634 1651//1530
f 1651//1530 1758//1634 1759//1635
f 1652//1531 1760//1636 1653//1532
f 1653//1532 1760//1636 1761//1637
f 1653//1532 1761//1637 1647//1526
f 1647//1526 1761//1637 1756//1632
f 1651//1530 1759//1635 1654//1533
f 1654//1533 1759//1635 1762//1638
f 1654//1533 1762//1638 1655//1534
f 1655//1534 1762//1638 1763//1639
f 1655//1534 1763//1639 1656//1535
f 1656//1535 1763//1639 1764//1640
f 1656//1535 1764//1640 1652//1531
f 1652//1531 1764//1640 1760//1636
f 1765//1641 1766//1642 1767//1643
f 1765//1641 1768//1644 1766//1642
f 1766//1642 1768//1644 1769//1645
f 1768//1644 1770//1646 1769//1645
f 1769//1645 1770//1646 1771//1647
f 1770//1646 1772//1648 1771//1647
f 1773//1649 1774//1650 1775//1651
f 1773//1649 1776//1652 1774//1650
f 1774//1650 1776//1652 1777//1653
f 1659//1538 1658//1537 1776//1652
f 1776//1652 1658//1537 1765//1641
f 1776//1652 1765//1641 1777//1653
f 1777//1653 1765//1641 1767//1643
f 1658//1537 1660//1539 1765//1641
f 1765//1641 1660//1539 1778//1654
f 1765//1641 1778//1654 1768//1644
f 1663//1542 1662//1541 1778//1654
f 1778//1654 1662//1541 1770//1646
f 1778//1654 1770//1646 1768//1644
f 1662//1541 1664//1543 1770//1646
f 1770//1646 1664//1543 1779//1655
f 1770//1646 1779//1655 1772//1648
f 1772//1648 1779//1655 1780//1656
f 1779//1655 1781//1657 1780//1656
f 1780//1656 1781//1657 1782//1658
f 1781//1657 1783//1659 1782//1658
f 1782//1658 1783//1659 1784//1660
f 1783//1659 1785//1661 1784//1660
f 1784//1660 1785//1661 1786//1662
f 1785//1661 1787//1663 1786//1662
f 1786//1662 1787//1663 1788//1664
f 1787//1663 1789//1665 1788//1664
f 1788//1664 1789//1665 1790//1666
f 1789//1665 1791//1667 1790//1666
f 1773//1649 1775//1651 1792//1668
f 1792//1668 1775//1651 1793//1669
f 1667//1546 1666//1545 1792//1668
f 1792//1668 1666//1545 1776//1652
f 1792//1668 1776//1652 1773//1649
f 1666//1545 1659//1538 1776//1652
f 1660//1539 1670//1549 1778//1654
f 1670//1549 1663//1542 1778//1654
f 1664//1543 1671//1550 1779//1655
f 1671//1550 1672//1551 1779//1655
f 1779//1655 1672//1551 1781//1657
f 1672//1551 1673//1552 1781//1657
f 1781//1657 1673//1552 1783//1659
f 1673//1552 1674//1553 1783//1659
f 1783//1659 1674//1553 1785//1661
f 1674//1553 1676//1555 1785//1661
f 1785//1661 1676//1555 1787//1663
f 1676//1555 1677//1556 1787//1663
f 1787//1663 1677//1556 1789//1665
f 1677//1556 1679//1558 1789//1665
f 1789//1665 1679//1558 1794//1670
f 1789//1665 1794//1670 1791//1667
f 1679//1558 1681//1560 1794//1670
f 1794//1670 1681//1560 1795//1671
f 1796//1672 1797//1673 1798//1674
f 1796//1672 1799//1675 1797//1673
f 1797//1673 1799//1675 1800//1676
f 1684//1563 1683//1562 1799//1675
f 1799//1675 1683//1562 1792//1668
f 1799//1675 1792//1668 1800//1676
f 1800//1676 1792//1668 1793//1669
f 1683//1562 1667//1546 1792//1668
f 1796//1672 1798//1674 1801//1677
f 1801//1677 1798//1674 1802//1678
f 1796//1672 1801//1677 1799//1675
f 1799//1675 1801//1677 1803//1569
f 1687//1566 1684//1563 1803//1569
f 1803//1569 1684//1563 1799//1675
f 1804//1679 1805//1375 1806//1460
f 1804//1679 1807//1680 1805//1375
f 1805//1375 1807//1680 1801//1677
f 1805//1375 1801//1677 1802//1678
f 1691//1570 1690//1569 1807//1680
f 1807//1680 1690//1569 1803//1569
f 1807//1680 1803//1569 1801//1677
f 1690//1569 1687//1566 1803//1569
f 1804//1679 1806//1460 1808//1681
f 1808//1681 1806//1460 1809//1464
f 1804//1679 1808//1681 1807//1680
f 1807//1680 1808//1681 1810//1682
f 1694//1573 1691//1570 1810//1682
f 1810//1682 1691//1570 1807//1680
f 1808//1681 1809//1464 1811//1683
f 1811//1683 1809//1464 1812//1465
f 1808//1681 1811//1683 1810//1682
f 1810//1682 1811//1683 1813//1684
f 1697//1576 1694//1573 1813//1684
f 1813//1684 1694//1573 1810//1682
f 1811//1683 1812//1465 1814//1685
f 1814//1685 1812//1465 1815//1686
f 1811//1683 1814//1685 1813//1684
f 1813//1684 1814//1685 1816//1687
f 1697//1576 1813//1684 1699//1575
f 1699//1575 1813//1684 1816//1687
f 1699//1575 1816//1687 1817//1688
f 1699//1575 1817//1688 1700//1578
f 1814//1685 1815//1686 1818//1689
f 1814//1685 1818//1689 1816//1687
f 1816//1687 1818//1689 1819//1690
f 1816//1687 1819//1690 1820//1691
f 1816//1687 1820//1691 1817//1688
f 1817//1688 1820//1691 1821//1692
f 1703//1581 1700//1578 1821//1692
f 1821//1692 1700//1578 1817//1688
f 1820//1691 1819//1690 1822//1693
f 1820//1691 1822//1693 1821//1692
f 1821//1692 1822//1693 1823//1694
f 1821//1692 1823//1694 1824//1695
f 1705//1583 1703//1581 1824//1695
f 1824//1695 1703//1581 1821//1692
f 1824//1695 1823//1694 1825//1696
f 1705//1583 1824//1695 1707//1585
f 1707//1585 1824//1695 1825//1696
f 1707//1585 1825//1696 1826//1697
f 1826//1697 1825//1696 1827//1698
f 1707//1585 1826//1697 1708//1586
f 1826//1697 1827//1698 1828//1699
f 1708//1586 1826//1697 1710//1588
f 1710//1588 1826//1697 1828//1699
f 1710//1588 1828//1699 1829//1700
f 1829//1700 1828//1699 1830//1701
f 1710//1588 1829//1700 1712//1590
f 1829//1700 1830//1701 1831//1702
f 1712//1590 1829//1700 1713//1591
f 1713//1591 1829//1700 1831//1702
f 1713//1591 1831//1702 1832//1703
f 1713//1591 1832//1703 1714//1592
f 1714//1592 1832//1703 1833//1704
f 1714//1592 1833//1704 1834//1705
f 1714//1592 1834//1705 1715//1593
f 1834//1705 1833//1704 1835//1706
f 1715//1593 1834//1705 1717//1595
f 1717//1595 1834//1705 1835//1706
f 1717//1595 1835//1706 1836//1707
f 1836//1707 1835//1706 1837//1708
f 1717//1595 1836//1707 1719//1597
f 1836//1707 1837//1708 1838//1709
f 1719//1597 1836//1707 1720//1598
f 1720//1598 1836//1707 1838//1709
f 1720//1598 1838//1709 1839//1710
f 1839//1710 1838//1709 1840//1711
f 1720//1598 1839//1710 1722//1600
f 1839//1710 1840//1711 1841//1712
f 1722//1600 1839//1710 1723//1601
f 1723//1601 1839//1710 1841//1712
f 1723//1601 1841//1712 1842//1713
f 1842//1713 1841//1712 1843//1714
f 1723//1601 1842//1713 1724//1602
f 1724//1602 1842//1713 1844//1715
f 1724//1602 1844//1715 1725//1603
f 1728//1606 1845//1716 1729//1607
f 1729//1607 1845//1716 1730//1608
f 1730//1608 1845//1716 1846//1717
f 1730//1608 1846//1717 1847//1718
f 1730//1608 1847//1718 1731//1609
f 1731//1609 1847//1718 1848//1719
f 1842//1713 1843//1714 1849//1720
f 1842//1713 1849//1720 1844//1715
f 1844//1715 1849//1720 1850//1721
f 1725//1603 1844//1715 1732//1610
f 1732//1610 1844//1715 1850//1721
f 1732//1610 1850//1721 1851//1722
f 1732//1610 1851//1722 1733//1611
f 1733//1611 1851//1722 1852//1723
f 1733//1611 1852//1723 1728//1606
f 1728//1606 1852//1723 1853//1724
f 1728//1606 1853//1724 1845//1716
f 1845//1716 1853//1724 1846//1717
f 1734//1612 1735//1508 1854//1725
f 1854//1725 1735//1508 1855//1726
f 1735//1508 1736//1613 1855//1726
f 1855//1726 1736//1613 1856//1727
f 1736//1613 1737//1614 1856//1727
f 1856//1727 1737//1614 1857//1728
f 1737//1614 1738//1615 1857//1728
f 1857//1728 1738//1615 1858//1729
f 1857//1728 1858//1729 1859//1730
f 1858//1729 1860//1731 1859//1730
f 1739//1616 1740//1617 1861//1732
f 1861//1732 1740//1617 1862//1733
f 1740//1617 1734//1612 1862//1733
f 1862//1733 1734//1612 1854//1725
f 1738//1615 1741//1618 1858//1729
f 1741//1618 1743//1620 1858//1729
f 1858//1729 1743//1620 1863//1734
f 1858//1729 1863//1734 1860//1731
f 1743//1620 1744//1621 1863//1734
f 1863//1734 1744//1621 1864//1735
f 1746//1623 1739//1616 1865//1736
f 1865//1736 1739//1616 1861//1732
f 1747//1624 1866//1737 1744//1621
f 1744//1621 1866//1737 1867//1738
f 1744//1621 1867//1738 1864//1735
f 1866//1737 1868//1739 1867//1738
f 1748//1625 1749//719 1869//1740
f 1749//719 1746//1623 1869//1740
f 1869//1740 1746//1623 1865//1736
f 1869//1740 1865//1736 1870//1741
f 1750//1626 1871//1742 1747//1624
f 1747//1624 1871//1742 1866//1737
f 1866//1737 1871//1742 1868//1739
f 1868//1739 1871//1742 1872//1743
f 1748//1625 1869//1740 1752//1628
f 1752//1628 1869//1740 1753//1629
f 1753//1629 1869//1740 1870//1741
f 1753//1629 1870//1741 1873//1744
f 1754//1630 1874//1745 1750//1626
f 1750//1626 1874//1745 1875//1746
f 1750//1626 1875//1746 1871//1742
f 1871//1742 1875//1746 1872//1743
f 1755//1631 1753//1629 1876//1747
f 1876//1747 1753//1629 1873//1744
f 1756//1632 1877//1748 1757//1633
f 1757//1633 1877//1748 1878//1749
f 1757//1633 1878//1749 1754//1630
f 1754//1630 1878//1749 1874//1745
f 1755//1631 1876//1747 1758//1634
f 1758//1634 1876//1747 1879//1750
f 1758//1634 1879//1750 1759//1635
f 1759//1635 1879//1750 1880//1751
f 1760//1636 1881//1752 1761//1637
f 1761//1637 1881//1752 1882//1753
f 1761//1637 1882//1753 1756//1632
f 1756//1632 1882//1753 1877//1748
f 1759//1635 1880//1751 1762//1638
f 1762//1638 1880//1751 1883//1754
f 1762//1638 1883//1754 1763//1639
f 1763//1639 1883//1754 1884//1755
f 1763//1639 1884//1755 1764//1640
f 1764//1640 1884//1755 1885//1756
f 1764//1640 1885//1756 1760//1636
f 1760//1636 1885//1756 1881//1752
f 1886//1757 1887//1758 1888//1759
f 1886//1757 1889//1760 1887//1758
f 1890//1761 1891//1762 1892//1763
f 1890//1761 1893//1764 1891//1762
f 1891//1762 1893//1764 1894//1765
f 1767//1643 1766//1642 1893//1764
f 1893//1764 1766//1642 1886//1757
f 1893//1764 1886//1757 1894//1765
f 1894//1765 1886//1757 1888//1759
f 1766//1642 1769//1645 1886//1757
f 1886//1757 1769//1645 1895//1766
f 1886//1757 1895//1766 1889//1760
f 1769//1645 1771//1647 1895//1766
f 1895//1766 1771//1647 1896//1767
f 1771//1647 1772//1648 1896//1767
f 1896//1767 1772//1648 1897//1768
f 1896//1767 1897//1768 1898//1769
f 1897//1768 1899//1770 1898//1769
f 1900//1771 1901//1772 1902//1773
f 1900//1771 1903//1774 1901//1772
f 1901//1772 1903//1774 1904//1775
f 1775//1651 1774//1650 1903//1774
f 1903//1774 1774//1650 1890//1761
f 1903//1774 1890//1761 1904//1775
f 1904//1775 1890//1761 1892//1763
f 1774//1650 1777//1653 1890//1761
f 1890//1761 1777//1653 1893//1764
f 1777//1653 1767//1643 1893//1764
f 1772//1648 1780//1656 1897//1768
f 1780//1656 1782//1658 1897//1768
f 1897//1768 1782//1658 1905//1776
f 1897//1768 1905//1776 1899//1770
f 1782//1658 1784//1660 1905//1776
f 1905//1776 1784//1660 1906//1777
f 1784//1660 1786//1662 1906//1777
f 1906//1777 1786//1662 1907//1778
f 1786//1662 1788//1664 1907//1778
f 1907//1778 1788//1664 1908//1779
f 1788//1664 1790//1666 1908//1779
f 1908//1779 1790//1666 1909//1780
f 1790//1666 1791//1667 1909//1780
f 1909//1780 1791//1667 1910//1781
f 1909//1780 1910//1781 1911//1782
f 1910//1781 1912//1783 1911//1782
f 1900//1771 1902//1773 1913//1784
f 1913//1784 1902//1773 1914//1785
f 1900//1771 1913//1784 1903//1774
f 1903//1774 1913//1784 1915//1786
f 1793//1669 1775//1651 1915//1786
f 1915//1786 1775//1651 1903//1774
f 1791//1667 1794//1670 1910//1781
f 1794//1670 1795//1671 1910//1781
f 1910//1781 1795//1671 1916//1787
f 1910//1781 1916//1787 1912//1783
f 1917//1788 1918//1789 1919//1790
f 1917//1788 1920//1791 1918//1789
f 1918//1789 1920//1791 1921//1792
f 1798//1674 1797//1673 1920//1791
f 1920//1791 1797//1673 1913//1784
f 1920//1791 1913//1784 1921//1792
f 1921//1792 1913//1784 1914//1785
f 1797//1673 1800//1676 1913//1784
f 1913//1784 1800//1676 1915//1786
f 1800//1676 1793//1669 1915//1786
f 1922//1793 1923//1794 1924//1795
f 1922//1793 1925//1796 1923//1794
f 1923//1794 1925//1796 1917//1788
f 1923//1794 1917//1788 1919//1790
f 1917//1788 1925//1796 1920//1791
f 1920//1791 1925//1796 1926//1797
f 1802//1678 1798//1674 1926//1797
f 1926//1797 1798//1674 1920//1791
f 1927//1798 1928//1799 1929//1798
f 1927//1798 1930//1800 1928//1799
f 1928//1799 1930//1800 1922//1793
f 1928//1799 1922//1793 1924//1795
f 1922//1793 1930//1800 1925//1796
f 1925//1796 1930//1800 1931//1801
f 1806//1460 1805//1375 1931//1801
f 1931//1801 1805//1375 1926//1797
f 1931//1801 1926//1797 1925//1796
f 1805//1375 1802//1678 1926//1797
f 1927//1798 1929//1798 1932//1802
f 1932//1802 1929//1798 1933//1803
f 1927//1798 1932//1802 1930//1800
f 1930//1800 1932//1802 1934//1804
f 1930//1800 1934//1804 1931//1801
f 1931//1801 1934//1804 1935//1464
f 1809//1464 1806//1460 1935//1464
f 1935//1464 1806//1460 1931//1801
f 1936//1805 1937//1805 1938//1806
f 1936//1805 1939//1807 1937//1805
f 1937//1805 1939//1807 1932//1802
f 1937//1805 1932//1802 1933//1803
f 1932//1802 1939//1807 1934//1804
f 1934//1804 1939//1807 1940//1808
f 1934//1804 1940//1808 1935//1464
f 1935//1464 1940//1808 1941//1573
f 1812//1465 1809//1464 1941//1573
f 1941//1573 1809//1464 1935//1464
f 1936//1805 1938//1806 1942//1809
f 1942//1809 1938//1806 1943//1810
f 1936//1805 1942//1809 1939//1807
f 1939//1807 1942//1809 1944//1811
f 1939//1807 1944//1811 1940//1808
f 1940//1808 1944//1811 1945//1812
f 1940//1808 1945//1812 1941//1573
f 1941//1573 1945//1812 1946//1813
f 1815//1686 1812//1465 1946//1813
f 1946//1813 1812//1465 1941//1573
f 1942//1809 1943//1810 1947//1814
f 1942//1809 1947//1814 1944//1811
f 1944//1811 1947//1814 1948//1815
f 1944//1811 1948//1815 1949//1816
f 1944//1811 1949//1816 1945//1812
f 1945//1812 1949//1816 1950//1817
f 1945//1812 1950//1817 1946//1813
f 1946//1813 1950//1817 1951//1818
f 1815//1686 1946//1813 1818//1689
f 1818//1689 1946//1813 1951//1818
f 1818//1689 1951//1818 1952//1819
f 1818//1689 1952//1819 1819//1690
f 1949//1816 1948//1815 1953//1820
f 1949//1816 1953//1820 1950//1817
f 1950//1817 1953//1820 1954//1821
f 1950//1817 1954//1821 1951//1818
f 1951//1818 1954//1821 1955//1822
f 1951//1818 1955//1822 1952//1819
f 1952//1819 1955//1822 1956//1823
f 1952//1819 1956//1823 1957//1824
f 1819//1690 1952//1819 1822//1693
f 1822//1693 1952//1819 1957//1824
f 1822//1693 1957//1824 1958//1825
f 1822//1693 1958//1825 1823//1694
f 1957//1824 1956//1823 1959//1826
f 1957//1824 1959//1826 1958//1825
f 1958//1825 1959//1826 1960//1827
f 1958//1825 1960//1827 1961//1828
f 1823//1694 1958//1825 1825//1696
f 1825//1696 1958//1825 1961//1828
f 1825//1696 1961//1828 1962//1829
f 1825//1696 1962//1829 1827//1698
f 1961//1828 1960//1827 1963//1830
f 1961//1828 1963//1830 1962//1829
f 1962//1829 1963//1830 1964//1831
f 1827//1698 1962//1829 1828//1699
f 1828//1699 1962//1829 1964//1831
f 1828//1699 1964//1831 1965//1832
f 1965//1832 1964//1831 1966//1833
f 1828//1699 1965//1832 1830//1701
f 1965//1832 1966//1833 1967//1834
f 1830//1701 1965//1832 1831//1702
f 1831//1702 1965//1832 1967//1834
f 1831//1702 1967//1834 1968//1835
f 1831//1702 1968//1835 1832//1703
f 1832//1703 1968//1835 1969//1836
f 1832//1703 1969//1836 1833//1704
f 1833//1704 1969//1836 1970//1837
f 1833//1704 1970//1837 1835//1706
f 1835//1706 1970//1837 1971//1838
f 1835//1706 1971//1838 1972//1839
f 1835//1706 1972//1839 1837//1708
f 1972//1839 1971//1838 1973//1840
f 1837//1708 1972//1839 1838//1709
f 1838//1709 1972//1839 1973//1840
f 1838//1709 1973//1840 1974//1841
f 1974//1841 1973//1840 1975//1842
f 1838//1709 1974//1841 1840//1711
f 1974//1841 1975//1842 1976//1843
f 1840//1711 1974//1841 1841//1712
f 1841//1712 1974//1841 1976//1843
f 1841//1712 1976//1843 1977//1844
f 1977//1844 1976//1843 1978//1845
f 1841//1712 1977//1844 1843//1714
f 1846//1717 1979//1846 1847//1718
f 1847//1718 1979//1846 1980//1847
f 1847//1718 1980//1847 1848//1719
f 1848//1719 1980//1847 1981//1848
f 1977//1844 1978//1845 1982//1849
f 1843//1714 1977//1844 1849//1720
f 1849//1720 1977//1844 1982//1849
f 1849//1720 1982//1849 1983//1850
f 1849//1720 1983//1850 1850//1721
f 1850//1721 1983//1850 1984//1851
f 1850//1721 1984//1851 1851//1722
f 1851//1722 1984//1851 1985//1852
f 1851//1722 1985//1852 1852//1723
f 1852//1723 1985//1852 1986//1853
f 1852//1723 1986//1853 1853//1724
f 1853//1724 1986//1853 1987//1854
f 1853//1724 1987//1854 1846//1717
f 1846//1717 1987//1854 1979//1846
f 1854//1725 1855//1726 1988//1855
f 1988//1855 1855//1726 1989//1856
f 1855//1726 1856//1727 1989//1856
f 1989//1856 1856//1727 1990//1857
f 1856//1727 1857//1728 1990//1857
f 1990//1857 1857//1728 1991//1858
f 1857//1728 1859//1730 1991//1858
f 1991//1858 1859//1730 1992//1859
f 1859//1730 1860//1731 1992//1859
f 1992//1859 1860//1731 1993//1860
f 1861//1732 1862//1733 1994//1861
f 1994//1861 1862//1733 1995//1862
f 1862//1733 1854//1725 1995//1862
f 1995//1862 1854//1725 1988//1855
f 1860//1731 1863//1734 1993//1860
f 1993//1860 1863//1734 1996//1863
f 1863//1734 1864//1735 1996//1863
f 1996//1863 1864//1735 1997//1864
f 1865//1736 1861//1732 1998//1865
f 1998//1865 1861//1732 1994//1861
f 1864//1735 1867//1738 1997//1864
f 1997//1864 1867//1738 1999//1866
f 1867//1738 1868//1739 1999//1866
f 1999//1866 1868//1739 2000//1867
f 1870//1741 1865//1736 2001//1868
f 2001//1868 1865//1736 1998//1865
f 1872//1743 2002//1869 1868//1739
f 1868//1739 2002//1869 2000//1867
f 1873//1744 1870//1741 2003//1870
f 2003//1870 1870//1741 2001//1868
f 1874//1745 2004//1871 1875//1746
f 1875//1746 2004//1871 1872//1743
f 1872//1743 2004//1871 2005//1872
f 1872//1743 2005//1872 2002//1869
f 1876//1747 1873//1744 2006//1873
f 2006//1873 1873//1744 2003//1870
f 2006//1873 2003//1870 2007//1874
f 2006//1873 2007//1874 2008//1875
f 1877//1748 2009//1876 1878//1749
f 1878//1749 2009//1876 1874//1745
f 1874//1745 2009//1876 2010//1877
f 1874//1745 2010//1877 2004//1871
f 2004//1871 2010//1877 2011//1878
f 2004//1871 2011//1878 2005//1872
f 1876//1747 2006//1873 1879//1750
f 1879//1750 2006//1873 1880//1751
f 1880//1751 2006//1873 2008//1875
f 1880//1751 2008//1875 2012//1879
f 2012//1879 2008//1875 2013//1880
f 2012//1879 2013//1880 2014//1881
f 2015//1882 2016//1883 2017//1884
f 1881//1752 2015//1882 1882//1753
f 1882//1753 2015//1882 2017//1884
f 1882//1753 2017//1884 2018//1885
f 1882//1753 2018//1885 1877//1748
f 1877//1748 2018//1885 2019//1886
f 1877//1748 2019//1886 2009//1876
f 2009//1876 2019//1886 2010//1877
f 1880//1751 2012//1879 1883//1754
f 1883//1754 2012//1879 1884//1755
f 1884//1755 2012//1879 2014//1881
f 1884//1755 2014//1881 2020//1887
f 1884//1755 2020//1887 1885//1756
f 1885//1756 2020//1887 2016//1883
f 1885//1756 2016//1883 2015//1882
f 1885//1756 2015//1882 1881//1752
f 1888//1759 1887//1758 2021//1888
f 2021//1888 1887//1758 2022//1889
f 1887//1758 1889//1760 2022//1889
f 2022//1889 1889//1760 2023//1890
f 2022//1889 2023//1890 2024//1891
f 2023//1890 2025//1892 2024//1891
f 2024//1891 2025//1892 2026//1893
f 2025//1892 2027//1894 2026//1893
f 2028//1895 2029//1896 2030//1897
f 1892//1763 1891//1762 2028//1895
f 2028//1895 1891//1762 2031//1898
f 2028//1895 2031//1898 2029//1896
f 1891//1762 1894//1765 2031//1898
f 2031//1898 1894//1765 2032//1899
f 1894//1765 1888//1759 2032//1899
f 2032//1899 1888//1759 2021//1888
f 1889//1760 1895//1766 2023//1890
f 1895//1766 1896//1767 2023//1890
f 2023//1890 1896//1767 2025//1892
f 1896//1767 1898//1769 2025//1892
f 2025//1892 1898//1769 2033//1900
f 2025//1892 2033//1900 2027//1894
f 1898//1769 1899//1770 2033//1900
f 2033//1900 1899//1770 2034//1901
f 2033//1900 2034//1901 2035//1902
f 2034//1901 2036//1903 2035//1902
f 2037//1904 2038//1905 2039//1906
f 2037//1904 2040//1907 2038//1905
f 2038//1905 2040//1907 2041//1908
f 2040//1907 2042//1909 2041//1908
f 2043//1910 2044//1911 2045//1912
f 1902//1773 1901//1772 2043//1910
f 2043//1910 1901//1772 2046//1913
f 2043//1910 2046//1913 2044//1911
f 1901//1772 1904//1775 2046//1913
f 2046//1913 1904//1775 2028//1895
f 2046//1913 2028//1895 2030//1897
f 1904//1775 1892//1763 2028//1895
f 1899//1770 1905//1776 2034//1901
f 1905//1776 1906//1777 2034//1901
f 2034//1901 1906//1777 2047//1914
f 2034//1901 2047//1914 2036//1903
f 1906//1777 1907//1778 2047//1914
f 2047//1914 1907//1778 2037//1904
f 2047//1914 2037//1904 2039//1906
f 1907//1778 1908//1779 2037//1904
f 2037//1904 1908//1779 2040//1907
f 1908//1779 1909//1780 2040//1907
f 2040//1907 1909//1780 2048//1915
f 2040//1907 2048//1915 2042//1909
f 1909//1780 1911//1782 2048//1915
f 2048//1915 1911//1782 2049//1916
f 1911//1782 1912//1783 2049//1916
f 2049//1916 1912//1783 2050//1917
f 2051//1918 2052//1919 2053//1920
f 2051//1918 2054//1921 2052//1919
f 2052//1919 2054//1921 2055//1922
f 2054//1921 2056//1923 2055//1922
f 2055//1922 2056//1923 2043//1910
f 2055//1922 2043//1910 2045//1912
f 1914//1785 1902//1773 2056//1923
f 2056//1923 1902//1773 2043//1910
f 1912//1783 1916//1787 2050//1917
f 2050//1917 1916//1787 2057//1924
f 2050//1917 2057//1924 2058//1925
f 2059//1926 2060//1927 2061//1928
f 2059//1926 2062//1929 2060//1927
f 2060//1927 2062//1929 2051//1918
f 2060//1927 2051//1918 2053//1920
f 1919//1790 1918//1789 2062//1929
f 2062//1929 1918//1789 2054//1921
f 2062//1929 2054//1921 2051//1918
f 1918//1789 1921//1792 2054//1921
f 2054//1921 1921//1792 2056//1923
f 1921//1792 1914//1785 2056//1923
f 2057//1924 2063//1930 2058//1925
f 2064//1931 2065//1932 2066//1933
f 2064//1931 2067//1934 2065//1932
f 2065//1932 2067//1934 2059//1926
f 2065//1932 2059//1926 2061//1928
f 1924//1795 1923//1794 2067//1934
f 2067//1934 1923//1794 2062//1929
f 2067//1934 2062//1929 2059//1926
f 1923//1794 1919//1790 2062//1929
f 2064//1931 2066//1933 2068//1935
f 2068//1935 2066//1933 2069//1936
f 1929//1798 1928//1799 2068//1935
f 2068//1935 1928//1799 2067//1934
f 2068//1935 2067//1934 2064//1931
f 1928//1799 1924//1795 2067//1934
f 2070//1937 2071//1938 2072//1939
f 2070//1937 2073//1940 2071//1938
f 2071//1938 2073//1940 2068//1935
f 2071//1938 2068//1935 2069//1936
f 1933//1803 1929//1798 2073//1940
f 2073//1940 1929//1798 2068//1935
f 2070//1937 2072//1939 2074//1941
f 2074//1941 2072//1939 2075//1942
f 1938//1806 1937//1805 2074//1941
f 2074//1941 1937//1805 2073//1940
f 2074//1941 2073//1940 2070//1937
f 1937//1805 1933//1803 2073//1940
f 2074//1941 2075//1942 2076//1943
f 2076//1943 2075//1942 2077//1944
f 1943//1810 1938//1806 2076//1943
f 2076//1943 1938//1806 2074//1941
f 2076//1943 2077//1944 2078//1945
f 2078//1945 2077//1944 2079//1946
f 1943//1810 2076//1943 1947//1814
f 1947//1814 2076//1943 2078//1945
f 1947//1814 2078//1945 2080//1947
f 1947//1814 2080//1947 1948//1815
f 2078//1945 2079//1946 2081//1948
f 2078//1945 2081//1948 2080//1947
f 2080//1947 2081//1948 2082//1949
f 2080//1947 2082//1949 2083//1950
f 1948//1815 2080//1947 1953//1820
f 1953//1820 2080//1947 2083//1950
f 1953//1820 2083//1950 2084//1951
f 1953//1820 2084//1951 1954//1821
f 1954//1821 2084//1951 2085//1952
f 1954//1821 2085//1952 1955//1822
f 1955//1822 2085//1952 2086//1953
f 1955//1822 2086//1953 1956//1823
f 2083//1950 2082//1949 2087//1954
f 2083//1950 2087//1954 2084//1951
f 2084//1951 2087//1954 2088//1955
f 2084//1951 2088//1955 2085//1952
f 2085//1952 2088//1955 2089//1956
f 2085//1952 2089//1956 2086//1953
f 2086//1953 2089//1956 2090//1957
f 1956//1823 2086//1953 1959//1826
f 1959//1826 2086//1953 2090//1957
f 1959//1826 2090//1957 2091//1958
f 2091//1958 2090//1957 2092//1959
f 1959//1826 2091//1958 1960//1827
f 2091//1958 2092//1959 2093//1960
f 1960//1827 2091//1958 1963//1830
f 1963//1830 2091//1958 2093//1960
f 1963//1830 2093//1960 2094//1961
f 1963//1830 2094//1961 1964//1831
f 1964//1831 2094//1961 2095//1962
f 1964//1831 2095//1962 2096//1963
f 1964//1831 2096//1963 1966//1833
f 2096//1963 2095//1962 2097//1964
f 1966//1833 2096//1963 1967//1834
f 1967//1834 2096//1963 2097//1964
f 1967//1834 2097//1964 2098//1965
f 1967//1834 2098//1965 1968//1835
f 1968//1835 2098//1965 2099//1966
f 1968//1835 2099//1966 1969//1836
f 1969//1836 2099//1966 2100//1967
f 1969//1836 2100//1967 1970//1837
f 1970//1837 2100//1967 2101//1968
f 1971//1838 1970//1837 2102//1969
f 2102//1969 1970//1837 2101//1968
f 1971//1838 2102//1969 1973//1840
f 1973//1840 2102//1969 2103//1970
f 1973//1840 2103//1970 2104//1971
f 1973//1840 2104//1971 1975//1842
f 2104//1971 2103//1970 2105//1972
f 1975//1842 2104//1971 1976//1843
f 1976//1843 2104//1971 2105//1972
f 1976//1843 2105//1972 2106//1973
f 2106//1973 2105//1972 2107//1974
f 1976//1843 2106//1973 1978//1845
f 1979//1846 2108//1975 1980//1847
f 1980//1847 2108//1975 2109//1976
f 1980//1847 2109//1976 1981//1848
f 1981//1848 2109//1976 2110//1848
f 2106//1973 2107//1974 2111//1977
f 1978//1845 2106//1973 1982//1849
f 1982//1849 2106//1973 2111//1977
f 1982//1849 2111//1977 2112//1978
f 1982//1849 2112//1978 1983//1850
f 1983//1850 2112//1978 2113//1979
f 1983//1850 2113//1979 1984//1851
f 1984//1851 2113//1979 2114//1980
f 1984//1851 2114//1980 2115//1981
f 1984//1851 2115//1981 1985//1852
f 1985//1852 2115//1981 2116//1982
f 1985//1852 2116//1982 1986//1853
f 1986//1853 2116//1982 2117//1983
f 1986//1853 2117//1983 2118//1984
f 1986//1853 2118//1984 1987//1854
f 1987//1854 2118//1984 2119//1985
f 1987//1854 2119//1985 1979//1846
f 1979//1846 2119//1985 2108//1975
f 2115//1981 2114//1980 2120//1981
f 2115//1981 2120//1981 2116//1982
f 2116//1982 2120//1981 2121//1986
f 2116//1982 2121//1986 2117//1983
f 2122//1987 2123//1988 2124//1989
f 2122//1987 2125//1990 2123//1988
f 2126//1991 2127//1992 2128//1993
f 1988//1855 1989//1856 2126//1991
f 2126//1991 1989//1856 2122//1987
f 2126//1991 2122//1987 2127//1992
f 2127//1992 2122//1987 2124//1989
f 1989//1856 1990//1857 2122//1987
f 2122//1987 1990//1857 2129//1994
f 2122//1987 2129//1994 2125//1990
f 1990//1857 1991//1858 2129//1994
f 2129//1994 1991//1858 2130//1995
f 1991//1858 1992//1859 2130//1995
f 2130//1995 1992//1859 2131//1996
f 1992//1859 1993//1860 2131//1996
f 2131//1996 1993//1860 2132//1997
f 2131//1996 2132//1997 2133//1998
f 2132//1997 2134//1999 2133//1998
f 1994//1861 1995//1862 2135//2000
f 2135//2000 1995//1862 2126//1991
f 2135//2000 2126//1991 2128//1993
f 1995//1862 1988//1855 2126//1991
f 1993//1860 1996//1863 2132//1997
f 1996//1863 1997//1864 2132//1997
f 2132//1997 1997//1864 2136//2001
f 2132//1997 2136//2001 2134//1999
f 2134//1999 2136//2001 2137//2002
f 2136//2001 2138//2003 2137//2002
f 1998//1865 1994//1861 2139//2004
f 2139//2004 1994//1861 2135//2000
f 1997//1864 1999//1866 2136//2001
f 1999//1866 2000//1867 2136//2001
f 2136//2001 2000//1867 2140//2005
f 2136//2001 2140//2005 2138//2003
f 2001//1868 1998//1865 2141//2006
f 2141//2006 1998//1865 2139//2004
f 2002//1869 2142//2007 2000//1867
f 2000//1867 2142//2007 2140//2005
f 2003//1870 2001//1868 2143//2008
f 2143//2008 2001//1868 2141//2006
f 2005//1872 2144//2009 2002//1869
f 2002//1869 2144//2009 2142//2007
f 2003//1870 2143//2008 2007//1874
f 2007//1874 2143//2008 2145//2010
f 2007//1874 2145//2010 2008//1875
f 2008//1875 2145//2010 2146//2011
f 2010//1877 2147//2012 2011//1878
f 2011//1878 2147//2012 2148//2013
f 2011//1878 2148//2013 2005//1872
f 2005//1872 2148//2013 2144//2009
f 2008//1875 2146//2011 2013//1880
f 2013//1880 2146//2011 2149//2014
f 2013//1880 2149//2014 2014//1881
f 2014//1881 2149//2014 2150//2015
f 2014//1881 2150//2015 2151//2016
f 2016//1883 2151//2016 2017//1884
f 2017//1884 2151//2016 2150//2015
f 2017//1884 2150//2015 2152//2017
f 2017//1884 2152//2017 2018//1885
f 2018//1885 2152//2017 2153//2018
f 2018//1885 2153//2018 2019//1886
f 2019//1886 2153//2018 2154//2019
f 2019//1886 2154//2019 2010//1877
f 2010//1877 2154//2019 2147//2012
f 2014//1881 2151//2016 2020//1887
f 2020//1887 2151//2016 2016//1883
f 2155//2020 2156//2021 2157//2022
f 2155//2020 2158//2023 2156//2021
f 2021//1888 2022//1889 2159//2024
f 2159//2024 2022//1889 2160//2025
f 2022//1889 2024//1891 2160//2025
f 2160//2025 2024//1891 2161//2026
f 2024//1891 2026//1893 2161//2026
f 2161//2026 2026//1893 2162//2027
f 2026//1893 2027//1894 2162//2027
f 2162//2027 2027//1894 2163//2028
f 2164//2029 2165//2030 2166//2031
f 2030//1897 2029//1896 2164//2029
f 2164//2029 2029//1896 2167//2032
f 2164//2029 2167//2032 2165//2030
f 2029//1896 2031//1898 2167//2032
f 2167//2032 2031//1898 2155//2020
f 2167//2032 2155//2020 2157//2022
f 2031//1898 2032//1899 2155//2020
f 2155//2020 2032//1899 2168//2033
f 2155//2020 2168//2033 2158//2023
f 2032//1899 2021//1888 2168//2033
f 2168//2033 2021//1888 2159//2024
f 2027//1894 2033//1900 2163//2028
f 2163//2028 2033//1900 2169//2034
f 2033//1900 2035//1902 2169//2034
f 2169//2034 2035//1902 2170//2035
f 2035//1902 2036//1903 2170//2035
f 2170//2035 2036//1903 2171//2036
f 2170//2035 2171//2036 2172//2037
f 2039//1906 2038//1905 2171//2036
f 2171//2036 2038//1905 2173//2038
f 2171//2036 2173//2038 2172//2037
f 2038//1905 2041//1908 2173//2038
f 2173//2038 2041//1908 2174//2039
f 2041//1908 2042//1909 2174//2039
f 2174//2039 2042//1909 2175//2040
f 2176//2041 2177//2042 2178//2043
f 2045//1912 2044//1911 2176//2041
f 2176//2041 2044//1911 2179//2044
f 2176//2041 2179//2044 2177//2042
f 2044//1911 2046//1913 2179//2044
f 2179//2044 2046//1913 2164//2029
f 2179//2044 2164//2029 2166//2031
f 2046//1913 2030//1897 2164//2029
f 2036//1903 2047//1914 2171//2036
f 2047//1914 2039//1906 2171//2036
f 2042//1909 2048//1915 2175//2040
f 2175//2040 2048//1915 2180//2045
f 2048//1915 2049//1916 2180//2045
f 2180//2045 2049//1916 2181//2046
f 2180//2045 2181//2046 2182//2047
f 2049//1916 2050//1917 2181//2046
f 2183//2048 2184//2049 2185//2050
f 2053//1920 2052//1919 2183//2048
f 2183//2048 2052//1919 2186//2051
f 2183//2048 2186//2051 2184//2049
f 2052//1919 2055//1922 2186//2051
f 2186//2051 2055//1922 2176//2041
f 2186//2051 2176//2041 2178//2043
f 2055//1922 2045//1912 2176//2041
f 2181//2046 2187//2052 2182//2047
f 2058//1925 2188//2053 2050//1917
f 2050//1917 2188//2053 2187//2052
f 2050//1917 2187//2052 2181//2046
f 2189//2054 2190//2055 2191//2056
f 2061//1928 2060//1927 2189//2054
f 2189//2054 2060//1927 2183//2048
f 2189//2054 2183//2048 2190//2055
f 2190//2055 2183//2048 2185//2050
f 2060//1927 2053//1920 2183//2048
f 2192//2057 2193//2058 2194//2059
f 2058//1925 2063//1930 2188//2053
f 2188//2053 2063//1930 2195//2060
f 2188//2053 2195//2060 2194//2059
f 2194//2059 2195//2060 2192//2057
f 2196//2061 2197//2062 2198//2063
f 2066//1933 2065//1932 2196//2061
f 2196//2061 2065//1932 2189//2054
f 2196//2061 2189//2054 2197//2062
f 2197//2062 2189//2054 2191//2056
f 2065//1932 2061//1928 2189//2054
f 2192//2057 2199//2064 2193//2058
f 2192//2057 2195//2060 2199//2064
f 2199//2064 2195//2060 2200//2065
f 2199//2064 2200//2065 2201//2066
f 2202//2067 2203//2068 2204//2069
f 2202//2067 2205//2070 2203//2068
f 2203//2068 2205//2070 2196//2061
f 2203//2068 2196//2061 2198//2063
f 2069//1936 2066//1933 2205//2070
f 2205//2070 2066//1933 2196//2061
f 2200//2065 2206//2071 2201//2066
f 2202//2067 2204//2069 2207//2072
f 2207//2072 2204//2069 2208//2073
f 2072//1939 2071//1938 2207//2072
f 2207//2072 2071//1938 2205//2070
f 2207//2072 2205//2070 2202//2067
f 2071//1938 2069//1936 2205//2070
f 2207//2072 2208//2073 2209//2074
f 2209//2074 2208//2073 2210//2075
f 2075//1942 2072//1939 2209//2074
f 2209//2074 2072//1939 2207//2072
f 2209//2074 2210//2075 2211//2076
f 2211//2076 2210//2075 2212//2077
f 2077//1944 2075//1942 2211//2076
f 2211//2076 2075//1942 2209//2074
f 2211//2076 2212//2077 2213//2078
f 2213//2078 2212//2077 2214//2079
f 2079//1946 2077//1944 2213//2078
f 2213//2078 2077//1944 2211//2076
f 2213//2078 2214//2079 2215//2080
f 2215//2080 2214//2079 2216//2081
f 2079//1946 2213//2078 2081//1948
f 2081//1948 2213//2078 2215//2080
f 2081//1948 2215//2080 2217//2082
f 2081//1948 2217//2082 2082//1949
f 2215//2080 2216//2081 2218//2083
f 2215//2080 2218//2083 2217//2082
f 2217//2082 2218//2083 2219//2084
f 2217//2082 2219//2084 2220//2085
f 2082//1949 2217//2082 2087//1954
f 2087//1954 2217//2082 2220//2085
f 2087//1954 2220//2085 2221//2086
f 2087//1954 2221//2086 2088//1955
f 2088//1955 2221//2086 2222//2087
f 2088//1955 2222//2087 2089//1956
f 2089//1956 2222//2087 2223//2088
f 2089//1956 2223//2088 2090//1957
f 2090//1957 2223//2088 2224//2089
f 2090//1957 2224//2089 2092//1959
f 2220//2085 2219//2084 2225//2090
f 2220//2085 2225//2090 2221//2086
f 2221//2086 2225//2090 2226//2091
f 2221//2086 2226//2091 2222//2087
f 2222//2087 2226//2091 2227//2092
f 2222//2087 2227//2092 2223//2088
f 2223//2088 2227//2092 2228//2093
f 2223//2088 2228//2093 2224//2089
f 2224//2089 2228//2093 2229//2094
f 2092//1959 2224//2089 2093//1960
f 2093//1960 2224//2089 2229//2094
f 2093//1960 2229//2094 2230//2095
f 2093//1960 2230//2095 2094//1961
f 2094//1961 2230//2095 2231//2096
f 2094//1961 2231//2096 2232//2097
f 2094//1961 2232//2097 2095//1962
f 2232//2097 2231//2096 2233//2098
f 2095//1962 2232//2097 2097//1964
f 2097//1964 2232//2097 2233//2098
f 2097//1964 2233//2098 2234//2099
f 2097//1964 2234//2099 2098//1965
f 2098//1965 2234//2099 2235//2100
f 2098//1965 2235//2100 2099//1966
f 2099//1966 2235//2100 2236//2101
f 2099//1966 2236//2101 2100//1967
f 2100//1967 2236//2101 2237//2102
f 2100//1967 2237//2102 2238//2103
f 2100//1967 2238//2103 2101//1968
f 2238//2103 2237//2102 2239//2104
f 2102//1969 2101//1968 2240//2105
f 2240//2105 2101//1968 2238//2103
f 2240//2105 2238//2103 2239//2104
f 2103//1970 2102//1969 2241//2106
f 2241//2106 2102//1969 2240//2105
f 2103//1970 2241//2106 2105//1972
f 2105//1972 2241//2106 2242//2107
f 2105//1972 2242//2107 2243//2108
f 2105//1972 2243//2108 2107//1974
f 2108//1975 2244//2109 2109//1976
f 2109//1976 2244//2109 2245//2110
f 2109//1976 2245//2110 2110//1848
f 2110//1848 2245//2110 2246//1848
f 2243//2108 2242//2107 2247//2111
f 2107//1974 2243//2108 2111//1977
f 2111//1977 2243//2108 2247//2111
f 2111//1977 2247//2111 2248//2112
f 2111//1977 2248//2112 2112//1978
f 2112//1978 2248//2112 2249//2113
f 2112//1978 2249//2113 2250//2114
f 2112//1978 2250//2114 2113//1979
f 2113//1979 2250//2114 2251//2115
f 2113//1979 2251//2115 2114//1980
f 2117//1983 2252//2116 2118//1984
f 2118//1984 2252//2116 2119//1985
f 2119//1985 2252//2116 2253//2117
f 2119//1985 2253//2117 2254//2118
f 2119//1985 2254//2118 2108//1975
f 2108//1975 2254//2118 2244//2109
f 2250//2114 2249//2113 2255//2119
f 2250//2114 2255//2119 2251//2115
f 2251//2115 2255//2119 2256//2120
f 2114//1980 2251//2115 2120//1981
f 2120//1981 2251//2115 2256//2120
f 2120//1981 2256//2120 2257//2121
f 2120//1981 2257//2121 2121//1986
f 2121//1986 2257//2121 2258//2122
f 2121//1986 2258//2122 2117//1983
f 2117//1983 2258//2122 2259//2123
f 2117//1983 2259//2123 2252//2116
f 2252//2116 2259//2123 2253//2117
f 2124//1989 2123//1988 2260//2124
f 2260//2124 2123//1988 2261//2125
f 2123//1988 2125//1990 2261//2125
f 2261//2125 2125//1990 2262//2126
f 2261//2125 2262//2126 2263//2127
f 2262//2126 2264//2128 2263//2127
f 2128//1993 2127//1992 2265//2129
f 2265//2129 2127//1992 2266//2130
f 2127//1992 2124//1989 2266//2130
f 2266//2130 2124//1989 2260//2124
f 2125//1990 2129//1994 2262//2126
f 2129//1994 2130//1995 2262//2126
f 2262//2126 2130//1995 2267//2131
f 2262//2126 2267//2131 2264//2128
f 2130//1995 2131//1996 2267//2131
f 2267//2131 2131//1996 2268//2132
f 2131//1996 2133//1998 2268//2132
f 2268//2132 2133//1998 2269//2133
f 2133//1998 2134//1999 2269//2133
f 2269//2133 2134//1999 2270//2134
f 2135//2000 2128//1993 2271//2135
f 2271//2135 2128//1993 2265//2129
f 2134//1999 2137//2002 2270//2134
f 2270//2134 2137//2002 2272//2136
f 2137//2002 2138//2003 2272//2136
f 2272//2136 2138//2003 2273//2137
f 2139//2004 2135//2000 2274//2138
f 2274//2138 2135//2000 2271//2135
f 2140//2005 2275//192 2138//2003
f 2138//2003 2275//192 2273//2137
f 2141//2006 2139//2004 2276//2139
f 2276//2139 2139//2004 2274//2138
f 2142//2007 2277//19 2140//2005
f 2140//2005 2277//19 2275//192
f 2143//2008 2141//2006 2278//2140
f 2278//2140 2141//2006 2276//2139
f 2144//2009 2279//154 2142//2007
f 2142//2007 2279//154 2277//19
f 2143//2008 2278//2140 2145//2010
f 2145//2010 2278//2140 2280//2141
f 2145//2010 2280//2141 2146//2011
f 2146//2011 2280//2141 2281//2142
f 2147//2012 2282//2143 2148//2013
f 2148//2013 2282//2143 2283//31
f 2148//2013 2283//31 2144//2009
f 2144//2009 2283//31 2279//154
f 2146//2011 2281//2142 2149//2014
f 2149//2014 2281//2142 2284//2144
f 2149//2014 2284//2144 2150//2015
f 2150//2015 2284//2144 2285//2145
f 2150//2015 2285//2145 2152//2017
f 2152//2017 2285//2145 2286//2146
f 2152//2017 2286//2146 2153//2018
f 2153//2018 2286//2146 2287//2147
f 2153//2018 2287//2147 2154//2019
f 2154//2019 2287//2147 2288//2148
f 2154//2019 2288//2148 2147//2012
f 2147//2012 2288//2148 2282//2143
f 2157//2022 2156//2021 2289//2149
f 2289//2149 2156//2021 2290//2150
f 2156//2021 2158//2023 2290//2150
f 2290//2150 2158//2023 2291//2151
f 2290//2150 2291//2151 2292//2152
f 2159//2024 2160//2025 2291//2151
f 2291//2151 2160//2025 2293//2153
f 2291//2151 2293//2153 2292//2152
f 2160//2025 2161//2026 2293//2153
f 2293//2153 2161//2026 2294//2154
f 2161//2026 2162//2027 2294//2154
f 2294//2154 2162//2027 2295//2155
f 2162//2027 2163//2028 2295//2155
f 2295//2155 2163//2028 2296//2156
f 2297//2157 2298//2158 2299//2159
f 2166//2031 2165//2030 2297//2157
f 2297//2157 2165//2030 2300//2160
f 2297//2157 2300//2160 2298//2158
f 2165//2030 2167//2032 2300//2160
f 2300//2160 2167//2032 2301//2161
f 2167//2032 2157//2022 2301//2161
f 2301//2161 2157//2022 2289//2149
f 2158//2023 2168//2033 2291//2151
f 2168//2033 2159//2024 2291//2151
f 2163//2028 2169//2034 2296//2156
f 2296//2156 2169//2034 2302//2162
f 2169//2034 2170//2035 2302//2162
f 2302//2162 2170//2035 2303//2163
f 2170//2035 2172//2037 2303//2163
f 2303//2163 2172//2037 2304//2164
f 2172//2037 2173//2038 2304//2164
f 2304//2164 2173//2038 2305//2165
f 2173//2038 2174//2039 2305//2165
f 2305//2165 2174//2039 2306//2166
f 2305//2165 2306//2166 2307//2167
f 2174//2039 2175//2040 2306//2166
f 2308//2168 2309//2169 2310//2170
f 2178//2043 2177//2042 2308//2168
f 2308//2168 2177//2042 2311//2171
f 2308//2168 2311//2171 2309//2169
f 2177//2042 2179//2044 2311//2171
f 2311//2171 2179//2044 2297//2157
f 2311//2171 2297//2157 2299//2159
f 2179//2044 2166//2031 2297//2157
f 2306//2166 2312//2172 2307//2167
f 2175//2040 2180//2045 2306//2166
f 2306//2166 2180//2045 2313//2173
f 2306//2166 2313//2173 2312//2172
f 2312//2172 2313//2173 2314//2174
f 2180//2045 2182//2047 2313//2173
f 2315//2175 2316//2176 2317//2177
f 2185//2050 2184//2049 2315//2175
f 2315//2175 2184//2049 2318//2178
f 2315//2175 2318//2178 2316//2176
f 2184//2049 2186//2051 2318//2178
f 2318//2178 2186//2051 2308//2168
f 2318//2178 2308//2168 2310//2170
f 2186//2051 2178//2043 2308//2168
f 2313//2173 2319//2179 2314//2174
f 2314//2174 2319//2179 2320//2180
f 2182//2047 2187//2052 2313//2173
f 2313//2173 2187//2052 2321//2181
f 2313//2173 2321//2181 2319//2179
f 2187//2052 2188//2053 2321//2181
f 2191//2056 2190//2055 2322//2182
f 2322//2182 2190//2055 2315//2175
f 2322//2182 2315//2175 2317//2177
f 2190//2055 2185//2050 2315//2175
f 2319//2179 2323//2183 2320//2180
f 2320//2180 2323//2183 2324//2184
f 2193//2058 2323//2183 2194//2059
f 2194//2059 2323//2183 2319//2179
f 2194//2059 2319//2179 2321//2181
f 2194//2059 2321//2181 2188//2053
f 2325//2185 2326//2186 2327//2187
f 2198//2063 2197//2062 2325//2185
f 2325//2185 2197//2062 2328//2188
f 2325//2185 2328//2188 2326//2186
f 2197//2062 2191//2056 2328//2188
f 2328//2188 2191//2056 2322//2182
f 2329//2189 2330//2190 2331//2191
f 2329//2189 2331//2191 2332//2192
f 2332//2192 2331//2191 2324//2184
f 2332//2192 2324//2184 2323//2183
f 2193//2058 2199//2064 2323//2183
f 2323//2183 2199//2064 2333//2193
f 2323//2183 2333//2193 2332//2192
f 2199//2064 2201//2066 2333//2193
f 2204//2069 2203//2068 2334//2194
f 2334//2194 2203//2068 2325//2185
f 2334//2194 2325//2185 2327//2187
f 2203//2068 2198//2063 2325//2185
f 2329//2189 2335//2195 2330//2190
f 2330//2190 2335//2195 2336//2196
f 2329//2189 2332//2192 2335//2195
f 2335//2195 2332//2192 2337//2197
f 2332//2192 2333//2193 2337//2197
f 2337//2197 2333//2193 2338//2198
f 2201//2066 2206//2071 2333//2193
f 2333//2193 2206//2071 2339//2199
f 2333//2193 2339//2199 2338//2198
f 2340//2200 2341//2201 2342//2202
f 2208//2073 2204//2069 2340//2200
f 2340//2200 2204//2069 2334//2194
f 2340//2200 2334//2194 2341//2201
f 2335//2195 2343//2203 2336//2196
f 2335//2195 2337//2197 2343//2203
f 2343//2203 2337//2197 2344//2204
f 2337//2197 2338//2198 2344//2204
f 2344//2204 2338//2198 2345//2205
f 2338//2198 2339//2199 2345//2205
f 2345//2205 2339//2199 2346//2206
f 2340//2200 2342//2202 2347//2207
f 2347//2207 2342//2202 2348//2208
f 2210//2075 2208//2073 2347//2207
f 2347//2207 2208//2073 2340//2200
f 2347//2207 2348//2208 2349//2209
f 2349//2209 2348//2208 2350//2210
f 2212//2077 2210//2075 2349//2209
f 2349//2209 2210//2075 2347//2207
f 2349//2209 2350//2210 2351//2211
f 2351//2211 2350//2210 2352//2212
f 2214//2079 2212//2077 2351//2211
f 2351//2211 2212//2077 2349//2209
f 2351//2211 2352//2212 2353//2213
f 2353//2213 2352//2212 2354//2214
f 2216//2081 2214//2079 2353//2213
f 2353//2213 2214//2079 2351//2211
f 2353//2213 2354//2214 2355//2215
f 2216//2081 2353//2213 2218//2083
f 2218//2083 2353//2213 2355//2215
f 2218//2083 2355//2215 2356//2216
f 2356//2216 2355//2215 2357//2217
f 2218//2083 2356//2216 2219//2084
f 2356//2216 2357//2217 2358//2218
f 2219//2084 2356//2216 2225//2090
f 2225//2090 2356//2216 2358//2218
f 2225//2090 2358//2218 2359//2219
f 2359//2219 2358//2218 2360//2220
f 2225//2090 2359//2219 2226//2091
f 2226//2091 2359//2219 2361//2221
f 2226//2091 2361//2221 2227//2092
f 2227//2092 2361//2221 2362//2222
f 2227//2092 2362//2222 2228//2093
f 2228//2093 2362//2222 2363//2223
f 2228//2093 2363//2223 2229//2094
f 2229//2094 2363//2223 2364//2224
f 2229//2094 2364//2224 2230//2095
f 2230//2095 2364//2224 2365//2225
f 2230//2095 2365//2225 2231//2096
f 2359//2219 2360//2220 2366//2226
f 2359//2219 2366//2226 2361//2221
f 2361//2221 2366//2226 2367//2227
f 2361//2221 2367//2227 2362//2222
f 2362//2222 2367//2227 2368//2228
f 2362//2222 2368//2228 2363//2223
f 2363//2223 2368//2228 2369//2229
f 2363//2223 2369//2229 2364//2224
f 2364//2224 2369//2229 2370//2230
f 2364//2224 2370//2230 2365//2225
f 2365//2225 2370//2230 2371//2231
f 2231//2096 2365//2225 2233//2098
f 2233//2098 2365//2225 2371//2231
f 2233//2098 2371//2231 2372//2232
f 2233//2098 2372//2232 2234//2099
f 2234//2099 2372//2232 2373//2233
f 2234//2099 2373//2233 2235//2100
f 2235//2100 2373//2233 2374//2234
f 2235//2100 2374//2234 2236//2101
f 2236//2101 2374//2234 2375//2235
f 2236//2101 2375//2235 2237//2102
f 2237//2102 2375//2235 2376//2236
f 2237//2102 2376//2236 2239//2104
f 2239//2104 2376//2236 2377//2237
f 2239//2104 2377//2237 2240//2105
f 2240//2105 2377//2237 2378//2238
f 2241//2106 2240//2105 2379//2239
f 2379//2239 2240//2105 2378//2238
f 2242//2107 2241//2106 2380//2240
f 2380//2240 2241//2106 2379//2239
f 2244//2109 2381//2241 2245//2110
f 2245//2110 2381//2241 2382//2242
f 2245//2110 2382//2242 2246//1848
f 2246//1848 2382//2242 2383//2243
f 2242//2107 2380//2240 2247//2111
f 2247//2111 2380//2240 2384//2244
f 2247//2111 2384//2244 2385//2245
f 2247//2111 2385//2245 2248//2112
f 2248//2112 2385//2245 2386//2246
f 2248//2112 2386//2246 2249//2113
f 2253//2117 2387//2247 2254//2118
f 2254//2118 2387//2247 2388//2248
f 2254//2118 2388//2248 2244//2109
f 2244//2109 2388//2248 2381//2241
f 2385//2245 2384//2244 2389//2249
f 2385//2245 2389//2249 2386//2246
f 2386//2246 2389//2249 2390//2250
f 2249//2113 2386//2246 2255//2119
f 2255//2119 2386//2246 2390//2250
f 2255//2119 2390//2250 2391//2251
f 2255//2119 2391//2251 2256//2120
f 2256//2120 2391//2251 2392//2252
f 2256//2120 2392//2252 2257//2121
f 2257//2121 2392//2252 2393//2253
f 2257//2121 2393//2253 2258//2122
f 2258//2122 2393//2253 2394//2254
f 2258//2122 2394//2254 2259//2123
f 2259//2123 2394//2254 2395//2255
f 2259//2123 2395//2255 2253//2117
f 2253//2117 2395//2255 2387//2247
f 2260//2124 2261//2125 2396//2256
f 2396//2256 2261//2125 2397//2257
f 2261//2125 2263//2127 2397//2257
f 2397//2257 2263//2127 2398//2258
f 2263//2127 2264//2128 2398//2258
f 2398//2258 2264//2128 2399//2259
f 2398//2258 2399//2259 2400//2260
f 2399//2259 2401//2261 2400//2260
f 2265//2129 2266//2130 2402//2262
f 2402//2262 2266//2130 2403//2263
f 2266//2130 2260//2124 2403//2263
f 2403//2263 2260//2124 2396//2256
f 2264//2128 2267//2131 2399//2259
f 2267//2131 2268//2132 2399//2259
f 2399//2259 2268//2132 2404//2264
f 2399//2259 2404//2264 2401//2261
f 2268//2132 2269//2133 2404//2264
f 2404//2264 2269//2133 2405//2265
f 2269//2133 2270//2134 2405//2265
f 2405//2265 2270//2134 2406//2266
f 2271//2135 2265//2129 2407//2267
f 2407//2267 2265//2129 2402//2262
f 2270//2134 2272//2136 2406//2266
f 2406//2266 2272//2136 2408//2268
f 2272//2136 2273//2137 2408//2268
f 2408//2268 2273//2137 2409//2269
f 2274//2138 2271//2135 2410//2270
f 2410//2270 2271//2135 2407//2267
f 2275//192 2411//2271 2273//2137
f 2273//2137 2411//2271 2409//2269
f 2276//2139 2274//2138 2412//2272
f 2412//2272 2274//2138 2410//2270
f 2277//19 2413//2273 2275//192
f 2275//192 2413//2273 2411//2271
f 2278//2140 2276//2139 2414//2274
f 2414//2274 2276//2139 2412//2272
f 2279//154 2415//154 2277//19
f 2277//19 2415//154 2413//2273
f 2278//2140 2414//2274 2280//2141
f 2280//2141 2414//2274 2416//2275
f 2280//2141 2416//2275 2281//2142
f 2281//2142 2416//2275 2417//2276
f 2282//2143 2418//2277 2283//31
f 2283//31 2418//2277 2419//31
f 2283//31 2419//31 2279//154
f 2279//154 2419//31 2415//154
f 2281//2142 2417//2276 2284//2144
f 2284//2144 2417//2276 2420//2278
f 2284//2144 2420//2278 2285//2145
f 2285//2145 2420//2278 2421//2279
f 2285//2145 2421//2279 2286//2146
f 2286//2146 2421//2279 2422//2280
f 2286//2146 2422//2280 2287//2147
f 2287//2147 2422//2280 2423//2281
f 2287//2147 2423//2281 2288//2148
f 2288//2148 2423//2281 2424//2282
f 2288//2148 2424//2282 2282//2143
f 2282//2143 2424//2282 2418//2277
f 2425//2283 2426//2284 2427//2285
f 2289//2149 2290//2150 2425//2283
f 2425//2283 2290//2150 2428//2286
f 2425//2283 2428//2286 2426//2284
f 2290//2150 2292//2152 2428//2286
f 2428//2286 2292//2152 2429//2287
f 2292//2152 2293//2153 2429//2287
f 2429//2287 2293//2153 2430//2288
f 2429//2287 2430//2288 2431//2289
f 2293//2153 2294//2154 2430//2288
f 2430//2288 2294//2154 2432//2290
f 2294//2154 2295//2155 2432//2290
f 2432//2290 2295//2155 2433//2291
f 2295//2155 2296//2156 2433//2291
f 2299//2159 2298//2158 2434//2292
f 2434//2292 2298//2158 2435//2293
f 2298//2158 2300//2160 2435//2293
f 2435//2293 2300//2160 2436//2294
f 2300//2160 2301//2161 2436//2294
f 2436//2294 2301//2161 2425//2283
f 2436//2294 2425//2283 2427//2285
f 2301//2161 2289//2149 2425//2283
f 2430//2288 2437//2295 2431//2289
f 2430//2288 2432//2290 2437//2295
f 2437//2295 2432//2290 2438//2296
f 2432//2290 2433//2291 2438//2296
f 2438//2296 2433//2291 2439//2297
f 2296//2156 2302//2162 2433//2291
f 2433//2291 2302//2162 2440//2298
f 2433//2291 2440//2298 2439//2297
f 2302//2162 2303//2163 2440//2298
f 2440//2298 2303//2163 2441//2299
f 2303//2163 2304//2164 2441//2299
f 2441//2299 2304//2164 2442//2300
f 2304//2164 2305//2165 2442//2300
f 2442//2300 2305//2165 2443//2301
f 2442//2300 2443//2301 2444//2302
f 2305//2165 2307//2167 2443//2301
f 2310//2170 2309//2169 2445//2303
f 2445//2303 2309//2169 2446//2160
f 2309//2169 2311//2171 2446//2160
f 2446//2160 2311//2171 2447//2304
f 2311//2171 2299//2159 2447//2304
f 2447//2304 2299//2159 2434//2292
f 2443//2301 2448//2305 2444//2302
f 2307//2167 2312//2172 2443//2301
f 2443//2301 2312//2172 2449//2306
f 2443//2301 2449//2306 2448//2305
f 2448//2305 2449//2306 2450//2307
f 2312//2172 2314//2174 2449//2306
f 2317//2177 2316//2176 2451//2308
f 2451//2308 2316//2176 2452//2309
f 2316//2176 2318//2178 2452//2309
f 2452//2309 2318//2178 2453//2310
f 2318//2178 2310//2170 2453//2310
f 2453//2310 2310//2170 2445//2303
f 2449//2306 2454//2311 2450//2307
f 2450//2307 2454//2311 2455//2312
f 2320//2180 2454//2311 2314//2174
f 2314//2174 2454//2311 2449//2306
f 2456//2313 2457//2314 2458//2315
f 2322//2182 2317//2177 2456//2313
f 2456//2313 2317//2177 2451//2308
f 2456//2313 2451//2308 2457//2314
f 2459//2316 2460//2317 2461//2318
f 2459//2316 2461//2318 2462//2319
f 2462//2319 2461//2318 2455//2312
f 2462//2319 2455//2312 2454//2311
f 2324//2184 2462//2319 2320//2180
f 2320//2180 2462//2319 2454//2311
f 2327//2187 2326//2186 2463//2320
f 2463//2320 2326//2186 2464//2321
f 2326//2186 2328//2188 2464//2321
f 2464//2321 2328//2188 2456//2313
f 2464//2321 2456//2313 2458//2315
f 2328//2188 2322//2182 2456//2313
f 2465//2322 2466//2323 2467//2324
f 2465//2322 2467//2324 2468//2325
f 2468//2325 2467//2324 2460//2317
f 2468//2325 2460//2317 2459//2316
f 2330//2190 2468//2325 2331//2191
f 2331//2191 2468//2325 2459//2316
f 2331//2191 2459//2316 2462//2319
f 2331//2191 2462//2319 2324//2184
f 2469//2326 2470//2327 2471//2328
f 2334//2194 2327//2187 2469//2326
f 2469//2326 2327//2187 2463//2320
f 2469//2326 2463//2320 2470//2327
f 2472//2329 2473//2330 2474//2331
f 2472//2329 2474//2331 2475//2332
f 2475//2332 2474//2331 2476//2333
f 2475//2332 2476//2333 2477//2334
f 2477//2334 2476//2333 2478//2335
f 2477//2334 2478//2335 2479//2336
f 2479//2336 2478//2335 2466//2323
f 2479//2336 2466//2323 2465//2322
f 2465//2322 2468//2325 2479//2336
f 2479//2336 2468//2325 2480//2337
f 2336//2196 2480//2337 2330//2190
f 2330//2190 2480//2337 2468//2325
f 2342//2202 2341//2201 2481//2338
f 2481//2338 2341//2201 2469//2326
f 2481//2338 2469//2326 2471//2328
f 2341//2201 2334//2194 2469//2326
f 2472//2329 2482//2339 2473//2330
f 2473//2330 2482//2339 2483//2340
f 2472//2329 2475//2332 2482//2339
f 2482//2339 2475//2332 2484//2341
f 2475//2332 2477//2334 2484//2341
f 2484//2341 2477//2334 2485//2342
f 2477//2334 2479//2336 2485//2342
f 2485//2342 2479//2336 2486//2343
f 2479//2336 2480//2337 2486//2343
f 2486//2343 2480//2337 2487//2344
f 2486//2343 2487//2344 2488//2345
f 2336//2196 2343//2203 2480//2337
f 2480//2337 2343//2203 2489//2346
f 2480//2337 2489//2346 2487//2344
f 2487//2344 2489//2346 2490//2347
f 2343//2203 2344//2204 2489//2346
f 2489//2346 2344//2204 2491//2348
f 2344//2204 2345//2205 2491//2348
f 2491//2348 2345//2205 2492//2349
f 2345//2205 2346//2206 2492//2349
f 2492//2349 2346//2206 2493//2350
f 2348//2208 2342//2202 2494//2351
f 2494//2351 2342//2202 2481//2338
f 2482//2339 2495//2352 2483//2340
f 2482//2339 2484//2341 2495//2352
f 2495//2352 2484//2341 2496//2353
f 2484//2341 2485//2342 2496//2353
f 2496//2353 2485//2342 2497//2354
f 2485//2342 2486//2343 2497//2354
f 2497//2354 2486//2343 2498//2355
f 2486//2343 2488//2345 2498//2355
f 2489//2346 2499//2356 2490//2347
f 2489//2346 2491//2348 2499//2356
f 2499//2356 2491//2348 2500//2357
f 2491//2348 2492//2349 2500//2357
f 2500//2357 2492//2349 2501//2358
f 2492//2349 2493//2350 2501//2358
f 2501//2358 2493//2350 2502//2359
f 2503//2360 2504//2361 2505//2360
f 2350//2210 2348//2208 2503//2360
f 2503//2360 2348//2208 2494//2351
f 2503//2360 2494//2351 2504//2361
f 2503//2360 2505//2360 2506//2362
f 2506//2362 2505//2360 2507//2362
f 2352//2212 2350//2210 2506//2362
f 2506//2362 2350//2210 2503//2360
f 2506//2362 2507//2362 2508//2363
f 2354//2214 2352//2212 2509//2364
f 2509//2364 2352//2212 2506//2362
f 2509//2364 2506//2362 2508//2363
f 2354//2214 2509//2364 2355//2215
f 2355//2215 2509//2364 2510//2365
f 2355//2215 2510//2365 2511//2366
f 2355//2215 2511//2366 2357//2217
f 2511//2366 2510//2365 2512//2367
f 2357//2217 2511//2366 2358//2218
f 2358//2218 2511//2366 2512//2367
f 2358//2218 2512//2367 2513//2368
f 2513//2368 2512//2367 2514//2369
f 2358//2218 2513//2368 2360//2220
f 2513//2368 2514//2369 2515//2370
f 2360//2220 2513//2368 2366//2226
f 2366//2226 2513//2368 2515//2370
f 2366//2226 2515//2370 2516//2371
f 2366//2226 2516//2371 2367//2227
f 2367//2227 2516//2371 2517//2372
f 2367//2227 2517//2372 2368//2228
f 2368//2228 2517//2372 2518//2373
f 2368//2228 2518//2373 2369//2229
f 2369//2229 2518//2373 2519//2374
f 2369//2229 2519//2374 2370//2230
f 2370//2230 2519//2374 2520//2375
f 2370//2230 2520//2375 2371//2231
f 2371//2231 2520//2375 2521//2376
f 2371//2231 2521//2376 2372//2232
f 2372//2232 2521//2376 2522//2377
f 2372//2232 2522//2377 2373//2233
f 2373//2233 2522//2377 2523//2378
f 2373//2233 2523//2378 2374//2234
f 2374//2234 2523//2378 2524//2379
f 2374//2234 2524//2379 2375//2235
f 2375//2235 2524//2379 2525//2380
f 2375//2235 2525//2380 2376//2236
f 2376//2236 2525//2380 2526//2381
f 2376//2236 2526//2381 2377//2237
f 2377//2237 2526//2381 2527//2382
f 2377//2237 2527//2382 2528//2238
f 2377//2237 2528//2238 2378//2238
f 2528//2238 2527//2382 2529//2383
f 2529//2383 2527//2382 2530//2384
f 2379//2239 2378//2238 2529//2383
f 2529//2383 2378//2238 2528//2238
f 2529//2383 2530//2384 2531//2385
f 2531//2385 2530//2384 2532//2386
f 2380//2240 2379//2239 2531//2385
f 2531//2385 2379//2239 2529//2383
f 2381//2241 2533//2387 2382//2242
f 2382//2242 2533//2387 2534//2388
f 2382//2242 2534//2388 2383//2243
f 2383//2243 2534//2388 2535//2389
f 2531//2385 2532//2386 2536//2390
f 2384//2244 2380//2240 2537//2391
f 2537//2391 2380//2240 2531//2385
f 2537//2391 2531//2385 2536//2390
f 2387//2247 2538//2392 2388//2248
f 2388//2248 2538//2392 2539//2393
f 2388//2248 2539//2393 2381//2241
f 2381//2241 2539//2393 2533//2387
f 2384//2244 2537//2391 2389//2249
f 2389//2249 2537//2391 2540//2394
f 2389//2249 2540//2394 2390//2250
f 2390//2250 2540//2394 2541//2395
f 2390//2250 2541//2395 2542//2396
f 2390//2250 2542//2396 2391//2251
f 2391//2251 2542//2396 2543//2397
f 2391//2251 2543//2397 2392//2252
f 2392//2252 2543//2397 2544//2398
f 2392//2252 2544//2398 2393//2253
f 2393//2253 2544//2398 2545//2399
f 2393//2253 2545//2399 2546//2400
f 2393//2253 2546//2400 2394//2254
f 2394//2254 2546//2400 2547//2401
f 2394//2254 2547//2401 2395//2255
f 2395//2255 2547//2401 2548//2402
f 2395//2255 2548//2402 2387//2247
f 2387//2247 2548//2402 2538//2392
f 2542//2396 2541//2395 2549//2403
f 2542//2396 2549//2403 2543//2397
f 2543//2397 2549//2403 2550//2404
f 2543//2397 2550//2404 2544//2398
f 2544//2398 2550//2404 2551//2405
f 2544//2398 2551//2405 2545//2399
f 2396//2256 2397//2257 2552//2406
f 2552//2406 2397//2257 2553//2407
f 2397//2257 2398//2258 2553//2407
f 2553//2407 2398//2258 2554//2408
f 2398//2258 2400//2260 2554//2408
f 2554//2408 2400//2260 2555//2409
f 2400//2260 2401//2261 2555//2409
f 2555//2409 2401//2261 2556//2410
f 2555//2409 2556//2410 2557//2411
f 2556//2410 2558//2412 2557//2411
f 2557//2411 2558//2412 2559//2413
f 2558//2412 2560//2414 2559//2413
f 2402//2262 2403//2263 2561//2415
f 2561//2415 2403//2263 2562//2416
f 2403//2263 2396//2256 2562//2416
f 2562//2416 2396//2256 2552//2406
f 2401//2261 2404//2264 2556//2410
f 2404//2264 2405//2265 2556//2410
f 2556//2410 2405//2265 2558//2412
f 2405//2265 2406//2266 2558//2412
f 2558//2412 2406//2266 2563//2417
f 2558//2412 2563//2417 2560//2414
f 2560//2414 2563//2417 2564//2418
f 2563//2417 2565//2419 2564//2418
f 2407//2267 2402//2262 2566//2420
f 2566//2420 2402//2262 2561//2415
f 2406//2266 2408//2268 2563//2417
f 2408//2268 2409//2269 2563//2417
f 2563//2417 2409//2269 2567//2421
f 2563//2417 2567//2421 2565//2419
f 2410//2270 2407//2267 2568//2422
f 2568//2422 2407//2267 2566//2420
f 2411//2271 2569//2423 2409//2269
f 2409//2269 2569//2423 2567//2421
f 2412//2272 2410//2270 2570//2424
f 2570//2424 2410//2270 2568//2422
f 2413//2273 2571//2425 2411//2271
f 2411//2271 2571//2425 2569//2423
f 2414//2274 2412//2272 2572//2426
f 2572//2426 2412//2272 2570//2424
f 2572//2426 2570//2424 2573//2427
f 2572//2426 2573//2427 2574//2428
f 2415//154 2575//2429 2413//2273
f 2413//2273 2575//2429 2571//2425
f 2414//2274 2572//2426 2416//2275
f 2416//2275 2572//2426 2417//2276
f 2417//2276 2572//2426 2574//2428
f 2417//2276 2574//2428 2576//2430
f 2576//2430 2574//2428 2577//2431
f 2576//2430 2577//2431 2578//2432
f 2418//2277 2579//2433 2419//31
f 2419//31 2579//2433 2580//31
f 2419//31 2580//31 2415//154
f 2415//154 2580//31 2575//2429
f 2417//2276 2576//2430 2420//2278
f 2420//2278 2576//2430 2421//2279
f 2421//2279 2576//2430 2578//2432
f 2421//2279 2578//2432 2581//2434
f 2421//2279 2581//2434 2422//2280
f 2422//2280 2581//2434 2582//2435
f 2422//2280 2582//2435 2423//2281
f 2423//2281 2582//2435 2583//2436
f 2423//2281 2583//2436 2424//2282
f 2424//2282 2583//2436 2584//2437
f 2424//2282 2584//2437 2418//2277
f 2418//2277 2584//2437 2579//2433
f 2427//2285 2426//2284 2585//2438
f 2585//2438 2426//2284 2586//2439
f 2426//2284 2428//2286 2586//2439
f 2586//2439 2428//2286 2587//2440
f 2428//2286 2429//2287 2587//2440
f 2587//2440 2429//2287 2588//2441
f 2587//2440 2588//2441 2589//2442
f 2429//2287 2431//2289 2588//2441
f 2590//2443 2591//2444 2592//2445
f 2434//2292 2435//2293 2590//2443
f 2590//2443 2435//2293 2593//2446
f 2590//2443 2593//2446 2591//2444
f 2435//2293 2436//2294 2593//2446
f 2593//2446 2436//2294 2594//2447
f 2436//2294 2427//2285 2594//2447
f 2594//2447 2427//2285 2585//2438
f 2588//2441 2595//2448 2589//2442
f 2431//2289 2437//2295 2588//2441
f 2588//2441 2437//2295 2596//2449
f 2588//2441 2596//2449 2595//2448
f 2437//2295 2438//2296 2596//2449
f 2596//2449 2438//2296 2597//2450
f 2438//2296 2439//2297 2597//2450
f 2597//2450 2439//2297 2598//2451
f 2439//2297 2440//2298 2598//2451
f 2598//2451 2440//2298 2599//2452
f 2440//2298 2441//2299 2599//2452
f 2599//2452 2441//2299 2600//2453
f 2441//2299 2442//2300 2600//2453
f 2600//2453 2442//2300 2601//2454
f 2600//2453 2601//2454 2602//2455
f 2442//2300 2444//2302 2601//2454
f 2603//2456 2604//2457 2605//2458
f 2445//2303 2446//2160 2603//2456
f 2603//2456 2446//2160 2606//2459
f 2603//2456 2606//2459 2604//2457
f 2446//2160 2447//2304 2606//2459
f 2606//2459 2447//2304 2590//2443
f 2606//2459 2590//2443 2592//2445
f 2447//2304 2434//2292 2590//2443
f 2601//2454 2607//2460 2602//2455
f 2444//2302 2448//2305 2601//2454
f 2601//2454 2448//2305 2608//2461
f 2601//2454 2608//2461 2607//2460
f 2607//2460 2608//2461 2609//2462
f 2448//2305 2450//2307 2608//2461
f 2451//2308 2452//2309 2610//2463
f 2610//2463 2452//2309 2611//2464
f 2452//2309 2453//2310 2611//2464
f 2611//2464 2453//2310 2603//2456
f 2611//2464 2603//2456 2605//2458
f 2453//2310 2445//2303 2603//2456
f 2608//2461 2612//2465 2609//2462
f 2609//2462 2612//2465 2613//2466
f 2455//2312 2612//2465 2450//2307
f 2450//2307 2612//2465 2608//2461
f 2614//2467 2615//2468 2616//2469
f 2458//2315 2457//2314 2614//2467
f 2614//2467 2457//2314 2617//2470
f 2614//2467 2617//2470 2615//2468
f 2457//2314 2451//2308 2617//2470
f 2617//2470 2451//2308 2610//2463
f 2460//2317 2618//2471 2461//2318
f 2461//2318 2618//2471 2613//2466
f 2461//2318 2613//2466 2612//2465
f 2461//2318 2612//2465 2455//2312
f 2619//2472 2620//2473 2621//2474
f 2463//2320 2464//2321 2619//2472
f 2619//2472 2464//2321 2614//2467
f 2619//2472 2614//2467 2620//2473
f 2620//2473 2614//2467 2616//2469
f 2464//2321 2458//2315 2614//2467
f 2622//2475 2623//2476 2624//2477
f 2622//2475 2624//2477 2625//2478
f 2625//2478 2624//2477 2626//2479
f 2625//2478 2626//2479 2627//2480
f 2627//2480 2626//2479 2628//2481
f 2627//2480 2628//2481 2629//2482
f 2630//2483 2631//2484 2632//2485
f 2466//2323 2630//2483 2467//2324
f 2467//2324 2630//2483 2632//2485
f 2467//2324 2632//2485 2633//2486
f 2467//2324 2633//2486 2460//2317
f 2460//2317 2633//2486 2618//2471
f 2471//2328 2470//2327 2634//2487
f 2634//2487 2470//2327 2619//2472
f 2634//2487 2619//2472 2621//2474
f 2470//2327 2463//2320 2619//2472
f 2622//2475 2635//2488 2623//2476
f 2623//2476 2635//2488 2636//2489
f 2622//2475 2625//2478 2635//2488
f 2635//2488 2625//2478 2637//2490
f 2473//2330 2637//2490 2474//2331
f 2474//2331 2637//2490 2625//2478
f 2474//2331 2625//2478 2627//2480
f 2474//2331 2627//2480 2476//2333
f 2476//2333 2627//2480 2629//2482
f 2476//2333 2629//2482 2638//2491
f 2476//2333 2638//2491 2478//2335
f 2478//2335 2638//2491 2631//2484
f 2478//2335 2631//2484 2630//2483
f 2478//2335 2630//2483 2466//2323
f 2639//2492 2640//2493 2641//2494
f 2481//2338 2471//2328 2639//2492
f 2639//2492 2471//2328 2634//2487
f 2639//2492 2634//2487 2640//2493
f 2635//2488 2642//2495 2636//2489
f 2635//2488 2637//2490 2642//2495
f 2642//2495 2637//2490 2643//2496
f 2642//2495 2643//2496 2644//2497
f 2483//2340 2643//2496 2473//2330
f 2473//2330 2643//2496 2637//2490
f 2488//2345 2487//2344 2645//2498
f 2487//2344 2490//2347 2645//2498
f 2639//2492 2641//2494 2646//2361
f 2646//2361 2641//2494 2647//2499
f 2494//2351 2481//2338 2646//2361
f 2646//2361 2481//2338 2639//2492
f 2643//2496 2648//2500 2644//2497
f 2483//2340 2495//2352 2643//2496
f 2643//2496 2495//2352 2649//2501
f 2643//2496 2649//2501 2648//2500
f 2648//2500 2649//2501 2650//2502
f 2495//2352 2496//2353 2649//2501
f 2649//2501 2496//2353 2651//2503
f 2496//2353 2497//2354 2651//2503
f 2651//2503 2497//2354 2652//2504
f 2497//2354 2498//2355 2652//2504
f 2652//2504 2498//2355 2653//2505
f 2498//2355 2488//2345 2653//2505
f 2653//2505 2488//2345 2645//2498
f 2653//2505 2645//2498 2654//2506
f 2654//2506 2645//2498 2655//2507
f 2490//2347 2499//2356 2645//2498
f 2645//2498 2499//2356 2656//2508
f 2645//2498 2656//2508 2655//2507
f 2655//2507 2656//2508 2657//2509
f 2499//2356 2500//2357 2656//2508
f 2656//2508 2500//2357 2658//2357
f 2656//2508 2658//2357 2659//2510
f 2500//2357 2501//2358 2658//2357
f 2658//2357 2501//2358 2660//2358
f 2501//2358 2502//2359 2660//2358
f 2660//2358 2502//2359 2661//2359
f 2505//2360 2504//2361 2662//2511
f 2662//2511 2504//2361 2646//2361
f 2662//2511 2646//2361 2647//2499
f 2504//2361 2494//2351 2646//2361
f 2649//2501 2663//2512 2650//2502
f 2649//2501 2651//2503 2663//2512
f 2663//2512 2651//2503 2664//2513
f 2651//2503 2652//2504 2664//2513
f 2664//2513 2652//2504 2665//2514
f 2652//2504 2653//2505 2665//2514
f 2665//2514 2653//2505 2666//2515
f 2653//2505 2654//2506 2666//2515
f 2656//2508 2667//2516 2657//2509
f 2656//2508 2659//2510 2667//2516
f 2507//2362 2505//2360 2668//2517
f 2668//2517 2505//2360 2662//2511
f 2507//2362 2668//2517 2508//2363
f 2508//2363 2668//2517 2669//2518
f 2508//2363 2669//2518 2670//2519
f 2508//2363 2670//2519 2509//2364
f 2670//2519 2669//2518 2671//2520
f 2671//2520 2669//2518 2672//2521
f 2510//2365 2509//2364 2671//2520
f 2671//2520 2509//2364 2670//2519
f 2671//2520 2672//2521 2673//2522
f 2510//2365 2671//2520 2512//2367
f 2512//2367 2671//2520 2673//2522
f 2512//2367 2673//2522 2674//2523
f 2674//2523 2673//2522 2675//2524
f 2512//2367 2674//2523 2514//2369
f 2676//2525 2677//2526 2678//2527
f 2676//2525 2678//2527 2679//2528
f 2674//2523 2675//2524 2680//2529
f 2514//2369 2674//2523 2515//2370
f 2515//2370 2674//2523 2680//2529
f 2515//2370 2680//2529 2681//2530
f 2681//2530 2680//2529 2682//2531
f 2515//2370 2681//2530 2516//2371
f 2516//2371 2681//2530 2683//2532
f 2516//2371 2683//2532 2684//2533
f 2516//2371 2684//2533 2517//2372
f 2517//2372 2684//2533 2685//2534
f 2517//2372 2685//2534 2518//2373
f 2518//2373 2685//2534 2686//2535
f 2518//2373 2686//2535 2519//2374
f 2519//2374 2686//2535 2687//2536
f 2519//2374 2687//2536 2520//2375
f 2520//2375 2687//2536 2688//2536
f 2520//2375 2688//2536 2521//2376
f 2521//2376 2688//2536 2689//2537
f 2521//2376 2689//2537 2522//2377
f 2522//2377 2689//2537 2690//2538
f 2522//2377 2690//2538 2523//2378
f 2523//2378 2690//2538 2691//2539
f 2523//2378 2691//2539 2524//2379
f 2524//2379 2691//2539 2677//2526
f 2524//2379 2677//2526 2676//2525
f 2524//2379 2676//2525 2525//2380
f 2525//2380 2676//2525 2679//2528
f 2525//2380 2679//2528 2692//2540
f 2525//2380 2692//2540 2526//2381
f 2526//2381 2692//2540 2693//2541
f 2681//2530 2682//2531 2694//2542
f 2681//2530 2694//2542 2683//2532
f 2527//2382 2526//2381 2695//2543
f 2695//2543 2526//2381 2693//2541
f 2530//2384 2527//2382 2696//2544
f 2696//2544 2527//2382 2695//2543
f 2697//2545 2698//2546 2699//2547
f 2532//2386 2530//2384 2700//2548
f 2700//2548 2530//2384 2696//2544
f 2533//2387 2701//2549 2534//2388
f 2534//2388 2701//2549 2702//2550
f 2534//2388 2702//2550 2535//2389
f 2535//2389 2702//2550 2698//2546
f 2535//2389 2698//2546 2697//2545
f 2532//2386 2700//2548 2536//2390
f 2536//2390 2700//2548 2703//2551
f 2536//2390 2703//2551 2704//2552
f 2536//2390 2704//2552 2537//2391
f 2705//2553 2706//2554 2707//2555
f 2538//2392 2705//2553 2539//2393
f 2539//2393 2705//2553 2707//2555
f 2539//2393 2707//2555 2708//2556
f 2539//2393 2708//2556 2533//2387
f 2533//2387 2708//2556 2701//2549
f 2704//2552 2703//2551 2709//2557
f 2537//2391 2704//2552 2540//2394
f 2540//2394 2704//2552 2709//2557
f 2540//2394 2709//2557 2710//2558
f 2710//2558 2709//2557 2711//2559
f 2540//2394 2710//2558 2541//2395
f 2545//2399 2712//2560 2546//2400
f 2546//2400 2712//2560 2547//2401
f 2547//2401 2712//2560 2713//2561
f 2547//2401 2713//2561 2714//2562
f 2547//2401 2714//2562 2548//2402
f 2548//2402 2714//2562 2706//2554
f 2548//2402 2706//2554 2705//2553
f 2548//2402 2705//2553 2538//2392
f 2710//2558 2711//2559 2715//2563
f 2541//2395 2710//2558 2549//2403
f 2549//2403 2710//2558 2715//2563
f 2549//2403 2715//2563 2716//2564
f 2549//2403 2716//2564 2550//2404
f 2550//2404 2716//2564 2717//2565
f 2550//2404 2717//2565 2551//2405
f 2551//2405 2717//2565 2718//2566
f 2551//2405 2718//2566 2545//2399
f 2545//2399 2718//2566 2719//2567
f 2545//2399 2719//2567 2712//2560
f 2712//2560 2719//2567 2713//2561
f 2552//2406 2553//2407 2720//2568
f 2720//2568 2553//2407 2721//2569
f 2553//2407 2554//2408 2721//2569
f 2721//2569 2554//2408 2722//2570
f 2554//2408 2555//2409 2722//2570
f 2722//2570 2555//2409 2723//2571
f 2555//2409 2557//2411 2723//2571
f 2723//2571 2557//2411 2724//2572
f 2557//2411 2559//2413 2724//2572
f 2724//2572 2559//2413 2725//2573
f 2559//2413 2560//2414 2725//2573
f 2725//2573 2560//2414 2726//2574
f 2561//2415 2562//2416 2727//2575
f 2727//2575 2562//2416 2728//2576
f 2562//2416 2552//2406 2728//2576
f 2728//2576 2552//2406 2720//2568
f 2560//2414 2564//2418 2726//2574
f 2726//2574 2564//2418 2729//2577
f 2564//2418 2565//2419 2729//2577
f 2729//2577 2565//2419 2730//2578
f 2566//2420 2561//2415 2731//2579
f 2731//2579 2561//2415 2727//2575
f 2567//2421 2732//2580 2565//2419
f 2565//2419 2732//2580 2730//2578
f 2568//2422 2566//2420 2733//2581
f 2733//2581 2566//2420 2731//2579
f 2569//2423 2734//2582 2567//2421
f 2567//2421 2734//2582 2732//2580
f 2570//2424 2568//2422 2735//2583
f 2735//2583 2568//2422 2733//2581
f 2571//2425 2736//2584 2569//2423
f 2569//2423 2736//2584 2734//2582
f 2570//2424 2735//2583 2573//2427
f 2573//2427 2735//2583 2737//2585
f 2573//2427 2737//2585 2574//2428
f 2574//2428 2737//2585 2738//2586
f 2575//2429 2739//2587 2571//2425
f 2571//2425 2739//2587 2736//2584
f 2574//2428 2738//2586 2577//2431
f 2577//2431 2738//2586 2740//2588
f 2577//2431 2740//2588 2578//2432
f 2578//2432 2740//2588 2741//2589
f 2579//2433 2742//2590 2580//31
f 2580//31 2742//2590 2743//2591
f 2580//31 2743//2591 2575//2429
f 2575//2429 2743//2591 2739//2587
f 2578//2432 2741//2589 2581//2434
f 2581//2434 2741//2589 2744//2592
f 2581//2434 2744//2592 2582//2435
f 2582//2435 2744//2592 2745//2593
f 2582//2435 2745//2593 2583//2436
f 2583//2436 2745//2593 2746//2594
f 2583//2436 2746//2594 2584//2437
f 2584//2437 2746//2594 2747//2595
f 2584//2437 2747//2595 2579//2433
f 2579//2433 2747//2595 2742//2590
f 2585//2438 2586//2439 2748//2596
f 2586//2439 2587//2440 2748//2596
f 2748//2596 2587//2440 2749//2597
f 2587//2440 2589//2442 2749//2597
f 2592//2445 2591//2444 2750//2598
f 2750//2598 2591//2444 2751//2599
f 2591//2444 2593//2446 2751//2599
f 2751//2599 2593//2446 2752//2600
f 2593//2446 2594//2447 2752//2600
f 2752//2600 2594//2447 2753//2601
f 2594//2447 2585//2438 2753//2601
f 2753//2601 2585//2438 2748//2596
f 2753//2601 2748//2596 2754//2602
f 2748//2596 2749//2597 2754//2602
f 2754//2602 2749//2597 2755//2603
f 2589//2442 2595//2448 2749//2597
f 2749//2597 2595//2448 2756//2604
f 2749//2597 2756//2604 2755//2603
f 2755//2603 2756//2604 2757//2605
f 2595//2448 2596//2449 2756//2604
f 2756//2604 2596//2449 2758//2606
f 2596//2449 2597//2450 2758//2606
f 2758//2606 2597//2450 2759//2607
f 2758//2606 2759//2607 2760//2608
f 2597//2450 2598//2451 2759//2607
f 2759//2607 2598//2451 2761//2609
f 2598//2451 2599//2452 2761//2609
f 2761//2609 2599//2452 2762//2610
f 2599//2452 2600//2453 2762//2610
f 2762//2610 2600//2453 2763//2611
f 2600//2453 2602//2455 2763//2611
f 2763//2611 2602//2455 2764//2612
f 2605//2458 2604//2457 2765//2613
f 2765//2613 2604//2457 2766//2614
f 2604//2457 2606//2459 2766//2614
f 2766//2614 2606//2459 2767//2615
f 2606//2459 2592//2445 2767//2615
f 2767//2615 2592//2445 2750//2598
f 2756//2604 2768//2616 2757//2605
f 2757//2605 2768//2616 2769//2617
f 2756//2604 2758//2606 2768//2616
f 2768//2616 2758//2606 2770//2618
f 2768//2616 2770//2618 2771//2619
f 2758//2606 2760//2608 2770//2618
f 2602//2455 2607//2460 2764//2612
f 2764//2612 2607//2460 2772//2620
f 2607//2460 2609//2462 2772//2620
f 2772//2620 2609//2462 2773//2621
f 2774//2622 2775//2623 2776//2624
f 2610//2463 2611//2464 2774//2622
f 2774//2622 2611//2464 2777//2625
f 2774//2622 2777//2625 2775//2623
f 2611//2464 2605//2458 2777//2625
f 2777//2625 2605//2458 2765//2613
f 2768//2616 2778//2626 2769//2617
f 2769//2617 2778//2626 2779//2627
f 2768//2616 2771//2619 2778//2626
f 2778//2626 2771//2619 2780//2628
f 2613//2466 2781//2629 2609//2462
f 2609//2462 2781//2629 2773//2621
f 2616//2469 2615//2468 2782//2630
f 2782//2630 2615//2468 2783//2631
f 2615//2468 2617//2470 2783//2631
f 2783//2631 2617//2470 2774//2622
f 2783//2631 2774//2622 2776//2624
f 2617//2470 2610//2463 2774//2622
f 2778//2626 2784//2632 2779//2627
f 2779//2627 2784//2632 2785//2633
f 2778//2626 2780//2628 2784//2632
f 2784//2632 2780//2628 2786//2634
f 2784//2632 2786//2634 2787//2635
f 2787//2635 2786//2634 2788//2636
f 2618//2471 2789//2637 2613//2466
f 2613//2466 2789//2637 2781//2629
f 2621//2474 2620//2473 2790//2638
f 2790//2638 2620//2473 2791//2639
f 2620//2473 2616//2469 2791//2639
f 2791//2639 2616//2469 2782//2630
f 2784//2632 2792//2640 2785//2633
f 2785//2633 2792//2640 2793//2641
f 2623//2476 2792//2640 2624//2477
f 2624//2477 2792//2640 2784//2632
f 2624//2477 2784//2632 2787//2635
f 2624//2477 2787//2635 2626//2479
f 2626//2479 2787//2635 2788//2636
f 2626//2479 2788//2636 2794//2642
f 2626//2479 2794//2642 2628//2481
f 2628//2481 2794//2642 2795//2643
f 2628//2481 2795//2643 2629//2482
f 2629//2482 2795//2643 2796//2644
f 2631//2484 2797//2645 2632//2485
f 2632//2485 2797//2645 2798//2646
f 2632//2485 2798//2646 2633//2486
f 2633//2486 2798//2646 2799//2647
f 2633//2486 2799//2647 2618//2471
f 2618//2471 2799//2647 2789//2637
f 2800//2648 2801//2649 2802//2650
f 2634//2487 2621//2474 2800//2648
f 2800//2648 2621//2474 2790//2638
f 2800//2648 2790//2638 2801//2649
f 2792//2640 2803//2651 2793//2641
f 2793//2641 2803//2651 2804//2652
f 2636//2489 2803//2651 2623//2476
f 2623//2476 2803//2651 2792//2640
f 2629//2482 2796//2644 2638//2491
f 2638//2491 2796//2644 2805//2653
f 2638//2491 2805//2653 2631//2484
f 2631//2484 2805//2653 2797//2645
f 2641//2494 2640//2493 2806//2654
f 2806//2654 2640//2493 2800//2648
f 2806//2654 2800//2648 2802//2650
f 2640//2493 2634//2487 2800//2648
f 2803//2651 2807//2655 2804//2652
f 2636//2489 2642//2495 2803//2651
f 2803//2651 2642//2495 2808//2656
f 2803//2651 2808//2656 2807//2655
f 2807//2655 2808//2656 2809//2657
f 2642//2495 2644//2497 2808//2656
f 2647//2499 2641//2494 2810//2658
f 2810//2658 2641//2494 2806//2654
f 2808//2656 2811//2659 2809//2657
f 2644//2497 2648//2500 2808//2656
f 2808//2656 2648//2500 2812//2660
f 2808//2656 2812//2660 2811//2659
f 2811//2659 2812//2660 2813//2661
f 2648//2500 2650//2502 2812//2660
f 2654//2506 2655//2507 2814//2662
f 2655//2507 2657//2509 2814//2662
f 2659//2510 2658//2357 2815//2663
f 2658//2357 2660//2358 2815//2663
f 2815//2663 2660//2358 2816//2664
f 2660//2358 2661//2359 2816//2664
f 2816//2664 2661//2359 2817//2665
f 2662//2511 2647//2499 2818//2666
f 2818//2666 2647//2499 2810//2658
f 2812//2660 2819//2667 2813//2661
f 2650//2502 2663//2512 2812//2660
f 2812//2660 2663//2512 2820//2668
f 2812//2660 2820//2668 2819//2667
f 2663//2512 2664//2513 2820//2668
f 2820//2668 2664//2513 2821//2669
f 2820//2668 2821//2669 2822//2670
f 2664//2513 2665//2514 2821//2669
f 2821//2669 2665//2514 2823//2671
f 2665//2514 2666//2515 2823//2671
f 2823//2671 2666//2515 2824//2672
f 2823//2671 2824//2672 2825//2673
f 2666//2515 2654//2506 2824//2672
f 2824//2672 2654//2506 2814//2662
f 2824//2672 2814//2662 2826//2674
f 2657//2509 2667//2516 2814//2662
f 2814//2662 2667//2516 2827//2675
f 2814//2662 2827//2675 2826//2674
f 2667//2516 2659//2510 2827//2675
f 2827//2675 2659//2510 2815//2663
f 2827//2675 2815//2663 2828//2676
f 2815//2663 2816//2664 2828//2676
f 2828//2676 2816//2664 2829//2677
f 2816//2664 2817//2665 2829//2677
f 2829//2677 2817//2665 2830//2678
f 2668//2517 2662//2511 2831//2679
f 2831//2679 2662//2511 2818//2666
f 2821//2669 2832//2680 2822//2670
f 2821//2669 2823//2671 2832//2680
f 2832//2680 2823//2671 2833//2681
f 2823//2671 2825//2673 2833//2681
f 2669//2518 2668//2517 2834//2682
f 2834//2682 2668//2517 2831//2679
f 2672//2521 2669//2518 2835//2683
f 2835//2683 2669//2518 2834//2682
f 2836//2684 2837//2685 2838//2686
f 2836//2684 2838//2686 2839//2687
f 2672//2521 2835//2683 2673//2522
f 2673//2522 2835//2683 2840//2688
f 2673//2522 2840//2688 2841//2689
f 2673//2522 2841//2689 2675//2524
f 2842//2690 2843//2691 2844//2692
f 2677//2526 2842//2690 2678//2527
f 2678//2527 2842//2690 2844//2692
f 2678//2527 2844//2692 2845//2693
f 2678//2527 2845//2693 2679//2528
f 2679//2528 2845//2693 2837//2685
f 2679//2528 2837//2685 2846//2694
f 2846//2694 2837//2685 2836//2684
f 2836//2684 2839//2687 2846//2694
f 2846//2694 2839//2687 2847//2695
f 2841//2689 2840//2688 2848//2696
f 2675//2524 2841//2689 2680//2529
f 2680//2529 2841//2689 2848//2696
f 2680//2529 2848//2696 2849//2697
f 2849//2697 2848//2696 2850//2698
f 2680//2529 2849//2697 2682//2531
f 2683//2532 2851//2699 2684//2533
f 2684//2533 2851//2699 2685//2534
f 2685//2534 2851//2699 2852//2700
f 2685//2534 2852//2700 2686//2535
f 2686//2535 2852//2700 2853//2701
f 2686//2535 2853//2701 2854//2702
f 2686//2535 2854//2702 2687//2536
f 2687//2536 2854//2702 2855//2537
f 2687//2536 2855//2537 2688//2536
f 2688//2536 2855//2537 2856//2703
f 2688//2536 2856//2703 2689//2537
f 2689//2537 2856//2703 2857//2704
f 2689//2537 2857//2704 2690//2538
f 2690//2538 2857//2704 2858//2705
f 2690//2538 2858//2705 2691//2539
f 2691//2539 2858//2705 2843//2691
f 2691//2539 2843//2691 2842//2690
f 2691//2539 2842//2690 2677//2526
f 2679//2528 2846//2694 2692//2540
f 2692//2540 2846//2694 2693//2541
f 2693//2541 2846//2694 2847//2695
f 2693//2541 2847//2695 2859//2706
f 2849//2697 2850//2698 2860//2707
f 2682//2531 2849//2697 2694//2542
f 2694//2542 2849//2697 2860//2707
f 2694//2542 2860//2707 2861//2708
f 2694//2542 2861//2708 2683//2532
f 2683//2532 2861//2708 2862//2709
f 2683//2532 2862//2709 2851//2699
f 2851//2699 2862//2709 2852//2700
f 2852//2700 2862//2709 2863//2710
f 2852//2700 2863//2710 2853//2701
f 2695//2543 2693//2541 2864//2711
f 2864//2711 2693//2541 2859//2706
f 2696//2544 2695//2543 2865//2712
f 2865//2712 2695//2543 2864//2711
f 2866//2713 2867//2714 2868//2715
f 2698//2546 2866//2713 2699//2547
f 2699//2547 2866//2713 2868//2715
f 2699//2547 2868//2715 2869//2716
f 2700//2548 2696//2544 2870//2717
f 2870//2717 2696//2544 2865//2712
f 2871//2718 2872//2719 2873//2720
f 2701//2549 2871//2718 2702//2550
f 2702//2550 2871//2718 2873//2720
f 2702//2550 2873//2720 2866//2713
f 2866//2713 2873//2720 2867//2714
f 2702//2550 2866//2713 2698//2546
f 2703//2551 2700//2548 2874//2721
f 2874//2721 2700//2548 2870//2717
f 2706//2554 2875//2722 2707//2555
f 2707//2555 2875//2722 2876//2723
f 2707//2555 2876//2723 2708//2556
f 2708//2556 2876//2723 2872//2719
f 2708//2556 2872//2719 2871//2718
f 2708//2556 2871//2718 2701//2549
f 2703//2551 2874//2721 2709//2557
f 2709//2557 2874//2721 2877//2724
f 2709//2557 2877//2724 2878//2725
f 2709//2557 2878//2725 2711//2559
f 2713//2561 2879//2726 2714//2562
f 2714//2562 2879//2726 2880//2727
f 2714//2562 2880//2727 2706//2554
f 2706//2554 2880//2727 2875//2722
f 2878//2725 2877//2724 2881//2728
f 2711//2559 2878//2725 2715//2563
f 2715//2563 2878//2725 2881//2728
f 2715//2563 2881//2728 2882//2729
f 2715//2563 2882//2729 2716//2564
f 2716//2564 2882//2729 2883//2730
f 2716//2564 2883//2730 2884//2731
f 2716//2564 2884//2731 2717//2565
f 2717//2565 2884//2731 2885//2732
f 2717//2565 2885//2732 2886//2733
f 2717//2565 2886//2733 2718//2566
f 2718//2566 2886//2733 2887//2734
f 2718//2566 2887//2734 2719//2567
f 2719//2567 2887//2734 2888//2735
f 2719//2567 2888//2735 2713//2561
f 2713//2561 2888//2735 2879//2726
f 2884//2731 2883//2730 2889//1986
f 2884//2731 2889//1986 2885//2732
f 2720//2568 2721//2569 2890//2736
f 2890//2736 2721//2569 2891//2737
f 2721//2569 2722//2570 2891//2737
f 2891//2737 2722//2570 2892//2738
f 2722//2570 2723//2571 2892//2738
f 2892//2738 2723//2571 2893//2739
f 2723//2571 2724//2572 2893//2739
f 2893//2739 2724//2572 2894//2740
f 2724//2572 2725//2573 2894//2740
f 2894//2740 2725//2573 2895//2741
f 2725//2573 2726//2574 2895//2741
f 2895//2741 2726//2574 2896//2742
f 2727//2575 2728//2576 2897//2743
f 2897//2743 2728//2576 2898//2744
f 2728//2576 2720//2568 2898//2744
f 2898//2744 2720//2568 2890//2736
f 2726//2574 2729//2577 2896//2742
f 2896//2742 2729//2577 2899//2745
f 2729//2577 2730//2578 2899//2745
f 2899//2745 2730//2578 2900//2746
f 2731//2579 2727//2575 2901//2747
f 2901//2747 2727//2575 2897//2743
f 2732//2580 2902//2748 2730//2578
f 2730//2578 2902//2748 2903//2749
f 2730//2578 2903//2749 2900//2746
f 2902//2748 2904//2750 2903//2749
f 2733//2581 2731//2579 2905//2751
f 2905//2751 2731//2579 2901//2747
f 2734//2582 2906//2752 2732//2580
f 2732//2580 2906//2752 2902//2748
f 2902//2748 2906//2752 2904//2750
f 2904//2750 2906//2752 2907//2753
f 2735//2583 2733//2581 2908//2754
f 2908//2754 2733//2581 2905//2751
f 2736//2584 2909//2755 2734//2582
f 2734//2582 2909//2755 2910//2756
f 2734//2582 2910//2756 2906//2752
f 2906//2752 2910//2756 2907//2753
f 2735//2583 2908//2754 2737//2585
f 2737//2585 2908//2754 2911//2757
f 2737//2585 2911//2757 2738//2586
f 2738//2586 2911//2757 2912//2758
f 2739//2587 2913//2759 2736//2584
f 2736//2584 2913//2759 2909//2755
f 2738//2586 2912//2758 2740//2588
f 2740//2588 2912//2758 2914//2760
f 2740//2588 2914//2760 2741//2589
f 2741//2589 2914//2760 2915//2761
f 2742//2590 2916//2762 2743//2591
f 2743//2591 2916//2762 2917//2763
f 2743//2591 2917//2763 2739//2587
f 2739//2587 2917//2763 2913//2759
f 2741//2589 2915//2761 2744//2592
f 2744//2592 2915//2761 2918//2764
f 2744//2592 2918//2764 2745//2593
f 2745//2593 2918//2764 2919//2765
f 2745//2593 2919//2765 2746//2594
f 2746//2594 2919//2765 2920//2766
f 2746//2594 2920//2766 2747//2595
f 2747//2595 2920//2766 2921//2767
f 2747//2595 2921//2767 2742//2590
f 2742//2590 2921//2767 2916//2762
f 2750//2598 2751//2599 2922//2768
f 2751//2599 2752//2600 2922//2768
f 2922//2768 2752//2600 2923//2769
f 2752//2600 2753//2601 2923//2769
f 2923//2769 2753//2601 2924//2770
f 2753//2601 2754//2602 2924//2770
f 2924//2770 2754//2602 2925//2771
f 2754//2602 2755//2603 2925//2771
f 2925//2771 2755//2603 2926//2772
f 2755//2603 2757//2605 2926//2772
f 2760//2608 2759//2607 2927//2773
f 2927//2773 2759//2607 2928//2774
f 2759//2607 2761//2609 2928//2774
f 2928//2774 2761//2609 2929//2775
f 2761//2609 2762//2610 2929//2775
f 2929//2775 2762//2610 2930//2776
f 2762//2610 2763//2611 2930//2776
f 2930//2776 2763//2611 2931//2777
f 2930//2776 2931//2777 2932//2778
f 2763//2611 2764//2612 2931//2777
f 2765//2613 2766//2614 2933//2779
f 2933//2779 2766//2614 2934//2780
f 2766//2614 2767//2615 2934//2780
f 2934//2780 2767//2615 2935//2781
f 2767//2615 2750//2598 2935//2781
f 2935//2781 2750//2598 2922//2768
f 2935//2781 2922//2768 2936//2782
f 2922//2768 2923//2769 2936//2782
f 2936//2782 2923//2769 2937//2783
f 2923//2769 2924//2770 2937//2783
f 2937//2783 2924//2770 2938//2784
f 2924//2770 2925//2771 2938//2784
f 2938//2784 2925//2771 2939//2785
f 2925//2771 2926//2772 2939//2785
f 2939//2785 2926//2772 2940//2786
f 2939//2785 2940//2786 2941//2787
f 2769//2617 2940//2786 2757//2605
f 2757//2605 2940//2786 2926//2772
f 2771//2619 2770//2618 2942//2788
f 2770//2618 2760//2608 2942//2788
f 2942//2788 2760//2608 2927//2773
f 2942//2788 2927//2773 2943//2789
f 2931//2777 2944//2790 2932//2778
f 2764//2612 2772//2620 2931//2777
f 2931//2777 2772//2620 2945//2791
f 2931//2777 2945//2791 2944//2790
f 2772//2620 2773//2621 2945//2791
f 2945//2791 2773//2621 2946//2792
f 2776//2624 2775//2623 2947//2793
f 2947//2793 2775//2623 2948//2794
f 2775//2623 2777//2625 2948//2794
f 2948//2794 2777//2625 2949//2795
f 2777//2625 2765//2613 2949//2795
f 2949//2795 2765//2613 2933//2779
f 2940//2786 2950//2796 2941//2787
f 2941//2787 2950//2796 2951//2797
f 2779//2627 2950//2796 2769//2617
f 2769//2617 2950//2796 2940//2786
f 2780//2628 2771//2619 2952//2798
f 2952//2798 2771//2619 2942//2788
f 2942//2788 2943//2789 2952//2798
f 2952//2798 2943//2789 2953//2799
f 2781//2629 2954//2800 2773//2621
f 2773//2621 2954//2800 2946//2792
f 2782//2630 2783//2631 2955//2801
f 2955//2801 2783//2631 2956//2802
f 2783//2631 2776//2624 2956//2802
f 2956//2802 2776//2624 2947//2793
f 2957//2803 2958//2804 2959//2805
f 2957//2803 2959//2805 2960//2806
f 2960//2806 2959//2805 2951//2797
f 2960//2806 2951//2797 2950//2796
f 2785//2633 2960//2806 2779//2627
f 2779//2627 2960//2806 2950//2796
f 2780//2628 2952//2798 2786//2634
f 2786//2634 2952//2798 2788//2636
f 2788//2636 2952//2798 2953//2799
f 2788//2636 2953//2799 2961//2807
f 2789//2637 2962//2808 2781//2629
f 2781//2629 2962//2808 2954//2800
f 2790//2638 2791//2639 2963//2809
f 2963//2809 2791//2639 2964//2810
f 2791//2639 2782//2630 2964//2810
f 2964//2810 2782//2630 2955//2801
f 2957//2803 2965//2811 2958//2804
f 2958//2804 2965//2811 2966//2812
f 2957//2803 2960//2806 2965//2811
f 2965//2811 2960//2806 2967//2813
f 2793//2641 2967//2813 2785//2633
f 2785//2633 2967//2813 2960//2806
f 2788//2636 2961//2807 2794//2642
f 2794//2642 2961//2807 2968//2814
f 2794//2642 2968//2814 2969//2815
f 2794//2642 2969//2815 2795//2643
f 2795//2643 2969//2815 2970//2816
f 2795//2643 2970//2816 2796//2644
f 2797//2645 2971//2817 2798//2646
f 2798//2646 2971//2817 2972//2818
f 2798//2646 2972//2818 2799//2647
f 2799//2647 2972//2818 2973//2819
f 2799//2647 2973//2819 2789//2637
f 2789//2637 2973//2819 2962//2808
f 2802//2650 2801//2649 2974//2820
f 2974//2820 2801//2649 2975//2821
f 2801//2649 2790//2638 2975//2821
f 2975//2821 2790//2638 2963//2809
f 2965//2811 2976//2822 2966//2812
f 2966//2812 2976//2822 2977//2823
f 2965//2811 2967//2813 2976//2822
f 2976//2822 2967//2813 2978//2824
f 2804//2652 2978//2824 2793//2641
f 2793//2641 2978//2824 2967//2813
f 2969//2815 2968//2814 2979//2825
f 2969//2815 2979//2825 2970//2816
f 2970//2816 2979//2825 2980//2826
f 2796//2644 2970//2816 2805//2653
f 2805//2653 2970//2816 2980//2826
f 2805//2653 2980//2826 2981//2827
f 2805//2653 2981//2827 2797//2645
f 2797//2645 2981//2827 2971//2817
f 2806//2654 2802//2650 2982//2828
f 2982//2828 2802//2650 2974//2820
f 2976//2822 2983//2829 2977//2823
f 2976//2822 2978//2824 2983//2829
f 2983//2829 2978//2824 2984//2830
f 2983//2829 2984//2830 2985//2831
f 2804//2652 2807//2655 2978//2824
f 2978//2824 2807//2655 2986//2832
f 2978//2824 2986//2832 2984//2830
f 2807//2655 2809//2657 2986//2832
f 2810//2658 2806//2654 2987//15
f 2987//15 2806//2654 2982//2828
f 2984//2830 2988//2833 2985//2831
f 2984//2830 2986//2832 2988//2833
f 2988//2833 2986//2832 2989//2834
f 2988//2833 2989//2834 2990//2835
f 2809//2657 2811//2659 2986//2832
f 2986//2832 2811//2659 2991//2836
f 2986//2832 2991//2836 2989//2834
f 2811//2659 2813//2661 2991//2836
f 2818//2666 2810//2658 2992//15
f 2992//15 2810//2658 2987//15
f 2989//2834 2993//2837 2990//2835
f 2989//2834 2991//2836 2993//2837
f 2993//2837 2991//2836 2994//2838
f 2993//2837 2994//2838 2995//2839
f 2813//2661 2819//2667 2991//2836
f 2991//2836 2819//2667 2996//2840
f 2991//2836 2996//2840 2994//2838
f 2819//2667 2820//2668 2996//2840
f 2996//2840 2820//2668 2997//2841
f 2820//2668 2822//2670 2997//2841
f 2825//2673 2824//2672 2998//2842
f 2824//2672 2826//2674 2998//2842
f 2998//2842 2826//2674 2999//2843
f 2826//2674 2827//2675 2999//2843
f 2999//2843 2827//2675 3000//2844
f 2827//2675 2828//2676 3000//2844
f 3000//2844 2828//2676 3001//2845
f 2828//2676 2829//2677 3001//2845
f 3001//2845 2829//2677 3002//2846
f 2829//2677 2830//2678 3002//2846
f 3002//2846 2830//2678 3003//2847
f 2831//2679 2818//2666 3004//15
f 3004//15 2818//2666 2992//15
f 3005//2848 3006//2849 3007//2850
f 3005//2848 3007//2850 3008//2851
f 3008//2851 3007//2850 2995//2839
f 3008//2851 2995//2839 2994//2838
f 2994//2838 2996//2840 3008//2851
f 3008//2851 2996//2840 3009//2852
f 2996//2840 2997//2841 3009//2852
f 3009//2852 2997//2841 3010//2853
f 3009//2852 3010//2853 3011//2854
f 2822//2670 2832//2680 2997//2841
f 2997//2841 2832//2680 3012//2855
f 2997//2841 3012//2855 3010//2853
f 2832//2680 2833//2681 3012//2855
f 3012//2855 2833//2681 3013//2856
f 2833//2681 2825//2673 3013//2856
f 3013//2856 2825//2673 2998//2842
f 3013//2856 2998//2842 3014//2857
f 2998//2842 2999//2843 3014//2857
f 3014//2857 2999//2843 3015//2858
f 2999//2843 3000//2844 3015//2858
f 3015//2858 3000//2844 3016//2859
f 3000//2844 3001//2845 3016//2859
f 3016//2859 3001//2845 3017//2860
f 3001//2845 3002//2846 3017//2860
f 3017//2860 3002//2846 3018//2861
f 3017//2860 3018//2861 3019//2862
f 3002//2846 3003//2847 3018//2861
f 3018//2861 3003//2847 3020//2863
f 2834//2682 2831//2679 3021//15
f 3021//15 2831//2679 3004//15
f 3005//2848 3022//2864 3006//2849
f 3006//2849 3022//2864 3023//2865
f 3005//2848 3008//2851 3022//2864
f 3022//2864 3008//2851 3024//2866
f 3008//2851 3009//2852 3024//2866
f 3024//2866 3009//2852 3025//2867
f 3024//2866 3025//2867 3026//2868
f 3009//2852 3011//2854 3025//2867
f 3018//2861 3027//2869 3019//2862
f 3018//2861 3020//2863 3027//2869
f 3027//2869 3020//2863 3028//2870
f 2835//2683 2834//2682 3029//2871
f 3029//2871 2834//2682 3021//15
f 3030//2872 3031//2873 3032//2874
f 2837//2685 3030//2872 2838//2686
f 2838//2686 3030//2872 3032//2874
f 2838//2686 3032//2874 3022//2864
f 3022//2864 3032//2874 3023//2865
f 2838//2686 3022//2864 2839//2687
f 2839//2687 3022//2864 3024//2866
f 2839//2687 3024//2866 3033//2875
f 3033//2875 3024//2866 3034//2876
f 3024//2866 3026//2868 3034//2876
f 2840//2688 2835//2683 3035//2877
f 3035//2877 2835//2683 3029//2871
f 3036//2878 3037//2879 3038//2880
f 2843//2691 3036//2878 2844//2692
f 2844//2692 3036//2878 3038//2880
f 2844//2692 3038//2880 3039//2881
f 2844//2692 3039//2881 2845//2693
f 2845//2693 3039//2881 3031//2873
f 2845//2693 3031//2873 3030//2872
f 2845//2693 3030//2872 2837//2685
f 2847//2695 2839//2687 3040//2882
f 3040//2882 2839//2687 3033//2875
f 2840//2688 3035//2877 2848//2696
f 2848//2696 3035//2877 3041//2883
f 2848//2696 3041//2883 2850//2698
f 2850//2698 3041//2883 3042//2884
f 2853//2701 3043//2885 2854//2702
f 2854//2702 3043//2885 3044//2886
f 2854//2702 3044//2886 2855//2537
f 2855//2537 3044//2886 3045//2537
f 2855//2537 3045//2537 2856//2703
f 2856//2703 3045//2537 3046//2887
f 2856//2703 3046//2887 2857//2704
f 2857//2704 3046//2887 3047//2888
f 2857//2704 3047//2888 2858//2705
f 2858//2705 3047//2888 3037//2879
f 2858//2705 3037//2879 3036//2878
f 2858//2705 3036//2878 2843//2691
f 2859//2706 2847//2695 3048//2889
f 3048//2889 2847//2695 3040//2882
f 3049//2890 3050//2891 3051//2892
f 2850//2698 3042//2884 2860//2707
f 2860//2707 3042//2884 3052//2893
f 2860//2707 3052//2893 2861//2708
f 2861//2708 3052//2893 3053//2894
f 2861//2708 3053//2894 2862//2709
f 2862//2709 3053//2894 3054//2895
f 2862//2709 3054//2895 2863//2710
f 2863//2710 3054//2895 3055//2896
f 2863//2710 3055//2896 2853//2701
f 2853//2701 3055//2896 3043//2885
f 3056//2897 3057//2898 3058//2899
f 2864//2711 2859//2706 3056//2897
f 3056//2897 2859//2706 3048//2889
f 3056//2897 3048//2889 3057//2898
f 3049//2890 3059//2900 3050//2891
f 3050//2891 3059//2900 3060//2901
f 3056//2897 3058//2899 3061//2902
f 3061//2902 3058//2899 3062//2903
f 2865//2712 2864//2711 3061//2902
f 3061//2902 2864//2711 3056//2897
f 2867//2714 3063//2904 2868//2715
f 2868//2715 3063//2904 3064//2905
f 2868//2715 3064//2905 2869//2716
f 2869//2716 3064//2905 3060//2901
f 2869//2716 3060//2901 3059//2900
f 3061//2902 3062//2903 3065//2906
f 3065//2906 3062//2903 3066//2907
f 2870//2717 2865//2712 3065//2906
f 3065//2906 2865//2712 3061//2902
f 2872//2719 3067//2908 2873//2720
f 2873//2720 3067//2908 3068//2909
f 2873//2720 3068//2909 2867//2714
f 2867//2714 3068//2909 3063//2904
f 3065//2906 3066//2907 3069//2910
f 3069//2910 3066//2907 3070//2911
f 2874//2721 2870//2717 3069//2910
f 3069//2910 2870//2717 3065//2906
f 2875//2722 3071//2912 2876//2723
f 2876//2723 3071//2912 3072//2913
f 2876//2723 3072//2913 2872//2719
f 2872//2719 3072//2913 3067//2908
f 3069//2910 3070//2911 3073//2914
f 3073//2914 3070//2911 3074//2915
f 2877//2724 2874//2721 3073//2914
f 3073//2914 2874//2721 3069//2910
f 2879//2726 3075//2916 2880//2727
f 2880//2727 3075//2916 3076//2917
f 2880//2727 3076//2917 2875//2722
f 2875//2722 3076//2917 3071//2912
f 3073//2914 3074//2915 3077//2918
f 2877//2724 3073//2914 2881//2728
f 2881//2728 3073//2914 3077//2918
f 2881//2728 3077//2918 3078//2919
f 2881//2728 3078//2919 2882//2729
f 2882//2729 3078//2919 3079//2920
f 2882//2729 3079//2920 3080//2921
f 2882//2729 3080//2921 2883//2730
f 2885//2732 3081//2922 2886//2733
f 2886//2733 3081//2922 2887//2734
f 2887//2734 3081//2922 3082//2923
f 2887//2734 3082//2923 3083//2924
f 2887//2734 3083//2924 2888//2735
f 2888//2735 3083//2924 3084//2925
f 2888//2735 3084//2925 2879//2726
f 2879//2726 3084//2925 3075//2916
f 3080//2921 3079//2920 3085//2926
f 2883//2730 3080//2921 2889//1986
f 2889//1986 3080//2921 3085//2926
f 2889//1986 3085//2926 3086//2927
f 2889//1986 3086//2927 2885//2732
f 2885//2732 3086//2927 3087//2928
f 2885//2732 3087//2928 3081//2922
f 3081//2922 3087//2928 3082//2923
f 2890//2736 2891//2737 3088//2929
f 3088//2929 2891//2737 3089//2930
f 2891//2737 2892//2738 3089//2930
f 3089//2930 2892//2738 3090//2931
f 2892//2738 2893//2739 3090//2931
f 3090//2931 2893//2739 3091//2932
f 2893//2739 2894//2740 3091//2932
f 3091//2932 2894//2740 3092//2933
f 2894//2740 2895//2741 3092//2933
f 3092//2933 2895//2741 3093//2934
f 2895//2741 2896//2742 3093//2934
f 3093//2934 2896//2742 3094//2935
f 2897//2743 2898//2744 3095//2936
f 2898//2744 2890//2736 3095//2936
f 3095//2936 2890//2736 3088//2929
f 3095//2936 3088//2929 3096//2937
f 2896//2742 2899//2745 3094//2935
f 3094//2935 2899//2745 3097//2938
f 2899//2745 2900//2746 3097//2938
f 3097//2938 2900//2746 3098//2939
f 2901//2747 2897//2743 3099//2940
f 3099//2940 2897//2743 3095//2936
f 3099//2940 3095//2936 3100//684
f 3095//2936 3096//2937 3100//684
f 2900//2746 2903//2749 3098//2939
f 3098//2939 2903//2749 3101//2941
f 2903//2749 2904//2750 3101//2941
f 3101//2941 2904//2750 3102//2942
f 2905//2751 2901//2747 3103//2943
f 3103//2943 2901//2747 3099//2940
f 2907//2753 3104//2944 2904//2750
f 2904//2750 3104//2944 3102//2942
f 2908//2754 2905//2751 3105//2945
f 3105//2945 2905//2751 3103//2943
f 3105//2945 3103//2943 3106//2946
f 3105//2945 3106//2946 3107//2947
f 2909//2755 3108//2948 2910//2756
f 2910//2756 3108//2948 3109//2949
f 2910//2756 3109//2949 2907//2753
f 2907//2753 3109//2949 3104//2944
f 2908//2754 3105//2945 2911//2757
f 2911//2757 3105//2945 2912//2758
f 2912//2758 3105//2945 3107//2947
f 2912//2758 3107//2947 3110//2950
f 3111//2951 3112//2952 3113//2953
f 2913//2759 3111//2951 2909//2755
f 2909//2755 3111//2951 3113//2953
f 2909//2755 3113//2953 3108//2948
f 2912//2758 3110//2950 2914//2760
f 2914//2760 3110//2950 3114//2954
f 2914//2760 3114//2954 2915//2761
f 2915//2761 3114//2954 3115//2955
f 2915//2761 3115//2955 3116//2764
f 3116//2764 3115//2955 3117//2956
f 3118//2957 3119//2958 3120//2959
f 2916//2762 3118//2957 2917//2763
f 2917//2763 3118//2957 3120//2959
f 2917//2763 3120//2959 3111//2951
f 3111//2951 3120//2959 3112//2952
f 2917//2763 3111//2951 2913//2759
f 2915//2761 3116//2764 2918//2764
f 2918//2764 3116//2764 2919//2765
f 2919//2765 3116//2764 3117//2956
f 2919//2765 3117//2956 3121//2960
f 2919//2765 3121//2960 2920//2766
f 2920//2766 3121//2960 3122//2961
f 2920//2766 3122//2961 2921//2767
f 2921//2767 3122//2961 3119//2958
f 2921//2767 3119//2958 3118//2957
f 2921//2767 3118//2957 2916//2762
f 2927//2773 2928//2774 3123//2962
f 2928//2774 2929//2775 3123//2962
f 3123//2962 2929//2775 3124//2963
f 2929//2775 2930//2776 3124//2963
f 3124//2963 2930//2776 3125//2964
f 2930//2776 2932//2778 3125//2964
f 2933//2779 2934//2780 3126//2965
f 2934//2780 2935//2781 3126//2965
f 3126//2965 2935//2781 3127//2966
f 3126//2965 3127//2966 3128//2967
f 2935//2781 2936//2782 3127//2966
f 3127//2966 2936//2782 3129//2968
f 3127//2966 3129//2968 3130//2969
f 2936//2782 2937//2783 3129//2968
f 3129//2968 2937//2783 3131//2970
f 2937//2783 2938//2784 3131//2970
f 3131//2970 2938//2784 3132//2971
f 2938//2784 2939//2785 3132//2971
f 3132//2971 2939//2785 3133//2972
f 2939//2785 2941//2787 3133//2972
f 2943//2789 2927//2773 3134//2973
f 3134//2973 2927//2773 3123//2962
f 3134//2973 3123//2962 3135//2974
f 3123//2962 3124//2963 3135//2974
f 3135//2974 3124//2963 3136//2975
f 3124//2963 3125//2964 3136//2975
f 3136//2975 3125//2964 3137//2976
f 2932//2778 2944//2790 3125//2964
f 3125//2964 2944//2790 3138//2977
f 3125//2964 3138//2977 3137//2976
f 3137//2976 3138//2977 3139//2978
f 2944//2790 2945//2791 3138//2977
f 3138//2977 2945//2791 3140//2979
f 2945//2791 2946//2792 3140//2979
f 2947//2793 2948//2794 3141//2980
f 3141//2980 2948//2794 3142//2981
f 2948//2794 2949//2795 3142//2981
f 3142//2981 2949//2795 3143//2982
f 2949//2795 2933//2779 3143//2982
f 3143//2982 2933//2779 3126//2965
f 3143//2982 3126//2965 3144//2983
f 3126//2965 3128//2967 3144//2983
f 3129//2968 3145//2984 3130//2969
f 3129//2968 3131//2970 3145//2984
f 3145//2984 3131//2970 3146//2985
f 3131//2970 3132//2971 3146//2985
f 3146//2985 3132//2971 3147//2986
f 3146//2985 3147//2986 3148//2987
f 3132//2971 3133//2972 3147//2986
f 3147//2986 3133//2972 3149//2988
f 2951//2797 3149//2988 2941//2787
f 2941//2787 3149//2988 3133//2972
f 2953//2799 2943//2789 3150//2989
f 3150//2989 2943//2789 3134//2973
f 3138//2977 3151//2990 3139//2978
f 3138//2977 3140//2979 3151//2990
f 3151//2990 3140//2979 3152//2991
f 2954//2800 3153//2992 2946//2792
f 2946//2792 3153//2992 3152//2991
f 2946//2792 3152//2991 3140//2979
f 2955//2801 2956//2802 3154//2993
f 3154//2993 2956//2802 3155//2994
f 2956//2802 2947//2793 3155//2994
f 3155//2994 2947//2793 3141//2980
f 3147//2986 3156//2995 3148//2987
f 3148//2987 3156//2995 3157//2996
f 2958//2804 3156//2995 2959//2805
f 2959//2805 3156//2995 3147//2986
f 2959//2805 3147//2986 3149//2988
f 2959//2805 3149//2988 2951//2797
f 2961//2807 2953//2799 3158//2997
f 3158//2997 2953//2799 3150//2989
f 3159//2998 3160//2999 3161//3000
f 3159//2998 3161//3000 3162//3001
f 3162//3001 3161//3000 3163//3002
f 2962//2808 3162//3001 2954//2800
f 2954//2800 3162//3001 3163//3002
f 2954//2800 3163//3002 3153//2992
f 2963//2809 2964//2810 3164//3003
f 3164//3003 2964//2810 3165//3004
f 2964//2810 2955//2801 3165//3004
f 3165//3004 2955//2801 3154//2993
f 3156//2995 3166//3005 3157//2996
f 3157//2996 3166//3005 3167//3006
f 2966//2812 3166//3005 2958//2804
f 2958//2804 3166//3005 3156//2995
f 2968//2814 2961//2807 3168//3007
f 3168//3007 2961//2807 3158//2997
f 3169//3008 3170//3009 3171//3010
f 2971//2817 3169//3008 2972//2818
f 2972//2818 3169//3008 3171//3010
f 2972//2818 3171//3010 3159//2998
f 3159//2998 3171//3010 3160//2999
f 2972//2818 3159//2998 2973//2819
f 2973//2819 3159//2998 3162//3001
f 2973//2819 3162//3001 2962//2808
f 2974//2820 2975//2821 3172//3011
f 3172//3011 2975//2821 3173//3012
f 2975//2821 2963//2809 3173//3012
f 3173//3012 2963//2809 3164//3003
f 3174//3013 3175//3014 3176//3015
f 3174//3013 3176//3015 3177//3016
f 3177//3016 3176//3015 3167//3006
f 3177//3016 3167//3006 3166//3005
f 2977//2823 3177//3016 2966//2812
f 2966//2812 3177//3016 3166//3005
f 2968//2814 3168//3007 2979//2825
f 2979//2825 3168//3007 3178//3017
f 2979//2825 3178//3017 2980//2826
f 2980//2826 3178//3017 3179//3018
f 2980//2826 3179//3018 2981//2827
f 2981//2827 3179//3018 3170//3009
f 2981//2827 3170//3009 3169//3008
f 2981//2827 3169//3008 2971//2817
f 2982//2828 2974//2820 3180//2828
f 3180//2828 2974//2820 3172//3011
f 3174//3013 3181//3019 3175//3014
f 3174//3013 3177//3016 3181//3019
f 3181//3019 3177//3016 3182//3020
f 3181//3019 3182//3020 3183//3021
f 2977//2823 2983//2829 3177//3016
f 3177//3016 2983//2829 3184//3022
f 3177//3016 3184//3022 3182//3020
f 2983//2829 2985//2831 3184//3022
f 2987//15 2982//2828 3185//15
f 3185//15 2982//2828 3180//2828
f 3182//3020 3186//3023 3183//3021
f 3182//3020 3184//3022 3186//3023
f 3186//3023 3184//3022 3187//3024
f 3186//3023 3187//3024 3188//3025
f 2985//2831 2988//2833 3184//3022
f 3184//3022 2988//2833 3189//3026
f 3184//3022 3189//3026 3187//3024
f 2988//2833 2990//2835 3189//3026
f 2992//15 2987//15 3190//15
f 3190//15 2987//15 3185//15
f 3187//3024 3191//3027 3188//3025
f 3187//3024 3189//3026 3191//3027
f 3191//3027 3189//3026 3192//3028
f 3191//3027 3192//3028 3193//3029
f 2990//2835 2993//2837 3189//3026
f 3189//3026 2993//2837 3194//3030
f 3189//3026 3194//3030 3192//3028
f 2993//2837 2995//2839 3194//3030
f 3004//15 2992//15 3195//15
f 3195//15 2992//15 3190//15
f 3192//3028 3196//3031 3193//3029
f 3193//3029 3196//3031 3197//3032
f 3006//2849 3196//3031 3007//2850
f 3007//2850 3196//3031 3192//3028
f 3007//2850 3192//3028 3194//3030
f 3007//2850 3194//3030 2995//2839
f 3011//2854 3010//2853 3198//3033
f 3010//2853 3012//2855 3198//3033
f 3198//3033 3012//2855 3199//3034
f 3012//2855 3013//2856 3199//3034
f 3199//3034 3013//2856 3200//3035
f 3013//2856 3014//2857 3200//3035
f 3200//3035 3014//2857 3201//3036
f 3014//2857 3015//2858 3201//3036
f 3201//3036 3015//2858 3202//3037
f 3201//3036 3202//3037 3203//3038
f 3015//2858 3016//2859 3202//3037
f 3202//3037 3016//2859 3204//3039
f 3202//3037 3204//3039 3205//3040
f 3016//2859 3017//2860 3204//3039
f 3204//3039 3017//2860 3206//3041
f 3017//2860 3019//2862 3206//3041
f 3021//15 3004//15 3207//15
f 3207//15 3004//15 3195//15
f 3196//3031 3208//3042 3197//3032
f 3197//3032 3208//3042 3209//3043
f 3023//2865 3208//3042 3006//2849
f 3006//2849 3208//3042 3196//3031
f 3026//2868 3025//2867 3210//3044
f 3025//2867 3011//2854 3210//3044
f 3210//3044 3011//2854 3198//3033
f 3210//3044 3198//3033 3211//3045
f 3211//3045 3198//3033 3212//3046
f 3198//3033 3199//3034 3212//3046
f 3212//3046 3199//3034 3213//3047
f 3199//3034 3200//3035 3213//3047
f 3213//3047 3200//3035 3214//3048
f 3200//3035 3201//3036 3214//3048
f 3214//3048 3201//3036 3215//3049
f 3201//3036 3203//3038 3215//3049
f 3204//3039 3216//3050 3205//3040
f 3204//3039 3206//3041 3216//3050
f 3216//3050 3206//3041 3217//3051
f 3216//3050 3217//3051 3218//3052
f 3019//2862 3027//2869 3206//3041
f 3206//3041 3027//2869 3219//3053
f 3206//3041 3219//3053 3217//3051
f 3027//2869 3028//2870 3219//3053
f 3219//3053 3028//2870 3220//3054
f 3029//2871 3021//15 3221//3055
f 3221//3055 3021//15 3207//15
f 3222//3056 3223//3057 3224//3058
f 3031//2873 3222//3056 3032//2874
f 3032//2874 3222//3056 3224//3058
f 3032//2874 3224//3058 3208//3042
f 3208//3042 3224//3058 3209//3043
f 3032//2874 3208//3042 3023//2865
f 3033//2875 3034//2876 3225//3059
f 3225//3059 3034//2876 3226//3060
f 3034//2876 3026//2868 3226//3060
f 3226//3060 3026//2868 3210//3044
f 3226//3060 3210//3044 3227//3061
f 3210//3044 3211//3045 3227//3061
f 3217//3051 3228//3062 3218//3052
f 3217//3051 3219//3053 3228//3062
f 3228//3062 3219//3053 3229//3063
f 3228//3062 3229//3063 3230//3064
f 3219//3053 3220//3054 3229//3063
f 3229//3063 3220//3054 3231//3065
f 3035//2877 3029//2871 3232//3066
f 3232//3066 3029//2871 3221//3055
f 3233//3067 3234//3068 3235//3069
f 3037//2879 3233//3067 3038//2880
f 3038//2880 3233//3067 3235//3069
f 3038//2880 3235//3069 3236//3070
f 3038//2880 3236//3070 3039//2881
f 3039//2881 3236//3070 3223//3057
f 3039//2881 3223//3057 3222//3056
f 3039//2881 3222//3056 3031//2873
f 3040//2882 3033//2875 3237//3071
f 3237//3071 3033//2875 3225//3059
f 3229//3063 3238//3072 3230//3064
f 3230//3064 3238//3072 3239//3073
f 3229//3063 3231//3065 3238//3072
f 3238//3072 3231//3065 3240//3074
f 3035//2877 3232//3066 3041//2883
f 3041//2883 3232//3066 3241//3075
f 3041//2883 3241//3075 3042//2884
f 3042//2884 3241//3075 3242//3076
f 3043//2885 3243//3077 3044//2886
f 3044//2886 3243//3077 3244//3078
f 3044//2886 3244//3078 3045//2537
f 3045//2537 3244//3078 3245//3079
f 3045//2537 3245//3079 3046//2887
f 3046//2887 3245//3079 3246//3080
f 3046//2887 3246//3080 3047//2888
f 3047//2888 3246//3080 3234//3068
f 3047//2888 3234//3068 3233//3067
f 3047//2888 3233//3067 3037//2879
f 3247//3081 3248//3082 3249//3083
f 3048//2889 3040//2882 3247//3081
f 3247//3081 3040//2882 3237//3071
f 3247//3081 3237//3071 3248//3082
f 3238//3072 3250//3084 3239//3073
f 3239//3073 3250//3084 3251//3085
f 3050//2891 3250//3084 3051//2892
f 3051//2892 3250//3084 3238//3072
f 3051//2892 3238//3072 3240//3074
f 3042//2884 3242//3076 3052//2893
f 3052//2893 3242//3076 3252//3086
f 3052//2893 3252//3086 3053//2894
f 3053//2894 3252//3086 3253//3087
f 3053//2894 3253//3087 3054//2895
f 3054//2895 3253//3087 3254//3088
f 3054//2895 3254//3088 3055//2896
f 3055//2896 3254//3088 3255//3089
f 3055//2896 3255//3089 3043//2885
f 3043//2885 3255//3089 3243//3077
f 3058//2899 3057//2898 3256//3090
f 3256//3090 3057//2898 3247//3081
f 3256//3090 3247//3081 3249//3083
f 3057//2898 3048//2889 3247//3081
f 3250//3084 3257//3091 3251//3085
f 3251//3085 3257//3091 3258//3092
f 3060//2901 3257//3091 3050//2891
f 3050//2891 3257//3091 3250//3084
f 3259//3093 3260//3094 3261//3095
f 3062//2903 3058//2899 3259//3093
f 3259//3093 3058//2899 3256//3090
f 3259//3093 3256//3090 3260//3094
f 3262//3096 3263//3097 3264//3098
f 3063//2904 3262//3096 3064//2905
f 3064//2905 3262//3096 3264//3098
f 3064//2905 3264//3098 3257//3091
f 3257//3091 3264//3098 3258//3092
f 3064//2905 3257//3091 3060//2901
f 3259//3093 3261//3095 3265//3099
f 3265//3099 3261//3095 3266//3100
f 3066//2907 3062//2903 3265//3099
f 3265//3099 3062//2903 3259//3093
f 3067//2908 3267//3101 3068//2909
f 3068//2909 3267//3101 3263//3097
f 3068//2909 3263//3097 3262//3096
f 3068//2909 3262//3096 3063//2904
f 3265//3099 3266//3100 3268//3102
f 3268//3102 3266//3100 3269//3103
f 3070//2911 3066//2907 3268//3102
f 3268//3102 3066//2907 3265//3099
f 3071//2912 3270//3104 3072//2913
f 3072//2913 3270//3104 3271//3105
f 3072//2913 3271//3105 3067//2908
f 3067//2908 3271//3105 3267//3101
f 3268//3102 3269//3103 3272//3106
f 3272//3106 3269//3103 3273//3107
f 3074//2915 3070//2911 3272//3106
f 3272//3106 3070//2911 3268//3102
f 3075//2916 3274//3108 3076//2917
f 3076//2917 3274//3108 3275//3109
f 3076//2917 3275//3109 3071//2912
f 3071//2912 3275//3109 3270//3104
f 3272//3106 3273//3107 3276//3110
f 3074//2915 3272//3106 3077//2918
f 3077//2918 3272//3106 3276//3110
f 3077//2918 3276//3110 3277//3111
f 3277//3111 3276//3110 3278//3112
f 3077//2918 3277//3111 3078//2919
f 3078//2919 3277//3111 3279//3113
f 3078//2919 3279//3113 3079//2920
f 3082//2923 3280//3114 3083//2924
f 3083//2924 3280//3114 3281//3115
f 3083//2924 3281//3115 3084//2925
f 3084//2925 3281//3115 3282//3116
f 3084//2925 3282//3116 3075//2916
f 3075//2916 3282//3116 3274//3108
f 3277//3111 3278//3112 3283//3117
f 3277//3111 3283//3117 3279//3113
f 3279//3113 3283//3117 3284//3118
f 3079//2920 3279//3113 3085//2926
f 3085//2926 3279//3113 3284//3118
f 3085//2926 3284//3118 3285//3119
f 3085//2926 3285//3119 3086//2927
f 3086//2927 3285//3119 3286//3120
f 3086//2927 3286//3120 3087//2928
f 3087//2928 3286//3120 3287//3121
f 3087//2928 3287//3121 3082//2923
f 3082//2923 3287//3121 3280//3114
f 3088//2929 3089//2930 3288//3122
f 3288//3122 3089//2930 3289//3123
f 3089//2930 3090//2931 3289//3123
f 3289//3123 3090//2931 3290//3124
f 3090//2931 3091//2932 3290//3124
f 3290//3124 3091//2932 3291//3125
f 3091//2932 3092//2933 3291//3125
f 3291//3125 3092//2933 3292//3126
f 3092//2933 3093//2934 3292//3126
f 3292//3126 3093//2934 3293//3127
f 3093//2934 3094//2935 3293//3127
f 3293//3127 3094//2935 3294//3128
f 3096//2937 3088//2929 3295//3129
f 3295//3129 3088//2929 3288//3122
f 3094//2935 3097//2938 3294//3128
f 3294//3128 3097//2938 3296//3130
f 3097//2938 3098//2939 3296//3130
f 3296//3130 3098//2939 3297//3131
f 3099//2940 3100//684 3298//3132
f 3298//3132 3100//684 3299//684
f 3100//684 3096//2937 3299//684
f 3299//684 3096//2937 3295//3129
f 3098//2939 3101//2941 3297//3131
f 3297//3131 3101//2941 3300//3133
f 3101//2941 3102//2942 3300//3133
f 3300//3133 3102//2942 3301//3134
f 3103//2943 3099//2940 3302//3135
f 3302//3135 3099//2940 3298//3132
f 3104//2944 3303//3136 3102//2942
f 3102//2942 3303//3136 3301//3134
f 3103//2943 3302//3135 3106//2946
f 3106//2946 3302//3135 3304//3137
f 3106//2946 3304//3137 3107//2947
f 3107//2947 3304//3137 3305//3138
f 3108//2948 3306//3139 3109//2949
f 3109//2949 3306//3139 3307//3140
f 3109//2949 3307//3140 3104//2944
f 3104//2944 3307//3140 3303//3136
f 3110//2950 3107//2947 3308//3141
f 3308//3141 3107//2947 3305//3138
f 3308//3141 3305//3138 3309//3142
f 3308//3141 3309//3142 3310//3143
f 3112//2952 3311//3144 3113//2953
f 3113//2953 3311//3144 3312//3145
f 3113//2953 3312//3145 3108//2948
f 3108//2948 3312//3145 3306//3139
f 3110//2950 3308//3141 3114//2954
f 3114//2954 3308//3141 3115//2955
f 3115//2955 3308//3141 3310//3143
f 3115//2955 3310//3143 3313//3146
f 3115//2955 3313//3146 3117//2956
f 3117//2956 3313//3146 3314//3147
f 3119//2958 3315//3148 3120//2959
f 3120//2959 3315//3148 3316//3149
f 3120//2959 3316//3149 3112//2952
f 3112//2952 3316//3149 3311//3144
f 3117//2956 3314//3147 3121//2960
f 3121//2960 3314//3147 3317//3150
f 3121//2960 3317//3150 3122//2961
f 3122//2961 3317//3150 3318//3151
f 3122//2961 3318//3151 3119//2958
f 3119//2958 3318//3151 3315//3148
f 3128//2967 3127//2966 3319//3152
f 3127//2966 3130//2969 3319//3152
f 3134//2973 3135//2974 3320//3153
f 3135//2974 3136//2975 3320//3153
f 3320//3153 3136//2975 3321//3154
f 3136//2975 3137//2976 3321//3154
f 3321//3154 3137//2976 3322//3155
f 3137//2976 3139//2978 3322//3155
f 3141//2980 3142//2981 3323//3156
f 3323//3156 3142//2981 3324//3157
f 3142//2981 3143//2982 3324//3157
f 3324//3157 3143//2982 3325//3158
f 3143//2982 3144//2983 3325//3158
f 3325//3158 3144//2983 3326//3159
f 3144//2983 3128//2967 3326//3159
f 3326//3159 3128//2967 3319//3152
f 3326//3159 3319//3152 3327//3160
f 3327//3160 3319//3152 3328//3161
f 3130//2969 3145//2984 3319//3152
f 3319//3152 3145//2984 3329//3162
f 3319//3152 3329//3162 3328//3161
f 3145//2984 3146//2985 3329//3162
f 3329//3162 3146//2985 3330//3163
f 3146//2985 3148//2987 3330//3163
f 3150//2989 3134//2973 3331//3164
f 3331//3164 3134//2973 3320//3153
f 3331//3164 3320//3153 3332//3165
f 3320//3153 3321//3154 3332//3165
f 3332//3165 3321//3154 3333//3166
f 3321//3154 3322//3155 3333//3166
f 3333//3166 3322//3155 3334//3167
f 3139//2978 3151//2990 3322//3155
f 3322//3155 3151//2990 3335//3168
f 3322//3155 3335//3168 3334//3167
f 3334//3167 3335//3168 3336//3169
f 3151//2990 3152//2991 3335//3168
f 3335//3168 3152//2991 3337//3170
f 3152//2991 3153//2992 3337//3170
f 3154//2993 3155//2994 3338//3171
f 3338//3171 3155//2994 3339//3172
f 3155//2994 3141//2980 3339//3172
f 3339//3172 3141//2980 3323//3156
f 3328//3161 3340//3173 3327//3160
f 3328//3161 3329//3162 3340//3173
f 3340//3173 3329//3162 3341//3174
f 3340//3173 3341//3174 3342//3175
f 3329//3162 3330//3163 3341//3174
f 3341//3174 3330//3163 3343//3176
f 3157//2996 3343//3176 3148//2987
f 3148//2987 3343//3176 3330//3163
f 3158//2997 3150//2989 3344//3177
f 3344//3177 3150//2989 3331//3164
f 3345//3178 3346//3179 3347//3180
f 3160//2999 3345//3178 3161//3000
f 3161//3000 3345//3178 3347//3180
f 3161//3000 3347//3180 3335//3168
f 3335//3168 3347//3180 3336//3169
f 3161//3000 3335//3168 3163//3002
f 3163//3002 3335//3168 3337//3170
f 3163//3002 3337//3170 3153//2992
f 3164//3003 3165//3004 3348//3181
f 3348//3181 3165//3004 3349//3182
f 3165//3004 3154//2993 3349//3182
f 3349//3182 3154//2993 3338//3171
f 3341//3174 3350//3183 3342//3175
f 3342//3175 3350//3183 3351//3184
f 3341//3174 3343//3176 3350//3183
f 3350//3183 3343//3176 3352//3185
f 3167//3006 3352//3185 3157//2996
f 3157//2996 3352//3185 3343//3176
f 3168//3007 3158//2997 3353//3186
f 3353//3186 3158//2997 3344//3177
f 3170//3009 3354//3187 3171//3010
f 3171//3010 3354//3187 3346//3179
f 3171//3010 3346//3179 3345//3178
f 3171//3010 3345//3178 3160//2999
f 3172//3011 3173//3012 3355//3188
f 3355//3188 3173//3012 3356//3189
f 3173//3012 3164//3003 3356//3189
f 3356//3189 3164//3003 3348//3181
f 3350//3183 3357//3190 3351//3184
f 3351//3184 3357//3190 3358//3191
f 3175//3014 3357//3190 3176//3015
f 3176//3015 3357//3190 3350//3183
f 3176//3015 3350//3183 3352//3185
f 3176//3015 3352//3185 3167//3006
f 3168//3007 3353//3186 3178//3017
f 3178//3017 3353//3186 3359//3192
f 3178//3017 3359//3192 3360//3193
f 3178//3017 3360//3193 3179//3018
f 3179//3018 3360//3193 3361//3194
f 3179//3018 3361//3194 3170//3009
f 3170//3009 3361//3194 3362//3195
f 3170//3009 3362//3195 3354//3187
f 3180//2828 3172//3011 3363//3196
f 3363//3196 3172//3011 3355//3188
f 3357//3190 3364//3197 3358//3191
f 3358//3191 3364//3197 3365//3198
f 3175//3014 3181//3019 3357//3190
f 3357//3190 3181//3019 3366//3199
f 3357//3190 3366//3199 3364//3197
f 3181//3019 3183//3021 3366//3199
f 3360//3193 3359//3192 3367//3200
f 3360//3193 3367//3200 3361//3194
f 3361//3194 3367//3200 3368//3201
f 3361//3194 3368//3201 3362//3195
f 3185//15 3180//2828 3369//15
f 3369//15 3180//2828 3363//3196
f 3364//3197 3370//3202 3365//3198
f 3364//3197 3366//3199 3370//3202
f 3370//3202 3366//3199 3371//3203
f 3370//3202 3371//3203 3372//3204
f 3183//3021 3186//3023 3366//3199
f 3366//3199 3186//3023 3373//3205
f 3366//3199 3373//3205 3371//3203
f 3186//3023 3188//3025 3373//3205
f 3190//15 3185//15 3374//15
f 3374//15 3185//15 3369//15
f 3371//3203 3375//3206 3372//3204
f 3371//3203 3373//3205 3375//3206
f 3375//3206 3373//3205 3376//3207
f 3375//3206 3376//3207 3377//3208
f 3188//3025 3191//3027 3373//3205
f 3373//3205 3191//3027 3378//3209
f 3373//3205 3378//3209 3376//3207
f 3191//3027 3193//3029 3378//3209
f 3195//15 3190//15 3379//15
f 3379//15 3190//15 3374//15
f 3376//3207 3380//3210 3377//3208
f 3376//3207 3378//3209 3380//3210
f 3380//3210 3378//3209 3381//3211
f 3380//3210 3381//3211 3382//3212
f 3197//3032 3381//3211 3193//3029
f 3193//3029 3381//3211 3378//3209
f 3203//3038 3202//3037 3383//3213
f 3202//3037 3205//3040 3383//3213
f 3207//15 3195//15 3384//15
f 3384//15 3195//15 3379//15
f 3385//3214 3386//3215 3387//3216
f 3385//3214 3387//3216 3388//3217
f 3388//3217 3387//3216 3382//3212
f 3388//3217 3382//3212 3381//3211
f 3209//3043 3388//3217 3197//3032
f 3197//3032 3388//3217 3381//3211
f 3211//3045 3212//3046 3389//3218
f 3212//3046 3213//3047 3389//3218
f 3389//3218 3213//3047 3390//3219
f 3213//3047 3214//3048 3390//3219
f 3390//3219 3214//3048 3391//3220
f 3214//3048 3215//3049 3391//3220
f 3391//3220 3215//3049 3392//3221
f 3391//3220 3392//3221 3393//3222
f 3215//3049 3203//3038 3392//3221
f 3392//3221 3203//3038 3383//3213
f 3392//3221 3383//3213 3394//3223
f 3205//3040 3216//3050 3383//3213
f 3383//3213 3216//3050 3395//3224
f 3383//3213 3395//3224 3394//3223
f 3394//3223 3395//3224 3396//3225
f 3216//3050 3218//3052 3395//3224
f 3221//3055 3207//15 3397//15
f 3397//15 3207//15 3384//15
f 3385//3214 3398//3226 3386//3215
f 3386//3215 3398//3226 3399//3227
f 3223//3057 3398//3226 3224//3058
f 3224//3058 3398//3226 3385//3214
f 3224//3058 3385//3214 3388//3217
f 3224//3058 3388//3217 3209//3043
f 3225//3059 3226//3060 3400//3228
f 3226//3060 3227//3061 3400//3228
f 3400//3228 3227//3061 3401//3229
f 3400//3228 3401//3229 3402//3230
f 3227//3061 3211//3045 3401//3229
f 3401//3229 3211//3045 3389//3218
f 3401//3229 3389//3218 3403//3231
f 3389//3218 3390//3219 3403//3231
f 3403//3231 3390//3219 3404//3232
f 3390//3219 3391//3220 3404//3232
f 3404//3232 3391//3220 3405//3233
f 3391//3220 3393//3222 3405//3233
f 3395//3224 3406//3234 3396//3225
f 3218//3052 3228//3062 3395//3224
f 3395//3224 3228//3062 3407//3235
f 3395//3224 3407//3235 3406//3234
f 3406//3234 3407//3235 3408//3236
f 3228//3062 3230//3064 3407//3235
f 3232//3066 3221//3055 3409//3237
f 3409//3237 3221//3055 3397//15
f 3234//3068 3410//3238 3235//3069
f 3235//3069 3410//3238 3411//3239
f 3235//3069 3411//3239 3236//3070
f 3236//3070 3411//3239 3399//3227
f 3236//3070 3399//3227 3398//3226
f 3236//3070 3398//3226 3223//3057
f 3237//3071 3225//3059 3412//3240
f 3412//3240 3225//3059 3400//3228
f 3412//3240 3400//3228 3413//3241
f 3400//3228 3402//3230 3413//3241
f 3407//3235 3414//3242 3408//3236
f 3408//3236 3414//3242 3415//3243
f 3239//3073 3414//3242 3230//3064
f 3230//3064 3414//3242 3407//3235
f 3232//3066 3409//3237 3241//3075
f 3241//3075 3409//3237 3416//3244
f 3241//3075 3416//3244 3417//3245
f 3241//3075 3417//3245 3242//3076
f 3418//3246 3419//3247 3420//3248
f 3243//3077 3418//3246 3244//3078
f 3244//3078 3418//3246 3420//3248
f 3244//3078 3420//3248 3421//3249
f 3244//3078 3421//3249 3245//3079
f 3245//3079 3421//3249 3422//3250
f 3245//3079 3422//3250 3246//3080
f 3246//3080 3422//3250 3423//3251
f 3246//3080 3423//3251 3234//3068
f 3234//3068 3423//3251 3410//3238
f 3249//3083 3248//3082 3424//3252
f 3424//3252 3248//3082 3425//3253
f 3248//3082 3237//3071 3425//3253
f 3425//3253 3237//3071 3412//3240
f 3414//3242 3426//3254 3415//3243
f 3415//3243 3426//3254 3427//3255
f 3251//3085 3426//3254 3239//3073
f 3239//3073 3426//3254 3414//3242
f 3417//3245 3416//3244 3428//3256
f 3242//3076 3417//3245 3252//3086
f 3252//3086 3417//3245 3428//3256
f 3252//3086 3428//3256 3429//3257
f 3252//3086 3429//3257 3253//3087
f 3253//3087 3429//3257 3430//3258
f 3253//3087 3430//3258 3431//3259
f 3253//3087 3431//3259 3254//3088
f 3254//3088 3431//3259 3432//3260
f 3254//3088 3432//3260 3433//3261
f 3254//3088 3433//3261 3255//3089
f 3255//3089 3433//3261 3419//3247
f 3255//3089 3419//3247 3418//3246
f 3255//3089 3418//3246 3243//3077
f 3434//3262 3435//3263 3436//3264
f 3434//3262 3437//3265 3435//3263
f 3435//3263 3437//3265 3438//3266
f 3256//3090 3249//3083 3437//3265
f 3437//3265 3249//3083 3424//3252
f 3437//3265 3424//3252 3438//3266
f 3426//3254 3439//3267 3427//3255
f 3427//3255 3439//3267 3440//3268
f 3258//3092 3439//3267 3251//3085
f 3251//3085 3439//3267 3426//3254
f 3431//3259 3430//3258 3441//3269
f 3431//3259 3441//3269 3432//3260
f 3434//3262 3436//3264 3442//3270
f 3442//3270 3436//3264 3443//3271
f 3261//3095 3260//3094 3442//3270
f 3442//3270 3260//3094 3437//3265
f 3442//3270 3437//3265 3434//3262
f 3260//3094 3256//3090 3437//3265
f 3263//3097 3444//3272 3264//3098
f 3264//3098 3444//3272 3440//3268
f 3264//3098 3440//3268 3439//3267
f 3264//3098 3439//3267 3258//3092
f 3442//3270 3443//3271 3445//3273
f 3445//3273 3443//3271 3446//3274
f 3266//3100 3261//3095 3445//3273
f 3445//3273 3261//3095 3442//3270
f 3447//3275 3448//3276 3449//3277
f 3267//3101 3447//3275 3263//3097
f 3263//3097 3447//3275 3449//3277
f 3263//3097 3449//3277 3444//3272
f 3445//3273 3446//3274 3450//3278
f 3450//3278 3446//3274 3451//3279
f 3269//3103 3266//3100 3450//3278
f 3450//3278 3266//3100 3445//3273
f 3270//3104 3452//3280 3271//3105
f 3271//3105 3452//3280 3448//3276
f 3271//3105 3448//3276 3447//3275
f 3271//3105 3447//3275 3267//3101
f 3450//3278 3451//3279 3453//3281
f 3273//3107 3269//3103 3454//3282
f 3454//3282 3269//3103 3450//3278
f 3454//3282 3450//3278 3453//3281
f 3455//3283 3456//3284 3457//3285
f 3274//3108 3455//3283 3275//3109
f 3275//3109 3455//3283 3457//3285
f 3275//3109 3457//3285 3458//3286
f 3275//3109 3458//3286 3270//3104
f 3270//3104 3458//3286 3452//3280
f 3273//3107 3454//3282 3276//3110
f 3276//3110 3454//3282 3459//3287
f 3276//3110 3459//3287 3460//3288
f 3276//3110 3460//3288 3278//3112
f 3280//3114 3461//3289 3281//3115
f 3281//3115 3461//3289 3462//3290
f 3281//3115 3462//3290 3282//3116
f 3282//3116 3462//3290 3456//3284
f 3282//3116 3456//3284 3455//3283
f 3282//3116 3455//3283 3274//3108
f 3460//3288 3459//3287 3463//3291
f 3278//3112 3460//3288 3283//3117
f 3283//3117 3460//3288 3463//3291
f 3283//3117 3463//3291 3464//3292
f 3283//3117 3464//3292 3284//3118
f 3284//3118 3464//3292 3465//3293
f 3284//3118 3465//3293 3285//3119
f 3285//3119 3465//3293 3466//3294
f 3285//3119 3466//3294 3286//3120
f 3286//3120 3466//3294 3467//3295
f 3286//3120 3467//3295 3287//3121
f 3287//3121 3467//3295 3468//3296
f 3287//3121 3468//3296 3280//3114
f 3280//3114 3468//3296 3461//3289
f 3469//3297 3470//3298 3471//3299
f 3469//3297 3472//3300 3470//3298
f 3288//3122 3289//3123 3473//3301
f 3473//3301 3289//3123 3474//3302
f 3289//3123 3290//3124 3474//3302
f 3474//3302 3290//3124 3469//3297
f 3474//3302 3469//3297 3471//3299
f 3290//3124 3291//3125 3469//3297
f 3469//3297 3291//3125 3475//3303
f 3469//3297 3475//3303 3472//3300
f 3291//3125 3292//3126 3475//3303
f 3475//3303 3292//3126 3476//3304
f 3292//3126 3293//3127 3476//3304
f 3476//3304 3293//3127 3477//3305
f 3293//3127 3294//3128 3477//3305
f 3477//3305 3294//3128 3478//3306
f 3477//3305 3478//3306 3479//3307
f 3478//3306 3480//3308 3479//3307
f 3295//3129 3288//3122 3481//3309
f 3481//3309 3288//3122 3473//3301
f 3294//3128 3296//3130 3478//3306
f 3296//3130 3297//3131 3478//3306
f 3478//3306 3297//3131 3482//1415
f 3478//3306 3482//1415 3480//3308
f 3480//3308 3482//1415 3483//3310
f 3482//1415 3484//3311 3483//3310
f 3298//3132 3299//684 3485//3312
f 3299//684 3295//3129 3485//3312
f 3485//3312 3295//3129 3481//3309
f 3485//3312 3481//3309 3486//3313
f 3297//3131 3300//3133 3482//1415
f 3300//3133 3301//3134 3482//1415
f 3482//1415 3301//3134 3487//3314
f 3482//1415 3487//3314 3484//3311
f 3302//3135 3298//3132 3488//3315
f 3488//3315 3298//3132 3485//3312
f 3485//3312 3486//3313 3488//3315
f 3488//3315 3486//3313 3489//3316
f 3303//3136 3490//3317 3301//3134
f 3301//3134 3490//3317 3487//3314
f 3302//3135 3488//3315 3304//3137
f 3304//3137 3488//3315 3305//3138
f 3305//3138 3488//3315 3489//3316
f 3305//3138 3489//3316 3491//3318
f 3306//3139 3492//3319 3307//3140
f 3307//3140 3492//3319 3493//3320
f 3307//3140 3493//3320 3303//3136
f 3303//3136 3493//3320 3490//3317
f 3305//3138 3491//3318 3309//3142
f 3309//3142 3491//3318 3494//3321
f 3309//3142 3494//3321 3310//3143
f 3310//3143 3494//3321 3495//3322
f 3311//3144 3496//3323 3312//3145
f 3312//3145 3496//3323 3497//3324
f 3312//3145 3497//3324 3306//3139
f 3306//3139 3497//3324 3492//3319
f 3310//3143 3495//3322 3313//3146
f 3313//3146 3495//3322 3498//3325
f 3313//3146 3498//3325 3314//3147
f 3314//3147 3498//3325 3499//3326
f 3315//3148 3500//3327 3316//3149
f 3316//3149 3500//3327 3501//3328
f 3316//3149 3501//3328 3311//3144
f 3311//3144 3501//3328 3496//3323
f 3314//3147 3499//3326 3317//3150
f 3317//3150 3499//3326 3502//3329
f 3317//3150 3502//3329 3318//3151
f 3318//3151 3502//3329 3503//3330
f 3318//3151 3503//3330 3315//3148
f 3315//3148 3503//3330 3500//3327
f 3323//3156 3324//3157 3504//3331
f 3324//3157 3325//3158 3504//3331
f 3504//3331 3325//3158 3505//3332
f 3325//3158 3326//3159 3505//3332
f 3505//3332 3326//3159 3506//3333
f 3326//3159 3327//3160 3506//3333
f 3331//3164 3332//3165 3507//3334
f 3507//3334 3332//3165 3508//3335
f 3332//3165 3333//3166 3508//3335
f 3508//3335 3333//3166 3509//3336
f 3333//3166 3334//3167 3509//3336
f 3509//3336 3334//3167 3510//3337
f 3509//3336 3510//3337 3511//3338
f 3334//3167 3336//3169 3510//3337
f 3338//3171 3339//3172 3512//3339
f 3512//3339 3339//3172 3513//3340
f 3339//3172 3323//3156 3513//3340
f 3513//3340 3323//3156 3504//3331
f 3513//3340 3504//3331 3514//3341
f 3504//3331 3505//3332 3514//3341
f 3514//3341 3505//3332 3515//3342
f 3505//3332 3506//3333 3515//3342
f 3515//3342 3506//3333 3516//3343
f 3327//3160 3340//3173 3506//3333
f 3506//3333 3340//3173 3517//3344
f 3506//3333 3517//3344 3516//3343
f 3516//3343 3517//3344 3518//3345
f 3340//3173 3342//3175 3517//3344
f 3344//3177 3331//3164 3519//3346
f 3519//3346 3331//3164 3507//3334
f 3346//3179 3520//3347 3347//3180
f 3347//3180 3520//3347 3511//3338
f 3347//3180 3511//3338 3510//3337
f 3347//3180 3510//3337 3336//3169
f 3348//3181 3349//3182 3521//3348
f 3521//3348 3349//3182 3522//3349
f 3349//3182 3338//3171 3522//3349
f 3522//3349 3338//3171 3512//3339
f 3517//3344 3523//3350 3518//3345
f 3518//3345 3523//3350 3524//3351
f 3351//3184 3523//3350 3342//3175
f 3342//3175 3523//3350 3517//3344
f 3353//3186 3344//3177 3525//3352
f 3525//3352 3344//3177 3519//3346
f 3354//3187 3526//3353 3346//3179
f 3346//3179 3526//3353 3520//3347
f 3355//3188 3356//3189 3527//3354
f 3527//3354 3356//3189 3528//3355
f 3356//3189 3348//3181 3528//3355
f 3528//3355 3348//3181 3521//3348
f 3523//3350 3529//3356 3524//3351
f 3524//3351 3529//3356 3530//3357
f 3358//3191 3529//3356 3351//3184
f 3351//3184 3529//3356 3523//3350
f 3359//3192 3353//3186 3531//3358
f 3531//3358 3353//3186 3525//3352
f 3531//3358 3525//3352 3532//3359
f 3531//3358 3532//3359 3533//3360
f 3533//3360 3532//3359 3534//3361
f 3362//3195 3533//3360 3354//3187
f 3354//3187 3533//3360 3534//3361
f 3354//3187 3534//3361 3526//3353
f 3363//3196 3355//3188 3535//3362
f 3535//3362 3355//3188 3527//3354
f 3529//3356 3536//3363 3530//3357
f 3530//3357 3536//3363 3537//3364
f 3365//3198 3536//3363 3358//3191
f 3358//3191 3536//3363 3529//3356
f 3359//3192 3531//3358 3367//3200
f 3367//3200 3531//3358 3368//3201
f 3368//3201 3531//3358 3533//3360
f 3368//3201 3533//3360 3362//3195
f 3369//15 3363//3196 3538//775
f 3538//775 3363//3196 3535//3362
f 3536//3363 3539//3365 3537//3364
f 3365//3198 3370//3202 3536//3363
f 3536//3363 3370//3202 3540//3366
f 3536//3363 3540//3366 3539//3365
f 3539//3365 3540//3366 3541//3367
f 3370//3202 3372//3204 3540//3366
f 3374//15 3369//15 3542//15
f 3542//15 3369//15 3538//775
f 3540//3366 3543//3368 3541//3367
f 3372//3204 3375//3206 3540//3366
f 3540//3366 3375//3206 3544//3369
f 3540//3366 3544//3369 3543//3368
f 3543//3368 3544//3369 3545//3370
f 3375//3206 3377//3208 3544//3369
f 3379//15 3374//15 3546//15
f 3546//15 3374//15 3542//15
f 3544//3369 3547//3371 3545//3370
f 3545//3370 3547//3371 3548//3372
f 3377//3208 3380//3210 3544//3369
f 3544//3369 3380//3210 3549//3373
f 3544//3369 3549//3373 3547//3371
f 3380//3210 3382//3212 3549//3373
f 3384//15 3379//15 3550//15
f 3550//15 3379//15 3546//15
f 3547//3371 3551//3374 3548//3372
f 3548//3372 3551//3374 3552//3375
f 3386//3215 3551//3374 3387//3216
f 3387//3216 3551//3374 3547//3371
f 3387//3216 3547//3371 3549//3373
f 3387//3216 3549//3373 3382//3212
f 3393//3222 3392//3221 3553//3376
f 3392//3221 3394//3223 3553//3376
f 3553//3376 3394//3223 3554//3377
f 3394//3223 3396//3225 3554//3377
f 3397//15 3384//15 3555//15
f 3555//15 3384//15 3550//15
f 3551//3374 3556//3378 3552//3375
f 3552//3375 3556//3378 3557//3379
f 3399//3227 3556//3378 3386//3215
f 3386//3215 3556//3378 3551//3374
f 3402//3230 3401//3229 3558//3380
f 3401//3229 3403//3231 3558//3380
f 3558//3380 3403//3231 3559//3381
f 3403//3231 3404//3232 3559//3381
f 3559//3381 3404//3232 3560//3382
f 3404//3232 3405//3233 3560//3382
f 3560//3382 3405//3233 3561//3383
f 3405//3233 3393//3222 3561//3383
f 3561//3383 3393//3222 3553//3376
f 3561//3383 3553//3376 3562//3384
f 3562//3384 3553//3376 3563//3385
f 3553//3376 3554//3377 3563//3385
f 3563//3385 3554//3377 3564//3386
f 3563//3385 3564//3386 3565//3387
f 3396//3225 3406//3234 3554//3377
f 3554//3377 3406//3234 3566//3388
f 3554//3377 3566//3388 3564//3386
f 3406//3234 3408//3236 3566//3388
f 3409//3237 3397//15 3567//3389
f 3567//3389 3397//15 3555//15
f 3568//3390 3569//3391 3570//3392
f 3410//3238 3568//3390 3411//3239
f 3411//3239 3568//3390 3570//3392
f 3411//3239 3570//3392 3556//3378
f 3556//3378 3570//3392 3557//3379
f 3411//3239 3556//3378 3399//3227
f 3412//3240 3413//3241 3571//3393
f 3571//3393 3413//3241 3572//3394
f 3413//3241 3402//3230 3572//3394
f 3572//3394 3402//3230 3558//3380
f 3572//3394 3558//3380 3573//3395
f 3558//3380 3559//3381 3573//3395
f 3573//3395 3559//3381 3574//3396
f 3559//3381 3560//3382 3574//3396
f 3574//3396 3560//3382 3575//3397
f 3560//3382 3561//3383 3575//3397
f 3575//3397 3561//3383 3576//3398
f 3561//3383 3562//3384 3576//3398
f 3564//3386 3577//3399 3565//3387
f 3564//3386 3566//3388 3577//3399
f 3577//3399 3566//3388 3578//3400
f 3577//3399 3578//3400 3579//3401
f 3415//3243 3578//3400 3408//3236
f 3408//3236 3578//3400 3566//3388
f 3416//3244 3409//3237 3580//3402
f 3580//3402 3409//3237 3567//3389
f 3419//3247 3581//3403 3420//3248
f 3420//3248 3581//3403 3582//3404
f 3420//3248 3582//3404 3421//3249
f 3421//3249 3582//3404 3583//3405
f 3421//3249 3583//3405 3422//3250
f 3422//3250 3583//3405 3584//3406
f 3422//3250 3584//3406 3423//3251
f 3423//3251 3584//3406 3569//3391
f 3423//3251 3569//3391 3568//3390
f 3423//3251 3568//3390 3410//3238
f 3585//3407 3586//3408 3587//3409
f 3424//3252 3425//3253 3585//3407
f 3585//3407 3425//3253 3588//3410
f 3585//3407 3588//3410 3586//3408
f 3425//3253 3412//3240 3588//3410
f 3588//3410 3412//3240 3571//3393
f 3578//3400 3589//3411 3579//3401
f 3579//3401 3589//3411 3590//3412
f 3427//3255 3589//3411 3415//3243
f 3415//3243 3589//3411 3578//3400
f 3416//3244 3580//3402 3428//3256
f 3428//3256 3580//3402 3591//3413
f 3428//3256 3591//3413 3429//3257
f 3429//3257 3591//3413 3592//3414
f 3429//3257 3592//3414 3593//3415
f 3429//3257 3593//3415 3430//3258
f 3432//3260 3594//3416 3433//3261
f 3433//3261 3594//3416 3595//3417
f 3433//3261 3595//3417 3419//3247
f 3419//3247 3595//3417 3581//3403
f 3436//3264 3435//3263 3596//3418
f 3596//3418 3435//3263 3597//3419
f 3435//3263 3438//3266 3597//3419
f 3597//3419 3438//3266 3585//3407
f 3597//3419 3585//3407 3587//3409
f 3438//3266 3424//3252 3585//3407
f 3589//3411 3598//3420 3590//3412
f 3590//3412 3598//3420 3599//3421
f 3440//3268 3598//3420 3427//3255
f 3427//3255 3598//3420 3589//3411
f 3593//3415 3592//3414 3600//3422
f 3430//3258 3593//3415 3441//3269
f 3441//3269 3593//3415 3600//3422
f 3441//3269 3600//3422 3601//3423
f 3441//3269 3601//3423 3432//3260
f 3432//3260 3601//3423 3594//3416
f 3443//3271 3436//3264 3602//3424
f 3602//3424 3436//3264 3596//3418
f 3598//3420 3603//3425 3599//3421
f 3599//3421 3603//3425 3604//3426
f 3444//3272 3603//3425 3440//3268
f 3440//3268 3603//3425 3598//3420
f 3446//3274 3443//3271 3605//3427
f 3605//3427 3443//3271 3602//3424
f 3448//3276 3606//3428 3449//3277
f 3449//3277 3606//3428 3604//3426
f 3449//3277 3604//3426 3603//3425
f 3449//3277 3603//3425 3444//3272
f 3451//3279 3446//3274 3607//3429
f 3607//3429 3446//3274 3605//3427
f 3608//3430 3609//3431 3610//3432
f 3452//3280 3608//3430 3448//3276
f 3448//3276 3608//3430 3610//3432
f 3448//3276 3610//3432 3606//3428
f 3451//3279 3607//3429 3453//3281
f 3453//3281 3607//3429 3611//3433
f 3453//3281 3611//3433 3612//3434
f 3453//3281 3612//3434 3454//3282
f 3456//3284 3613//3435 3457//3285
f 3457//3285 3613//3435 3614//3436
f 3457//3285 3614//3436 3458//3286
f 3458//3286 3614//3436 3609//3431
f 3458//3286 3609//3431 3608//3430
f 3458//3286 3608//3430 3452//3280
f 3612//3434 3611//3433 3615//3437
f 3459//3287 3454//3282 3616//3438
f 3616//3438 3454//3282 3612//3434
f 3616//3438 3612//3434 3615//3437
f 3461//3289 3617//3439 3462//3290
f 3462//3290 3617//3439 3618//3440
f 3462//3290 3618//3440 3456//3284
f 3456//3284 3618//3440 3613//3435
f 3459//3287 3616//3438 3463//3291
f 3463//3291 3616//3438 3619//3441
f 3463//3291 3619//3441 3620//3442
f 3463//3291 3620//3442 3464//3292
f 3464//3292 3620//3442 3621//3443
f 3464//3292 3621//3443 3465//3293
f 3465//3293 3621//3443 3622//3444
f 3465//3293 3622//3444 3466//3294
f 3466//3294 3622//3444 3623//3445
f 3466//3294 3623//3445 3467//3295
f 3467//3295 3623//3445 3624//3446
f 3467//3295 3624//3446 3625//3447
f 3467//3295 3625//3447 3468//3296
f 3468//3296 3625//3447 3626//3448
f 3468//3296 3626//3448 3461//3289
f 3461//3289 3626//3448 3617//3439
f 3620//3442 3619//3441 3627//3449
f 3620//3442 3627//3449 3621//3443
f 3621//3443 3627//3449 3628//3450
f 3621//3443 3628//3450 3622//3444
f 3622//3444 3628//3450 3629//3451
f 3622//3444 3629//3451 3623//3445
f 3623//3445 3629//3451 3630//3452
f 3623//3445 3630//3452 3624//3446
f 3471//3299 3470//3298 3631//3453
f 3631//3453 3470//3298 3632//3454
f 3470//3298 3472//3300 3632//3454
f 3632//3454 3472//3300 3633//3455
f 3634//3456 3635//3457 3636//3458
f 3634//3456 3637//3459 3635//3457
f 3473//3301 3474//3302 3638//3460
f 3638//3460 3474//3302 3639//3461
f 3474//3302 3471//3299 3639//3461
f 3639//3461 3471//3299 3631//3453
f 3472//3300 3475//3303 3633//3455
f 3633//3455 3475//3303 3640//3462
f 3475//3303 3476//3304 3640//3462
f 3640//3462 3476//3304 3634//3456
f 3640//3462 3634//3456 3636//3458
f 3476//3304 3477//3305 3634//3456
f 3634//3456 3477//3305 3641//3463
f 3634//3456 3641//3463 3637//3459
f 3477//3305 3479//3307 3641//3463
f 3641//3463 3479//3307 3642//3464
f 3479//3307 3480//3308 3642//3464
f 3642//3464 3480//3308 3643//3465
f 3481//3309 3473//3301 3644//3466
f 3644//3466 3473//3301 3638//3460
f 3480//3308 3483//3310 3643//3465
f 3643//3465 3483//3310 3645//3467
f 3483//3310 3484//3311 3645//3467
f 3645//3467 3484//3311 3646//3468
f 3486//3313 3481//3309 3647//3469
f 3647//3469 3481//3309 3644//3466
f 3487//3314 3648//172 3484//3311
f 3484//3311 3648//172 3646//3468
f 3489//3316 3486//3313 3649//3470
f 3649//3470 3486//3313 3647//3469
f 3490//3317 3650//2007 3487//3314
f 3487//3314 3650//2007 3648//172
f 3491//3318 3489//3316 3651//3471
f 3651//3471 3489//3316 3649//3470
f 3492//3319 3652//3472 3493//3320
f 3493//3320 3652//3472 3490//3317
f 3490//3317 3652//3472 3653//3473
f 3490//3317 3653//3473 3650//2007
f 3491//3318 3651//3471 3494//3321
f 3494//3321 3651//3471 3654//3474
f 3494//3321 3654//3474 3495//3322
f 3495//3322 3654//3474 3655//3475
f 3496//3323 3656//3476 3497//3324
f 3497//3324 3656//3476 3492//3319
f 3492//3319 3656//3476 3657//3477
f 3492//3319 3657//3477 3652//3472
f 3652//3472 3657//3477 3658//3478
f 3652//3472 3658//3478 3653//3473
f 3495//3322 3655//3475 3498//3325
f 3498//3325 3655//3475 3659//3479
f 3498//3325 3659//3479 3499//3326
f 3499//3326 3659//3479 3660//3480
f 3500//3327 3661//3481 3501//3328
f 3501//3328 3661//3481 3662//3482
f 3501//3328 3662//3482 3496//3323
f 3496//3323 3662//3482 3663//3483
f 3496//3323 3663//3483 3656//3476
f 3656//3476 3663//3483 3657//3477
f 3499//3326 3660//3480 3502//3329
f 3502//3329 3660//3480 3664//3484
f 3502//3329 3664//3484 3503//3330
f 3503//3330 3664//3484 3665//3485
f 3503//3330 3665//3485 3500//3327
f 3500//3327 3665//3485 3661//3481
f 3507//3334 3508//3335 3666//3486
f 3508//3335 3509//3336 3666//3486
f 3666//3486 3509//3336 3667//3487
f 3509//3336 3511//3338 3667//3487
f 3512//3339 3513//3340 3668//3488
f 3513//3340 3514//3341 3668//3488
f 3668//3488 3514//3341 3669//3489
f 3668//3488 3669//3489 3670//3490
f 3514//3341 3515//3342 3669//3489
f 3669//3489 3515//3342 3671//3491
f 3669//3489 3671//3491 3672//3492
f 3515//3342 3516//3343 3671//3491
f 3671//3491 3516//3343 3673//3493
f 3516//3343 3518//3345 3673//3493
f 3519//3346 3507//3334 3674//3494
f 3674//3494 3507//3334 3666//3486
f 3666//3486 3667//3487 3674//3494
f 3674//3494 3667//3487 3675//3495
f 3520//3347 3675//3495 3511//3338
f 3511//3338 3675//3495 3667//3487
f 3521//3348 3522//3349 3676//3496
f 3676//3496 3522//3349 3677//3497
f 3522//3349 3512//3339 3677//3497
f 3677//3497 3512//3339 3668//3488
f 3677//3497 3668//3488 3678//3498
f 3668//3488 3670//3490 3678//3498
f 3671//3491 3679//3499 3672//3492
f 3672//3492 3679//3499 3680//3500
f 3671//3491 3673//3493 3679//3499
f 3679//3499 3673//3493 3681//3501
f 3524//3351 3681//3501 3518//3345
f 3518//3345 3681//3501 3673//3493
f 3525//3352 3519//3346 3682//3502
f 3682//3502 3519//3346 3674//3494
f 3674//3494 3675//3495 3682//3502
f 3682//3502 3675//3495 3683//3503
f 3526//3353 3683//3503 3520//3347
f 3520//3347 3683//3503 3675//3495
f 3527//3354 3528//3355 3684//3504
f 3528//3355 3521//3348 3684//3504
f 3684//3504 3521//3348 3676//3496
f 3684//3504 3676//3496 3685//3505
f 3679//3499 3686//3506 3680//3500
f 3679//3499 3681//3501 3686//3506
f 3686//3506 3681//3501 3687//3507
f 3686//3506 3687//3507 3688//3508
f 3530//3357 3687//3507 3524//3351
f 3524//3351 3687//3507 3681//3501
f 3525//3352 3682//3502 3532//3359
f 3532//3359 3682//3502 3534//3361
f 3534//3361 3682//3502 3683//3503
f 3534//3361 3683//3503 3526//3353
f 3535//3362 3527//3354 3689//3509
f 3689//3509 3527//3354 3684//3504
f 3689//3509 3684//3504 3690//3510
f 3684//3504 3685//3505 3690//3510
f 3687//3507 3691//3511 3688//3508
f 3688//3508 3691//3511 3692//3512
f 3537//3364 3691//3511 3530//3357
f 3530//3357 3691//3511 3687//3507
f 3538//775 3535//3362 3693//3513
f 3693//3513 3535//3362 3689//3509
f 3691//3511 3694//3514 3692//3512
f 3537//3364 3539//3365 3691//3511
f 3691//3511 3539//3365 3695//3515
f 3691//3511 3695//3515 3694//3514
f 3694//3514 3695//3515 3696//3516
f 3539//3365 3541//3367 3695//3515
f 3542//15 3538//775 3697//3517
f 3697//3517 3538//775 3693//3513
f 3695//3515 3698//3518 3696//3516
f 3541//3367 3543//3368 3695//3515
f 3695//3515 3543//3368 3699//3519
f 3695//3515 3699//3519 3698//3518
f 3698//3518 3699//3519 3700//3520
f 3543//3368 3545//3370 3699//3519
f 3546//15 3542//15 3701//15
f 3701//15 3542//15 3697//3517
f 3699//3519 3702//3521 3700//3520
f 3700//3520 3702//3521 3703//3522
f 3548//3372 3702//3521 3545//3370
f 3545//3370 3702//3521 3699//3519
f 3550//15 3546//15 3704//15
f 3704//15 3546//15 3701//15
f 3702//3521 3705//3523 3703//3522
f 3552//3375 3706//3524 3548//3372
f 3548//3372 3706//3524 3705//3523
f 3548//3372 3705//3523 3702//3521
f 3555//15 3550//15 3707//15
f 3707//15 3550//15 3704//15
f 3708//3525 3709//3526 3710//3527
f 3557//3379 3708//3525 3552//3375
f 3552//3375 3708//3525 3710//3527
f 3552//3375 3710//3527 3706//3524
f 3562//3384 3563//3385 3711//3528
f 3563//3385 3565//3387 3711//3528
f 3567//3389 3555//15 3712//2871
f 3712//2871 3555//15 3707//15
f 3569//3391 3713//3529 3570//3392
f 3570//3392 3713//3529 3709//3526
f 3570//3392 3709//3526 3708//3525
f 3570//3392 3708//3525 3557//3379
f 3571//3393 3572//3394 3714//3530
f 3714//3530 3572//3394 3715//3531
f 3572//3394 3573//3395 3715//3531
f 3715//3531 3573//3395 3716//3532
f 3573//3395 3574//3396 3716//3532
f 3716//3532 3574//3396 3717//3533
f 3574//3396 3575//3397 3717//3533
f 3717//3533 3575//3397 3718//3534
f 3575//3397 3576//3398 3718//3534
f 3718//3534 3576//3398 3719//3535
f 3576//3398 3562//3384 3719//3535
f 3719//3535 3562//3384 3711//3528
f 3719//3535 3711//3528 3720//3536
f 3565//3387 3577//3399 3711//3528
f 3711//3528 3577//3399 3721//3537
f 3711//3528 3721//3537 3720//3536
f 3720//3536 3721//3537 3722//3538
f 3577//3399 3579//3401 3721//3537
f 3580//3402 3567//3389 3723//2877
f 3723//2877 3567//3389 3712//2871
f 3581//3403 3724//3539 3582//3404
f 3582//3404 3724//3539 3725//3540
f 3582//3404 3725//3540 3583//3405
f 3583//3405 3725//3540 3726//3541
f 3583//3405 3726//3541 3584//3406
f 3584//3406 3726//3541 3727//3542
f 3584//3406 3727//3542 3569//3391
f 3569//3391 3727//3542 3713//3529
f 3728//3543 3729//3544 3730//3545
f 3587//3409 3586//3408 3728//3543
f 3728//3543 3586//3408 3731//3546
f 3728//3543 3731//3546 3729//3544
f 3586//3408 3588//3410 3731//3546
f 3731//3546 3588//3410 3732//3547
f 3588//3410 3571//3393 3732//3547
f 3732//3547 3571//3393 3714//3530
f 3721//3537 3733//3548 3722//3538
f 3590//3412 3734//3549 3579//3401
f 3579//3401 3734//3549 3733//3548
f 3579//3401 3733//3548 3721//3537
f 3580//3402 3723//2877 3591//3413
f 3591//3413 3723//2877 3735//3550
f 3591//3413 3735//3550 3592//3414
f 3592//3414 3735//3550 3736//3551
f 3594//3416 3737//3552 3595//3417
f 3595//3417 3737//3552 3738//3553
f 3595//3417 3738//3553 3581//3403
f 3581//3403 3738//3553 3724//3539
f 3739//3554 3740//3555 3741//3556
f 3596//3418 3597//3419 3739//3554
f 3739//3554 3597//3419 3728//3543
f 3739//3554 3728//3543 3740//3555
f 3740//3555 3728//3543 3730//3545
f 3597//3419 3587//3409 3728//3543
f 3599//3421 3742//3557 3590//3412
f 3590//3412 3742//3557 3734//3549
f 3592//3414 3736//3551 3600//3422
f 3600//3422 3736//3551 3743//3558
f 3600//3422 3743//3558 3601//3423
f 3601//3423 3743//3558 3744//3559
f 3601//3423 3744//3559 3594//3416
f 3594//3416 3744//3559 3737//3552
f 3739//3554 3741//3556 3745//3424
f 3745//3424 3741//3556 3746//3560
f 3602//3424 3596//3418 3745//3424
f 3745//3424 3596//3418 3739//3554
f 3604//3426 3747//3561 3599//3421
f 3599//3421 3747//3561 3742//3557
f 3745//3424 3746//3560 3748//3562
f 3748//3562 3746//3560 3749//3563
f 3605//3427 3602//3424 3748//3562
f 3748//3562 3602//3424 3745//3424
f 3606//3428 3750//3564 3604//3426
f 3604//3426 3750//3564 3747//3561
f 3748//3562 3749//3563 3751//3565
f 3751//3565 3749//3563 3752//3566
f 3607//3429 3605//3427 3751//3565
f 3751//3565 3605//3427 3748//3562
f 3609//3431 3753//3567 3610//3432
f 3610//3432 3753//3567 3754//3568
f 3610//3432 3754//3568 3606//3428
f 3606//3428 3754//3568 3750//3564
f 3751//3565 3752//3566 3755//3569
f 3611//3433 3607//3429 3756//3570
f 3756//3570 3607//3429 3751//3565
f 3756//3570 3751//3565 3755//3569
f 3613//3435 3757//3571 3614//3436
f 3614//3436 3757//3571 3758//3572
f 3614//3436 3758//3572 3609//3431
f 3609//3431 3758//3572 3753//3567
f 3611//3433 3756//3570 3615//3437
f 3615//3437 3756//3570 3759//3573
f 3615//3437 3759//3573 3760//3574
f 3615//3437 3760//3574 3616//3438
f 3617//3439 3761//3575 3618//3440
f 3618//3440 3761//3575 3762//3576
f 3618//3440 3762//3576 3613//3435
f 3613//3435 3762//3576 3757//3571
f 3760//3574 3759//3573 3763//3577
f 3763//3577 3759//3573 3764//3578
f 3619//3441 3616//3438 3763//3577
f 3763//3577 3616//3438 3760//3574
f 3624//3446 3765//3579 3625//3447
f 3625//3447 3765//3579 3626//3448
f 3626//3448 3765//3579 3766//3580
f 3626//3448 3766//3580 3767//3581
f 3626//3448 3767//3581 3617//3439
f 3617//3439 3767//3581 3761//3575
f 3763//3577 3764//3578 3768//3582
f 3619//3441 3763//3577 3627//3449
f 3627//3449 3763//3577 3768//3582
f 3627//3449 3768//3582 3769//3583
f 3769//3583 3768//3582 3770//3584
f 3627//3449 3769//3583 3628//3450
f 3628//3450 3769//3583 3771//3585
f 3628//3450 3771//3585 3629//3451
f 3629//3451 3771//3585 3772//3586
f 3629//3451 3772//3586 3630//3452
f 3630//3452 3772//3586 3773//3587
f 3630//3452 3773//3587 3774//3588
f 3630//3452 3774//3588 3624//3446
f 3624//3446 3774//3588 3775//3589
f 3624//3446 3775//3589 3765//3579
f 3765//3579 3775//3589 3766//3580
f 3769//3583 3770//3584 3776//3590
f 3769//3583 3776//3590 3771//3585
f 3771//3585 3776//3590 3777//3591
f 3771//3585 3777//3591 3772//3586
f 3772//3586 3777//3591 3778//3592
f 3772//3586 3778//3592 3773//3587
f 3631//3453 3632//3454 3779//3593
f 3632//3454 3633//3455 3779//3593
f 3636//3458 3635//3457 3780//3594
f 3780//3594 3635//3457 3781//3595
f 3635//3457 3637//3459 3781//3595
f 3781//3595 3637//3459 3782//3596
f 3638//3460 3639//3461 3783//3597
f 3783//3597 3639//3461 3784//3598
f 3639//3461 3631//3453 3784//3598
f 3784//3598 3631//3453 3779//3593
f 3784//3598 3779//3593 3785//3599
f 3633//3455 3640//3462 3779//3593
f 3779//3593 3640//3462 3786//3600
f 3779//3593 3786//3600 3785//3599
f 3640//3462 3636//3458 3786//3600
f 3786//3600 3636//3458 3780//3594
f 3637//3459 3641//3463 3782//3596
f 3782//3596 3641//3463 3787//3601
f 3641//3463 3642//3464 3787//3601
f 3787//3601 3642//3464 3788//3602
f 3642//3464 3643//3465 3788//3602
f 3788//3602 3643//3465 3789//3603
f 3644//3466 3638//3460 3790//3604
f 3790//3604 3638//3460 3783//3597
f 3643//3465 3645//3467 3789//3603
f 3789//3603 3645//3467 3791//3605
f 3645//3467 3646//3468 3791//3605
f 3791//3605 3646//3468 3792//3606
f 3647//3469 3644//3466 3793//3607
f 3793//3607 3644//3466 3790//3604
f 3648//172 3794//3608 3646//3468
f 3646//3468 3794//3608 3792//3606
f 3649//3470 3647//3469 3795//3609
f 3795//3609 3647//3469 3793//3607
f 3650//2007 3796//19 3648//172
f 3648//172 3796//19 3794//3608
f 3651//3471 3649//3470 3797//3610
f 3797//3610 3649//3470 3795//3609
f 3653//3473 3798//154 3650//2007
f 3650//2007 3798//154 3796//19
f 3651//3471 3797//3610 3654//3474
f 3654//3474 3797//3610 3799//3611
f 3654//3474 3799//3611 3655//3475
f 3655//3475 3799//3611 3800//3612
f 3657//3477 3801//29 3658//3478
f 3658//3478 3801//29 3802//31
f 3658//3478 3802//31 3653//3473
f 3653//3473 3802//31 3798//154
f 3655//3475 3800//3612 3659//3479
f 3659//3479 3800//3612 3803//3613
f 3659//3479 3803//3613 3660//3480
f 3660//3480 3803//3613 3804//3614
f 3661//3481 3805//3615 3662//3482
f 3662//3482 3805//3615 3806//3616
f 3662//3482 3806//3616 3663//3483
f 3663//3483 3806//3616 3807//3617
f 3663//3483 3807//3617 3657//3477
f 3657//3477 3807//3617 3801//29
f 3660//3480 3804//3614 3664//3484
f 3664//3484 3804//3614 3808//3618
f 3664//3484 3808//3618 3665//3485
f 3665//3485 3808//3618 3809//3619
f 3665//3485 3809//3619 3661//3481
f 3661//3481 3809//3619 3805//3615
f 3670//3490 3669//3489 3810//3620
f 3669//3489 3672//3492 3810//3620
f 3676//3496 3677//3497 3811//3621
f 3677//3497 3678//3498 3811//3621
f 3811//3621 3678//3498 3812//3622
f 3811//3621 3812//3622 3813//3623
f 3678//3498 3670//3490 3812//3622
f 3812//3622 3670//3490 3810//3620
f 3812//3622 3810//3620 3814//3624
f 3814//3624 3810//3620 3815//3625
f 3680//3500 3815//3625 3672//3492
f 3672//3492 3815//3625 3810//3620
f 3685//3505 3676//3496 3816//3626
f 3816//3626 3676//3496 3811//3621
f 3816//3626 3811//3621 3817//3627
f 3811//3621 3813//3623 3817//3627
f 3815//3625 3818//3628 3814//3624
f 3680//3500 3686//3506 3815//3625
f 3815//3625 3686//3506 3819//3629
f 3815//3625 3819//3629 3818//3628
f 3818//3628 3819//3629 3820//3630
f 3686//3506 3688//3508 3819//3629
f 3689//3509 3690//3510 3821//3631
f 3821//3631 3690//3510 3822//3632
f 3690//3510 3685//3505 3822//3632
f 3822//3632 3685//3505 3816//3626
f 3819//3629 3823//3633 3820//3630
f 3692//3512 3824//3634 3688//3508
f 3688//3508 3824//3634 3823//3633
f 3688//3508 3823//3633 3819//3629
f 3693//3513 3689//3509 3825//3635
f 3825//3635 3689//3509 3821//3631
f 3692//3512 3694//3514 3824//3634
f 3824//3634 3694//3514 3826//3636
f 3694//3514 3696//3516 3826//3636
f 3826//3636 3696//3516 3827//3637
f 3697//3517 3693//3513 3828//3638
f 3828//3638 3693//3513 3825//3635
f 3696//3516 3698//3518 3827//3637
f 3827//3637 3698//3518 3829//3639
f 3698//3518 3700//3520 3829//3639
f 3829//3639 3700//3520 3830//3640
f 3701//15 3697//3517 3831//15
f 3831//15 3697//3517 3828//3638
f 3703//3522 3832//3641 3700//3520
f 3700//3520 3832//3641 3830//3640
f 3704//15 3701//15 3833//15
f 3833//15 3701//15 3831//15
f 3703//3522 3705//3523 3832//3641
f 3832//3641 3705//3523 3834//3642
f 3832//3641 3834//3642 3835//3643
f 3705//3523 3706//3524 3834//3642
f 3707//15 3704//15 3836//15
f 3836//15 3704//15 3833//15
f 3709//3526 3837//3644 3710//3527
f 3710//3527 3837//3644 3835//3643
f 3710//3527 3835//3643 3834//3642
f 3710//3527 3834//3642 3706//3524
f 3712//2871 3707//15 3838//3055
f 3838//3055 3707//15 3836//15
f 3839//3645 3840//3646 3841//3647
f 3713//3529 3839//3645 3709//3526
f 3709//3526 3839//3645 3841//3647
f 3709//3526 3841//3647 3837//3644
f 3842//3648 3843//3649 3844//3649
f 3714//3530 3715//3531 3842//3648
f 3842//3648 3715//3531 3845//3650
f 3842//3648 3845//3650 3843//3649
f 3715//3531 3716//3532 3845//3650
f 3845//3650 3716//3532 3846//3651
f 3716//3532 3717//3533 3846//3651
f 3846//3651 3717//3533 3847//3652
f 3717//3533 3718//3534 3847//3652
f 3847//3652 3718//3534 3848//3653
f 3847//3652 3848//3653 3849//3654
f 3718//3534 3719//3535 3848//3653
f 3848//3653 3719//3535 3850//3655
f 3719//3535 3720//3536 3850//3655
f 3850//3655 3720//3536 3851//3656
f 3720//3536 3722//3538 3851//3656
f 3723//2877 3712//2871 3852//3657
f 3852//3657 3712//2871 3838//3055
f 3724//3539 3853//3658 3725//3540
f 3725//3540 3853//3658 3726//3541
f 3726//3541 3853//3658 3854//3659
f 3726//3541 3854//3659 3855//3660
f 3726//3541 3855//3660 3727//3542
f 3727//3542 3855//3660 3840//3646
f 3727//3542 3840//3646 3839//3645
f 3727//3542 3839//3645 3713//3529
f 3730//3545 3729//3544 3856//3661
f 3856//3661 3729//3544 3857//3662
f 3729//3544 3731//3546 3857//3662
f 3857//3662 3731//3546 3858//3663
f 3731//3546 3732//3547 3858//3663
f 3858//3663 3732//3547 3842//3648
f 3858//3663 3842//3648 3844//3649
f 3732//3547 3714//3530 3842//3648
f 3848//3653 3859//3664 3849//3654
f 3848//3653 3850//3655 3859//3664
f 3859//3664 3850//3655 3860//3665
f 3850//3655 3851//3656 3860//3665
f 3860//3665 3851//3656 3861//3666
f 3722//3538 3733//3548 3851//3656
f 3851//3656 3733//3548 3862//3667
f 3851//3656 3862//3667 3861//3666
f 3861//3666 3862//3667 3863//3668
f 3733//3548 3734//3549 3862//3667
f 3723//2877 3852//3657 3735//3550
f 3735//3550 3852//3657 3864//3669
f 3735//3550 3864//3669 3865//3670
f 3735//3550 3865//3670 3736//3551
f 3737//3552 3866//3671 3738//3553
f 3738//3553 3866//3671 3867//3672
f 3738//3553 3867//3672 3724//3539
f 3724//3539 3867//3672 3868//3673
f 3724//3539 3868//3673 3853//3658
f 3853//3658 3868//3673 3854//3659
f 3741//3556 3740//3555 3869//3674
f 3869//3674 3740//3555 3870//3675
f 3740//3555 3730//3545 3870//3675
f 3870//3675 3730//3545 3856//3661
f 3862//3667 3871//3676 3863//3668
f 3742//3557 3872//3677 3734//3549
f 3734//3549 3872//3677 3871//3676
f 3734//3549 3871//3676 3862//3667
f 3865//3670 3864//3669 3873//3678
f 3736//3551 3865//3670 3743//3558
f 3743//3558 3865//3670 3873//3678
f 3743//3558 3873//3678 3874//3679
f 3743//3558 3874//3679 3744//3559
f 3744//3559 3874//3679 3875//3680
f 3744//3559 3875//3680 3737//3552
f 3737//3552 3875//3680 3866//3671
f 3746//3560 3741//3556 3876//3681
f 3876//3681 3741//3556 3869//3674
f 3747//3561 3877//3682 3742//3557
f 3742//3557 3877//3682 3872//3677
f 3878//3683 3879//3684 3880//3685
f 3749//3563 3746//3560 3878//3683
f 3878//3683 3746//3560 3876//3681
f 3878//3683 3876//3681 3879//3684
f 3750//3564 3881//3686 3747//3561
f 3747//3561 3881//3686 3877//3682
f 3878//3683 3880//3685 3882//3687
f 3752//3566 3749//3563 3883//3688
f 3883//3688 3749//3563 3878//3683
f 3883//3688 3878//3683 3882//3687
f 3753//3567 3884//3689 3754//3568
f 3754//3568 3884//3689 3885//3690
f 3754//3568 3885//3690 3750//3564
f 3750//3564 3885//3690 3881//3686
f 3752//3566 3883//3688 3755//3569
f 3755//3569 3883//3688 3886//3691
f 3755//3569 3886//3691 3887//3692
f 3755//3569 3887//3692 3756//3570
f 3757//3571 3888//3693 3758//3572
f 3758//3572 3888//3693 3889//3694
f 3758//3572 3889//3694 3753//3567
f 3753//3567 3889//3694 3884//3689
f 3887//3692 3886//3691 3890//3695
f 3890//3695 3886//3691 3891//3696
f 3759//3573 3756//3570 3890//3695
f 3890//3695 3756//3570 3887//3692
f 3761//3575 3892//3697 3762//3576
f 3762//3576 3892//3697 3893//3698
f 3762//3576 3893//3698 3757//3571
f 3757//3571 3893//3698 3888//3693
f 3890//3695 3891//3696 3894//3696
f 3764//3578 3759//3573 3895//3699
f 3895//3699 3759//3573 3890//3695
f 3895//3699 3890//3695 3894//3696
f 3766//3580 3896//3700 3767//3581
f 3767//3581 3896//3700 3897//3701
f 3767//3581 3897//3701 3761//3575
f 3761//3575 3897//3701 3892//3697
f 3764//3578 3895//3699 3768//3582
f 3768//3582 3895//3699 3898//3702
f 3768//3582 3898//3702 3899//3703
f 3768//3582 3899//3703 3770//3584
f 3773//3587 3900//3704 3774//3588
f 3774//3588 3900//3704 3901//3705
f 3774//3588 3901//3705 3775//3589
f 3775//3589 3901//3705 3902//3706
f 3775//3589 3902//3706 3766//3580
f 3766//3580 3902//3706 3896//3700
f 3899//3703 3898//3702 3903//3707
f 3770//3584 3899//3703 3776//3590
f 3776//3590 3899//3703 3903//3707
f 3776//3590 3903//3707 3904//3708
f 3904//3708 3903//3707 3905//3709
f 3776//3590 3904//3708 3777//3591
f 3777//3591 3904//3708 3906//3710
f 3777//3591 3906//3710 3907//3711
f 3777//3591 3907//3711 3778//3592
f 3778//3592 3907//3711 3908//3712
f 3778//3592 3908//3712 3773//3587
f 3773//3587 3908//3712 3900//3704
f 3904//3708 3905//3709 3909//3713
f 3904//3708 3909//3713 3906//3710
f 3780//3594 3781//3595 3910//3714
f 3910//3714 3781//3595 3911//3715
f 3781//3595 3782//3596 3911//3715
f 3911//3715 3782//3596 3912//3716
f 3911//3715 3912//3716 3913//3717
f 3912//3716 3914//3718 3913//3717
f 3783//3597 3784//3598 3915//3719
f 3784//3598 3785//3599 3915//3719
f 3915//3719 3785//3599 3916//3720
f 3915//3719 3916//3720 3917//3721
f 3785//3599 3786//3600 3916//3720
f 3916//3720 3786//3600 3918//3722
f 3786//3600 3780//3594 3918//3722
f 3918//3722 3780//3594 3910//3714
f 3782//3596 3787//3601 3912//3716
f 3787//3601 3788//3602 3912//3716
f 3912//3716 3788//3602 3919//3723
f 3912//3716 3919//3723 3914//3718
f 3788//3602 3789//3603 3919//3723
f 3919//3723 3789//3603 3920//3724
f 3790//3604 3783//3597 3921//3725
f 3921//3725 3783//3597 3915//3719
f 3921//3725 3915//3719 3922//3726
f 3915//3719 3917//3721 3922//3726
f 3789//3603 3791//3605 3920//3724
f 3920//3724 3791//3605 3923//3727
f 3791//3605 3792//3606 3923//3727
f 3923//3727 3792//3606 3924//3728
f 3793//3607 3790//3604 3925//775
f 3925//775 3790//3604 3921//3725
f 3794//3608 3926//192 3792//3606
f 3792//3606 3926//192 3924//3728
f 3795//3609 3793//3607 3927//3729
f 3927//3729 3793//3607 3925//775
f 3796//19 3928//19 3794//3608
f 3794//3608 3928//19 3926//192
f 3797//3610 3795//3609 3929//3730
f 3929//3730 3795//3609 3927//3729
f 3798//154 3930//154 3796//19
f 3796//19 3930//154 3928//19
f 3797//3610 3929//3730 3799//3611
f 3799//3611 3929//3730 3931//3731
f 3799//3611 3931//3731 3800//3612
f 3800//3612 3931//3731 3932//3732
f 3801//29 3933//29 3802//31
f 3802//31 3933//29 3934//31
f 3802//31 3934//31 3798//154
f 3798//154 3934//31 3930//154
f 3800//3612 3932//3732 3803//3613
f 3803//3613 3932//3732 3935//3733
f 3803//3613 3935//3733 3804//3614
f 3804//3614 3935//3733 3936//3734
f 3804//3614 3936//3734 3937//3735
f 3937//3735 3936//3734 3938//3736
f 3938//3736 3936//3734 3939//3737
f 3805//3615 3938//3736 3806//3616
f 3806//3616 3938//3736 3939//3737
f 3806//3616 3939//3737 3940//3738
f 3806//3616 3940//3738 3807//3617
f 3807//3617 3940//3738 3941//3739
f 3807//3617 3941//3739 3801//29
f 3801//29 3941//3739 3933//29
f 3804//3614 3937//3735 3808//3618
f 3808//3618 3937//3735 3809//3619
f 3809//3619 3937//3735 3938//3736
f 3809//3619 3938//3736 3805//3615
f 3813//3623 3812//3622 3942//3740
f 3812//3622 3814//3624 3942//3740
f 3816//3626 3817//3627 3943//3741
f 3817//3627 3813//3623 3943//3741
f 3943//3741 3813//3623 3942//3740
f 3943//3741 3942//3740 3944//3742
f 3944//3742 3942//3740 3945//3743
f 3814//3624 3818//3628 3942//3740
f 3942//3740 3818//3628 3946//3744
f 3942//3740 3946//3744 3945//3743
f 3945//3743 3946//3744 3947//3745
f 3818//3628 3820//3630 3946//3744
f 3821//3631 3822//3632 3948//3746
f 3822//3632 3816//3626 3948//3746
f 3948//3746 3816//3626 3943//3741
f 3948//3746 3943//3741 3949//3747
f 3949//3747 3943//3741 3950//3748
f 3943//3741 3944//3742 3950//3748
f 3946//3744 3951//3749 3947//3745
f 3820//3630 3823//3633 3946//3744
f 3946//3744 3823//3633 3952//3750
f 3946//3744 3952//3750 3951//3749
f 3951//3749 3952//3750 3953//3751
f 3823//3633 3824//3634 3952//3750
f 3825//3635 3821//3631 3954//3752
f 3954//3752 3821//3631 3948//3746
f 3954//3752 3948//3746 3955//3753
f 3948//3746 3949//3747 3955//3753
f 3952//3750 3956//3754 3953//3751
f 3824//3634 3826//3636 3952//3750
f 3952//3750 3826//3636 3957//3755
f 3952//3750 3957//3755 3956//3754
f 3956//3754 3957//3755 3958//3756
f 3826//3636 3827//3637 3957//3755
f 3828//3638 3825//3635 3959//3196
f 3959//3196 3825//3635 3954//3752
f 3957//3755 3960//3757 3958//3756
f 3827//3637 3829//3639 3957//3755
f 3957//3755 3829//3639 3961//3758
f 3957//3755 3961//3758 3960//3757
f 3960//3757 3961//3758 3962//3759
f 3829//3639 3830//3640 3961//3758
f 3831//15 3828//3638 3963//15
f 3963//15 3828//3638 3959//3196
f 3961//3758 3964//3760 3962//3759
f 3832//3641 3965//3761 3830//3640
f 3830//3640 3965//3761 3964//3760
f 3830//3640 3964//3760 3961//3758
f 3833//15 3831//15 3966//15
f 3966//15 3831//15 3963//15
f 3835//3643 3967//3762 3832//3641
f 3832//3641 3967//3762 3965//3761
f 3836//15 3833//15 3968//15
f 3968//15 3833//15 3966//15
f 3837//3644 3969//3763 3835//3643
f 3835//3643 3969//3763 3967//3762
f 3838//3055 3836//15 3970//15
f 3970//15 3836//15 3968//15
f 3840//3646 3971//3764 3841//3647
f 3841//3647 3971//3764 3972//3765
f 3841//3647 3972//3765 3837//3644
f 3837//3644 3972//3765 3969//3763
f 3844//3649 3843//3649 3973//3766
f 3973//3766 3843//3649 3974//3767
f 3843//3649 3845//3650 3974//3767
f 3974//3767 3845//3650 3975//3768
f 3845//3650 3846//3651 3975//3768
f 3975//3768 3846//3651 3976//3769
f 3846//3651 3847//3652 3976//3769
f 3976//3769 3847//3652 3977//3770
f 3976//3769 3977//3770 3978//3771
f 3847//3652 3849//3654 3977//3770
f 3852//3657 3838//3055 3979//3772
f 3979//3772 3838//3055 3970//15
f 3854//3659 3980//3773 3855//3660
f 3855//3660 3980//3773 3981//3774
f 3855//3660 3981//3774 3840//3646
f 3840//3646 3981//3774 3971//3764
f 3856//3661 3857//3662 3982//3775
f 3982//3775 3857//3662 3983//3776
f 3857//3662 3858//3663 3983//3776
f 3983//3776 3858//3663 3984//3777
f 3858//3663 3844//3649 3984//3777
f 3984//3777 3844//3649 3973//3766
f 3977//3770 3985//3778 3978//3771
f 3849//3654 3859//3664 3977//3770
f 3977//3770 3859//3664 3986//3779
f 3977//3770 3986//3779 3985//3778
f 3859//3664 3860//3665 3986//3779
f 3986//3779 3860//3665 3987//3780
f 3860//3665 3861//3666 3987//3780
f 3987//3780 3861//3666 3988//3781
f 3987//3780 3988//3781 3989//3782
f 3861//3666 3863//3668 3988//3781
f 3864//3669 3852//3657 3990//3783
f 3990//3783 3852//3657 3979//3772
f 3866//3671 3991//3784 3867//3672
f 3867//3672 3991//3784 3992//3785
f 3867//3672 3992//3785 3868//3673
f 3868//3673 3992//3785 3993//3786
f 3868//3673 3993//3786 3854//3659
f 3854//3659 3993//3786 3980//3773
f 3869//3674 3870//3675 3994//3787
f 3994//3787 3870//3675 3995//3788
f 3870//3675 3856//3661 3995//3788
f 3995//3788 3856//3661 3982//3775
f 3988//3781 3996//3789 3989//3782
f 3863//3668 3871//3676 3988//3781
f 3988//3781 3871//3676 3997//3790
f 3988//3781 3997//3790 3996//3789
f 3996//3789 3997//3790 3998//3791
f 3871//3676 3872//3677 3997//3790
f 3864//3669 3990//3783 3873//3678
f 3873//3678 3990//3783 3999//3792
f 3873//3678 3999//3792 3874//3679
f 3874//3679 3999//3792 4000//3793
f 3874//3679 4000//3793 4001//3794
f 3874//3679 4001//3794 3875//3680
f 3875//3680 4001//3794 4002//3795
f 3875//3680 4002//3795 4003//3796
f 3875//3680 4003//3796 3866//3671
f 3866//3671 4003//3796 3991//3784
f 4004//3797 4005//3798 4006//3798
f 3876//3681 3869//3674 4004//3797
f 4004//3797 3869//3674 3994//3787
f 4004//3797 3994//3787 4005//3798
f 3997//3790 4007//3799 3998//3791
f 3877//3682 4008//3800 3872//3677
f 3872//3677 4008//3800 4007//3799
f 3872//3677 4007//3799 3997//3790
f 4001//3794 4000//3793 4009//3801
f 4001//3794 4009//3801 4002//3795
f 3880//3685 3879//3684 4010//3802
f 4010//3802 3879//3684 4004//3797
f 4010//3802 4004//3797 4006//3798
f 3879//3684 3876//3681 4004//3797
f 4011//3803 4012//3804 4013//3805
f 3881//3686 4011//3803 3877//3682
f 3877//3682 4011//3803 4013//3805
f 3877//3682 4013//3805 4008//3800
f 3880//3685 4010//3802 3882//3687
f 3882//3687 4010//3802 4014//3806
f 3882//3687 4014//3806 4015//3807
f 3882//3687 4015//3807 3883//3688
f 3884//3689 4016//3808 3885//3690
f 3885//3690 4016//3808 4012//3804
f 3885//3690 4012//3804 4011//3803
f 3885//3690 4011//3803 3881//3686
f 4015//3807 4014//3806 4017//3809
f 4017//3809 4014//3806 4018//3810
f 3886//3691 3883//3688 4017//3809
f 4017//3809 3883//3688 4015//3807
f 3888//3693 4019//3811 3889//3694
f 3889//3694 4019//3811 4020//3812
f 3889//3694 4020//3812 3884//3689
f 3884//3689 4020//3812 4016//3808
f 4017//3809 4018//3810 4021//3813
f 3891//3696 3886//3691 4022//3696
f 4022//3696 3886//3691 4017//3809
f 4022//3696 4017//3809 4021//3813
f 3892//3697 4023//3814 3893//3698
f 3893//3698 4023//3814 4024//3815
f 3893//3698 4024//3815 3888//3693
f 3888//3693 4024//3815 4019//3811
f 3891//3696 4022//3696 3894//3696
f 3894//3696 4022//3696 4025//3696
f 3894//3696 4025//3696 4026//3696
f 3894//3696 4026//3696 3895//3699
f 3896//3700 4027//3816 3897//3701
f 3897//3701 4027//3816 4028//3817
f 3897//3701 4028//3817 3892//3697
f 3892//3697 4028//3817 4023//3814
f 4026//3696 4025//3696 4029//3696
f 3898//3702 3895//3699 4030//3818
f 4030//3818 3895//3699 4026//3696
f 4030//3818 4026//3696 4029//3696
f 3900//3704 4031//3819 3901//3705
f 3901//3705 4031//3819 3902//3706
f 3902//3706 4031//3819 4032//3820
f 3902//3706 4032//3820 4033//3821
f 3902//3706 4033//3821 3896//3700
f 3896//3700 4033//3821 4027//3816
f 3898//3702 4030//3818 3903//3707
f 3903//3707 4030//3818 4034//3822
f 3903//3707 4034//3822 4035//3823
f 3903//3707 4035//3823 3905//3709
f 3906//3710 4036//3824 3907//3711
f 3907//3711 4036//3824 3908//3712
f 3908//3712 4036//3824 4037//3825
f 3908//3712 4037//3825 4038//3826
f 3908//3712 4038//3826 3900//3704
f 3900//3704 4038//3826 4039//3827
f 3900//3704 4039//3827 4031//3819
f 4031//3819 4039//3827 4032//3820
f 4035//3823 4034//3822 4040//3828
f 3905//3709 4035//3823 3909//3713
f 3909//3713 4035//3823 4040//3828
f 3909//3713 4040//3828 4041//3829
f 3909//3713 4041//3829 3906//3710
f 3906//3710 4041//3829 4042//3830
f 3906//3710 4042//3830 4036//3824
f 4036//3824 4042//3830 4037//3825
f 3910//3714 3911//3715 4043//3831
f 4043//3831 3911//3715 4044//3832
f 3911//3715 3913//3717 4044//3832
f 4044//3832 3913//3717 4045//3833
f 3913//3717 3914//3718 4045//3833
f 4045//3833 3914//3718 4046//3834
f 3917//3721 3916//3720 4047//3835
f 4047//3835 3916//3720 4048//3836
f 3916//3720 3918//3722 4048//3836
f 4048//3836 3918//3722 4049//3831
f 3918//3722 3910//3714 4049//3831
f 4049//3831 3910//3714 4043//3831
f 3914//3718 3919//3723 4046//3834
f 4046//3834 3919//3723 4050//3837
f 3919//3723 3920//3724 4050//3837
f 4050//3837 3920//3724 4051//3838
f 3921//3725 3922//3726 4052//3839
f 4052//3839 3922//3726 4053//3840
f 3922//3726 3917//3721 4053//3840
f 4053//3840 3917//3721 4047//3835
f 3920//3724 3923//3727 4051//3838
f 4051//3838 3923//3727 4054//798
f 3923//3727 3924//3728 4054//798
f 4054//798 3924//3728 4055//799
f 3925//775 3921//3725 4056//15
f 4056//15 3921//3725 4052//3839
f 3926//192 4057//749 3924//3728
f 3924//3728 4057//749 4055//799
f 3927//3729 3925//775 4058//3841
f 4058//3841 3925//775 4056//15
f 3928//19 4059//19 3926//192
f 3926//192 4059//19 4057//749
f 3929//3730 3927//3729 4060//3842
f 4060//3842 3927//3729 4058//3841
f 3930//154 4061//154 3928//19
f 3928//19 4061//154 4059//19
f 3929//3730 4060//3842 3931//3731
f 3931//3731 4060//3842 4062//3843
f 3931//3731 4062//3843 3932//3732
f 3932//3732 4062//3843 4063//3844
f 3933//29 4064//29 3934//31
f 3934//31 4064//29 4065//31
f 3934//31 4065//31 3930//154
f 3930//154 4065//31 4061//154
f 3932//3732 4063//3844 3935//3733
f 3935//3733 4063//3844 4066//3845
f 3935//3733 4066//3845 3936//3734
f 3936//3734 4066//3845 4067//3846
f 3936//3734 4067//3846 3939//3737
f 3939//3737 4067//3846 4068//3847
f 3939//3737 4068//3847 3940//3738
f 3940//3738 4068//3847 4069//3848
f 3940//3738 4069//3848 3941//3739
f 3941//3739 4069//3848 4070//3739
f 3941//3739 4070//3739 3933//29
f 3933//29 4070//3739 4064//29
f 3944//3742 3945//3743 4071//3849
f 3945//3743 3947//3745 4071//3849
f 3949//3747 3950//3748 4072//3850
f 4072//3850 3950//3748 4073//3851
f 3950//3748 3944//3742 4073//3851
f 4073//3851 3944//3742 4071//3849
f 4073//3851 4071//3849 4074//3852
f 3947//3745 3951//3749 4071//3849
f 4071//3849 3951//3749 4075//3853
f 4071//3849 4075//3853 4074//3852
f 3951//3749 3953//3751 4075//3853
f 4075//3853 3953//3751 4076//3854
f 3954//3752 3955//3753 4077//3855
f 4077//3855 3955//3753 4078//3856
f 3955//3753 3949//3747 4078//3856
f 4078//3856 3949//3747 4072//3850
f 3953//3751 3956//3754 4076//3854
f 4076//3854 3956//3754 4079//3857
f 3956//3754 3958//3756 4079//3857
f 4079//3857 3958//3756 4080//3858
f 3959//3196 3954//3752 4081//3859
f 4081//3859 3954//3752 4077//3855
f 3958//3756 3960//3757 4080//3858
f 4080//3858 3960//3757 4082//3860
f 3960//3757 3962//3759 4082//3860
f 4082//3860 3962//3759 4083//3861
f 3963//15 3959//3196 4084//15
f 4084//15 3959//3196 4081//3859
f 3962//3759 3964//3760 4083//3861
f 4083//3861 3964//3760 4085//3862
f 3964//3760 3965//3761 4085//3862
f 4085//3862 3965//3761 4086//3863
f 3966//15 3963//15 4087//15
f 4087//15 3963//15 4084//15
f 3967//3762 4088//3864 3965//3761
f 3965//3761 4088//3864 4086//3863
f 3968//15 3966//15 4089//15
f 4089//15 3966//15 4087//15
f 4090//3865 4091//3866 4092//3867
f 3969//3763 4090//3865 3967//3762
f 3967//3762 4090//3865 4092//3867
f 3967//3762 4092//3867 4088//3864
f 3970//15 3968//15 4093//15
f 4093//15 3968//15 4089//15
f 3971//3764 4094//3868 3972//3765
f 3972//3765 4094//3868 4091//3866
f 3972//3765 4091//3866 4090//3865
f 3972//3765 4090//3865 3969//3763
f 3973//3766 3974//3767 4095//3869
f 4095//3869 3974//3767 4096//3870
f 3974//3767 3975//3768 4096//3870
f 4096//3870 3975//3768 4097//3871
f 3975//3768 3976//3769 4097//3871
f 4097//3871 3976//3769 4098//3872
f 4097//3871 4098//3872 4099//3872
f 3976//3769 3978//3771 4098//3872
f 3979//3772 3970//15 4100//18
f 4100//18 3970//15 4093//15
f 4101//3873 4102//3874 4103//3875
f 3980//3773 4101//3873 3981//3774
f 3981//3774 4101//3873 4103//3875
f 3981//3774 4103//3875 4104//3876
f 3981//3774 4104//3876 3971//3764
f 3971//3764 4104//3876 4094//3868
f 3982//3775 3983//3776 4105//3877
f 4105//3877 3983//3776 4106//3878
f 3983//3776 3984//3777 4106//3878
f 4106//3878 3984//3777 4107//3879
f 3984//3777 3973//3766 4107//3879
f 4107//3879 3973//3766 4095//3869
f 4098//3872 4108//3872 4099//3872
f 3978//3771 3985//3778 4098//3872
f 4098//3872 3985//3778 4109//3880
f 4098//3872 4109//3880 4108//3872
f 3985//3778 3986//3779 4109//3880
f 4109//3880 3986//3779 4110//3881
f 3986//3779 3987//3780 4110//3881
f 4110//3881 3987//3780 4111//3882
f 4110//3881 4111//3882 4112//3883
f 3987//3780 3989//3782 4111//3882
f 3990//3783 3979//3772 4113//3884
f 4113//3884 3979//3772 4100//18
f 3991//3784 4114//3885 3992//3785
f 3992//3785 4114//3885 4115//3886
f 3992//3785 4115//3886 3993//3786
f 3993//3786 4115//3886 4102//3874
f 3993//3786 4102//3874 4101//3873
f 3993//3786 4101//3873 3980//3773
f 3994//3787 3995//3788 4116//3887
f 4116//3887 3995//3788 4117//3888
f 3995//3788 3982//3775 4117//3888
f 4117//3888 3982//3775 4105//3877
f 4111//3882 4118//3889 4112//3883
f 3989//3782 3996//3789 4111//3882
f 4111//3882 3996//3789 4119//3890
f 4111//3882 4119//3890 4118//3889
f 4118//3889 4119//3890 4120//3891
f 3996//3789 3998//3791 4119//3890
f 3990//3783 4113//3884 3999//3792
f 3999//3792 4113//3884 4121//3892
f 3999//3792 4121//3892 4122//3893
f 3999//3792 4122//3893 4000//3793
f 4002//3795 4123//3894 4003//3796
f 4003//3796 4123//3894 4124//3895
f 4003//3796 4124//3895 3991//3784
f 3991//3784 4124//3895 4114//3885
f 4006//3798 4005//3798 4125//3798
f 4125//3798 4005//3798 4126//3896
f 4005//3798 3994//3787 4126//3896
f 4126//3896 3994//3787 4116//3887
f 4119//3890 4127//3897 4120//3891
f 3998//3791 4007//3799 4119//3890
f 4119//3890 4007//3799 4128//3898
f 4119//3890 4128//3898 4127//3897
f 4127//3897 4128//3898 4129//3899
f 4007//3799 4008//3800 4128//3898
f 4122//3893 4121//3892 4130//3900
f 4000//3793 4122//3893 4009//3801
f 4009//3801 4122//3893 4130//3900
f 4009//3801 4130//3900 4131//3901
f 4009//3801 4131//3901 4002//3795
f 4002//3795 4131//3901 4123//3894
f 4010//3802 4006//3798 4132//3902
f 4132//3902 4006//3798 4125//3798
f 4012//3804 4133//3903 4013//3805
f 4013//3805 4133//3903 4129//3899
f 4013//3805 4129//3899 4128//3898
f 4013//3805 4128//3898 4008//3800
f 4014//3806 4010//3802 4134//3904
f 4134//3904 4010//3802 4132//3902
f 4135//3905 4136//3906 4137//3907
f 4016//3808 4135//3905 4012//3804
f 4012//3804 4135//3905 4137//3907
f 4012//3804 4137//3907 4133//3903
f 4018//3810 4014//3806 4138//3908
f 4138//3908 4014//3806 4134//3904
f 4019//3811 4139//3909 4020//3812
f 4020//3812 4139//3909 4136//3906
f 4020//3812 4136//3906 4135//3905
f 4020//3812 4135//3905 4016//3808
f 4018//3810 4138//3908 4021//3813
f 4021//3813 4138//3908 4140//3910
f 4021//3813 4140//3910 4141//3696
f 4021//3813 4141//3696 4022//3696
f 4023//3814 4142//3911 4024//3815
f 4024//3815 4142//3911 4143//3912
f 4024//3815 4143//3912 4019//3811
f 4019//3811 4143//3912 4139//3909
f 4141//3696 4140//3910 4144//3913
f 4025//3696 4022//3696 4145//3914
f 4145//3914 4022//3696 4141//3696
f 4145//3914 4141//3696 4144//3913
f 4027//3816 4146//3915 4028//3817
f 4028//3817 4146//3915 4147//3916
f 4028//3817 4147//3916 4023//3814
f 4023//3814 4147//3916 4142//3911
f 4025//3696 4145//3914 4029//3696
f 4029//3696 4145//3914 4148//3917
f 4029//3696 4148//3917 4149//3918
f 4029//3696 4149//3918 4030//3818
f 4032//3820 4150//3919 4033//3821
f 4033//3821 4150//3919 4151//3920
f 4033//3821 4151//3920 4027//3816
f 4027//3816 4151//3920 4146//3915
f 4149//3918 4148//3917 4152//3921
f 4034//3822 4030//3818 4153//3922
f 4153//3922 4030//3818 4149//3918
f 4153//3922 4149//3918 4152//3921
f 4037//3825 4154//3923 4038//3826
f 4038//3826 4154//3923 4039//3827
f 4039//3827 4154//3923 4155//3924
f 4039//3827 4155//3924 4156//3925
f 4039//3827 4156//3925 4032//3820
f 4032//3820 4156//3925 4150//3919
f 4034//3822 4153//3922 4040//3828
f 4040//3828 4153//3922 4157//3926
f 4040//3828 4157//3926 4041//3829
f 4041//3829 4157//3926 4158//3927
f 4041//3829 4158//3927 4159//3928
f 4041//3829 4159//3928 4042//3830
f 4042//3830 4159//3928 4160//3929
f 4042//3830 4160//3929 4161//3930
f 4042//3830 4161//3930 4037//3825
f 4037//3825 4161//3930 4162//3931
f 4037//3825 4162//3931 4154//3923
f 4154//3923 4162//3931 4155//3924
f 4159//3928 4158//3927 4163//3932
f 4159//3928 4163//3932 4160//3929
f 4164//3933 4165//3831 4166//3831
f 4043//3831 4044//3832 4164//3933
f 4164//3933 4044//3832 4167//3934
f 4164//3933 4167//3934 4165//3831
f 4044//3832 4045//3833 4167//3934
f 4167//3934 4045//3833 4168//3935
f 4045//3833 4046//3834 4168//3935
f 4168//3935 4046//3834 4169//3936
f 4047//3835 4048//3836 4170//3937
f 4170//3937 4048//3836 4171//3938
f 4048//3836 4049//3831 4171//3938
f 4171//3938 4049//3831 4164//3933
f 4171//3938 4164//3933 4166//3831
f 4049//3831 4043//3831 4164//3933
f 4046//3834 4050//3837 4169//3936
f 4169//3936 4050//3837 4172//3939
f 4050//3837 4051//3838 4172//3939
f 4172//3939 4051//3838 4173//3940
f 4052//3839 4053//3840 4174//3941
f 4174//3941 4053//3840 4175//3942
f 4053//3840 4047//3835 4175//3942
f 4175//3942 4047//3835 4170//3937
f 4051//3838 4054//798 4173//3940
f 4173//3940 4054//798 4176//819
f 4054//798 4055//799 4176//819
f 4176//819 4055//799 4177//820
f 4056//15 4052//3839 4178//15
f 4178//15 4052//3839 4174//3941
f 4057//749 4179//717 4055//799
f 4055//799 4179//717 4177//820
f 4058//3841 4056//15 4180//3841
f 4180//3841 4056//15 4178//15
f 4059//19 4181//19 4057//749
f 4057//749 4181//19 4179//717
f 4060//3842 4058//3841 4182//3842
f 4182//3842 4058//3841 4180//3841
f 4061//154 4183//154 4059//19
f 4059//19 4183//154 4181//19
f 4060//3842 4182//3842 4062//3843
f 4062//3843 4182//3842 4184//3943
f 4062//3843 4184//3943 4063//3844
f 4063//3844 4184//3943 4185//3944
f 4064//29 4186//29 4065//31
f 4065//31 4186//29 4187//31
f 4065//31 4187//31 4061//154
f 4061//154 4187//31 4183//154
f 4063//3844 4185//3944 4066//3845
f 4066//3845 4185//3944 4188//3945
f 4066//3845 4188//3945 4067//3846
f 4067//3846 4188//3945 4189//3946
f 4067//3846 4189//3946 4068//3847
f 4068//3847 4189//3946 4190//3947
f 4068//3847 4190//3947 4069//3848
f 4069//3848 4190//3947 4191//3948
f 4069//3848 4191//3948 4070//3739
f 4070//3739 4191//3948 4192//3739
f 4070//3739 4192//3739 4064//29
f 4064//29 4192//3739 4186//29
f 4072//3850 4073//3851 4193//3949
f 4073//3851 4074//3852 4193//3949
f 4193//3949 4074//3852 4194//3950
f 4074//3852 4075//3853 4194//3950
f 4194//3950 4075//3853 4195//3951
f 4075//3853 4076//3854 4195//3951
f 4077//3855 4078//3856 4196//3952
f 4078//3856 4072//3850 4196//3952
f 4196//3952 4072//3850 4193//3949
f 4196//3952 4193//3949 4197//3953
f 4197//3953 4193//3949 4198//3954
f 4193//3949 4194//3950 4198//3954
f 4198//3954 4194//3950 4199//3955
f 4194//3950 4195//3951 4199//3955
f 4199//3955 4195//3951 4200//3956
f 4199//3955 4200//3956 4201//3957
f 4076//3854 4079//3857 4195//3951
f 4195//3951 4079//3857 4202//3958
f 4195//3951 4202//3958 4200//3956
f 4200//3956 4202//3958 4203//3959
f 4079//3857 4080//3858 4202//3958
f 4202//3958 4080//3858 4204//3960
f 4081//3859 4077//3855 4205//3961
f 4205//3961 4077//3855 4196//3952
f 4205//3961 4196//3952 4206//3962
f 4196//3952 4197//3953 4206//3962
f 4200//3956 4207//3963 4201//3957
f 4200//3956 4203//3959 4207//3963
f 4080//3858 4082//3860 4204//3960
f 4204//3960 4082//3860 4208//3964
f 4082//3860 4083//3861 4208//3964
f 4208//3964 4083//3861 4209//3965
f 4084//15 4081//3859 4210//3966
f 4210//3966 4081//3859 4205//3961
f 4083//3861 4085//3862 4209//3965
f 4209//3965 4085//3862 4211//3967
f 4209//3965 4211//3967 4212//3968
f 4085//3862 4086//3863 4211//3967
f 4087//15 4084//15 4213//775
f 4213//775 4084//15 4210//3966
f 4211//3967 4214//3969 4212//3968
f 4212//3968 4214//3969 4215//3970
f 4088//3864 4214//3969 4086//3863
f 4086//3863 4214//3969 4211//3967
f 4089//15 4087//15 4216//18
f 4216//18 4087//15 4213//775
f 4091//3866 4217//3971 4092//3867
f 4092//3867 4217//3971 4215//3970
f 4092//3867 4215//3970 4214//3969
f 4092//3867 4214//3969 4088//3864
f 4093//15 4089//15 4218//3972
f 4218//3972 4089//15 4216//18
f 4219//3973 4220//3974 4221//3975
f 4094//3868 4219//3973 4091//3866
f 4091//3866 4219//3973 4221//3975
f 4091//3866 4221//3975 4217//3971
f 4095//3869 4096//3870 4222//3976
f 4096//3870 4097//3871 4222//3976
f 4222//3976 4097//3871 4223//3977
f 4097//3871 4099//3872 4223//3977
f 4100//18 4093//15 4224//3978
f 4224//3978 4093//15 4218//3972
f 4102//3874 4225//3979 4103//3875
f 4103//3875 4225//3979 4226//3980
f 4103//3875 4226//3980 4104//3876
f 4104//3876 4226//3980 4220//3974
f 4104//3876 4220//3974 4219//3973
f 4104//3876 4219//3973 4094//3868
f 4105//3877 4106//3878 4227//3981
f 4227//3981 4106//3878 4228//3982
f 4106//3878 4107//3879 4228//3982
f 4228//3982 4107//3879 4229//3983
f 4107//3879 4095//3869 4229//3983
f 4229//3983 4095//3869 4222//3976
f 4229//3983 4222//3976 4230//3984
f 4222//3976 4223//3977 4230//3984
f 4230//3984 4223//3977 4231//3985
f 4099//3872 4108//3872 4223//3977
f 4223//3977 4108//3872 4232//3986
f 4223//3977 4232//3986 4231//3985
f 4108//3872 4109//3880 4232//3986
f 4232//3986 4109//3880 4233//3987
f 4109//3880 4110//3881 4233//3987
f 4233//3987 4110//3881 4234//3988
f 4233//3987 4234//3988 4235//3989
f 4110//3881 4112//3883 4234//3988
f 4113//3884 4100//18 4236//3990
f 4236//3990 4100//18 4224//3978
f 4114//3885 4237//3991 4115//3886
f 4115//3886 4237//3991 4238//3992
f 4115//3886 4238//3992 4102//3874
f 4102//3874 4238//3992 4225//3979
f 4239//3993 4240//3994 4241//3995
f 4116//3887 4117//3888 4239//3993
f 4239//3993 4117//3888 4242//3996
f 4239//3993 4242//3996 4240//3994
f 4117//3888 4105//3877 4242//3996
f 4242//3996 4105//3877 4227//3981
f 4234//3988 4243//3997 4235//3989
f 4112//3883 4118//3889 4234//3988
f 4234//3988 4118//3889 4244//3998
f 4234//3988 4244//3998 4243//3997
f 4118//3889 4120//3891 4244//3998
f 4244//3998 4120//3891 4245//3999
f 4121//3892 4113//3884 4246//4000
f 4246//4000 4113//3884 4236//3990
f 4246//4000 4236//3990 4247//4001
f 4246//4000 4247//4001 4248//4002
f 4123//3894 4249//4003 4124//3895
f 4124//3895 4249//4003 4250//4004
f 4124//3895 4250//4004 4114//3885
f 4114//3885 4250//4004 4237//3991
f 4125//3798 4126//3896 4251//4005
f 4251//4005 4126//3896 4239//3993
f 4251//4005 4239//3993 4241//3995
f 4126//3896 4116//3887 4239//3993
f 4120//3891 4127//3897 4245//3999
f 4245//3999 4127//3897 4252//4006
f 4245//3999 4252//4006 4253//4007
f 4127//3897 4129//3899 4252//4006
f 4121//3892 4246//4000 4130//3900
f 4130//3900 4246//4000 4131//3901
f 4131//3901 4246//4000 4248//4002
f 4131//3901 4248//4002 4254//4008
f 4131//3901 4254//4008 4123//3894
f 4123//3894 4254//4008 4249//4003
f 4132//3902 4125//3798 4255//4009
f 4255//4009 4125//3798 4251//4005
f 4252//4006 4256//4010 4253//4007
f 4253//4007 4256//4010 4257//4011
f 4133//3903 4256//4010 4129//3899
f 4129//3899 4256//4010 4252//4006
f 4134//3904 4132//3902 4258//4012
f 4258//4012 4132//3902 4255//4009
f 4136//3906 4259//4013 4137//3907
f 4137//3907 4259//4013 4257//4011
f 4137//3907 4257//4011 4256//4010
f 4137//3907 4256//4010 4133//3903
f 4138//3908 4134//3904 4260//4014
f 4260//4014 4134//3904 4258//4012
f 4261//4015 4262//4016 4263//4017
f 4139//3909 4261//4015 4136//3906
f 4136//3906 4261//4015 4263//4017
f 4136//3906 4263//4017 4259//4013
f 4140//3910 4138//3908 4264//4018
f 4264//4018 4138//3908 4260//4014
f 4265//4019 4266//4020 4267//4021
f 4142//3911 4265//4019 4143//3912
f 4143//3912 4265//4019 4267//4021
f 4143//3912 4267//4021 4261//4015
f 4261//4015 4267//4021 4262//4016
f 4143//3912 4261//4015 4139//3909
f 4140//3910 4264//4018 4144//3913
f 4144//3913 4264//4018 4268//4022
f 4144//3913 4268//4022 4269//4023
f 4144//3913 4269//4023 4145//3914
f 4146//3915 4270//4024 4147//3916
f 4147//3916 4270//4024 4266//4020
f 4147//3916 4266//4020 4265//4019
f 4147//3916 4265//4019 4142//3911
f 4269//4023 4268//4022 4271//4025
f 4148//3917 4145//3914 4272//4026
f 4272//4026 4145//3914 4269//4023
f 4272//4026 4269//4023 4271//4025
f 4150//3919 4273//4027 4151//3920
f 4151//3920 4273//4027 4274//4028
f 4151//3920 4274//4028 4146//3915
f 4146//3915 4274//4028 4270//4024
f 4148//3917 4272//4026 4152//3921
f 4152//3921 4272//4026 4275//4029
f 4152//3921 4275//4029 4276//4030
f 4152//3921 4276//4030 4153//3922
f 4155//3924 4277//4031 4156//3925
f 4156//3925 4277//4031 4278//4032
f 4156//3925 4278//4032 4150//3919
f 4150//3919 4278//4032 4273//4027
f 4276//4030 4275//4029 4279//4033
f 4153//3922 4276//4030 4157//3926
f 4157//3926 4276//4030 4279//4033
f 4157//3926 4279//4033 4280//4034
f 4280//4034 4279//4033 4281//4035
f 4157//3926 4280//4034 4158//3927
f 4160//3929 4282//4036 4161//3930
f 4161//3930 4282//4036 4283//4037
f 4161//3930 4283//4037 4162//3931
f 4162//3931 4283//4037 4284//4038
f 4162//3931 4284//4038 4155//3924
f 4155//3924 4284//4038 4277//4031
f 4280//4034 4281//4035 4285//4039
f 4158//3927 4280//4034 4163//3932
f 4163//3932 4280//4034 4285//4039
f 4163//3932 4285//4039 4286//4040
f 4163//3932 4286//4040 4160//3929
f 4160//3929 4286//4040 4282//4036
f 4166//3831 4165//3831 4287//3831
f 4287//3831 4165//3831 4288//3831
f 4165//3831 4167//3934 4288//3831
f 4288//3831 4167//3934 4289//4041
f 4167//3934 4168//3935 4289//4041
f 4289//4041 4168//3935 4290//1509
f 4168//3935 4169//3936 4290//1509
f 4290//1509 4169//3936 4291//4042
f 4290//1509 4291//4042 4292//4043
f 4291//4042 4293//4044 4292//4043
f 4170//3937 4171//3938 4294//4045
f 4294//4045 4171//3938 4295//4046
f 4171//3938 4166//3831 4295//4046
f 4295//4046 4166//3831 4287//3831
f 4169//3936 4172//3939 4291//4042
f 4172//3939 4173//3940 4291//4042
f 4291//4042 4173//3940 4296//4047
f 4291//4042 4296//4047 4293//4044
f 4293//4044 4296//4047 4297//4048
f 4296//4047 4298//4049 4297//4048
f 4174//3941 4175//3942 4299//3941
f 4299//3941 4175//3942 4300//4050
f 4175//3942 4170//3937 4300//4050
f 4300//4050 4170//3937 4294//4045
f 4173//3940 4176//819 4296//4047
f 4176//819 4177//820 4296//4047
f 4296//4047 4177//820 4301//4051
f 4296//4047 4301//4051 4298//4049
f 4178//15 4174//3941 4302//15
f 4302//15 4174//3941 4299//3941
f 4179//717 4303//4052 4177//820
f 4177//820 4303//4052 4301//4051
f 4180//3841 4178//15 4304//3841
f 4304//3841 4178//15 4302//15
f 4181//19 4305//4053 4179//717
f 4179//717 4305//4053 4303//4052
f 4182//3842 4180//3841 4306//3842
f 4306//3842 4180//3841 4304//3841
f 4183//154 4307//4054 4181//19
f 4181//19 4307//4054 4305//4053
f 4182//3842 4306//3842 4184//3943
f 4184//3943 4306//3842 4308//4055
f 4184//3943 4308//4055 4185//3944
f 4185//3944 4308//4055 4309//4056
f 4186//29 4310//29 4187//31
f 4187//31 4310//29 4311//4057
f 4187//31 4311//4057 4183//154
f 4183//154 4311//4057 4307//4054
f 4185//3944 4309//4056 4188//3945
f 4188//3945 4309//4056 4312//4058
f 4188//3945 4312//4058 4189//3946
f 4189//3946 4312//4058 4313//4059
f 4189//3946 4313//4059 4190//3947
f 4190//3947 4313//4059 4314//4060
f 4190//3947 4314//4060 4191//3948
f 4191//3948 4314//4060 4315//4061
f 4191//3948 4315//4061 4192//3739
f 4192//3739 4315//4061 4316//4062
f 4192//3739 4316//4062 4186//29
f 4186//29 4316//4062 4310//29
f 4197//3953 4198//3954 4317//4063
f 4198//3954 4199//3955 4317//4063
f 4317//4063 4199//3955 4318//4064
f 4199//3955 4201//3957 4318//4064
f 4203//3959 4202//3958 4319//4065
f 4202//3958 4204//3960 4319//4065
f 4205//3961 4206//3962 4320//4066
f 4206//3962 4197//3953 4320//4066
f 4320//4066 4197//3953 4317//4063
f 4320//4066 4317//4063 4321//4067
f 4321//4067 4317//4063 4322//4068
f 4317//4063 4318//4064 4322//4068
f 4322//4068 4318//4064 4323//4069
f 4201//3957 4207//3963 4318//4064
f 4318//4064 4207//3963 4324//4070
f 4318//4064 4324//4070 4323//4069
f 4323//4069 4324//4070 4325//4071
f 4207//3963 4203//3959 4324//4070
f 4324//4070 4203//3959 4319//4065
f 4324//4070 4319//4065 4326//4072
f 4204//3960 4208//3964 4319//4065
f 4319//4065 4208//3964 4327//4073
f 4319//4065 4327//4073 4326//4072
f 4208//3964 4209//3965 4327//4073
f 4210//3966 4205//3961 4328//4074
f 4328//4074 4205//3961 4320//4066
f 4328//4074 4320//4066 4329//4075
f 4320//4066 4321//4067 4329//4075
f 4324//4070 4330//4076 4325//4071
f 4324//4070 4326//4072 4330//4076
f 4330//4076 4326//4072 4331//4077
f 4330//4076 4331//4077 4332//4078
f 4326//4072 4327//4073 4331//4077
f 4331//4077 4327//4073 4333//4079
f 4212//3968 4333//4079 4209//3965
f 4209//3965 4333//4079 4327//4073
f 4213//775 4210//3966 4334//4080
f 4334//4080 4210//3966 4328//4074
f 4331//4077 4335//4081 4332//4078
f 4331//4077 4333//4079 4335//4081
f 4335//4081 4333//4079 4336//4082
f 4335//4081 4336//4082 4337//4083
f 4215//3970 4336//4082 4212//3968
f 4212//3968 4336//4082 4333//4079
f 4216//18 4213//775 4338//4084
f 4338//4084 4213//775 4334//4080
f 4336//4082 4339//4085 4337//4083
f 4337//4083 4339//4085 4340//4086
f 4217//3971 4339//4085 4215//3970
f 4215//3970 4339//4085 4336//4082
f 4218//3972 4216//18 4341//4087
f 4341//4087 4216//18 4338//4084
f 4342//4088 4343//4089 4344//4090
f 4220//3974 4342//4088 4221//3975
f 4221//3975 4342//4088 4344//4090
f 4221//3975 4344//4090 4339//4085
f 4339//4085 4344//4090 4340//4086
f 4221//3975 4339//4085 4217//3971
f 4224//3978 4218//3972 4345//4091
f 4345//4091 4218//3972 4341//4087
f 4346//4092 4347//4093 4348//4094
f 4225//3979 4346//4092 4226//3980
f 4226//3980 4346//4092 4348//4094
f 4226//3980 4348//4094 4342//4088
f 4342//4088 4348//4094 4343//4089
f 4226//3980 4342//4088 4220//3974
f 4349//4095 4350//4096 4351//4097
f 4227//3981 4228//3982 4349//4095
f 4349//4095 4228//3982 4352//4098
f 4349//4095 4352//4098 4350//4096
f 4228//3982 4229//3983 4352//4098
f 4352//4098 4229//3983 4353//4099
f 4229//3983 4230//3984 4353//4099
f 4353//4099 4230//3984 4354//4100
f 4230//3984 4231//3985 4354//4100
f 4354//4100 4231//3985 4355//4101
f 4231//3985 4232//3986 4355//4101
f 4355//4101 4232//3986 4356//4102
f 4232//3986 4233//3987 4356//4102
f 4356//4102 4233//3987 4357//4103
f 4356//4102 4357//4103 4358//4104
f 4233//3987 4235//3989 4357//4103
f 4236//3990 4224//3978 4359//4105
f 4359//4105 4224//3978 4345//4091
f 4360//4106 4361//4107 4362//4108
f 4237//3991 4360//4106 4238//3992
f 4238//3992 4360//4106 4362//4108
f 4238//3992 4362//4108 4346//4092
f 4346//4092 4362//4108 4347//4093
f 4238//3992 4346//4092 4225//3979
f 4241//3995 4240//3994 4363//4109
f 4363//4109 4240//3994 4364//4110
f 4240//3994 4242//3996 4364//4110
f 4364//4110 4242//3996 4349//4095
f 4364//4110 4349//4095 4351//4097
f 4242//3996 4227//3981 4349//4095
f 4357//4103 4365//4111 4358//4104
f 4235//3989 4243//3997 4357//4103
f 4357//4103 4243//3997 4366//4112
f 4357//4103 4366//4112 4365//4111
f 4243//3997 4244//3998 4366//4112
f 4366//4112 4244//3998 4367//4113
f 4366//4112 4367//4113 4368//4114
f 4244//3998 4245//3999 4367//4113
f 4236//3990 4359//4105 4247//4001
f 4247//4001 4359//4105 4369//4115
f 4247//4001 4369//4115 4248//4002
f 4248//4002 4369//4115 4370//4116
f 4248//4002 4370//4116 4371//4117
f 4249//4003 4371//4117 4250//4004
f 4250//4004 4371//4117 4370//4116
f 4250//4004 4370//4116 4360//4106
f 4360//4106 4370//4116 4361//4107
f 4250//4004 4360//4106 4237//3991
f 4251//4005 4241//3995 4372//4118
f 4372//4118 4241//3995 4363//4109
f 4367//4113 4373//4119 4368//4114
f 4368//4114 4373//4119 4374//4120
f 4253//4007 4373//4119 4245//3999
f 4245//3999 4373//4119 4367//4113
f 4248//4002 4371//4117 4254//4008
f 4254//4008 4371//4117 4249//4003
f 4375//4121 4376//4122 4377//4123
f 4255//4009 4251//4005 4375//4121
f 4375//4121 4251//4005 4372//4118
f 4375//4121 4372//4118 4376//4122
f 4373//4119 4378//4124 4374//4120
f 4257//4011 4379//4125 4253//4007
f 4253//4007 4379//4125 4378//4124
f 4253//4007 4378//4124 4373//4119
f 4375//4121 4377//4123 4380//4126
f 4380//4126 4377//4123 4381//4127
f 4258//4012 4255//4009 4380//4126
f 4380//4126 4255//4009 4375//4121
f 4382//4128 4383//4129 4384//4130
f 4259//4013 4382//4128 4257//4011
f 4257//4011 4382//4128 4384//4130
f 4257//4011 4384//4130 4379//4125
f 4380//4126 4381//4127 4385//4131
f 4385//4131 4381//4127 4386//4132
f 4260//4014 4258//4012 4385//4131
f 4385//4131 4258//4012 4380//4126
f 4262//4016 4387//4133 4263//4017
f 4263//4017 4387//4133 4383//4129
f 4263//4017 4383//4129 4382//4128
f 4263//4017 4382//4128 4259//4013
f 4385//4131 4386//4132 4388//4134
f 4388//4134 4386//4132 4389//4135
f 4264//4018 4260//4014 4388//4134
f 4388//4134 4260//4014 4385//4131
f 4266//4020 4390//4136 4267//4021
f 4267//4021 4390//4136 4391//4137
f 4267//4021 4391//4137 4262//4016
f 4262//4016 4391//4137 4387//4133
f 4388//4134 4389//4135 4392//4138
f 4268//4022 4264//4018 4393//4139
f 4393//4139 4264//4018 4388//4134
f 4393//4139 4388//4134 4392//4138
f 4394//4140 4395//4141 4396//4142
f 4270//4024 4394//4140 4266//4020
f 4266//4020 4394//4140 4396//4142
f 4266//4020 4396//4142 4390//4136
f 4268//4022 4393//4139 4271//4025
f 4271//4025 4393//4139 4397//4143
f 4271//4025 4397//4143 4398//4144
f 4271//4025 4398//4144 4272//4026
f 4273//4027 4399//4145 4274//4028
f 4274//4028 4399//4145 4395//4141
f 4274//4028 4395//4141 4394//4140
f 4274//4028 4394//4140 4270//4024
f 4398//4144 4397//4143 4400//4146
f 4275//4029 4272//4026 4401//4147
f 4401//4147 4272//4026 4398//4144
f 4401//4147 4398//4144 4400//4146
f 4277//4031 4402//4148 4278//4032
f 4278//4032 4402//4148 4403//4149
f 4278//4032 4403//4149 4273//4027
f 4273//4027 4403//4149 4399//4145
f 4275//4029 4401//4147 4279//4033
f 4279//4033 4401//4147 4404//4150
f 4279//4033 4404//4150 4281//4035
f 4281//4035 4404//4150 4405//4151
f 4282//4036 4406//4152 4283//4037
f 4283//4037 4406//4152 4284//4038
f 4284//4038 4406//4152 4407//4153
f 4284//4038 4407//4153 4408//4154
f 4284//4038 4408//4154 4277//4031
f 4277//4031 4408//4154 4402//4148
f 4281//4035 4405//4151 4285//4039
f 4285//4039 4405//4151 4409//4155
f 4285//4039 4409//4155 4286//4040
f 4286//4040 4409//4155 4410//4156
f 4286//4040 4410//4156 4282//4036
f 4282//4036 4410//4156 4411//4157
f 4282//4036 4411//4157 4406//4152
f 4406//4152 4411//4157 4407//4153
f 4287//3831 4288//3831 4412//3831
f 4412//3831 4288//3831 4413//3831
f 4288//3831 4289//4041 4413//3831
f 4413//3831 4289//4041 4414//4158
f 4289//4041 4290//1509 4414//4158
f 4414//4158 4290//1509 4415//2572
f 4290//1509 4292//4043 4415//2572
f 4415//2572 4292//4043 4416//2573
f 4292//4043 4293//4044 4416//2573
f 4416//2573 4293//4044 4417//940
f 4294//4045 4295//4046 4418//4159
f 4418//4159 4295//4046 4419//793
f 4295//4046 4287//3831 4419//793
f 4419//793 4287//3831 4412//3831
f 4293//4044 4297//4048 4417//940
f 4417//940 4297//4048 4420//4160
f 4297//4048 4298//4049 4420//4160
f 4420//4160 4298//4049 4421//4161
f 4299//3941 4300//4050 4422//3941
f 4422//3941 4300//4050 4423//4162
f 4300//4050 4294//4045 4423//4162
f 4423//4162 4294//4045 4418//4159
f 4301//4051 4424//4163 4298//4049
f 4298//4049 4424//4163 4421//4161
f 4302//15 4299//3941 4425//15
f 4425//15 4299//3941 4422//3941
f 4303//4052 4426//4164 4301//4051
f 4301//4051 4426//4164 4424//4163
f 4304//3841 4302//15 4427//3841
f 4427//3841 4302//15 4425//15
f 4305//4053 4428//4165 4303//4052
f 4303//4052 4428//4165 4426//4164
f 4306//3842 4304//3841 4429//3842
f 4429//3842 4304//3841 4427//3841
f 4307//4054 4430//534 4305//4053
f 4305//4053 4430//534 4428//4165
f 4306//3842 4429//3842 4308//4055
f 4308//4055 4429//3842 4431//4055
f 4308//4055 4431//4055 4309//4056
f 4309//4056 4431//4055 4432//4056
f 4310//29 4433//4166 4311//4057
f 4311//4057 4433//4166 4434//4167
f 4311//4057 4434//4167 4307//4054
f 4307//4054 4434//4167 4430//534
f 4309//4056 4432//4056 4312//4058
f 4312//4058 4432//4056 4435//4168
f 4312//4058 4435//4168 4313//4059
f 4313//4059 4435//4168 4436//4169
f 4313//4059 4436//4169 4314//4060
f 4314//4060 4436//4169 4437//4170
f 4314//4060 4437//4170 4315//4061
f 4315//4061 4437//4170 4438//4171
f 4315//4061 4438//4171 4316//4062
f 4316//4062 4438//4171 4439//4172
f 4316//4062 4439//4172 4310//29
f 4310//29 4439//4172 4433//4166
f 4321//4067 4322//4068 4440//4173
f 4322//4068 4323//4069 4440//4173
f 4440//4173 4323//4069 4441//4174
f 4323//4069 4325//4071 4441//4174
f 4328//4074 4329//4075 4442//4175
f 4329//4075 4321//4067 4442//4175
f 4442//4175 4321//4067 4440//4173
f 4442//4175 4440//4173 4443//4176
f 4440//4173 4441//4174 4443//4176
f 4443//4176 4441//4174 4444//4177
f 4325//4071 4330//4076 4441//4174
f 4441//4174 4330//4076 4445//4178
f 4441//4174 4445//4178 4444//4177
f 4330//4076 4332//4078 4445//4178
f 4334//4080 4328//4074 4446//4179
f 4446//4179 4328//4074 4442//4175
f 4442//4175 4443//4176 4446//4179
f 4446//4179 4443//4176 4447//4180
f 4446//4179 4447//4180 4448//4181
f 4443//4176 4444//4177 4447//4180
f 4447//4180 4444//4177 4449//4182
f 4447//4180 4449//4182 4450//4183
f 4444//4177 4445//4178 4449//4182
f 4449//4182 4445//4178 4451//4184
f 4332//4078 4335//4081 4445//4178
f 4445//4178 4335//4081 4452//4185
f 4445//4178 4452//4185 4451//4184
f 4335//4081 4337//4083 4452//4185
f 4338//4084 4334//4080 4453//4186
f 4453//4186 4334//4080 4446//4179
f 4446//4179 4448//4181 4453//4186
f 4453//4186 4448//4181 4454//4187
f 4449//4182 4455//4188 4450//4183
f 4449//4182 4451//4184 4455//4188
f 4455//4188 4451//4184 4456//4189
f 4455//4188 4456//4189 4457//4190
f 4451//4184 4452//4185 4456//4189
f 4456//4189 4452//4185 4458//4191
f 4340//4086 4458//4191 4337//4083
f 4337//4083 4458//4191 4452//4185
f 4341//4087 4338//4084 4459//4192
f 4459//4192 4338//4084 4453//4186
f 4453//4186 4454//4187 4459//4192
f 4459//4192 4454//4187 4460//4193
f 4461//4194 4462//4195 4463//4196
f 4461//4194 4463//4196 4464//4197
f 4464//4197 4463//4196 4457//4190
f 4464//4197 4457//4190 4456//4189
f 4343//4089 4464//4197 4344//4090
f 4344//4090 4464//4197 4456//4189
f 4344//4090 4456//4189 4458//4191
f 4344//4090 4458//4191 4340//4086
f 4345//4091 4341//4087 4465//4198
f 4465//4198 4341//4087 4459//4192
f 4459//4192 4460//4193 4465//4198
f 4465//4198 4460//4193 4466//4199
f 4461//4194 4467//4200 4462//4195
f 4462//4195 4467//4200 4468//4201
f 4347//4093 4467//4200 4348//4094
f 4348//4094 4467//4200 4461//4194
f 4348//4094 4461//4194 4464//4197
f 4348//4094 4464//4197 4343//4089
f 4351//4097 4350//4096 4469//4202
f 4469//4202 4350//4096 4470//4203
f 4350//4096 4352//4098 4470//4203
f 4470//4203 4352//4098 4471//4204
f 4352//4098 4353//4099 4471//4204
f 4471//4204 4353//4099 4472//4205
f 4353//4099 4354//4100 4472//4205
f 4472//4205 4354//4100 4473//4206
f 4354//4100 4355//4101 4473//4206
f 4473//4206 4355//4101 4474//4207
f 4355//4101 4356//4102 4474//4207
f 4474//4207 4356//4102 4475//4208
f 4474//4207 4475//4208 4476//4209
f 4356//4102 4358//4104 4475//4208
f 4359//4105 4345//4091 4477//4210
f 4477//4210 4345//4091 4465//4198
f 4465//4198 4466//4199 4477//4210
f 4477//4210 4466//4199 4478//4211
f 4477//4210 4478//4211 4479//4212
f 4361//4107 4479//4212 4362//4108
f 4362//4108 4479//4212 4478//4211
f 4362//4108 4478//4211 4467//4200
f 4467//4200 4478//4211 4468//4201
f 4362//4108 4467//4200 4347//4093
f 4363//4109 4364//4110 4480//4213
f 4480//4213 4364//4110 4481//4214
f 4364//4110 4351//4097 4481//4214
f 4481//4214 4351//4097 4469//4202
f 4475//4208 4482//4215 4476//4209
f 4358//4104 4365//4111 4475//4208
f 4475//4208 4365//4111 4483//4216
f 4475//4208 4483//4216 4482//4215
f 4365//4111 4366//4112 4483//4216
f 4483//4216 4366//4112 4484//4217
f 4483//4216 4484//4217 4485//4218
f 4366//4112 4368//4114 4484//4217
f 4359//4105 4477//4210 4369//4115
f 4369//4115 4477//4210 4370//4116
f 4370//4116 4477//4210 4479//4212
f 4370//4116 4479//4212 4361//4107
f 4486//4219 4487//4220 4488//4221
f 4372//4118 4363//4109 4486//4219
f 4486//4219 4363//4109 4480//4213
f 4486//4219 4480//4213 4487//4220
f 4484//4217 4489//4222 4485//4218
f 4374//4120 4490//4223 4368//4114
f 4368//4114 4490//4223 4489//4222
f 4368//4114 4489//4222 4484//4217
f 4377//4123 4376//4122 4491//4224
f 4491//4224 4376//4122 4486//4219
f 4491//4224 4486//4219 4488//4221
f 4376//4122 4372//4118 4486//4219
f 4374//4120 4378//4124 4490//4223
f 4490//4223 4378//4124 4492//4225
f 4490//4223 4492//4225 4493//4226
f 4378//4124 4379//4125 4492//4225
f 4494//4227 4495//4228 4496//4229
f 4381//4127 4377//4123 4494//4227
f 4494//4227 4377//4123 4491//4224
f 4494//4227 4491//4224 4495//4228
f 4383//4129 4497//4230 4384//4130
f 4384//4130 4497//4230 4493//4226
f 4384//4130 4493//4226 4492//4225
f 4384//4130 4492//4225 4379//4125
f 4494//4227 4496//4229 4498//4231
f 4386//4132 4381//4127 4499//4232
f 4499//4232 4381//4127 4494//4227
f 4499//4232 4494//4227 4498//4231
f 4500//4233 4501//4234 4502//4235
f 4387//4133 4500//4233 4383//4129
f 4383//4129 4500//4233 4502//4235
f 4383//4129 4502//4235 4497//4230
f 4389//4135 4386//4132 4503//4236
f 4503//4236 4386//4132 4499//4232
f 4390//4136 4504//4237 4391//4137
f 4391//4137 4504//4237 4501//4234
f 4391//4137 4501//4234 4500//4233
f 4391//4137 4500//4233 4387//4133
f 4389//4135 4503//4236 4392//4138
f 4392//4138 4503//4236 4505//4238
f 4392//4138 4505//4238 4506//4239
f 4392//4138 4506//4239 4393//4139
f 4395//4141 4507//4240 4396//4142
f 4396//4142 4507//4240 4508//4241
f 4396//4142 4508//4241 4390//4136
f 4390//4136 4508//4241 4504//4237
f 4506//4239 4505//4238 4509//4239
f 4397//4143 4393//4139 4510//4242
f 4510//4242 4393//4139 4506//4239
f 4510//4242 4506//4239 4509//4239
f 4399//4145 4511//4243 4395//4141
f 4395//4141 4511//4243 4507//4240
f 4397//4143 4510//4242 4400//4146
f 4400//4146 4510//4242 4512//4244
f 4400//4146 4512//4244 4401//4147
f 4401//4147 4512//4244 4513//4245
f 4402//4148 4514//4246 4403//4149
f 4403//4149 4514//4246 4515//4247
f 4403//4149 4515//4247 4399//4145
f 4399//4145 4515//4247 4511//4243
f 4401//4147 4513//4245 4404//4150
f 4404//4150 4513//4245 4516//4248
f 4404//4150 4516//4248 4405//4151
f 4405//4151 4516//4248 4517//4249
f 4407//4153 4518//4250 4408//4154
f 4408//4154 4518//4250 4519//4251
f 4408//4154 4519//4251 4402//4148
f 4402//4148 4519//4251 4514//4246
f 4405//4151 4517//4249 4409//4155
f 4409//4155 4517//4249 4520//4252
f 4409//4155 4520//4252 4410//4156
f 4410//4156 4520//4252 4521//4253
f 4410//4156 4521//4253 4411//4157
f 4411//4157 4521//4253 4522//4254
f 4411//4157 4522//4254 4407//4153
f 4407//4153 4522//4254 4518//4250
f 4412//3831 4413//3831 4523//4255
f 4523//4255 4413//3831 4524//4255
f 4413//3831 4414//4158 4524//4255
f 4524//4255 4414//4158 4525//4256
f 4414//4158 4415//2572 4525//4256
f 4525//4256 4415//2572 4526//4257
f 4415//2572 4416//2573 4526//4257
f 4526//4257 4416//2573 4527//4258
f 4416//2573 4417//940 4527//4258
f 4527//4258 4417//940 4528//4259
f 4418//4159 4419//793 4529//4260
f 4529//4260 4419//793 4530//4261
f 4419//793 4412//3831 4530//4261
f 4530//4261 4412//3831 4523//4255
f 4417//940 4420//4160 4528//4259
f 4528//4259 4420//4160 4531//4262
f 4420//4160 4421//4161 4531//4262
f 4531//4262 4421//4161 4532//4263
f 4422//3941 4423//4162 4533//4264
f 4533//4264 4423//4162 4534//4265
f 4423//4162 4418//4159 4534//4265
f 4534//4265 4418//4159 4529//4260
f 4424//4163 4535//4266 4421//4161
f 4421//4161 4535//4266 4532//4263
f 4425//15 4422//3941 4536//15
f 4536//15 4422//3941 4533//4264
f 4426//4164 4537//4267 4424//4163
f 4424//4163 4537//4267 4538//4268
f 4424//4163 4538//4268 4535//4266
f 4537//4267 4539//4269 4538//4268
f 4427//3841 4425//15 4540//3841
f 4540//3841 4425//15 4536//15
f 4428//4165 4541//4270 4426//4164
f 4426//4164 4541//4270 4542//4271
f 4426//4164 4542//4271 4537//4267
f 4537//4267 4542//4271 4539//4269
f 4429//3842 4427//3841 4543//3842
f 4543//3842 4427//3841 4540//3841
f 4430//534 4544//4272 4428//4165
f 4428//4165 4544//4272 4541//4270
f 4429//3842 4543//3842 4431//4055
f 4431//4055 4543//3842 4545//4055
f 4431//4055 4545//4055 4432//4056
f 4432//4056 4545//4055 4546//4056
f 4433//4166 4547//4273 4434//4167
f 4434//4167 4547//4273 4548//4274
f 4434//4167 4548//4274 4430//534
f 4430//534 4548//4274 4544//4272
f 4432//4056 4546//4056 4435//4168
f 4435//4168 4546//4056 4549//4275
f 4435//4168 4549//4275 4436//4169
f 4436//4169 4549//4275 4550//4276
f 4436//4169 4550//4276 4437//4170
f 4437//4170 4550//4276 4551//2376
f 4437//4170 4551//2376 4438//4171
f 4438//4171 4551//2376 4552//4277
f 4438//4171 4552//4277 4439//4172
f 4439//4172 4552//4277 4553//4278
f 4439//4172 4553//4278 4433//4166
f 4433//4166 4553//4278 4547//4273
f 4448//4181 4447//4180 4554//4279
f 4447//4180 4450//4183 4554//4279
f 4454//4187 4448//4181 4555//4280
f 4555//4280 4448//4181 4554//4279
f 4450//4183 4455//4188 4554//4279
f 4554//4279 4455//4188 4556//4281
f 4554//4279 4556//4281 4555//4280
f 4455//4188 4457//4190 4556//4281
f 4460//4193 4454//4187 4557//4282
f 4557//4282 4454//4187 4555//4280
f 4462//4195 4557//4282 4463//4196
f 4463//4196 4557//4282 4555//4280
f 4463//4196 4555//4280 4556//4281
f 4463//4196 4556//4281 4457//4190
f 4466//4199 4460//4193 4558//4283
f 4558//4283 4460//4193 4557//4282
f 4468//4201 4558//4283 4462//4195
f 4462//4195 4558//4283 4557//4282
f 4469//4202 4470//4203 4559//4284
f 4559//4284 4470//4203 4560//4285
f 4470//4203 4471//4204 4560//4285
f 4560//4285 4471//4204 4561//4286
f 4471//4204 4472//4205 4561//4286
f 4561//4286 4472//4205 4562//4287
f 4472//4205 4473//4206 4562//4287
f 4562//4287 4473//4206 4563//4288
f 4473//4206 4474//4207 4563//4288
f 4563//4288 4474//4207 4564//4289
f 4474//4207 4476//4209 4564//4289
f 4564//4289 4476//4209 4565//4290
f 4466//4199 4558//4283 4478//4211
f 4478//4211 4558//4283 4468//4201
f 4566//4291 4567//4292 4568//4293
f 4480//4213 4481//4214 4566//4291
f 4566//4291 4481//4214 4569//4294
f 4566//4291 4569//4294 4567//4292
f 4481//4214 4469//4202 4569//4294
f 4569//4294 4469//4202 4559//4284
f 4476//4209 4482//4215 4565//4290
f 4565//4290 4482//4215 4570//4295
f 4482//4215 4483//4216 4570//4295
f 4570//4295 4483//4216 4571//4296
f 4570//4295 4571//4296 4572//4297
f 4483//4216 4485//4218 4571//4296
f 4488//4221 4487//4220 4573//4298
f 4573//4298 4487//4220 4566//4291
f 4573//4298 4566//4291 4568//4293
f 4487//4220 4480//4213 4566//4291
f 4571//4296 4574//4299 4572//4297
f 4485//4218 4489//4222 4571//4296
f 4571//4296 4489//4222 4575//4300
f 4571//4296 4575//4300 4574//4299
f 4574//4299 4575//4300 4576//4301
f 4489//4222 4490//4223 4575//4300
f 4577//4302 4578//4303 4579//4304
f 4491//4224 4488//4221 4577//4302
f 4577//4302 4488//4221 4573//4298
f 4577//4302 4573//4298 4578//4303
f 4575//4300 4580//4305 4576//4301
f 4576//4301 4580//4305 4581//4306
f 4493//4226 4580//4305 4490//4223
f 4490//4223 4580//4305 4575//4300
f 4496//4229 4495//4228 4582//4307
f 4582//4307 4495//4228 4577//4302
f 4582//4307 4577//4302 4579//4304
f 4495//4228 4491//4224 4577//4302
f 4580//4305 4583//4308 4581//4306
f 4581//4306 4583//4308 4584//4309
f 4497//4230 4583//4308 4493//4226
f 4493//4226 4583//4308 4580//4305
f 4496//4229 4582//4307 4498//4231
f 4498//4231 4582//4307 4585//4310
f 4498//4231 4585//4310 4586//4311
f 4498//4231 4586//4311 4499//4232
f 4501//4234 4587//4312 4502//4235
f 4502//4235 4587//4312 4584//4309
f 4502//4235 4584//4309 4583//4308
f 4502//4235 4583//4308 4497//4230
f 4586//4311 4585//4310 4588//4313
f 4588//4313 4585//4310 4589//4314
f 4503//4236 4499//4232 4588//4313
f 4588//4313 4499//4232 4586//4311
f 4504//4237 4590//4315 4501//4234
f 4501//4234 4590//4315 4587//4312
f 4588//4313 4589//4314 4591//4316
f 4505//4238 4503//4236 4592//4317
f 4592//4317 4503//4236 4588//4313
f 4592//4317 4588//4313 4591//4316
f 4507//4240 4593//4318 4508//4241
f 4508//4241 4593//4318 4594//4319
f 4508//4241 4594//4319 4504//4237
f 4504//4237 4594//4319 4590//4315
f 4505//4238 4592//4317 4509//4239
f 4509//4239 4592//4317 4595//4320
f 4509//4239 4595//4320 4596//4242
f 4509//4239 4596//4242 4510//4242
f 4511//4243 4597//4321 4507//4240
f 4507//4240 4597//4321 4593//4318
f 4596//4242 4595//4320 4598//4322
f 4510//4242 4596//4242 4512//4244
f 4512//4244 4596//4242 4598//4322
f 4512//4244 4598//4322 4599//4323
f 4599//4323 4598//4322 4600//4324
f 4512//4244 4599//4323 4513//4245
f 4514//4246 4601//4325 4515//4247
f 4515//4247 4601//4325 4602//4326
f 4515//4247 4602//4326 4511//4243
f 4511//4243 4602//4326 4597//4321
f 4599//4323 4600//4324 4603//4327
f 4513//4245 4599//4323 4516//4248
f 4516//4248 4599//4323 4603//4327
f 4516//4248 4603//4327 4604//4328
f 4604//4328 4603//4327 4605//4329
f 4516//4248 4604//4328 4517//4249
f 4518//4250 4606//4330 4519//4251
f 4519//4251 4606//4330 4607//4331
f 4519//4251 4607//4331 4514//4246
f 4514//4246 4607//4331 4601//4325
f 4604//4328 4605//4329 4608//4332
f 4517//4249 4604//4328 4520//4252
f 4520//4252 4604//4328 4608//4332
f 4520//4252 4608//4332 4609//4333
f 4520//4252 4609//4333 4521//4253
f 4521//4253 4609//4333 4610//4334
f 4521//4253 4610//4334 4522//4254
f 4522//4254 4610//4334 4611//4335
f 4522//4254 4611//4335 4518//4250
f 4518//4250 4611//4335 4606//4330
f 4523//4255 4524//4255 4612//4336
f 4524//4255 4525//4256 4612//4336
f 4612//4336 4525//4256 4613//4337
f 4612//4336 4613//4337 4614//4338
f 4525//4256 4526//4257 4613//4337
f 4613//4337 4526//4257 4615//4339
f 4526//4257 4527//4258 4615//4339
f 4615//4339 4527//4258 4616//4340
f 4615//4339 4616//4340 4617//4341
f 4527//4258 4528//4259 4616//4340
f 4529//4260 4530//4261 4618//4342
f 4618//4342 4530//4261 4619//4343
f 4530//4261 4523//4255 4619//4343
f 4619//4343 4523//4255 4612//4336
f 4619//4343 4612//4336 4620//4344
f 4612//4336 4614//4338 4620//4344
f 4616//4340 4621//4345 4617//4341
f 4528//4259 4531//4262 4616//4340
f 4616//4340 4531//4262 4622//4346
f 4616//4340 4622//4346 4621//4345
f 4531//4262 4532//4263 4622//4346
f 4622//4346 4532//4263 4623//4347
f 4533//4264 4534//4265 4624//4348
f 4624//4348 4534//4265 4625//4349
f 4534//4265 4529//4260 4625//4349
f 4625//4349 4529//4260 4618//4342
f 4535//4266 4626//4350 4532//4263
f 4532//4263 4626//4350 4627//4351
f 4532//4263 4627//4351 4623//4347
f 4626//4350 4628//3311 4627//4351
f 4536//15 4533//4264 4629//3517
f 4629//3517 4533//4264 4624//4348
f 4535//4266 4538//4268 4626//4350
f 4538//4268 4539//4269 4626//4350
f 4626//4350 4539//4269 4630//4352
f 4626//4350 4630//4352 4628//3311
f 4540//3841 4536//15 4631//3841
f 4631//3841 4536//15 4629//3517
f 4541//4270 4632//4353 4542//4271
f 4542//4271 4632//4353 4539//4269
f 4539//4269 4632//4353 4633//4354
f 4539//4269 4633//4354 4630//4352
f 4543//3842 4540//3841 4634//3842
f 4634//3842 4540//3841 4631//3841
f 4544//4272 4635//4355 4541//4270
f 4541//4270 4635//4355 4636//4356
f 4541//4270 4636//4356 4632//4353
f 4632//4353 4636//4356 4633//4354
f 4543//3842 4634//3842 4545//4055
f 4545//4055 4634//3842 4637//4055
f 4545//4055 4637//4055 4546//4056
f 4546//4056 4637//4055 4638//4056
f 4547//4273 4639//4357 4548//4274
f 4548//4274 4639//4357 4640//4358
f 4548//4274 4640//4358 4544//4272
f 4544//4272 4640//4358 4635//4355
f 4546//4056 4638//4056 4549//4275
f 4549//4275 4638//4056 4641//4359
f 4549//4275 4641//4359 4550//4276
f 4550//4276 4641//4359 4642//4360
f 4550//4276 4642//4360 4551//2376
f 4551//2376 4642//4360 4643//4361
f 4551//2376 4643//4361 4552//4277
f 4552//4277 4643//4361 4644//4362
f 4552//4277 4644//4362 4553//4278
f 4553//4278 4644//4362 4645//4363
f 4553//4278 4645//4363 4547//4273
f 4547//4273 4645//4363 4639//4357
f 4559//4284 4560//4285 4646//4364
f 4646//4364 4560//4285 4647//4365
f 4560//4285 4561//4286 4647//4365
f 4647//4365 4561//4286 4648//4366
f 4561//4286 4562//4287 4648//4366
f 4648//4366 4562//4287 4649//4367
f 4562//4287 4563//4288 4649//4367
f 4649//4367 4563//4288 4650//4368
f 4563//4288 4564//4289 4650//4368
f 4650//4368 4564//4289 4651//4369
f 4650//4368 4651//4369 4652//4370
f 4564//4289 4565//4290 4651//4369
f 4568//4293 4567//4292 4653//4371
f 4653//4371 4567//4292 4654//4372
f 4567//4292 4569//4294 4654//4372
f 4654//4372 4569//4294 4655//4373
f 4569//4294 4559//4284 4655//4373
f 4655//4373 4559//4284 4646//4364
f 4651//4369 4656//4374 4652//4370
f 4565//4290 4570//4295 4651//4369
f 4651//4369 4570//4295 4657//4375
f 4651//4369 4657//4375 4656//4374
f 4656//4374 4657//4375 4658//4376
f 4570//4295 4572//4297 4657//4375
f 4573//4298 4568//4293 4659//4377
f 4659//4377 4568//4293 4653//4371
f 4657//4375 4660//4378 4658//4376
f 4572//4297 4574//4299 4657//4375
f 4657//4375 4574//4299 4661//4379
f 4657//4375 4661//4379 4660//4378
f 4660//4378 4661//4379 4662//4380
f 4574//4299 4576//4301 4661//4379
f 4579//4304 4578//4303 4663//4381
f 4663//4381 4578//4303 4664//4382
f 4578//4303 4573//4298 4664//4382
f 4664//4382 4573//4298 4659//4377
f 4661//4379 4665//4383 4662//4380
f 4581//4306 4666//4384 4576//4301
f 4576//4301 4666//4384 4665//4383
f 4576//4301 4665//4383 4661//4379
f 4582//4307 4579//4304 4667//4385
f 4667//4385 4579//4304 4663//4381
f 4584//4309 4668//4386 4581//4306
f 4581//4306 4668//4386 4666//4384
f 4585//4310 4582//4307 4669//4387
f 4669//4387 4582//4307 4667//4385
f 4587//4312 4670//4388 4584//4309
f 4584//4309 4670//4388 4668//4386
f 4589//4314 4585//4310 4671//4389
f 4671//4389 4585//4310 4669//4387
f 4590//4315 4672//4390 4587//4312
f 4587//4312 4672//4390 4670//4388
f 4589//4314 4671//4389 4591//4316
f 4591//4316 4671//4389 4673//4391
f 4591//4316 4673//4391 4592//4317
f 4592//4317 4673//4391 4674//4392
f 4593//4318 4675//4393 4594//4319
f 4594//4319 4675//4393 4676//4394
f 4594//4319 4676//4394 4590//4315
f 4590//4315 4676//4394 4672//4390
f 4595//4320 4592//4317 4677//4395
f 4677//4395 4592//4317 4674//4392
f 4597//4321 4678//4396 4593//4318
f 4593//4318 4678//4396 4675//4393
f 4595//4320 4677//4395 4598//4322
f 4598//4322 4677//4395 4679//4397
f 4598//4322 4679//4397 4600//4324
f 4600//4324 4679//4397 4680//4398
f 4601//4325 4681//4399 4602//4326
f 4602//4326 4681//4399 4597//4321
f 4597//4321 4681//4399 4682//4400
f 4597//4321 4682//4400 4678//4396
f 4600//4324 4680//4398 4603//4327
f 4603//4327 4680//4398 4683//4401
f 4603//4327 4683//4401 4605//4329
f 4605//4329 4683//4401 4684//4402
f 4606//4330 4685//4403 4607//4331
f 4607//4331 4685//4403 4601//4325
f 4601//4325 4685//4403 4686//4404
f 4601//4325 4686//4404 4681//4399
f 4681//4399 4686//4404 4687//4405
f 4681//4399 4687//4405 4682//4400
f 4605//4329 4684//4402 4608//4332
f 4608//4332 4684//4402 4688//4406
f 4608//4332 4688//4406 4609//4333
f 4609//4333 4688//4406 4689//4407
f 4609//4333 4689//4407 4610//4334
f 4610//4334 4689//4407 4690//4408
f 4610//4334 4690//4408 4611//4335
f 4611//4335 4690//4408 4691//4409
f 4611//4335 4691//4409 4606//4330
f 4606//4330 4691//4409 4692//4410
f 4606//4330 4692//4410 4685//4403
f 4685//4403 4692//4410 4686//4404
f 4614//4338 4613//4337 4693//4411
f 4693//4411 4613//4337 4694//4412
f 4613//4337 4615//4339 4694//4412
f 4694//4412 4615//4339 4695//4413
f 4615//4339 4617//4341 4695//4413
f 4695//4413 4617//4341 4696//4414
f 4618//4342 4619//4343 4697//4415
f 4697//4415 4619//4343 4698//4416
f 4619//4343 4620//4344 4698//4416
f 4698//4416 4620//4344 4699//4417
f 4620//4344 4614//4338 4699//4417
f 4699//4417 4614//4338 4693//4411
f 4617//4341 4621//4345 4696//4414
f 4696//4414 4621//4345 4700//4418
f 4621//4345 4622//4346 4700//4418
f 4700//4418 4622//4346 4701//4419
f 4622//4346 4623//4347 4701//4419
f 4701//4419 4623//4347 4702//4420
f 4624//4348 4625//4349 4703//4421
f 4703//4421 4625//4349 4704//4422
f 4625//4349 4618//4342 4704//4422
f 4704//4422 4618//4342 4697//4415
f 4623//4347 4627//4351 4702//4420
f 4702//4420 4627//4351 4705//4423
f 4627//4351 4628//3311 4705//4423
f 4705//4423 4628//3311 4706//4424
f 4629//3517 4624//4348 4707//3638
f 4707//3638 4624//4348 4703//4421
f 4630//4352 4708//4425 4628//3311
f 4628//3311 4708//4425 4706//4424
f 4631//3841 4629//3517 4709//3389
f 4709//3389 4629//3517 4707//3638
f 4633//4354 4710//4426 4630//4352
f 4630//4352 4710//4426 4708//4425
f 4634//3842 4631//3841 4711//3402
f 4711//3402 4631//3841 4709//3389
f 4635//4355 4712//4427 4636//4356
f 4636//4356 4712//4427 4713//4428
f 4636//4356 4713//4428 4633//4354
f 4633//4354 4713//4428 4710//4426
f 4634//3842 4711//3402 4637//4055
f 4637//4055 4711//3402 4714//4429
f 4637//4055 4714//4429 4638//4056
f 4638//4056 4714//4429 4715//4430
f 4639//4357 4716//4431 4640//4358
f 4640//4358 4716//4431 4717//4432
f 4640//4358 4717//4432 4635//4355
f 4635//4355 4717//4432 4712//4427
f 4638//4056 4715//4430 4641//4359
f 4641//4359 4715//4430 4718//4433
f 4641//4359 4718//4433 4642//4360
f 4642//4360 4718//4433 4719//4434
f 4642//4360 4719//4434 4643//4361
f 4643//4361 4719//4434 4720//4435
f 4643//4361 4720//4435 4721//4436
f 4643//4361 4721//4436 4644//4362
f 4644//4362 4721//4436 4722//4437
f 4644//4362 4722//4437 4645//4363
f 4645//4363 4722//4437 4723//4438
f 4645//4363 4723//4438 4724//4439
f 4645//4363 4724//4439 4639//4357
f 4639//4357 4724//4439 4716//4431
f 4721//4436 4720//4435 4725//4440
f 4721//4436 4725//4440 4722//4437
f 4722//4437 4725//4440 4726//4441
f 4722//4437 4726//4441 4723//4438
f 4646//4364 4647//4365 4727//4442
f 4727//4442 4647//4365 4728//4443
f 4647//4365 4648//4366 4728//4443
f 4728//4443 4648//4366 4729//4444
f 4648//4366 4649//4367 4729//4444
f 4729//4444 4649//4367 4730//4445
f 4649//4367 4650//4368 4730//4445
f 4730//4445 4650//4368 4731//4446
f 4650//4368 4652//4370 4731//4446
f 4731//4446 4652//4370 4732//4447
f 4653//4371 4654//4372 4733//4448
f 4733//4448 4654//4372 4734//4449
f 4654//4372 4655//4373 4734//4449
f 4734//4449 4655//4373 4735//4450
f 4655//4373 4646//4364 4735//4450
f 4735//4450 4646//4364 4727//4442
f 4652//4370 4656//4374 4732//4447
f 4732//4447 4656//4374 4736//4451
f 4656//4374 4658//4376 4736//4451
f 4736//4451 4658//4376 4737//4452
f 4659//4377 4653//4371 4738//4453
f 4738//4453 4653//4371 4733//4448
f 4658//4376 4660//4378 4737//4452
f 4737//4452 4660//4378 4739//4454
f 4660//4378 4662//4380 4739//4454
f 4739//4454 4662//4380 4740//4455
f 4663//4381 4664//4382 4741//3941
f 4741//3941 4664//4382 4742//4456
f 4664//4382 4659//4377 4742//4456
f 4742//4456 4659//4377 4738//4453
f 4662//4380 4665//4383 4740//4455
f 4740//4455 4665//4383 4743//4457
f 4740//4455 4743//4457 4744//4458
f 4665//4383 4666//4384 4743//4457
f 4667//4385 4663//4381 4745//15
f 4745//15 4663//4381 4741//3941
f 4743//4457 4746//4459 4744//4458
f 4744//4458 4746//4459 4747//4460
f 4668//4386 4746//4459 4666//4384
f 4666//4384 4746//4459 4743//4457
f 4669//4387 4667//4385 4748//2004
f 4748//2004 4667//4385 4745//15
f 4746//4459 4749//4461 4747//4460
f 4670//4388 4750//4462 4668//4386
f 4668//4386 4750//4462 4749//4461
f 4668//4386 4749//4461 4746//4459
f 4671//4389 4669//4387 4751//4463
f 4751//4463 4669//4387 4748//2004
f 4752//4464 4753//4465 4754//4466
f 4672//4390 4752//4464 4670//4388
f 4670//4388 4752//4464 4754//4466
f 4670//4388 4754//4466 4750//4462
f 4671//4389 4751//4463 4673//4391
f 4673//4391 4751//4463 4755//4467
f 4673//4391 4755//4467 4756//4392
f 4673//4391 4756//4392 4674//4392
f 4675//4393 4757//4468 4676//4394
f 4676//4394 4757//4468 4753//4465
f 4676//4394 4753//4465 4752//4464
f 4676//4394 4752//4464 4672//4390
f 4756//4392 4755//4467 4758//4469
f 4677//4395 4674//4392 4759//4470
f 4759//4470 4674//4392 4756//4392
f 4759//4470 4756//4392 4758//4469
f 4678//4396 4760//4471 4675//4393
f 4675//4393 4760//4471 4757//4468
f 4677//4395 4759//4470 4679//4397
f 4679//4397 4759//4470 4761//4472
f 4679//4397 4761//4472 4762//4473
f 4679//4397 4762//4473 4680//4398
f 4682//4400 4763//4400 4678//4396
f 4678//4396 4763//4400 4760//4471
f 4762//4473 4761//4472 4764//4474
f 4680//4398 4762//4473 4683//4401
f 4683//4401 4762//4473 4764//4474
f 4683//4401 4764//4474 4765//4475
f 4683//4401 4765//4475 4684//4402
f 4684//4402 4765//4475 4766//4476
f 4686//4404 4767//4477 4687//4405
f 4687//4405 4767//4477 4768//4478
f 4687//4405 4768//4478 4682//4400
f 4682//4400 4768//4478 4763//4400
f 4684//4402 4766//4476 4688//4406
f 4688//4406 4766//4476 4769//4479
f 4688//4406 4769//4479 4689//4407
f 4689//4407 4769//4479 4770//4480
f 4689//4407 4770//4480 4771//4481
f 4689//4407 4771//4481 4690//4408
f 4690//4408 4771//4481 4772//4482
f 4690//4408 4772//4482 4691//4409
f 4691//4409 4772//4482 4773//4483
f 4691//4409 4773//4483 4692//4410
f 4692//4410 4773//4483 4774//4484
f 4692//4410 4774//4484 4775//4485
f 4692//4410 4775//4485 4686//4404
f 4686//4404 4775//4485 4767//4477
f 4771//4481 4770//4480 4776//4486
f 4771//4481 4776//4486 4772//4482
f 4772//4482 4776//4486 4777//4487
f 4772//4482 4777//4487 4773//4483
f 4773//4483 4777//4487 4778//4488
f 4773//4483 4778//4488 4774//4484
f 4693//4411 4694//4412 4779//4489
f 4694//4412 4695//4413 4779//4489
f 4779//4489 4695//4413 4780//4413
f 4695//4413 4696//4414 4780//4413
f 4697//4415 4698//4416 4781//4490
f 4781//4490 4698//4416 4782//4491
f 4698//4416 4699//4417 4782//4491
f 4782//4491 4699//4417 4783//4492
f 4699//4417 4693//4411 4783//4492
f 4783//4492 4693//4411 4779//4489
f 4783//4492 4779//4489 4784//4493
f 4779//4489 4780//4413 4784//4493
f 4784//4493 4780//4413 4785//4494
f 4696//4414 4700//4418 4780//4413
f 4780//4413 4700//4418 4786//4495
f 4780//4413 4786//4495 4785//4494
f 4700//4418 4701//4419 4786//4495
f 4786//4495 4701//4419 4787//4496
f 4701//4419 4702//4420 4787//4496
f 4787//4496 4702//4420 4788//4497
f 4703//4421 4704//4422 4789//4498
f 4789//4498 4704//4422 4790//4499
f 4704//4422 4697//4415 4790//4499
f 4790//4499 4697//4415 4781//4490
f 4702//4420 4705//4423 4788//4497
f 4788//4497 4705//4423 4791//4500
f 4705//4423 4706//4424 4791//4500
f 4791//4500 4706//4424 4792//4501
f 4707//3638 4703//4421 4793//4502
f 4793//4502 4703//4421 4789//4498
f 4708//4425 4794//4503 4706//4424
f 4706//4424 4794//4503 4792//4501
f 4709//3389 4707//3638 4795//2871
f 4795//2871 4707//3638 4793//4502
f 4710//4426 4796//4504 4708//4425
f 4708//4425 4796//4504 4794//4503
f 4711//3402 4709//3389 4797//4505
f 4797//4505 4709//3389 4795//2871
f 4712//4427 4798//4506 4713//4428
f 4713//4428 4798//4506 4799//4507
f 4713//4428 4799//4507 4710//4426
f 4710//4426 4799//4507 4796//4504
f 4711//3402 4797//4505 4714//4429
f 4714//4429 4797//4505 4800//4508
f 4714//4429 4800//4508 4715//4430
f 4715//4430 4800//4508 4801//4509
f 4716//4431 4802//4510 4717//4432
f 4717//4432 4802//4510 4803//4511
f 4717//4432 4803//4511 4712//4427
f 4712//4427 4803//4511 4798//4506
f 4715//4430 4801//4509 4718//4433
f 4718//4433 4801//4509 4804//4512
f 4718//4433 4804//4512 4719//4434
f 4719//4434 4804//4512 4805//4513
f 4719//4434 4805//4513 4720//4435
f 4720//4435 4805//4513 4806//4514
f 4807//4515 4808//4516 4809//4517
f 4723//4438 4807//4515 4724//4439
f 4724//4439 4807//4515 4809//4517
f 4724//4439 4809//4517 4810//4518
f 4724//4439 4810//4518 4716//4431
f 4716//4431 4810//4518 4802//4510
f 4720//4435 4806//4514 4725//4440
f 4725//4440 4806//4514 4811//4519
f 4725//4440 4811//4519 4726//4441
f 4726//4441 4811//4519 4808//4516
f 4726//4441 4808//4516 4807//4515
f 4726//4441 4807//4515 4723//4438
f 4727//4442 4728//4443 4812//4520
f 4812//4520 4728//4443 4813//4521
f 4728//4443 4729//4444 4813//4521
f 4813//4521 4729//4444 4814//4522
f 4729//4444 4730//4445 4814//4522
f 4814//4522 4730//4445 4815//4523
f 4730//4445 4731//4446 4815//4523
f 4815//4523 4731//4446 4816//4524
f 4815//4523 4816//4524 4817//4525
f 4731//4446 4732//4447 4816//4524
f 4733//4448 4734//4449 4818//4526
f 4734//4449 4735//4450 4818//4526
f 4818//4526 4735//4450 4819//4527
f 4818//4526 4819//4527 4820//4528
f 4735//4450 4727//4442 4819//4527
f 4819//4527 4727//4442 4812//4520
f 4816//4524 4821//4529 4817//4525
f 4732//4447 4736//4451 4816//4524
f 4816//4524 4736//4451 4822//4530
f 4816//4524 4822//4530 4821//4529
f 4736//4451 4737//4452 4822//4530
f 4822//4530 4737//4452 4823//4531
f 4738//4453 4733//4448 4824//4532
f 4824//4532 4733//4448 4818//4526
f 4824//4532 4818//4526 4825//4533
f 4818//4526 4820//4528 4825//4533
f 4737//4452 4739//4454 4823//4531
f 4823//4531 4739//4454 4826//4534
f 4739//4454 4740//4455 4826//4534
f 4826//4534 4740//4455 4827//4535
f 4741//3941 4742//4456 4828//3941
f 4828//3941 4742//4456 4829//4456
f 4742//4456 4738//4453 4829//4456
f 4829//4456 4738//4453 4824//4532
f 4744//4458 4830//4536 4740//4455
f 4740//4455 4830//4536 4827//4535
f 4745//15 4741//3941 4831//15
f 4831//15 4741//3941 4828//3941
f 4747//4460 4832//4537 4744//4458
f 4744//4458 4832//4537 4830//4536
f 4748//2004 4745//15 4833//15
f 4833//15 4745//15 4831//15
f 4747//4460 4749//4461 4832//4537
f 4832//4537 4749//4461 4834//4538
f 4832//4537 4834//4538 4835//4539
f 4749//4461 4750//4462 4834//4538
f 4751//4463 4748//2004 4836//3055
f 4836//3055 4748//2004 4833//15
f 4753//4465 4837//4540 4754//4466
f 4754//4466 4837//4540 4835//4539
f 4754//4466 4835//4539 4834//4538
f 4754//4466 4834//4538 4750//4462
f 4755//4467 4751//4463 4838//4541
f 4838//4541 4751//4463 4836//3055
f 4757//4468 4839//4542 4753//4465
f 4753//4465 4839//4542 4837//4540
f 4755//4467 4838//4541 4758//4469
f 4758//4469 4838//4541 4840//4543
f 4758//4469 4840//4543 4841//4544
f 4758//4469 4841//4544 4759//4470
f 4760//4471 4842//4545 4757//4468
f 4757//4468 4842//4545 4839//4542
f 4841//4544 4840//4543 4843//4546
f 4761//4472 4759//4470 4844//4547
f 4844//4547 4759//4470 4841//4544
f 4844//4547 4841//4544 4843//4546
f 4763//4400 4845//4548 4760//4471
f 4760//4471 4845//4548 4842//4545
f 4761//4472 4844//4547 4764//4474
f 4764//4474 4844//4547 4846//4549
f 4764//4474 4846//4549 4765//4475
f 4765//4475 4846//4549 4847//4550
f 4765//4475 4847//4550 4848//4551
f 4765//4475 4848//4551 4766//4476
f 4767//4477 4849//4552 4768//4478
f 4768//4478 4849//4552 4850//4553
f 4768//4478 4850//4553 4763//4400
f 4763//4400 4850//4553 4845//4548
f 4848//4551 4847//4550 4851//4554
f 4766//4476 4848//4551 4769//4479
f 4769//4479 4848//4551 4851//4554
f 4769//4479 4851//4554 4852//4555
f 4769//4479 4852//4555 4770//4480
f 4770//4480 4852//4555 4853//4556
f 4774//4484 4854//4557 4775//4485
f 4775//4485 4854//4557 4855//4558
f 4775//4485 4855//4558 4767//4477
f 4767//4477 4855//4558 4849//4552
f 4770//4480 4853//4556 4776//4486
f 4776//4486 4853//4556 4856//4559
f 4776//4486 4856//4559 4777//4487
f 4777//4487 4856//4559 4857//4560
f 4777//4487 4857//4560 4778//4488
f 4778//4488 4857//4560 4858//4561
f 4778//4488 4858//4561 4774//4484
f 4774//4484 4858//4561 4854//4557
f 4859//4562 4860//4563 4861//4564
f 4859//4562 4862//4565 4860//4563
f 4860//4563 4862//4565 4863//4566
f 4862//4565 4864//4567 4863//4566
f 4781//4490 4782//4491 4865//4568
f 4782//4491 4783//4492 4865//4568
f 4865//4568 4783//4492 4866//4569
f 4865//4568 4866//4569 4867//4570
f 4783//4492 4784//4493 4866//4569
f 4866//4569 4784//4493 4859//4562
f 4866//4569 4859//4562 4861//4564
f 4784//4493 4785//4494 4859//4562
f 4859//4562 4785//4494 4862//4565
f 4785//4494 4786//4495 4862//4565
f 4862//4565 4786//4495 4868//4571
f 4862//4565 4868//4571 4864//4567
f 4786//4495 4787//4496 4868//4571
f 4868//4571 4787//4496 4869//4572
f 4787//4496 4788//4497 4869//4572
f 4869//4572 4788//4497 4870//4573
f 4789//4498 4790//4499 4871//4574
f 4790//4499 4781//4490 4871//4574
f 4871//4574 4781//4490 4865//4568
f 4871//4574 4865//4568 4872//4575
f 4872//4575 4865//4568 4873//4576
f 4865//4568 4867//4570 4873//4576
f 4788//4497 4791//4500 4870//4573
f 4870//4573 4791//4500 4874//4577
f 4791//4500 4792//4501 4874//4577
f 4874//4577 4792//4501 4875//4578
f 4793//4502 4789//4498 4876//4579
f 4876//4579 4789//4498 4871//4574
f 4876//4579 4871//4574 4877//4580
f 4871//4574 4872//4575 4877//4580
f 4794//4503 4878//4581 4792//4501
f 4792//4501 4878//4581 4875//4578
f 4795//2871 4793//4502 4879//4582
f 4879//4582 4793//4502 4876//4579
f 4796//4504 4880//4583 4794//4503
f 4794//4503 4880//4583 4878//4581
f 4797//4505 4795//2871 4881//4584
f 4881//4584 4795//2871 4879//4582
f 4798//4506 4882//4585 4799//4507
f 4799//4507 4882//4585 4883//4586
f 4799//4507 4883//4586 4796//4504
f 4796//4504 4883//4586 4880//4583
f 4797//4505 4881//4584 4800//4508
f 4800//4508 4881//4584 4884//4587
f 4800//4508 4884//4587 4801//4509
f 4801//4509 4884//4587 4885//4588
f 4802//4510 4886//4589 4803//4511
f 4803//4511 4886//4589 4887//4590
f 4803//4511 4887//4590 4798//4506
f 4798//4506 4887//4590 4882//4585
f 4801//4509 4885//4588 4804//4512
f 4804//4512 4885//4588 4888//4591
f 4804//4512 4888//4591 4805//4513
f 4805//4513 4888//4591 4889//4592
f 4805//4513 4889//4592 4890//4593
f 4805//4513 4890//4593 4806//4514
f 4808//4516 4891//4594 4809//4517
f 4809//4517 4891//4594 4892//4595
f 4809//4517 4892//4595 4810//4518
f 4810//4518 4892//4595 4893//4596
f 4810//4518 4893//4596 4802//4510
f 4802//4510 4893//4596 4886//4589
f 4890//4593 4889//4592 4894//4593
f 4806//4514 4890//4593 4811//4519
f 4811//4519 4890//4593 4894//4593
f 4811//4519 4894//4593 4895//4597
f 4811//4519 4895//4597 4808//4516
f 4808//4516 4895//4597 4891//4594
f 4812//4520 4813//4521 4896//4598
f 4896//4598 4813//4521 4897//4599
f 4813//4521 4814//4522 4897//4599
f 4897//4599 4814//4522 4898//4600
f 4814//4522 4815//4523 4898//4600
f 4898//4600 4815//4523 4899//4601
f 4815//4523 4817//4525 4899//4601
f 4899//4601 4817//4525 4900//4602
f 4820//4528 4819//4527 4901//4603
f 4901//4603 4819//4527 4902//702
f 4819//4527 4812//4520 4902//702
f 4902//702 4812//4520 4896//4598
f 4817//4525 4821//4529 4900//4602
f 4900//4602 4821//4529 4903//4604
f 4821//4529 4822//4530 4903//4604
f 4903//4604 4822//4530 4904//4605
f 4903//4604 4904//4605 4905//4606
f 4822//4530 4823//4531 4904//4605
f 4824//4532 4825//4533 4906//4607
f 4906//4607 4825//4533 4907//4608
f 4825//4533 4820//4528 4907//4608
f 4907//4608 4820//4528 4901//4603
f 4904//4605 4908//4609 4905//4606
f 4823//4531 4826//4534 4904//4605
f 4904//4605 4826//4534 4909//4610
f 4904//4605 4909//4610 4908//4609
f 4908//4609 4909//4610 4910//4611
f 4826//4534 4827//4535 4909//4610
f 4828//3941 4829//4456 4911//3941
f 4911//3941 4829//4456 4912//4612
f 4829//4456 4824//4532 4912//4612
f 4912//4612 4824//4532 4906//4607
f 4909//4610 4913//4613 4910//4611
f 4830//4536 4914//4614 4827//4535
f 4827//4535 4914//4614 4913//4613
f 4827//4535 4913//4613 4909//4610
f 4831//15 4828//3941 4915//15
f 4915//15 4828//3941 4911//3941
f 4832//4537 4916//4615 4830//4536
f 4830//4536 4916//4615 4914//4614
f 4833//15 4831//15 4917//15
f 4917//15 4831//15 4915//15
f 4835//4539 4918//4616 4832//4537
f 4832//4537 4918//4616 4916//4615
f 4836//3055 4833//15 4919//15
f 4919//15 4833//15 4917//15
f 4837//4540 4920//4617 4835//4539
f 4835//4539 4920//4617 4918//4616
f 4838//4541 4836//3055 4921//4618
f 4921//4618 4836//3055 4919//15
f 4839//4542 4922//4619 4837//4540
f 4837//4540 4922//4619 4920//4617
f 4840//4543 4838//4541 4923//4620
f 4923//4620 4838//4541 4921//4618
f 4842//4545 4924//4621 4839//4542
f 4839//4542 4924//4621 4922//4619
f 4840//4543 4923//4620 4843//4546
f 4843//4546 4923//4620 4925//4622
f 4843//4546 4925//4622 4844//4547
f 4844//4547 4925//4622 4926//4623
f 4845//4548 4927//4624 4842//4545
f 4842//4545 4927//4624 4924//4621
f 4844//4547 4926//4623 4846//4549
f 4846//4549 4926//4623 4928//4625
f 4846//4549 4928//4625 4847//4550
f 4847//4550 4928//4625 4929//4626
f 4849//4552 4930//4627 4850//4553
f 4850//4553 4930//4627 4931//4628
f 4850//4553 4931//4628 4845//4548
f 4845//4548 4931//4628 4927//4624
f 4847//4550 4929//4626 4851//4554
f 4851//4554 4929//4626 4932//4629
f 4851//4554 4932//4629 4852//4555
f 4852//4555 4932//4629 4933//4630
f 4852//4555 4933//4630 4934//4631
f 4852//4555 4934//4631 4853//4556
f 4854//4557 4935//4632 4855//4558
f 4855//4558 4935//4632 4936//4633
f 4855//4558 4936//4633 4849//4552
f 4849//4552 4936//4633 4930//4627
f 4934//4631 4933//4630 4937//4634
f 4853//4556 4934//4631 4856//4559
f 4856//4559 4934//4631 4937//4634
f 4856//4559 4937//4634 4938//4635
f 4856//4559 4938//4635 4857//4560
f 4857//4560 4938//4635 4939//4636
f 4857//4560 4939//4636 4858//4561
f 4858//4561 4939//4636 4940//4637
f 4858//4561 4940//4637 4854//4557
f 4854//4557 4940//4637 4935//4632
f 4861//4564 4860//4563 4941//4638
f 4860//4563 4863//4566 4941//4638
f 4941//4638 4863//4566 4942//4639
f 4863//4566 4864//4567 4942//4639
f 4867//4570 4866//4569 4943//4640
f 4943//4640 4866//4569 4944//4641
f 4866//4569 4861//4564 4944//4641
f 4944//4641 4861//4564 4941//4638
f 4944//4641 4941//4638 4945//4642
f 4941//4638 4942//4639 4945//4642
f 4945//4642 4942//4639 4946//4643
f 4864//4567 4868//4571 4942//4639
f 4942//4639 4868//4571 4947//4644
f 4942//4639 4947//4644 4946//4643
f 4868//4571 4869//4572 4947//4644
f 4947//4644 4869//4572 4948//4645
f 4869//4572 4870//4573 4948//4645
f 4948//4645 4870//4573 4949//4646
f 4872//4575 4873//4576 4950//4647
f 4950//4647 4873//4576 4951//4648
f 4873//4576 4867//4570 4951//4648
f 4951//4648 4867//4570 4943//4640
f 4870//4573 4874//4577 4949//4646
f 4949//4646 4874//4577 4952//4649
f 4874//4577 4875//4578 4952//4649
f 4952//4649 4875//4578 4953//4650
f 4876//4579 4877//4580 4954//4651
f 4954//4651 4877//4580 4955//4652
f 4877//4580 4872//4575 4955//4652
f 4955//4652 4872//4575 4950//4647
f 4878//4581 4956//4653 4875//4578
f 4875//4578 4956//4653 4957//4654
f 4875//4578 4957//4654 4953//4650
f 4956//4653 4958//4655 4957//4654
f 4879//4582 4876//4579 4959//4656
f 4959//4656 4876//4579 4954//4651
f 4880//4583 4960//4657 4878//4581
f 4878//4581 4960//4657 4956//4653
f 4956//4653 4960//4657 4958//4655
f 4958//4655 4960//4657 4961//4658
f 4881//4584 4879//4582 4962//4659
f 4962//4659 4879//4582 4959//4656
f 4882//4585 4963//4660 4883//4586
f 4883//4586 4963//4660 4880//4583
f 4880//4583 4963//4660 4964//4661
f 4880//4583 4964//4661 4960//4657
f 4960//4657 4964//4661 4965//4662
f 4960//4657 4965//4662 4961//4658
f 4881//4584 4962//4659 4884//4587
f 4884//4587 4962//4659 4966//4663
f 4884//4587 4966//4663 4885//4588
f 4885//4588 4966//4663 4967//4664
f 4886//4589 4968//4665 4887//4590
f 4887//4590 4968//4665 4969//4666
f 4887//4590 4969//4666 4882//4585
f 4882//4585 4969//4666 4970//4667
f 4882//4585 4970//4667 4963//4660
f 4963//4660 4970//4667 4964//4661
f 4885//4588 4967//4664 4888//4591
f 4888//4591 4967//4664 4971//4668
f 4888//4591 4971//4668 4889//4592
f 4889//4592 4971//4668 4972//4669
f 4891//4594 4973//4670 4892//4595
f 4892//4595 4973//4670 4974//4671
f 4892//4595 4974//4671 4893//4596
f 4893//4596 4974//4671 4975//4672
f 4893//4596 4975//4672 4886//4589
f 4886//4589 4975//4672 4968//4665
f 4889//4592 4972//4669 4894//4593
f 4894//4593 4972//4669 4976//4673
f 4894//4593 4976//4673 4895//4597
f 4895//4597 4976//4673 4977//4674
f 4895//4597 4977//4674 4891//4594
f 4891//4594 4977//4674 4973//4670
f 4896//4598 4897//4599 4978//4675
f 4978//4675 4897//4599 4979//4676
f 4897//4599 4898//4600 4979//4676
f 4979//4676 4898//4600 4980//4677
f 4898//4600 4899//4601 4980//4677
f 4980//4677 4899//4601 4981//4678
f 4980//4677 4981//4678 4982//4679
f 4899//4601 4900//4602 4981//4678
f 4983//4680 4984//4681 4985//4682
f 4901//4603 4902//702 4983//4680
f 4983//4680 4902//702 4986//4683
f 4983//4680 4986//4683 4984//4681
f 4902//702 4896//4598 4986//4683
f 4986//4683 4896//4598 4978//4675
f 4981//4678 4987//4684 4982//4679
f 4900//4602 4903//4604 4981//4678
f 4981//4678 4903//4604 4988//4685
f 4981//4678 4988//4685 4987//4684
f 4903//4604 4905//4606 4988//4685
f 4988//4685 4905//4606 4989//4686
f 4906//4607 4907//4608 4990//4687
f 4990//4687 4907//4608 4983//4680
f 4990//4687 4983//4680 4985//4682
f 4907//4608 4901//4603 4983//4680
f 4905//4606 4908//4609 4989//4686
f 4989//4686 4908//4609 4991//4688
f 4908//4609 4910//4611 4991//4688
f 4991//4688 4910//4611 4992//4689
f 4911//3941 4912//4612 4993//273
f 4993//273 4912//4612 4994//4690
f 4912//4612 4906//4607 4994//4690
f 4994//4690 4906//4607 4990//4687
f 4910//4611 4913//4613 4992//4689
f 4992//4689 4913//4613 4995//4691
f 4913//4613 4914//4614 4995//4691
f 4995//4691 4914//4614 4996//4692
f 4915//15 4911//3941 4997//15
f 4997//15 4911//3941 4993//273
f 4916//4615 4998//4693 4914//4614
f 4914//4614 4998//4693 4996//4692
f 4917//15 4915//15 4999//15
f 4999//15 4915//15 4997//15
f 4918//4616 5000//4694 4916//4615
f 4916//4615 5000//4694 4998//4693
f 4919//15 4917//15 5001//15
f 5001//15 4917//15 4999//15
f 4920//4617 5002//4695 4918//4616
f 4918//4616 5002//4695 5003//4696
f 4918//4616 5003//4696 5000//4694
f 5002//4695 5004//4697 5003//4696
f 4921//4618 4919//15 5005//2871
f 5005//2871 4919//15 5001//15
f 4922//4619 5006//4698 4920//4617
f 4920//4617 5006//4698 5002//4695
f 5002//4695 5006//4698 5004//4697
f 5004//4697 5006//4698 5007//4699
f 4923//4620 4921//4618 5008//4505
f 5008//4505 4921//4618 5005//2871
f 4924//4621 5009//4700 4922//4619
f 4922//4619 5009//4700 5010//4701
f 4922//4619 5010//4701 5006//4698
f 5006//4698 5010//4701 5007//4699
f 4923//4620 5008//4505 4925//4622
f 4925//4622 5008//4505 5011//4622
f 4925//4622 5011//4622 4926//4623
f 4926//4623 5011//4622 5012//4702
f 4927//4624 5013//4703 4924//4621
f 4924//4621 5013//4703 5009//4700
f 4926//4623 5012//4702 4928//4625
f 4928//4625 5012//4702 5014//4704
f 4928//4625 5014//4704 4929//4626
f 4929//4626 5014//4704 5015//4705
f 4930//4627 5016//4706 4931//4628
f 4931//4628 5016//4706 5017//4707
f 4931//4628 5017//4707 4927//4624
f 4927//4624 5017//4707 5013//4703
f 4929//4626 5015//4705 4932//4629
f 4932//4629 5015//4705 5018//4708
f 4932//4629 5018//4708 4933//4630
f 4933//4630 5018//4708 5019//4709
f 5020//4710 5021//4711 5022//4712
f 4935//4632 5020//4710 4936//4633
f 4936//4633 5020//4710 5022//4712
f 4936//4633 5022//4712 5023//4713
f 4936//4633 5023//4713 4930//4627
f 4930//4627 5023//4713 5016//4706
f 4933//4630 5019//4709 4937//4634
f 4937//4634 5019//4709 5024//4714
f 4937//4634 5024//4714 4938//4635
f 4938//4635 5024//4714 5025//4715
f 4938//4635 5025//4715 4939//4636
f 4939//4636 5025//4715 5026//4716
f 4939//4636 5026//4716 4940//4637
f 4940//4637 5026//4716 5021//4711
f 4940//4637 5021//4711 5020//4710
f 4940//4637 5020//4710 4935//4632
f 4943//4640 4944//4641 5027//4717
f 5027//4717 4944//4641 5028//4718
f 4944//4641 4945//4642 5028//4718
f 5028//4718 4945//4642 5029//4719
f 4945//4642 4946//4643 5029//4719
f 5029//4719 4946//4643 5030//4720
f 4946//4643 4947//4644 5030//4720
f 5030//4720 4947//4644 5031//4721
f 4947//4644 4948//4645 5031//4721
f 5031//4721 4948//4645 5032//4722
f 4948//4645 4949//4646 5032//4722
f 5032//4722 4949//4646 5033//4723
f 5032//4722 5033//4723 5034//4724
f 5033//4723 5035//4725 5034//4724
f 4950//4647 4951//4648 5036//4726
f 5036//4726 4951//4648 5037//4727
f 4951//4648 4943//4640 5037//4727
f 5037//4727 4943//4640 5027//4717
f 4949//4646 4952//4649 5033//4723
f 4952//4649 4953//4650 5033//4723
f 5033//4723 4953//4650 5038//4728
f 5033//4723 5038//4728 5035//4725
f 5035//4725 5038//4728 5039//4729
f 5038//4728 5040//4730 5039//4729
f 4954//4651 4955//4652 5041//4731
f 5041//4731 4955//4652 5042//4732
f 4955//4652 4950//4647 5042//4732
f 5042//4732 4950//4647 5036//4726
f 4953//4650 4957//4654 5038//4728
f 4957//4654 4958//4655 5038//4728
f 5038//4728 4958//4655 5043//4733
f 5038//4728 5043//4733 5040//4730
f 4959//4656 4954//4651 5044//4734
f 5044//4734 4954//4651 5041//4731
f 4961//4658 5045//4735 4958//4655
f 4958//4655 5045//4735 5043//4733
f 4962//4659 4959//4656 5046//4736
f 5046//4736 4959//4656 5044//4734
f 4964//4661 5047//4737 4965//4662
f 4965//4662 5047//4737 4961//4658
f 4961//4658 5047//4737 5048//4738
f 4961//4658 5048//4738 5045//4735
f 4962//4659 5046//4736 4966//4663
f 4966//4663 5046//4736 5049//4739
f 4966//4663 5049//4739 4967//4664
f 4967//4664 5049//4739 5050//4740
f 4968//4665 5051//4741 4969//4666
f 4969//4666 5051//4741 5052//4742
f 4969//4666 5052//4742 4970//4667
f 4970//4667 5052//4742 5053//4743
f 4970//4667 5053//4743 4964//4661
f 4964//4661 5053//4743 5054//4744
f 4964//4661 5054//4744 5047//4737
f 5047//4737 5054//4744 5048//4738
f 4967//4664 5050//4740 4971//4668
f 4971//4668 5050//4740 5055//4745
f 4971//4668 5055//4745 4972//4669
f 4972//4669 5055//4745 5056//4746
f 4973//4670 5057//4747 4974//4671
f 4974//4671 5057//4747 5058//4748
f 4974//4671 5058//4748 4975//4672
f 4975//4672 5058//4748 5059//4749
f 4975//4672 5059//4749 4968//4665
f 4968//4665 5059//4749 5051//4741
f 4972//4669 5056//4746 4976//4673
f 4976//4673 5056//4746 5060//4750
f 4976//4673 5060//4750 4977//4674
f 4977//4674 5060//4750 5061//4751
f 4977//4674 5061//4751 4973//4670
f 4973//4670 5061//4751 5057//4747
f 5062//4752 5063//4753 5064//4754
f 4978//4675 4979//4676 5062//4752
f 5062//4752 4979//4676 5065//4755
f 5062//4752 5065//4755 5063//4753
f 4979//4676 4980//4677 5065//4755
f 5065//4755 4980//4677 5066//4756
f 4980//4677 4982//4679 5066//4756
f 5066//4756 4982//4679 5067//4756
f 4985//4682 4984//4681 5068//382
f 5068//382 4984//4681 5069//4757
f 4984//4681 4986//4683 5069//4757
f 5069//4757 4986//4683 5062//4752
f 5069//4757 5062//4752 5064//4754
f 4986//4683 4978//4675 5062//4752
f 4982//4679 4987//4684 5067//4756
f 5067//4756 4987//4684 5070//4758
f 4987//4684 4988//4685 5070//4758
f 5070//4758 4988//4685 5071//4759
f 4988//4685 4989//4686 5071//4759
f 5071//4759 4989//4686 5072//4760
f 5073//387 5074//388 5075//389
f 4990//4687 4985//4682 5073//387
f 5073//387 4985//4682 5068//382
f 5073//387 5068//382 5074//388
f 4989//4686 4991//4688 5072//4760
f 5072//4760 4991//4688 5076//4761
f 4991//4688 4992//4689 5076//4761
f 5076//4761 4992//4689 5077//4762
f 4993//273 4994//4690 5078//4763
f 5078//4763 4994//4690 5073//387
f 5078//4763 5073//387 5075//389
f 4994//4690 4990//4687 5073//387
f 4992//4689 4995//4691 5077//4762
f 5077//4762 4995//4691 5079//4764
f 4995//4691 4996//4692 5079//4764
f 5079//4764 4996//4692 5080//4765
f 4997//15 4993//273 5081//15
f 5081//15 4993//273 5078//4763
f 4998//4693 5082//4766 4996//4692
f 4996//4692 5082//4766 5080//4765
f 4999//15 4997//15 5083//15
f 5083//15 4997//15 5081//15
f 5000//4694 5084//4767 4998//4693
f 4998//4693 5084//4767 5082//4766
f 5001//15 4999//15 5085//15
f 5085//15 4999//15 5083//15
f 5000//4694 5003//4696 5084//4767
f 5084//4767 5003//4696 5086//4768
f 5003//4696 5004//4697 5086//4768
f 5086//4768 5004//4697 5087//4769
f 5005//2871 5001//15 5088//4582
f 5088//4582 5001//15 5085//15
f 5007//4699 5089//4770 5004//4697
f 5004//4697 5089//4770 5087//4769
f 5008//4505 5005//2871 5090//4584
f 5090//4584 5005//2871 5088//4582
f 5009//4700 5091//4771 5010//4701
f 5010//4701 5091//4771 5007//4699
f 5007//4699 5091//4771 5092//4772
f 5007//4699 5092//4772 5089//4770
f 5008//4505 5090//4584 5011//4622
f 5011//4622 5090//4584 5093//4773
f 5011//4622 5093//4773 5012//4702
f 5012//4702 5093//4773 5094//4774
f 5013//4703 5095//4775 5009//4700
f 5009//4700 5095//4775 5096//4776
f 5009//4700 5096//4776 5091//4771
f 5091//4771 5096//4776 5092//4772
f 5012//4702 5094//4774 5014//4704
f 5014//4704 5094//4774 5097//4777
f 5014//4704 5097//4777 5015//4705
f 5015//4705 5097//4777 5098//4778
f 5016//4706 5099//4779 5017//4707
f 5017//4707 5099//4779 5100//4780
f 5017//4707 5100//4780 5013//4703
f 5013//4703 5100//4780 5095//4775
f 5015//4705 5098//4778 5018//4708
f 5018//4708 5098//4778 5101//4781
f 5018//4708 5101//4781 5019//4709
f 5019//4709 5101//4781 5102//4782
f 5021//4711 5103//4711 5022//4712
f 5022//4712 5103//4711 5104//4711
f 5022//4712 5104//4711 5023//4713
f 5023//4713 5104//4711 5105//4783
f 5023//4713 5105//4783 5016//4706
f 5016//4706 5105//4783 5099//4779
f 5019//4709 5102//4782 5024//4714
f 5024//4714 5102//4782 5106//4784
f 5024//4714 5106//4784 5025//4715
f 5025//4715 5106//4784 5107//4785
f 5025//4715 5107//4785 5026//4716
f 5026//4716 5107//4785 5108//4786
f 5026//4716 5108//4786 5021//4711
f 5021//4711 5108//4786 5103//4711
f 5027//4717 5028//4718 5109//4787
f 5028//4718 5029//4719 5109//4787
f 5109//4787 5029//4719 5110//4788
f 5109//4787 5110//4788 5111//4789
f 5029//4719 5030//4720 5110//4788
f 5110//4788 5030//4720 5112//4790
f 5030//4720 5031//4721 5112//4790
f 5112//4790 5031//4721 5113//4791
f 5031//4721 5032//4722 5113//4791
f 5113//4791 5032//4722 5114//4792
f 5032//4722 5034//4724 5114//4792
f 5114//4792 5034//4724 5115//4793
f 5034//4724 5035//4725 5115//4793
f 5115//4793 5035//4725 5116//4794
f 5036//4726 5037//4727 5117//4795
f 5117//4795 5037//4727 5118//4796
f 5037//4727 5027//4717 5118//4796
f 5118//4796 5027//4717 5109//4787
f 5118//4796 5109//4787 5119//4797
f 5109//4787 5111//4789 5119//4797
f 5035//4725 5039//4729 5116//4794
f 5116//4794 5039//4729 5120//4798
f 5039//4729 5040//4730 5120//4798
f 5120//4798 5040//4730 5121//4799
f 5041//4731 5042//4732 5122//4800
f 5042//4732 5036//4726 5122//4800
f 5122//4800 5036//4726 5117//4795
f 5122//4800 5117//4795 5123//4801
f 5043//4733 5124//4802 5040//4730
f 5040//4730 5124//4802 5121//4799
f 5044//4734 5041//4731 5125//4803
f 5125//4803 5041//4731 5122//4800
f 5125//4803 5122//4800 5126//4804
f 5122//4800 5123//4801 5126//4804
f 5045//4735 5127//4805 5043//4733
f 5043//4733 5127//4805 5124//4802
f 5046//4736 5044//4734 5128//4806
f 5128//4806 5044//4734 5125//4803
f 5128//4806 5125//4803 5129//722
f 5128//4806 5129//722 5130//4807
f 5048//4738 5131//4808 5045//4735
f 5045//4735 5131//4808 5127//4805
f 5046//4736 5128//4806 5049//4739
f 5049//4739 5128//4806 5050//4740
f 5050//4740 5128//4806 5130//4807
f 5050//4740 5130//4807 5132//4809
f 5051//4741 5133//4810 5052//4742
f 5052//4742 5133//4810 5053//4743
f 5053//4743 5133//4810 5134//4811
f 5053//4743 5134//4811 5054//4744
f 5054//4744 5134//4811 5135//4812
f 5054//4744 5135//4812 5136//4813
f 5054//4744 5136//4813 5048//4738
f 5048//4738 5136//4813 5131//4808
f 5050//4740 5132//4809 5055//4745
f 5055//4745 5132//4809 5137//4814
f 5055//4745 5137//4814 5056//4746
f 5056//4746 5137//4814 5138//4815
f 5057//4747 5139//4816 5058//4748
f 5058//4748 5139//4816 5059//4749
f 5059//4749 5139//4816 5140//4817
f 5059//4749 5140//4817 5141//4818
f 5059//4749 5141//4818 5051//4741
f 5051//4741 5141//4818 5142//4819
f 5051//4741 5142//4819 5133//4810
f 5133//4810 5142//4819 5134//4811
f 5134//4811 5142//4819 5143//4820
f 5134//4811 5143//4820 5135//4812
f 5056//4746 5138//4815 5060//4750
f 5060//4750 5138//4815 5144//4821
f 5060//4750 5144//4821 5061//4751
f 5061//4751 5144//4821 5145//4822
f 5061//4751 5145//4822 5057//4747
f 5057//4747 5145//4822 5146//4823
f 5057//4747 5146//4823 5139//4816
f 5139//4816 5146//4823 5140//4817
f 5064//4754 5063//4753 5147//4824
f 5147//4824 5063//4753 5148//4825
f 5063//4753 5065//4755 5148//4825
f 5148//4825 5065//4755 5149//4826
f 5065//4755 5066//4756 5149//4826
f 5149//4826 5066//4756 5150//4827
f 5066//4756 5067//4756 5150//4827
f 5150//4827 5067//4756 5151//4828
f 5068//382 5069//4757 5152//411
f 5152//411 5069//4757 5153//4829
f 5069//4757 5064//4754 5153//4829
f 5153//4829 5064//4754 5147//4824
f 5067//4756 5070//4758 5151//4828
f 5151//4828 5070//4758 5154//4830
f 5070//4758 5071//4759 5154//4830
f 5154//4830 5071//4759 5155//4831
f 5071//4759 5072//4760 5155//4831
f 5155//4831 5072//4760 5156//4832
f 5075//389 5074//388 5157//416
f 5157//416 5074//388 5158//417
f 5074//388 5068//382 5158//417
f 5158//417 5068//382 5152//411
f 5072//4760 5076//4761 5156//4832
f 5156//4832 5076//4761 5159//4833
f 5076//4761 5077//4762 5159//4833
f 5159//4833 5077//4762 5160//4834
f 5078//4763 5075//389 5161//419
f 5161//419 5075//389 5157//416
f 5077//4762 5079//4764 5160//4834
f 5160//4834 5079//4764 5162//4835
f 5079//4764 5080//4765 5162//4835
f 5162//4835 5080//4765 5163//4836
f 5081//15 5078//4763 5164//15
f 5164//15 5078//4763 5161//419
f 5082//4766 5165//4837 5080//4765
f 5080//4765 5165//4837 5163//4836
f 5083//15 5081//15 5166//15
f 5166//15 5081//15 5164//15
f 5084//4767 5167//4838 5082//4766
f 5082//4766 5167//4838 5168//4839
f 5082//4766 5168//4839 5165//4837
f 5167//4838 5169//1519 5168//4839
f 5085//15 5083//15 5170//15
f 5170//15 5083//15 5166//15
f 5084//4767 5086//4768 5167//4838
f 5086//4768 5087//4769 5167//4838
f 5167//4838 5087//4769 5171//4840
f 5167//4838 5171//4840 5169//1519
f 5088//4582 5085//15 5172//4656
f 5172//4656 5085//15 5170//15
f 5089//4770 5173//4841 5087//4769
f 5087//4769 5173//4841 5171//4840
f 5090//4584 5088//4582 5174//4659
f 5174//4659 5088//4582 5172//4656
f 5092//4772 5175//4842 5089//4770
f 5089//4770 5175//4842 5173//4841
f 5090//4584 5174//4659 5093//4773
f 5093//4773 5174//4659 5176//4843
f 5093//4773 5176//4843 5094//4774
f 5094//4774 5176//4843 5177//4844
f 5095//4775 5178//4845 5096//4776
f 5096//4776 5178//4845 5179//4846
f 5096//4776 5179//4846 5092//4772
f 5092//4772 5179//4846 5175//4842
f 5094//4774 5177//4844 5097//4777
f 5097//4777 5177//4844 5180//4847
f 5097//4777 5180//4847 5098//4778
f 5098//4778 5180//4847 5181//4848
f 5099//4779 5182//2392 5100//4780
f 5100//4780 5182//2392 5183//4849
f 5100//4780 5183//4849 5095//4775
f 5095//4775 5183//4849 5178//4845
f 5098//4778 5181//4848 5101//4781
f 5101//4781 5181//4848 5184//4850
f 5101//4781 5184//4850 5102//4782
f 5102//4782 5184//4850 5185//4851
f 5186//4852 5187//4853 5188//4854
f 5103//4711 5186//4852 5104//4711
f 5104//4711 5186//4852 5188//4854
f 5104//4711 5188//4854 5189//4855
f 5104//4711 5189//4855 5105//4783
f 5105//4783 5189//4855 5190//4856
f 5105//4783 5190//4856 5099//4779
f 5099//4779 5190//4856 5182//2392
f 5102//4782 5185//4851 5106//4784
f 5106//4784 5185//4851 5191//4857
f 5106//4784 5191//4857 5107//4785
f 5107//4785 5191//4857 5192//4858
f 5107//4785 5192//4858 5108//4786
f 5108//4786 5192//4858 5187//4853
f 5108//4786 5187//4853 5186//4852
f 5108//4786 5186//4852 5103//4711
f 5111//4789 5110//4788 5193//4859
f 5193//4859 5110//4788 5194//4860
f 5110//4788 5112//4790 5194//4860
f 5194//4860 5112//4790 5195//4861
f 5112//4790 5113//4791 5195//4861
f 5195//4861 5113//4791 5196//4862
f 5113//4791 5114//4792 5196//4862
f 5196//4862 5114//4792 5197//2740
f 5114//4792 5115//4793 5197//2740
f 5197//2740 5115//4793 5198//4863
f 5115//4793 5116//4794 5198//4863
f 5198//4863 5116//4794 5199//4864
f 5117//4795 5118//4796 5200//4865
f 5118//4796 5119//4797 5200//4865
f 5200//4865 5119//4797 5201//4866
f 5200//4865 5201//4866 5202//4867
f 5119//4797 5111//4789 5201//4866
f 5201//4866 5111//4789 5193//4859
f 5116//4794 5120//4798 5199//4864
f 5199//4864 5120//4798 5203//4868
f 5120//4798 5121//4799 5203//4868
f 5203//4868 5121//4799 5204//4869
f 5123//4801 5117//4795 5205//4870
f 5205//4870 5117//4795 5200//4865
f 5205//4870 5200//4865 5206//4871
f 5200//4865 5202//4867 5206//4871
f 5124//4802 5207//4266 5121//4799
f 5121//4799 5207//4266 5204//4869
f 5125//4803 5126//4804 5208//4872
f 5126//4804 5123//4801 5208//4872
f 5208//4872 5123//4801 5205//4870
f 5208//4872 5205//4870 5209//4873
f 5127//4805 5210//561 5124//4802
f 5124//4802 5210//561 5211//4874
f 5124//4802 5211//4874 5207//4266
f 5210//561 5212//4875 5211//4874
f 5125//4803 5208//4872 5129//722
f 5129//722 5208//4872 5130//4807
f 5130//4807 5208//4872 5209//4873
f 5130//4807 5209//4873 5213//4876
f 5131//4808 5214//4877 5127//4805
f 5127//4805 5214//4877 5215//4878
f 5127//4805 5215//4878 5210//561
f 5210//561 5215//4878 5212//4875
f 5132//4809 5130//4807 5216//4879
f 5216//4879 5130//4807 5213//4876
f 5135//4812 5217//4880 5136//4813
f 5136//4813 5217//4880 5131//4808
f 5131//4808 5217//4880 5218//4881
f 5131//4808 5218//4881 5214//4877
f 5132//4809 5216//4879 5137//4814
f 5137//4814 5216//4879 5219//4882
f 5137//4814 5219//4882 5138//4815
f 5138//4815 5219//4882 5220//4883
f 5140//4817 5221//4884 5141//4818
f 5141//4818 5221//4884 5222//4885
f 5141//4818 5222//4885 5142//4819
f 5142//4819 5222//4885 5223//4886
f 5142//4819 5223//4886 5143//4820
f 5143//4820 5223//4886 5224//4887
f 5143//4820 5224//4887 5135//4812
f 5135//4812 5224//4887 5225//4888
f 5135//4812 5225//4888 5217//4880
f 5217//4880 5225//4888 5218//4881
f 5138//4815 5220//4883 5144//4821
f 5144//4821 5220//4883 5226//4889
f 5144//4821 5226//4889 5145//4822
f 5145//4822 5226//4889 5227//4890
f 5145//4822 5227//4890 5146//4823
f 5146//4823 5227//4890 5228//4891
f 5146//4823 5228//4891 5140//4817
f 5140//4817 5228//4891 5221//4884
f 5147//4824 5148//4825 5229//4892
f 5229//4892 5148//4825 5230//4893
f 5148//4825 5149//4826 5230//4893
f 5230//4893 5149//4826 5231//4894
f 5149//4826 5150//4827 5231//4894
f 5231//4894 5150//4827 5232//4895
f 5150//4827 5151//4828 5232//4895
f 5232//4895 5151//4828 5233//4896
f 5232//4895 5233//4896 5234//4897
f 5233//4896 5235//4898 5234//4897
f 5152//411 5153//4829 5236//4899
f 5236//4899 5153//4829 5237//4900
f 5153//4829 5147//4824 5237//4900
f 5237//4900 5147//4824 5229//4892
f 5151//4828 5154//4830 5233//4896
f 5154//4830 5155//4831 5233//4896
f 5233//4896 5155//4831 5238//4901
f 5233//4896 5238//4901 5235//4898
f 5155//4831 5156//4832 5238//4901
f 5238//4901 5156//4832 5239//4902
f 5157//416 5158//417 5240//4903
f 5240//4903 5158//417 5241//4904
f 5158//417 5152//411 5241//4904
f 5241//4904 5152//411 5236//4899
f 5156//4832 5159//4833 5239//4902
f 5239//4902 5159//4833 5242//4905
f 5159//4833 5160//4834 5242//4905
f 5242//4905 5160//4834 5243//4906
f 5161//419 5157//416 5244//446
f 5244//446 5157//416 5240//4903
f 5160//4834 5162//4835 5243//4906
f 5243//4906 5162//4835 5245//4907
f 5162//4835 5163//4836 5245//4907
f 5245//4907 5163//4836 5246//4908
f 5164//15 5161//419 5247//15
f 5247//15 5161//419 5244//446
f 5165//4837 5248//4909 5163//4836
f 5163//4836 5248//4909 5246//4908
f 5166//15 5164//15 5249//15
f 5249//15 5164//15 5247//15
f 5165//4837 5168//4839 5248//4909
f 5248//4909 5168//4839 5250//4910
f 5168//4839 5169//1519 5250//4910
f 5250//4910 5169//1519 5251//4911
f 5170//15 5166//15 5252//15
f 5252//15 5166//15 5249//15
f 5171//4840 5253//4912 5169//1519
f 5169//1519 5253//4912 5251//4911
f 5172//4656 5170//15 5254//2006
f 5254//2006 5170//15 5252//15
f 5173//4841 5255//4913 5171//4840
f 5171//4840 5255//4913 5253//4912
f 5174//4659 5172//4656 5256//4914
f 5256//4914 5172//4656 5254//2006
f 5175//4842 5257//2429 5173//4841
f 5173//4841 5257//2429 5255//4913
f 5174//4659 5256//4914 5176//4843
f 5176//4843 5256//4914 5258//4915
f 5176//4843 5258//4915 5177//4844
f 5177//4844 5258//4915 5259//4916
f 5178//4845 5260//4917 5179//4846
f 5179//4846 5260//4917 5261//4918
f 5179//4846 5261//4918 5175//4842
f 5175//4842 5261//4918 5257//2429
f 5177//4844 5259//4916 5180//4847
f 5180//4847 5259//4916 5262//4919
f 5180//4847 5262//4919 5181//4848
f 5181//4848 5262//4919 5263//4920
f 5182//2392 5264//2392 5183//4849
f 5183//4849 5264//2392 5265//4849
f 5183//4849 5265//4849 5178//4845
f 5178//4845 5265//4849 5260//4917
f 5181//4848 5263//4920 5184//4850
f 5184//4850 5263//4920 5266//4921
f 5184//4850 5266//4921 5185//4851
f 5185//4851 5266//4921 5267//4922
f 5185//4851 5267//4922 5268//4923
f 5268//4923 5267//4922 5269//4924
f 5269//4924 5267//4922 5270//4925
f 5187//4853 5269//4924 5188//4854
f 5188//4854 5269//4924 5270//4925
f 5188//4854 5270//4925 5271//2017
f 5188//4854 5271//2017 5189//4855
f 5189//4855 5271//2017 5272//4852
f 5189//4855 5272//4852 5190//4856
f 5190//4856 5272//4852 5273//4856
f 5190//4856 5273//4856 5182//2392
f 5182//2392 5273//4856 5264//2392
f 5185//4851 5268//4923 5191//4857
f 5191//4857 5268//4923 5192//4858
f 5192//4858 5268//4923 5269//4924
f 5192//4858 5269//4924 5187//4853
f 5193//4859 5194//4860 5274//4926
f 5194//4860 5195//4861 5274//4926
f 5274//4926 5195//4861 5275//4927
f 5274//4926 5275//4927 5276//4928
f 5195//4861 5196//4862 5275//4927
f 5275//4927 5196//4862 5277//4929
f 5196//4862 5197//2740 5277//4929
f 5277//4929 5197//2740 5278//4257
f 5197//2740 5198//4863 5278//4257
f 5278//4257 5198//4863 5279//4258
f 5198//4863 5199//4864 5279//4258
f 5279//4258 5199//4864 5280//4930
f 5202//4867 5201//4866 5281//4931
f 5201//4866 5193//4859 5281//4931
f 5281//4931 5193//4859 5274//4926
f 5281//4931 5274//4926 5282//4932
f 5282//4932 5274//4926 5283//4933
f 5274//4926 5276//4928 5283//4933
f 5199//4864 5203//4868 5280//4930
f 5280//4930 5203//4868 5284//4934
f 5203//4868 5204//4869 5284//4934
f 5284//4934 5204//4869 5285//4935
f 5205//4870 5206//4871 5286//4936
f 5206//4871 5202//4867 5286//4936
f 5286//4936 5202//4867 5281//4931
f 5286//4936 5281//4931 5287//4937
f 5287//4937 5281//4931 5288//4938
f 5281//4931 5282//4932 5288//4938
f 5207//4266 5289//4939 5204//4869
f 5204//4869 5289//4939 5290//4940
f 5204//4869 5290//4940 5285//4935
f 5289//4939 5291//4941 5290//4940
f 5209//4873 5205//4870 5292//4942
f 5292//4942 5205//4870 5286//4936
f 5292//4942 5286//4936 5293//4943
f 5286//4936 5287//4937 5293//4943
f 5207//4266 5211//4874 5289//4939
f 5211//4874 5212//4875 5289//4939
f 5289//4939 5212//4875 5294//4944
f 5289//4939 5294//4944 5291//4941
f 5213//4876 5209//4873 5295//4945
f 5295//4945 5209//4873 5292//4942
f 5214//4877 5296//4946 5215//4878
f 5215//4878 5296//4946 5212//4875
f 5212//4875 5296//4946 5297//4947
f 5212//4875 5297//4947 5294//4944
f 5216//4879 5213//4876 5298//4948
f 5298//4948 5213//4876 5295//4945
f 5298//4948 5295//4945 5299//1628
f 5298//4948 5299//1628 5300//4949
f 5218//4881 5301//4950 5214//4877
f 5214//4877 5301//4950 5302//4951
f 5214//4877 5302//4951 5296//4946
f 5296//4946 5302//4951 5297//4947
f 5216//4879 5298//4948 5219//4882
f 5219//4882 5298//4948 5220//4883
f 5220//4883 5298//4948 5300//4949
f 5220//4883 5300//4949 5303//4952
f 5221//4884 5304//4953 5222//4885
f 5222//4885 5304//4953 5223//4886
f 5223//4886 5304//4953 5305//4954
f 5223//4886 5305//4954 5306//4955
f 5223//4886 5306//4955 5224//4887
f 5224//4887 5306//4955 5307//4956
f 5224//4887 5307//4956 5225//4888
f 5225//4888 5307//4956 5308//4957
f 5225//4888 5308//4957 5218//4881
f 5218//4881 5308//4957 5301//4950
f 5220//4883 5303//4952 5226//4889
f 5226//4889 5303//4952 5309//4958
f 5226//4889 5309//4958 5227//4890
f 5227//4890 5309//4958 5310//4959
f 5227//4890 5310//4959 5228//4891
f 5228//4891 5310//4959 5311//4960
f 5228//4891 5311//4960 5221//4884
f 5221//4884 5311//4960 5312//4961
f 5221//4884 5312//4961 5304//4953
f 5304//4953 5312//4961 5305//4954
f 5229//4892 5230//4893 5313//4962
f 5313//4962 5230//4893 5314//4963
f 5230//4893 5231//4894 5314//4963
f 5314//4963 5231//4894 5315//4964
f 5231//4894 5232//4895 5315//4964
f 5315//4964 5232//4895 5316//4965
f 5232//4895 5234//4897 5316//4965
f 5316//4965 5234//4897 5317//4966
f 5234//4897 5235//4898 5317//4966
f 5317//4966 5235//4898 5318//4967
f 5236//4899 5237//4900 5319//4968
f 5319//4968 5237//4900 5320//4969
f 5237//4900 5229//4892 5320//4969
f 5320//4969 5229//4892 5313//4962
f 5235//4898 5238//4901 5318//4967
f 5318//4967 5238//4901 5321//4970
f 5238//4901 5239//4902 5321//4970
f 5321//4970 5239//4902 5322//4971
f 5321//4970 5322//4971 5323//4972
f 5322//4971 5324//4973 5323//4972
f 5240//4903 5241//4904 5325//4974
f 5325//4974 5241//4904 5326//4975
f 5241//4904 5236//4899 5326//4975
f 5326//4975 5236//4899 5319//4968
f 5239//4902 5242//4905 5322//4971
f 5242//4905 5243//4906 5322//4971
f 5322//4971 5243//4906 5327//4976
f 5322//4971 5327//4976 5324//4973
f 5324//4973 5327//4976 5328//4977
f 5327//4976 5329//4978 5328//4977
f 5244//446 5240//4903 5330//4979
f 5330//4979 5240//4903 5325//4974
f 5243//4906 5245//4907 5327//4976
f 5245//4907 5246//4908 5327//4976
f 5327//4976 5246//4908 5331//4980
f 5327//4976 5331//4980 5329//4978
f 5329//4978 5331//4980 5332//4981
f 5331//4980 5333//4982 5332//4981
f 5247//15 5244//446 5334//15
f 5334//15 5244//446 5330//4979
f 5248//4909 5335//4983 5246//4908
f 5246//4908 5335//4983 5331//4980
f 5331//4980 5335//4983 5333//4982
f 5333//4982 5335//4983 5336//4984
f 5249//15 5247//15 5337//15
f 5337//15 5247//15 5334//15
f 5248//4909 5250//4910 5335//4983
f 5250//4910 5251//4911 5335//4983
f 5335//4983 5251//4911 5338//4985
f 5335//4983 5338//4985 5336//4984
f 5252//15 5249//15 5339//4986
f 5339//4986 5249//15 5337//15
f 5253//4912 5340//4987 5251//4911
f 5251//4911 5340//4987 5338//4985
f 5254//2006 5252//15 5341//4988
f 5341//4988 5252//15 5339//4986
f 5255//4913 5342//4989 5253//4912
f 5253//4912 5342//4989 5340//4987
f 5256//4914 5254//2006 5343//4990
f 5343//4990 5254//2006 5341//4988
f 5257//2429 5344//4991 5255//4913
f 5255//4913 5344//4991 5342//4989
f 5256//4914 5343//4990 5258//4915
f 5258//4915 5343//4990 5345//4992
f 5258//4915 5345//4992 5259//4916
f 5259//4916 5345//4992 5346//4993
f 5260//4917 5347//4994 5261//4918
f 5261//4918 5347//4994 5348//4995
f 5261//4918 5348//4995 5257//2429
f 5257//2429 5348//4995 5344//4991
f 5259//4916 5346//4993 5262//4919
f 5262//4919 5346//4993 5349//4996
f 5262//4919 5349//4996 5263//4920
f 5263//4920 5349//4996 5350//4997
f 5264//2392 5351//4998 5265//4849
f 5265//4849 5351//4998 5352//4999
f 5265//4849 5352//4999 5260//4917
f 5260//4917 5352//4999 5347//4994
f 5263//4920 5350//4997 5266//4921
f 5266//4921 5350//4997 5353//5000
f 5266//4921 5353//5000 5267//4922
f 5267//4922 5353//5000 5354//5001
f 5267//4922 5354//5001 5270//4925
f 5270//4925 5354//5001 5355//5002
f 5270//4925 5355//5002 5271//2017
f 5271//2017 5355//5002 5356//5003
f 5271//2017 5356//5003 5272//4852
f 5272//4852 5356//5003 5357//5004
f 5272//4852 5357//5004 5273//4856
f 5273//4856 5357//5004 5358//5005
f 5273//4856 5358//5005 5264//2392
f 5264//2392 5358//5005 5351//4998
f 5276//4928 5275//4927 5359//5006
f 5275//4927 5277//4929 5359//5006
f 5359//5006 5277//4929 5360//5007
f 5359//5006 5360//5007 5361//5008
f 5277//4929 5278//4257 5360//5007
f 5360//5007 5278//4257 5362//5009
f 5278//4257 5279//4258 5362//5009
f 5362//5009 5279//4258 5363//5010
f 5362//5009 5363//5010 5364//5011
f 5279//4258 5280//4930 5363//5010
f 5282//4932 5283//4933 5365//5012
f 5365//5012 5283//4933 5366//5013
f 5283//4933 5276//4928 5366//5013
f 5366//5013 5276//4928 5359//5006
f 5366//5013 5359//5006 5367//5014
f 5359//5006 5361//5008 5367//5014
f 5363//5010 5368//5015 5364//5011
f 5280//4930 5284//4934 5363//5010
f 5363//5010 5284//4934 5369//5016
f 5363//5010 5369//5016 5368//5015
f 5284//4934 5285//4935 5369//5016
f 5369//5016 5285//4935 5370//5017
f 5287//4937 5288//4938 5371//5018
f 5371//5018 5288//4938 5372//5019
f 5288//4938 5282//4932 5372//5019
f 5372//5019 5282//4932 5365//5012
f 5285//4935 5290//4940 5370//5017
f 5370//5017 5290//4940 5373//5020
f 5290//4940 5291//4941 5373//5020
f 5373//5020 5291//4941 5374//5021
f 5292//4942 5293//4943 5375//5022
f 5293//4943 5287//4937 5375//5022
f 5375//5022 5287//4937 5371//5018
f 5375//5022 5371//5018 5376//5023
f 5294//4944 5377//5024 5291//4941
f 5291//4941 5377//5024 5374//5021
f 5295//4945 5292//4942 5378//5025
f 5378//5025 5292//4942 5375//5022
f 5375//5022 5376//5023 5378//5025
f 5378//5025 5376//5023 5379//5026
f 5297//4947 5380//5027 5294//4944
f 5294//4944 5380//5027 5377//5024
f 5295//4945 5378//5025 5299//1628
f 5299//1628 5378//5025 5300//4949
f 5300//4949 5378//5025 5379//5026
f 5300//4949 5379//5026 5381//5028
f 5301//4950 5382//5029 5302//4951
f 5302//4951 5382//5029 5297//4947
f 5297//4947 5382//5029 5383//5030
f 5297//4947 5383//5030 5380//5027
f 5303//4952 5300//4949 5384//5031
f 5384//5031 5300//4949 5381//5028
f 5384//5031 5381//5028 5385//5032
f 5384//5031 5385//5032 5386//5033
f 5305//4954 5387//5034 5306//4955
f 5306//4955 5387//5034 5307//4956
f 5307//4956 5387//5034 5388//5035
f 5307//4956 5388//5035 5308//4957
f 5308//4957 5388//5035 5389//5036
f 5308//4957 5389//5036 5301//4950
f 5301//4950 5389//5036 5390//5037
f 5301//4950 5390//5037 5382//5029
f 5382//5029 5390//5037 5391//5038
f 5382//5029 5391//5038 5383//5030
f 5303//4952 5384//5031 5309//4958
f 5309//4958 5384//5031 5310//4959
f 5310//4959 5384//5031 5386//5033
f 5310//4959 5386//5033 5392//5039
f 5310//4959 5392//5039 5311//4960
f 5311//4960 5392//5039 5393//5040
f 5311//4960 5393//5040 5394//5041
f 5311//4960 5394//5041 5312//4961
f 5312//4961 5394//5041 5395//5042
f 5312//4961 5395//5042 5396//5043
f 5312//4961 5396//5043 5305//4954
f 5305//4954 5396//5043 5397//5044
f 5305//4954 5397//5044 5387//5034
f 5387//5034 5397//5044 5388//5035
f 5388//5035 5397//5044 5398//5045
f 5388//5035 5398//5045 5389//5036
f 5389//5036 5398//5045 5399//5046
f 5389//5036 5399//5046 5390//5037
f 5394//5041 5393//5040 5400//5047
f 5394//5041 5400//5047 5395//5042
f 5401//5048 5402//5049 5403//5050
f 5313//4962 5314//4963 5401//5048
f 5401//5048 5314//4963 5404//5051
f 5401//5048 5404//5051 5402//5049
f 5314//4963 5315//4964 5404//5051
f 5404//5051 5315//4964 5405//5052
f 5315//4964 5316//4965 5405//5052
f 5405//5052 5316//4965 5406//5053
f 5316//4965 5317//4966 5406//5053
f 5406//5053 5317//4966 5407//5054
f 5317//4966 5318//4967 5407//5054
f 5407//5054 5318//4967 5408//5055
f 5407//5054 5408//5055 5409//5056
f 5408//5055 5410//5057 5409//5056
f 5409//5056 5410//5057 5411//5058
f 5410//5057 5412//5059 5411//5058
f 5413//5060 5414//5061 5415//5062
f 5319//4968 5320//4969 5413//5060
f 5413//5060 5320//4969 5401//5048
f 5413//5060 5401//5048 5414//5061
f 5414//5061 5401//5048 5403//5050
f 5320//4969 5313//4962 5401//5048
f 5318//4967 5321//4970 5408//5055
f 5321//4970 5323//4972 5408//5055
f 5408//5055 5323//4972 5410//5057
f 5323//4972 5324//4973 5410//5057
f 5410//5057 5324//4973 5416//5063
f 5410//5057 5416//5063 5412//5059
f 5412//5059 5416//5063 5417//5064
f 5416//5063 5418//5065 5417//5064
f 5325//4974 5326//4975 5419//5066
f 5419//5066 5326//4975 5413//5060
f 5419//5066 5413//5060 5415//5062
f 5326//4975 5319//4968 5413//5060
f 5324//4973 5328//4977 5416//5063
f 5328//4977 5329//4978 5416//5063
f 5416//5063 5329//4978 5420//5067
f 5416//5063 5420//5067 5418//5065
f 5418//5065 5420//5067 5421//5068
f 5420//5067 5422//5069 5421//5068
f 5330//4979 5325//4974 5423//171
f 5423//171 5325//4974 5419//5066
f 5329//4978 5332//4981 5420//5067
f 5332//4981 5333//4982 5420//5067
f 5420//5067 5333//4982 5424//5070
f 5420//5067 5424//5070 5422//5069
f 5334//15 5330//4979 5425//15
f 5425//15 5330//4979 5423//171
f 5336//4984 5426//5071 5333//4982
f 5333//4982 5426//5071 5424//5070
f 5337//15 5334//15 5427//15
f 5427//15 5334//15 5425//15
f 5338//4985 5428//5072 5336//4984
f 5336//4984 5428//5072 5426//5071
f 5339//4986 5337//15 5429//4656
f 5429//4656 5337//15 5427//15
f 5340//4987 5430//5073 5338//4985
f 5338//4985 5430//5073 5428//5072
f 5341//4988 5339//4986 5431//5074
f 5431//5074 5339//4986 5429//4656
f 5342//4989 5432//5075 5340//4987
f 5340//4987 5432//5075 5430//5073
f 5343//4990 5341//4988 5433//5076
f 5433//5076 5341//4988 5431//5074
f 5433//5076 5431//5074 5434//5077
f 5433//5076 5434//5077 5435//5078
f 5344//4991 5436//5079 5342//4989
f 5342//4989 5436//5079 5432//5075
f 5343//4990 5433//5076 5345//4992
f 5345//4992 5433//5076 5346//4993
f 5346//4993 5433//5076 5435//5078
f 5346//4993 5435//5078 5437//5080
f 5347//4994 5438//5081 5348//4995
f 5348//4995 5438//5081 5439//5082
f 5348//4995 5439//5082 5344//4991
f 5344//4991 5439//5082 5436//5079
f 5346//4993 5437//5080 5349//4996
f 5349//4996 5437//5080 5440//5083
f 5349//4996 5440//5083 5350//4997
f 5350//4997 5440//5083 5441//5084
f 5350//4997 5441//5084 5442//5085
f 5442//5085 5441//5084 5443//5086
f 5444//5087 5445//355 5446//5088
f 5351//4998 5444//5087 5352//4999
f 5352//4999 5444//5087 5446//5088
f 5352//4999 5446//5088 5447//5089
f 5352//4999 5447//5089 5347//4994
f 5347//4994 5447//5089 5438//5081
f 5350//4997 5442//5085 5353//5000
f 5353//5000 5442//5085 5354//5001
f 5354//5001 5442//5085 5443//5086
f 5354//5001 5443//5086 5448//5090
f 5354//5001 5448//5090 5355//5002
f 5355//5002 5448//5090 5449//5091
f 5355//5002 5449//5091 5356//5003
f 5356//5003 5449//5091 5450//5092
f 5356//5003 5450//5092 5357//5004
f 5357//5004 5450//5092 5451//633
f 5357//5004 5451//633 5358//5005
f 5358//5005 5451//633 5445//355
f 5358//5005 5445//355 5444//5087
f 5358//5005 5444//5087 5351//4998
f 5361//5008 5360//5007 5452//5007
f 5360//5007 5362//5009 5452//5007
f 5452//5007 5362//5009 5453//5093
f 5362//5009 5364//5011 5453//5093
f 5365//5012 5366//5013 5454//5094
f 5454//5094 5366//5013 5455//5095
f 5366//5013 5367//5014 5455//5095
f 5455//5095 5367//5014 5456//5096
f 5367//5014 5361//5008 5456//5096
f 5456//5096 5361//5008 5452//5007
f 5456//5096 5452//5007 5457//5097
f 5452//5007 5453//5093 5457//5097
f 5457//5097 5453//5093 5458//5098
f 5364//5011 5368//5015 5453//5093
f 5453//5093 5368//5015 5459//5099
f 5453//5093 5459//5099 5458//5098
f 5368//5015 5369//5016 5459//5099
f 5459//5099 5369//5016 5460//5100
f 5369//5016 5370//5017 5460//5100
f 5460//5100 5370//5017 5461//5101
f 5371//5018 5372//5019 5462//5102
f 5372//5019 5365//5012 5462//5102
f 5462//5102 5365//5012 5454//5094
f 5462//5102 5454//5094 5463//5103
f 5370//5017 5373//5020 5461//5101
f 5461//5101 5373//5020 5464//5104
f 5373//5020 5374//5021 5464//5104
f 5464//5104 5374//5021 5465//5105
f 5376//5023 5371//5018 5466//5106
f 5466//5106 5371//5018 5462//5102
f 5466//5106 5462//5102 5467//5107
f 5462//5102 5463//5103 5467//5107
f 5377//5024 5468//5108 5374//5021
f 5374//5021 5468//5108 5469//5109
f 5374//5021 5469//5109 5465//5105
f 5468//5108 5470//5110 5469//5109
f 5379//5026 5376//5023 5471//5111
f 5471//5111 5376//5023 5466//5106
f 5380//5027 5472//5112 5377//5024
f 5377//5024 5472//5112 5468//5108
f 5468//5108 5472//5112 5470//5110
f 5470//5110 5472//5112 5473//5113
f 5381//5028 5379//5026 5474//5114
f 5474//5114 5379//5026 5471//5111
f 5383//5030 5475//5115 5380//5027
f 5380//5027 5475//5115 5472//5112
f 5472//5112 5475//5115 5473//5113
f 5473//5113 5475//5115 5476//5116
f 5381//5028 5474//5114 5385//5032
f 5385//5032 5474//5114 5477//5117
f 5385//5032 5477//5117 5386//5033
f 5386//5033 5477//5117 5478//5118
f 5390//5037 5479//5119 5391//5038
f 5391//5038 5479//5119 5383//5030
f 5383//5030 5479//5119 5480//5120
f 5383//5030 5480//5120 5475//5115
f 5475//5115 5480//5120 5481//5121
f 5475//5115 5481//5121 5476//5116
f 5386//5033 5478//5118 5392//5039
f 5392//5039 5478//5118 5482//5122
f 5392//5039 5482//5122 5393//5040
f 5393//5040 5482//5122 5483//5123
f 5395//5042 5484//5124 5396//5043
f 5396//5043 5484//5124 5397//5044
f 5397//5044 5484//5124 5485//5125
f 5397//5044 5485//5125 5398//5045
f 5398//5045 5485//5125 5486//5126
f 5398//5045 5486//5126 5399//5046
f 5399//5046 5486//5126 5487//5127
f 5399//5046 5487//5127 5390//5037
f 5390//5037 5487//5127 5488//5128
f 5390//5037 5488//5128 5479//5119
f 5479//5119 5488//5128 5489//5129
f 5479//5119 5489//5129 5480//5120
f 5393//5040 5483//5123 5400//5047
f 5400//5047 5483//5123 5490//5130
f 5400//5047 5490//5130 5395//5042
f 5395//5042 5490//5130 5491//5131
f 5395//5042 5491//5131 5484//5124
f 5484//5124 5491//5131 5485//5125
f 5485//5125 5491//5131 5492//5132
f 5485//5125 5492//5132 5486//5126
f 5486//5126 5492//5132 5493//5133
f 5486//5126 5493//5133 5487//5127
f 5487//5127 5493//5133 5494//5134
f 5487//5127 5494//5134 5488//5128
f 5495//5135 5496//5136 5497//5137
f 5495//5135 5498//5138 5496//5136
f 5496//5136 5498//5138 5499//5139
f 5498//5138 5500//5140 5499//5139
f 5499//5139 5500//5140 5501//5141
f 5500//5140 5502//5142 5501//5141
f 5501//5141 5502//5142 5503//5143
f 5502//5142 5504//5144 5503//5143
f 5403//5050 5402//5049 5505//5145
f 5505//5145 5402//5049 5506//5146
f 5402//5049 5404//5051 5506//5146
f 5506//5146 5404//5051 5507//5147
f 5404//5051 5405//5052 5507//5147
f 5507//5147 5405//5052 5495//5135
f 5507//5147 5495//5135 5497//5137
f 5405//5052 5406//5053 5495//5135
f 5495//5135 5406//5053 5498//5138
f 5406//5053 5407//5054 5498//5138
f 5498//5138 5407//5054 5500//5140
f 5407//5054 5409//5056 5500//5140
f 5500//5140 5409//5056 5502//5142
f 5409//5056 5411//5058 5502//5142
f 5502//5142 5411//5058 5508//5148
f 5502//5142 5508//5148 5504//5144
f 5411//5058 5412//5059 5508//5148
f 5508//5148 5412//5059 5509//5149
f 5508//5148 5509//5149 5510//5150
f 5509//5149 5511//5151 5510//5150
f 5415//5062 5414//5061 5512//522
f 5512//522 5414//5061 5513//5152
f 5414//5061 5403//5050 5513//5152
f 5513//5152 5403//5050 5505//5145
f 5412//5059 5417//5064 5509//5149
f 5417//5064 5418//5065 5509//5149
f 5509//5149 5418//5065 5514//5153
f 5509//5149 5514//5153 5511//5151
f 5511//5151 5514//5153 5515//5154
f 5514//5153 5516//5155 5515//5154
f 5419//5066 5415//5062 5517//5156
f 5517//5156 5415//5062 5512//522
f 5418//5065 5421//5068 5514//5153
f 5421//5068 5422//5069 5514//5153
f 5514//5153 5422//5069 5518//5157
f 5514//5153 5518//5157 5516//5155
f 5423//171 5419//5066 5519//191
f 5519//191 5419//5066 5517//5156
f 5424//5070 5520//5158 5422//5069
f 5422//5069 5520//5158 5518//5157
f 5425//15 5423//171 5521//15
f 5521//15 5423//171 5519//191
f 5426//5071 5522//5159 5424//5070
f 5424//5070 5522//5159 5520//5158
f 5427//15 5425//15 5523//4986
f 5523//4986 5425//15 5521//15
f 5428//5072 5524//5160 5426//5071
f 5426//5071 5524//5160 5522//5159
f 5429//4656 5427//15 5525//5161
f 5525//5161 5427//15 5523//4986
f 5430//5073 5526//5162 5428//5072
f 5428//5072 5526//5162 5524//5160
f 5431//5074 5429//4656 5527//5163
f 5527//5163 5429//4656 5525//5161
f 5432//5075 5528//5164 5430//5073
f 5430//5073 5528//5164 5526//5162
f 5431//5074 5527//5163 5434//5077
f 5434//5077 5527//5163 5529//5165
f 5434//5077 5529//5165 5435//5078
f 5435//5078 5529//5165 5530//5166
f 5531//5167 5532//5168 5533//5169
f 5436//5079 5531//5167 5432//5075
f 5432//5075 5531//5167 5533//5169
f 5432//5075 5533//5169 5528//5164
f 5437//5080 5435//5078 5534//5170
f 5534//5170 5435//5078 5530//5166
f 5534//5170 5530//5166 5535//5171
f 5534//5170 5535//5171 5536//5172
f 5537//5173 5538//5174 5539//5175
f 5438//5081 5537//5173 5439//5082
f 5439//5082 5537//5173 5539//5175
f 5439//5082 5539//5175 5531//5167
f 5531//5167 5539//5175 5532//5168
f 5439//5082 5531//5167 5436//5079
f 5437//5080 5534//5170 5440//5083
f 5440//5083 5534//5170 5441//5084
f 5441//5084 5534//5170 5536//5172
f 5441//5084 5536//5172 5540//5176
f 5441//5084 5540//5176 5443//5086
f 5443//5086 5540//5176 5541//5177
f 5443//5086 5541//5177 5542//5178
f 5542//5178 5541//5177 5543//5179
f 5544//5180 5545//5181 5546//5182
f 5445//355 5544//5180 5446//5088
f 5446//5088 5544//5180 5546//5182
f 5446//5088 5546//5182 5547//5183
f 5446//5088 5547//5183 5447//5089
f 5447//5089 5547//5183 5538//5174
f 5447//5089 5538//5174 5537//5173
f 5447//5089 5537//5173 5438//5081
f 5443//5086 5542//5178 5448//5090
f 5448//5090 5542//5178 5449//5091
f 5449//5091 5542//5178 5543//5179
f 5449//5091 5543//5179 5548//5184
f 5449//5091 5548//5184 5450//5092
f 5450//5092 5548//5184 5549//5185
f 5450//5092 5549//5185 5451//633
f 5451//633 5549//5185 5545//5181
f 5451//633 5545//5181 5544//5180
f 5451//633 5544//5180 5445//355
f 5454//5094 5455//5095 5550//5186
f 5455//5095 5456//5096 5550//5186
f 5550//5186 5456//5096 5551//5187
f 5456//5096 5457//5097 5551//5187
f 5551//5187 5457//5097 5552//5188
f 5551//5187 5552//5188 5553//5189
f 5457//5097 5458//5098 5552//5188
f 5552//5188 5458//5098 5554//5190
f 5458//5098 5459//5099 5554//5190
f 5554//5190 5459//5099 5555//5191
f 5459//5099 5460//5100 5555//5191
f 5555//5191 5460//5100 5556//5192
f 5460//5100 5461//5101 5556//5192
f 5556//5192 5461//5101 5557//5193
f 5463//5103 5454//5094 5558//5194
f 5558//5194 5454//5094 5550//5186
f 5558//5194 5550//5186 5559//5195
f 5550//5186 5551//5187 5559//5195
f 5559//5195 5551//5187 5560//5196
f 5551//5187 5553//5189 5560//5196
f 5461//5101 5464//5104 5557//5193
f 5557//5193 5464//5104 5561//5197
f 5464//5104 5465//5105 5561//5197
f 5561//5197 5465//5105 5562//5198
f 5466//5106 5467//5107 5563//5199
f 5467//5107 5463//5103 5563//5199
f 5563//5199 5463//5103 5558//5194
f 5563//5199 5558//5194 5564//5200
f 5465//5105 5469//5109 5562//5198
f 5562//5198 5469//5109 5565//5201
f 5469//5109 5470//5110 5565//5201
f 5565//5201 5470//5110 5566//5202
f 5471//5111 5466//5106 5567//5203
f 5567//5203 5466//5106 5563//5199
f 5567//5203 5563//5199 5568//4804
f 5563//5199 5564//5200 5568//4804
f 5473//5113 5569//5204 5470//5110
f 5470//5110 5569//5204 5566//5202
f 5474//5114 5471//5111 5570//5205
f 5570//5205 5471//5111 5567//5203
f 5570//5205 5567//5203 5571//5206
f 5570//5205 5571//5206 5572//5207
f 5476//5116 5573//5208 5473//5113
f 5473//5113 5573//5208 5569//5204
f 5474//5114 5570//5205 5477//5117
f 5477//5117 5570//5205 5478//5118
f 5478//5118 5570//5205 5572//5207
f 5478//5118 5572//5207 5574//5209
f 5480//5120 5575//5210 5481//5121
f 5481//5121 5575//5210 5476//5116
f 5476//5116 5575//5210 5576//5211
f 5476//5116 5576//5211 5573//5208
f 5478//5118 5574//5209 5482//5122
f 5482//5122 5574//5209 5577//5212
f 5482//5122 5577//5212 5483//5123
f 5483//5123 5577//5212 5578//5213
f 5488//5128 5579//5214 5489//5129
f 5489//5129 5579//5214 5480//5120
f 5480//5120 5579//5214 5580//5215
f 5480//5120 5580//5215 5575//5210
f 5575//5210 5580//5215 5581//5216
f 5575//5210 5581//5216 5576//5211
f 5483//5123 5578//5213 5490//5130
f 5490//5130 5578//5213 5582//5217
f 5490//5130 5582//5217 5491//5131
f 5491//5131 5582//5217 5583//5218
f 5491//5131 5583//5218 5492//5132
f 5492//5132 5583//5218 5584//5219
f 5492//5132 5584//5219 5585//5220
f 5492//5132 5585//5220 5493//5133
f 5493//5133 5585//5220 5586//5221
f 5493//5133 5586//5221 5494//5134
f 5494//5134 5586//5221 5587//5222
f 5494//5134 5587//5222 5588//5223
f 5494//5134 5588//5223 5488//5128
f 5488//5128 5588//5223 5589//5224
f 5488//5128 5589//5224 5579//5214
f 5579//5214 5589//5224 5580//5215
f 5585//5220 5584//5219 5590//5225
f 5585//5220 5590//5225 5586//5221
f 5586//5221 5590//5225 5591//5226
f 5586//5221 5591//5226 5587//5222
f 5592//5227 5593//5228 5594//5229
f 5592//5227 5595//5230 5593//5228
f 5593//5228 5595//5230 5596//5231
f 5595//5230 5597//5232 5596//5231
f 5596//5231 5597//5232 5598//5233
f 5597//5232 5599//5234 5598//5233
f 5598//5233 5599//5234 5600//5235
f 5599//5234 5601//5236 5600//5235
f 5600//5235 5601//5236 5602//5237
f 5601//5236 5603//5238 5602//5237
f 5604//5239 5605//5240 5606//5241
f 5497//5137 5496//5136 5604//5239
f 5604//5239 5496//5136 5607//5242
f 5604//5239 5607//5242 5605//5240
f 5496//5136 5499//5139 5607//5242
f 5607//5242 5499//5139 5592//5227
f 5607//5242 5592//5227 5594//5229
f 5499//5139 5501//5141 5592//5227
f 5592//5227 5501//5141 5595//5230
f 5501//5141 5503//5143 5595//5230
f 5595//5230 5503//5143 5597//5232
f 5503//5143 5504//5144 5597//5232
f 5597//5232 5504//5144 5608//5243
f 5597//5232 5608//5243 5599//5234
f 5599//5234 5608//5243 5601//5236
f 5601//5236 5608//5243 5609//5244
f 5601//5236 5609//5244 5603//5238
f 5603//5238 5609//5244 5610//5245
f 5603//5238 5610//5245 5611//5246
f 5610//5245 5612//5247 5611//5246
f 5505//5145 5506//5146 5613//5248
f 5613//5248 5506//5146 5614//5249
f 5506//5146 5507//5147 5614//5249
f 5614//5249 5507//5147 5604//5239
f 5614//5249 5604//5239 5606//5241
f 5507//5147 5497//5137 5604//5239
f 5504//5144 5508//5148 5608//5243
f 5508//5148 5510//5150 5608//5243
f 5608//5243 5510//5150 5609//5244
f 5510//5150 5511//5151 5609//5244
f 5609//5244 5511//5151 5615//5250
f 5609//5244 5615//5250 5610//5245
f 5610//5245 5615//5250 5612//5247
f 5612//5247 5615//5250 5616//5251
f 5512//522 5513//5152 5617//5252
f 5617//5252 5513//5152 5618//5253
f 5513//5152 5505//5145 5618//5253
f 5618//5253 5505//5145 5613//5248
f 5511//5151 5515//5154 5615//5250
f 5515//5154 5516//5155 5615//5250
f 5615//5250 5516//5155 5619//5254
f 5615//5250 5619//5254 5616//5251
f 5616//5251 5619//5254 5620//5255
f 5619//5254 5621//5256 5620//5255
f 5517//5156 5512//522 5622//5257
f 5622//5257 5512//522 5617//5252
f 5518//5157 5623//5258 5516//5155
f 5516//5155 5623//5258 5619//5254
f 5619//5254 5623//5258 5621//5256
f 5621//5256 5623//5258 5624//5259
f 5519//191 5517//5156 5625//15
f 5625//15 5517//5156 5622//5257
f 5520//5158 5626//5260 5518//5157
f 5518//5157 5626//5260 5623//5258
f 5623//5258 5626//5260 5624//5259
f 5624//5259 5626//5260 5627//5261
f 5521//15 5519//191 5628//4986
f 5628//4986 5519//191 5625//15
f 5522//5159 5629//5262 5520//5158
f 5520//5158 5629//5262 5626//5260
f 5626//5260 5629//5262 5627//5261
f 5627//5261 5629//5262 5630//5263
f 5523//4986 5521//15 5631//5264
f 5631//5264 5521//15 5628//4986
f 5524//5160 5632//5265 5522//5159
f 5522//5159 5632//5265 5629//5262
f 5629//5262 5632//5265 5630//5263
f 5630//5263 5632//5265 5633//5266
f 5525//5161 5523//4986 5634//5267
f 5634//5267 5523//4986 5631//5264
f 5526//5162 5635//5268 5524//5160
f 5524//5160 5635//5268 5636//5269
f 5524//5160 5636//5269 5632//5265
f 5632//5265 5636//5269 5633//5266
f 5527//5163 5525//5161 5637//5270
f 5637//5270 5525//5161 5634//5267
f 5637//5270 5634//5267 5638//5271
f 5637//5270 5638//5271 5639//5272
f 5528//5164 5640//5273 5526//5162
f 5526//5162 5640//5273 5635//5268
f 5527//5163 5637//5270 5529//5165
f 5529//5165 5637//5270 5530//5166
f 5530//5166 5637//5270 5639//5272
f 5530//5166 5639//5272 5641//5274
f 5532//5168 5642//5275 5533//5169
f 5533//5169 5642//5275 5643//5276
f 5533//5169 5643//5276 5528//5164
f 5528//5164 5643//5276 5640//5273
f 5530//5166 5641//5274 5535//5171
f 5535//5171 5641//5274 5644//5277
f 5535//5171 5644//5277 5536//5172
f 5536//5172 5644//5277 5645//5278
f 5536//5172 5645//5278 5646//5279
f 5646//5279 5645//5278 5647//5280
f 5538//5174 5648//3874 5539//5175
f 5539//5175 5648//3874 5649//5281
f 5539//5175 5649//5281 5532//5168
f 5532//5168 5649//5281 5642//5275
f 5536//5172 5646//5279 5540//5176
f 5540//5176 5646//5279 5541//5177
f 5541//5177 5646//5279 5647//5280
f 5541//5177 5647//5280 5650//5282
f 5541//5177 5650//5282 5543//5179
f 5543//5179 5650//5282 5651//5283
f 5543//5179 5651//5283 5652//5284
f 5652//5284 5651//5283 5653//5285
f 5653//5285 5651//5283 5654//5286
f 5545//5181 5653//5285 5546//5182
f 5546//5182 5653//5285 5654//5286
f 5546//5182 5654//5286 5655//5287
f 5546//5182 5655//5287 5547//5183
f 5547//5183 5655//5287 5656//5288
f 5547//5183 5656//5288 5538//5174
f 5538//5174 5656//5288 5648//3874
f 5543//5179 5652//5284 5548//5184
f 5548//5184 5652//5284 5549//5185
f 5549//5185 5652//5284 5653//5285
f 5549//5185 5653//5285 5545//5181
f 5553//5189 5552//5188 5657//5289
f 5552//5188 5554//5190 5657//5289
f 5657//5289 5554//5190 5658//5290
f 5657//5289 5658//5290 5659//5291
f 5554//5190 5555//5191 5658//5290
f 5658//5290 5555//5191 5660//5292
f 5555//5191 5556//5192 5660//5292
f 5660//5292 5556//5192 5661//5293
f 5660//5292 5661//5293 5662//5294
f 5556//5192 5557//5193 5661//5293
f 5558//5194 5559//5195 5663//5295
f 5559//5195 5560//5196 5663//5295
f 5663//5295 5560//5196 5664//5296
f 5663//5295 5664//5296 5665//5297
f 5560//5196 5553//5189 5664//5296
f 5664//5296 5553//5189 5657//5289
f 5664//5296 5657//5289 5666//5298
f 5657//5289 5659//5291 5666//5298
f 5661//5293 5667//5299 5662//5294
f 5557//5193 5561//5197 5661//5293
f 5661//5293 5561//5197 5668//5300
f 5661//5293 5668//5300 5667//5299
f 5561//5197 5562//5198 5668//5300
f 5668//5300 5562//5198 5669//5301
f 5564//5200 5558//5194 5670//5302
f 5670//5302 5558//5194 5663//5295
f 5670//5302 5663//5295 5671//5303
f 5663//5295 5665//5297 5671//5303
f 5562//5198 5565//5201 5669//5301
f 5669//5301 5565//5201 5672//5304
f 5565//5201 5566//5202 5672//5304
f 5672//5304 5566//5202 5673//5305
f 5567//5203 5568//4804 5674//5306
f 5568//4804 5564//5200 5674//5306
f 5674//5306 5564//5200 5670//5302
f 5674//5306 5670//5302 5675//5307
f 5569//5204 5676//5308 5566//5202
f 5566//5202 5676//5308 5673//5305
f 5567//5203 5674//5306 5571//5206
f 5571//5206 5674//5306 5572//5207
f 5572//5207 5674//5306 5675//5307
f 5572//5207 5675//5307 5677//5309
f 5573//5208 5678//5310 5569//5204
f 5569//5204 5678//5310 5676//5308
f 5574//5209 5572//5207 5679//5311
f 5679//5311 5572//5207 5677//5309
f 5576//5211 5680//5312 5573//5208
f 5573//5208 5680//5312 5678//5310
f 5574//5209 5679//5311 5577//5212
f 5577//5212 5679//5311 5681//5313
f 5577//5212 5681//5313 5578//5213
f 5578//5213 5681//5313 5682//5314
f 5580//5215 5683//5315 5581//5216
f 5581//5216 5683//5315 5576//5211
f 5576//5211 5683//5315 5684//5316
f 5576//5211 5684//5316 5680//5312
f 5578//5213 5682//5314 5582//5217
f 5582//5217 5682//5314 5685//5317
f 5582//5217 5685//5317 5583//5218
f 5583//5218 5685//5317 5686//5318
f 5583//5218 5686//5318 5687//5319
f 5583//5218 5687//5319 5584//5219
f 5587//5222 5688//5320 5588//5223
f 5588//5223 5688//5320 5589//5224
f 5589//5224 5688//5320 5689//5321
f 5589//5224 5689//5321 5580//5215
f 5580//5215 5689//5321 5690//5322
f 5580//5215 5690//5322 5683//5315
f 5683//5315 5690//5322 5684//5316
f 5684//5316 5690//5322 5691//5323
f 5687//5319 5686//5318 5692//5324
f 5584//5219 5687//5319 5590//5225
f 5590//5225 5687//5319 5692//5324
f 5590//5225 5692//5324 5693//5325
f 5590//5225 5693//5325 5591//5226
f 5591//5226 5693//5325 5694//5326
f 5591//5226 5694//5326 5695//5327
f 5591//5226 5695//5327 5587//5222
f 5587//5222 5695//5327 5696//5328
f 5587//5222 5696//5328 5688//5320
f 5688//5320 5696//5328 5689//5321
f 5689//5321 5696//5328 5697//5329
f 5689//5321 5697//5329 5698//5330
f 5689//5321 5698//5330 5690//5322
f 5690//5322 5698//5330 5699//5331
f 5690//5322 5699//5331 5691//5323
f 5695//5327 5694//5326 5700//5332
f 5695//5327 5700//5332 5696//5328
f 5696//5328 5700//5332 5701//5333
f 5696//5328 5701//5333 5697//5329
f 5702//5334 5703//5335 5704//5336
f 5702//5334 5705//5337 5703//5335
f 5706//5338 5707//5339 5708//5340
f 5706//5338 5709//5341 5707//5339
f 5707//5339 5709//5341 5702//5334
f 5707//5339 5702//5334 5704//5336
f 5702//5334 5709//5341 5705//5337
f 5705//5337 5709//5341 5710//5342
f 5705//5337 5710//5342 5711//5343
f 5710//5342 5712//5344 5711//5343
f 5713//5345 5714//5346 5715//5347
f 5713//5345 5716//5348 5714//5346
f 5714//5346 5716//5348 5717//5349
f 5716//5348 5718//5350 5717//5349
f 5717//5349 5718//5350 5706//5338
f 5717//5349 5706//5338 5708//5340
f 5706//5338 5718//5350 5709//5341
f 5709//5341 5718//5350 5719//5351
f 5709//5341 5719//5351 5710//5342
f 5710//5342 5719//5351 5720//5352
f 5710//5342 5720//5352 5712//5344
f 5712//5344 5720//5352 5721//5353
f 5712//5344 5721//5353 5722//5354
f 5721//5353 5723//5355 5722//5354
f 5724//5356 5725//5357 5726//5358
f 5594//5229 5593//5228 5724//5356
f 5724//5356 5593//5228 5727//5359
f 5724//5356 5727//5359 5725//5357
f 5593//5228 5596//5231 5727//5359
f 5727//5359 5596//5231 5713//5345
f 5727//5359 5713//5345 5715//5347
f 5596//5231 5598//5233 5713//5345
f 5713//5345 5598//5233 5716//5348
f 5598//5233 5600//5235 5716//5348
f 5716//5348 5600//5235 5718//5350
f 5600//5235 5602//5237 5718//5350
f 5718//5350 5602//5237 5719//5351
f 5602//5237 5603//5238 5719//5351
f 5719//5351 5603//5238 5728//5360
f 5719//5351 5728//5360 5720//5352
f 5720//5352 5728//5360 5721//5353
f 5721//5353 5728//5360 5729//5361
f 5721//5353 5729//5361 5723//5355
f 5723//5355 5729//5361 5730//5362
f 5606//5241 5605//5240 5731//5363
f 5731//5363 5605//5240 5732//5364
f 5605//5240 5607//5242 5732//5364
f 5732//5364 5607//5242 5724//5356
f 5732//5364 5724//5356 5726//5358
f 5607//5242 5594//5229 5724//5356
f 5603//5238 5611//5246 5728//5360
f 5611//5246 5612//5247 5728//5360
f 5728//5360 5612//5247 5733//5365
f 5728//5360 5733//5365 5729//5361
f 5729//5361 5733//5365 5730//5362
f 5730//5362 5733//5365 5734//5366
f 5613//5248 5614//5249 5735//5367
f 5735//5367 5614//5249 5736//5368
f 5614//5249 5606//5241 5736//5368
f 5736//5368 5606//5241 5731//5363
f 5616//5251 5737//5369 5612//5247
f 5612//5247 5737//5369 5733//5365
f 5733//5365 5737//5369 5734//5366
f 5734//5366 5737//5369 5738//5370
f 5617//5252 5618//5253 5739//5371
f 5739//5371 5618//5253 5740//5372
f 5618//5253 5613//5248 5740//5372
f 5740//5372 5613//5248 5735//5367
f 5616//5251 5620//5255 5737//5369
f 5620//5255 5621//5256 5737//5369
f 5737//5369 5621//5256 5741//5373
f 5737//5369 5741//5373 5738//5370
f 5622//5257 5617//5252 5742//5374
f 5742//5374 5617//5252 5739//5371
f 5624//5259 5743//5375 5621//5256
f 5621//5256 5743//5375 5744//5373
f 5621//5256 5744//5373 5741//5373
f 5743//5375 5745//5376 5744//5373
f 5625//15 5622//5257 5746//5377
f 5746//5377 5622//5257 5742//5374
f 5627//5261 5747//5378 5624//5259
f 5624//5259 5747//5378 5748//5379
f 5624//5259 5748//5379 5743//5375
f 5743//5375 5748//5379 5745//5376
f 5628//4986 5625//15 5749//5380
f 5749//5380 5625//15 5746//5377
f 5630//5263 5750//5381 5627//5261
f 5627//5261 5750//5381 5747//5378
f 5631//5264 5628//4986 5751//5382
f 5751//5382 5628//4986 5749//5380
f 5633//5266 5752//5383 5630//5263
f 5630//5263 5752//5383 5750//5381
f 5634//5267 5631//5264 5753//5384
f 5753//5384 5631//5264 5751//5382
f 5635//5268 5754//5385 5636//5269
f 5636//5269 5754//5385 5633//5266
f 5633//5266 5754//5385 5755//5386
f 5633//5266 5755//5386 5752//5383
f 5634//5267 5753//5384 5638//5271
f 5638//5271 5753//5384 5756//5387
f 5638//5271 5756//5387 5639//5272
f 5639//5272 5756//5387 5757//5388
f 5640//5273 5758//5389 5635//5268
f 5635//5268 5758//5389 5759//5390
f 5635//5268 5759//5390 5754//5385
f 5754//5385 5759//5390 5755//5386
f 5641//5274 5639//5272 5760//5391
f 5760//5391 5639//5272 5757//5388
f 5760//5391 5757//5388 5761//5392
f 5760//5391 5761//5392 5762//5393
f 5642//5275 5763//5394 5643//5276
f 5643//5276 5763//5394 5764//5395
f 5643//5276 5764//5395 5640//5273
f 5640//5273 5764//5395 5758//5389
f 5641//5274 5760//5391 5644//5277
f 5644//5277 5760//5391 5645//5278
f 5645//5278 5760//5391 5762//5393
f 5645//5278 5762//5393 5765//5396
f 5645//5278 5765//5396 5647//5280
f 5647//5280 5765//5396 5766//5397
f 5647//5280 5766//5397 5767//5398
f 5767//5398 5766//5397 5768//5399
f 5769//5400 5770//5401 5771//5402
f 5648//3874 5769//5400 5649//5281
f 5649//5281 5769//5400 5771//5402
f 5649//5281 5771//5402 5772//5403
f 5649//5281 5772//5403 5642//5275
f 5642//5275 5772//5403 5763//5394
f 5647//5280 5767//5398 5650//5282
f 5650//5282 5767//5398 5651//5283
f 5651//5283 5767//5398 5768//5399
f 5651//5283 5768//5399 5773//5404
f 5651//5283 5773//5404 5654//5286
f 5654//5286 5773//5404 5774//5405
f 5654//5286 5774//5405 5655//5287
f 5655//5287 5774//5405 5775//5406
f 5655//5287 5775//5406 5656//5288
f 5656//5288 5775//5406 5770//5401
f 5656//5288 5770//5401 5769//5400
f 5656//5288 5769//5400 5648//3874
f 5659//5291 5658//5290 5776//5407
f 5658//5290 5660//5292 5776//5407
f 5776//5407 5660//5292 5777//5408
f 5660//5292 5662//5294 5777//5408
f 5665//5297 5664//5296 5778//5409
f 5664//5296 5666//5298 5778//5409
f 5778//5409 5666//5298 5779//5410
f 5778//5409 5779//5410 5780//5411
f 5666//5298 5659//5291 5779//5410
f 5779//5410 5659//5291 5776//5407
f 5779//5410 5776//5407 5781//5412
f 5776//5407 5777//5408 5781//5412
f 5781//5412 5777//5408 5782//5413
f 5662//5294 5667//5299 5777//5408
f 5777//5408 5667//5299 5783//5414
f 5777//5408 5783//5414 5782//5413
f 5667//5299 5668//5300 5783//5414
f 5783//5414 5668//5300 5784//5415
f 5783//5414 5784//5415 5785//5416
f 5668//5300 5669//5301 5784//5415
f 5670//5302 5671//5303 5786//5417
f 5671//5303 5665//5297 5786//5417
f 5786//5417 5665//5297 5778//5409
f 5786//5417 5778//5409 5787//5418
f 5787//5418 5778//5409 5788//5419
f 5778//5409 5780//5411 5788//5419
f 5784//5415 5789//5420 5785//5416
f 5669//5301 5672//5304 5784//5415
f 5784//5415 5672//5304 5790//5421
f 5784//5415 5790//5421 5789//5420
f 5789//5420 5790//5421 5791//5422
f 5672//5304 5673//5305 5790//5421
f 5675//5307 5670//5302 5792//5423
f 5792//5423 5670//5302 5786//5417
f 5792//5423 5786//5417 5793//5424
f 5786//5417 5787//5418 5793//5424
f 5790//5421 5794//5425 5791//5422
f 5676//5308 5795//5426 5673//5305
f 5673//5305 5795//5426 5794//5425
f 5673//5305 5794//5425 5790//5421
f 5677//5309 5675//5307 5796//5427
f 5796//5427 5675//5307 5792//5423
f 5678//5310 5797//5428 5676//5308
f 5676//5308 5797//5428 5795//5426
f 5679//5311 5677//5309 5798//5429
f 5798//5429 5677//5309 5796//5427
f 5798//5429 5796//5427 5799//5430
f 5798//5429 5799//5430 5800//5431
f 5680//5312 5801//5432 5678//5310
f 5678//5310 5801//5432 5802//5433
f 5678//5310 5802//5433 5797//5428
f 5801//5432 5803//5434 5802//5433
f 5679//5311 5798//5429 5681//5313
f 5681//5313 5798//5429 5682//5314
f 5682//5314 5798//5429 5800//5431
f 5682//5314 5800//5431 5804//5435
f 5684//5316 5805//5436 5680//5312
f 5680//5312 5805//5436 5801//5432
f 5801//5432 5805//5436 5803//5434
f 5803//5434 5805//5436 5806//5437
f 5682//5314 5804//5435 5685//5317
f 5685//5317 5804//5435 5807//5438
f 5685//5317 5807//5438 5686//5318
f 5686//5318 5807//5438 5808//5439
f 5691//5323 5809//5440 5684//5316
f 5684//5316 5809//5440 5805//5436
f 5805//5436 5809//5440 5806//5437
f 5806//5437 5809//5440 5810//5441
f 5686//5318 5808//5439 5692//5324
f 5692//5324 5808//5439 5811//5442
f 5692//5324 5811//5442 5693//5325
f 5693//5325 5811//5442 5812//5443
f 5693//5325 5812//5443 5813//5444
f 5693//5325 5813//5444 5694//5326
f 5697//5329 5814//5445 5698//5330
f 5698//5330 5814//5445 5699//5331
f 5699//5331 5814//5445 5815//5446
f 5699//5331 5815//5446 5691//5323
f 5691//5323 5815//5446 5816//5447
f 5691//5323 5816//5447 5809//5440
f 5809//5440 5816//5447 5810//5441
f 5810//5441 5816//5447 5817//5448
f 5813//5444 5812//5443 5818//5449
f 5694//5326 5813//5444 5700//5332
f 5700//5332 5813//5444 5818//5449
f 5700//5332 5818//5449 5819//5450
f 5819//5450 5818//5449 5820//5451
f 5700//5332 5819//5450 5701//5333
f 5701//5333 5819//5450 5821//5452
f 5701//5333 5821//5452 5697//5329
f 5697//5329 5821//5452 5822//5453
f 5697//5329 5822//5453 5814//5445
f 5814//5445 5822//5453 5815//5446
f 5815//5446 5822//5453 5823//5454
f 5815//5446 5823//5454 5816//5447
f 5816//5447 5823//5454 5824//5455
f 5816//5447 5824//5455 5817//5448
f 5817//5448 5824//5455 5825//5456
f 5819//5450 5820//5451 5826//5457
f 5819//5450 5826//5457 5821//5452
f 5821//5452 5826//5457 5827//5458
f 5821//5452 5827//5458 5828//5459
f 5821//5452 5828//5459 5822//5453
f 5822//5453 5828//5459 5829//5460
f 5822//5453 5829//5460 5823//5454
f 5823//5454 5829//5460 5830//5461
f 5823//5454 5830//5461 5824//5455
f 5824//5455 5830//5461 5831//5462
f 5824//5455 5831//5462 5825//5456
f 5825//5456 5831//5462 5832//5463
f 5828//5459 5827//5458 5833//5464
f 5828//5459 5833//5464 5829//5460
f 5829//5460 5833//5464 5834//5465
f 5829//5460 5834//5465 5835//5466
f 5829//5460 5835//5466 5830//5461
f 5830//5461 5835//5466 5836//5467
f 5830//5461 5836//5467 5831//5462
f 5831//5462 5836//5467 5837//5468
f 5831//5462 5837//5468 5832//5463
f 5832//5463 5837//5468 5838//5469
f 5835//5466 5834//5465 5839//5470
f 5839//5470 5834//5465 5840//5471
f 5835//5466 5839//5470 5836//5467
f 5836//5467 5839//5470 5841//5472
f 5836//5467 5841//5472 5837//5468
f 5837//5468 5841//5472 5842//5473
f 5837//5468 5842//5473 5838//5469
f 5838//5469 5842//5473 5843//5474
f 5839//5470 5840//5471 5844//5475
f 5844//5475 5840//5471 5845//5476
f 5839//5470 5844//5475 5841//5472
f 5841//5472 5844//5475 5846//5477
f 5841//5472 5846//5477 5842//5473
f 5842//5473 5846//5477 5847//5478
f 5842//5473 5847//5478 5843//5474
f 5843//5474 5847//5478 5848//5479
f 5849//5480 5850//5480 5851//5481
f 5849//5480 5852//5482 5850//5480
f 5850//5480 5852//5482 5844//5475
f 5850//5480 5844//5475 5845//5476
f 5844//5475 5852//5482 5846//5477
f 5846//5477 5852//5482 5853//5483
f 5846//5477 5853//5483 5847//5478
f 5847//5478 5853//5483 5854//5484
f 5847//5478 5854//5484 5848//5479
f 5848//5479 5854//5484 5855//5485
f 5849//5480 5851//5481 5856//5486
f 5856//5486 5851//5481 5857//5487
f 5849//5480 5856//5486 5852//5482
f 5852//5482 5856//5486 5858//5488
f 5852//5482 5858//5488 5853//5483
f 5853//5483 5858//5488 5859//5489
f 5853//5483 5859//5489 5854//5484
f 5854//5484 5859//5489 5860//5490
f 5854//5484 5860//5490 5855//5485
f 5855//5485 5860//5490 5861//5491
f 5862//5492 5863//5493 5864//5494
f 5862//5492 5865//5495 5863//5493
f 5863//5493 5865//5495 5856//5486
f 5863//5493 5856//5486 5857//5487
f 5704//5336 5703//5335 5865//5495
f 5865//5495 5703//5335 5858//5488
f 5865//5495 5858//5488 5856//5486
f 5703//5335 5705//5337 5858//5488
f 5858//5488 5705//5337 5866//5496
f 5858//5488 5866//5496 5859//5489
f 5859//5489 5866//5496 5860//5490
f 5860//5490 5866//5496 5867//5497
f 5860//5490 5867//5497 5861//5491
f 5861//5491 5867//5497 5868//5498
f 5869//5499 5870//5500 5871//5501
f 5869//5499 5872//5502 5870//5500
f 5870//5500 5872//5502 5862//5492
f 5870//5500 5862//5492 5864//5494
f 5708//5340 5707//5339 5872//5502
f 5872//5502 5707//5339 5865//5495
f 5872//5502 5865//5495 5862//5492
f 5707//5339 5704//5336 5865//5495
f 5705//5337 5711//5343 5866//5496
f 5711//5343 5712//5344 5866//5496
f 5866//5496 5712//5344 5873//5503
f 5866//5496 5873//5503 5867//5497
f 5867//5497 5873//5503 5868//5498
f 5868//5498 5873//5503 5874//5504
f 5875//5505 5876//5506 5877//5507
f 5715//5347 5714//5346 5875//5505
f 5875//5505 5714//5346 5869//5499
f 5875//5505 5869//5499 5876//5506
f 5876//5506 5869//5499 5871//5501
f 5714//5346 5717//5349 5869//5499
f 5869//5499 5717//5349 5872//5502
f 5717//5349 5708//5340 5872//5502
f 5712//5344 5722//5354 5873//5503
f 5722//5354 5723//5355 5873//5503
f 5873//5503 5723//5355 5878//5508
f 5873//5503 5878//5508 5874//5504
f 5879//5509 5880//5510 5881//5511
f 5726//5358 5725//5357 5879//5509
f 5879//5509 5725//5357 5882//5512
f 5879//5509 5882//5512 5880//5510
f 5725//5357 5727//5359 5882//5512
f 5882//5512 5727//5359 5875//5505
f 5882//5512 5875//5505 5877//5507
f 5727//5359 5715//5347 5875//5505
f 5730//5362 5883//5513 5723//5355
f 5723//5355 5883//5513 5884//5514
f 5723//5355 5884//5514 5878//5508
f 5883//5513 5885//5515 5884//5514
f 5886//5516 5887//5517 5888//5518
f 5731//5363 5732//5364 5886//5516
f 5886//5516 5732//5364 5879//5509
f 5886//5516 5879//5509 5887//5517
f 5887//5517 5879//5509 5881//5511
f 5732//5364 5726//5358 5879//5509
f 5734//5366 5889//5519 5730//5362
f 5730//5362 5889//5519 5883//5513
f 5883//5513 5889//5519 5885//5515
f 5885//5515 5889//5519 5890//5520
f 5735//5367 5736//5368 5891//5521
f 5891//5521 5736//5368 5886//5516
f 5891//5521 5886//5516 5888//5518
f 5736//5368 5731//5363 5886//5516
f 5738//5370 5892//5522 5734//5366
f 5734//5366 5892//5522 5889//5519
f 5889//5519 5892//5522 5890//5520
f 5890//5520 5892//5522 5893//5523
f 5739//5371 5740//5372 5894//5524
f 5740//5372 5735//5367 5894//5524
f 5894//5524 5735//5367 5891//5521
f 5894//5524 5891//5521 5895//5525
f 5741//5373 5896//5526 5738//5370
f 5738//5370 5896//5526 5892//5522
f 5892//5522 5896//5526 5893//5523
f 5893//5523 5896//5526 5897//5527
f 5742//5374 5739//5371 5898//5528
f 5898//5528 5739//5371 5894//5524
f 5898//5528 5894//5524 5899//5529
f 5894//5524 5895//5525 5899//5529
f 5741//5373 5744//5373 5896//5526
f 5744//5373 5745//5376 5896//5526
f 5896//5526 5745//5376 5900//5530
f 5896//5526 5900//5530 5897//5527
f 5746//5377 5742//5374 5901//5531
f 5901//5531 5742//5374 5898//5528
f 5747//5378 5902//5532 5748//5379
f 5748//5379 5902//5532 5745//5376
f 5745//5376 5902//5532 5903//5533
f 5745//5376 5903//5533 5900//5530
f 5749//5380 5746//5377 5904//5534
f 5904//5534 5746//5377 5901//5531
f 5750//5381 5905//5535 5747//5378
f 5747//5378 5905//5535 5906//5536
f 5747//5378 5906//5536 5902//5532
f 5902//5532 5906//5536 5903//5533
f 5751//5382 5749//5380 5907//5537
f 5907//5537 5749//5380 5904//5534
f 5752//5383 5908//5538 5750//5381
f 5750//5381 5908//5538 5905//5535
f 5753//5384 5751//5382 5909//5539
f 5909//5539 5751//5382 5907//5537
f 5909//5539 5907//5537 5910//5540
f 5909//5539 5910//5540 5911//5541
f 5755//5386 5912//5542 5752//5383
f 5752//5383 5912//5542 5908//5538
f 5753//5384 5909//5539 5756//5387
f 5756//5387 5909//5539 5757//5388
f 5757//5388 5909//5539 5911//5541
f 5757//5388 5911//5541 5913//5543
f 5913//5543 5911//5541 5914//5544
f 5913//5543 5914//5544 5915//5545
f 5758//5389 5916//5546 5759//5390
f 5759//5390 5916//5546 5917//5547
f 5759//5390 5917//5547 5755//5386
f 5755//5386 5917//5547 5912//5542
f 5757//5388 5913//5543 5761//5392
f 5761//5392 5913//5543 5762//5393
f 5762//5393 5913//5543 5915//5545
f 5762//5393 5915//5545 5918//5548
f 5918//5548 5915//5545 5919//5549
f 5918//5548 5919//5549 5920//5550
f 5763//5394 5921//5551 5764//5395
f 5764//5395 5921//5551 5922//5552
f 5764//5395 5922//5552 5758//5389
f 5758//5389 5922//5552 5916//5546
f 5762//5393 5918//5548 5765//5396
f 5765//5396 5918//5548 5766//5397
f 5766//5397 5918//5548 5920//5550
f 5766//5397 5920//5550 5923//5553
f 5766//5397 5923//5553 5768//5399
f 5768//5399 5923//5553 5924//5554
f 5768//5399 5924//5554 5925//5555
f 5925//5555 5924//5554 5926//5556
f 5926//5556 5924//5554 5927//5557
f 5926//5556 5927//5557 5928//5558
f 5928//5558 5927//5557 5929//5559
f 5770//5401 5928//5558 5771//5402
f 5771//5402 5928//5558 5929//5559
f 5771//5402 5929//5559 5930//5560
f 5771//5402 5930//5560 5772//5403
f 5772//5403 5930//5560 5931//5561
f 5772//5403 5931//5561 5763//5394
f 5763//5394 5931//5561 5921//5551
f 5768//5399 5925//5555 5773//5404
f 5773//5404 5925//5555 5774//5405
f 5774//5405 5925//5555 5926//5556
f 5774//5405 5926//5556 5775//5406
f 5775//5406 5926//5556 5928//5558
f 5775//5406 5928//5558 5770//5401
f 5780//5411 5779//5410 5932//5562
f 5779//5410 5781//5412 5932//5562
f 5932//5562 5781//5412 5933//5563
f 5932//5562 5933//5563 5934//5564
f 5781//5412 5782//5413 5933//5563
f 5933//5563 5782//5413 5935//5565
f 5782//5413 5783//5414 5935//5565
f 5935//5565 5783//5414 5936//5566
f 5935//5565 5936//5566 5937//5567
f 5783//5414 5785//5416 5936//5566
f 5787//5418 5788//5419 5938//5568
f 5938//5568 5788//5419 5939//5569
f 5788//5419 5780//5411 5939//5569
f 5939//5569 5780//5411 5932//5562
f 5939//5569 5932//5562 5940//5570
f 5932//5562 5934//5564 5940//5570
f 5936//5566 5941//5571 5937//5567
f 5785//5416 5789//5420 5936//5566
f 5936//5566 5789//5420 5942//5572
f 5936//5566 5942//5572 5941//5571
f 5789//5420 5791//5422 5942//5572
f 5942//5572 5791//5422 5943//5573
f 5792//5423 5793//5424 5944//5574
f 5793//5424 5787//5418 5944//5574
f 5944//5574 5787//5418 5938//5568
f 5944//5574 5938//5568 5945//5575
f 5791//5422 5794//5425 5943//5573
f 5943//5573 5794//5425 5946//5576
f 5794//5425 5795//5426 5946//5576
f 5946//5576 5795//5426 5947//5577
f 5796//5427 5792//5423 5948//5578
f 5948//5578 5792//5423 5944//5574
f 5944//5574 5945//5575 5948//5578
f 5948//5578 5945//5575 5949//5579
f 5797//5428 5950//5580 5795//5426
f 5795//5426 5950//5580 5951//5581
f 5795//5426 5951//5581 5947//5577
f 5950//5580 5952//5582 5951//5581
f 5796//5427 5948//5578 5799//5430
f 5799//5430 5948//5578 5800//5431
f 5800//5431 5948//5578 5949//5579
f 5800//5431 5949//5579 5953//5583
f 5797//5428 5802//5433 5950//5580
f 5802//5433 5803//5434 5950//5580
f 5950//5580 5803//5434 5954//5584
f 5950//5580 5954//5584 5952//5582
f 5804//5435 5800//5431 5955//5585
f 5955//5585 5800//5431 5953//5583
f 5806//5437 5956//5586 5803//5434
f 5803//5434 5956//5586 5954//5584
f 5804//5435 5955//5585 5807//5438
f 5807//5438 5955//5585 5957//5587
f 5807//5438 5957//5587 5808//5439
f 5808//5439 5957//5587 5958//5588
f 5810//5441 5959//5589 5806//5437
f 5806//5437 5959//5589 5960//5590
f 5806//5437 5960//5590 5956//5586
f 5959//5589 5961//5591 5960//5590
f 5808//5439 5958//5588 5811//5442
f 5811//5442 5958//5588 5962//5592
f 5811//5442 5962//5592 5812//5443
f 5812//5443 5962//5592 5963//5593
f 5817//5448 5964//5594 5810//5441
f 5810//5441 5964//5594 5959//5589
f 5959//5589 5964//5594 5961//5591
f 5961//5591 5964//5594 5965//5595
f 5812//5443 5963//5593 5818//5449
f 5818//5449 5963//5593 5966//5596
f 5818//5449 5966//5596 5967//5597
f 5818//5449 5967//5597 5820//5451
f 5825//5456 5968//5598 5817//5448
f 5817//5448 5968//5598 5964//5594
f 5964//5594 5968//5598 5965//5595
f 5965//5595 5968//5598 5969//5599
f 5967//5597 5966//5596 5970//5600
f 5820//5451 5967//5597 5826//5457
f 5826//5457 5967//5597 5970//5600
f 5826//5457 5970//5600 5971//5601
f 5971//5601 5970//5600 5972//5602
f 5826//5457 5971//5601 5827//5458
f 5832//5463 5973//5603 5825//5456
f 5825//5456 5973//5603 5968//5598
f 5968//5598 5973//5603 5969//5599
f 5969//5599 5973//5603 5974//5604
f 5971//5601 5972//5602 5975//5605
f 5975//5605 5972//5602 5976//5606
f 5827//5458 5971//5601 5833//5464
f 5833//5464 5971//5601 5975//5605
f 5833//5464 5975//5605 5977//5607
f 5833//5464 5977//5607 5834//5465
f 5838//5469 5978//5608 5832//5463
f 5832//5463 5978//5608 5973//5603
f 5973//5603 5978//5608 5974//5604
f 5974//5604 5978//5608 5979//5609
f 5975//5605 5976//5606 5980//5610
f 5980//5610 5976//5606 5981//5611
f 5975//5605 5980//5610 5977//5607
f 5977//5607 5980//5610 5982//5612
f 5840//5471 5834//5465 5982//5612
f 5982//5612 5834//5465 5977//5607
f 5843//5474 5983//5613 5838//5469
f 5838//5469 5983//5613 5978//5608
f 5978//5608 5983//5613 5979//5609
f 5979//5609 5983//5613 5984//5614
f 5980//5610 5981//5611 5985//5615
f 5985//5615 5981//5611 5986//5616
f 5980//5610 5985//5615 5982//5612
f 5982//5612 5985//5615 5987//5617
f 5845//5476 5840//5471 5987//5617
f 5987//5617 5840//5471 5982//5612
f 5848//5479 5988//5618 5843//5474
f 5843//5474 5988//5618 5983//5613
f 5983//5613 5988//5618 5984//5614
f 5984//5614 5988//5618 5989//5619
f 5985//5615 5986//5616 5990//5620
f 5990//5620 5986//5616 5991//5621
f 5851//5481 5850//5480 5990//5620
f 5990//5620 5850//5480 5987//5617
f 5990//5620 5987//5617 5985//5615
f 5850//5480 5845//5476 5987//5617
f 5855//5485 5992//5622 5848//5479
f 5848//5479 5992//5622 5988//5618
f 5988//5618 5992//5622 5989//5619
f 5989//5619 5992//5622 5993//5623
f 5994//5624 5995//5625 5996//5626
f 5994//5624 5997//5627 5995//5625
f 5995//5625 5997//5627 5990//5620
f 5995//5625 5990//5620 5991//5621
f 5857//5487 5851//5481 5997//5627
f 5997//5627 5851//5481 5990//5620
f 5861//5491 5998//5628 5855//5485
f 5855//5485 5998//5628 5992//5622
f 5992//5622 5998//5628 5993//5623
f 5993//5623 5998//5628 5999//5629
f 5994//5624 5996//5626 6000//5630
f 6000//5630 5996//5626 6001//5631
f 5864//5494 5863//5493 6000//5630
f 6000//5630 5863//5493 5997//5627
f 6000//5630 5997//5627 5994//5624
f 5863//5493 5857//5487 5997//5627
f 5868//5498 6002//5491 5861//5491
f 5861//5491 6002//5491 5998//5628
f 5998//5628 6002//5491 5999//5629
f 5999//5629 6002//5491 6003//5632
f 6004//5633 6005//5634 6006//5635
f 5871//5501 5870//5500 6004//5633
f 6004//5633 5870//5500 6000//5630
f 6004//5633 6000//5630 6005//5634
f 6005//5634 6000//5630 6001//5631
f 5870//5500 5864//5494 6000//5630
f 5874//5504 6007//5636 5868//5498
f 5868//5498 6007//5636 6002//5491
f 6002//5491 6007//5636 6003//5632
f 6003//5632 6007//5636 6008//5637
f 6009//5638 6010//5639 6011//5640
f 5877//5507 5876//5506 6009//5638
f 6009//5638 5876//5506 6004//5633
f 6009//5638 6004//5633 6010//5639
f 6010//5639 6004//5633 6006//5635
f 5876//5506 5871//5501 6004//5633
f 5878//5508 6012//5641 5874//5504
f 5874//5504 6012//5641 6007//5636
f 6007//5636 6012//5641 6008//5637
f 6008//5637 6012//5641 6013//5642
f 5881//5511 5880//5510 6014//5643
f 6014//5643 5880//5510 6015//5644
f 5880//5510 5882//5512 6015//5644
f 6015//5644 5882//5512 6009//5638
f 6015//5644 6009//5638 6011//5640
f 5882//5512 5877//5507 6009//5638
f 5878//5508 5884//5514 6012//5641
f 5884//5514 5885//5515 6012//5641
f 6012//5641 5885//5515 6016//5645
f 6012//5641 6016//5645 6013//5642
f 5888//5518 5887//5517 6017//5646
f 6017//5646 5887//5517 6018//5647
f 5887//5517 5881//5511 6018//5647
f 6018//5647 5881//5511 6014//5643
f 5890//5520 6019//5648 5885//5515
f 5885//5515 6019//5648 6016//5645
f 5891//5521 5888//5518 6020//5649
f 6020//5649 5888//5518 6017//5646
f 5893//5523 6021//5650 5890//5520
f 5890//5520 6021//5650 6019//5648
f 5895//5525 5891//5521 6022//5651
f 6022//5651 5891//5521 6020//5649
f 5897//5527 6023//5652 5893//5523
f 5893//5523 6023//5652 6021//5650
f 5898//5528 5899//5529 6024//5653
f 5899//5529 5895//5525 6024//5653
f 6024//5653 5895//5525 6022//5651
f 6024//5653 6022//5651 6025//5654
f 5900//5530 6026//5655 5897//5527
f 5897//5527 6026//5655 6023//5652
f 5901//5531 5898//5528 6027//5656
f 6027//5656 5898//5528 6024//5653
f 6027//5656 6024//5653 6028//5657
f 6024//5653 6025//5654 6028//5657
f 5903//5533 6029//5658 5900//5530
f 5900//5530 6029//5658 6026//5655
f 5904//5534 5901//5531 6030//5659
f 6030//5659 5901//5531 6027//5656
f 5905//5535 6031//5660 5906//5536
f 5906//5536 6031//5660 6032//5661
f 5906//5536 6032//5661 5903//5533
f 5903//5533 6032//5661 6029//5658
f 5907//5537 5904//5534 6033//5662
f 6033//5662 5904//5534 6030//5659
f 6033//5662 6030//5659 6034//5663
f 6033//5662 6034//5663 6035//5664
f 5908//5538 6036//5665 5905//5535
f 5905//5535 6036//5665 6031//5660
f 5907//5537 6033//5662 5910//5540
f 5910//5540 6033//5662 5911//5541
f 5911//5541 6033//5662 6035//5664
f 5911//5541 6035//5664 6037//5666
f 6037//5666 6035//5664 6038//5667
f 6037//5666 6038//5667 6039//5668
f 6040//5669 6041//5670 6042//5671
f 5912//5542 6040//5669 5908//5538
f 5908//5538 6040//5669 6042//5671
f 5908//5538 6042//5671 6036//5665
f 5911//5541 6037//5666 5914//5544
f 5914//5544 6037//5666 5915//5545
f 5915//5545 6037//5666 6039//5668
f 5915//5545 6039//5668 6043//5672
f 6043//5672 6039//5668 6044//5673
f 6043//5672 6044//5673 6045//5674
f 6046//5675 6047//5676 6048//5677
f 5916//5546 6046//5675 5917//5547
f 5917//5547 6046//5675 6048//5677
f 5917//5547 6048//5677 6040//5669
f 6040//5669 6048//5677 6041//5670
f 5917//5547 6040//5669 5912//5542
f 5915//5545 6043//5672 5919//5549
f 5919//5549 6043//5672 5920//5550
f 5920//5550 6043//5672 6045//5674
f 5920//5550 6045//5674 6049//5678
f 6049//5678 6045//5674 6050//5679
f 6049//5678 6050//5679 6051//5680
f 6051//5680 6050//5679 6052//5681
f 6051//5680 6052//5681 6053//5682
f 6054//5683 6055//5684 6056//5685
f 5921//5551 6054//5683 5922//5552
f 5922//5552 6054//5683 6056//5685
f 5922//5552 6056//5685 6046//5675
f 6046//5675 6056//5685 6047//5676
f 5922//5552 6046//5675 5916//5546
f 5920//5550 6049//5678 5923//5553
f 5923//5553 6049//5678 5924//5554
f 5924//5554 6049//5678 6051//5680
f 5924//5554 6051//5680 5927//5557
f 5927//5557 6051//5680 6053//5682
f 5927//5557 6053//5682 6057//5686
f 5927//5557 6057//5686 5929//5559
f 5929//5559 6057//5686 6058//5687
f 5929//5559 6058//5687 5930//5560
f 5930//5560 6058//5687 6059//5688
f 5930//5560 6059//5688 5931//5561
f 5931//5561 6059//5688 6055//5684
f 5931//5561 6055//5684 6054//5683
f 5931//5561 6054//5683 5921//5551
f 5934//5564 5933//5563 6060//5689
f 5933//5563 5935//5565 6060//5689
f 6060//5689 5935//5565 6061//5690
f 5935//5565 5937//5567 6061//5690
f 5938//5568 5939//5569 6062//5691
f 5939//5569 5940//5570 6062//5691
f 6062//5691 5940//5570 6063//5692
f 6062//5691 6063//5692 6064//5693
f 5940//5570 5934//5564 6063//5692
f 6063//5692 5934//5564 6060//5689
f 6063//5692 6060//5689 6065//5694
f 6060//5689 6061//5690 6065//5694
f 6065//5694 6061//5690 6066//5695
f 5937//5567 5941//5571 6061//5690
f 6061//5690 5941//5571 6067//5696
f 6061//5690 6067//5696 6066//5695
f 5941//5571 5942//5572 6067//5696
f 6067//5696 5942//5572 6068//5697
f 5942//5572 5943//5573 6068//5697
f 6068//5697 5943//5573 6069//5698
f 5945//5575 5938//5568 6070//5699
f 6070//5699 5938//5568 6062//5691
f 6062//5691 6064//5693 6070//5699
f 6070//5699 6064//5693 6071//5700
f 5943//5573 5946//5576 6069//5698
f 6069//5698 5946//5576 6072//5701
f 5946//5576 5947//5577 6072//5701
f 6072//5701 5947//5577 6073//5702
f 5949//5579 5945//5575 6074//5703
f 6074//5703 5945//5575 6070//5699
f 6074//5703 6070//5699 6075//5704
f 6070//5699 6071//5700 6075//5704
f 5947//5577 5951//5581 6073//5702
f 6073//5702 5951//5581 6076//5705
f 5951//5581 5952//5582 6076//5705
f 6076//5705 5952//5582 6077//5706
f 5953//5583 5949//5579 6078//5707
f 6078//5707 5949//5579 6074//5703
f 5954//5584 6079//5708 5952//5582
f 5952//5582 6079//5708 6077//5706
f 5955//5585 5953//5583 6080//5709
f 6080//5709 5953//5583 6078//5707
f 6080//5709 6078//5707 6081//722
f 6080//5709 6081//722 6082//5710
f 5956//5586 6083//5711 5954//5584
f 5954//5584 6083//5711 6084//5712
f 5954//5584 6084//5712 6079//5708
f 6083//5711 6085//5713 6084//5712
f 5955//5585 6080//5709 5957//5587
f 5957//5587 6080//5709 5958//5588
f 5958//5588 6080//5709 6082//5710
f 5958//5588 6082//5710 6086//5714
f 5956//5586 5960//5590 6083//5711
f 5960//5590 5961//5591 6083//5711
f 6083//5711 5961//5591 6087//5715
f 6083//5711 6087//5715 6085//5713
f 5958//5588 6086//5714 5962//5592
f 5962//5592 6086//5714 6088//5716
f 5962//5592 6088//5716 6089//4395
f 5962//5592 6089//4395 5963//5593
f 5965//5595 6090//5717 5961//5591
f 5961//5591 6090//5717 6087//5715
f 6089//4395 6088//5716 6091//5718
f 5966//5596 5963//5593 6092//5719
f 6092//5719 5963//5593 6089//4395
f 6092//5719 6089//4395 6091//5718
f 5969//5599 6093//5720 5965//5595
f 5965//5595 6093//5720 6094//5721
f 5965//5595 6094//5721 6090//5717
f 6093//5720 6095//5722 6094//5721
f 5966//5596 6092//5719 5970//5600
f 5970//5600 6092//5719 6096//5723
f 5970//5600 6096//5723 6097//5724
f 5970//5600 6097//5724 5972//5602
f 5974//5604 6098//5725 5969//5599
f 5969//5599 6098//5725 6093//5720
f 6093//5720 6098//5725 6095//5722
f 6095//5722 6098//5725 6099//5726
f 6097//5724 6096//5723 6100//5727
f 6100//5727 6096//5723 6101//5728
f 5976//5606 5972//5602 6100//5727
f 6100//5727 5972//5602 6097//5724
f 5979//5609 6102//5729 5974//5604
f 5974//5604 6102//5729 6098//5725
f 6098//5725 6102//5729 6099//5726
f 6099//5726 6102//5729 6103//5726
f 6100//5727 6101//5728 6104//5730
f 6104//5730 6101//5728 6105//5731
f 5981//5611 5976//5606 6104//5730
f 6104//5730 5976//5606 6100//5727
f 5984//5614 6106//5732 5979//5609
f 5979//5609 6106//5732 6102//5729
f 6102//5729 6106//5732 6103//5726
f 6103//5726 6106//5732 6107//5733
f 6104//5730 6105//5731 6108//5734
f 6108//5734 6105//5731 6109//5735
f 5986//5616 5981//5611 6108//5734
f 6108//5734 5981//5611 6104//5730
f 5989//5619 6110//5736 5984//5614
f 5984//5614 6110//5736 6106//5732
f 6106//5732 6110//5736 6107//5733
f 6107//5733 6110//5736 6111//5737
f 6108//5734 6109//5735 6112//5738
f 6112//5738 6109//5735 6113//5739
f 5991//5621 5986//5616 6112//5738
f 6112//5738 5986//5616 6108//5734
f 5993//5623 6114//5740 5989//5619
f 5989//5619 6114//5740 6110//5736
f 6110//5736 6114//5740 6111//5737
f 6111//5737 6114//5740 6115//5737
f 6116//5741 6117//5742 6118//5743
f 5996//5626 5995//5625 6116//5741
f 6116//5741 5995//5625 6112//5738
f 6116//5741 6112//5738 6117//5742
f 6117//5742 6112//5738 6113//5739
f 5995//5625 5991//5621 6112//5738
f 5999//5629 6119//5744 5993//5623
f 5993//5623 6119//5744 6114//5740
f 6114//5740 6119//5744 6115//5737
f 6115//5737 6119//5744 6120//5745
f 6116//5741 6118//5743 6121//5746
f 6121//5746 6118//5743 6122//5747
f 6001//5631 5996//5626 6121//5746
f 6121//5746 5996//5626 6116//5741
f 6003//5632 6123//5748 5999//5629
f 5999//5629 6123//5748 6119//5744
f 6119//5744 6123//5748 6120//5745
f 6120//5745 6123//5748 6124//5749
f 6125//5750 6126//5751 6127//5752
f 6006//5635 6005//5634 6125//5750
f 6125//5750 6005//5634 6121//5746
f 6125//5750 6121//5746 6126//5751
f 6126//5751 6121//5746 6122//5747
f 6005//5634 6001//5631 6121//5746
f 6008//5637 6128//5753 6003//5632
f 6003//5632 6128//5753 6123//5748
f 6123//5748 6128//5753 6124//5749
f 6124//5749 6128//5753 6129//5754
f 6011//5640 6010//5639 6130//5755
f 6130//5755 6010//5639 6125//5750
f 6130//5755 6125//5750 6127//5752
f 6010//5639 6006//5635 6125//5750
f 6013//5642 6131//5756 6008//5637
f 6008//5637 6131//5756 6132//5757
f 6008//5637 6132//5757 6128//5753
f 6128//5753 6132//5757 6129//5754
f 6014//5643 6015//5644 6133//5758
f 6133//5758 6015//5644 6134//5759
f 6015//5644 6011//5640 6134//5759
f 6134//5759 6011//5640 6130//5755
f 6016//5645 6135//5760 6013//5642
f 6013//5642 6135//5760 6131//5756
f 6017//5646 6018//5647 6136//5761
f 6018//5647 6014//5643 6136//5761
f 6136//5761 6014//5643 6133//5758
f 6136//5761 6133//5758 6137//5762
f 6019//5648 6138//5763 6016//5645
f 6016//5645 6138//5763 6135//5760
f 6020//5649 6017//5646 6139//5764
f 6139//5764 6017//5646 6136//5761
f 6139//5764 6136//5761 6140//5529
f 6136//5761 6137//5762 6140//5529
f 6021//5650 6141//5765 6019//5648
f 6019//5648 6141//5765 6138//5763
f 6022//5651 6020//5649 6142//5766
f 6142//5766 6020//5649 6139//5764
f 6023//5652 6143//5767 6021//5650
f 6021//5650 6143//5767 6141//5765
f 6025//5654 6022//5651 6144//5768
f 6144//5768 6022//5651 6142//5766
f 6026//5655 6145//5769 6023//5652
f 6023//5652 6145//5769 6143//5767
f 6027//5656 6028//5657 6146//5770
f 6028//5657 6025//5654 6146//5770
f 6146//5770 6025//5654 6144//5768
f 6146//5770 6144//5768 6147//5771
f 6029//5658 6148//5772 6026//5655
f 6026//5655 6148//5772 6145//5769
f 6030//5659 6027//5656 6149//5773
f 6149//5773 6027//5656 6146//5770
f 6146//5770 6147//5771 6149//5773
f 6149//5773 6147//5771 6150//5774
f 6031//5660 6151//5775 6032//5661
f 6032//5661 6151//5775 6152//5776
f 6032//5661 6152//5776 6029//5658
f 6029//5658 6152//5776 6148//5772
f 6030//5659 6149//5773 6034//5663
f 6034//5663 6149//5773 6035//5664
f 6035//5664 6149//5773 6150//5774
f 6035//5664 6150//5774 6153//5777
f 6036//5665 6154//5778 6031//5660
f 6031//5660 6154//5778 6151//5775
f 6035//5664 6153//5777 6038//5667
f 6038//5667 6153//5777 6155//5779
f 6038//5667 6155//5779 6039//5668
f 6039//5668 6155//5779 6156//5780
f 6041//5670 6157//5781 6042//5671
f 6042//5671 6157//5781 6158//5782
f 6042//5671 6158//5782 6036//5665
f 6036//5665 6158//5782 6154//5778
f 6039//5668 6156//5780 6044//5673
f 6044//5673 6156//5780 6159//5783
f 6044//5673 6159//5783 6045//5674
f 6045//5674 6159//5783 6160//5784
f 6045//5674 6160//5784 6161//5785
f 6161//5785 6160//5784 6162//5786
f 6047//5676 6163//5787 6048//5677
f 6048//5677 6163//5787 6164//5788
f 6048//5677 6164//5788 6041//5670
f 6041//5670 6164//5788 6157//5781
f 6045//5674 6161//5785 6050//5679
f 6050//5679 6161//5785 6052//5681
f 6052//5681 6161//5785 6162//5786
f 6052//5681 6162//5786 6165//5681
f 6052//5681 6165//5681 6053//5682
f 6053//5682 6165//5681 6166//5686
f 6053//5682 6166//5686 6167//5686
f 6167//5686 6166//5686 6168//5789
f 6168//5789 6166//5686 6169//5789
f 6168//5789 6169//5789 6170//5790
f 6170//5790 6169//5789 6171//5791
f 6055//5684 6170//5790 6056//5685
f 6056//5685 6170//5790 6171//5791
f 6056//5685 6171//5791 6172//5792
f 6056//5685 6172//5792 6047//5676
f 6047//5676 6172//5792 6163//5787
f 6053//5682 6167//5686 6057//5686
f 6057//5686 6167//5686 6058//5687
f 6058//5687 6167//5686 6168//5789
f 6058//5687 6168//5789 6059//5688
f 6059//5688 6168//5789 6170//5790
f 6059//5688 6170//5790 6055//5684
f 6064//5693 6063//5692 6173//5793
f 6063//5692 6065//5694 6173//5793
f 6173//5793 6065//5694 6174//5794
f 6065//5694 6066//5695 6174//5794
f 6174//5794 6066//5695 6175//5795
f 6066//5695 6067//5696 6175//5795
f 6175//5795 6067//5696 6176//5796
f 6067//5696 6068//5697 6176//5796
f 6176//5796 6068//5697 6177//5797
f 6068//5697 6069//5698 6177//5797
f 6071//5700 6064//5693 6178//5798
f 6178//5798 6064//5693 6173//5793
f 6178//5798 6173//5793 6179//5799
f 6173//5793 6174//5794 6179//5799
f 6179//5799 6174//5794 6180//5800
f 6174//5794 6175//5795 6180//5800
f 6180//5800 6175//5795 6181//5801
f 6175//5795 6176//5796 6181//5801
f 6181//5801 6176//5796 6182//5802
f 6176//5796 6177//5797 6182//5802
f 6182//5802 6177//5797 6183//5803
f 6069//5698 6072//5701 6177//5797
f 6177//5797 6072//5701 6184//5804
f 6177//5797 6184//5804 6183//5803
f 6183//5803 6184//5804 6185//5805
f 6072//5701 6073//5702 6184//5804
f 6074//5703 6075//5704 6186//5806
f 6075//5704 6071//5700 6186//5806
f 6186//5806 6071//5700 6178//5798
f 6186//5806 6178//5798 6187//5807
f 6184//5804 6188//5808 6185//5805
f 6073//5702 6076//5705 6184//5804
f 6184//5804 6076//5705 6189//5809
f 6184//5804 6189//5809 6188//5808
f 6188//5808 6189//5809 6190//5810
f 6076//5705 6077//5706 6189//5809
f 6078//5707 6074//5703 6191//5811
f 6191//5811 6074//5703 6186//5806
f 6186//5806 6187//5807 6191//5811
f 6191//5811 6187//5807 6192//5812
f 6189//5809 6193//5813 6190//5810
f 6079//5708 6194//5814 6077//5706
f 6077//5706 6194//5814 6193//5813
f 6077//5706 6193//5813 6189//5809
f 6078//5707 6191//5811 6081//722
f 6081//722 6191//5811 6082//5710
f 6082//5710 6191//5811 6192//5812
f 6082//5710 6192//5812 6195//5815
f 6079//5708 6084//5712 6194//5814
f 6194//5814 6084//5712 6196//5816
f 6084//5712 6085//5713 6196//5816
f 6196//5816 6085//5713 6197//5817
f 6086//5714 6082//5710 6198//5818
f 6198//5818 6082//5710 6195//5815
f 6087//5715 6199//5819 6085//5713
f 6085//5713 6199//5819 6197//5817
f 6088//5716 6086//5714 6200//5820
f 6200//5820 6086//5714 6198//5818
f 6090//5717 6201//5821 6087//5715
f 6087//5715 6201//5821 6202//5822
f 6087//5715 6202//5822 6199//5819
f 6201//5821 6203//5823 6202//5822
f 6088//5716 6200//5820 6091//5718
f 6091//5718 6200//5820 6204//5824
f 6091//5718 6204//5824 6205//5825
f 6091//5718 6205//5825 6092//5719
f 6090//5717 6094//5721 6201//5821
f 6094//5721 6095//5722 6201//5821
f 6201//5821 6095//5722 6206//5826
f 6201//5821 6206//5826 6203//5823
f 6205//5825 6204//5824 6207//5827
f 6096//5723 6092//5719 6208//5828
f 6208//5828 6092//5719 6205//5825
f 6208//5828 6205//5825 6207//5827
f 6099//5726 6209//5829 6095//5722
f 6095//5722 6209//5829 6206//5826
f 6101//5728 6096//5723 6210//5830
f 6210//5830 6096//5723 6208//5828
f 6103//5726 6211//5831 6099//5726
f 6099//5726 6211//5831 6209//5829
f 6105//5731 6101//5728 6212//5832
f 6212//5832 6101//5728 6210//5830
f 6107//5733 6213//5833 6103//5726
f 6103//5726 6213//5833 6211//5831
f 6109//5735 6105//5731 6214//5834
f 6214//5834 6105//5731 6212//5832
f 6111//5737 6215//5835 6107//5733
f 6107//5733 6215//5835 6213//5833
f 6216//5836 6217//5837 6218//5838
f 6113//5739 6109//5735 6216//5836
f 6216//5836 6109//5735 6214//5834
f 6216//5836 6214//5834 6217//5837
f 6115//5737 6219//5839 6111//5737
f 6111//5737 6219//5839 6215//5835
f 6118//5743 6117//5742 6220//5840
f 6220//5840 6117//5742 6216//5836
f 6220//5840 6216//5836 6218//5838
f 6117//5742 6113//5739 6216//5836
f 6120//5745 6221//5841 6115//5737
f 6115//5737 6221//5841 6219//5839
f 6122//5747 6118//5743 6222//5842
f 6222//5842 6118//5743 6220//5840
f 6124//5749 6223//5843 6120//5745
f 6120//5745 6223//5843 6221//5841
f 6127//5752 6126//5751 6224//5844
f 6224//5844 6126//5751 6225//5845
f 6126//5751 6122//5747 6225//5845
f 6225//5845 6122//5747 6222//5842
f 6129//5754 6226//5846 6124//5749
f 6124//5749 6226//5846 6223//5843
f 6130//5755 6127//5752 6227//5847
f 6227//5847 6127//5752 6224//5844
f 6131//5756 6228//5848 6132//5757
f 6132//5757 6228//5848 6129//5754
f 6129//5754 6228//5848 6229//5849
f 6129//5754 6229//5849 6226//5846
f 6133//5758 6134//5759 6230//5850
f 6230//5850 6134//5759 6231//5851
f 6134//5759 6130//5755 6231//5851
f 6231//5851 6130//5755 6227//5847
f 6135//5760 6232//5852 6131//5756
f 6131//5756 6232//5852 6228//5848
f 6228//5848 6232//5852 6229//5849
f 6229//5849 6232//5852 6233//5853
f 6137//5762 6133//5758 6234//5854
f 6234//5854 6133//5758 6230//5850
f 6138//5763 6235//5855 6135//5760
f 6135//5760 6235//5855 6236//5856
f 6135//5760 6236//5856 6232//5852
f 6232//5852 6236//5856 6233//5853
f 6139//5764 6140//5529 6237//5857
f 6140//5529 6137//5762 6237//5857
f 6237//5857 6137//5762 6234//5854
f 6237//5857 6234//5854 6238//5858
f 6141//5765 6239//5859 6138//5763
f 6138//5763 6239//5859 6235//5855
f 6142//5766 6139//5764 6240//5022
f 6240//5022 6139//5764 6237//5857
f 6240//5022 6237//5857 6241//5860
f 6237//5857 6238//5858 6241//5860
f 6143//5767 6242//5861 6141//5765
f 6141//5765 6242//5861 6239//5859
f 6144//5768 6142//5766 6243//5862
f 6243//5862 6142//5766 6240//5022
f 6145//5769 6244//5863 6143//5767
f 6143//5767 6244//5863 6242//5861
f 6147//5771 6144//5768 6245//5864
f 6245//5864 6144//5768 6243//5862
f 6246//5865 6247//5866 6248//5867
f 6148//5772 6246//5865 6145//5769
f 6145//5769 6246//5865 6248//5867
f 6145//5769 6248//5867 6244//5863
f 6150//5774 6147//5771 6249//5868
f 6249//5868 6147//5771 6245//5864
f 6249//5868 6245//5864 6250//5869
f 6249//5868 6250//5869 6251//5870
f 6151//5775 6252//5871 6152//5776
f 6152//5776 6252//5871 6247//5866
f 6152//5776 6247//5866 6246//5865
f 6152//5776 6246//5865 6148//5772
f 6153//5777 6150//5774 6253//5872
f 6253//5872 6150//5774 6249//5868
f 6249//5868 6251//5870 6253//5872
f 6253//5872 6251//5870 6254//5873
f 6255//5874 6256//5875 6257//5876
f 6154//5778 6255//5874 6151//5775
f 6151//5775 6255//5874 6257//5876
f 6151//5775 6257//5876 6252//5871
f 6153//5777 6253//5872 6155//5779
f 6155//5779 6253//5872 6156//5780
f 6156//5780 6253//5872 6254//5873
f 6156//5780 6254//5873 6258//5877
f 6258//5877 6254//5873 6259//5878
f 6258//5877 6259//5878 6260//5879
f 6261//5880 6262//5881 6263//5882
f 6157//5781 6261//5880 6158//5782
f 6158//5782 6261//5880 6263//5882
f 6158//5782 6263//5882 6255//5874
f 6255//5874 6263//5882 6256//5875
f 6158//5782 6255//5874 6154//5778
f 6156//5780 6258//5877 6159//5783
f 6159//5783 6258//5877 6160//5784
f 6160//5784 6258//5877 6260//5879
f 6160//5784 6260//5879 6264//5883
f 6160//5784 6264//5883 6162//5786
f 6162//5786 6264//5883 6265//5884
f 6162//5786 6265//5884 6266//5681
f 6266//5681 6265//5884 6267//5686
f 6267//5686 6265//5884 6268//5686
f 6267//5686 6268//5686 6269//5789
f 6269//5789 6268//5686 6270//5789
f 6269//5789 6270//5789 6271//5885
f 6271//5885 6270//5789 6272//5886
f 6271//5885 6272//5886 6273//5887
f 6273//5887 6272//5886 6274//5888
f 6163//5787 6273//5887 6164//5788
f 6164//5788 6273//5887 6274//5888
f 6164//5788 6274//5888 6261//5880
f 6261//5880 6274//5888 6262//5881
f 6164//5788 6261//5880 6157//5781
f 6162//5786 6266//5681 6165//5681
f 6165//5681 6266//5681 6166//5686
f 6166//5686 6266//5681 6267//5686
f 6166//5686 6267//5686 6169//5789
f 6169//5789 6267//5686 6269//5789
f 6169//5789 6269//5789 6171//5791
f 6171//5791 6269//5789 6271//5885
f 6171//5791 6271//5885 6172//5792
f 6172//5792 6271//5885 6273//5887
f 6172//5792 6273//5887 6163//5787
f 6178//5798 6179//5799 6275//5889
f 6179//5799 6180//5800 6275//5889
f 6275//5889 6180//5800 6276//5890
f 6180//5800 6181//5801 6276//5890
f 6276//5890 6181//5801 6277//5891
f 6276//5890 6277//5891 6278//5892
f 6181//5801 6182//5802 6277//5891
f 6277//5891 6182//5802 6279//5893
f 6182//5802 6183//5803 6279//5893
f 6279//5893 6183//5803 6280//5894
f 6279//5893 6280//5894 6281//5895
f 6183//5803 6185//5805 6280//5894
f 6187//5807 6178//5798 6282//5896
f 6282//5896 6178//5798 6275//5889
f 6275//5889 6276//5890 6282//5896
f 6282//5896 6276//5890 6283//5897
f 6282//5896 6283//5897 6284//5898
f 6276//5890 6278//5892 6283//5897
f 6280//5894 6285//5899 6281//5895
f 6185//5805 6188//5808 6280//5894
f 6280//5894 6188//5808 6286//5900
f 6280//5894 6286//5900 6285//5899
f 6188//5808 6190//5810 6286//5900
f 6286//5900 6190//5810 6287//5901
f 6192//5812 6187//5807 6288//5902
f 6288//5902 6187//5807 6282//5896
f 6282//5896 6284//5898 6288//5902
f 6288//5902 6284//5898 6289//5903
f 6190//5810 6193//5813 6287//5901
f 6287//5901 6193//5813 6290//5904
f 6193//5813 6194//5814 6290//5904
f 6290//5904 6194//5814 6291//5905
f 6195//5815 6192//5812 6292//5906
f 6292//5906 6192//5812 6288//5902
f 6292//5906 6288//5902 6293//5907
f 6288//5902 6289//5903 6293//5907
f 6194//5814 6196//5816 6291//5905
f 6291//5905 6196//5816 6294//5908
f 6291//5905 6294//5908 6295//5909
f 6196//5816 6197//5817 6294//5908
f 6198//5818 6195//5815 6296//5910
f 6296//5910 6195//5815 6292//5906
f 6294//5908 6297//5911 6295//5909
f 6199//5819 6298//5912 6197//5817
f 6197//5817 6298//5912 6297//5911
f 6197//5817 6297//5911 6294//5908
f 6200//5820 6198//5818 6299//5913
f 6299//5913 6198//5818 6296//5910
f 6199//5819 6202//5822 6298//5912
f 6298//5912 6202//5822 6300//5914
f 6298//5912 6300//5914 6301//5915
f 6202//5822 6203//5823 6300//5914
f 6204//5824 6200//5820 6302//5916
f 6302//5916 6200//5820 6299//5913
f 6302//5916 6299//5913 6303//5917
f 6302//5916 6303//5917 6304//5918
f 6300//5914 6305//5919 6301//5915
f 6206//5826 6306//5920 6203//5823
f 6203//5823 6306//5920 6305//5919
f 6203//5823 6305//5919 6300//5914
f 6204//5824 6302//5916 6207//5827
f 6207//5827 6302//5916 6208//5828
f 6208//5828 6302//5916 6304//5918
f 6208//5828 6304//5918 6307//5921
f 6209//5829 6308//5922 6206//5826
f 6206//5826 6308//5922 6306//5920
f 6210//5830 6208//5828 6309//5923
f 6309//5923 6208//5828 6307//5921
f 6211//5831 6310//5924 6209//5829
f 6209//5829 6310//5924 6308//5922
f 6212//5832 6210//5830 6311//5925
f 6311//5925 6210//5830 6309//5923
f 6213//5833 6312//5926 6211//5831
f 6211//5831 6312//5926 6310//5924
f 6313//5927 6314//3798 6315//5928
f 6214//5834 6212//5832 6313//5927
f 6313//5927 6212//5832 6311//5925
f 6313//5927 6311//5925 6314//3798
f 6215//5835 6316//5929 6213//5833
f 6213//5833 6316//5929 6312//5926
f 6218//5838 6217//5837 6317//5930
f 6317//5930 6217//5837 6313//5927
f 6317//5930 6313//5927 6315//5928
f 6217//5837 6214//5834 6313//5927
f 6219//5839 6318//5931 6215//5835
f 6215//5835 6318//5931 6316//5929
f 6220//5840 6218//5838 6319//5932
f 6319//5932 6218//5838 6317//5930
f 6221//5841 6320//5933 6219//5839
f 6219//5839 6320//5933 6318//5931
f 6321//5934 6322//529 6323//5935
f 6222//5842 6220//5840 6321//5934
f 6321//5934 6220//5840 6319//5932
f 6321//5934 6319//5932 6322//529
f 6223//5843 6324//5936 6221//5841
f 6221//5841 6324//5936 6320//5933
f 6224//5844 6225//5845 6325//5937
f 6325//5937 6225//5845 6321//5934
f 6325//5937 6321//5934 6323//5935
f 6225//5845 6222//5842 6321//5934
f 6226//5846 6326//5938 6223//5843
f 6223//5843 6326//5938 6324//5936
f 6227//5847 6224//5844 6327//5939
f 6327//5939 6224//5844 6325//5937
f 6229//5849 6328//5940 6226//5846
f 6226//5846 6328//5940 6326//5938
f 6230//5850 6231//5851 6329//5941
f 6329//5941 6231//5851 6330//5764
f 6231//5851 6227//5847 6330//5764
f 6330//5764 6227//5847 6327//5939
f 6331//5942 6332//5943 6333//5944
f 6233//5853 6331//5942 6229//5849
f 6229//5849 6331//5942 6333//5944
f 6229//5849 6333//5944 6328//5940
f 6234//5854 6230//5850 6334//5945
f 6334//5945 6230//5850 6329//5941
f 6235//5855 6335//5946 6236//5856
f 6236//5856 6335//5946 6332//5943
f 6236//5856 6332//5943 6331//5942
f 6236//5856 6331//5942 6233//5853
f 6238//5858 6234//5854 6336//5947
f 6336//5947 6234//5854 6334//5945
f 6239//5859 6337//5948 6235//5855
f 6235//5855 6337//5948 6335//5946
f 6240//5022 6241//5860 6338//5949
f 6241//5860 6238//5858 6338//5949
f 6338//5949 6238//5858 6336//5947
f 6338//5949 6336//5947 6339//5950
f 6242//5861 6340//5951 6239//5859
f 6239//5859 6340//5951 6337//5948
f 6243//5862 6240//5022 6341//5952
f 6341//5952 6240//5022 6338//5949
f 6338//5949 6339//5950 6341//5952
f 6341//5952 6339//5950 6342//5953
f 6343//5954 6344//5955 6345//5956
f 6244//5863 6343//5954 6242//5861
f 6242//5861 6343//5954 6345//5956
f 6242//5861 6345//5956 6340//5951
f 6245//5864 6243//5862 6346//5957
f 6346//5957 6243//5862 6341//5952
f 6341//5952 6342//5953 6346//5957
f 6346//5957 6342//5953 6347//5958
f 6247//5866 6348//5959 6248//5867
f 6248//5867 6348//5959 6344//5955
f 6248//5867 6344//5955 6343//5954
f 6248//5867 6343//5954 6244//5863
f 6245//5864 6346//5957 6250//5869
f 6250//5869 6346//5957 6251//5870
f 6251//5870 6346//5957 6347//5958
f 6251//5870 6347//5958 6349//5960
f 6350//5961 6351//5962 6352//5963
f 6252//5871 6350//5961 6247//5866
f 6247//5866 6350//5961 6352//5963
f 6247//5866 6352//5963 6348//5959
f 6254//5873 6251//5870 6353//5964
f 6353//5964 6251//5870 6349//5960
f 6353//5964 6349//5960 6354//5965
f 6353//5964 6354//5965 6355//5966
f 6356//5967 6357//5968 6358//5969
f 6256//5875 6356//5967 6257//5876
f 6257//5876 6356//5967 6358//5969
f 6257//5876 6358//5969 6350//5961
f 6350//5961 6358//5969 6351//5962
f 6257//5876 6350//5961 6252//5871
f 6254//5873 6353//5964 6259//5878
f 6259//5878 6353//5964 6260//5879
f 6260//5879 6353//5964 6355//5966
f 6260//5879 6355//5966 6359//5970
f 6359//5970 6355//5966 6360//5971
f 6359//5970 6360//5971 6361//5972
f 6361//5972 6360//5971 6362//5973
f 6361//5972 6362//5973 6363//5974
f 6364//5975 6365//5976 6366//5977
f 6262//5881 6364//5975 6263//5882
f 6263//5882 6364//5975 6366//5977
f 6263//5882 6366//5977 6356//5967
f 6356//5967 6366//5977 6357//5968
f 6263//5882 6356//5967 6256//5875
f 6260//5879 6359//5970 6264//5883
f 6264//5883 6359//5970 6265//5884
f 6265//5884 6359//5970 6361//5972
f 6265//5884 6361//5972 6268//5686
f 6268//5686 6361//5972 6363//5974
f 6268//5686 6363//5974 6367//5978
f 6268//5686 6367//5978 6270//5789
f 6270//5789 6367//5978 6368//5979
f 6270//5789 6368//5979 6272//5886
f 6272//5886 6368//5979 6369//5980
f 6272//5886 6369//5980 6274//5888
f 6274//5888 6369//5980 6365//5976
f 6274//5888 6365//5976 6364//5975
f 6274//5888 6364//5975 6262//5881
f 6278//5892 6277//5891 6370//5981
f 6277//5891 6279//5893 6370//5981
f 6370//5981 6279//5893 6371//5982
f 6279//5893 6281//5895 6371//5982
f 6284//5898 6283//5897 6372//5983
f 6283//5897 6278//5892 6372//5983
f 6372//5983 6278//5892 6370//5981
f 6372//5983 6370//5981 6373//5984
f 6373//5984 6370//5981 6374//5985
f 6370//5981 6371//5982 6374//5985
f 6374//5985 6371//5982 6375//5986
f 6281//5895 6285//5899 6371//5982
f 6371//5982 6285//5899 6376//5987
f 6371//5982 6376//5987 6375//5986
f 6375//5986 6376//5987 6377//5988
f 6285//5899 6286//5900 6376//5987
f 6376//5987 6286//5900 6378//5989
f 6286//5900 6287//5901 6378//5989
f 6289//5903 6284//5898 6379//5990
f 6379//5990 6284//5898 6372//5983
f 6379//5990 6372//5983 6380//5991
f 6372//5983 6373//5984 6380//5991
f 6376//5987 6381//5992 6377//5988
f 6376//5987 6378//5989 6381//5992
f 6381//5992 6378//5989 6382//5993
f 6287//5901 6290//5904 6378//5989
f 6378//5989 6290//5904 6383//5994
f 6378//5989 6383//5994 6382//5993
f 6382//5993 6383//5994 6384//5995
f 6290//5904 6291//5905 6383//5994
f 6292//5906 6293//5907 6385//5996
f 6293//5907 6289//5903 6385//5996
f 6385//5996 6289//5903 6379//5990
f 6385//5996 6379//5990 6386//5997
f 6383//5994 6387//5998 6384//5995
f 6295//5909 6388//5999 6291//5905
f 6291//5905 6388//5999 6387//5998
f 6291//5905 6387//5998 6383//5994
f 6296//5910 6292//5906 6389//6000
f 6389//6000 6292//5906 6385//5996
f 6385//5996 6386//5997 6389//6000
f 6389//6000 6386//5997 6390//6001
f 6295//5909 6297//5911 6388//5999
f 6388//5999 6297//5911 6391//6002
f 6388//5999 6391//6002 6392//6003
f 6297//5911 6298//5912 6391//6002
f 6299//5913 6296//5910 6393//6004
f 6393//6004 6296//5910 6389//6000
f 6389//6000 6390//6001 6393//6004
f 6393//6004 6390//6001 6394//6005
f 6391//6002 6395//6006 6392//6003
f 6301//5915 6396//6007 6298//5912
f 6298//5912 6396//6007 6395//6006
f 6298//5912 6395//6006 6391//6002
f 6299//5913 6393//6004 6303//5917
f 6303//5917 6393//6004 6304//5918
f 6304//5918 6393//6004 6394//6005
f 6304//5918 6394//6005 6397//6008
f 6301//5915 6305//5919 6396//6007
f 6396//6007 6305//5919 6398//6009
f 6396//6007 6398//6009 6399//6010
f 6305//5919 6306//5920 6398//6009
f 6307//5921 6304//5918 6400//6011
f 6400//6011 6304//5918 6397//6008
f 6398//6009 6401//6012 6399//6010
f 6308//5922 6402//6013 6306//5920
f 6306//5920 6402//6013 6401//6012
f 6306//5920 6401//6012 6398//6009
f 6309//5923 6307//5921 6403//6014
f 6403//6014 6307//5921 6400//6011
f 6310//5924 6404//6015 6308//5922
f 6308//5922 6404//6015 6402//6013
f 6405//6016 6406//6017 6407//5937
f 6311//5925 6309//5923 6405//6016
f 6405//6016 6309//5923 6403//6014
f 6405//6016 6403//6014 6406//6017
f 6312//5926 6408//6018 6310//5924
f 6310//5924 6408//6018 6404//6015
f 6315//5928 6314//3798 6409//6019
f 6409//6019 6314//3798 6405//6016
f 6409//6019 6405//6016 6407//5937
f 6314//3798 6311//5925 6405//6016
f 6316//5929 6410//6020 6312//5926
f 6312//5926 6410//6020 6408//6018
f 6317//5930 6315//5928 6411//6021
f 6411//6021 6315//5928 6409//6019
f 6318//5931 6412//6022 6316//5929
f 6316//5929 6412//6022 6410//6020
f 6319//5932 6317//5930 6413//6023
f 6413//6023 6317//5930 6411//6021
f 6320//5933 6414//6024 6318//5931
f 6318//5931 6414//6024 6412//6022
f 6323//5935 6322//529 6415//6025
f 6322//529 6319//5932 6415//6025
f 6415//6025 6319//5932 6413//6023
f 6415//6025 6413//6023 6416//6026
f 6324//5936 6417//6027 6320//5933
f 6320//5933 6417//6027 6414//6024
f 6325//5937 6323//5935 6418//6028
f 6418//6028 6323//5935 6415//6025
f 6418//6028 6415//6025 6419//6026
f 6415//6025 6416//6026 6419//6026
f 6326//5938 6420//6029 6324//5936
f 6324//5936 6420//6029 6417//6027
f 6327//5939 6325//5937 6421//6030
f 6421//6030 6325//5937 6418//6028
f 6328//5940 6422//6031 6326//5938
f 6326//5938 6422//6031 6420//6029
f 6329//5941 6330//5764 6423//6032
f 6330//5764 6327//5939 6423//6032
f 6423//6032 6327//5939 6421//6030
f 6423//6032 6421//6030 6424//6033
f 6332//5943 6425//6034 6333//5944
f 6333//5944 6425//6034 6426//6035
f 6333//5944 6426//6035 6328//5940
f 6328//5940 6426//6035 6422//6031
f 6334//5945 6329//5941 6427//6036
f 6427//6036 6329//5941 6423//6032
f 6427//6036 6423//6032 6428//4943
f 6423//6032 6424//6033 6428//4943
f 6335//5946 6429//6037 6332//5943
f 6332//5943 6429//6037 6425//6034
f 6336//5947 6334//5945 6430//6038
f 6430//6038 6334//5945 6427//6036
f 6431//6039 6432//6040 6433//6041
f 6337//5948 6431//6039 6335//5946
f 6335//5946 6431//6039 6433//6041
f 6335//5946 6433//6041 6429//6037
f 6339//5950 6336//5947 6434//6042
f 6434//6042 6336//5947 6430//6038
f 6431//6039 6435//6043 6432//6040
f 6432//6040 6435//6043 6436//6044
f 6340//5951 6435//6043 6337//5948
f 6337//5948 6435//6043 6431//6039
f 6342//5953 6339//5950 6437//6045
f 6437//6045 6339//5950 6434//6042
f 6344//5955 6438//6046 6345//5956
f 6345//5956 6438//6046 6436//6044
f 6345//5956 6436//6044 6435//6043
f 6345//5956 6435//6043 6340//5951
f 6347//5958 6342//5953 6439//6047
f 6439//6047 6342//5953 6437//6045
f 6439//6047 6437//6045 6440//6048
f 6439//6047 6440//6048 6441//6049
f 6348//5959 6442//6050 6344//5955
f 6344//5955 6442//6050 6438//6046
f 6349//5960 6347//5958 6443//6051
f 6443//6051 6347//5958 6439//6047
f 6439//6047 6441//6049 6443//6051
f 6443//6051 6441//6049 6444//6052
f 6351//5962 6445//6053 6352//5963
f 6352//5963 6445//6053 6446//6054
f 6352//5963 6446//6054 6348//5959
f 6348//5959 6446//6054 6442//6050
f 6349//5960 6443//6051 6354//5965
f 6354//5965 6443//6051 6355//5966
f 6355//5966 6443//6051 6444//6052
f 6355//5966 6444//6052 6447//6055
f 6447//6055 6444//6052 6448//6056
f 6447//6055 6448//6056 6449//6057
f 6450//6058 6451//6059 6452//6060
f 6357//5968 6450//6058 6358//5969
f 6358//5969 6450//6058 6452//6060
f 6358//5969 6452//6060 6453//6061
f 6358//5969 6453//6061 6351//5962
f 6351//5962 6453//6061 6445//6053
f 6355//5966 6447//6055 6360//5971
f 6360//5971 6447//6055 6362//5973
f 6362//5973 6447//6055 6449//6057
f 6362//5973 6449//6057 6454//6062
f 6362//5973 6454//6062 6363//5974
f 6363//5974 6454//6062 6455//6063
f 6363//5974 6455//6063 6456//6064
f 6456//6064 6455//6063 6457//6065
f 6457//6065 6455//6063 6458//6066
f 6457//6065 6458//6066 6459//6067
f 6459//6067 6458//6066 6460//6068
f 6365//5976 6459//6067 6366//5977
f 6366//5977 6459//6067 6460//6068
f 6366//5977 6460//6068 6450//6058
f 6450//6058 6460//6068 6451//6059
f 6366//5977 6450//6058 6357//5968
f 6363//5974 6456//6064 6367//5978
f 6367//5978 6456//6064 6368//5979
f 6368//5979 6456//6064 6457//6065
f 6368//5979 6457//6065 6369//5980
f 6369//5980 6457//6065 6459//6067
f 6369//5980 6459//6067 6365//5976
f 6373//5984 6374//5985 6461//6069
f 6374//5985 6375//5986 6461//6069
f 6461//6069 6375//5986 6462//6070
f 6375//5986 6377//5988 6462//6070
f 6379//5990 6380//5991 6463//6071
f 6380//5991 6373//5984 6463//6071
f 6463//6071 6373//5984 6461//6069
f 6463//6071 6461//6069 6464//6072
f 6461//6069 6462//6070 6464//6072
f 6464//6072 6462//6070 6465//6073
f 6377//5988 6381//5992 6462//6070
f 6462//6070 6381//5992 6466//6074
f 6462//6070 6466//6074 6465//6073
f 6381//5992 6382//5993 6466//6074
f 6466//6074 6382//5993 6467//6075
f 6382//5993 6384//5995 6467//6075
f 6386//5997 6379//5990 6468//6076
f 6468//6076 6379//5990 6463//6071
f 6463//6071 6464//6072 6468//6076
f 6468//6076 6464//6072 6469//6077
f 6468//6076 6469//6077 6470//6078
f 6464//6072 6465//6073 6469//6077
f 6469//6077 6465//6073 6471//6079
f 6465//6073 6466//6074 6471//6079
f 6471//6079 6466//6074 6472//6080
f 6466//6074 6467//6075 6472//6080
f 6472//6080 6467//6075 6473//6081
f 6472//6080 6473//6081 6474//6082
f 6384//5995 6387//5998 6467//6075
f 6467//6075 6387//5998 6475//6083
f 6467//6075 6475//6083 6473//6081
f 6387//5998 6388//5999 6475//6083
f 6390//6001 6386//5997 6476//6084
f 6476//6084 6386//5997 6468//6076
f 6468//6076 6470//6078 6476//6084
f 6476//6084 6470//6078 6477//6085
f 6473//6081 6478//6086 6474//6082
f 6473//6081 6475//6083 6478//6086
f 6478//6086 6475//6083 6479//6087
f 6478//6086 6479//6087 6480//6088
f 6392//6003 6479//6087 6388//5999
f 6388//5999 6479//6087 6475//6083
f 6394//6005 6390//6001 6481//6089
f 6481//6089 6390//6001 6476//6084
f 6476//6084 6477//6085 6481//6089
f 6481//6089 6477//6085 6482//6090
f 6479//6087 6483//6091 6480//6088
f 6392//6003 6395//6006 6479//6087
f 6479//6087 6395//6006 6484//6092
f 6479//6087 6484//6092 6483//6091
f 6483//6091 6484//6092 6485//6093
f 6395//6006 6396//6007 6484//6092
f 6397//6008 6394//6005 6486//6094
f 6486//6094 6394//6005 6481//6089
f 6481//6089 6482//6090 6486//6094
f 6486//6094 6482//6090 6487//6095
f 6484//6092 6488//6096 6485//6093
f 6485//6093 6488//6096 6489//6097
f 6399//6010 6488//6096 6396//6007
f 6396//6007 6488//6096 6484//6092
f 6400//6011 6397//6008 6490//6098
f 6490//6098 6397//6008 6486//6094
f 6490//6098 6486//6094 6491//6099
f 6486//6094 6487//6095 6491//6099
f 6488//6096 6492//6100 6489//6097
f 6399//6010 6401//6012 6488//6096
f 6488//6096 6401//6012 6493//6101
f 6488//6096 6493//6101 6492//6100
f 6492//6100 6493//6101 6494//6102
f 6401//6012 6402//6013 6493//6101
f 6403//6014 6400//6011 6495//6103
f 6495//6103 6400//6011 6490//6098
f 6493//6101 6496//6104 6494//6102
f 6494//6102 6496//6104 6497//6105
f 6404//6015 6496//6104 6402//6013
f 6402//6013 6496//6104 6493//6101
f 6407//5937 6406//6017 6498//6106
f 6406//6017 6403//6014 6498//6106
f 6498//6106 6403//6014 6495//6103
f 6498//6106 6495//6103 6499//6107
f 6496//6104 6500//6108 6497//6105
f 6408//6018 6501//6109 6404//6015
f 6404//6015 6501//6109 6500//6108
f 6404//6015 6500//6108 6496//6104
f 6409//6019 6407//5937 6502//6110
f 6502//6110 6407//5937 6498//6106
f 6502//6110 6498//6106 6503//6111
f 6498//6106 6499//6107 6503//6111
f 6410//6020 6504//6112 6408//6018
f 6408//6018 6504//6112 6501//6109
f 6411//6021 6409//6019 6505//6113
f 6505//6113 6409//6019 6502//6110
f 6412//6022 6506//6114 6410//6020
f 6410//6020 6506//6114 6504//6112
f 6413//6023 6411//6021 6507//6115
f 6507//6115 6411//6021 6505//6113
f 6414//6024 6508//6116 6412//6022
f 6412//6022 6508//6116 6506//6114
f 6416//6026 6413//6023 6509//6117
f 6509//6117 6413//6023 6507//6115
f 6417//6027 6510//6118 6414//6024
f 6414//6024 6510//6118 6508//6116
f 6418//6028 6419//6026 6511//6119
f 6419//6026 6416//6026 6511//6119
f 6511//6119 6416//6026 6509//6117
f 6511//6119 6509//6117 6512//6120
f 6513//6121 6514//6122 6515//6123
f 6420//6029 6513//6121 6417//6027
f 6417//6027 6513//6121 6515//6123
f 6417//6027 6515//6123 6510//6118
f 6421//6030 6418//6028 6516//6124
f 6516//6124 6418//6028 6511//6119
f 6511//6119 6512//6120 6516//6124
f 6516//6124 6512//6120 6517//6125
f 6513//6121 6518//6126 6514//6122
f 6514//6122 6518//6126 6519//6127
f 6422//6031 6518//6126 6420//6029
f 6420//6029 6518//6126 6513//6121
f 6424//6033 6421//6030 6520//6128
f 6520//6128 6421//6030 6516//6124
f 6520//6128 6516//6124 6521//6129
f 6516//6124 6517//6125 6521//6129
f 6522//6130 6523//6131 6524//6132
f 6425//6034 6522//6130 6426//6035
f 6426//6035 6522//6130 6524//6132
f 6426//6035 6524//6132 6518//6126
f 6518//6126 6524//6132 6519//6127
f 6426//6035 6518//6126 6422//6031
f 6427//6036 6428//4943 6525//6133
f 6428//4943 6424//6033 6525//6133
f 6525//6133 6424//6033 6520//6128
f 6525//6133 6520//6128 6526//6134
f 6522//6130 6527//6135 6523//6131
f 6523//6131 6527//6135 6528//6136
f 6429//6037 6527//6135 6425//6034
f 6425//6034 6527//6135 6522//6130
f 6430//6038 6427//6036 6529//6137
f 6529//6137 6427//6036 6525//6133
f 6525//6133 6526//6134 6529//6137
f 6529//6137 6526//6134 6530//6138
f 6432//6040 6531//6139 6433//6041
f 6433//6041 6531//6139 6528//6136
f 6433//6041 6528//6136 6527//6135
f 6433//6041 6527//6135 6429//6037
f 6434//6042 6430//6038 6532//6140
f 6532//6140 6430//6038 6529//6137
f 6529//6137 6530//6138 6532//6140
f 6532//6140 6530//6138 6533//6141
f 6436//6044 6534//6142 6432//6040
f 6432//6040 6534//6142 6531//6139
f 6437//6045 6434//6042 6535//6143
f 6535//6143 6434//6042 6532//6140
f 6532//6140 6533//6141 6535//6143
f 6535//6143 6533//6141 6536//6144
f 6438//6046 6537//6145 6436//6044
f 6436//6044 6537//6145 6534//6142
f 6437//6045 6535//6143 6440//6048
f 6440//6048 6535//6143 6441//6049
f 6441//6049 6535//6143 6536//6144
f 6441//6049 6536//6144 6538//6146
f 6538//6146 6536//6144 6539//6147
f 6538//6146 6539//6147 6540//6148
f 6541//6149 6542//6150 6543//6151
f 6442//6050 6541//6149 6438//6046
f 6438//6046 6541//6149 6543//6151
f 6438//6046 6543//6151 6537//6145
f 6444//6052 6441//6049 6544//6152
f 6544//6152 6441//6049 6538//6146
f 6538//6146 6540//6148 6544//6152
f 6544//6152 6540//6148 6545//6153
f 6544//6152 6545//6153 6546//6154
f 6546//6154 6545//6153 6547//6155
f 6548//6156 6549//6157 6550//6158
f 6445//6053 6548//6156 6446//6054
f 6446//6054 6548//6156 6550//6158
f 6446//6054 6550//6158 6541//6149
f 6541//6149 6550//6158 6542//6150
f 6446//6054 6541//6149 6442//6050
f 6444//6052 6544//6152 6448//6056
f 6448//6056 6544//6152 6449//6057
f 6449//6057 6544//6152 6546//6154
f 6449//6057 6546//6154 6551//6159
f 6546//6154 6547//6155 6551//6159
f 6551//6159 6547//6155 6552//6160
f 6551//6159 6552//6160 6553//6161
f 6553//6161 6552//6160 6554//6162
f 6554//6162 6552//6160 6555//6163
f 6554//6162 6555//6163 6556//6164
f 6556//6164 6555//6163 6557//6165
f 6451//6059 6556//6164 6452//6060
f 6452//6060 6556//6164 6557//6165
f 6452//6060 6557//6165 6558//6166
f 6452//6060 6558//6166 6453//6061
f 6453//6061 6558//6166 6549//6157
f 6453//6061 6549//6157 6548//6156
f 6453//6061 6548//6156 6445//6053
f 6449//6057 6551//6159 6454//6062
f 6454//6062 6551//6159 6455//6063
f 6455//6063 6551//6159 6553//6161
f 6455//6063 6553//6161 6458//6066
f 6458//6066 6553//6161 6554//6162
f 6458//6066 6554//6162 6460//6068
f 6460//6068 6554//6162 6556//6164
f 6460//6068 6556//6164 6451//6059
f 6470//6078 6469//6077 6559//6167
f 6469//6077 6471//6079 6559//6167
f 6559//6167 6471//6079 6560//6168
f 6471//6079 6472//6080 6560//6168
f 6560//6168 6472//6080 6561//6169
f 6472//6080 6474//6082 6561//6169
f 6477//6085 6470//6078 6562//6170
f 6562//6170 6470//6078 6559//6167
f 6559//6167 6560//6168 6562//6170
f 6562//6170 6560//6168 6563//6171
f 6560//6168 6561//6169 6563//6171
f 6563//6171 6561//6169 6564//6172
f 6474//6082 6478//6086 6561//6169
f 6561//6169 6478//6086 6565//6173
f 6561//6169 6565//6173 6564//6172
f 6478//6086 6480//6088 6565//6173
f 6482//6090 6477//6085 6566//6174
f 6566//6174 6477//6085 6562//6170
f 6562//6170 6563//6171 6566//6174
f 6566//6174 6563//6171 6567//6175
f 6563//6171 6564//6172 6567//6175
f 6567//6175 6564//6172 6568//6176
f 6564//6172 6565//6173 6568//6176
f 6568//6176 6565//6173 6569//6177
f 6480//6088 6483//6091 6565//6173
f 6565//6173 6483//6091 6570//6178
f 6565//6173 6570//6178 6569//6177
f 6483//6091 6485//6093 6570//6178
f 6487//6095 6482//6090 6571//6179
f 6571//6179 6482//6090 6566//6174
f 6566//6174 6567//6175 6571//6179
f 6571//6179 6567//6175 6572//6180
f 6567//6175 6568//6176 6572//6180
f 6572//6180 6568//6176 6573//6181
f 6568//6176 6569//6177 6573//6181
f 6573//6181 6569//6177 6574//6182
f 6569//6177 6570//6178 6574//6182
f 6574//6182 6570//6178 6575//6183
f 6489//6097 6575//6183 6485//6093
f 6485//6093 6575//6183 6570//6178
f 6490//6098 6491//6099 6576//6184
f 6491//6099 6487//6095 6576//6184
f 6576//6184 6487//6095 6571//6179
f 6576//6184 6571//6179 6577//6185
f 6571//6179 6572//6180 6577//6185
f 6577//6185 6572//6180 6578//6186
f 6577//6185 6578//6186 6579//6187
f 6572//6180 6573//6181 6578//6186
f 6578//6186 6573//6181 6580//6188
f 6573//6181 6574//6182 6580//6188
f 6580//6188 6574//6182 6581//6189
f 6574//6182 6575//6183 6581//6189
f 6581//6189 6575//6183 6582//6190
f 6489//6097 6492//6100 6575//6183
f 6575//6183 6492//6100 6583//6191
f 6575//6183 6583//6191 6582//6190
f 6582//6190 6583//6191 6584//6192
f 6492//6100 6494//6102 6583//6191
f 6495//6103 6490//6098 6585//6193
f 6585//6193 6490//6098 6576//6184
f 6576//6184 6577//6185 6585//6193
f 6585//6193 6577//6185 6586//6194
f 6585//6193 6586//6194 6587//6195
f 6577//6185 6579//6187 6586//6194
f 6583//6191 6588//6196 6584//6192
f 6584//6192 6588//6196 6589//6197
f 6497//6105 6588//6196 6494//6102
f 6494//6102 6588//6196 6583//6191
f 6499//6107 6495//6103 6590//6198
f 6590//6198 6495//6103 6585//6193
f 6590//6198 6585//6193 6591//6199
f 6585//6193 6587//6195 6591//6199
f 6588//6196 6592//6200 6589//6197
f 6497//6105 6500//6108 6588//6196
f 6588//6196 6500//6108 6593//6201
f 6588//6196 6593//6201 6592//6200
f 6592//6200 6593//6201 6594//6202
f 6500//6108 6501//6109 6593//6201
f 6502//6110 6503//6111 6595//6203
f 6503//6111 6499//6107 6595//6203
f 6595//6203 6499//6107 6590//6198
f 6595//6203 6590//6198 6596//6204
f 6593//6201 6597//6205 6594//6202
f 6594//6202 6597//6205 6598//6206
f 6504//6112 6597//6205 6501//6109
f 6501//6109 6597//6205 6593//6201
f 6505//6113 6502//6110 6599//6207
f 6599//6207 6502//6110 6595//6203
f 6595//6203 6596//6204 6599//6207
f 6599//6207 6596//6204 6600//6208
f 6597//6205 6601//6209 6598//6206
f 6598//6206 6601//6209 6602//6210
f 6506//6114 6601//6209 6504//6112
f 6504//6112 6601//6209 6597//6205
f 6507//6115 6505//6113 6603//6211
f 6603//6211 6505//6113 6599//6207
f 6599//6207 6600//6208 6603//6211
f 6603//6211 6600//6208 6604//6212
f 6601//6209 6605//6213 6602//6210
f 6602//6210 6605//6213 6606//6214
f 6508//6116 6605//6213 6506//6114
f 6506//6114 6605//6213 6601//6209
f 6509//6117 6507//6115 6607//6215
f 6607//6215 6507//6115 6603//6211
f 6607//6215 6603//6211 6608//6216
f 6603//6211 6604//6212 6608//6216
f 6605//6213 6609//6217 6606//6214
f 6606//6214 6609//6217 6610//6218
f 6510//6118 6609//6217 6508//6116
f 6508//6116 6609//6217 6605//6213
f 6512//6120 6509//6117 6611//6219
f 6611//6219 6509//6117 6607//6215
f 6514//6122 6612//6220 6515//6123
f 6515//6123 6612//6220 6610//6218
f 6515//6123 6610//6218 6609//6217
f 6515//6123 6609//6217 6510//6118
f 6517//6125 6512//6120 6613//6221
f 6613//6221 6512//6120 6611//6219
f 6614//6222 6615//6223 6616//6224
f 6519//6127 6614//6222 6514//6122
f 6514//6122 6614//6222 6616//6224
f 6514//6122 6616//6224 6612//6220
f 6520//6128 6521//6129 6617//6225
f 6521//6129 6517//6125 6617//6225
f 6617//6225 6517//6125 6613//6221
f 6617//6225 6613//6221 6618//6226
f 6523//6131 6619//6227 6524//6132
f 6524//6132 6619//6227 6615//6223
f 6524//6132 6615//6223 6614//6222
f 6524//6132 6614//6222 6519//6127
f 6526//6134 6520//6128 6620//6228
f 6620//6228 6520//6128 6617//6225
f 6617//6225 6618//6226 6620//6228
f 6620//6228 6618//6226 6621//6229
f 6622//6230 6623//6231 6624//6232
f 6528//6136 6622//6230 6523//6131
f 6523//6131 6622//6230 6624//6232
f 6523//6131 6624//6232 6619//6227
f 6530//6138 6526//6134 6625//6233
f 6625//6233 6526//6134 6620//6228
f 6620//6228 6621//6229 6625//6233
f 6625//6233 6621//6229 6626//6234
f 6622//6230 6627//6235 6623//6231
f 6623//6231 6627//6235 6628//6236
f 6531//6139 6627//6235 6528//6136
f 6528//6136 6627//6235 6622//6230
f 6533//6141 6530//6138 6629//6237
f 6629//6237 6530//6138 6625//6233
f 6625//6233 6626//6234 6629//6237
f 6629//6237 6626//6234 6630//6238
f 6627//6235 6631//6239 6628//6236
f 6628//6236 6631//6239 6632//6240
f 6534//6142 6631//6239 6531//6139
f 6531//6139 6631//6239 6627//6235
f 6536//6144 6533//6141 6633//6241
f 6633//6241 6533//6141 6629//6237
f 6629//6237 6630//6238 6633//6241
f 6633//6241 6630//6238 6634//6242
f 6631//6239 6635//6243 6632//6240
f 6632//6240 6635//6243 6636//6244
f 6537//6145 6635//6243 6534//6142
f 6534//6142 6635//6243 6631//6239
f 6536//6144 6633//6241 6539//6147
f 6539//6147 6633//6241 6540//6148
f 6540//6148 6633//6241 6634//6242
f 6540//6148 6634//6242 6637//6245
f 6637//6245 6634//6242 6638//6246
f 6637//6245 6638//6246 6639//6247
f 6542//6150 6640//6248 6543//6151
f 6543//6151 6640//6248 6636//6244
f 6543//6151 6636//6244 6635//6243
f 6543//6151 6635//6243 6537//6145
f 6540//6148 6637//6245 6545//6153
f 6545//6153 6637//6245 6547//6155
f 6547//6155 6637//6245 6639//6247
f 6547//6155 6639//6247 6641//6249
f 6641//6249 6639//6247 6642//6250
f 6641//6249 6642//6250 6643//6251
f 6644//6252 6645//6253 6646//6254
f 6549//6157 6644//6252 6550//6158
f 6550//6158 6644//6252 6646//6254
f 6550//6158 6646//6254 6647//6255
f 6550//6158 6647//6255 6542//6150
f 6542//6150 6647//6255 6640//6248
f 6547//6155 6641//6249 6552//6160
f 6552//6160 6641//6249 6555//6163
f 6555//6163 6641//6249 6643//6251
f 6555//6163 6643//6251 6648//6256
f 6555//6163 6648//6256 6557//6165
f 6557//6165 6648//6256 6649//6257
f 6557//6165 6649//6257 6558//6166
f 6558//6166 6649//6257 6645//6253
f 6558//6166 6645//6253 6644//6252
f 6558//6166 6644//6252 6549//6157
f 6579//6187 6578//6186 6650//6258
f 6578//6186 6580//6188 6650//6258
f 6650//6258 6580//6188 6651//6259
f 6580//6188 6581//6189 6651//6259
f 6651//6259 6581//6189 6652//6260
f 6581//6189 6582//6190 6652//6260
f 6652//6260 6582//6190 6653//6261
f 6582//6190 6584//6192 6653//6261
f 6587//6195 6586//6194 6654//6262
f 6586//6194 6579//6187 6654//6262
f 6654//6262 6579//6187 6650//6258
f 6654//6262 6650//6258 6655//6263
f 6650//6258 6651//6259 6655//6263
f 6655//6263 6651//6259 6656//6264
f 6655//6263 6656//6264 6657//6265
f 6651//6259 6652//6260 6656//6264
f 6656//6264 6652//6260 6658//6266
f 6652//6260 6653//6261 6658//6266
f 6658//6266 6653//6261 6659//6267
f 6589//6197 6660//6268 6584//6192
f 6584//6192 6660//6268 6659//6267
f 6584//6192 6659//6267 6653//6261
f 6590//6198 6591//6199 6661//6269
f 6591//6199 6587//6195 6661//6269
f 6661//6269 6587//6195 6654//6262
f 6661//6269 6654//6262 6662//6270
f 6662//6270 6654//6262 6663//6271
f 6654//6262 6655//6263 6663//6271
f 6663//6271 6655//6263 6664//6272
f 6655//6263 6657//6265 6664//6272
f 6589//6197 6592//6200 6660//6268
f 6660//6268 6592//6200 6665//6273
f 6592//6200 6594//6202 6665//6273
f 6665//6273 6594//6202 6666//6274
f 6596//6204 6590//6198 6667//6275
f 6667//6275 6590//6198 6661//6269
f 6661//6269 6662//6270 6667//6275
f 6667//6275 6662//6270 6668//6276
f 6598//6206 6669//6277 6594//6202
f 6594//6202 6669//6277 6666//6274
f 6600//6208 6596//6204 6670//6278
f 6670//6278 6596//6204 6667//6275
f 6667//6275 6668//6276 6670//6278
f 6670//6278 6668//6276 6671//6279
f 6602//6210 6672//6280 6598//6206
f 6598//6206 6672//6280 6669//6277
f 6604//6212 6600//6208 6673//6281
f 6673//6281 6600//6208 6670//6278
f 6670//6278 6671//6279 6673//6281
f 6673//6281 6671//6279 6674//6282
f 6675//6283 6676//6284 6677//6285
f 6606//6214 6675//6283 6602//6210
f 6602//6210 6675//6283 6677//6285
f 6602//6210 6677//6285 6672//6280
f 6607//6215 6608//6216 6678//6286
f 6608//6216 6604//6212 6678//6286
f 6678//6286 6604//6212 6673//6281
f 6678//6286 6673//6281 6679//6287
f 6679//6287 6673//6281 6680//6288
f 6673//6281 6674//6282 6680//6288
f 6675//6283 6681//6289 6676//6284
f 6676//6284 6681//6289 6682//6290
f 6610//6218 6681//6289 6606//6214
f 6606//6214 6681//6289 6675//6283
f 6611//6219 6607//6215 6683//6291
f 6683//6291 6607//6215 6678//6286
f 6678//6286 6679//6287 6683//6291
f 6683//6291 6679//6287 6684//6292
f 6681//6289 6685//6293 6682//6290
f 6682//6290 6685//6293 6686//6294
f 6612//6220 6685//6293 6610//6218
f 6610//6218 6685//6293 6681//6289
f 6613//6221 6611//6219 6687//6295
f 6687//6295 6611//6219 6683//6291
f 6683//6291 6684//6292 6687//6295
f 6687//6295 6684//6292 6688//6296
f 6689//6297 6690//6298 6691//6299
f 6615//6223 6689//6297 6616//6224
f 6616//6224 6689//6297 6691//6299
f 6616//6224 6691//6299 6685//6293
f 6685//6293 6691//6299 6686//6294
f 6616//6224 6685//6293 6612//6220
f 6618//6226 6613//6221 6692//6300
f 6692//6300 6613//6221 6687//6295
f 6687//6295 6688//6296 6692//6300
f 6692//6300 6688//6296 6693//6301
f 6694//6302 6695//6303 6696//6304
f 6694//6302 6696//6304 6697//6305
f 6697//6305 6696//6304 6690//6298
f 6697//6305 6690//6298 6689//6297
f 6619//6227 6697//6305 6615//6223
f 6615//6223 6697//6305 6689//6297
f 6621//6229 6618//6226 6698//6306
f 6698//6306 6618//6226 6692//6300
f 6692//6300 6693//6301 6698//6306
f 6698//6306 6693//6301 6699//6307
f 6694//6302 6700//6308 6695//6303
f 6695//6303 6700//6308 6701//6309
f 6623//6231 6700//6308 6624//6232
f 6624//6232 6700//6308 6694//6302
f 6624//6232 6694//6302 6697//6305
f 6624//6232 6697//6305 6619//6227
f 6626//6234 6621//6229 6702//6310
f 6702//6310 6621//6229 6698//6306
f 6698//6306 6699//6307 6702//6310
f 6702//6310 6699//6307 6703//6311
f 6700//6308 6704//6312 6701//6309
f 6701//6309 6704//6312 6705//6313
f 6628//6236 6704//6312 6623//6231
f 6623//6231 6704//6312 6700//6308
f 6630//6238 6626//6234 6706//6314
f 6706//6314 6626//6234 6702//6310
f 6702//6310 6703//6311 6706//6314
f 6706//6314 6703//6311 6707//6315
f 6704//6312 6708//6316 6705//6313
f 6632//6240 6709//6317 6628//6236
f 6628//6236 6709//6317 6708//6316
f 6628//6236 6708//6316 6704//6312
f 6634//6242 6630//6238 6710//6318
f 6710//6318 6630//6238 6706//6314
f 6706//6314 6707//6315 6710//6318
f 6710//6318 6707//6315 6711//6319
f 6636//6244 6712//6320 6632//6240
f 6632//6240 6712//6320 6709//6317
f 6634//6242 6710//6318 6638//6246
f 6638//6246 6710//6318 6639//6247
f 6639//6247 6710//6318 6711//6319
f 6639//6247 6711//6319 6713//6321
f 6713//6321 6711//6319 6714//6322
f 6713//6321 6714//6322 6715//6323
f 6716//6324 6717//6325 6718//6326
f 6640//6248 6716//6324 6636//6244
f 6636//6244 6716//6324 6718//6326
f 6636//6244 6718//6326 6712//6320
f 6639//6247 6713//6321 6642//6250
f 6642//6250 6713//6321 6643//6251
f 6643//6251 6713//6321 6715//6323
f 6643//6251 6715//6323 6719//6327
f 6719//6327 6715//6323 6720//6328
f 6719//6327 6720//6328 6721//6329
f 6721//6329 6720//6328 6722//6330
f 6645//6253 6721//6329 6646//6254
f 6646//6254 6721//6329 6722//6330
f 6646//6254 6722//6330 6723//6331
f 6646//6254 6723//6331 6647//6255
f 6647//6255 6723//6331 6717//6325
f 6647//6255 6717//6325 6716//6324
f 6647//6255 6716//6324 6640//6248
f 6643//6251 6719//6327 6648//6256
f 6648//6256 6719//6327 6649//6257
f 6649//6257 6719//6327 6721//6329
f 6649//6257 6721//6329 6645//6253
f 6657//6265 6656//6264 6724//6332
f 6724//6332 6656//6264 6725//6333
f 6656//6264 6658//6266 6725//6333
f 6725//6333 6658//6266 6726//6334
f 6658//6266 6659//6267 6726//6334
f 6726//6334 6659//6267 6727//6335
f 6659//6267 6660//6268 6727//6335
f 6727//6335 6660//6268 6728//6336
f 6662//6270 6663//6271 6729//6337
f 6663//6271 6664//6272 6729//6337
f 6729//6337 6664//6272 6730//6338
f 6664//6272 6657//6265 6730//6338
f 6730//6338 6657//6265 6724//6332
f 6730//6338 6724//6332 6731//6339
f 6660//6268 6665//6273 6728//6336
f 6728//6336 6665//6273 6732//6340
f 6728//6336 6732//6340 6733//6341
f 6665//6273 6666//6274 6732//6340
f 6668//6276 6662//6270 6734//6342
f 6734//6342 6662//6270 6729//6337
f 6729//6337 6730//6338 6734//6342
f 6734//6342 6730//6338 6735//6343
f 6734//6342 6735//6343 6736//6344
f 6730//6338 6731//6339 6735//6343
f 6732//6340 6737//6345 6733//6341
f 6733//6341 6737//6345 6738//6346
f 6669//6277 6737//6345 6666//6274
f 6666//6274 6737//6345 6732//6340
f 6671//6279 6668//6276 6739//6347
f 6739//6347 6668//6276 6734//6342
f 6734//6342 6736//6344 6739//6347
f 6739//6347 6736//6344 6740//6348
f 6739//6347 6740//6348 6741//6349
f 6741//6349 6740//6348 6742//6350
f 6737//6345 6743//6351 6738//6346
f 6738//6346 6743//6351 6744//6352
f 6672//6280 6743//6351 6669//6277
f 6669//6277 6743//6351 6737//6345
f 6674//6282 6671//6279 6745//6353
f 6745//6353 6671//6279 6739//6347
f 6739//6347 6741//6349 6745//6353
f 6745//6353 6741//6349 6746//6354
f 6741//6349 6742//6350 6746//6354
f 6746//6354 6742//6350 6747//6355
f 6746//6354 6747//6355 6748//6356
f 6748//6356 6747//6355 6749//6357
f 6749//6357 6747//6355 6750//6358
f 6749//6357 6750//6358 6751//6359
f 6751//6359 6750//6358 6752//6360
f 6676//6284 6751//6359 6677//6285
f 6677//6285 6751//6359 6752//6360
f 6677//6285 6752//6360 6743//6351
f 6743//6351 6752//6360 6744//6352
f 6677//6285 6743//6351 6672//6280
f 6679//6287 6680//6288 6753//6361
f 6680//6288 6674//6282 6753//6361
f 6753//6361 6674//6282 6745//6353
f 6753//6361 6745//6353 6754//6362
f 6745//6353 6746//6354 6754//6362
f 6754//6362 6746//6354 6755//6363
f 6746//6354 6748//6356 6755//6363
f 6755//6363 6748//6356 6756//6364
f 6755//6363 6756//6364 6757//6365
f 6748//6356 6749//6357 6756//6364
f 6756//6364 6749//6357 6758//6366
f 6749//6357 6751//6359 6758//6366
f 6758//6366 6751//6359 6759//6367
f 6758//6366 6759//6367 6760//6368
f 6682//6290 6759//6367 6676//6284
f 6676//6284 6759//6367 6751//6359
f 6684//6292 6679//6287 6761//6369
f 6761//6369 6679//6287 6753//6361
f 6753//6361 6754//6362 6761//6369
f 6761//6369 6754//6362 6762//6370
f 6754//6362 6755//6363 6762//6370
f 6762//6370 6755//6363 6763//6371
f 6762//6370 6763//6371 6764//6372
f 6755//6363 6757//6365 6763//6371
f 6759//6367 6765//6373 6760//6368
f 6760//6368 6765//6373 6766//6374
f 6686//6294 6765//6373 6682//6290
f 6682//6290 6765//6373 6759//6367
f 6688//6296 6684//6292 6767//6375
f 6767//6375 6684//6292 6761//6369
f 6761//6369 6762//6370 6767//6375
f 6767//6375 6762//6370 6768//6376
f 6762//6370 6764//6372 6768//6376
f 6768//6376 6764//6372 6769//6377
f 6690//6298 6770//6378 6691//6299
f 6691//6299 6770//6378 6766//6374
f 6691//6299 6766//6374 6765//6373
f 6691//6299 6765//6373 6686//6294
f 6693//6301 6688//6296 6771//6379
f 6771//6379 6688//6296 6767//6375
f 6767//6375 6768//6376 6771//6379
f 6771//6379 6768//6376 6772//6380
f 6768//6376 6769//6377 6772//6380
f 6772//6380 6769//6377 6773//6381
f 6772//6380 6773//6381 6774//6382
f 6774//6382 6773//6381 6775//6383
f 6775//6383 6773//6381 6776//6384
f 6695//6303 6775//6383 6696//6304
f 6696//6304 6775//6383 6776//6384
f 6696//6304 6776//6384 6777//6385
f 6696//6304 6777//6385 6690//6298
f 6690//6298 6777//6385 6770//6378
f 6699//6307 6693//6301 6778//6386
f 6778//6386 6693//6301 6771//6379
f 6771//6379 6772//6380 6778//6386
f 6778//6386 6772//6380 6779//6387
f 6778//6386 6779//6387 6780//6388
f 6772//6380 6774//6382 6779//6387
f 6779//6387 6774//6382 6781//6389
f 6779//6387 6781//6389 6782//6390
f 6774//6382 6775//6383 6781//6389
f 6781//6389 6775//6383 6783//6391
f 6701//6309 6783//6391 6695//6303
f 6695//6303 6783//6391 6775//6383
f 6703//6311 6699//6307 6784//6392
f 6784//6392 6699//6307 6778//6386
f 6784//6392 6778//6386 6785//6393
f 6778//6386 6780//6388 6785//6393
f 6781//6389 6786//6394 6782//6390
f 6781//6389 6783//6391 6786//6394
f 6786//6394 6783//6391 6787//6395
f 6786//6394 6787//6395 6788//6396
f 6705//6313 6787//6395 6701//6309
f 6701//6309 6787//6395 6783//6391
f 6707//6315 6703//6311 6789//6397
f 6789//6397 6703//6311 6784//6392
f 6787//6395 6790//6398 6788//6396
f 6705//6313 6708//6316 6787//6395
f 6787//6395 6708//6316 6791//6399
f 6787//6395 6791//6399 6790//6398
f 6790//6398 6791//6399 6792//6400
f 6708//6316 6709//6317 6791//6399
f 6711//6319 6707//6315 6793//6401
f 6793//6401 6707//6315 6789//6397
f 6791//6399 6794//6402 6792//6400
f 6712//6320 6795//6403 6709//6317
f 6709//6317 6795//6403 6794//6402
f 6709//6317 6794//6402 6791//6399
f 6711//6319 6793//6401 6714//6322
f 6714//6322 6793//6401 6796//6404
f 6714//6322 6796//6404 6715//6323
f 6715//6323 6796//6404 6797//6405
f 6715//6323 6797//6405 6798//6406
f 6798//6406 6797//6405 6799//6407
f 6799//6407 6797//6405 6800//6408
f 6799//6407 6800//6408 6801//6409
f 6717//6325 6802//6410 6718//6326
f 6718//6326 6802//6410 6803//6411
f 6718//6326 6803//6411 6712//6320
f 6712//6320 6803//6411 6795//6403
f 6715//6323 6798//6406 6720//6328
f 6720//6328 6798//6406 6722//6330
f 6722//6330 6798//6406 6799//6407
f 6722//6330 6799//6407 6723//6331
f 6723//6331 6799//6407 6801//6409
f 6723//6331 6801//6409 6804//6412
f 6723//6331 6804//6412 6717//6325
f 6717//6325 6804//6412 6802//6410
f 6724//6332 6725//6333 6805//6413
f 6725//6333 6726//6334 6805//6413
f 6805//6413 6726//6334 6806//6414
f 6805//6413 6806//6414 6807//6415
f 6726//6334 6727//6335 6806//6414
f 6806//6414 6727//6335 6808//6416
f 6727//6335 6728//6336 6808//6416
f 6808//6416 6728//6336 6809//6417
f 6731//6339 6724//6332 6810//6418
f 6810//6418 6724//6332 6805//6413
f 6810//6418 6805//6413 6811//6419
f 6805//6413 6807//6415 6811//6419
f 6733//6341 6812//6420 6728//6336
f 6728//6336 6812//6420 6809//6417
f 6736//6344 6735//6343 6813//6421
f 6735//6343 6731//6339 6813//6421
f 6813//6421 6731//6339 6810//6418
f 6813//6421 6810//6418 6814//6422
f 6814//6422 6810//6418 6815//6423
f 6814//6422 6815//6423 6816//6424
f 6817//6425 6818//6426 6819//6427
f 6738//6346 6817//6425 6733//6341
f 6733//6341 6817//6425 6819//6427
f 6733//6341 6819//6427 6812//6420
f 6736//6344 6813//6421 6740//6348
f 6740//6348 6813//6421 6742//6350
f 6742//6350 6813//6421 6814//6422
f 6742//6350 6814//6422 6820//6428
f 6814//6422 6816//6424 6820//6428
f 6820//6428 6816//6424 6821//6429
f 6820//6428 6821//6429 6822//6430
f 6822//6430 6821//6429 6823//6431
f 6823//6431 6821//6429 6818//6426
f 6823//6431 6818//6426 6817//6425
f 6744//6352 6823//6431 6738//6346
f 6738//6346 6823//6431 6817//6425
f 6742//6350 6820//6428 6747//6355
f 6747//6355 6820//6428 6750//6358
f 6750//6358 6820//6428 6822//6430
f 6750//6358 6822//6430 6752//6360
f 6752//6360 6822//6430 6823//6431
f 6752//6360 6823//6431 6744//6352
f 6757//6365 6756//6364 6824//6432
f 6756//6364 6758//6366 6824//6432
f 6824//6432 6758//6366 6825//6433
f 6758//6366 6760//6368 6825//6433
f 6764//6372 6763//6371 6826//6434
f 6763//6371 6757//6365 6826//6434
f 6826//6434 6757//6365 6824//6432
f 6826//6434 6824//6432 6827//6435
f 6827//6435 6824//6432 6828//6436
f 6824//6432 6825//6433 6828//6436
f 6828//6436 6825//6433 6829//6437
f 6766//6374 6830//6438 6760//6368
f 6760//6368 6830//6438 6829//6437
f 6760//6368 6829//6437 6825//6433
f 6769//6377 6764//6372 6831//6439
f 6831//6439 6764//6372 6826//6434
f 6826//6434 6827//6435 6831//6439
f 6831//6439 6827//6435 6832//6440
f 6831//6439 6832//6440 6833//6441
f 6833//6441 6832//6440 6834//6442
f 6834//6442 6832//6440 6835//6443
f 6770//6378 6834//6442 6766//6374
f 6766//6374 6834//6442 6835//6443
f 6766//6374 6835//6443 6830//6438
f 6769//6377 6831//6439 6773//6381
f 6773//6381 6831//6439 6776//6384
f 6776//6384 6831//6439 6833//6441
f 6776//6384 6833//6441 6777//6385
f 6777//6385 6833//6441 6834//6442
f 6777//6385 6834//6442 6770//6378
f 6780//6388 6779//6387 6836//6444
f 6779//6387 6782//6390 6836//6444
f 6784//6392 6785//6393 6837//6445
f 6785//6393 6780//6388 6837//6445
f 6837//6445 6780//6388 6836//6444
f 6837//6445 6836//6444 6838//6446
f 6838//6446 6836//6444 6839//6447
f 6782//6390 6786//6394 6836//6444
f 6836//6444 6786//6394 6840//6448
f 6836//6444 6840//6448 6839//6447
f 6839//6447 6840//6448 6841//6449
f 6786//6394 6788//6396 6840//6448
f 6789//6397 6784//6392 6842//6450
f 6842//6450 6784//6392 6837//6445
f 6842//6450 6837//6445 6843//6451
f 6837//6445 6838//6446 6843//6451
f 6840//6448 6844//6452 6841//6449
f 6788//6396 6790//6398 6840//6448
f 6840//6448 6790//6398 6845//6453
f 6840//6448 6845//6453 6844//6452
f 6790//6398 6792//6400 6845//6453
f 6845//6453 6792//6400 6846//6454
f 6793//6401 6789//6397 6847//6455
f 6847//6455 6789//6397 6842//6450
f 6847//6455 6842//6450 6848//6456
f 6847//6455 6848//6456 6849//6457
f 6792//6400 6794//6402 6846//6454
f 6846//6454 6794//6402 6850//6458
f 6846//6454 6850//6458 6851//6459
f 6794//6402 6795//6403 6850//6458
f 6793//6401 6847//6455 6796//6404
f 6796//6404 6847//6455 6797//6405
f 6797//6405 6847//6455 6849//6457
f 6797//6405 6849//6457 6852//6460
f 6797//6405 6852//6460 6800//6408
f 6800//6408 6852//6460 6853//6461
f 6800//6408 6853//6461 6801//6409
f 6801//6409 6853//6461 6854//6462
f 6801//6409 6854//6462 6855//6463
f 6802//6410 6855//6463 6803//6411
f 6803//6411 6855//6463 6854//6462
f 6803//6411 6854//6462 6850//6458
f 6850//6458 6854//6462 6851//6459
f 6803//6411 6850//6458 6795//6403
f 6801//6409 6855//6463 6804//6412
f 6804//6412 6855//6463 6802//6410
f 6807//6415 6806//6414 6856//6464
f 6856//6464 6806//6414 6857//6465
f 6806//6414 6808//6416 6857//6465
f 6857//6465 6808//6416 6858//6466
f 6808//6416 6809//6417 6858//6466
f 6858//6466 6809//6417 6859//6467
f 6810//6418 6811//6419 6860//6468
f 6811//6419 6807//6415 6860//6468
f 6860//6468 6807//6415 6856//6464
f 6860//6468 6856//6464 6861//6469
f 6862//6470 6863//6471 6864//6472
f 6812//6420 6862//6470 6809//6417
f 6809//6417 6862//6470 6864//6472
f 6809//6417 6864//6472 6859//6467
f 6810//6418 6860//6468 6815//6423
f 6815//6423 6860//6468 6816//6424
f 6816//6424 6860//6468 6861//6469
f 6816//6424 6861//6469 6865//6473
f 6865//6473 6861//6469 6866//6474
f 6818//6426 6865//6473 6819//6427
f 6819//6427 6865//6473 6866//6474
f 6819//6427 6866//6474 6862//6470
f 6862//6470 6866//6474 6863//6471
f 6819//6427 6862//6470 6812//6420
f 6816//6424 6865//6473 6821//6429
f 6821//6429 6865//6473 6818//6426
f 6827//6435 6828//6436 6867//6475
f 6828//6436 6829//6437 6867//6475
f 6867//6475 6829//6437 6868//6476
f 6829//6437 6830//6438 6868//6476
f 6827//6435 6867//6475 6832//6440
f 6832//6440 6867//6475 6835//6443
f 6835//6443 6867//6475 6868//6476
f 6835//6443 6868//6476 6830//6438
f 6838//6446 6839//6447 6869//6477
f 6839//6447 6841//6449 6869//6477
f 6842//6450 6843//6451 6870//6478
f 6843//6451 6838//6446 6870//6478
f 6870//6478 6838//6446 6869//6477
f 6870//6478 6869//6477 6871//6479
f 6871//6479 6869//6477 6872//6480
f 6841//6449 6844//6452 6869//6477
f 6869//6477 6844//6452 6873//6481
f 6869//6477 6873//6481 6872//6480
f 6844//6452 6845//6453 6873//6481
f 6873//6481 6845//6453 6874//6482
f 6845//6453 6846//6454 6874//6482
f 6874//6482 6846//6454 6875//6483
f 6842//6450 6870//6478 6848//6456
f 6848//6456 6870//6478 6849//6457
f 6849//6457 6870//6478 6871//6479
f 6849//6457 6871//6479 6876//6484
f 6851//6459 6877//6485 6846//6454
f 6846//6454 6877//6485 6878//6486
f 6846//6454 6878//6486 6875//6483
f 6877//6485 6879//6487 6878//6486
f 6849//6457 6876//6484 6852//6460
f 6852//6460 6876//6484 6880//6488
f 6852//6460 6880//6488 6853//6461
f 6853//6461 6880//6488 6881//6489
f 6853//6461 6881//6489 6854//6462
f 6854//6462 6881//6489 6882//6490
f 6854//6462 6882//6490 6851//6459
f 6851//6459 6882//6490 6883//6491
f 6851//6459 6883//6491 6877//6485
f 6877//6485 6883//6491 6879//6487
f 6884//6492 6885//6493 6886//6494
f 6884//6492 6887//6495 6885//6493
f 6856//6464 6857//6465 6888//6496
f 6888//6496 6857//6465 6884//6492
f 6888//6496 6884//6492 6886//6494
f 6857//6465 6858//6466 6884//6492
f 6884//6492 6858//6466 6889//6497
f 6884//6492 6889//6497 6887//6495
f 6858//6466 6859//6467 6889//6497
f 6889//6497 6859//6467 6890//6498
f 6861//6469 6856//6464 6891//6499
f 6891//6499 6856//6464 6888//6496
f 6863//6471 6892//6500 6864//6472
f 6864//6472 6892//6500 6893//6501
f 6864//6472 6893//6501 6859//6467
f 6859//6467 6893//6501 6890//6498
f 6861//6469 6891//6499 6866//6474
f 6866//6474 6891//6499 6894//6502
f 6866//6474 6894//6502 6863//6471
f 6863//6471 6894//6502 6892//6500
f 6871//6479 6872//6480 6895//6503
f 6895//6503 6872//6480 6896//6504
f 6872//6480 6873//6481 6896//6504
f 6896//6504 6873//6481 6897//6505
f 6873//6481 6874//6482 6897//6505
f 6897//6505 6874//6482 6898//6506
f 6874//6482 6875//6483 6898//6506
f 6898//6506 6875//6483 6899//6507
f 6876//6484 6871//6479 6900//6508
f 6900//6508 6871//6479 6895//6503
f 6875//6483 6878//6486 6899//6507
f 6899//6507 6878//6486 6901//6509
f 6878//6486 6879//6487 6901//6509
f 6901//6509 6879//6487 6902//6510
f 6876//6484 6900//6508 6880//6488
f 6880//6488 6900//6508 6903//6511
f 6880//6488 6903//6511 6881//6489
f 6881//6489 6903//6511 6904//6512
f 6881//6489 6904//6512 6882//6490
f 6882//6490 6904//6512 6905//6513
f 6882//6490 6905//6513 6906//6514
f 6882//6490 6906//6514 6883//6491
f 6883//6491 6906//6514 6907//6515
f 6883//6491 6907//6515 6908//6516
f 6883//6491 6908//6516 6879//6487
f 6879//6487 6908//6516 6902//6510
f 6906//6514 6905//6513 6909//6517
f 6906//6514 6909//6517 6907//6515
f 6886//6494 6885//6493 6910//6518
f 6910//6518 6885//6493 6911//6519
f 6885//6493 6887//6495 6911//6519
f 6911//6519 6887//6495 6912//6520
f 6911//6519 6912//6520 6913//6521
f 6912//6520 6914//6522 6913//6521
f 6888//6496 6886//6494 6915//6523
f 6915//6523 6886//6494 6910//6518
f 6887//6495 6889//6497 6912//6520
f 6889//6497 6890//6498 6912//6520
f 6912//6520 6890//6498 6916//6524
f 6912//6520 6916//6524 6914//6522
f 6891//6499 6888//6496 6917//6525
f 6917//6525 6888//6496 6915//6523
f 6892//6500 6918//6526 6893//6501
f 6893//6501 6918//6526 6890//6498
f 6890//6498 6918//6526 6919//6527
f 6890//6498 6919//6527 6916//6524
f 6891//6499 6917//6525 6894//6502
f 6894//6502 6917//6525 6920//6528
f 6894//6502 6920//6528 6892//6500
f 6892//6500 6920//6528 6921//6529
f 6892//6500 6921//6529 6918//6526
f 6918//6526 6921//6529 6919//6527
f 6922//6530 6923//6531 6924//6532
f 6922//6530 6925//6533 6923//6531
f 6922//6530 6924//6532 6926//6534
f 6922//6530 6926//6534 6925//6533
f 6895//6503 6896//6504 6927//6535
f 6927//6535 6896//6504 6928//6536
f 6896//6504 6897//6505 6928//6536
f 6928//6536 6897//6505 6929//6537
f 6897//6505 6898//6506 6929//6537
f 6929//6537 6898//6506 6930//6538
f 6898//6506 6899//6507 6930//6538
f 6930//6538 6899//6507 6931//6539
f 6900//6508 6895//6503 6932//6540
f 6932//6540 6895//6503 6927//6535
f 6899//6507 6901//6509 6931//6539
f 6931//6539 6901//6509 6933//6541
f 6931//6539 6933//6541 6934//6542
f 6901//6509 6902//6510 6933//6541
f 6900//6508 6932//6540 6903//6511
f 6903//6511 6932//6540 6935//6543
f 6903//6511 6935//6543 6936//6544
f 6903//6511 6936//6544 6904//6512
f 6904//6512 6936//6544 6937//6545
f 6904//6512 6937//6545 6905//6513
f 6907//6515 6938//6546 6908//6516
f 6908//6516 6938//6546 6934//6542
f 6908//6516 6934//6542 6933//6541
f 6908//6516 6933//6541 6902//6510
f 6936//6544 6935//6543 6939//6547
f 6936//6544 6939//6547 6937//6545
f 6937//6545 6939//6547 6940//6548
f 6905//6513 6937//6545 6909//6517
f 6909//6517 6937//6545 6940//6548
f 6909//6517 6940//6548 6941//6549
f 6909//6517 6941//6549 6907//6515
f 6907//6515 6941//6549 6938//6546
f 6910//6518 6911//6519 6942//6550
f 6911//6519 6913//6521 6942//6550
f 6942//6550 6913//6521 6943//6551
f 6942//6550 6943//6551 6944//6552
f 6913//6521 6914//6522 6943//6551
f 6943//6551 6914//6522 6945//6553
f 6915//6523 6910//6518 6946//6554
f 6946//6554 6910//6518 6942//6550
f 6946//6554 6942//6550 6947//6555
f 6942//6550 6944//6552 6947//6555
f 6916//6524 6948//6556 6914//6522
f 6914//6522 6948//6556 6949//6557
f 6914//6522 6949//6557 6945//6553
f 6948//6556 6950//6558 6949//6557
f 6917//6525 6915//6523 6951//6559
f 6951//6559 6915//6523 6946//6554
f 6919//6527 6952//6560 6916//6524
f 6916//6524 6952//6560 6953//6561
f 6916//6524 6953//6561 6948//6556
f 6948//6556 6953//6561 6950//6558
f 6917//6525 6951//6559 6920//6528
f 6920//6528 6951//6559 6954//6562
f 6920//6528 6954//6562 6921//6529
f 6921//6529 6954//6562 6955//6563
f 6921//6529 6955//6563 6919//6527
f 6919//6527 6955//6563 6952//6560
f 6924//6532 6923//6531 6956//6564
f 6956//6564 6923//6531 6957//6565
f 6923//6531 6925//6533 6957//6565
f 6957//6565 6925//6533 6958//6566
f 6957//6565 6958//6566 6959//6567
f 6958//6566 6960//6568 6959//6567
f 6924//6532 6956//6564 6926//6534
f 6926//6534 6956//6564 6961//6569
f 6926//6534 6961//6569 6925//6533
f 6925//6533 6961//6569 6962//6570
f 6925//6533 6962//6570 6958//6566
f 6958//6566 6962//6570 6960//6568
f 6927//6535 6928//6536 6963//6571
f 6963//6571 6928//6536 6964//6572
f 6928//6536 6929//6537 6964//6572
f 6964//6572 6929//6537 6965//6573
f 6929//6537 6930//6538 6965//6573
f 6965//6573 6930//6538 6966//6574
f 6965//6573 6966//6574 6967//6575
f 6930//6538 6931//6539 6966//6574
f 6968//6576 6969//6577 6970//6578
f 6932//6540 6927//6535 6968//6576
f 6968//6576 6927//6535 6963//6571
f 6968//6576 6963//6571 6969//6577
f 6966//6574 6971//6579 6967//6575
f 6934//6542 6972//6580 6931//6539
f 6931//6539 6972//6580 6971//6579
f 6931//6539 6971//6579 6966//6574
f 6968//6576 6970//6578 6973//6581
f 6935//6543 6932//6540 6974//6582
f 6974//6582 6932//6540 6968//6576
f 6974//6582 6968//6576 6973//6581
f 6938//6546 6975//6583 6934//6542
f 6934//6542 6975//6583 6972//6580
f 6935//6543 6974//6582 6939//6547
f 6939//6547 6974//6582 6976//6584
f 6939//6547 6976//6584 6940//6548
f 6940//6548 6976//6584 6977//6585
f 6940//6548 6977//6585 6941//6549
f 6941//6549 6977//6585 6978//6586
f 6941//6549 6978//6586 6938//6546
f 6938//6546 6978//6586 6975//6583
f 6944//6552 6943//6551 6979//6587
f 6979//6587 6943//6551 6980//6588
f 6943//6551 6945//6553 6980//6588
f 6980//6588 6945//6553 6981//6589
f 6946//6554 6947//6555 6982//6590
f 6982//6590 6947//6555 6983//6591
f 6947//6555 6944//6552 6983//6591
f 6983//6591 6944//6552 6979//6587
f 6945//6553 6949//6557 6981//6589
f 6981//6589 6949//6557 6984//6592
f 6949//6557 6950//6558 6984//6592
f 6984//6592 6950//6558 6985//6593
f 6951//6559 6946//6554 6986//6594
f 6986//6594 6946//6554 6982//6590
f 6952//6560 6987//6595 6953//6561
f 6953//6561 6987//6595 6950//6558
f 6950//6558 6987//6595 6988//6596
f 6950//6558 6988//6596 6985//6593
f 6951//6559 6986//6594 6954//6562
f 6954//6562 6986//6594 6989//6597
f 6954//6562 6989//6597 6955//6563
f 6955//6563 6989//6597 6990//6598
f 6955//6563 6990//6598 6952//6560
f 6952//6560 6990//6598 6991//6599
f 6952//6560 6991//6599 6987//6595
f 6987//6595 6991//6599 6988//6596
f 6956//6564 6957//6565 6992//6600
f 6957//6565 6959//6567 6992//6600
f 6992//6600 6959//6567 6993//6601
f 6959//6567 6960//6568 6993//6601
f 6956//6564 6992//6600 6961//6569
f 6961//6569 6992//6600 6962//6570
f 6962//6570 6992//6600 6993//6601
f 6962//6570 6993//6601 6960//6568
f 6963//6571 6964//6572 6994//6602
f 6994//6602 6964//6572 6995//6603
f 6964//6572 6965//6573 6995//6603
f 6995//6603 6965//6573 6996//6604
f 6995//6603 6996//6604 6997//6605
f 6965//6573 6967//6575 6996//6604
f 6970//6578 6969//6577 6998//6606
f 6998//6606 6969//6577 6999//6607
f 6969//6577 6963//6571 6999//6607
f 6999//6607 6963//6571 6994//6602
f 6996//6604 7000//6608 6997//6605
f 6967//6575 6971//6579 6996//6604
f 6996//6604 6971//6579 7001//6609
f 6996//6604 7001//6609 7000//6608
f 7000//6608 7001//6609 7002//6610
f 6971//6579 6972//6580 7001//6609
f 6970//6578 6998//6606 6973//6581
f 6973//6581 6998//6606 7003//6611
f 6973//6581 7003//6611 7004//6612
f 6973//6581 7004//6612 6974//6582
f 7001//6609 7005//6613 7002//6610
f 7002//6610 7005//6613 7006//6614
f 6975//6583 7005//6613 6972//6580
f 6972//6580 7005//6613 7001//6609
f 7004//6612 7003//6611 7007//6615
f 6974//6582 7004//6612 6976//6584
f 6976//6584 7004//6612 7007//6615
f 6976//6584 7007//6615 7008//6616
f 7008//6616 7007//6615 7009//6617
f 6976//6584 7008//6616 6977//6585
f 6977//6585 7008//6616 7010//6618
f 6977//6585 7010//6618 7011//6619
f 6977//6585 7011//6619 6978//6586
f 6978//6586 7011//6619 7006//6614
f 6978//6586 7006//6614 7005//6613
f 6978//6586 7005//6613 6975//6583
f 7008//6616 7009//6617 7012//6620
f 7008//6616 7012//6620 7010//6618
f 6979//6587 6980//6588 7013//6621
f 6980//6588 6981//6589 7013//6621
f 6982//6590 6983//6591 7014//6622
f 6983//6591 6979//6587 7014//6622
f 7014//6622 6979//6587 7013//6621
f 7014//6622 7013//6621 7015//6623
f 7015//6623 7013//6621 7016//6624
f 6981//6589 6984//6592 7013//6621
f 7013//6621 6984//6592 7017//6625
f 7013//6621 7017//6625 7016//6624
f 7016//6624 7017//6625 7018//6626
f 6984//6592 6985//6593 7017//6625
f 6986//6594 6982//6590 7019//6627
f 7019//6627 6982//6590 7014//6622
f 7019//6627 7014//6622 7020//6628
f 7014//6622 7015//6623 7020//6628
f 7017//6625 7021//6629 7018//6626
f 6988//6596 7022//6630 6985//6593
f 6985//6593 7022//6630 7021//6629
f 6985//6593 7021//6629 7017//6625
f 6986//6594 7019//6627 6989//6597
f 6989//6597 7019//6627 7023//6631
f 6989//6597 7023//6631 6990//6598
f 6990//6598 7023//6631 7024//6632
f 6990//6598 7024//6632 7025//6633
f 6990//6598 7025//6633 6991//6599
f 6991//6599 7025//6633 7026//6634
f 6991//6599 7026//6634 7027//6635
f 6991//6599 7027//6635 6988//6596
f 6988//6596 7027//6635 7022//6630
f 7025//6633 7024//6632 7028//6636
f 7025//6633 7028//6636 7026//6634
f 6994//6602 6995//6603 7029//6637
f 6995//6603 6997//6605 7029//6637
f 6998//6606 6999//6607 7030//6638
f 7030//6638 6999//6607 7031//6639
f 6999//6607 6994//6602 7031//6639
f 7031//6639 6994//6602 7029//6637
f 7031//6639 7029//6637 7032//6640
f 6997//6605 7000//6608 7029//6637
f 7029//6637 7000//6608 7033//6641
f 7029//6637 7033//6641 7032//6640
f 7032//6640 7033//6641 7034//6642
f 7000//6608 7002//6610 7033//6641
f 7035//6643 7036//6644 7037//6645
f 7003//6611 6998//6606 7035//6643
f 7035//6643 6998//6606 7030//6638
f 7035//6643 7030//6638 7036//6644
f 7033//6641 7038//6646 7034//6642
f 7006//6614 7039//6647 7002//6610
f 7002//6610 7039//6647 7038//6646
f 7002//6610 7038//6646 7033//6641
f 7035//6643 7037//6645 7040//6648
f 7040//6648 7037//6645 7041//6649
f 7003//6611 7035//6643 7007//6615
f 7007//6615 7035//6643 7040//6648
f 7007//6615 7040//6648 7042//6650
f 7007//6615 7042//6650 7009//6617
f 7010//6618 7043//6651 7011//6619
f 7011//6619 7043//6651 7044//6652
f 7011//6619 7044//6652 7006//6614
f 7006//6614 7044//6652 7039//6647
f 7040//6648 7041//6649 7045//6653
f 7040//6648 7045//6653 7042//6650
f 7042//6650 7045//6653 7046//6654
f 7042//6650 7046//6654 7047//6655
f 7009//6617 7042//6650 7012//6620
f 7012//6620 7042//6650 7047//6655
f 7012//6620 7047//6655 7048//6656
f 7048//6656 7047//6655 7049//6657
f 7012//6620 7048//6656 7010//6618
f 7010//6618 7048//6656 7043//6651
f 7047//6655 7046//6654 7050//6658
f 7047//6655 7050//6658 7049//6657
f 7015//6623 7016//6624 7051//6659
f 7016//6624 7018//6626 7051//6659
f 7019//6627 7020//6628 7052//6660
f 7020//6628 7015//6623 7052//6660
f 7052//6660 7015//6623 7051//6659
f 7052//6660 7051//6659 7053//6661
f 7053//6661 7051//6659 7054//6662
f 7018//6626 7021//6629 7051//6659
f 7051//6659 7021//6629 7055//6663
f 7051//6659 7055//6663 7054//6662
f 7021//6629 7022//6630 7055//6663
f 7055//6663 7022//6630 7056//6664
f 7019//6627 7052//6660 7023//6631
f 7023//6631 7052//6660 7024//6632
f 7024//6632 7052//6660 7053//6661
f 7024//6632 7053//6661 7057//6665
f 7026//6634 7058//6666 7027//6635
f 7027//6635 7058//6666 7022//6630
f 7022//6630 7058//6666 7059//6667
f 7022//6630 7059//6667 7056//6664
f 7024//6632 7057//6665 7028//6636
f 7028//6636 7057//6665 7060//6668
f 7028//6636 7060//6668 7026//6634
f 7026//6634 7060//6668 7061//6669
f 7026//6634 7061//6669 7058//6666
f 7058//6666 7061//6669 7059//6667
f 7062//6670 7063//6671 7064//6672
f 7062//6670 7065//6673 7063//6671
f 7063//6671 7065//6673 7066//6674
f 7065//6673 7067//6675 7066//6674
f 7062//6670 7064//6672 7068//6676
f 7062//6670 7068//6676 7065//6673
f 7065//6673 7068//6676 7069//6677
f 7065//6673 7069//6677 7067//6675
f 7030//6638 7031//6639 7070//6678
f 7031//6639 7032//6640 7070//6678
f 7070//6678 7032//6640 7071//6679
f 7032//6640 7034//6642 7071//6679
f 7037//6645 7036//6644 7072//6680
f 7072//6680 7036//6644 7073//6681
f 7036//6644 7030//6638 7073//6681
f 7073//6681 7030//6638 7070//6678
f 7073//6681 7070//6678 7074//6682
f 7070//6678 7071//6679 7074//6682
f 7074//6682 7071//6679 7075//6683
f 7034//6642 7038//6646 7071//6679
f 7071//6679 7038//6646 7076//6684
f 7071//6679 7076//6684 7075//6683
f 7075//6683 7076//6684 7077//6685
f 7038//6646 7039//6647 7076//6684
f 7078//6686 7079//6687 7080//6688
f 7041//6649 7037//6645 7078//6686
f 7078//6686 7037//6645 7072//6680
f 7078//6686 7072//6680 7079//6687
f 7043//6651 7081//6689 7044//6652
f 7044//6652 7081//6689 7077//6685
f 7044//6652 7077//6685 7076//6684
f 7044//6652 7076//6684 7039//6647
f 7078//6686 7080//6688 7082//6690
f 7082//6690 7080//6688 7083//6691
f 7041//6649 7078//6686 7045//6653
f 7045//6653 7078//6686 7082//6690
f 7045//6653 7082//6690 7084//6692
f 7045//6653 7084//6692 7046//6654
f 7049//6657 7085//6693 7048//6656
f 7048//6656 7085//6693 7086//6694
f 7048//6656 7086//6694 7043//6651
f 7043//6651 7086//6694 7081//6689
f 7082//6690 7083//6691 7087//6695
f 7082//6690 7087//6695 7084//6692
f 7084//6692 7087//6695 7088//6696
f 7046//6654 7084//6692 7050//6658
f 7050//6658 7084//6692 7088//6696
f 7050//6658 7088//6696 7089//6697
f 7050//6658 7089//6697 7049//6657
f 7049//6657 7089//6697 7085//6693
f 7053//6661 7054//6662 7090//6698
f 7090//6698 7054//6662 7091//6699
f 7054//6662 7055//6663 7091//6699
f 7091//6699 7055//6663 7092//6700
f 7091//6699 7092//6700 7093//6701
f 7055//6663 7056//6664 7092//6700
f 7057//6665 7053//6661 7094//6702
f 7094//6702 7053//6661 7090//6698
f 7092//6700 7095//6703 7093//6701
f 7059//6667 7096//6704 7056//6664
f 7056//6664 7096//6704 7095//6703
f 7056//6664 7095//6703 7092//6700
f 7057//6665 7094//6702 7060//6668
f 7060//6668 7094//6702 7097//6705
f 7060//6668 7097//6705 7061//6669
f 7061//6669 7097//6705 7098//6706
f 7061//6669 7098//6706 7059//6667
f 7059//6667 7098//6706 7096//6704
f 7064//6672 7063//6671 7099//6707
f 7099//6707 7063//6671 7100//6708
f 7063//6671 7066//6674 7100//6708
f 7100//6708 7066//6674 7101//6709
f 7066//6674 7067//6675 7101//6709
f 7101//6709 7067//6675 7102//6710
f 7064//6672 7099//6707 7068//6676
f 7068//6676 7099//6707 7103//6711
f 7068//6676 7103//6711 7069//6677
f 7069//6677 7103//6711 7104//6712
f 7069//6677 7104//6712 7067//6675
f 7067//6675 7104//6712 7102//6710
f 7072//6680 7073//6681 7105//6713
f 7105//6713 7073//6681 7106//6714
f 7073//6681 7074//6682 7106//6714
f 7106//6714 7074//6682 7107//6715
f 7074//6682 7075//6683 7107//6715
f 7107//6715 7075//6683 7108//6716
f 7107//6715 7108//6716 7109//6717
f 7075//6683 7077//6685 7108//6716
f 7080//6688 7079//6687 7110//6718
f 7110//6718 7079//6687 7111//6719
f 7079//6687 7072//6680 7111//6719
f 7111//6719 7072//6680 7105//6713
f 7108//6716 7112//6720 7109//6717
f 7109//6717 7112//6720 7113//6721
f 7081//6689 7112//6720 7077//6685
f 7077//6685 7112//6720 7108//6716
f 7114//6722 7115//6723 7116//6724
f 7083//6691 7080//6688 7114//6722
f 7114//6722 7080//6688 7110//6718
f 7114//6722 7110//6718 7115//6723
f 7085//6693 7117//6725 7086//6694
f 7086//6694 7117//6725 7113//6721
f 7086//6694 7113//6721 7112//6720
f 7086//6694 7112//6720 7081//6689
f 7114//6722 7116//6724 7118//6726
f 7083//6691 7114//6722 7087//6695
f 7087//6695 7114//6722 7118//6726
f 7087//6695 7118//6726 7119//6727
f 7119//6727 7118//6726 7120//6728
f 7087//6695 7119//6727 7088//6696
f 7088//6696 7119//6727 7121//6729
f 7088//6696 7121//6729 7089//6697
f 7089//6697 7121//6729 7122//6730
f 7089//6697 7122//6730 7123//6731
f 7089//6697 7123//6731 7085//6693
f 7085//6693 7123//6731 7117//6725
f 7119//6727 7120//6728 7124//6732
f 7119//6727 7124//6732 7121//6729
f 7121//6729 7124//6732 7125//6733
f 7121//6729 7125//6733 7122//6730
f 7090//6698 7091//6699 7126//6734
f 7091//6699 7093//6701 7126//6734
f 7094//6702 7090//6698 7127//6735
f 7127//6735 7090//6698 7126//6734
f 7127//6735 7126//6734 7128//6736
f 7093//6701 7095//6703 7126//6734
f 7126//6734 7095//6703 7129//6737
f 7126//6734 7129//6737 7128//6736
f 7095//6703 7096//6704 7129//6737
f 7129//6737 7096//6704 7130//6738
f 7094//6702 7127//6735 7097//6705
f 7097//6705 7127//6735 7131//6739
f 7097//6705 7131//6739 7132//6740
f 7097//6705 7132//6740 7098//6706
f 7098//6706 7132//6740 7133//6741
f 7098//6706 7133//6741 7096//6704
f 7096//6704 7133//6741 7134//6742
f 7096//6704 7134//6742 7130//6738
f 7132//6740 7131//6739 7135//6743
f 7132//6740 7135//6743 7133//6741
f 7133//6741 7135//6743 7136//6744
f 7133//6741 7136//6744 7134//6742
f 7099//6707 7100//6708 7137//6745
f 7100//6708 7101//6709 7137//6745
f 7137//6745 7101//6709 7138//6746
f 7101//6709 7102//6710 7138//6746
f 7099//6707 7137//6745 7103//6711
f 7103//6711 7137//6745 7104//6712
f 7104//6712 7137//6745 7138//6746
f 7104//6712 7138//6746 7102//6710
f 7105//6713 7106//6714 7139//6747
f 7106//6714 7107//6715 7139//6747
f 7139//6747 7107//6715 7140//6748
f 7107//6715 7109//6717 7140//6748
f 7110//6718 7111//6719 7141//6749
f 7141//6749 7111//6719 7142//6750
f 7111//6719 7105//6713 7142//6750
f 7142//6750 7105//6713 7139//6747
f 7142//6750 7139//6747 7143//6751
f 7139//6747 7140//6748 7143//6751
f 7143//6751 7140//6748 7144//6752
f 7143//6751 7144//6752 7145//6753
f 7113//6721 7144//6752 7109//6717
f 7109//6717 7144//6752 7140//6748
f 7116//6724 7115//6723 7146//6754
f 7146//6754 7115//6723 7147//6755
f 7115//6723 7110//6718 7147//6755
f 7147//6755 7110//6718 7141//6749
f 7144//6752 7148//6756 7145//6753
f 7117//6725 7149//6757 7113//6721
f 7113//6721 7149//6757 7148//6756
f 7113//6721 7148//6756 7144//6752
f 7116//6724 7146//6754 7118//6726
f 7118//6726 7146//6754 7150//6758
f 7118//6726 7150//6758 7151//6759
f 7118//6726 7151//6759 7120//6728
f 7122//6730 7152//6760 7123//6731
f 7123//6731 7152//6760 7153//6761
f 7123//6731 7153//6761 7117//6725
f 7117//6725 7153//6761 7149//6757
f 7151//6759 7150//6758 7154//6762
f 7120//6728 7151//6759 7124//6732
f 7124//6732 7151//6759 7154//6762
f 7124//6732 7154//6762 7155//6763
f 7124//6732 7155//6763 7125//6733
f 7125//6733 7155//6763 7156//6764
f 7125//6733 7156//6764 7122//6730
f 7122//6730 7156//6764 7152//6760
f 7127//6735 7128//6736 7157//6765
f 7128//6736 7129//6737 7157//6765
f 7157//6765 7129//6737 7158//6766
f 7157//6765 7158//6766 7159//6767
f 7129//6737 7130//6738 7158//6766
f 7158//6766 7130//6738 7160//6768
f 7131//6739 7127//6735 7161//6769
f 7161//6769 7127//6735 7157//6765
f 7157//6765 7159//6767 7161//6769
f 7161//6769 7159//6767 7162//6770
f 7134//6742 7163//6771 7130//6738
f 7130//6738 7163//6771 7164//6772
f 7130//6738 7164//6772 7160//6768
f 7163//6771 7165//6773 7164//6772
f 7131//6739 7161//6769 7135//6743
f 7135//6743 7161//6769 7136//6744
f 7136//6744 7161//6769 7162//6770
f 7136//6744 7162//6770 7166//6774
f 7136//6744 7166//6774 7134//6742
f 7134//6742 7166//6774 7167//6775
f 7134//6742 7167//6775 7163//6771
f 7163//6771 7167//6775 7165//6773
f 7141//6749 7142//6750 7168//6776
f 7142//6750 7143//6751 7168//6776
f 7168//6776 7143//6751 7169//6777
f 7143//6751 7145//6753 7169//6777
f 7146//6754 7147//6755 7170//6778
f 7147//6755 7141//6749 7170//6778
f 7170//6778 7141//6749 7168//6776
f 7170//6778 7168//6776 7171//6779
f 7171//6779 7168//6776 7172//6780
f 7168//6776 7169//6777 7172//6780
f 7172//6780 7169//6777 7173//6781
f 7145//6753 7148//6756 7169//6777
f 7169//6777 7148//6756 7174//6782
f 7169//6777 7174//6782 7173//6781
f 7173//6781 7174//6782 7175//6783
f 7148//6756 7149//6757 7174//6782
f 7150//6758 7146//6754 7176//6784
f 7176//6784 7146//6754 7170//6778
f 7170//6778 7171//6779 7176//6784
f 7176//6784 7171//6779 7177//6785
f 7176//6784 7177//6785 7178//6786
f 7178//6786 7177//6785 7179//6787
f 7179//6787 7177//6785 7180//6788
f 7152//6760 7179//6787 7153//6761
f 7153//6761 7179//6787 7180//6788
f 7153//6761 7180//6788 7174//6782
f 7174//6782 7180//6788 7175//6783
f 7153//6761 7174//6782 7149//6757
f 7150//6758 7176//6784 7154//6762
f 7154//6762 7176//6784 7155//6763
f 7155//6763 7176//6784 7178//6786
f 7155//6763 7178//6786 7156//6764
f 7156//6764 7178//6786 7179//6787
f 7156//6764 7179//6787 7152//6760
f 7159//6767 7158//6766 7181//6789
f 7181//6789 7158//6766 7182//6790
f 7158//6766 7160//6768 7182//6790
f 7182//6790 7160//6768 7183//6791
f 7162//6770 7159//6767 7184//6792
f 7184//6792 7159//6767 7181//6789
f 7160//6768 7164//6772 7183//6791
f 7183//6791 7164//6772 7185//6793
f 7164//6772 7165//6773 7185//6793
f 7185//6793 7165//6773 7186//6794
f 7162//6770 7184//6792 7166//6774
f 7166//6774 7184//6792 7187//6795
f 7166//6774 7187//6795 7188//6796
f 7166//6774 7188//6796 7167//6775
f 7167//6775 7188//6796 7189//6797
f 7167//6775 7189//6797 7190//6798
f 7167//6775 7190//6798 7165//6773
f 7165//6773 7190//6798 7186//6794
f 7188//6796 7187//6795 7191//6799
f 7188//6796 7191//6799 7189//6797
f 7171//6779 7172//6780 7192//6800
f 7172//6780 7173//6781 7192//6800
f 7192//6800 7173//6781 7193//6801
f 7173//6781 7175//6783 7193//6801
f 7171//6779 7192//6800 7177//6785
f 7177//6785 7192//6800 7180//6788
f 7180//6788 7192//6800 7193//6801
f 7180//6788 7193//6801 7175//6783
f 7181//6789 7182//6790 7194//6802
f 7182//6790 7183//6791 7194//6802
f 7184//6792 7181//6789 7195//6803
f 7195//6803 7181//6789 7194//6802
f 7195//6803 7194//6802 7196//6804
f 7183//6791 7185//6793 7194//6802
f 7194//6802 7185//6793 7197//6805
f 7194//6802 7197//6805 7196//6804
f 7185//6793 7186//6794 7197//6805
f 7197//6805 7186//6794 7198//6806
f 7187//6795 7184//6792 7199//6807
f 7199//6807 7184//6792 7195//6803
f 7199//6807 7195//6803 7200//6808
f 7189//6797 7199//6807 7190//6798
f 7190//6798 7199//6807 7200//6808
f 7190//6798 7200//6808 7201//6809
f 7190//6798 7201//6809 7186//6794
f 7186//6794 7201//6809 7198//6806
f 7187//6795 7199//6807 7191//6799
f 7191//6799 7199//6807 7189//6797
f 7195//6803 7196//6804 7202//6810
f 7196//6804 7197//6805 7202//6810
f 7202//6810 7197//6805 7203//6811
f 7197//6805 7198//6806 7203//6811
f 7195//6803 7202//6810 7200//6808
f 7200//6808 7202//6810 7201//6809
f 7201//6809 7202//6810 7203//6811
f 7201//6809 7203//6811 7198//6806
