# Blender 4.1.1
# www.blender.org
mtllib aorta.mtl
o aorta
v 59.000000 1.505000 -2.000000
v 58.505001 2.000000 -2.000000
v 59.000000 2.000000 -1.505000
v 59.000000 1.505000 -3.000000
v 58.505001 2.000000 -3.000000
v 59.000000 2.000000 -3.495000
v 60.000000 1.000000 -1.505000
v 59.505001 1.000000 -2.000000
v 60.000000 2.000000 -1.505000
v 59.505001 1.000000 -3.000000
v 60.000000 1.000000 -3.495000
v 60.000000 1.505000 -4.000000
v 59.505001 2.000000 -4.000000
v 60.000000 2.000000 -4.495000
v 61.000000 1.000000 -1.505000
v 61.000000 2.000000 -1.505000
v 60.505001 1.000000 -4.000000
v 61.000000 1.000000 -4.495000
v 61.000000 2.000000 -4.495000
v 62.000000 1.000000 -1.505000
v 62.000000 2.000000 -1.505000
v 62.000000 1.000000 -4.495000
v 62.000000 2.000000 -4.495000
v 63.000000 1.000000 -1.505000
v 63.000000 2.000000 -1.505000
v 63.000000 1.000000 -4.495000
v 63.000000 2.000000 -4.495000
v 64.000000 1.000000 -1.505000
v 64.000000 2.000000 -1.505000
v 64.000000 1.000000 -4.495000
v 64.000000 2.000000 -4.495000
v 65.000000 1.000000 -1.505000
v 65.000000 2.000000 -1.505000
v 65.000000 1.000000 -3.495000
v 65.000000 2.000000 -3.495000
v 64.495003 1.000000 -4.000000
v 64.495003 2.000000 -4.000000
v 65.495003 1.000000 -2.000000
v 65.495003 2.000000 -2.000000
v 65.495003 1.000000 -3.000000
v 65.495003 2.000000 -3.000000
v 59.000000 3.000000 -1.505000
v 58.505001 3.000000 -2.000000
v 58.505001 3.000000 -3.000000
v 59.000000 3.000000 -3.495000
v 60.000000 3.000000 -1.505000
v 59.505001 3.000000 -4.000000
v 60.000000 3.000000 -4.495000
v 61.000000 3.000000 -1.505000
v 61.000000 3.000000 -4.495000
v 62.000000 3.000000 -1.505000
v 62.000000 3.000000 -4.495000
v 63.000000 3.000000 -1.505000
v 63.000000 3.000000 -4.495000
v 64.000000 3.000000 -1.505000
v 64.000000 3.000000 -4.495000
v 65.000000 3.000000 -1.505000
v 65.000000 3.000000 -3.495000
v 64.495003 3.000000 -4.000000
v 65.495003 3.000000 -2.000000
v 65.495003 3.000000 -3.000000
v 59.000000 4.000000 -1.505000
v 58.505001 4.000000 -2.000000
v 58.505001 4.000000 -3.000000
v 59.000000 3.505000 -4.000000
v 58.505001 4.000000 -4.000000
v 59.000000 4.000000 -4.495000
v 60.000000 4.000000 -1.505000
v 60.000000 4.000000 -4.495000
v 61.000000 4.000000 -1.505000
v 61.000000 4.000000 -4.495000
v 62.000000 4.000000 -1.505000
v 62.000000 4.000000 -4.495000
v 63.000000 4.000000 -1.505000
v 63.000000 4.000000 -4.495000
v 64.000000 4.000000 -1.505000
v 64.000000 3.495000 -4.000000
v 64.000000 4.000000 -3.495000
v 63.494999 4.000000 -4.000000
v 65.000000 4.000000 -1.505000
v 65.000000 3.495000 -3.000000
v 65.000000 4.000000 -2.495000
v 64.495003 4.000000 -3.000000
v 65.495003 4.000000 -2.000000
v 58.000000 4.505000 -2.000000
v 57.505001 5.000000 -2.000000
v 58.000000 5.000000 -1.505000
v 58.000000 4.505000 -3.000000
v 57.505001 5.000000 -3.000000
v 58.000000 5.000000 -3.495000
v 59.000000 5.000000 -1.505000
v 58.505001 5.000000 -4.000000
v 59.000000 5.000000 -4.495000
v 60.000000 5.000000 -1.505000
v 60.000000 4.505000 -5.000000
v 59.505001 5.000000 -5.000000
v 60.000000 5.000000 -5.495000
v 61.000000 5.000000 -1.505000
v 61.000000 5.000000 -4.495000
v 60.494999 5.000000 -5.000000
v 62.000000 5.000000 -1.505000
v 62.000000 5.000000 -4.495000
v 63.000000 5.000000 -1.505000
v 63.000000 5.000000 -4.495000
v 64.000000 5.000000 -1.505000
v 64.000000 4.495000 -3.000000
v 64.000000 5.000000 -2.495000
v 63.494999 5.000000 -3.000000
v 63.494999 5.000000 -4.000000
v 65.000000 4.495000 -2.000000
v 64.495003 5.000000 -2.000000
v 58.000000 6.000000 -1.505000
v 57.505001 6.000000 -2.000000
v 57.505001 6.000000 -3.000000
v 58.000000 5.505000 -4.000000
v 57.505001 6.000000 -4.000000
v 58.000000 6.000000 -4.495000
v 59.000000 6.000000 -1.505000
v 59.000000 5.505000 -5.000000
v 58.505001 6.000000 -5.000000
v 59.000000 6.000000 -5.495000
v 60.000000 6.000000 -1.505000
v 60.000000 6.000000 -5.495000
v 61.000000 6.000000 -1.505000
v 61.000000 5.505000 -5.000000
v 61.000000 6.000000 -5.495000
v 62.000000 6.000000 -1.505000
v 62.000000 6.000000 -4.495000
v 61.494999 6.000000 -5.000000
v 63.000000 6.000000 -1.505000
v 63.000000 6.000000 -4.495000
v 64.000000 6.000000 -1.505000
v 64.000000 6.000000 -2.495000
v 63.494999 6.000000 -3.000000
v 63.494999 6.000000 -4.000000
v 64.495003 6.000000 -2.000000
v 57.000000 6.505000 -3.000000
v 56.505001 7.000000 -3.000000
v 57.000000 7.000000 -2.505000
v 57.000000 6.505000 -4.000000
v 56.505001 7.000000 -4.000000
v 57.000000 7.000000 -4.495000
v 58.000000 7.000000 -1.505000
v 57.505001 7.000000 -2.000000
v 58.000000 7.000000 -4.495000
v 59.000000 7.000000 -1.505000
v 58.505001 7.000000 -5.000000
v 59.000000 7.000000 -5.495000
v 60.000000 7.000000 -1.505000
v 60.000000 7.000000 -5.495000
v 61.000000 7.000000 -1.505000
v 61.000000 7.000000 -5.495000
v 62.000000 7.000000 -1.505000
v 62.000000 7.000000 -4.495000
v 61.494999 7.000000 -5.000000
v 63.000000 7.000000 -1.505000
v 63.000000 6.495000 -3.000000
v 63.000000 7.000000 -2.495000
v 62.494999 7.000000 -3.000000
v 63.000000 6.495000 -4.000000
v 62.494999 7.000000 -4.000000
v 64.000000 6.495000 -2.000000
v 63.494999 7.000000 -2.000000
v 57.000000 8.000000 -2.505000
v 56.505001 8.000000 -3.000000
v 56.505001 8.000000 -4.000000
v 57.000000 8.000000 -4.495000
v 58.000000 8.000000 -1.505000
v 57.505001 8.000000 -2.000000
v 58.000000 7.505000 -5.000000
v 57.505001 8.000000 -5.000000
v 58.000000 8.000000 -5.495000
v 59.000000 8.000000 -1.505000
v 59.000000 8.000000 -5.495000
v 60.000000 8.000000 -1.505000
v 60.000000 8.000000 -5.495000
v 61.000000 8.000000 -1.505000
v 61.000000 8.000000 -5.495000
v 62.000000 8.000000 -1.505000
v 62.000000 8.000000 -4.495000
v 61.494999 8.000000 -5.000000
v 63.000000 8.000000 -1.505000
v 63.000000 7.505000 -3.000000
v 63.000000 8.000000 -3.495000
v 62.494999 8.000000 -4.000000
v 63.494999 8.000000 -2.000000
v 63.494999 8.000000 -3.000000
v 57.000000 8.505000 -2.000000
v 56.505001 9.000000 -2.000000
v 57.000000 9.000000 -1.505000
v 56.505001 9.000000 -3.000000
v 56.505001 9.000000 -4.000000
v 57.000000 9.000000 -4.495000
v 58.000000 9.000000 -1.505000
v 57.505001 9.000000 -5.000000
v 58.000000 9.000000 -5.495000
v 59.000000 9.000000 -1.505000
v 59.000000 9.000000 -5.495000
v 60.000000 9.000000 -1.505000
v 60.000000 9.000000 -5.495000
v 61.000000 9.000000 -1.505000
v 61.000000 9.000000 -5.495000
v 62.000000 9.000000 -1.505000
v 62.000000 9.000000 -4.495000
v 61.494999 9.000000 -5.000000
v 63.000000 9.000000 -1.505000
v 63.000000 9.000000 -3.495000
v 62.494999 9.000000 -4.000000
v 63.494999 9.000000 -2.000000
v 63.494999 9.000000 -3.000000
v 56.000000 9.505000 -4.000000
v 55.505001 10.000000 -4.000000
v 56.000000 10.000000 -3.505000
v 56.000000 10.000000 -4.495000
v 57.000000 10.000000 -1.505000
v 56.505001 10.000000 -2.000000
v 56.505001 10.000000 -3.000000
v 57.000000 10.000000 -4.495000
v 58.000000 10.000000 -1.505000
v 57.505001 10.000000 -5.000000
v 58.000000 10.000000 -5.495000
v 59.000000 10.000000 -1.505000
v 59.000000 10.000000 -5.495000
v 60.000000 10.000000 -1.505000
v 60.000000 10.000000 -5.495000
v 61.000000 10.000000 -1.505000
v 61.000000 10.000000 -5.495000
v 62.000000 10.000000 -1.505000
v 62.000000 10.000000 -4.495000
v 61.494999 10.000000 -5.000000
v 63.000000 10.000000 -1.505000
v 63.000000 10.000000 -3.495000
v 62.494999 10.000000 -4.000000
v 63.494999 10.000000 -2.000000
v 63.494999 10.000000 -3.000000
v 56.000000 10.505000 -3.000000
v 55.505001 11.000000 -3.000000
v 56.000000 11.000000 -2.505000
v 55.505001 11.000000 -4.000000
v 56.000000 11.000000 -4.495000
v 57.000000 11.000000 -1.505000
v 56.505001 11.000000 -2.000000
v 57.000000 10.505000 -5.000000
v 56.505001 11.000000 -5.000000
v 57.000000 11.000000 -5.495000
v 58.000000 11.000000 -1.505000
v 58.000000 11.000000 -5.495000
v 59.000000 11.000000 -1.505000
v 59.000000 11.000000 -5.495000
v 60.000000 11.000000 -1.505000
v 60.000000 11.000000 -5.495000
v 61.000000 11.000000 -1.505000
v 61.000000 11.000000 -5.495000
v 62.000000 11.000000 -1.505000
v 62.000000 11.000000 -4.495000
v 61.494999 11.000000 -5.000000
v 63.000000 10.495000 -2.000000
v 62.494999 11.000000 -2.000000
v 63.000000 10.495000 -3.000000
v 62.494999 11.000000 -3.000000
v 62.494999 11.000000 -4.000000
v 56.000000 11.505000 -2.000000
v 55.505001 12.000000 -2.000000
v 56.000000 12.000000 -1.505000
v 55.505001 12.000000 -3.000000
v 55.505001 12.000000 -4.000000
v 56.000000 12.000000 -4.495000
v 57.000000 12.000000 -1.505000
v 56.505001 12.000000 -5.000000
v 57.000000 12.000000 -5.495000
v 58.000000 12.000000 -1.505000
v 58.000000 12.000000 -5.495000
v 59.000000 12.000000 -1.505000
v 59.000000 12.000000 -5.495000
v 60.000000 12.000000 -1.505000
v 60.000000 12.000000 -5.495000
v 61.000000 12.000000 -1.505000
v 61.000000 12.000000 -5.495000
v 62.000000 12.000000 -1.505000
v 62.000000 12.000000 -4.495000
v 61.494999 12.000000 -5.000000
v 62.494999 12.000000 -2.000000
v 62.494999 12.000000 -3.000000
v 62.494999 12.000000 -4.000000
v 55.000000 12.505000 -4.000000
v 54.505001 13.000000 -4.000000
v 55.000000 13.000000 -3.505000
v 55.000000 13.000000 -4.495000
v 56.000000 13.000000 -1.505000
v 55.505001 13.000000 -2.000000
v 55.505001 13.000000 -3.000000
v 56.000000 12.505000 -5.000000
v 55.505001 13.000000 -5.000000
v 56.000000 13.000000 -5.495000
v 57.000000 13.000000 -1.505000
v 57.000000 13.000000 -5.495000
v 58.000000 13.000000 -1.505000
v 58.000000 13.000000 -5.495000
v 59.000000 13.000000 -1.505000
v 59.000000 13.000000 -5.495000
v 60.000000 13.000000 -1.505000
v 60.000000 13.000000 -5.495000
v 61.000000 13.000000 -1.505000
v 61.000000 12.495000 -5.000000
v 61.000000 13.000000 -4.495000
v 60.494999 13.000000 -5.000000
v 62.000000 13.000000 -1.505000
v 62.000000 12.495000 -4.000000
v 62.000000 13.000000 -3.495000
v 61.494999 13.000000 -4.000000
v 62.494999 13.000000 -2.000000
v 62.494999 13.000000 -3.000000
v 55.000000 14.000000 -3.505000
v 54.505001 14.000000 -4.000000
v 55.000000 14.000000 -4.495000
v 56.000000 14.000000 -1.505000
v 55.505001 14.000000 -2.000000
v 55.505001 14.000000 -3.000000
v 55.505001 14.000000 -5.000000
v 56.000000 14.000000 -5.495000
v 57.000000 14.000000 -1.505000
v 57.000000 14.000000 -5.495000
v 58.000000 14.000000 -1.505000
v 58.000000 14.000000 -5.495000
v 59.000000 14.000000 -1.505000
v 59.000000 14.000000 -5.495000
v 60.000000 14.000000 -1.505000
v 60.000000 14.000000 -5.495000
v 61.000000 14.000000 -1.505000
v 61.000000 14.000000 -4.495000
v 60.494999 14.000000 -5.000000
v 62.000000 14.000000 -1.505000
v 62.000000 13.495000 -3.000000
v 62.000000 14.000000 -2.495000
v 61.494999 14.000000 -3.000000
v 61.494999 14.000000 -4.000000
v 62.494999 14.000000 -2.000000
v 54.000000 14.505000 -4.000000
v 53.505001 15.000000 -4.000000
v 54.000000 15.000000 -3.505000
v 54.000000 15.000000 -4.495000
v 55.000000 14.505000 -3.000000
v 54.505001 15.000000 -3.000000
v 55.000000 15.000000 -2.505000
v 55.000000 14.505000 -5.000000
v 54.505001 15.000000 -5.000000
v 55.000000 15.000000 -5.495000
v 56.000000 15.000000 -1.505000
v 55.505001 15.000000 -2.000000
v 56.000000 15.000000 -5.495000
v 57.000000 15.000000 -1.505000
v 57.000000 14.505000 -6.000000
v 56.505001 15.000000 -6.000000
v 57.000000 15.000000 -6.495000
v 58.000000 15.000000 -1.505000
v 58.000000 14.505000 -6.000000
v 58.000000 15.000000 -6.495000
v 59.000000 15.000000 -1.505000
v 59.000000 14.505000 -6.000000
v 59.000000 15.000000 -6.495000
v 60.000000 15.000000 -1.505000
v 60.000000 14.505000 -6.000000
v 60.000000 15.000000 -6.495000
v 61.000000 15.000000 -1.505000
v 61.000000 15.000000 -4.495000
v 60.494999 15.000000 -5.000000
v 60.494999 15.000000 -6.000000
v 62.000000 14.495000 -2.000000
v 61.494999 15.000000 -2.000000
v 61.494999 15.000000 -3.000000
v 61.494999 15.000000 -4.000000
v 54.000000 16.000000 -3.505000
v 53.505001 16.000000 -4.000000
v 54.000000 16.000000 -4.495000
v 55.000000 16.000000 -2.505000
v 54.505001 16.000000 -3.000000
v 54.505001 16.000000 -5.000000
v 55.000000 15.505000 -6.000000
v 54.505001 16.000000 -6.000000
v 55.000000 16.000000 -6.495000
v 56.000000 16.000000 -1.505000
v 55.505001 16.000000 -2.000000
v 56.000000 15.505000 -6.000000
v 56.000000 16.000000 -6.495000
v 57.000000 16.000000 -1.505000
v 57.000000 16.000000 -6.495000
v 58.000000 16.000000 -1.505000
v 58.000000 16.000000 -6.495000
v 59.000000 16.000000 -1.505000
v 59.000000 16.000000 -6.495000
v 60.000000 16.000000 -1.505000
v 60.000000 16.000000 -6.495000
v 61.000000 16.000000 -1.505000
v 61.000000 16.000000 -4.495000
v 60.494999 16.000000 -5.000000
v 60.494999 16.000000 -6.000000
v 61.494999 16.000000 -2.000000
v 61.494999 16.000000 -3.000000
v 61.494999 16.000000 -4.000000
v 54.000000 17.000000 -3.505000
v 53.505001 17.000000 -4.000000
v 54.000000 16.504999 -5.000000
v 53.505001 17.000000 -5.000000
v 54.000000 17.000000 -5.495000
v 55.000000 16.504999 -2.000000
v 54.505001 17.000000 -2.000000
v 55.000000 17.000000 -1.505000
v 54.505001 17.000000 -3.000000
v 54.505001 17.000000 -6.000000
v 55.000000 17.000000 -6.495000
v 56.000000 17.000000 -1.505000
v 56.000000 17.000000 -6.495000
v 57.000000 17.000000 -1.505000
v 57.000000 17.000000 -6.495000
v 58.000000 17.000000 -1.505000
v 58.000000 17.000000 -6.495000
v 59.000000 17.000000 -1.505000
v 59.000000 17.000000 -6.495000
v 60.000000 17.000000 -1.505000
v 60.000000 17.000000 -6.495000
v 61.000000 17.000000 -1.505000
v 61.000000 16.495001 -3.000000
v 61.000000 17.000000 -2.495000
v 60.494999 17.000000 -3.000000
v 61.000000 16.495001 -4.000000
v 60.494999 17.000000 -4.000000
v 60.494999 17.000000 -5.000000
v 60.494999 17.000000 -6.000000
v 61.494999 17.000000 -2.000000
v 53.000000 17.504999 -4.000000
v 52.505001 18.000000 -4.000000
v 53.000000 18.000000 -3.505000
v 53.000000 18.000000 -4.495000
v 54.000000 18.000000 -3.505000
v 53.505001 18.000000 -5.000000
v 54.000000 18.000000 -5.495000
v 55.000000 18.000000 -1.505000
v 54.505001 18.000000 -2.000000
v 54.505001 18.000000 -3.000000
v 54.505001 18.000000 -6.000000
v 55.000000 18.000000 -6.495000
v 56.000000 18.000000 -1.505000
v 56.000000 18.000000 -6.495000
v 57.000000 18.000000 -1.505000
v 57.000000 18.000000 -6.495000
v 58.000000 18.000000 -1.505000
v 58.000000 18.000000 -6.495000
v 59.000000 18.000000 -1.505000
v 59.000000 18.000000 -6.495000
v 60.000000 18.000000 -1.505000
v 60.000000 18.000000 -6.495000
v 61.000000 18.000000 -1.505000
v 61.000000 18.000000 -2.495000
v 60.494999 18.000000 -3.000000
v 60.494999 18.000000 -4.000000
v 60.494999 18.000000 -5.000000
v 60.494999 18.000000 -6.000000
v 61.494999 18.000000 -2.000000
v 53.000000 19.000000 -3.505000
v 52.505001 19.000000 -4.000000
v 53.000000 19.000000 -4.495000
v 54.000000 18.504999 -3.000000
v 53.505001 19.000000 -3.000000
v 54.000000 19.000000 -2.505000
v 53.505001 19.000000 -5.000000
v 54.000000 18.504999 -6.000000
v 53.505001 19.000000 -6.000000
v 54.000000 19.000000 -6.495000
v 55.000000 19.000000 -1.505000
v 54.505001 19.000000 -2.000000
v 55.000000 19.000000 -6.495000
v 56.000000 19.000000 -1.505000
v 56.000000 19.000000 -6.495000
v 57.000000 19.000000 -1.505000
v 57.000000 19.000000 -6.495000
v 58.000000 19.000000 -1.505000
v 58.000000 19.000000 -6.495000
v 59.000000 19.000000 -1.505000
v 59.000000 19.000000 -6.495000
v 60.000000 19.000000 -1.505000
v 60.000000 18.495001 -5.000000
v 60.000000 19.000000 -4.495000
v 59.494999 19.000000 -5.000000
v 60.000000 19.000000 -5.505000
v 60.000000 19.000000 -6.495000
v 61.000000 18.495001 -2.000000
v 60.494999 19.000000 -2.000000
v 60.494999 19.000000 -3.000000
v 60.494999 19.000000 -4.000000
v 60.494999 19.000000 -6.000000
v 53.000000 20.000000 -3.505000
v 52.505001 20.000000 -4.000000
v 53.000000 19.504999 -5.000000
v 52.505001 20.000000 -5.000000
v 53.000000 20.000000 -5.495000
v 54.000000 20.000000 -2.505000
v 53.505001 20.000000 -3.000000
v 53.505001 20.000000 -6.000000
v 54.000000 20.000000 -6.495000
v 55.000000 20.000000 -1.505000
v 54.505001 20.000000 -2.000000
v 55.000000 20.000000 -6.495000
v 56.000000 20.000000 -1.505000
v 56.000000 20.000000 -6.495000
v 57.000000 20.000000 -1.505000
v 57.000000 20.000000 -6.495000
v 58.000000 20.000000 -1.505000
v 58.000000 20.000000 -6.495000
v 59.000000 20.000000 -1.505000
v 59.000000 20.000000 -6.495000
v 60.000000 20.000000 -1.505000
v 60.000000 19.495001 -3.000000
v 60.000000 20.000000 -2.495000
v 59.494999 20.000000 -3.000000
v 60.000000 20.000000 -3.505000
v 60.000000 20.000000 -4.495000
v 59.494999 20.000000 -5.000000
v 60.000000 20.000000 -5.505000
v 60.000000 20.000000 -6.495000
v 60.494999 20.000000 -2.000000
v 60.494999 20.000000 -4.000000
v 60.494999 20.000000 -6.000000
v 53.000000 21.000000 -3.505000
v 52.505001 21.000000 -4.000000
v 52.505001 21.000000 -5.000000
v 53.000000 21.000000 -5.495000
v 54.000000 21.000000 -2.505000
v 53.505001 21.000000 -3.000000
v 53.505001 21.000000 -6.000000
v 54.000000 21.000000 -6.495000
v 55.000000 21.000000 -1.505000
v 54.505001 21.000000 -2.000000
v 55.000000 21.000000 -6.495000
v 56.000000 21.000000 -1.505000
v 56.000000 20.504999 -7.000000
v 55.505001 21.000000 -7.000000
v 56.000000 21.000000 -7.495000
v 57.000000 21.000000 -1.505000
v 57.000000 20.504999 -7.000000
v 57.000000 21.000000 -7.495000
v 58.000000 21.000000 -1.505000
v 58.000000 20.504999 -7.000000
v 58.000000 21.000000 -7.495000
v 59.000000 21.000000 -1.505000
v 59.000000 21.000000 -6.495000
v 58.494999 21.000000 -7.000000
v 60.000000 21.000000 -1.505000
v 60.000000 21.000000 -2.495000
v 59.494999 21.000000 -3.000000
v 60.000000 21.000000 -3.505000
v 60.000000 21.000000 -4.495000
v 59.494999 21.000000 -5.000000
v 60.000000 21.000000 -5.505000
v 60.000000 21.000000 -6.495000
v 60.494999 21.000000 -2.000000
v 60.494999 21.000000 -4.000000
v 60.494999 21.000000 -6.000000
v 52.000000 21.504999 -4.000000
v 51.505001 22.000000 -4.000000
v 52.000000 22.000000 -3.505000
v 52.000000 22.000000 -4.495000
v 53.000000 21.504999 -3.000000
v 52.505001 22.000000 -3.000000
v 53.000000 22.000000 -2.505000
v 52.505001 22.000000 -5.000000
v 53.000000 21.504999 -6.000000
v 52.505001 22.000000 -6.000000
v 53.000000 22.000000 -6.495000
v 54.000000 22.000000 -2.505000
v 54.000000 21.504999 -7.000000
v 53.505001 22.000000 -7.000000
v 54.000000 22.000000 -7.495000
v 55.000000 22.000000 -1.505000
v 54.505001 22.000000 -2.000000
v 55.000000 21.504999 -7.000000
v 55.000000 22.000000 -7.495000
v 56.000000 22.000000 -1.505000
v 56.000000 22.000000 -7.495000
v 57.000000 22.000000 -1.505000
v 57.000000 22.000000 -7.495000
v 58.000000 22.000000 -1.505000
v 58.000000 22.000000 -7.495000
v 59.000000 22.000000 -1.505000
v 59.000000 22.000000 -6.495000
v 58.494999 22.000000 -7.000000
v 60.000000 21.495001 -2.000000
v 59.494999 22.000000 -2.000000
v 59.494999 22.000000 -3.000000
v 59.494999 22.000000 -4.000000
v 60.000000 21.495001 -4.000000
v 59.494999 22.000000 -5.000000
v 60.000000 22.000000 -5.505000
v 60.000000 22.000000 -6.495000
v 60.494999 22.000000 -6.000000
v 52.000000 22.504999 -3.000000
v 51.505001 23.000000 -3.000000
v 52.000000 23.000000 -2.505000
v 51.505001 23.000000 -4.000000
v 52.000000 23.000000 -4.495000
v 53.000000 23.000000 -2.505000
v 52.505001 23.000000 -5.000000
v 52.505001 23.000000 -6.000000
v 53.000000 23.000000 -6.495000
v 54.000000 23.000000 -2.505000
v 53.505001 23.000000 -7.000000
v 54.000000 23.000000 -7.495000
v 55.000000 23.000000 -1.505000
v 54.505001 23.000000 -2.000000
v 55.000000 23.000000 -7.495000
v 56.000000 23.000000 -1.505000
v 56.000000 23.000000 -7.495000
v 57.000000 23.000000 -1.505000
v 57.000000 23.000000 -7.495000
v 58.000000 23.000000 -1.505000
v 58.000000 23.000000 -7.495000
v 59.000000 23.000000 -1.505000
v 59.000000 22.495001 -3.000000
v 59.000000 23.000000 -2.495000
v 58.494999 23.000000 -3.000000
v 59.000000 23.000000 -3.505000
v 59.000000 23.000000 -6.495000
v 58.494999 23.000000 -7.000000
v 59.494999 23.000000 -2.000000
v 59.494999 23.000000 -4.000000
v 59.494999 23.000000 -5.000000
v 59.494999 23.000000 -6.000000
v 60.000000 22.495001 -6.000000
v 52.000000 24.000000 -2.505000
v 51.505001 24.000000 -3.000000
v 51.505001 24.000000 -4.000000
v 52.000000 23.504999 -5.000000
v 51.505001 24.000000 -5.000000
v 52.000000 23.504999 -6.000000
v 51.505001 24.000000 -6.000000
v 52.000000 24.000000 -6.495000
v 53.000000 24.000000 -2.505000
v 53.000000 23.504999 -7.000000
v 52.505001 24.000000 -7.000000
v 53.000000 24.000000 -7.495000
v 54.000000 24.000000 -2.505000
v 54.000000 24.000000 -7.495000
v 55.000000 24.000000 -1.505000
v 54.505001 24.000000 -2.000000
v 55.000000 24.000000 -7.495000
v 56.000000 24.000000 -1.505000
v 56.000000 24.000000 -7.495000
v 57.000000 24.000000 -1.505000
v 57.000000 24.000000 -7.495000
v 58.000000 24.000000 -1.505000
v 58.000000 24.000000 -7.495000
v 59.000000 24.000000 -1.505000
v 59.000000 24.000000 -2.495000
v 58.494999 24.000000 -3.000000
v 59.000000 24.000000 -3.505000
v 59.000000 23.495001 -5.000000
v 59.000000 24.000000 -4.495000
v 58.494999 24.000000 -5.000000
v 59.000000 24.000000 -5.505000
v 59.000000 24.000000 -6.495000
v 58.494999 24.000000 -7.000000
v 59.494999 24.000000 -2.000000
v 59.494999 24.000000 -4.000000
v 59.494999 24.000000 -6.000000
v 52.000000 25.000000 -2.505000
v 51.505001 25.000000 -3.000000
v 51.505001 25.000000 -4.000000
v 51.505001 25.000000 -5.000000
v 51.505001 25.000000 -6.000000
v 52.000000 25.000000 -6.495000
v 53.000000 25.000000 -2.505000
v 52.505001 25.000000 -7.000000
v 53.000000 25.000000 -7.495000
v 54.000000 25.000000 -2.505000
v 54.000000 25.000000 -7.495000
v 55.000000 25.000000 -1.505000
v 54.505001 25.000000 -2.000000
v 55.000000 24.504999 -8.000000
v 54.505001 25.000000 -8.000000
v 55.000000 25.000000 -8.495000
v 56.000000 25.000000 -1.505000
v 56.000000 24.504999 -8.000000
v 56.000000 25.000000 -8.495000
v 57.000000 25.000000 -1.505000
v 57.000000 24.504999 -8.000000
v 57.000000 25.000000 -8.495000
v 58.000000 25.000000 -1.505000
v 58.000000 25.000000 -7.495000
v 57.494999 25.000000 -8.000000
v 59.000000 24.495001 -2.000000
v 58.494999 25.000000 -2.000000
v 58.494999 25.000000 -3.000000
v 58.494999 25.000000 -4.000000
v 59.000000 24.495001 -4.000000
v 58.494999 25.000000 -5.000000
v 59.000000 25.000000 -5.505000
v 59.000000 25.000000 -6.495000
v 58.494999 25.000000 -7.000000
v 59.494999 25.000000 -6.000000
v 51.000000 25.504999 -6.000000
v 50.505001 26.000000 -6.000000
v 51.000000 26.000000 -5.505000
v 51.000000 26.000000 -6.495000
v 52.000000 26.000000 -2.505000
v 51.505001 26.000000 -3.000000
v 51.505001 26.000000 -4.000000
v 51.505001 26.000000 -5.000000
v 52.000000 25.504999 -7.000000
v 51.505001 26.000000 -7.000000
v 52.000000 26.000000 -7.495000
v 53.000000 26.000000 -2.505000
v 53.000000 26.000000 -7.495000
v 54.000000 26.000000 -2.505000
v 54.000000 26.000000 -7.495000
v 55.000000 26.000000 -1.505000
v 54.505001 26.000000 -2.000000
v 54.505001 26.000000 -8.000000
v 55.000000 26.000000 -8.495000
v 56.000000 26.000000 -1.505000
v 56.000000 26.000000 -8.495000
v 57.000000 26.000000 -1.505000
v 57.000000 26.000000 -8.495000
v 58.000000 26.000000 -1.505000
v 58.000000 26.000000 -7.495000
v 57.494999 26.000000 -8.000000
v 58.494999 26.000000 -2.000000
v 58.494999 26.000000 -3.000000
v 58.494999 26.000000 -4.000000
v 58.494999 26.000000 -5.000000
v 59.000000 26.000000 -5.505000
v 59.000000 26.000000 -6.495000
v 58.494999 26.000000 -7.000000
v 59.494999 26.000000 -6.000000
v 51.000000 27.000000 -5.505000
v 50.505001 27.000000 -6.000000
v 51.000000 27.000000 -6.495000
v 52.000000 27.000000 -2.505000
v 51.505001 27.000000 -3.000000
v 51.505001 27.000000 -4.000000
v 51.505001 27.000000 -5.000000
v 51.505001 27.000000 -7.000000
v 52.000000 27.000000 -7.495000
v 53.000000 27.000000 -2.505000
v 53.000000 27.000000 -7.495000
v 54.000000 26.504999 -2.000000
v 53.505001 27.000000 -2.000000
v 54.000000 27.000000 -1.505000
v 54.000000 26.504999 -8.000000
v 53.505001 27.000000 -8.000000
v 54.000000 27.000000 -8.495000
v 55.000000 27.000000 -1.505000
v 55.000000 27.000000 -8.495000
v 56.000000 27.000000 -1.505000
v 56.000000 27.000000 -8.495000
v 57.000000 27.000000 -1.505000
v 57.000000 27.000000 -8.495000
v 58.000000 27.000000 -1.505000
v 58.000000 26.495001 -3.000000
v 58.000000 27.000000 -2.495000
v 57.494999 27.000000 -3.000000
v 58.000000 27.000000 -3.505000
v 58.000000 26.495001 -7.000000
v 58.000000 27.000000 -6.495000
v 57.494999 27.000000 -7.000000
v 57.494999 27.000000 -8.000000
v 58.494999 27.000000 -2.000000
v 58.494999 27.000000 -4.000000
v 58.494999 27.000000 -5.000000
v 59.000000 27.000000 -5.505000
v 59.000000 27.000000 -6.495000
v 59.494999 27.000000 -6.000000
v 50.000000 27.504999 -6.000000
v 49.505001 28.000000 -6.000000
v 50.000000 28.000000 -5.505000
v 50.000000 28.000000 -6.495000
v 51.000000 28.000000 -5.505000
v 51.000000 28.000000 -6.495000
v 52.000000 28.000000 -2.505000
v 51.505001 28.000000 -3.000000
v 51.505001 28.000000 -4.000000
v 51.505001 28.000000 -5.000000
v 51.505001 28.000000 -7.000000
v 52.000000 28.000000 -7.495000
v 53.000000 28.000000 -2.505000
v 53.000000 27.504999 -8.000000
v 52.505001 28.000000 -8.000000
v 53.000000 28.000000 -8.495000
v 54.000000 28.000000 -1.505000
v 53.505001 28.000000 -2.000000
v 54.000000 28.000000 -8.495000
v 55.000000 28.000000 -1.505000
v 55.000000 28.000000 -8.495000
v 56.000000 28.000000 -1.505000
v 56.000000 28.000000 -8.495000
v 57.000000 28.000000 -1.505000
v 57.000000 28.000000 -8.495000
v 58.000000 27.495001 -2.000000
v 57.494999 28.000000 -2.000000
v 57.494999 28.000000 -3.000000
v 58.000000 28.000000 -3.505000
v 58.000000 28.000000 -6.495000
v 57.494999 28.000000 -7.000000
v 57.494999 28.000000 -8.000000
v 58.494999 28.000000 -4.000000
v 58.494999 28.000000 -5.000000
v 58.494999 28.000000 -6.000000
v 59.000000 27.495001 -6.000000
v 50.000000 29.000000 -5.505000
v 49.505001 29.000000 -6.000000
v 50.000000 29.000000 -6.495000
v 51.000000 28.504999 -4.000000
v 50.505001 29.000000 -4.000000
v 51.000000 29.000000 -3.505000
v 51.000000 28.504999 -5.000000
v 50.505001 29.000000 -5.000000
v 51.000000 28.504999 -7.000000
v 50.505001 29.000000 -7.000000
v 51.000000 29.000000 -7.495000
v 52.000000 29.000000 -2.505000
v 51.505001 29.000000 -3.000000
v 52.000000 28.504999 -8.000000
v 51.505001 29.000000 -8.000000
v 52.000000 29.000000 -8.495000
v 53.000000 29.000000 -2.505000
v 53.000000 29.000000 -8.495000
v 54.000000 29.000000 -1.505000
v 53.505001 29.000000 -2.000000
v 54.000000 29.000000 -8.495000
v 55.000000 29.000000 -1.505000
v 55.000000 29.000000 -8.495000
v 56.000000 29.000000 -1.505000
v 56.000000 29.000000 -8.495000
v 57.000000 29.000000 -1.505000
v 57.000000 29.000000 -8.495000
v 57.494999 29.000000 -2.000000
v 57.494999 29.000000 -3.000000
v 57.494999 29.000000 -4.000000
v 58.000000 28.495001 -4.000000
v 58.000000 28.495001 -5.000000
v 57.494999 29.000000 -5.000000
v 58.000000 29.000000 -5.505000
v 58.000000 29.000000 -6.495000
v 57.494999 29.000000 -7.000000
v 57.494999 29.000000 -8.000000
v 58.494999 29.000000 -6.000000
v 50.000000 30.000000 -5.505000
v 49.505001 30.000000 -6.000000
v 50.000000 30.000000 -6.495000
v 51.000000 30.000000 -3.505000
v 50.505001 30.000000 -4.000000
v 50.505001 30.000000 -5.000000
v 50.505001 30.000000 -7.000000
v 51.000000 30.000000 -7.495000
v 52.000000 30.000000 -2.505000
v 51.505001 30.000000 -3.000000
v 51.505001 30.000000 -8.000000
v 52.000000 30.000000 -8.495000
v 53.000000 30.000000 -2.505000
v 53.000000 30.000000 -8.495000
v 54.000000 29.495001 -2.000000
v 54.000000 30.000000 -2.505000
v 54.000000 30.000000 -8.495000
v 55.000000 30.000000 -1.505000
v 54.505001 30.000000 -2.000000
v 55.000000 30.000000 -8.495000
v 56.000000 30.000000 -1.505000
v 56.000000 30.000000 -8.495000
v 57.000000 29.495001 -2.000000
v 56.494999 30.000000 -2.000000
v 57.000000 29.495001 -3.000000
v 56.494999 30.000000 -3.000000
v 57.000000 30.000000 -3.505000
v 57.000000 29.495001 -7.000000
v 57.000000 30.000000 -6.495000
v 56.494999 30.000000 -7.000000
v 57.000000 30.000000 -7.505000
v 57.000000 30.000000 -8.495000
v 57.494999 30.000000 -4.000000
v 57.494999 30.000000 -5.000000
v 58.000000 30.000000 -5.505000
v 58.000000 30.000000 -6.495000
v 57.494999 30.000000 -8.000000
v 58.494999 30.000000 -6.000000
v 50.000000 31.000000 -5.505000
v 49.505001 31.000000 -6.000000
v 50.000000 30.504999 -7.000000
v 49.505001 31.000000 -7.000000
v 50.000000 31.000000 -7.495000
v 51.000000 31.000000 -3.505000
v 50.505001 31.000000 -4.000000
v 50.505001 31.000000 -5.000000
v 51.000000 30.504999 -8.000000
v 50.505001 31.000000 -8.000000
v 51.000000 31.000000 -8.495000
v 52.000000 31.000000 -2.505000
v 51.505001 31.000000 -3.000000
v 52.000000 31.000000 -8.495000
v 53.000000 31.000000 -2.505000
v 53.000000 31.000000 -8.495000
v 54.000000 31.000000 -2.505000
v 54.000000 31.000000 -8.495000
v 55.000000 30.495001 -2.000000
v 55.000000 31.000000 -2.505000
v 55.000000 31.000000 -8.495000
v 56.000000 30.495001 -2.000000
v 56.000000 31.000000 -2.505000
v 56.000000 31.000000 -8.495000
v 56.494999 31.000000 -3.000000
v 57.000000 31.000000 -3.505000
v 57.000000 31.000000 -6.495000
v 56.494999 31.000000 -7.000000
v 57.000000 31.000000 -7.505000
v 57.000000 31.000000 -8.495000
v 57.494999 31.000000 -4.000000
v 57.494999 31.000000 -5.000000
v 58.000000 31.000000 -5.505000
v 58.000000 31.000000 -6.495000
v 57.494999 31.000000 -8.000000
v 58.494999 31.000000 -6.000000
v 49.000000 31.504999 -6.000000
v 48.505001 32.000000 -6.000000
v 49.000000 32.000000 -5.505000
v 49.000000 32.000000 -6.495000
v 50.000000 32.000000 -5.505000
v 49.505001 32.000000 -7.000000
v 50.000000 32.000000 -7.495000
v 51.000000 32.000000 -3.505000
v 50.505001 32.000000 -4.000000
v 50.505001 32.000000 -5.000000
v 50.505001 32.000000 -8.000000
v 51.000000 32.000000 -8.495000
v 52.000000 32.000000 -2.505000
v 51.505001 32.000000 -3.000000
v 52.000000 32.000000 -8.495000
v 53.000000 32.000000 -2.505000
v 53.000000 32.000000 -8.495000
v 54.000000 32.000000 -2.505000
v 54.000000 32.000000 -8.495000
v 55.000000 32.000000 -2.505000
v 55.000000 32.000000 -8.495000
v 56.000000 32.000000 -2.505000
v 56.000000 32.000000 -8.495000
v 56.494999 32.000000 -3.000000
v 56.494999 32.000000 -4.000000
v 57.000000 31.495001 -4.000000
v 57.000000 32.000000 -4.505000
v 57.000000 32.000000 -6.495000
v 56.494999 32.000000 -7.000000
v 56.494999 32.000000 -8.000000
v 57.000000 31.495001 -8.000000
v 57.494999 32.000000 -5.000000
v 57.494999 32.000000 -6.000000
v 58.000000 31.495001 -6.000000
v 49.000000 33.000000 -5.505000
v 48.505001 33.000000 -6.000000
v 49.000000 33.000000 -6.495000
v 50.000000 33.000000 -5.505000
v 49.505001 33.000000 -7.000000
v 50.000000 32.505001 -8.000000
v 49.505001 33.000000 -8.000000
v 50.000000 33.000000 -8.495000
v 51.000000 33.000000 -3.505000
v 50.505001 33.000000 -4.000000
v 50.505001 33.000000 -5.000000
v 51.000000 33.000000 -8.495000
v 52.000000 33.000000 -2.505000
v 51.505001 33.000000 -3.000000
v 52.000000 33.000000 -8.495000
v 53.000000 33.000000 -2.505000
v 53.000000 33.000000 -8.495000
v 54.000000 33.000000 -2.505000
v 54.000000 33.000000 -8.495000
v 55.000000 33.000000 -2.505000
v 55.000000 33.000000 -8.495000
v 56.000000 33.000000 -2.505000
v 56.000000 32.494999 -7.000000
v 56.000000 33.000000 -6.495000
v 55.494999 33.000000 -7.000000
v 56.000000 33.000000 -7.505000
v 56.000000 33.000000 -8.495000
v 56.494999 33.000000 -3.000000
v 56.494999 33.000000 -4.000000
v 57.000000 33.000000 -4.505000
v 57.000000 33.000000 -6.495000
v 56.494999 33.000000 -8.000000
v 57.494999 33.000000 -5.000000
v 57.494999 33.000000 -6.000000
v 49.000000 34.000000 -5.505000
v 48.505001 34.000000 -6.000000
v 49.000000 34.000000 -6.495000
v 50.000000 34.000000 -5.505000
v 49.505001 34.000000 -7.000000
v 49.505001 34.000000 -8.000000
v 50.000000 34.000000 -8.495000
v 51.000000 34.000000 -3.505000
v 50.505001 34.000000 -4.000000
v 50.505001 34.000000 -5.000000
v 51.000000 34.000000 -8.495000
v 52.000000 34.000000 -2.505000
v 51.505001 34.000000 -3.000000
v 52.000000 34.000000 -8.495000
v 53.000000 34.000000 -2.505000
v 53.000000 34.000000 -8.495000
v 54.000000 34.000000 -2.505000
v 54.000000 34.000000 -8.495000
v 55.000000 34.000000 -2.505000
v 55.000000 34.000000 -8.495000
v 56.000000 34.000000 -2.505000
v 56.000000 34.000000 -6.495000
v 55.494999 34.000000 -7.000000
v 56.000000 34.000000 -7.505000
v 56.000000 34.000000 -8.495000
v 56.494999 34.000000 -3.000000
v 56.494999 34.000000 -4.000000
v 56.494999 34.000000 -5.000000
v 57.000000 33.494999 -5.000000
v 57.000000 34.000000 -5.505000
v 57.000000 34.000000 -6.495000
v 56.494999 34.000000 -8.000000
v 57.494999 34.000000 -6.000000
v 49.000000 35.000000 -5.505000
v 48.505001 35.000000 -6.000000
v 49.000000 35.000000 -6.495000
v 49.000000 34.505001 -8.000000
v 48.505001 35.000000 -8.000000
v 49.000000 35.000000 -7.505000
v 49.000000 35.000000 -8.495000
v 50.000000 35.000000 -5.505000
v 49.505001 35.000000 -7.000000
v 50.000000 35.000000 -8.495000
v 51.000000 35.000000 -3.505000
v 50.505001 35.000000 -4.000000
v 50.505001 35.000000 -5.000000
v 51.000000 35.000000 -8.495000
v 52.000000 35.000000 -2.505000
v 51.505001 35.000000 -3.000000
v 52.000000 35.000000 -8.495000
v 53.000000 35.000000 -2.505000
v 53.000000 35.000000 -8.495000
v 54.000000 35.000000 -2.505000
v 54.000000 35.000000 -8.495000
v 55.000000 35.000000 -2.505000
v 55.000000 35.000000 -8.495000
v 56.000000 34.494999 -3.000000
v 55.494999 35.000000 -3.000000
v 56.000000 34.494999 -4.000000
v 55.494999 35.000000 -4.000000
v 56.000000 35.000000 -4.505000
v 56.000000 35.000000 -6.495000
v 55.494999 35.000000 -7.000000
v 56.000000 35.000000 -7.505000
v 56.000000 35.000000 -8.495000
v 56.494999 35.000000 -5.000000
v 57.000000 35.000000 -5.505000
v 57.000000 35.000000 -6.495000
v 56.494999 35.000000 -8.000000
v 57.494999 35.000000 -6.000000
v 48.000000 35.505001 -6.000000
v 47.505001 36.000000 -6.000000
v 48.000000 36.000000 -5.505000
v 48.000000 36.000000 -6.495000
v 49.000000 36.000000 -5.505000
v 49.000000 36.000000 -6.495000
v 49.000000 36.000000 -7.505000
v 48.505001 36.000000 -8.000000
v 49.000000 36.000000 -8.495000
v 50.000000 36.000000 -5.505000
v 49.505001 36.000000 -7.000000
v 50.000000 36.000000 -8.495000
v 51.000000 36.000000 -3.505000
v 50.505001 36.000000 -4.000000
v 50.505001 36.000000 -5.000000
v 51.000000 36.000000 -8.495000
v 52.000000 36.000000 -2.505000
v 51.505001 36.000000 -3.000000
v 52.000000 36.000000 -8.495000
v 53.000000 36.000000 -2.505000
v 53.000000 36.000000 -8.495000
v 54.000000 36.000000 -2.505000
v 54.000000 36.000000 -8.495000
v 55.000000 36.000000 -2.505000
v 55.000000 36.000000 -8.495000
v 55.494999 36.000000 -3.000000
v 55.494999 36.000000 -4.000000
v 56.000000 36.000000 -4.505000
v 56.000000 36.000000 -6.495000
v 55.494999 36.000000 -7.000000
v 56.000000 36.000000 -7.505000
v 56.000000 36.000000 -8.495000
v 56.494999 36.000000 -5.000000
v 56.494999 36.000000 -6.000000
v 57.000000 35.494999 -6.000000
v 56.494999 36.000000 -8.000000
v 48.000000 37.000000 -5.505000
v 47.505001 37.000000 -6.000000
v 48.000000 37.000000 -6.495000
v 49.000000 37.000000 -5.505000
v 49.000000 36.505001 -7.000000
v 48.505001 37.000000 -7.000000
v 48.505001 37.000000 -8.000000
v 49.000000 37.000000 -8.495000
v 50.000000 37.000000 -5.505000
v 50.000000 37.000000 -8.495000
v 51.000000 37.000000 -3.505000
v 50.505001 37.000000 -4.000000
v 50.505001 37.000000 -5.000000
v 51.000000 37.000000 -8.495000
v 52.000000 37.000000 -2.505000
v 51.505001 37.000000 -3.000000
v 52.000000 37.000000 -8.495000
v 53.000000 37.000000 -2.505000
v 53.000000 37.000000 -8.495000
v 54.000000 37.000000 -2.505000
v 54.000000 37.000000 -8.495000
v 55.000000 36.494999 -3.000000
v 54.494999 37.000000 -3.000000
v 55.000000 37.000000 -3.505000
v 55.000000 37.000000 -8.495000
v 55.494999 37.000000 -4.000000
v 56.000000 37.000000 -4.505000
v 56.000000 36.494999 -6.000000
v 56.000000 37.000000 -5.495000
v 55.494999 37.000000 -6.000000
v 55.494999 37.000000 -7.000000
v 56.000000 37.000000 -7.505000
v 56.000000 37.000000 -8.495000
v 56.494999 37.000000 -5.000000
v 56.494999 37.000000 -8.000000
v 48.000000 38.000000 -5.505000
v 47.505001 38.000000 -6.000000
v 48.000000 38.000000 -6.495000
v 48.000000 37.505001 -8.000000
v 47.505001 38.000000 -8.000000
v 48.000000 38.000000 -7.505000
v 48.000000 38.000000 -8.495000
v 49.000000 38.000000 -5.505000
v 48.505001 38.000000 -7.000000
v 49.000000 38.000000 -8.495000
v 50.000000 38.000000 -5.505000
v 50.000000 38.000000 -8.495000
v 51.000000 38.000000 -3.505000
v 50.505001 38.000000 -4.000000
v 50.505001 38.000000 -5.000000
v 51.000000 38.000000 -8.495000
v 52.000000 38.000000 -2.505000
v 51.505001 38.000000 -3.000000
v 52.000000 38.000000 -8.495000
v 53.000000 38.000000 -2.505000
v 53.000000 38.000000 -8.495000
v 54.000000 38.000000 -2.505000
v 54.000000 37.505001 -9.000000
v 53.505001 38.000000 -9.000000
v 54.000000 38.000000 -9.495000
v 54.494999 38.000000 -3.000000
v 54.494999 38.000000 -4.000000
v 55.000000 37.494999 -4.000000
v 55.000000 38.000000 -4.505000
v 55.000000 38.000000 -8.495000
v 54.494999 38.000000 -9.000000
v 56.000000 37.494999 -5.000000
v 55.494999 38.000000 -5.000000
v 55.494999 38.000000 -6.000000
v 55.494999 38.000000 -7.000000
v 56.000000 38.000000 -7.505000
v 56.000000 38.000000 -8.495000
v 56.494999 38.000000 -8.000000
v 48.000000 39.000000 -5.505000
v 47.505001 39.000000 -6.000000
v 48.000000 39.000000 -6.495000
v 48.000000 39.000000 -7.505000
v 47.505001 39.000000 -8.000000
v 48.000000 39.000000 -8.495000
v 49.000000 39.000000 -5.505000
v 48.505001 39.000000 -7.000000
v 49.000000 39.000000 -8.495000
v 50.000000 38.505001 -5.000000
v 49.505001 39.000000 -5.000000
v 50.000000 39.000000 -4.505000
v 50.000000 39.000000 -8.495000
v 51.000000 39.000000 -3.505000
v 50.505001 39.000000 -4.000000
v 51.000000 39.000000 -8.495000
v 52.000000 39.000000 -2.505000
v 51.505001 39.000000 -3.000000
v 52.000000 39.000000 -8.495000
v 53.000000 39.000000 -2.505000
v 53.000000 38.505001 -9.000000
v 52.505001 39.000000 -9.000000
v 53.000000 39.000000 -9.495000
v 54.000000 38.494999 -3.000000
v 53.494999 39.000000 -3.000000
v 54.000000 39.000000 -3.505000
v 54.000000 39.000000 -9.495000
v 54.494999 39.000000 -4.000000
v 55.000000 39.000000 -4.505000
v 55.000000 38.494999 -6.000000
v 55.000000 39.000000 -5.495000
v 54.494999 39.000000 -6.000000
v 55.000000 38.494999 -7.000000
v 54.494999 39.000000 -7.000000
v 55.000000 39.000000 -7.505000
v 55.000000 39.000000 -8.495000
v 54.494999 39.000000 -9.000000
v 55.494999 39.000000 -5.000000
v 56.000000 38.494999 -8.000000
v 55.494999 39.000000 -8.000000
v 48.000000 40.000000 -5.505000
v 47.505001 40.000000 -6.000000
v 48.000000 40.000000 -6.495000
v 48.000000 40.000000 -7.505000
v 47.505001 40.000000 -8.000000
v 48.000000 40.000000 -8.495000
v 49.000000 40.000000 -5.505000
v 48.505001 40.000000 -7.000000
v 49.000000 40.000000 -8.495000
v 50.000000 39.505001 -4.000000
v 49.505001 40.000000 -4.000000
v 50.000000 40.000000 -3.505000
v 49.505001 40.000000 -5.000000
v 50.000000 40.000000 -8.495000
v 51.000000 40.000000 -3.505000
v 51.000000 39.505001 -9.000000
v 50.505001 40.000000 -9.000000
v 51.000000 40.000000 -9.495000
v 52.000000 39.494999 -3.000000
v 52.000000 40.000000 -3.505000
v 52.000000 39.505001 -9.000000
v 52.000000 40.000000 -9.495000
v 53.000000 39.494999 -3.000000
v 53.000000 40.000000 -3.505000
v 53.000000 40.000000 -9.495000
v 54.000000 40.000000 -3.505000
v 54.000000 39.494999 -9.000000
v 54.000000 40.000000 -8.495000
v 53.494999 40.000000 -9.000000
v 54.494999 40.000000 -4.000000
v 55.000000 40.000000 -4.505000
v 55.000000 40.000000 -5.495000
v 54.494999 40.000000 -6.000000
v 54.494999 40.000000 -7.000000
v 54.494999 40.000000 -8.000000
v 55.000000 39.494999 -8.000000
v 55.494999 40.000000 -5.000000
v 48.000000 41.000000 -5.505000
v 47.505001 41.000000 -6.000000
v 48.000000 41.000000 -6.495000
v 48.000000 41.000000 -7.505000
v 47.505001 41.000000 -8.000000
v 48.000000 41.000000 -8.495000
v 49.000000 41.000000 -5.505000
v 48.505001 41.000000 -7.000000
v 49.000000 41.000000 -8.495000
v 50.000000 41.000000 -3.505000
v 49.505001 41.000000 -4.000000
v 49.505001 41.000000 -5.000000
v 50.000000 40.505001 -9.000000
v 49.505001 41.000000 -9.000000
v 50.000000 41.000000 -9.495000
v 51.000000 41.000000 -3.505000
v 51.000000 40.494999 -9.000000
v 50.494999 41.000000 -9.000000
v 51.000000 41.000000 -8.495000
v 52.000000 41.000000 -3.505000
v 52.000000 40.494999 -9.000000
v 52.000000 41.000000 -8.495000
v 53.000000 41.000000 -3.505000
v 53.000000 40.494999 -9.000000
v 53.000000 41.000000 -8.495000
v 54.000000 40.494999 -4.000000
v 53.494999 41.000000 -4.000000
v 54.000000 41.000000 -4.505000
v 54.000000 41.000000 -8.495000
v 55.000000 41.000000 -4.505000
v 55.000000 40.505001 -6.000000
v 55.000000 41.000000 -6.495000
v 54.494999 41.000000 -7.000000
v 54.494999 41.000000 -8.000000
v 55.494999 41.000000 -5.000000
v 55.494999 41.000000 -6.000000
v 47.000000 41.505001 -8.000000
v 46.505001 42.000000 -8.000000
v 47.000000 42.000000 -7.505000
v 47.000000 42.000000 -8.495000
v 48.000000 42.000000 -5.505000
v 47.505001 42.000000 -6.000000
v 48.000000 42.000000 -6.495000
v 48.000000 42.000000 -7.505000
v 48.000000 42.000000 -8.495000
v 49.000000 42.000000 -5.505000
v 48.505001 42.000000 -7.000000
v 49.000000 42.000000 -8.495000
v 50.000000 42.000000 -3.505000
v 49.505001 42.000000 -4.000000
v 49.505001 42.000000 -5.000000
v 50.000000 41.494999 -9.000000
v 50.000000 42.000000 -8.495000
v 51.000000 42.000000 -3.505000
v 51.000000 42.000000 -8.495000
v 52.000000 42.000000 -3.505000
v 52.000000 42.000000 -8.495000
v 53.000000 42.000000 -3.505000
v 53.000000 41.505001 -9.000000
v 52.505001 42.000000 -9.000000
v 53.000000 42.000000 -9.495000
v 53.494999 42.000000 -4.000000
v 54.000000 42.000000 -4.505000
v 54.000000 42.000000 -8.495000
v 53.494999 42.000000 -9.000000
v 55.000000 41.494999 -5.000000
v 54.494999 42.000000 -5.000000
v 55.000000 42.000000 -5.505000
v 55.000000 42.000000 -6.495000
v 54.494999 42.000000 -7.000000
v 54.494999 42.000000 -8.000000
v 55.494999 42.000000 -6.000000
v 60.000000 41.505001 -25.000000
v 59.505001 42.000000 -25.000000
v 60.000000 42.000000 -24.504999
v 61.000000 41.505001 -25.000000
v 61.000000 42.000000 -24.504999
v 62.000000 41.505001 -23.000000
v 61.505001 42.000000 -23.000000
v 62.000000 42.000000 -22.504999
v 62.000000 42.000000 -23.495001
v 62.000000 41.505001 -25.000000
v 62.000000 42.000000 -24.504999
v 63.000000 41.505001 -23.000000
v 63.000000 42.000000 -22.504999
v 63.000000 41.505001 -24.000000
v 62.505001 42.000000 -24.000000
v 63.000000 42.000000 -24.495001
v 62.494999 42.000000 -25.000000
v 63.494999 42.000000 -23.000000
v 63.494999 42.000000 -24.000000
v 68.000000 41.505001 -24.000000
v 67.504997 42.000000 -24.000000
v 68.000000 42.000000 -23.504999
v 68.000000 42.000000 -24.495001
v 68.495003 42.000000 -24.000000
v 47.000000 43.000000 -7.505000
v 46.505001 43.000000 -8.000000
v 47.000000 43.000000 -8.495000
v 48.000000 43.000000 -5.505000
v 47.505001 43.000000 -6.000000
v 48.000000 43.000000 -6.495000
v 48.000000 43.000000 -7.505000
v 48.000000 43.000000 -8.495000
v 49.000000 43.000000 -5.505000
v 48.505001 43.000000 -7.000000
v 49.000000 43.000000 -8.495000
v 50.000000 43.000000 -3.505000
v 49.505001 43.000000 -4.000000
v 49.505001 43.000000 -5.000000
v 50.000000 43.000000 -8.495000
v 51.000000 43.000000 -3.505000
v 51.000000 42.505001 -9.000000
v 50.505001 43.000000 -9.000000
v 51.000000 43.000000 -9.495000
v 52.000000 43.000000 -3.505000
v 52.000000 42.505001 -9.000000
v 52.000000 42.505001 -10.000000
v 51.505001 43.000000 -10.000000
v 52.000000 43.000000 -10.495000
v 53.000000 43.000000 -3.505000
v 53.000000 43.000000 -9.495000
v 52.494999 43.000000 -10.000000
v 53.494999 43.000000 -4.000000
v 54.000000 43.000000 -4.505000
v 54.000000 42.494999 -8.000000
v 54.000000 43.000000 -7.495000
v 53.494999 43.000000 -8.000000
v 53.494999 43.000000 -9.000000
v 54.494999 43.000000 -5.000000
v 54.494999 43.000000 -6.000000
v 55.000000 42.494999 -6.000000
v 54.494999 43.000000 -7.000000
v 60.000000 42.505001 -22.000000
v 59.505001 43.000000 -22.000000
v 60.000000 43.000000 -21.504999
v 60.000000 42.505001 -23.000000
v 59.505001 43.000000 -23.000000
v 60.000000 42.505001 -24.000000
v 59.505001 43.000000 -24.000000
v 59.505001 43.000000 -25.000000
v 61.000000 42.505001 -22.000000
v 61.000000 43.000000 -21.504999
v 61.000000 42.505001 -23.000000
v 61.000000 42.505001 -24.000000
v 62.000000 42.505001 -22.000000
v 62.000000 43.000000 -21.504999
v 62.000000 42.505001 -24.000000
v 63.000000 42.505001 -22.000000
v 63.000000 43.000000 -21.504999
v 63.000000 42.505001 -25.000000
v 63.494999 43.000000 -22.000000
v 64.000000 42.505001 -23.000000
v 64.000000 43.000000 -22.504999
v 64.000000 42.505001 -24.000000
v 64.000000 43.000000 -24.495001
v 63.494999 43.000000 -25.000000
v 65.000000 42.505001 -21.000000
v 64.504997 43.000000 -21.000000
v 65.000000 43.000000 -20.504999
v 65.000000 43.000000 -21.495001
v 64.495003 43.000000 -23.000000
v 64.495003 43.000000 -24.000000
v 65.000000 42.505001 -25.000000
v 64.504997 43.000000 -25.000000
v 65.000000 43.000000 -24.504999
v 65.495003 43.000000 -21.000000
v 66.000000 42.505001 -25.000000
v 66.000000 43.000000 -24.504999
v 67.000000 42.505001 -22.000000
v 66.504997 43.000000 -22.000000
v 67.000000 43.000000 -21.504999
v 67.000000 43.000000 -22.495001
v 66.495003 43.000000 -25.000000
v 67.495003 43.000000 -22.000000
v 68.000000 42.505001 -23.000000
v 67.504997 43.000000 -23.000000
v 68.000000 43.000000 -22.504999
v 67.504997 43.000000 -24.000000
v 68.000000 43.000000 -24.495001
v 68.495003 43.000000 -23.000000
v 68.495003 43.000000 -24.000000
v 47.000000 44.000000 -7.505000
v 46.505001 44.000000 -8.000000
v 47.000000 44.000000 -8.495000
v 48.000000 44.000000 -5.505000
v 47.505001 44.000000 -6.000000
v 48.000000 43.505001 -7.000000
v 47.505001 44.000000 -7.000000
v 48.000000 44.000000 -8.495000
v 49.000000 43.505001 -5.000000
v 48.505001 44.000000 -5.000000
v 49.000000 44.000000 -4.505000
v 49.000000 44.000000 -8.495000
v 50.000000 43.494999 -4.000000
v 50.000000 44.000000 -4.505000
v 50.000000 43.505001 -9.000000
v 49.505001 44.000000 -9.000000
v 50.000000 43.505001 -10.000000
v 49.505001 44.000000 -10.000000
v 50.000000 44.000000 -10.495000
v 51.000000 44.000000 -3.505000
v 50.505001 44.000000 -4.000000
v 51.000000 43.505001 -10.000000
v 51.000000 44.000000 -10.495000
v 52.000000 44.000000 -3.505000
v 52.000000 44.000000 -10.495000
v 53.000000 43.494999 -4.000000
v 52.494999 44.000000 -4.000000
v 53.000000 44.000000 -4.505000
v 53.000000 44.000000 -9.495000
v 52.494999 44.000000 -10.000000
v 54.000000 44.000000 -4.505000
v 54.000000 43.494999 -6.000000
v 54.000000 44.000000 -5.495000
v 53.494999 44.000000 -6.000000
v 54.000000 44.000000 -6.505000
v 54.000000 44.000000 -7.495000
v 53.494999 44.000000 -8.000000
v 53.494999 44.000000 -9.000000
v 54.494999 44.000000 -5.000000
v 54.494999 44.000000 -7.000000
v 60.000000 43.505001 -19.000000
v 59.505001 44.000000 -19.000000
v 60.000000 44.000000 -18.504999
v 60.000000 43.505001 -20.000000
v 59.505001 44.000000 -20.000000
v 60.000000 43.505001 -21.000000
v 59.505001 44.000000 -21.000000
v 59.505001 44.000000 -22.000000
v 59.505001 44.000000 -23.000000
v 59.505001 44.000000 -24.000000
v 59.505001 44.000000 -25.000000
v 60.494999 44.000000 -19.000000
v 60.494999 44.000000 -20.000000
v 61.000000 44.000000 -20.504999
v 61.000000 43.505001 -21.000000
v 62.000000 43.505001 -20.000000
v 61.505001 44.000000 -20.000000
v 62.000000 44.000000 -19.504999
v 62.000000 44.000000 -20.495001
v 61.494999 44.000000 -21.000000
v 62.000000 44.000000 -21.504999
v 63.000000 43.505001 -20.000000
v 63.000000 44.000000 -19.504999
v 63.000000 43.505001 -21.000000
v 62.505001 44.000000 -21.000000
v 64.000000 43.505001 -20.000000
v 64.000000 44.000000 -19.504999
v 64.000000 43.505001 -21.000000
v 64.000000 43.505001 -22.000000
v 64.000000 43.505001 -25.000000
v 65.000000 43.505001 -19.000000
v 64.504997 44.000000 -19.000000
v 65.000000 44.000000 -18.504999
v 65.000000 43.505001 -20.000000
v 65.000000 43.505001 -22.000000
v 65.000000 43.505001 -23.000000
v 65.000000 43.505001 -24.000000
v 66.000000 43.505001 -19.000000
v 66.000000 44.000000 -18.504999
v 66.000000 43.505001 -20.000000
v 66.000000 43.505001 -21.000000
v 66.000000 43.505001 -22.000000
v 66.000000 43.505001 -23.000000
v 66.000000 43.505001 -24.000000
v 66.495003 44.000000 -19.000000
v 66.495003 44.000000 -20.000000
v 67.000000 44.000000 -20.504999
v 67.000000 43.505001 -21.000000
v 67.000000 43.505001 -23.000000
v 67.000000 44.000000 -23.495001
v 66.495003 44.000000 -24.000000
v 66.495003 44.000000 -25.000000
v 68.000000 43.505001 -21.000000
v 68.000000 44.000000 -20.504999
v 68.000000 43.505001 -22.000000
v 67.504997 44.000000 -24.000000
v 68.000000 44.000000 -24.495001
v 68.495003 44.000000 -21.000000
v 69.000000 44.000000 -21.504999
v 69.000000 43.505001 -22.000000
v 69.000000 43.505001 -23.000000
v 69.000000 43.505001 -24.000000
v 69.000000 44.000000 -24.495001
v 69.495003 44.000000 -22.000000
v 69.495003 44.000000 -23.000000
v 69.495003 44.000000 -24.000000
v 46.000000 44.505001 -8.000000
v 45.505001 45.000000 -8.000000
v 46.000000 45.000000 -7.505000
v 46.000000 45.000000 -8.495000
v 47.000000 44.505001 -6.000000
v 46.505001 45.000000 -6.000000
v 47.000000 45.000000 -5.505000
v 47.000000 45.000000 -6.495000
v 47.000000 45.000000 -7.505000
v 47.000000 45.000000 -8.495000
v 48.000000 45.000000 -5.505000
v 47.505001 45.000000 -7.000000
v 48.000000 44.505001 -9.000000
v 47.505001 45.000000 -9.000000
v 48.000000 45.000000 -9.495000
v 49.000000 45.000000 -4.505000
v 48.505001 45.000000 -5.000000
v 49.000000 44.505001 -9.000000
v 49.000000 44.505001 -10.000000
v 48.505001 45.000000 -10.000000
v 49.000000 45.000000 -10.495000
v 50.000000 45.000000 -4.505000
v 50.000000 44.505001 -11.000000
v 49.505001 45.000000 -11.000000
v 50.000000 45.000000 -11.495000
v 51.000000 44.494999 -4.000000
v 51.000000 45.000000 -4.505000
v 51.000000 44.505001 -11.000000
v 51.000000 45.000000 -11.495000
v 52.000000 44.494999 -4.000000
v 52.000000 45.000000 -4.505000
v 52.000000 45.000000 -10.495000
v 51.494999 45.000000 -11.000000
v 53.000000 45.000000 -4.505000
v 53.000000 45.000000 -9.495000
v 52.494999 45.000000 -10.000000
v 54.000000 45.000000 -4.505000
v 54.000000 45.000000 -5.495000
v 53.494999 45.000000 -6.000000
v 54.000000 45.000000 -6.505000
v 54.000000 45.000000 -7.495000
v 53.494999 45.000000 -8.000000
v 53.494999 45.000000 -9.000000
v 54.494999 45.000000 -5.000000
v 54.494999 45.000000 -7.000000
v 58.000000 44.505001 -18.000000
v 57.505001 45.000000 -18.000000
v 58.000000 45.000000 -17.504999
v 58.000000 44.505001 -19.000000
v 57.505001 45.000000 -19.000000
v 58.000000 44.505001 -20.000000
v 57.505001 45.000000 -20.000000
v 58.000000 44.505001 -21.000000
v 57.505001 45.000000 -21.000000
v 58.000000 44.505001 -22.000000
v 57.505001 45.000000 -22.000000
v 58.000000 44.505001 -23.000000
v 57.505001 45.000000 -23.000000
v 58.000000 44.505001 -24.000000
v 57.505001 45.000000 -24.000000
v 58.000000 45.000000 -24.495001
v 59.000000 44.505001 -18.000000
v 59.000000 45.000000 -17.504999
v 59.000000 44.505001 -19.000000
v 59.000000 44.505001 -20.000000
v 59.000000 44.505001 -21.000000
v 59.000000 44.505001 -22.000000
v 59.000000 44.505001 -23.000000
v 59.000000 44.505001 -24.000000
v 59.000000 44.505001 -25.000000
v 58.505001 45.000000 -25.000000
v 60.000000 44.505001 -18.000000
v 60.000000 45.000000 -17.504999
v 60.494999 45.000000 -18.000000
v 61.000000 44.505001 -19.000000
v 61.000000 45.000000 -18.504999
v 61.000000 44.505001 -20.000000
v 62.000000 44.505001 -19.000000
v 62.000000 45.000000 -18.504999
v 62.000000 45.000000 -20.495001
v 61.494999 45.000000 -21.000000
v 62.000000 45.000000 -21.504999
v 63.000000 44.505001 -18.000000
v 62.505001 45.000000 -18.000000
v 63.000000 45.000000 -17.504999
v 63.000000 44.505001 -19.000000
v 62.505001 45.000000 -21.000000
v 64.000000 44.505001 -18.000000
v 64.000000 45.000000 -17.504999
v 64.000000 44.505001 -19.000000
v 65.000000 44.505001 -18.000000
v 65.000000 45.000000 -17.504999
v 66.000000 44.505001 -18.000000
v 66.000000 45.000000 -17.504999
v 66.495003 45.000000 -18.000000
v 66.495003 45.000000 -19.000000
v 67.000000 45.000000 -19.504999
v 67.000000 44.505001 -20.000000
v 67.000000 44.505001 -24.000000
v 67.000000 44.505001 -25.000000
v 68.000000 44.505001 -20.000000
v 68.000000 45.000000 -19.504999
v 68.000000 44.505001 -25.000000
v 68.495003 45.000000 -20.000000
v 69.000000 44.505001 -21.000000
v 69.000000 45.000000 -20.504999
v 69.000000 44.505001 -25.000000
v 69.495003 45.000000 -21.000000
v 69.495003 45.000000 -22.000000
v 69.495003 45.000000 -23.000000
v 70.000000 45.000000 -23.504999
v 70.000000 44.505001 -24.000000
v 70.000000 45.000000 -24.495001
v 69.495003 45.000000 -25.000000
v 70.495003 45.000000 -24.000000
v 46.000000 46.000000 -7.505000
v 45.505001 46.000000 -8.000000
v 46.000000 46.000000 -8.495000
v 47.000000 46.000000 -5.505000
v 46.505001 46.000000 -6.000000
v 47.000000 46.000000 -6.495000
v 47.000000 46.000000 -7.505000
v 47.000000 46.000000 -8.495000
v 48.000000 46.000000 -5.505000
v 47.505001 46.000000 -7.000000
v 47.505001 46.000000 -9.000000
v 48.000000 45.505001 -10.000000
v 47.505001 46.000000 -10.000000
v 48.000000 46.000000 -10.495000
v 49.000000 46.000000 -4.505000
v 48.505001 46.000000 -5.000000
v 49.000000 46.000000 -10.495000
v 50.000000 46.000000 -4.505000
v 49.505001 46.000000 -11.000000
v 50.000000 46.000000 -11.495000
v 51.000000 46.000000 -4.505000
v 51.000000 45.494999 -9.000000
v 51.000000 46.000000 -8.495000
v 50.494999 46.000000 -9.000000
v 51.000000 46.000000 -9.505000
v 51.000000 46.000000 -11.495000
v 52.000000 46.000000 -4.505000
v 51.505001 46.000000 -9.000000
v 52.000000 46.000000 -10.495000
v 51.494999 46.000000 -11.000000
v 53.000000 46.000000 -4.505000
v 53.000000 45.505001 -10.000000
v 53.000000 46.000000 -10.495000
v 54.000000 45.494999 -5.000000
v 53.494999 46.000000 -5.000000
v 53.494999 46.000000 -6.000000
v 54.000000 46.000000 -6.505000
v 54.000000 46.000000 -7.495000
v 53.494999 46.000000 -8.000000
v 53.494999 46.000000 -9.000000
v 53.494999 46.000000 -10.000000
v 54.494999 46.000000 -7.000000
v 57.000000 45.505001 -18.000000
v 56.505001 46.000000 -18.000000
v 57.000000 46.000000 -17.504999
v 57.000000 45.505001 -19.000000
v 56.505001 46.000000 -19.000000
v 57.000000 46.000000 -19.495001
v 58.000000 46.000000 -17.504999
v 57.505001 46.000000 -20.000000
v 57.505001 46.000000 -21.000000
v 57.505001 46.000000 -22.000000
v 57.505001 46.000000 -23.000000
v 57.505001 46.000000 -24.000000
v 58.000000 45.505001 -25.000000
v 57.505001 46.000000 -25.000000
v 59.000000 45.505001 -17.000000
v 58.505001 46.000000 -17.000000
v 59.000000 46.000000 -16.504999
v 59.494999 46.000000 -17.000000
v 60.000000 46.000000 -17.504999
v 61.000000 46.000000 -17.504999
v 61.000000 45.505001 -18.000000
v 62.000000 45.505001 -18.000000
v 62.000000 46.000000 -17.504999
v 62.000000 45.505001 -21.000000
v 63.000000 45.505001 -16.000000
v 62.505001 46.000000 -16.000000
v 63.000000 46.000000 -15.505000
v 63.000000 45.505001 -17.000000
v 62.505001 46.000000 -17.000000
v 64.000000 45.505001 -16.000000
v 64.000000 46.000000 -15.505000
v 64.000000 45.505001 -17.000000
v 65.000000 45.505001 -16.000000
v 65.000000 46.000000 -15.505000
v 65.000000 45.505001 -17.000000
v 65.495003 46.000000 -16.000000
v 66.000000 46.000000 -16.504999
v 66.000000 45.505001 -17.000000
v 66.495003 46.000000 -17.000000
v 67.000000 45.505001 -18.000000
v 67.000000 46.000000 -17.504999
v 67.000000 45.505001 -19.000000
v 67.495003 46.000000 -18.000000
v 68.000000 46.000000 -18.504999
v 68.000000 45.505001 -19.000000
v 68.495003 46.000000 -19.000000
v 69.000000 45.505001 -20.000000
v 69.000000 46.000000 -19.504999
v 69.495003 46.000000 -20.000000
v 70.000000 45.505001 -21.000000
v 70.000000 46.000000 -20.504999
v 70.000000 45.505001 -22.000000
v 70.000000 45.505001 -23.000000
v 70.000000 46.000000 -24.495001
v 69.495003 46.000000 -25.000000
v 70.495003 46.000000 -21.000000
v 70.495003 46.000000 -22.000000
v 70.495003 46.000000 -23.000000
v 70.495003 46.000000 -24.000000
v 46.000000 47.000000 -7.505000
v 45.505001 47.000000 -8.000000
v 46.000000 47.000000 -8.495000
v 47.000000 47.000000 -5.505000
v 46.505001 47.000000 -6.000000
v 47.000000 47.000000 -6.495000
v 47.000000 47.000000 -7.505000
v 47.000000 47.000000 -8.495000
v 48.000000 47.000000 -5.505000
v 47.505001 47.000000 -7.000000
v 47.505001 47.000000 -9.000000
v 47.505001 47.000000 -10.000000
v 48.000000 47.000000 -10.495000
v 49.000000 47.000000 -4.505000
v 48.505001 47.000000 -5.000000
v 49.000000 46.505001 -11.000000
v 48.505001 47.000000 -11.000000
v 49.000000 47.000000 -11.495000
v 50.000000 47.000000 -4.505000
v 50.000000 47.000000 -11.495000
v 51.000000 47.000000 -4.505000
v 51.000000 46.505001 -9.000000
v 51.000000 47.000000 -11.495000
v 52.000000 47.000000 -4.505000
v 52.000000 46.505001 -11.000000
v 52.000000 47.000000 -11.495000
v 53.000000 46.494999 -5.000000
v 52.494999 47.000000 -5.000000
v 53.000000 47.000000 -5.505000
v 53.000000 46.494999 -9.000000
v 53.000000 47.000000 -8.495000
v 52.494999 47.000000 -9.000000
v 53.000000 47.000000 -9.505000
v 53.000000 47.000000 -10.495000
v 52.494999 47.000000 -11.000000
v 53.494999 47.000000 -6.000000
v 54.000000 47.000000 -6.505000
v 54.000000 47.000000 -7.495000
v 53.494999 47.000000 -8.000000
v 53.494999 47.000000 -10.000000
v 54.494999 47.000000 -7.000000
v 57.000000 46.494999 -18.000000
v 56.505001 47.000000 -19.000000
v 57.000000 47.000000 -18.504999
v 57.000000 46.505001 -20.000000
v 56.505001 47.000000 -20.000000
v 57.000000 47.000000 -20.495001
v 57.000000 46.505001 -22.000000
v 56.505001 47.000000 -22.000000
v 57.000000 47.000000 -21.504999
v 57.000000 47.000000 -22.495001
v 57.000000 46.505001 -24.000000
v 56.505001 47.000000 -24.000000
v 57.000000 47.000000 -23.504999
v 57.000000 47.000000 -24.495001
v 58.000000 46.505001 -15.000000
v 57.505001 47.000000 -15.000000
v 58.000000 47.000000 -14.505000
v 58.000000 46.505001 -16.000000
v 57.505001 47.000000 -16.000000
v 58.000000 46.505001 -17.000000
v 57.505001 47.000000 -17.000000
v 57.505001 47.000000 -18.000000
v 57.505001 47.000000 -21.000000
v 57.505001 47.000000 -23.000000
v 57.505001 47.000000 -25.000000
v 59.000000 46.505001 -14.000000
v 58.505001 47.000000 -14.000000
v 59.000000 47.000000 -13.505000
v 59.000000 46.505001 -15.000000
v 59.000000 46.505001 -16.000000
v 60.000000 46.505001 -14.000000
v 60.000000 47.000000 -13.505000
v 60.000000 46.505001 -15.000000
v 60.000000 46.505001 -16.000000
v 60.000000 46.505001 -17.000000
v 61.000000 46.505001 -14.000000
v 61.000000 47.000000 -13.505000
v 61.000000 46.505001 -15.000000
v 61.000000 46.505001 -16.000000
v 61.000000 46.505001 -17.000000
v 62.000000 46.505001 -14.000000
v 62.000000 47.000000 -13.505000
v 62.000000 46.505001 -15.000000
v 62.000000 46.505001 -16.000000
v 62.000000 46.505001 -17.000000
v 63.000000 46.505001 -14.000000
v 63.000000 47.000000 -13.505000
v 63.000000 46.505001 -15.000000
v 64.000000 46.505001 -14.000000
v 64.000000 47.000000 -13.505000
v 64.000000 46.505001 -15.000000
v 65.000000 46.505001 -14.000000
v 65.000000 47.000000 -13.505000
v 65.000000 46.505001 -15.000000
v 65.495003 47.000000 -14.000000
v 66.000000 47.000000 -14.505000
v 66.000000 46.505001 -15.000000
v 66.000000 46.505001 -16.000000
v 66.495003 47.000000 -15.000000
v 66.495003 47.000000 -16.000000
v 67.000000 46.505001 -17.000000
v 67.000000 47.000000 -16.504999
v 68.000000 46.505001 -17.000000
v 68.000000 47.000000 -16.504999
v 68.000000 46.505001 -18.000000
v 68.495003 47.000000 -17.000000
v 68.495003 47.000000 -18.000000
v 68.495003 47.000000 -19.000000
v 69.000000 47.000000 -19.504999
v 69.495003 47.000000 -20.000000
v 70.000000 47.000000 -20.504999
v 70.000000 46.505001 -25.000000
v 70.495003 47.000000 -21.000000
v 71.000000 47.000000 -21.504999
v 71.000000 46.505001 -22.000000
v 71.000000 47.000000 -22.495001
v 70.495003 47.000000 -23.000000
v 70.495003 47.000000 -24.000000
v 70.495003 47.000000 -25.000000
v 71.495003 47.000000 -22.000000
v 46.000000 48.000000 -7.505000
v 45.505001 48.000000 -8.000000
v 46.000000 48.000000 -8.495000
v 47.000000 48.000000 -5.505000
v 46.505001 48.000000 -6.000000
v 47.000000 48.000000 -6.495000
v 47.000000 48.000000 -7.505000
v 47.000000 48.000000 -8.495000
v 48.000000 48.000000 -5.505000
v 47.505001 48.000000 -7.000000
v 47.505001 48.000000 -9.000000
v 47.505001 48.000000 -10.000000
v 48.000000 48.000000 -10.495000
v 49.000000 48.000000 -4.505000
v 48.505001 48.000000 -5.000000
v 48.505001 48.000000 -11.000000
v 49.000000 48.000000 -11.495000
v 50.000000 48.000000 -4.505000
v 50.000000 48.000000 -11.495000
v 51.000000 48.000000 -4.505000
v 51.000000 48.000000 -11.495000
v 52.000000 47.494999 -5.000000
v 51.494999 48.000000 -5.000000
v 52.000000 48.000000 -5.505000
v 52.000000 47.494999 -11.000000
v 52.000000 48.000000 -10.495000
v 51.494999 48.000000 -11.000000
v 53.000000 47.494999 -6.000000
v 52.494999 48.000000 -6.000000
v 53.000000 48.000000 -6.505000
v 53.000000 47.505001 -9.000000
v 53.000000 48.000000 -10.495000
v 54.000000 47.494999 -7.000000
v 53.494999 48.000000 -7.000000
v 53.494999 48.000000 -8.000000
v 53.494999 48.000000 -9.000000
v 53.494999 48.000000 -10.000000
v 56.000000 47.505001 -14.000000
v 55.505001 48.000000 -14.000000
v 56.000000 48.000000 -13.505000
v 56.000000 48.000000 -14.495000
v 56.000000 47.505001 -16.000000
v 55.505001 48.000000 -16.000000
v 56.000000 48.000000 -15.505000
v 56.000000 47.505001 -17.000000
v 55.505001 48.000000 -17.000000
v 56.000000 47.505001 -18.000000
v 55.505001 48.000000 -18.000000
v 56.000000 48.000000 -18.495001
v 57.000000 47.505001 -14.000000
v 57.000000 48.000000 -13.505000
v 57.000000 47.505001 -15.000000
v 56.505001 48.000000 -15.000000
v 57.000000 47.505001 -16.000000
v 57.000000 47.505001 -17.000000
v 57.000000 47.505001 -18.000000
v 56.505001 48.000000 -19.000000
v 56.505001 48.000000 -20.000000
v 57.000000 47.505001 -21.000000
v 56.505001 48.000000 -21.000000
v 56.505001 48.000000 -22.000000
v 57.000000 47.505001 -23.000000
v 56.505001 48.000000 -23.000000
v 56.505001 48.000000 -24.000000
v 57.000000 47.505001 -25.000000
v 56.505001 48.000000 -25.000000
v 58.000000 47.505001 -14.000000
v 58.000000 48.000000 -13.505000
v 59.000000 47.505001 -12.000000
v 58.505001 48.000000 -12.000000
v 59.000000 48.000000 -11.505000
v 59.000000 47.505001 -13.000000
v 58.505001 48.000000 -13.000000
v 60.000000 47.505001 -12.000000
v 60.000000 48.000000 -11.505000
v 60.000000 47.505001 -13.000000
v 61.000000 47.505001 -12.000000
v 61.000000 48.000000 -11.505000
v 61.000000 47.505001 -13.000000
v 62.000000 47.505001 -12.000000
v 62.000000 48.000000 -11.505000
v 62.000000 47.505001 -13.000000
v 62.494999 48.000000 -12.000000
v 63.000000 48.000000 -12.505000
v 63.000000 47.505001 -13.000000
v 64.000000 47.505001 -13.000000
v 64.000000 48.000000 -12.505000
v 64.495003 48.000000 -13.000000
v 65.000000 48.000000 -13.505000
v 66.000000 48.000000 -13.505000
v 66.000000 47.505001 -14.000000
v 66.495003 48.000000 -14.000000
v 67.000000 47.505001 -15.000000
v 67.000000 48.000000 -14.505000
v 67.000000 47.505001 -16.000000
v 67.495003 48.000000 -15.000000
v 68.000000 48.000000 -15.505000
v 68.000000 47.505001 -16.000000
v 68.495003 48.000000 -16.000000
v 68.495003 48.000000 -17.000000
v 68.495003 48.000000 -18.000000
v 69.000000 48.000000 -18.504999
v 69.000000 47.505001 -19.000000
v 70.000000 47.505001 -19.000000
v 70.000000 48.000000 -18.504999
v 70.000000 47.505001 -20.000000
v 70.495003 48.000000 -19.000000
v 71.000000 48.000000 -19.504999
v 71.000000 47.505001 -20.000000
v 71.000000 47.505001 -21.000000
v 71.000000 48.000000 -22.495001
v 70.495003 48.000000 -23.000000
v 70.495003 48.000000 -24.000000
v 70.495003 48.000000 -25.000000
v 71.495003 48.000000 -20.000000
v 71.495003 48.000000 -21.000000
v 71.495003 48.000000 -22.000000
v 46.000000 49.000000 -7.505000
v 45.505001 49.000000 -8.000000
v 46.000000 49.000000 -8.495000
v 47.000000 49.000000 -5.505000
v 46.505001 49.000000 -6.000000
v 47.000000 48.505001 -7.000000
v 46.505001 49.000000 -7.000000
v 47.000000 49.000000 -8.495000
v 47.000000 48.505001 -10.000000
v 46.505001 49.000000 -10.000000
v 47.000000 49.000000 -9.505000
v 47.000000 49.000000 -10.495000
v 48.000000 49.000000 -5.505000
v 47.505001 49.000000 -9.000000
v 48.000000 48.505001 -11.000000
v 47.505001 49.000000 -11.000000
v 48.000000 49.000000 -11.495000
v 49.000000 49.000000 -4.505000
v 48.505001 49.000000 -5.000000
v 49.000000 49.000000 -11.495000
v 50.000000 49.000000 -4.505000
v 50.000000 49.000000 -11.495000
v 51.000000 49.000000 -4.505000
v 51.000000 49.000000 -11.495000
v 51.494999 49.000000 -5.000000
v 52.000000 49.000000 -5.505000
v 52.000000 49.000000 -10.495000
v 51.494999 49.000000 -11.000000
v 52.494999 49.000000 -6.000000
v 53.000000 49.000000 -6.505000
v 53.000000 48.494999 -9.000000
v 53.000000 49.000000 -8.495000
v 52.494999 49.000000 -9.000000
v 53.000000 49.000000 -9.505000
v 53.000000 49.000000 -10.495000
v 53.494999 49.000000 -7.000000
v 53.494999 49.000000 -8.000000
v 53.494999 49.000000 -10.000000
v 54.000000 48.505001 -16.000000
v 53.505001 49.000000 -16.000000
v 54.000000 49.000000 -15.505000
v 54.000000 49.000000 -16.495001
v 55.000000 48.505001 -14.000000
v 54.505001 49.000000 -14.000000
v 55.000000 49.000000 -13.505000
v 55.000000 48.505001 -15.000000
v 54.505001 49.000000 -15.000000
v 55.000000 48.505001 -16.000000
v 55.000000 49.000000 -16.495001
v 55.000000 48.505001 -18.000000
v 54.505001 49.000000 -18.000000
v 55.000000 49.000000 -17.504999
v 55.000000 49.000000 -18.495001
v 56.000000 48.505001 -12.000000
v 55.505001 49.000000 -12.000000
v 56.000000 49.000000 -11.505000
v 56.000000 49.000000 -12.495000
v 56.000000 49.000000 -13.505000
v 56.000000 48.505001 -15.000000
v 55.505001 49.000000 -17.000000
v 56.000000 48.505001 -19.000000
v 55.505001 49.000000 -19.000000
v 56.000000 48.505001 -20.000000
v 55.505001 49.000000 -20.000000
v 56.000000 48.505001 -21.000000
v 55.505001 49.000000 -21.000000
v 56.000000 48.505001 -22.000000
v 55.505001 49.000000 -22.000000
v 56.000000 48.505001 -23.000000
v 55.505001 49.000000 -23.000000
v 56.000000 49.000000 -23.495001
v 57.000000 48.505001 -12.000000
v 57.000000 49.000000 -11.505000
v 57.000000 48.505001 -13.000000
v 56.505001 49.000000 -13.000000
v 56.505001 49.000000 -24.000000
v 56.505001 49.000000 -25.000000
v 58.000000 48.505001 -12.000000
v 58.000000 49.000000 -11.505000
v 58.000000 48.505001 -13.000000
v 59.000000 48.505001 -10.000000
v 58.505001 49.000000 -10.000000
v 59.000000 49.000000 -9.505000
v 59.000000 48.505001 -11.000000
v 58.505001 49.000000 -11.000000
v 60.000000 48.505001 -10.000000
v 60.000000 49.000000 -9.505000
v 60.000000 48.505001 -11.000000
v 61.000000 48.505001 -10.000000
v 61.000000 49.000000 -9.505000
v 61.000000 48.505001 -11.000000
v 62.000000 48.505001 -10.000000
v 62.000000 49.000000 -9.505000
v 62.000000 48.505001 -11.000000
v 63.000000 48.505001 -10.000000
v 63.000000 49.000000 -9.505000
v 63.000000 48.505001 -11.000000
v 63.000000 48.505001 -12.000000
v 64.000000 48.505001 -10.000000
v 64.000000 49.000000 -9.505000
v 64.000000 48.505001 -11.000000
v 64.000000 48.505001 -12.000000
v 64.495003 49.000000 -10.000000
v 64.495003 49.000000 -11.000000
v 65.000000 49.000000 -11.505000
v 65.000000 48.505001 -12.000000
v 65.000000 48.505001 -13.000000
v 66.000000 48.505001 -12.000000
v 66.000000 49.000000 -11.505000
v 66.000000 48.505001 -13.000000
v 67.000000 48.505001 -12.000000
v 67.000000 49.000000 -11.505000
v 67.000000 49.000000 -12.495000
v 66.495003 49.000000 -13.000000
v 67.000000 48.505001 -14.000000
v 67.000000 49.000000 -13.505000
v 67.495003 49.000000 -12.000000
v 67.495003 49.000000 -14.000000
v 67.495003 49.000000 -15.000000
v 68.000000 49.000000 -15.505000
v 68.495003 49.000000 -16.000000
v 69.000000 49.000000 -16.504999
v 69.000000 48.505001 -17.000000
v 69.000000 48.505001 -18.000000
v 70.000000 48.505001 -17.000000
v 70.000000 49.000000 -16.504999
v 70.000000 48.505001 -18.000000
v 70.495003 49.000000 -17.000000
v 70.495003 49.000000 -18.000000
v 71.000000 48.505001 -19.000000
v 71.000000 49.000000 -18.504999
v 71.000000 48.505001 -23.000000
v 71.000000 49.000000 -23.495001
v 70.495003 49.000000 -24.000000
v 70.495003 49.000000 -25.000000
v 71.495003 49.000000 -19.000000
v 71.495003 49.000000 -20.000000
v 71.495003 49.000000 -21.000000
v 71.495003 49.000000 -22.000000
v 71.495003 49.000000 -23.000000
v 46.000000 50.000000 -7.505000
v 45.505001 50.000000 -8.000000
v 46.000000 50.000000 -8.495000
v 47.000000 50.000000 -5.505000
v 46.505001 50.000000 -6.000000
v 46.505001 50.000000 -7.000000
v 47.000000 50.000000 -8.495000
v 47.000000 50.000000 -9.505000
v 46.505001 50.000000 -10.000000
v 47.000000 50.000000 -10.495000
v 48.000000 50.000000 -5.505000
v 47.505001 50.000000 -9.000000
v 47.505001 50.000000 -11.000000
v 48.000000 50.000000 -11.495000
v 49.000000 49.494999 -5.000000
v 49.000000 50.000000 -5.505000
v 49.000000 49.505001 -12.000000
v 48.505001 50.000000 -12.000000
v 49.000000 50.000000 -12.495000
v 50.000000 49.494999 -5.000000
v 50.000000 50.000000 -5.505000
v 50.000000 49.505001 -12.000000
v 50.000000 50.000000 -12.495000
v 51.000000 49.494999 -5.000000
v 51.000000 50.000000 -5.505000
v 51.000000 50.000000 -11.495000
v 50.494999 50.000000 -12.000000
v 52.000000 50.000000 -5.505000
v 52.000000 49.505001 -11.000000
v 52.000000 50.000000 -11.495000
v 52.494999 50.000000 -6.000000
v 53.000000 50.000000 -6.505000
v 53.000000 49.505001 -9.000000
v 53.000000 50.000000 -9.495000
v 53.000000 49.494999 -10.000000
v 52.494999 50.000000 -10.000000
v 52.494999 50.000000 -11.000000
v 53.494999 50.000000 -7.000000
v 53.494999 50.000000 -8.000000
v 53.494999 50.000000 -9.000000
v 54.000000 49.505001 -14.000000
v 53.505001 50.000000 -14.000000
v 54.000000 50.000000 -13.505000
v 54.000000 50.000000 -14.495000
v 54.000000 50.000000 -15.505000
v 53.505001 50.000000 -16.000000
v 54.000000 50.000000 -16.495001
v 55.000000 49.505001 -12.000000
v 54.505001 50.000000 -12.000000
v 55.000000 50.000000 -11.505000
v 55.000000 50.000000 -12.495000
v 55.000000 50.000000 -13.505000
v 54.505001 50.000000 -15.000000
v 55.000000 49.505001 -17.000000
v 54.505001 50.000000 -17.000000
v 54.505001 50.000000 -18.000000
v 55.000000 50.000000 -18.495001
v 56.000000 50.000000 -11.505000
v 56.000000 49.505001 -13.000000
v 55.505001 50.000000 -13.000000
v 55.505001 50.000000 -19.000000
v 55.505001 50.000000 -20.000000
v 55.505001 50.000000 -21.000000
v 55.505001 50.000000 -22.000000
v 55.505001 50.000000 -23.000000
v 56.000000 49.505001 -24.000000
v 55.505001 50.000000 -24.000000
v 56.000000 50.000000 -24.495001
v 57.000000 49.505001 -10.000000
v 56.505001 50.000000 -10.000000
v 57.000000 50.000000 -9.505000
v 57.000000 49.505001 -11.000000
v 56.505001 50.000000 -11.000000
v 56.505001 50.000000 -25.000000
v 58.000000 49.505001 -8.000000
v 57.505001 50.000000 -8.000000
v 58.000000 50.000000 -7.505000
v 58.000000 49.505001 -9.000000
v 57.505001 50.000000 -9.000000
v 58.000000 49.505001 -10.000000
v 58.000000 49.505001 -11.000000
v 59.000000 49.505001 -8.000000
v 59.000000 50.000000 -7.505000
v 59.000000 49.505001 -9.000000
v 60.000000 49.505001 -7.000000
v 59.505001 50.000000 -7.000000
v 60.000000 50.000000 -6.505000
v 60.000000 49.505001 -8.000000
v 60.000000 49.505001 -9.000000
v 61.000000 49.505001 -7.000000
v 61.000000 50.000000 -6.505000
v 61.000000 49.505001 -8.000000
v 61.000000 49.505001 -9.000000
v 62.000000 49.505001 -6.000000
v 61.505001 50.000000 -6.000000
v 62.000000 50.000000 -5.505000
v 62.000000 49.505001 -7.000000
v 62.000000 49.505001 -8.000000
v 62.000000 49.505001 -9.000000
v 63.000000 49.505001 -6.000000
v 63.000000 50.000000 -5.505000
v 63.000000 49.505001 -7.000000
v 63.000000 49.505001 -8.000000
v 63.000000 49.505001 -9.000000
v 64.000000 49.505001 -6.000000
v 64.000000 50.000000 -5.505000
v 64.000000 49.505001 -7.000000
v 64.000000 50.000000 -7.495000
v 63.494999 50.000000 -8.000000
v 64.000000 50.000000 -8.505000
v 64.000000 49.505001 -9.000000
v 64.495003 50.000000 -6.000000
v 64.495003 50.000000 -7.000000
v 64.495003 50.000000 -9.000000
v 65.000000 49.505001 -10.000000
v 65.000000 50.000000 -9.505000
v 65.000000 49.505001 -11.000000
v 65.495003 50.000000 -10.000000
v 65.495003 50.000000 -11.000000
v 66.000000 50.000000 -11.505000
v 67.000000 50.000000 -11.505000
v 67.000000 49.505001 -13.000000
v 67.495003 50.000000 -12.000000
v 67.495003 50.000000 -13.000000
v 67.495003 50.000000 -14.000000
v 67.495003 50.000000 -15.000000
v 68.000000 50.000000 -15.505000
v 68.495003 50.000000 -16.000000
v 69.000000 50.000000 -16.504999
v 70.000000 49.505001 -16.000000
v 69.504997 50.000000 -16.000000
v 70.000000 50.000000 -15.505000
v 70.495003 50.000000 -16.000000
v 70.495003 50.000000 -17.000000
v 71.000000 50.000000 -17.504999
v 71.000000 49.505001 -18.000000
v 71.000000 50.000000 -23.495001
v 70.495003 50.000000 -24.000000
v 70.495003 50.000000 -25.000000
v 71.495003 50.000000 -18.000000
v 71.495003 50.000000 -19.000000
v 71.495003 50.000000 -20.000000
v 71.495003 50.000000 -21.000000
v 71.495003 50.000000 -22.000000
v 71.495003 50.000000 -23.000000
v 46.000000 51.000000 -7.505000
v 45.505001 51.000000 -8.000000
v 46.000000 51.000000 -8.495000
v 47.000000 51.000000 -5.505000
v 46.505001 51.000000 -6.000000
v 46.505001 51.000000 -7.000000
v 47.000000 50.505001 -9.000000
v 46.505001 51.000000 -9.000000
v 46.505001 51.000000 -10.000000
v 47.000000 50.505001 -11.000000
v 46.505001 51.000000 -11.000000
v 47.000000 51.000000 -11.495000
v 48.000000 51.000000 -5.505000
v 48.000000 50.505001 -12.000000
v 47.505001 51.000000 -12.000000
v 48.000000 51.000000 -12.495000
v 49.000000 51.000000 -5.505000
v 49.000000 51.000000 -12.495000
v 50.000000 51.000000 -5.505000
v 50.000000 51.000000 -12.495000
v 51.000000 51.000000 -5.505000
v 51.000000 50.505001 -12.000000
v 51.000000 51.000000 -12.495000
v 52.000000 51.000000 -5.505000
v 52.000000 51.000000 -11.495000
v 51.494999 51.000000 -12.000000
v 52.494999 51.000000 -6.000000
v 53.000000 51.000000 -6.505000
v 53.000000 50.494999 -9.000000
v 53.000000 51.000000 -8.495000
v 52.494999 51.000000 -9.000000
v 52.494999 51.000000 -10.000000
v 52.494999 51.000000 -11.000000
v 53.000000 50.505001 -16.000000
v 52.505001 51.000000 -16.000000
v 53.000000 51.000000 -15.505000
v 53.000000 51.000000 -16.495001
v 53.494999 51.000000 -7.000000
v 53.494999 51.000000 -8.000000
v 54.000000 51.000000 -13.505000
v 53.505001 51.000000 -14.000000
v 54.000000 51.000000 -14.495000
v 54.000000 51.000000 -15.505000
v 54.000000 51.000000 -16.495001
v 55.000000 51.000000 -11.505000
v 54.505001 51.000000 -12.000000
v 55.000000 50.505001 -13.000000
v 54.505001 51.000000 -13.000000
v 54.505001 51.000000 -15.000000
v 54.505001 51.000000 -17.000000
v 54.505001 51.000000 -18.000000
v 55.000000 51.000000 -18.495001
v 55.000000 50.505001 -20.000000
v 54.505001 51.000000 -20.000000
v 55.000000 51.000000 -19.504999
v 55.000000 51.000000 -20.495001
v 55.000000 50.505001 -22.000000
v 54.505001 51.000000 -22.000000
v 55.000000 51.000000 -21.504999
v 55.000000 50.505001 -23.000000
v 54.505001 51.000000 -23.000000
v 55.000000 51.000000 -23.495001
v 56.000000 50.505001 -8.000000
v 55.505001 51.000000 -8.000000
v 56.000000 51.000000 -7.505000
v 56.000000 51.000000 -8.495000
v 56.000000 50.505001 -10.000000
v 55.505001 51.000000 -10.000000
v 56.000000 51.000000 -9.505000
v 56.000000 50.505001 -11.000000
v 55.505001 51.000000 -11.000000
v 55.505001 51.000000 -19.000000
v 55.505001 51.000000 -21.000000
v 55.505001 51.000000 -24.000000
v 56.000000 51.000000 -24.495001
v 57.000000 50.505001 -7.000000
v 56.505001 51.000000 -7.000000
v 57.000000 51.000000 -6.505000
v 57.000000 50.505001 -8.000000
v 57.000000 50.505001 -9.000000
v 56.505001 51.000000 -9.000000
v 57.000000 50.494999 -25.000000
v 57.000000 51.000000 -24.495001
v 58.000000 50.505001 -7.000000
v 58.000000 51.000000 -6.505000
v 58.000000 50.494999 -25.000000
v 58.000000 51.000000 -24.495001
v 59.000000 50.505001 -5.000000
v 58.505001 51.000000 -5.000000
v 59.000000 51.000000 -4.505000
v 59.000000 50.505001 -6.000000
v 58.505001 51.000000 -6.000000
v 59.000000 50.505001 -7.000000
v 59.000000 50.494999 -25.000000
v 59.000000 51.000000 -24.495001
v 60.000000 50.505001 -5.000000
v 60.000000 51.000000 -4.505000
v 60.000000 50.505001 -6.000000
v 59.505001 51.000000 -25.000000
v 61.000000 50.505001 -5.000000
v 61.000000 51.000000 -4.505000
v 61.000000 50.505001 -6.000000
v 62.000000 50.505001 -5.000000
v 62.000000 51.000000 -4.505000
v 63.000000 50.505001 -5.000000
v 63.000000 51.000000 -4.505000
v 64.000000 50.505001 -5.000000
v 64.000000 51.000000 -4.505000
v 64.000000 50.505001 -8.000000
v 65.000000 50.505001 -5.000000
v 65.000000 51.000000 -4.505000
v 65.000000 50.505001 -6.000000
v 65.000000 50.505001 -7.000000
v 65.000000 50.505001 -8.000000
v 65.000000 50.505001 -9.000000
v 65.495003 51.000000 -5.000000
v 65.495003 51.000000 -6.000000
v 65.495003 51.000000 -7.000000
v 65.495003 51.000000 -8.000000
v 65.495003 51.000000 -9.000000
v 66.000000 50.505001 -10.000000
v 66.000000 51.000000 -9.505000
v 66.000000 50.505001 -11.000000
v 66.495003 51.000000 -10.000000
v 66.495003 51.000000 -11.000000
v 67.000000 51.000000 -11.505000
v 67.495003 51.000000 -12.000000
v 67.495003 51.000000 -13.000000
v 67.495003 51.000000 -14.000000
v 67.495003 51.000000 -15.000000
v 68.000000 51.000000 -15.505000
v 69.000000 51.000000 -15.505000
v 69.000000 50.505001 -16.000000
v 70.000000 51.000000 -15.505000
v 70.495003 51.000000 -16.000000
v 71.000000 51.000000 -16.504999
v 71.000000 50.505001 -17.000000
v 71.000000 51.000000 -23.495001
v 70.495003 51.000000 -24.000000
v 70.495003 51.000000 -25.000000
v 71.495003 51.000000 -17.000000
v 71.495003 51.000000 -18.000000
v 71.495003 51.000000 -19.000000
v 72.000000 51.000000 -19.504999
v 72.000000 50.505001 -20.000000
v 72.000000 50.505001 -21.000000
v 72.000000 50.505001 -22.000000
v 72.000000 51.000000 -22.495001
v 71.495003 51.000000 -23.000000
v 72.495003 51.000000 -20.000000
v 72.495003 51.000000 -21.000000
v 72.495003 51.000000 -22.000000
v 46.000000 51.505001 -7.000000
v 45.505001 52.000000 -7.000000
v 46.000000 52.000000 -6.505000
v 45.505001 52.000000 -8.000000
v 46.000000 52.000000 -8.495000
v 47.000000 52.000000 -5.505000
v 46.505001 52.000000 -6.000000
v 46.505001 52.000000 -9.000000
v 46.505001 52.000000 -10.000000
v 46.505001 52.000000 -11.000000
v 47.000000 52.000000 -11.495000
v 48.000000 52.000000 -5.505000
v 47.505001 52.000000 -12.000000
v 48.000000 52.000000 -12.495000
v 49.000000 52.000000 -5.505000
v 49.000000 52.000000 -12.495000
v 50.000000 52.000000 -5.505000
v 50.000000 52.000000 -12.495000
v 51.000000 52.000000 -5.505000
v 51.000000 52.000000 -12.495000
v 52.000000 51.494999 -6.000000
v 51.494999 52.000000 -6.000000
v 52.000000 52.000000 -6.505000
v 52.000000 52.000000 -11.495000
v 51.494999 52.000000 -12.000000
v 53.000000 51.494999 -7.000000
v 52.494999 52.000000 -7.000000
v 53.000000 52.000000 -7.505000
v 53.000000 52.000000 -8.495000
v 52.494999 52.000000 -9.000000
v 52.494999 52.000000 -10.000000
v 52.494999 52.000000 -11.000000
v 53.000000 52.000000 -15.505000
v 52.505001 52.000000 -16.000000
v 53.000000 52.000000 -16.495001
v 53.494999 52.000000 -8.000000
v 54.000000 52.000000 -13.505000
v 53.505001 52.000000 -14.000000
v 54.000000 52.000000 -14.495000
v 54.000000 52.000000 -15.505000
v 54.000000 52.000000 -16.495001
v 55.000000 51.505001 -11.000000
v 54.505001 52.000000 -11.000000
v 55.000000 52.000000 -10.505000
v 54.505001 52.000000 -12.000000
v 54.505001 52.000000 -13.000000
v 54.505001 52.000000 -15.000000
v 54.505001 52.000000 -17.000000
v 54.505001 52.000000 -18.000000
v 55.000000 51.505001 -19.000000
v 54.505001 52.000000 -19.000000
v 54.505001 52.000000 -20.000000
v 55.000000 51.505001 -21.000000
v 54.505001 52.000000 -21.000000
v 54.505001 52.000000 -22.000000
v 54.505001 52.000000 -23.000000
v 55.000000 52.000000 -23.495001
v 56.000000 51.494999 -8.000000
v 56.000000 51.505001 -9.000000
v 55.505001 52.000000 -9.000000
v 56.000000 52.000000 -8.505000
v 55.505001 52.000000 -10.000000
v 55.505001 52.000000 -24.000000
v 56.000000 52.000000 -24.495001
v 57.000000 52.000000 -6.505000
v 56.505001 52.000000 -7.000000
v 56.505001 52.000000 -8.000000
v 57.000000 52.000000 -24.495001
v 58.000000 51.505001 -6.000000
v 57.505001 52.000000 -6.000000
v 58.000000 52.000000 -5.505000
v 58.000000 52.000000 -24.495001
v 59.000000 52.000000 -4.505000
v 58.505001 52.000000 -5.000000
v 59.000000 52.000000 -24.495001
v 60.000000 52.000000 -4.505000
v 60.000000 51.494999 -19.000000
v 60.000000 52.000000 -18.495001
v 59.494999 52.000000 -19.000000
v 60.000000 52.000000 -19.504999
v 60.000000 51.494999 -21.000000
v 60.000000 52.000000 -20.495001
v 59.494999 52.000000 -21.000000
v 60.000000 51.494999 -22.000000
v 59.494999 52.000000 -22.000000
v 60.000000 52.000000 -22.504999
v 59.505001 52.000000 -25.000000
v 61.000000 51.505001 -3.000000
v 60.505001 52.000000 -3.000000
v 61.000000 52.000000 -2.505000
v 61.000000 51.505001 -4.000000
v 60.505001 52.000000 -4.000000
v 60.505001 52.000000 -19.000000
v 60.505001 52.000000 -21.000000
v 60.505001 52.000000 -22.000000
v 62.000000 51.505001 -3.000000
v 62.000000 52.000000 -2.505000
v 62.000000 51.505001 -4.000000
v 63.000000 51.505001 -3.000000
v 63.000000 52.000000 -2.505000
v 63.000000 51.505001 -4.000000
v 64.000000 51.505001 -3.000000
v 64.000000 52.000000 -2.505000
v 64.000000 51.505001 -4.000000
v 65.000000 51.505001 -3.000000
v 65.000000 52.000000 -2.505000
v 65.000000 51.505001 -4.000000
v 65.495003 52.000000 -3.000000
v 65.495003 52.000000 -4.000000
v 66.000000 51.505001 -5.000000
v 66.000000 52.000000 -4.505000
v 66.000000 51.505001 -6.000000
v 66.000000 51.505001 -7.000000
v 66.000000 51.505001 -8.000000
v 66.000000 51.505001 -9.000000
v 67.000000 51.505001 -5.000000
v 67.000000 52.000000 -4.505000
v 67.000000 52.000000 -5.495000
v 66.495003 52.000000 -6.000000
v 66.495003 52.000000 -7.000000
v 66.495003 52.000000 -8.000000
v 66.495003 52.000000 -9.000000
v 66.495003 52.000000 -10.000000
v 67.000000 52.000000 -10.505000
v 67.000000 51.505001 -11.000000
v 67.000000 51.494999 -13.000000
v 67.000000 52.000000 -12.495000
v 66.495003 52.000000 -13.000000
v 67.000000 52.000000 -13.505000
v 67.000000 51.494999 -15.000000
v 67.000000 52.000000 -14.495000
v 66.495003 52.000000 -15.000000
v 67.000000 52.000000 -15.505000
v 67.495003 52.000000 -5.000000
v 67.495003 52.000000 -11.000000
v 67.495003 52.000000 -12.000000
v 67.495003 52.000000 -14.000000
v 68.000000 52.000000 -15.505000
v 69.000000 52.000000 -15.505000
v 70.000000 52.000000 -15.505000
v 71.000000 52.000000 -15.505000
v 71.000000 51.505001 -16.000000
v 71.000000 52.000000 -23.495001
v 70.495003 52.000000 -24.000000
v 70.495003 52.000000 -25.000000
v 71.495003 52.000000 -16.000000
v 72.000000 51.505001 -17.000000
v 72.000000 52.000000 -16.504999
v 72.000000 51.505001 -18.000000
v 72.000000 51.505001 -19.000000
v 72.000000 52.000000 -22.495001
v 71.495003 52.000000 -23.000000
v 72.495003 52.000000 -17.000000
v 72.495003 52.000000 -18.000000
v 72.495003 52.000000 -19.000000
v 72.495003 52.000000 -20.000000
v 72.495003 52.000000 -21.000000
v 72.495003 52.000000 -22.000000
v 46.000000 53.000000 -6.505000
v 45.505001 53.000000 -7.000000
v 45.505001 53.000000 -8.000000
v 46.000000 53.000000 -8.495000
v 47.000000 53.000000 -5.505000
v 46.505001 53.000000 -6.000000
v 47.000000 52.494999 -9.000000
v 47.000000 53.000000 -8.495000
v 46.505001 53.000000 -10.000000
v 47.000000 53.000000 -9.505000
v 46.505001 53.000000 -11.000000
v 47.000000 53.000000 -11.495000
v 48.000000 53.000000 -5.505000
v 47.505001 53.000000 -9.000000
v 47.505001 53.000000 -12.000000
v 48.000000 53.000000 -12.495000
v 49.000000 53.000000 -5.505000
v 49.000000 53.000000 -12.495000
v 50.000000 53.000000 -5.505000
v 50.000000 53.000000 -12.495000
v 51.000000 53.000000 -5.505000
v 51.000000 53.000000 -12.495000
v 51.494999 53.000000 -6.000000
v 52.000000 53.000000 -6.505000
v 52.000000 53.000000 -11.495000
v 51.494999 53.000000 -12.000000
v 52.494999 53.000000 -7.000000
v 52.494999 53.000000 -8.000000
v 53.000000 52.494999 -8.000000
v 52.494999 53.000000 -9.000000
v 52.494999 53.000000 -10.000000
v 52.494999 53.000000 -11.000000
v 53.000000 52.494999 -16.000000
v 54.000000 52.505001 -12.000000
v 53.505001 53.000000 -12.000000
v 54.000000 53.000000 -11.505000
v 54.000000 52.505001 -13.000000
v 53.505001 53.000000 -13.000000
v 53.505001 53.000000 -14.000000
v 54.000000 53.000000 -14.495000
v 54.000000 53.000000 -15.505000
v 53.505001 53.000000 -16.000000
v 54.000000 52.505001 -17.000000
v 53.505001 53.000000 -17.000000
v 54.000000 53.000000 -17.495001
v 55.000000 52.505001 -10.000000
v 54.505001 53.000000 -10.000000
v 55.000000 53.000000 -9.505000
v 54.505001 53.000000 -11.000000
v 54.505001 53.000000 -15.000000
v 54.505001 53.000000 -18.000000
v 54.505001 53.000000 -19.000000
v 54.505001 53.000000 -20.000000
v 54.505001 53.000000 -21.000000
v 55.000000 52.494999 -22.000000
v 55.000000 53.000000 -21.495001
v 55.000000 52.494999 -23.000000
v 56.000000 52.505001 -7.000000
v 55.505001 53.000000 -7.000000
v 56.000000 53.000000 -6.505000
v 56.000000 53.000000 -7.495000
v 56.000000 53.000000 -8.505000
v 55.505001 53.000000 -9.000000
v 55.505001 53.000000 -22.000000
v 55.505001 53.000000 -23.000000
v 56.000000 52.494999 -24.000000
v 56.000000 53.000000 -23.495001
v 57.000000 53.000000 -6.505000
v 56.505001 53.000000 -8.000000
v 57.000000 52.494999 -24.000000
v 57.000000 53.000000 -23.495001
v 58.000000 52.505001 -5.000000
v 57.505001 53.000000 -5.000000
v 58.000000 53.000000 -4.505000
v 57.505001 53.000000 -6.000000
v 58.000000 52.494999 -22.000000
v 58.000000 53.000000 -21.495001
v 57.494999 53.000000 -22.000000
v 58.000000 52.494999 -23.000000
v 57.494999 53.000000 -23.000000
v 58.000000 52.494999 -24.000000
v 59.000000 53.000000 -4.505000
v 59.000000 52.494999 -19.000000
v 59.000000 53.000000 -18.495001
v 58.494999 53.000000 -19.000000
v 59.000000 53.000000 -19.504999
v 59.000000 52.494999 -21.000000
v 59.000000 53.000000 -20.495001
v 58.494999 53.000000 -21.000000
v 59.000000 52.494999 -22.000000
v 59.000000 52.494999 -23.000000
v 59.000000 52.494999 -24.000000
v 60.000000 52.505001 -3.000000
v 59.505001 53.000000 -3.000000
v 60.000000 53.000000 -2.505000
v 60.000000 52.505001 -4.000000
v 59.505001 53.000000 -4.000000
v 60.000000 53.000000 -18.495001
v 60.000000 53.000000 -19.504999
v 60.000000 53.000000 -20.495001
v 60.000000 52.494999 -23.000000
v 60.000000 52.494999 -24.000000
v 60.000000 52.494999 -25.000000
v 61.000000 53.000000 -2.505000
v 61.000000 52.494999 -16.000000
v 61.000000 53.000000 -15.495000
v 60.494999 53.000000 -16.000000
v 61.000000 53.000000 -16.504999
v 61.000000 52.494999 -18.000000
v 61.000000 53.000000 -17.495001
v 60.494999 53.000000 -18.000000
v 61.000000 52.494999 -19.000000
v 61.000000 53.000000 -19.504999
v 60.505001 53.000000 -21.000000
v 60.505001 53.000000 -22.000000
v 60.505001 53.000000 -23.000000
v 60.505001 53.000000 -24.000000
v 60.505001 53.000000 -25.000000
v 62.000000 53.000000 -2.505000
v 61.505001 53.000000 -16.000000
v 61.505001 53.000000 -18.000000
v 61.505001 53.000000 -19.000000
v 63.000000 53.000000 -2.505000
v 64.000000 53.000000 -2.505000
v 65.000000 53.000000 -2.505000
v 66.000000 53.000000 -2.505000
v 66.000000 52.505001 -3.000000
v 66.000000 52.505001 -4.000000
v 66.495003 53.000000 -3.000000
v 66.495003 53.000000 -4.000000
v 67.000000 53.000000 -4.505000
v 67.000000 52.505001 -6.000000
v 67.000000 52.505001 -7.000000
v 67.000000 52.505001 -8.000000
v 67.000000 53.000000 -8.495000
v 66.495003 53.000000 -9.000000
v 67.000000 53.000000 -9.505000
v 67.000000 52.505001 -10.000000
v 67.000000 53.000000 -12.495000
v 66.495003 53.000000 -13.000000
v 67.000000 53.000000 -13.505000
v 67.000000 52.505001 -15.000000
v 68.000000 53.000000 -4.505000
v 68.000000 52.505001 -5.000000
v 68.000000 53.000000 -5.495000
v 67.495003 53.000000 -6.000000
v 67.495003 53.000000 -7.000000
v 67.495003 53.000000 -8.000000
v 67.495003 53.000000 -10.000000
v 67.495003 53.000000 -11.000000
v 67.495003 53.000000 -12.000000
v 67.495003 53.000000 -14.000000
v 67.495003 53.000000 -15.000000
v 68.000000 53.000000 -15.505000
v 68.495003 53.000000 -5.000000
v 69.000000 53.000000 -15.505000
v 70.000000 53.000000 -15.505000
v 71.000000 53.000000 -15.505000
v 71.000000 53.000000 -23.495001
v 70.495003 53.000000 -24.000000
v 70.495003 53.000000 -25.000000
v 72.000000 53.000000 -15.505000
v 72.000000 52.505001 -16.000000
v 72.000000 53.000000 -22.495001
v 71.495003 53.000000 -23.000000
v 72.495003 53.000000 -16.000000
v 72.495003 53.000000 -17.000000
v 72.495003 53.000000 -18.000000
v 72.495003 53.000000 -19.000000
v 72.495003 53.000000 -20.000000
v 72.495003 53.000000 -21.000000
v 72.495003 53.000000 -22.000000
v 46.000000 54.000000 -6.505000
v 45.505001 54.000000 -7.000000
v 45.505001 54.000000 -8.000000
v 46.000000 53.505001 -9.000000
v 45.505001 54.000000 -9.000000
v 46.000000 53.505001 -10.000000
v 45.505001 54.000000 -10.000000
v 46.000000 54.000000 -10.495000
v 47.000000 54.000000 -5.505000
v 46.505001 54.000000 -6.000000
v 47.000000 53.505001 -9.000000
v 46.505001 54.000000 -11.000000
v 47.000000 53.505001 -12.000000
v 46.505001 54.000000 -12.000000
v 47.000000 54.000000 -12.495000
v 48.000000 53.505001 -5.000000
v 47.505001 54.000000 -5.000000
v 48.000000 54.000000 -4.505000
v 48.000000 54.000000 -12.495000
v 48.494999 54.000000 -5.000000
v 49.000000 54.000000 -5.505000
v 49.000000 54.000000 -12.495000
v 50.000000 54.000000 -5.505000
v 50.000000 54.000000 -12.495000
v 51.000000 54.000000 -5.505000
v 51.000000 54.000000 -12.495000
v 51.494999 54.000000 -6.000000
v 52.000000 54.000000 -6.505000
v 52.000000 54.000000 -11.495000
v 51.494999 54.000000 -12.000000
v 52.494999 54.000000 -7.000000
v 52.494999 54.000000 -8.000000
v 52.494999 54.000000 -9.000000
v 52.494999 54.000000 -10.000000
v 52.494999 54.000000 -11.000000
v 54.000000 54.000000 -11.505000
v 53.505001 54.000000 -12.000000
v 53.505001 54.000000 -13.000000
v 53.505001 54.000000 -14.000000
v 54.000000 54.000000 -14.495000
v 54.000000 53.494999 -16.000000
v 53.505001 54.000000 -17.000000
v 54.000000 54.000000 -16.504999
v 54.000000 54.000000 -17.495001
v 55.000000 54.000000 -9.505000
v 54.505001 54.000000 -10.000000
v 54.505001 54.000000 -11.000000
v 54.505001 54.000000 -15.000000
v 54.505001 54.000000 -16.000000
v 54.505001 54.000000 -18.000000
v 54.505001 54.000000 -19.000000
v 54.505001 54.000000 -20.000000
v 54.505001 54.000000 -21.000000
v 55.000000 54.000000 -21.495001
v 56.000000 54.000000 -6.505000
v 55.505001 54.000000 -7.000000
v 56.000000 53.505001 -8.000000
v 55.505001 54.000000 -8.000000
v 55.505001 54.000000 -9.000000
v 56.000000 53.494999 -22.000000
v 56.000000 54.000000 -21.495001
v 56.000000 53.494999 -23.000000
v 57.000000 53.505001 -6.000000
v 56.505001 54.000000 -6.000000
v 57.000000 54.000000 -5.505000
v 57.000000 53.494999 -22.000000
v 57.000000 54.000000 -21.495001
v 57.000000 53.494999 -23.000000
v 58.000000 54.000000 -4.505000
v 57.505001 54.000000 -5.000000
v 58.000000 53.494999 -16.000000
v 58.000000 54.000000 -15.495000
v 57.494999 54.000000 -16.000000
v 58.000000 54.000000 -16.504999
v 58.000000 54.000000 -21.495001
v 59.000000 53.505001 -3.000000
v 58.505001 54.000000 -3.000000
v 59.000000 54.000000 -2.505000
v 59.000000 53.505001 -4.000000
v 58.505001 54.000000 -4.000000
v 59.000000 53.494999 -16.000000
v 59.000000 54.000000 -15.495000
v 59.000000 54.000000 -16.504999
v 59.000000 54.000000 -18.495001
v 58.494999 54.000000 -19.000000
v 59.000000 54.000000 -19.504999
v 59.000000 54.000000 -20.495001
v 58.494999 54.000000 -21.000000
v 60.000000 54.000000 -2.505000
v 60.000000 53.494999 -16.000000
v 60.000000 54.000000 -15.495000
v 59.494999 54.000000 -17.000000
v 60.000000 53.494999 -17.000000
v 60.000000 54.000000 -17.504999
v 60.000000 54.000000 -18.495001
v 60.000000 54.000000 -19.504999
v 60.000000 54.000000 -20.495001
v 61.000000 54.000000 -2.505000
v 61.000000 54.000000 -15.495000
v 61.000000 53.494999 -17.000000
v 60.494999 54.000000 -18.000000
v 61.000000 54.000000 -19.504999
v 61.000000 53.494999 -21.000000
v 61.000000 54.000000 -20.495001
v 61.000000 53.494999 -22.000000
v 61.000000 53.494999 -23.000000
v 61.000000 53.494999 -24.000000
v 61.000000 53.494999 -25.000000
v 62.000000 54.000000 -2.505000
v 61.505001 54.000000 -16.000000
v 61.505001 54.000000 -17.000000
v 62.000000 53.494999 -18.000000
v 62.000000 54.000000 -17.495001
v 62.000000 53.494999 -19.000000
v 62.000000 54.000000 -19.504999
v 61.505001 54.000000 -21.000000
v 61.505001 54.000000 -22.000000
v 61.505001 54.000000 -23.000000
v 61.505001 54.000000 -24.000000
v 61.505001 54.000000 -25.000000
v 63.000000 53.505001 -2.000000
v 62.505001 54.000000 -2.000000
v 63.000000 54.000000 -1.505000
v 62.505001 54.000000 -18.000000
v 62.505001 54.000000 -19.000000
v 64.000000 53.505001 -2.000000
v 64.000000 54.000000 -1.505000
v 64.495003 54.000000 -2.000000
v 65.000000 54.000000 -2.505000
v 66.000000 54.000000 -2.505000
v 67.000000 54.000000 -2.505000
v 67.000000 53.505001 -3.000000
v 67.000000 54.000000 -3.495000
v 66.495003 54.000000 -4.000000
v 67.000000 54.000000 -4.505000
v 67.000000 53.505001 -9.000000
v 67.000000 54.000000 -12.495000
v 66.495003 54.000000 -13.000000
v 67.000000 54.000000 -13.505000
v 67.495003 54.000000 -3.000000
v 68.000000 54.000000 -4.505000
v 68.000000 54.000000 -5.495000
v 67.495003 54.000000 -6.000000
v 67.495003 54.000000 -7.000000
v 67.495003 54.000000 -8.000000
v 67.495003 54.000000 -9.000000
v 67.495003 54.000000 -10.000000
v 67.495003 54.000000 -11.000000
v 67.495003 54.000000 -12.000000
v 67.495003 54.000000 -14.000000
v 68.000000 54.000000 -14.505000
v 68.000000 53.505001 -15.000000
v 68.495003 54.000000 -5.000000
v 69.000000 53.505001 -15.000000
v 69.000000 54.000000 -14.505000
v 70.000000 53.505001 -15.000000
v 70.000000 54.000000 -14.505000
v 71.000000 53.505001 -15.000000
v 71.000000 54.000000 -14.505000
v 71.000000 54.000000 -23.495001
v 70.495003 54.000000 -24.000000
v 70.495003 54.000000 -25.000000
v 71.495003 54.000000 -15.000000
v 72.000000 54.000000 -15.505000
v 72.000000 54.000000 -22.495001
v 71.495003 54.000000 -23.000000
v 73.000000 54.000000 -15.505000
v 73.000000 53.505001 -16.000000
v 73.000000 53.505001 -17.000000
v 73.000000 53.505001 -18.000000
v 73.000000 53.505001 -19.000000
v 73.000000 53.505001 -20.000000
v 73.000000 54.000000 -20.495001
v 72.495003 54.000000 -21.000000
v 72.495003 54.000000 -22.000000
v 73.495003 54.000000 -16.000000
v 73.495003 54.000000 -17.000000
v 73.495003 54.000000 -18.000000
v 73.495003 54.000000 -19.000000
v 73.495003 54.000000 -20.000000
v 46.000000 55.000000 -6.505000
v 45.505001 55.000000 -7.000000
v 45.505001 55.000000 -8.000000
v 45.505001 55.000000 -9.000000
v 45.505001 55.000000 -10.000000
v 46.000000 54.505001 -11.000000
v 45.505001 55.000000 -11.000000
v 46.000000 55.000000 -11.495000
v 47.000000 55.000000 -5.505000
v 46.505001 55.000000 -6.000000
v 46.505001 55.000000 -12.000000
v 47.000000 55.000000 -12.495000
v 48.000000 54.494999 -5.000000
v 48.000000 55.000000 -5.505000
v 48.000000 55.000000 -12.495000
v 49.000000 55.000000 -5.505000
v 49.000000 55.000000 -12.495000
v 50.000000 55.000000 -5.505000
v 50.000000 55.000000 -12.495000
v 51.000000 55.000000 -5.505000
v 51.000000 55.000000 -12.495000
v 51.494999 55.000000 -6.000000
v 51.494999 55.000000 -7.000000
v 52.000000 54.494999 -7.000000
v 52.000000 55.000000 -7.505000
v 52.000000 55.000000 -11.495000
v 51.494999 55.000000 -12.000000
v 52.494999 55.000000 -8.000000
v 52.494999 55.000000 -9.000000
v 52.494999 55.000000 -10.000000
v 52.494999 55.000000 -11.000000
v 54.000000 55.000000 -11.505000
v 53.505001 55.000000 -12.000000
v 53.505001 55.000000 -13.000000
v 53.505001 55.000000 -14.000000
v 54.000000 55.000000 -14.495000
v 54.000000 55.000000 -16.504999
v 53.505001 55.000000 -17.000000
v 54.000000 55.000000 -17.495001
v 55.000000 54.505001 -9.000000
v 54.505001 55.000000 -9.000000
v 55.000000 55.000000 -8.505000
v 54.505001 55.000000 -10.000000
v 54.505001 55.000000 -11.000000
v 55.000000 54.494999 -15.000000
v 55.000000 55.000000 -14.495000
v 54.505001 55.000000 -16.000000
v 55.000000 55.000000 -15.505000
v 54.505001 55.000000 -18.000000
v 54.505001 55.000000 -19.000000
v 54.505001 55.000000 -20.000000
v 55.000000 54.494999 -21.000000
v 55.000000 55.000000 -20.495001
v 56.000000 55.000000 -6.505000
v 55.505001 55.000000 -7.000000
v 55.505001 55.000000 -8.000000
v 56.000000 54.494999 -15.000000
v 56.000000 55.000000 -14.495000
v 56.000000 55.000000 -15.505000
v 56.000000 54.494999 -21.000000
v 56.000000 55.000000 -20.495001
v 57.000000 55.000000 -5.505000
v 56.505001 55.000000 -6.000000
v 57.000000 54.494999 -15.000000
v 57.000000 55.000000 -14.495000
v 57.000000 55.000000 -15.505000
v 57.000000 54.494999 -21.000000
v 57.000000 55.000000 -20.495001
v 58.000000 54.505001 -4.000000
v 57.505001 55.000000 -4.000000
v 58.000000 55.000000 -3.505000
v 57.505001 55.000000 -5.000000
v 58.000000 54.494999 -15.000000
v 58.000000 55.000000 -14.495000
v 57.494999 55.000000 -16.000000
v 58.000000 55.000000 -16.504999
v 58.000000 54.494999 -21.000000
v 58.000000 55.000000 -20.495001
v 59.000000 55.000000 -2.505000
v 58.505001 55.000000 -3.000000
v 59.000000 54.494999 -13.000000
v 59.000000 55.000000 -12.495000
v 58.494999 55.000000 -13.000000
v 59.000000 55.000000 -13.505000
v 59.000000 54.494999 -15.000000
v 59.000000 55.000000 -14.495000
v 59.000000 55.000000 -16.504999
v 59.000000 54.494999 -18.000000
v 59.000000 55.000000 -17.495001
v 58.494999 55.000000 -18.000000
v 58.494999 55.000000 -19.000000
v 58.494999 55.000000 -20.000000
v 59.000000 54.494999 -20.000000
v 60.000000 54.505001 -2.000000
v 59.505001 55.000000 -2.000000
v 60.000000 55.000000 -1.505000
v 59.505001 55.000000 -13.000000
v 60.000000 54.494999 -15.000000
v 60.000000 55.000000 -14.495000
v 60.000000 55.000000 -16.504999
v 60.000000 54.505001 -17.000000
v 60.000000 55.000000 -17.495001
v 60.000000 54.494999 -18.000000
v 60.000000 54.494999 -20.000000
v 61.000000 54.505001 -2.000000
v 61.000000 55.000000 -1.505000
v 61.000000 54.494999 -15.000000
v 61.000000 55.000000 -14.495000
v 60.494999 55.000000 -17.000000
v 61.000000 55.000000 -19.504999
v 60.505001 55.000000 -20.000000
v 61.000000 55.000000 -20.495001
v 62.000000 54.505001 -2.000000
v 62.000000 55.000000 -1.505000
v 61.505001 55.000000 -15.000000
v 61.505001 55.000000 -16.000000
v 61.505001 55.000000 -17.000000
v 62.000000 55.000000 -17.495001
v 62.000000 55.000000 -19.504999
v 62.000000 54.494999 -21.000000
v 62.000000 55.000000 -20.495001
v 62.000000 54.494999 -22.000000
v 61.505001 55.000000 -23.000000
v 62.000000 55.000000 -22.504999
v 61.505001 55.000000 -24.000000
v 61.505001 55.000000 -25.000000
v 63.000000 55.000000 -1.505000
v 63.000000 54.494999 -18.000000
v 63.000000 55.000000 -17.495001
v 62.505001 55.000000 -19.000000
v 63.000000 55.000000 -18.504999
v 62.505001 55.000000 -21.000000
v 62.505001 55.000000 -22.000000
v 64.000000 55.000000 -1.505000
v 63.505001 55.000000 -18.000000
v 65.000000 55.000000 -1.505000
v 65.000000 54.505001 -2.000000
v 66.000000 54.505001 -2.000000
v 66.000000 55.000000 -1.505000
v 67.000000 54.505001 -2.000000
v 67.000000 55.000000 -1.505000
v 67.000000 54.505001 -4.000000
v 67.000000 55.000000 -12.495000
v 66.495003 55.000000 -13.000000
v 66.495003 55.000000 -14.000000
v 67.000000 54.494999 -14.000000
v 67.000000 55.000000 -14.505000
v 67.495003 55.000000 -2.000000
v 68.000000 54.505001 -3.000000
v 68.000000 55.000000 -2.505000
v 68.000000 55.000000 -3.495000
v 67.495003 55.000000 -4.000000
v 68.000000 55.000000 -4.505000
v 68.000000 55.000000 -5.495000
v 67.495003 55.000000 -6.000000
v 67.495003 55.000000 -7.000000
v 67.495003 55.000000 -8.000000
v 67.495003 55.000000 -9.000000
v 67.495003 55.000000 -10.000000
v 67.495003 55.000000 -11.000000
v 67.495003 55.000000 -12.000000
v 68.000000 55.000000 -14.505000
v 68.495003 55.000000 -3.000000
v 68.495003 55.000000 -5.000000
v 69.000000 55.000000 -14.505000
v 70.000000 55.000000 -14.505000
v 70.000000 54.494999 -25.000000
v 70.000000 55.000000 -24.495001
v 69.495003 55.000000 -25.000000
v 71.000000 55.000000 -14.505000
v 71.000000 54.494999 -23.000000
v 71.000000 55.000000 -22.495001
v 70.495003 55.000000 -23.000000
v 70.495003 55.000000 -24.000000
v 72.000000 55.000000 -14.505000
v 72.000000 54.505001 -15.000000
v 72.000000 55.000000 -22.495001
v 73.000000 54.505001 -15.000000
v 73.000000 55.000000 -14.505000
v 73.000000 55.000000 -20.495001
v 72.495003 55.000000 -21.000000
v 72.495003 55.000000 -22.000000
v 73.495003 55.000000 -15.000000
v 73.495003 55.000000 -16.000000
v 73.495003 55.000000 -17.000000
v 73.495003 55.000000 -18.000000
v 73.495003 55.000000 -19.000000
v 73.495003 55.000000 -20.000000
v 46.000000 56.000000 -6.505000
v 45.505001 56.000000 -7.000000
v 45.505001 56.000000 -8.000000
v 45.505001 56.000000 -9.000000
v 45.505001 56.000000 -10.000000
v 45.505001 56.000000 -11.000000
v 46.000000 56.000000 -11.495000
v 47.000000 56.000000 -5.505000
v 46.505001 56.000000 -6.000000
v 46.505001 56.000000 -12.000000
v 47.000000 56.000000 -12.495000
v 48.000000 56.000000 -5.505000
v 48.000000 55.505001 -13.000000
v 47.505001 56.000000 -13.000000
v 48.000000 56.000000 -13.495000
v 49.000000 56.000000 -5.505000
v 49.000000 55.505001 -13.000000
v 49.000000 56.000000 -13.495000
v 50.000000 55.505001 -5.000000
v 49.505001 56.000000 -5.000000
v 50.000000 56.000000 -4.505000
v 50.000000 56.000000 -12.495000
v 49.494999 56.000000 -13.000000
v 50.494999 56.000000 -5.000000
v 51.000000 55.494999 -6.000000
v 50.494999 56.000000 -6.000000
v 51.000000 56.000000 -6.505000
v 51.000000 56.000000 -12.495000
v 51.494999 56.000000 -7.000000
v 52.000000 56.000000 -7.505000
v 52.000000 56.000000 -11.495000
v 51.494999 56.000000 -12.000000
v 52.494999 56.000000 -8.000000
v 52.494999 56.000000 -9.000000
v 52.494999 56.000000 -10.000000
v 52.494999 56.000000 -11.000000
v 54.000000 56.000000 -11.505000
v 53.505001 56.000000 -12.000000
v 53.505001 56.000000 -13.000000
v 54.000000 55.494999 -14.000000
v 54.000000 56.000000 -13.495000
v 54.000000 56.000000 -16.504999
v 53.505001 56.000000 -17.000000
v 54.000000 56.000000 -17.495001
v 55.000000 56.000000 -8.505000
v 54.505001 56.000000 -9.000000
v 54.505001 56.000000 -10.000000
v 54.505001 56.000000 -11.000000
v 54.505001 56.000000 -14.000000
v 55.000000 56.000000 -14.495000
v 55.000000 56.000000 -15.505000
v 54.505001 56.000000 -16.000000
v 54.505001 56.000000 -18.000000
v 54.505001 56.000000 -19.000000
v 55.000000 55.494999 -20.000000
v 55.000000 56.000000 -19.495001
v 56.000000 56.000000 -6.505000
v 55.505001 56.000000 -7.000000
v 55.505001 56.000000 -8.000000
v 56.000000 56.000000 -14.495000
v 56.000000 56.000000 -15.505000
v 55.505001 56.000000 -20.000000
v 56.000000 56.000000 -20.495001
v 57.000000 55.505001 -5.000000
v 56.505001 56.000000 -5.000000
v 57.000000 56.000000 -4.505000
v 56.505001 56.000000 -6.000000
v 57.000000 56.000000 -14.495000
v 57.000000 56.000000 -15.505000
v 57.000000 56.000000 -20.495001
v 58.000000 55.505001 -3.000000
v 57.505001 56.000000 -3.000000
v 58.000000 56.000000 -2.505000
v 57.505001 56.000000 -4.000000
v 58.000000 55.494999 -13.000000
v 58.000000 56.000000 -12.495000
v 57.494999 56.000000 -13.000000
v 58.000000 56.000000 -13.505000
v 58.000000 56.000000 -14.495000
v 58.000000 56.000000 -15.505000
v 58.000000 55.505001 -16.000000
v 58.000000 55.494999 -18.000000
v 58.000000 56.000000 -17.495001
v 57.494999 56.000000 -18.000000
v 58.000000 56.000000 -18.504999
v 58.000000 56.000000 -20.495001
v 59.000000 56.000000 -2.505000
v 59.000000 56.000000 -12.495000
v 59.000000 56.000000 -13.505000
v 59.000000 56.000000 -14.495000
v 58.494999 56.000000 -16.000000
v 59.000000 56.000000 -16.504999
v 59.000000 56.000000 -17.495001
v 59.000000 55.505001 -19.000000
v 59.000000 56.000000 -18.504999
v 59.000000 56.000000 -19.495001
v 58.494999 56.000000 -20.000000
v 60.000000 56.000000 -1.505000
v 59.505001 56.000000 -2.000000
v 60.000000 55.494999 -13.000000
v 60.000000 56.000000 -12.495000
v 60.000000 56.000000 -13.505000
v 60.000000 56.000000 -14.495000
v 60.000000 56.000000 -16.504999
v 60.000000 56.000000 -17.495001
v 59.494999 56.000000 -19.000000
v 61.000000 56.000000 -1.505000
v 60.505001 56.000000 -13.000000
v 61.000000 56.000000 -14.495000
v 60.494999 56.000000 -17.000000
v 61.000000 55.494999 -20.000000
v 62.000000 56.000000 -1.505000
v 62.000000 55.494999 -15.000000
v 62.000000 56.000000 -14.495000
v 61.505001 56.000000 -16.000000
v 62.000000 56.000000 -15.505000
v 62.000000 55.494999 -17.000000
v 62.000000 56.000000 -16.495001
v 62.000000 55.494999 -20.000000
v 62.000000 55.494999 -23.000000
v 62.000000 55.494999 -24.000000
v 62.000000 55.494999 -25.000000
v 63.000000 56.000000 -1.505000
v 62.505001 56.000000 -15.000000
v 62.505001 56.000000 -17.000000
v 63.000000 56.000000 -17.495001
v 63.000000 55.494999 -19.000000
v 63.000000 56.000000 -19.504999
v 62.505001 56.000000 -20.000000
v 62.505001 56.000000 -21.000000
v 62.505001 56.000000 -22.000000
v 62.505001 56.000000 -23.000000
v 62.505001 56.000000 -24.000000
v 62.505001 56.000000 -25.000000
v 64.000000 56.000000 -1.505000
v 63.505001 56.000000 -18.000000
v 63.505001 56.000000 -19.000000
v 65.000000 56.000000 -1.505000
v 65.000000 55.494999 -15.000000
v 65.000000 56.000000 -14.495000
v 64.495003 56.000000 -15.000000
v 65.000000 56.000000 -15.505000
v 66.000000 56.000000 -1.505000
v 66.000000 55.494999 -14.000000
v 66.000000 56.000000 -13.495000
v 65.495003 56.000000 -14.000000
v 66.000000 55.494999 -15.000000
v 66.000000 56.000000 -15.505000
v 67.000000 56.000000 -1.505000
v 67.000000 56.000000 -12.495000
v 66.495003 56.000000 -13.000000
v 67.000000 56.000000 -14.505000
v 66.504997 56.000000 -15.000000
v 67.495003 56.000000 -2.000000
v 68.000000 56.000000 -2.505000
v 68.000000 55.505001 -4.000000
v 68.000000 56.000000 -5.495000
v 67.495003 56.000000 -6.000000
v 67.495003 56.000000 -7.000000
v 67.495003 56.000000 -8.000000
v 67.495003 56.000000 -9.000000
v 67.495003 56.000000 -10.000000
v 67.495003 56.000000 -11.000000
v 67.495003 56.000000 -12.000000
v 68.000000 56.000000 -14.505000
v 68.495003 56.000000 -3.000000
v 68.495003 56.000000 -4.000000
v 69.000000 55.505001 -5.000000
v 69.000000 56.000000 -4.505000
v 69.000000 56.000000 -5.495000
v 69.000000 56.000000 -14.505000
v 69.000000 55.494999 -25.000000
v 69.000000 56.000000 -24.495001
v 68.495003 56.000000 -25.000000
v 69.495003 56.000000 -5.000000
v 70.000000 56.000000 -14.505000
v 70.000000 56.000000 -24.495001
v 71.000000 56.000000 -14.505000
v 71.000000 56.000000 -22.495001
v 70.495003 56.000000 -23.000000
v 70.495003 56.000000 -24.000000
v 72.000000 56.000000 -14.505000
v 72.000000 56.000000 -22.495001
v 73.000000 56.000000 -14.505000
v 73.000000 56.000000 -20.495001
v 72.495003 56.000000 -21.000000
v 72.495003 56.000000 -22.000000
v 73.495003 56.000000 -15.000000
v 74.000000 56.000000 -15.505000
v 74.000000 55.505001 -16.000000
v 74.000000 56.000000 -16.495001
v 73.495003 56.000000 -17.000000
v 74.000000 56.000000 -17.504999
v 74.000000 55.505001 -18.000000
v 74.000000 56.000000 -18.495001
v 73.495003 56.000000 -19.000000
v 73.495003 56.000000 -20.000000
v 74.495003 56.000000 -16.000000
v 74.495003 56.000000 -18.000000
v 45.000000 56.505001 -7.000000
v 44.505001 57.000000 -7.000000
v 45.000000 57.000000 -6.505000
v 45.000000 57.000000 -7.495000
v 46.000000 57.000000 -6.505000
v 45.505001 57.000000 -8.000000
v 45.505001 57.000000 -9.000000
v 45.505001 57.000000 -10.000000
v 45.505001 57.000000 -11.000000
v 46.000000 57.000000 -11.495000
v 47.000000 57.000000 -5.505000
v 46.505001 57.000000 -6.000000
v 46.505001 57.000000 -12.000000
v 47.000000 57.000000 -12.495000
v 48.000000 57.000000 -5.505000
v 47.505001 57.000000 -13.000000
v 48.000000 57.000000 -13.495000
v 49.000000 57.000000 -5.505000
v 49.000000 57.000000 -13.495000
v 50.000000 56.494999 -5.000000
v 50.000000 57.000000 -5.505000
v 50.000000 57.000000 -12.495000
v 49.494999 57.000000 -13.000000
v 50.494999 57.000000 -6.000000
v 51.000000 57.000000 -6.505000
v 51.000000 57.000000 -12.495000
v 51.494999 57.000000 -7.000000
v 52.000000 57.000000 -7.505000
v 52.000000 57.000000 -11.495000
v 51.494999 57.000000 -12.000000
v 52.494999 57.000000 -8.000000
v 52.494999 57.000000 -9.000000
v 52.494999 57.000000 -10.000000
v 52.494999 57.000000 -11.000000
v 54.000000 56.494999 -12.000000
v 54.000000 56.494999 -13.000000
v 54.000000 57.000000 -16.504999
v 53.505001 57.000000 -17.000000
v 54.000000 57.000000 -17.495001
v 55.000000 57.000000 -8.505000
v 54.505001 57.000000 -9.000000
v 55.000000 56.494999 -10.000000
v 55.000000 57.000000 -9.495000
v 54.505001 57.000000 -11.000000
v 55.000000 57.000000 -10.505000
v 54.505001 57.000000 -12.000000
v 55.000000 56.494999 -13.000000
v 55.000000 57.000000 -12.495000
v 55.000000 56.494999 -14.000000
v 55.000000 57.000000 -15.505000
v 54.505001 57.000000 -16.000000
v 55.000000 56.494999 -18.000000
v 55.000000 57.000000 -17.495001
v 54.505001 57.000000 -19.000000
v 55.000000 57.000000 -18.504999
v 55.000000 57.000000 -19.495001
v 56.000000 57.000000 -6.505000
v 55.505001 57.000000 -7.000000
v 55.505001 57.000000 -8.000000
v 55.505001 57.000000 -10.000000
v 56.000000 56.494999 -13.000000
v 56.000000 57.000000 -12.495000
v 56.000000 56.494999 -14.000000
v 56.000000 57.000000 -15.505000
v 56.000000 56.494999 -18.000000
v 56.000000 57.000000 -17.495001
v 56.000000 57.000000 -18.504999
v 55.505001 57.000000 -20.000000
v 56.000000 57.000000 -20.495001
v 57.000000 57.000000 -4.505000
v 56.505001 57.000000 -5.000000
v 56.505001 57.000000 -6.000000
v 57.000000 56.494999 -13.000000
v 57.000000 57.000000 -12.495000
v 57.000000 56.494999 -14.000000
v 57.000000 57.000000 -15.505000
v 57.000000 56.494999 -18.000000
v 57.000000 57.000000 -17.495001
v 57.000000 57.000000 -18.504999
v 57.000000 57.000000 -20.495001
v 58.000000 57.000000 -2.505000
v 57.505001 57.000000 -3.000000
v 57.505001 57.000000 -4.000000
v 58.000000 56.494999 -12.000000
v 58.000000 57.000000 -11.495000
v 57.494999 57.000000 -12.000000
v 58.000000 56.494999 -14.000000
v 58.000000 57.000000 -15.505000
v 58.000000 57.000000 -17.495001
v 58.000000 57.000000 -18.504999
v 58.000000 57.000000 -20.495001
v 59.000000 56.505001 -2.000000
v 58.505001 57.000000 -2.000000
v 59.000000 57.000000 -1.505000
v 59.000000 56.494999 -12.000000
v 59.000000 57.000000 -11.495000
v 59.000000 56.494999 -14.000000
v 59.000000 57.000000 -15.505000
v 59.000000 56.505001 -16.000000
v 59.000000 57.000000 -17.495001
v 59.000000 57.000000 -18.504999
v 59.000000 57.000000 -19.495001
v 58.494999 57.000000 -20.000000
v 60.000000 57.000000 -1.505000
v 60.000000 56.494999 -12.000000
v 60.000000 57.000000 -11.495000
v 60.000000 56.494999 -14.000000
v 59.494999 57.000000 -16.000000
v 60.000000 57.000000 -16.504999
v 60.000000 57.000000 -17.495001
v 59.494999 57.000000 -19.000000
v 61.000000 57.000000 -1.505000
v 60.505001 57.000000 -12.000000
v 61.000000 56.494999 -13.000000
v 61.000000 57.000000 -12.495000
v 61.000000 56.494999 -14.000000
v 60.494999 57.000000 -17.000000
v 62.000000 57.000000 -1.505000
v 61.505001 57.000000 -13.000000
v 61.505001 57.000000 -14.000000
v 62.000000 57.000000 -14.495000
v 62.000000 56.494999 -16.000000
v 63.000000 57.000000 -1.505000
v 63.000000 56.494999 -15.000000
v 63.000000 57.000000 -14.495000
v 63.000000 56.494999 -16.000000
v 63.000000 56.494999 -17.000000
v 63.000000 56.494999 -20.000000
v 63.000000 56.494999 -21.000000
v 63.000000 56.494999 -22.000000
v 63.000000 56.494999 -23.000000
v 63.000000 56.494999 -24.000000
v 63.000000 56.494999 -25.000000
v 64.000000 57.000000 -1.505000
v 64.000000 56.494999 -15.000000
v 64.000000 57.000000 -14.495000
v 64.000000 56.494999 -16.000000
v 64.000000 56.494999 -17.000000
v 63.505001 57.000000 -18.000000
v 64.000000 57.000000 -17.504999
v 63.505001 57.000000 -19.000000
v 63.505001 57.000000 -20.000000
v 63.505001 57.000000 -21.000000
v 63.505001 57.000000 -22.000000
v 63.505001 57.000000 -23.000000
v 64.000000 56.494999 -24.000000
v 64.000000 57.000000 -23.495001
v 64.000000 56.494999 -25.000000
v 65.000000 57.000000 -1.505000
v 65.000000 56.494999 -13.000000
v 65.000000 57.000000 -12.495000
v 64.495003 57.000000 -13.000000
v 65.000000 56.494999 -14.000000
v 64.495003 57.000000 -14.000000
v 65.000000 57.000000 -15.505000
v 64.504997 57.000000 -16.000000
v 64.504997 57.000000 -17.000000
v 64.504997 57.000000 -24.000000
v 64.504997 57.000000 -25.000000
v 66.000000 57.000000 -1.505000
v 66.000000 56.494999 -13.000000
v 66.000000 57.000000 -12.495000
v 66.000000 56.505001 -15.000000
v 65.504997 57.000000 -15.000000
v 66.000000 57.000000 -14.505000
v 67.000000 57.000000 -1.505000
v 67.000000 56.494999 -11.000000
v 67.000000 57.000000 -10.495000
v 66.495003 57.000000 -11.000000
v 67.000000 57.000000 -11.505000
v 67.000000 57.000000 -12.495000
v 67.000000 57.000000 -14.505000
v 67.495003 57.000000 -2.000000
v 68.000000 57.000000 -2.505000
v 68.000000 57.000000 -5.495000
v 67.495003 57.000000 -6.000000
v 67.495003 57.000000 -7.000000
v 67.495003 57.000000 -8.000000
v 67.495003 57.000000 -9.000000
v 67.495003 57.000000 -10.000000
v 67.495003 57.000000 -12.000000
v 68.000000 57.000000 -14.505000
v 68.000000 56.494999 -25.000000
v 68.000000 57.000000 -24.495001
v 67.495003 57.000000 -25.000000
v 68.495003 57.000000 -3.000000
v 68.495003 57.000000 -4.000000
v 69.000000 57.000000 -4.505000
v 69.000000 57.000000 -5.495000
v 69.000000 57.000000 -14.505000
v 69.000000 57.000000 -24.495001
v 69.495003 57.000000 -5.000000
v 70.000000 57.000000 -14.505000
v 70.000000 56.494999 -24.000000
v 70.000000 57.000000 -23.495001
v 69.495003 57.000000 -24.000000
v 71.000000 56.505001 -13.000000
v 70.504997 57.000000 -13.000000
v 71.000000 57.000000 -12.505000
v 71.000000 56.505001 -14.000000
v 70.504997 57.000000 -14.000000
v 71.000000 57.000000 -22.495001
v 70.495003 57.000000 -23.000000
v 72.000000 56.505001 -13.000000
v 72.000000 57.000000 -12.505000
v 72.000000 56.505001 -14.000000
v 72.000000 56.494999 -22.000000
v 72.000000 57.000000 -21.495001
v 71.495003 57.000000 -22.000000
v 72.495003 57.000000 -13.000000
v 72.495003 57.000000 -14.000000
v 73.000000 57.000000 -14.505000
v 73.000000 57.000000 -20.495001
v 72.495003 57.000000 -21.000000
v 74.000000 57.000000 -14.505000
v 74.000000 56.505001 -15.000000
v 74.000000 56.505001 -17.000000
v 74.000000 57.000000 -18.495001
v 73.495003 57.000000 -19.000000
v 73.495003 57.000000 -20.000000
v 74.495003 57.000000 -15.000000
v 74.495003 57.000000 -16.000000
v 74.495003 57.000000 -17.000000
v 74.495003 57.000000 -18.000000
v 45.000000 58.000000 -6.505000
v 44.505001 58.000000 -7.000000
v 45.000000 58.000000 -7.495000
v 46.000000 58.000000 -6.505000
v 45.505001 58.000000 -8.000000
v 45.505001 58.000000 -9.000000
v 45.505001 58.000000 -10.000000
v 45.505001 58.000000 -11.000000
v 46.000000 58.000000 -11.495000
v 47.000000 58.000000 -5.505000
v 46.505001 58.000000 -6.000000
v 46.505001 58.000000 -12.000000
v 47.000000 58.000000 -12.495000
v 48.000000 58.000000 -5.505000
v 47.505001 58.000000 -13.000000
v 48.000000 58.000000 -13.495000
v 49.000000 58.000000 -5.505000
v 49.000000 58.000000 -13.495000
v 50.000000 57.494999 -6.000000
v 49.494999 58.000000 -6.000000
v 50.000000 58.000000 -6.505000
v 50.000000 58.000000 -12.495000
v 49.494999 58.000000 -13.000000
v 51.000000 58.000000 -6.505000
v 51.000000 58.000000 -12.495000
v 51.494999 58.000000 -7.000000
v 51.494999 58.000000 -8.000000
v 52.000000 57.494999 -8.000000
v 52.000000 58.000000 -8.505000
v 52.000000 57.494999 -11.000000
v 52.000000 58.000000 -10.495000
v 51.494999 58.000000 -11.000000
v 51.494999 58.000000 -12.000000
v 52.494999 58.000000 -9.000000
v 52.494999 58.000000 -10.000000
v 54.000000 58.000000 -16.504999
v 53.505001 58.000000 -17.000000
v 54.000000 58.000000 -17.495001
v 55.000000 57.494999 -9.000000
v 55.000000 57.494999 -11.000000
v 55.000000 57.494999 -12.000000
v 55.000000 57.494999 -16.000000
v 55.000000 58.000000 -16.504999
v 55.000000 58.000000 -17.495001
v 55.000000 58.000000 -18.504999
v 54.505001 58.000000 -19.000000
v 55.000000 58.000000 -19.495001
v 56.000000 58.000000 -6.505000
v 55.505001 58.000000 -7.000000
v 55.505001 58.000000 -8.000000
v 55.505001 58.000000 -9.000000
v 56.000000 57.494999 -10.000000
v 56.000000 58.000000 -9.495000
v 56.000000 58.000000 -10.505000
v 55.505001 58.000000 -11.000000
v 56.000000 57.494999 -12.000000
v 56.000000 58.000000 -11.495000
v 56.000000 58.000000 -15.505000
v 55.505001 58.000000 -16.000000
v 56.000000 58.000000 -17.495001
v 56.000000 58.000000 -18.504999
v 55.505001 58.000000 -20.000000
v 56.000000 58.000000 -20.495001
v 57.000000 58.000000 -4.505000
v 56.505001 58.000000 -5.000000
v 56.505001 58.000000 -6.000000
v 56.505001 58.000000 -10.000000
v 57.000000 57.494999 -12.000000
v 57.000000 58.000000 -11.495000
v 57.000000 58.000000 -15.505000
v 57.000000 58.000000 -17.495001
v 57.000000 58.000000 -18.504999
v 57.000000 58.000000 -20.495001
v 58.000000 58.000000 -2.505000
v 57.505001 58.000000 -3.000000
v 57.505001 58.000000 -4.000000
v 58.000000 58.000000 -11.495000
v 58.000000 58.000000 -15.505000
v 58.000000 58.000000 -17.495001
v 58.000000 58.000000 -18.504999
v 58.000000 58.000000 -20.495001
v 59.000000 57.494999 -2.000000
v 59.000000 58.000000 -2.505000
v 59.000000 57.494999 -10.000000
v 59.000000 58.000000 -9.495000
v 58.494999 58.000000 -10.000000
v 59.000000 57.494999 -11.000000
v 58.494999 58.000000 -11.000000
v 59.000000 58.000000 -15.505000
v 59.000000 58.000000 -17.495001
v 59.000000 57.494999 -19.000000
v 58.494999 58.000000 -19.000000
v 58.494999 58.000000 -20.000000
v 60.000000 58.000000 -1.505000
v 59.505001 58.000000 -2.000000
v 60.000000 57.494999 -10.000000
v 60.000000 58.000000 -9.495000
v 60.000000 57.494999 -11.000000
v 60.000000 58.000000 -15.505000
v 60.000000 57.505001 -16.000000
v 60.000000 58.000000 -17.495001
v 61.000000 58.000000 -1.505000
v 61.000000 57.494999 -10.000000
v 61.000000 58.000000 -9.495000
v 61.000000 57.494999 -11.000000
v 61.000000 57.494999 -12.000000
v 60.494999 58.000000 -16.000000
v 60.494999 58.000000 -17.000000
v 62.000000 58.000000 -1.505000
v 61.505001 58.000000 -10.000000
v 61.505001 58.000000 -11.000000
v 62.000000 57.494999 -12.000000
v 62.000000 58.000000 -11.495000
v 62.000000 57.494999 -13.000000
v 62.000000 57.494999 -14.000000
v 63.000000 58.000000 -1.505000
v 62.505001 58.000000 -12.000000
v 63.000000 57.494999 -13.000000
v 63.000000 58.000000 -12.495000
v 63.000000 57.494999 -14.000000
v 64.000000 58.000000 -1.505000
v 64.000000 57.494999 -13.000000
v 64.000000 58.000000 -12.495000
v 64.000000 57.494999 -14.000000
v 64.000000 57.494999 -18.000000
v 64.000000 57.494999 -19.000000
v 63.505001 58.000000 -20.000000
v 64.000000 58.000000 -19.504999
v 63.505001 58.000000 -21.000000
v 64.000000 57.494999 -22.000000
v 64.000000 58.000000 -21.495001
v 64.000000 57.494999 -23.000000
v 65.000000 58.000000 -1.505000
v 65.000000 58.000000 -12.495000
v 65.000000 58.000000 -15.505000
v 64.504997 58.000000 -16.000000
v 65.000000 57.494999 -17.000000
v 65.000000 58.000000 -16.495001
v 65.000000 58.000000 -17.504999
v 64.504997 58.000000 -18.000000
v 64.504997 58.000000 -19.000000
v 64.504997 58.000000 -22.000000
v 65.000000 57.494999 -23.000000
v 65.000000 58.000000 -22.495001
v 65.000000 57.494999 -24.000000
v 65.000000 57.494999 -25.000000
v 66.000000 58.000000 -1.505000
v 66.000000 57.494999 -11.000000
v 66.000000 58.000000 -10.495000
v 65.495003 58.000000 -11.000000
v 66.000000 57.494999 -12.000000
v 65.495003 58.000000 -12.000000
v 66.000000 58.000000 -14.505000
v 65.504997 58.000000 -15.000000
v 65.504997 58.000000 -17.000000
v 65.504997 58.000000 -23.000000
v 66.000000 57.494999 -24.000000
v 66.000000 58.000000 -23.495001
v 66.000000 57.494999 -25.000000
v 67.000000 58.000000 -1.505000
v 67.000000 58.000000 -10.495000
v 67.000000 57.494999 -12.000000
v 67.000000 58.000000 -14.505000
v 67.000000 57.494999 -24.000000
v 67.000000 58.000000 -23.495001
v 67.000000 57.494999 -25.000000
v 68.000000 58.000000 -1.505000
v 68.000000 57.505001 -2.000000
v 68.000000 58.000000 -5.495000
v 67.495003 58.000000 -6.000000
v 67.495003 58.000000 -7.000000
v 67.495003 58.000000 -8.000000
v 67.495003 58.000000 -9.000000
v 67.495003 58.000000 -10.000000
v 68.000000 57.505001 -13.000000
v 67.504997 58.000000 -13.000000
v 68.000000 58.000000 -12.505000
v 68.000000 58.000000 -13.495000
v 68.000000 58.000000 -14.505000
v 68.000000 57.494999 -24.000000
v 68.000000 58.000000 -23.495001
v 68.495003 58.000000 -2.000000
v 69.000000 57.505001 -3.000000
v 69.000000 58.000000 -2.505000
v 69.000000 58.000000 -3.495000
v 68.495003 58.000000 -4.000000
v 69.000000 58.000000 -4.505000
v 69.000000 58.000000 -5.495000
v 69.000000 57.505001 -13.000000
v 69.000000 58.000000 -12.505000
v 69.000000 57.505001 -14.000000
v 68.504997 58.000000 -14.000000
v 69.000000 57.494999 -24.000000
v 69.000000 58.000000 -23.495001
v 69.495003 58.000000 -3.000000
v 69.495003 58.000000 -5.000000
v 70.000000 57.505001 -13.000000
v 70.000000 58.000000 -12.505000
v 70.000000 57.505001 -14.000000
v 70.000000 58.000000 -23.495001
v 71.000000 58.000000 -12.505000
v 71.000000 58.000000 -22.495001
v 70.495003 58.000000 -23.000000
v 72.000000 58.000000 -12.505000
v 72.000000 58.000000 -21.495001
v 71.495003 58.000000 -22.000000
v 73.000000 58.000000 -12.505000
v 73.000000 57.505001 -13.000000
v 73.000000 57.505001 -14.000000
v 73.000000 58.000000 -20.495001
v 72.495003 58.000000 -21.000000
v 74.000000 57.505001 -13.000000
v 74.000000 58.000000 -12.505000
v 74.000000 57.505001 -14.000000
v 74.000000 58.000000 -18.495001
v 73.495003 58.000000 -19.000000
v 73.495003 58.000000 -20.000000
v 74.495003 58.000000 -13.000000
v 74.495003 58.000000 -14.000000
v 74.495003 58.000000 -15.000000
v 74.495003 58.000000 -16.000000
v 74.495003 58.000000 -17.000000
v 74.495003 58.000000 -18.000000
v 45.000000 59.000000 -6.505000
v 44.505001 59.000000 -7.000000
v 45.000000 59.000000 -7.495000
v 46.000000 59.000000 -6.505000
v 45.505001 59.000000 -8.000000
v 45.505001 59.000000 -9.000000
v 45.505001 59.000000 -10.000000
v 45.505001 59.000000 -11.000000
v 46.000000 58.505001 -12.000000
v 45.505001 59.000000 -12.000000
v 46.000000 59.000000 -12.495000
v 47.000000 58.494999 -6.000000
v 47.000000 59.000000 -6.505000
v 47.000000 59.000000 -12.495000
v 48.000000 58.494999 -6.000000
v 48.000000 59.000000 -6.505000
v 47.505001 59.000000 -13.000000
v 48.000000 59.000000 -13.495000
v 49.000000 59.000000 -5.505000
v 48.505001 59.000000 -6.000000
v 49.000000 59.000000 -13.495000
v 49.494999 59.000000 -6.000000
v 50.000000 59.000000 -6.505000
v 50.000000 59.000000 -12.495000
v 49.494999 59.000000 -13.000000
v 51.000000 59.000000 -6.505000
v 51.000000 58.494999 -12.000000
v 51.000000 59.000000 -11.495000
v 50.494999 59.000000 -12.000000
v 51.494999 59.000000 -7.000000
v 51.494999 59.000000 -8.000000
v 52.000000 59.000000 -8.505000
v 52.000000 59.000000 -10.495000
v 51.494999 59.000000 -11.000000
v 52.494999 59.000000 -9.000000
v 52.494999 59.000000 -10.000000
v 54.000000 58.494999 -17.000000
v 55.000000 59.000000 -16.504999
v 54.505001 59.000000 -17.000000
v 55.000000 59.000000 -17.495001
v 55.000000 58.494999 -19.000000
v 56.000000 58.494999 -7.000000
v 56.000000 58.494999 -8.000000
v 56.000000 58.494999 -9.000000
v 56.000000 58.494999 -11.000000
v 56.000000 58.494999 -16.000000
v 56.000000 59.000000 -16.504999
v 56.000000 59.000000 -17.495001
v 56.000000 59.000000 -18.504999
v 55.505001 59.000000 -19.000000
v 56.000000 58.494999 -20.000000
v 56.000000 59.000000 -19.495001
v 57.000000 59.000000 -4.505000
v 56.505001 59.000000 -5.000000
v 56.505001 59.000000 -6.000000
v 56.505001 59.000000 -7.000000
v 56.505001 59.000000 -8.000000
v 57.000000 58.494999 -9.000000
v 57.000000 59.000000 -8.495000
v 57.000000 58.494999 -10.000000
v 57.000000 58.494999 -11.000000
v 57.000000 59.000000 -15.505000
v 56.505001 59.000000 -16.000000
v 57.000000 59.000000 -17.495001
v 57.000000 59.000000 -18.504999
v 57.000000 58.494999 -20.000000
v 57.000000 59.000000 -19.495001
v 58.000000 59.000000 -2.505000
v 57.505001 59.000000 -3.000000
v 57.505001 59.000000 -4.000000
v 58.000000 58.494999 -9.000000
v 58.000000 59.000000 -8.495000
v 58.000000 58.494999 -10.000000
v 58.000000 58.494999 -11.000000
v 58.000000 59.000000 -15.505000
v 58.000000 59.000000 -17.495001
v 58.000000 58.494999 -19.000000
v 57.494999 59.000000 -19.000000
v 58.000000 58.494999 -20.000000
v 59.000000 59.000000 -2.505000
v 59.000000 58.494999 -9.000000
v 59.000000 59.000000 -8.495000
v 59.000000 59.000000 -15.505000
v 59.000000 59.000000 -17.495001
v 60.000000 59.000000 -1.505000
v 59.505001 59.000000 -2.000000
v 60.000000 58.494999 -9.000000
v 60.000000 59.000000 -8.495000
v 60.000000 59.000000 -15.505000
v 60.000000 59.000000 -17.495001
v 61.000000 59.000000 -1.505000
v 60.505001 59.000000 -9.000000
v 61.000000 59.000000 -9.495000
v 60.494999 59.000000 -16.000000
v 61.000000 59.000000 -16.504999
v 61.000000 58.505001 -17.000000
v 61.000000 59.000000 -17.495001
v 62.000000 59.000000 -1.505000
v 62.000000 58.494999 -10.000000
v 62.000000 59.000000 -9.495000
v 62.000000 58.494999 -11.000000
v 61.494999 59.000000 -17.000000
v 63.000000 59.000000 -1.505000
v 63.000000 58.494999 -10.000000
v 63.000000 59.000000 -9.495000
v 62.505001 59.000000 -11.000000
v 63.000000 59.000000 -10.505000
v 62.505001 59.000000 -12.000000
v 63.000000 59.000000 -12.495000
v 64.000000 59.000000 -1.505000
v 63.505001 59.000000 -10.000000
v 64.000000 59.000000 -12.495000
v 64.000000 58.494999 -20.000000
v 64.000000 58.494999 -21.000000
v 65.000000 59.000000 -1.505000
v 65.000000 59.000000 -12.495000
v 65.000000 58.494999 -16.000000
v 65.000000 58.494999 -18.000000
v 65.000000 58.494999 -19.000000
v 65.000000 59.000000 -19.504999
v 64.504997 59.000000 -20.000000
v 64.504997 59.000000 -21.000000
v 64.504997 59.000000 -22.000000
v 65.000000 59.000000 -22.495001
v 66.000000 59.000000 -1.505000
v 66.000000 58.494999 -10.000000
v 66.000000 59.000000 -9.495000
v 65.495003 59.000000 -10.000000
v 65.495003 59.000000 -11.000000
v 65.495003 59.000000 -12.000000
v 66.000000 59.000000 -14.505000
v 65.504997 59.000000 -15.000000
v 65.504997 59.000000 -16.000000
v 65.504997 59.000000 -17.000000
v 65.504997 59.000000 -18.000000
v 65.504997 59.000000 -19.000000
v 66.000000 58.494999 -23.000000
v 66.000000 59.000000 -22.495001
v 67.000000 59.000000 -1.505000
v 67.000000 58.494999 -10.000000
v 67.000000 59.000000 -9.495000
v 67.000000 59.000000 -14.505000
v 67.000000 58.494999 -23.000000
v 67.000000 59.000000 -22.495001
v 68.000000 59.000000 -1.505000
v 68.000000 59.000000 -5.495000
v 67.495003 59.000000 -6.000000
v 67.495003 59.000000 -7.000000
v 67.495003 59.000000 -8.000000
v 67.495003 59.000000 -9.000000
v 68.000000 59.000000 -12.505000
v 67.504997 59.000000 -13.000000
v 68.000000 58.505001 -14.000000
v 67.504997 59.000000 -14.000000
v 68.000000 58.494999 -23.000000
v 68.000000 59.000000 -22.495001
v 68.495003 59.000000 -2.000000
v 69.000000 59.000000 -2.505000
v 69.000000 59.000000 -3.495000
v 68.495003 59.000000 -4.000000
v 68.495003 59.000000 -5.000000
v 69.000000 58.494999 -5.000000
v 69.000000 59.000000 -12.505000
v 69.000000 58.494999 -23.000000
v 69.000000 59.000000 -22.495001
v 69.495003 59.000000 -3.000000
v 70.000000 58.505001 -12.000000
v 69.504997 59.000000 -12.000000
v 70.000000 59.000000 -11.505000
v 70.000000 58.494999 -22.000000
v 70.000000 59.000000 -21.495001
v 69.495003 59.000000 -22.000000
v 70.000000 58.494999 -23.000000
v 71.000000 58.505001 -12.000000
v 71.000000 59.000000 -11.505000
v 70.504997 59.000000 -22.000000
v 71.000000 59.000000 -22.495001
v 72.000000 58.505001 -12.000000
v 72.000000 59.000000 -11.505000
v 72.000000 59.000000 -21.495001
v 71.495003 59.000000 -22.000000
v 72.495003 59.000000 -12.000000
v 73.000000 59.000000 -12.505000
v 73.000000 58.494999 -20.000000
v 73.000000 59.000000 -19.495001
v 72.495003 59.000000 -20.000000
v 72.495003 59.000000 -21.000000
v 74.000000 59.000000 -12.505000
v 74.000000 59.000000 -18.495001
v 73.495003 59.000000 -19.000000
v 74.495003 59.000000 -13.000000
v 74.495003 59.000000 -14.000000
v 74.495003 59.000000 -15.000000
v 75.000000 59.000000 -15.505000
v 75.000000 58.505001 -16.000000
v 75.000000 59.000000 -16.495001
v 74.495003 59.000000 -17.000000
v 74.495003 59.000000 -18.000000
v 75.495003 59.000000 -16.000000
v 45.000000 60.000000 -6.505000
v 44.505001 60.000000 -7.000000
v 45.000000 60.000000 -7.495000
v 45.000000 59.505001 -9.000000
v 44.505001 60.000000 -9.000000
v 45.000000 60.000000 -8.505000
v 45.000000 59.505001 -10.000000
v 44.505001 60.000000 -10.000000
v 45.000000 60.000000 -10.495000
v 46.000000 60.000000 -6.505000
v 45.505001 60.000000 -8.000000
v 45.505001 60.000000 -11.000000
v 45.505001 60.000000 -12.000000
v 46.000000 60.000000 -12.495000
v 47.000000 60.000000 -6.505000
v 47.000000 59.505001 -13.000000
v 46.505001 60.000000 -13.000000
v 47.000000 60.000000 -13.495000
v 48.000000 59.505001 -6.000000
v 47.505001 60.000000 -6.000000
v 48.000000 60.000000 -5.505000
v 48.000000 60.000000 -13.495000
v 49.000000 60.000000 -5.505000
v 49.000000 60.000000 -13.495000
v 49.494999 60.000000 -6.000000
v 50.000000 60.000000 -6.505000
v 50.000000 59.505001 -13.000000
v 50.000000 60.000000 -13.495000
v 51.000000 60.000000 -6.505000
v 51.000000 59.505001 -12.000000
v 51.000000 60.000000 -12.495000
v 50.494999 60.000000 -13.000000
v 51.494999 60.000000 -7.000000
v 51.494999 60.000000 -8.000000
v 52.000000 60.000000 -8.505000
v 52.000000 59.494999 -10.000000
v 52.000000 60.000000 -9.495000
v 51.494999 60.000000 -10.000000
v 51.494999 60.000000 -11.000000
v 51.494999 60.000000 -12.000000
v 52.494999 60.000000 -9.000000
v 55.000000 59.494999 -17.000000
v 56.000000 60.000000 -16.504999
v 55.505001 60.000000 -17.000000
v 56.000000 60.000000 -17.495001
v 56.000000 59.494999 -19.000000
v 57.000000 60.000000 -4.505000
v 56.505001 60.000000 -5.000000
v 56.505001 60.000000 -6.000000
v 57.000000 59.494999 -7.000000
v 57.000000 60.000000 -6.495000
v 57.000000 59.494999 -8.000000
v 57.000000 60.000000 -15.505000
v 56.505001 60.000000 -16.000000
v 57.000000 60.000000 -17.495001
v 57.000000 59.494999 -19.000000
v 58.000000 59.494999 -3.000000
v 57.505001 60.000000 -4.000000
v 58.000000 60.000000 -3.505000
v 58.000000 59.494999 -7.000000
v 58.000000 60.000000 -6.495000
v 58.000000 59.494999 -8.000000
v 58.000000 60.000000 -15.505000
v 58.000000 60.000000 -17.495001
v 59.000000 60.000000 -2.505000
v 58.505001 60.000000 -3.000000
v 59.000000 59.494999 -7.000000
v 59.000000 60.000000 -6.495000
v 59.000000 59.494999 -8.000000
v 59.000000 60.000000 -15.505000
v 59.000000 60.000000 -17.495001
v 60.000000 60.000000 -1.505000
v 59.505001 60.000000 -2.000000
v 60.000000 59.494999 -7.000000
v 60.000000 60.000000 -6.495000
v 60.000000 59.494999 -8.000000
v 60.000000 60.000000 -15.505000
v 60.000000 60.000000 -17.495001
v 61.000000 60.000000 -1.505000
v 61.000000 59.494999 -7.000000
v 61.000000 60.000000 -6.495000
v 61.000000 59.494999 -8.000000
v 61.000000 59.494999 -9.000000
v 60.494999 60.000000 -16.000000
v 61.000000 60.000000 -16.504999
v 61.000000 60.000000 -17.495001
v 62.000000 60.000000 -1.505000
v 61.505001 60.000000 -7.000000
v 61.505001 60.000000 -8.000000
v 62.000000 59.494999 -9.000000
v 62.000000 60.000000 -8.495000
v 61.494999 60.000000 -17.000000
v 63.000000 60.000000 -1.505000
v 62.505001 60.000000 -9.000000
v 63.000000 60.000000 -9.495000
v 63.000000 59.494999 -11.000000
v 63.000000 59.494999 -12.000000
v 64.000000 60.000000 -1.505000
v 64.000000 59.494999 -10.000000
v 64.000000 60.000000 -9.495000
v 64.000000 59.494999 -11.000000
v 64.000000 59.494999 -12.000000
v 65.000000 60.000000 -1.505000
v 65.000000 59.494999 -10.000000
v 65.000000 60.000000 -9.495000
v 65.000000 59.494999 -11.000000
v 65.000000 59.494999 -12.000000
v 65.000000 60.000000 -19.504999
v 64.504997 60.000000 -20.000000
v 65.000000 59.494999 -21.000000
v 65.000000 60.000000 -20.495001
v 65.000000 59.494999 -22.000000
v 66.000000 60.000000 -1.505000
v 66.000000 60.000000 -9.495000
v 66.000000 59.494999 -15.000000
v 66.000000 59.494999 -16.000000
v 66.000000 59.494999 -17.000000
v 66.000000 59.494999 -18.000000
v 66.000000 59.494999 -19.000000
v 66.000000 59.494999 -20.000000
v 65.495003 60.000000 -20.000000
v 66.000000 60.000000 -20.504999
v 65.504997 60.000000 -21.000000
v 66.000000 59.494999 -22.000000
v 66.000000 60.000000 -21.495001
v 67.000000 60.000000 -1.505000
v 67.000000 60.000000 -9.495000
v 67.000000 60.000000 -14.505000
v 66.504997 60.000000 -15.000000
v 66.504997 60.000000 -16.000000
v 66.504997 60.000000 -17.000000
v 66.504997 60.000000 -18.000000
v 66.504997 60.000000 -19.000000
v 66.504997 60.000000 -20.000000
v 67.000000 59.494999 -22.000000
v 67.000000 60.000000 -21.495001
v 68.000000 60.000000 -1.505000
v 68.000000 60.000000 -5.495000
v 67.495003 60.000000 -6.000000
v 67.495003 60.000000 -7.000000
v 67.495003 60.000000 -8.000000
v 67.495003 60.000000 -9.000000
v 68.000000 59.505001 -11.000000
v 67.504997 60.000000 -11.000000
v 68.000000 60.000000 -10.505000
v 68.000000 59.505001 -12.000000
v 67.504997 60.000000 -12.000000
v 67.504997 60.000000 -13.000000
v 67.504997 60.000000 -14.000000
v 68.000000 59.494999 -22.000000
v 68.000000 60.000000 -21.495001
v 68.495003 60.000000 -2.000000
v 69.000000 60.000000 -2.505000
v 69.000000 59.505001 -4.000000
v 69.000000 60.000000 -4.495000
v 68.495003 60.000000 -5.000000
v 68.495003 60.000000 -11.000000
v 69.000000 60.000000 -11.505000
v 69.000000 59.505001 -12.000000
v 69.000000 59.494999 -22.000000
v 69.000000 60.000000 -21.495001
v 69.495003 60.000000 -3.000000
v 69.495003 60.000000 -4.000000
v 70.000000 60.000000 -11.505000
v 70.000000 60.000000 -21.495001
v 71.000000 60.000000 -11.505000
v 71.000000 59.494999 -22.000000
v 71.000000 60.000000 -21.495001
v 72.000000 60.000000 -11.505000
v 72.000000 59.494999 -21.000000
v 72.000000 60.000000 -20.495001
v 71.495003 60.000000 -21.000000
v 73.000000 60.000000 -11.505000
v 73.000000 59.505001 -12.000000
v 73.000000 60.000000 -19.495001
v 72.495003 60.000000 -20.000000
v 74.000000 59.505001 -12.000000
v 74.000000 60.000000 -11.505000
v 74.000000 60.000000 -18.495001
v 73.495003 60.000000 -19.000000
v 74.495003 60.000000 -12.000000
v 75.000000 59.505001 -13.000000
v 75.000000 60.000000 -12.505000
v 75.000000 59.505001 -14.000000
v 75.000000 60.000000 -14.495000
v 74.495003 60.000000 -15.000000
v 75.000000 60.000000 -15.505000
v 75.000000 60.000000 -16.495001
v 74.495003 60.000000 -17.000000
v 74.495003 60.000000 -18.000000
v 75.495003 60.000000 -13.000000
v 76.000000 60.000000 -13.505000
v 76.000000 59.505001 -14.000000
v 76.000000 60.000000 -14.495000
v 75.495003 60.000000 -16.000000
v 76.495003 60.000000 -14.000000
v 45.000000 61.000000 -6.505000
v 44.505001 61.000000 -7.000000
v 45.000000 61.000000 -7.495000
v 45.000000 61.000000 -8.505000
v 44.505001 61.000000 -9.000000
v 45.000000 60.494999 -10.000000
v 45.000000 61.000000 -9.495000
v 46.000000 61.000000 -6.505000
v 45.505001 61.000000 -8.000000
v 45.505001 61.000000 -10.000000
v 45.505001 61.000000 -11.000000
v 45.505001 61.000000 -12.000000
v 46.000000 61.000000 -12.495000
v 47.000000 61.000000 -6.505000
v 46.505001 61.000000 -13.000000
v 47.000000 61.000000 -13.495000
v 48.000000 60.494999 -6.000000
v 48.000000 61.000000 -6.505000
v 48.000000 61.000000 -13.495000
v 49.000000 61.000000 -5.505000
v 48.505001 61.000000 -6.000000
v 49.000000 61.000000 -13.495000
v 49.494999 61.000000 -6.000000
v 50.000000 61.000000 -6.505000
v 50.000000 61.000000 -13.495000
v 51.000000 61.000000 -6.505000
v 51.000000 61.000000 -12.495000
v 50.494999 61.000000 -13.000000
v 51.494999 61.000000 -7.000000
v 51.494999 61.000000 -8.000000
v 52.000000 61.000000 -8.505000
v 52.000000 60.505001 -10.000000
v 52.000000 61.000000 -10.495000
v 51.494999 61.000000 -11.000000
v 51.494999 61.000000 -12.000000
v 52.494999 61.000000 -9.000000
v 52.494999 61.000000 -10.000000
v 56.000000 61.000000 -16.504999
v 55.505001 61.000000 -17.000000
v 56.000000 61.000000 -17.495001
v 57.000000 60.494999 -5.000000
v 56.505001 61.000000 -6.000000
v 57.000000 61.000000 -5.505000
v 57.000000 61.000000 -6.495000
v 57.000000 60.494999 -16.000000
v 57.000000 61.000000 -16.504999
v 57.000000 61.000000 -17.495001
v 58.000000 60.494999 -4.000000
v 58.000000 61.000000 -4.505000
v 57.505001 61.000000 -5.000000
v 58.000000 61.000000 -6.495000
v 58.000000 61.000000 -15.505000
v 57.505001 61.000000 -16.000000
v 58.000000 61.000000 -17.495001
v 59.000000 61.000000 -2.505000
v 58.505001 61.000000 -3.000000
v 58.505001 61.000000 -4.000000
v 59.000000 61.000000 -6.495000
v 59.000000 61.000000 -15.505000
v 59.000000 61.000000 -17.495001
v 60.000000 61.000000 -1.505000
v 59.505001 61.000000 -2.000000
v 60.000000 61.000000 -6.495000
v 60.000000 60.494999 -16.000000
v 59.494999 61.000000 -16.000000
v 60.000000 61.000000 -16.504999
v 60.000000 61.000000 -17.495001
v 61.000000 61.000000 -1.505000
v 61.000000 61.000000 -6.495000
v 61.000000 60.494999 -17.000000
v 60.494999 61.000000 -17.000000
v 62.000000 61.000000 -1.505000
v 61.505001 61.000000 -7.000000
v 61.505001 61.000000 -8.000000
v 62.000000 61.000000 -8.495000
v 63.000000 61.000000 -1.505000
v 63.000000 60.494999 -9.000000
v 63.000000 61.000000 -8.495000
v 64.000000 61.000000 -1.505000
v 64.000000 60.494999 -9.000000
v 64.000000 61.000000 -8.495000
v 65.000000 61.000000 -1.505000
v 65.000000 60.494999 -9.000000
v 65.000000 61.000000 -8.495000
v 65.000000 60.494999 -20.000000
v 66.000000 61.000000 -1.505000
v 65.504997 61.000000 -9.000000
v 66.000000 61.000000 -9.495000
v 66.000000 60.494999 -21.000000
v 67.000000 61.000000 -1.505000
v 67.000000 60.494999 -9.000000
v 67.000000 61.000000 -8.495000
v 66.495003 61.000000 -9.000000
v 67.000000 61.000000 -14.505000
v 66.504997 61.000000 -15.000000
v 66.504997 61.000000 -16.000000
v 66.504997 61.000000 -17.000000
v 66.504997 61.000000 -18.000000
v 66.504997 61.000000 -19.000000
v 67.000000 60.494999 -20.000000
v 67.000000 61.000000 -19.495001
v 67.000000 60.494999 -21.000000
v 68.000000 61.000000 -1.505000
v 68.000000 61.000000 -5.495000
v 67.495003 61.000000 -6.000000
v 67.495003 61.000000 -7.000000
v 67.495003 61.000000 -8.000000
v 68.000000 61.000000 -10.505000
v 67.504997 61.000000 -11.000000
v 67.504997 61.000000 -12.000000
v 67.504997 61.000000 -13.000000
v 67.504997 61.000000 -14.000000
v 67.504997 61.000000 -20.000000
v 67.504997 61.000000 -21.000000
v 68.000000 61.000000 -21.495001
v 68.495003 61.000000 -2.000000
v 69.000000 61.000000 -2.505000
v 69.000000 61.000000 -4.495000
v 68.495003 61.000000 -5.000000
v 68.495003 61.000000 -11.000000
v 69.000000 61.000000 -11.505000
v 69.000000 61.000000 -21.495001
v 69.495003 61.000000 -3.000000
v 69.495003 61.000000 -4.000000
v 70.000000 60.505001 -11.000000
v 69.504997 61.000000 -11.000000
v 70.000000 61.000000 -10.505000
v 70.000000 61.000000 -21.495001
v 71.000000 60.505001 -11.000000
v 71.000000 61.000000 -10.505000
v 71.000000 61.000000 -21.495001
v 72.000000 60.505001 -11.000000
v 72.000000 61.000000 -10.505000
v 72.000000 61.000000 -20.495001
v 71.495003 61.000000 -21.000000
v 72.495003 61.000000 -11.000000
v 73.000000 61.000000 -11.505000
v 73.000000 61.000000 -19.495001
v 72.495003 61.000000 -20.000000
v 74.000000 61.000000 -11.505000
v 74.000000 61.000000 -18.495001
v 73.495003 61.000000 -19.000000
v 75.000000 61.000000 -11.505000
v 75.000000 60.505001 -12.000000
v 75.000000 60.505001 -15.000000
v 75.000000 61.000000 -16.495001
v 74.495003 61.000000 -17.000000
v 74.495003 61.000000 -18.000000
v 75.495003 61.000000 -12.000000
v 76.000000 60.505001 -13.000000
v 76.000000 61.000000 -12.505000
v 76.000000 61.000000 -14.495000
v 75.495003 61.000000 -15.000000
v 76.000000 60.505001 -16.000000
v 76.000000 61.000000 -15.505000
v 76.000000 61.000000 -16.495001
v 76.495003 61.000000 -13.000000
v 77.000000 60.505001 -14.000000
v 77.000000 61.000000 -13.505000
v 77.000000 61.000000 -14.495000
v 76.495003 61.000000 -16.000000
v 77.495003 61.000000 -14.000000
v 45.000000 62.000000 -6.505000
v 44.505001 62.000000 -7.000000
v 45.000000 62.000000 -7.495000
v 45.000000 61.494999 -9.000000
v 45.000000 61.505001 -10.000000
v 44.505001 62.000000 -10.000000
v 45.000000 62.000000 -9.505000
v 45.000000 61.505001 -11.000000
v 44.505001 62.000000 -11.000000
v 45.000000 62.000000 -11.495000
v 46.000000 62.000000 -6.505000
v 45.505001 62.000000 -8.000000
v 45.505001 62.000000 -9.000000
v 45.505001 62.000000 -12.000000
v 46.000000 62.000000 -12.495000
v 47.000000 62.000000 -6.505000
v 46.505001 62.000000 -13.000000
v 47.000000 62.000000 -13.495000
v 48.000000 62.000000 -6.505000
v 48.000000 62.000000 -13.495000
v 49.000000 61.494999 -6.000000
v 49.000000 62.000000 -6.505000
v 49.000000 62.000000 -13.495000
v 50.000000 62.000000 -6.505000
v 50.000000 62.000000 -13.495000
v 51.000000 61.494999 -7.000000
v 50.494999 62.000000 -7.000000
v 51.000000 62.000000 -7.505000
v 51.000000 62.000000 -12.495000
v 50.494999 62.000000 -13.000000
v 51.494999 62.000000 -8.000000
v 52.000000 62.000000 -8.505000
v 52.000000 62.000000 -10.495000
v 51.494999 62.000000 -11.000000
v 51.494999 62.000000 -12.000000
v 52.494999 62.000000 -9.000000
v 52.494999 62.000000 -10.000000
v 56.000000 61.494999 -17.000000
v 57.000000 61.494999 -6.000000
v 57.000000 61.494999 -17.000000
v 58.000000 61.494999 -5.000000
v 58.000000 61.494999 -6.000000
v 58.000000 61.494999 -16.000000
v 58.000000 62.000000 -16.504999
v 57.505001 62.000000 -17.000000
v 58.000000 62.000000 -17.495001
v 59.000000 61.494999 -3.000000
v 58.505001 62.000000 -4.000000
v 59.000000 62.000000 -3.505000
v 59.000000 62.000000 -4.495000
v 59.000000 61.494999 -5.000000
v 59.000000 61.494999 -6.000000
v 59.000000 61.494999 -16.000000
v 59.000000 62.000000 -16.504999
v 59.000000 62.000000 -17.495001
v 60.000000 61.494999 -2.000000
v 60.000000 62.000000 -2.505000
v 59.505001 62.000000 -3.000000
v 59.505001 62.000000 -5.000000
v 60.000000 61.494999 -6.000000
v 60.000000 62.000000 -5.495000
v 60.000000 61.494999 -17.000000
v 59.494999 62.000000 -17.000000
v 61.000000 61.494999 -2.000000
v 61.000000 62.000000 -2.505000
v 61.000000 61.494999 -6.000000
v 61.000000 62.000000 -5.495000
v 62.000000 62.000000 -1.505000
v 61.505001 62.000000 -2.000000
v 61.505001 62.000000 -6.000000
v 62.000000 61.494999 -7.000000
v 62.000000 62.000000 -6.495000
v 62.000000 61.494999 -8.000000
v 63.000000 62.000000 -1.505000
v 62.505001 62.000000 -7.000000
v 62.505001 62.000000 -8.000000
v 63.000000 62.000000 -8.495000
v 64.000000 62.000000 -1.505000
v 64.000000 62.000000 -8.495000
v 65.000000 62.000000 -1.505000
v 65.000000 62.000000 -8.495000
v 66.000000 62.000000 -1.505000
v 65.504997 62.000000 -9.000000
v 66.000000 62.000000 -9.495000
v 67.000000 62.000000 -1.505000
v 67.000000 61.494999 -8.000000
v 67.000000 62.000000 -7.495000
v 66.495003 62.000000 -8.000000
v 66.495003 62.000000 -9.000000
v 67.000000 61.505001 -14.000000
v 66.504997 62.000000 -14.000000
v 67.000000 62.000000 -13.505000
v 66.504997 62.000000 -15.000000
v 66.504997 62.000000 -16.000000
v 66.504997 62.000000 -17.000000
v 66.504997 62.000000 -18.000000
v 67.000000 61.494999 -19.000000
v 67.000000 62.000000 -18.495001
v 68.000000 62.000000 -1.505000
v 68.000000 61.505001 -6.000000
v 68.000000 62.000000 -6.495000
v 67.495003 62.000000 -7.000000
v 68.000000 62.000000 -10.505000
v 67.504997 62.000000 -11.000000
v 67.504997 62.000000 -12.000000
v 67.504997 62.000000 -13.000000
v 67.504997 62.000000 -19.000000
v 67.504997 62.000000 -20.000000
v 67.504997 62.000000 -21.000000
v 68.000000 62.000000 -21.495001
v 69.000000 62.000000 -1.505000
v 69.000000 61.505001 -2.000000
v 69.000000 62.000000 -4.495000
v 68.495003 62.000000 -5.000000
v 68.495003 62.000000 -6.000000
v 69.000000 62.000000 -10.505000
v 69.000000 61.505001 -11.000000
v 69.000000 62.000000 -21.495001
v 70.000000 61.505001 -2.000000
v 70.000000 62.000000 -1.505000
v 69.495003 62.000000 -3.000000
v 70.000000 62.000000 -2.495000
v 69.495003 62.000000 -4.000000
v 70.000000 62.000000 -10.505000
v 70.000000 62.000000 -21.495001
v 70.495003 62.000000 -2.000000
v 71.000000 61.505001 -10.000000
v 70.504997 62.000000 -10.000000
v 71.000000 62.000000 -9.505000
v 71.000000 62.000000 -21.495001
v 72.000000 61.505001 -10.000000
v 72.000000 62.000000 -9.505000
v 72.000000 62.000000 -20.495001
v 71.495003 62.000000 -21.000000
v 72.495003 62.000000 -10.000000
v 73.000000 61.505001 -11.000000
v 73.000000 62.000000 -10.505000
v 73.000000 62.000000 -19.495001
v 72.495003 62.000000 -20.000000
v 73.495003 62.000000 -11.000000
v 74.000000 62.000000 -11.505000
v 74.000000 62.000000 -18.495001
v 73.495003 62.000000 -19.000000
v 75.000000 62.000000 -11.505000
v 75.000000 61.505001 -17.000000
v 75.000000 62.000000 -17.495001
v 74.495003 62.000000 -18.000000
v 76.000000 62.000000 -11.505000
v 76.000000 61.505001 -12.000000
v 76.000000 62.000000 -14.495000
v 75.495003 62.000000 -15.000000
v 76.000000 62.000000 -15.505000
v 76.000000 62.000000 -16.495001
v 75.495003 62.000000 -17.000000
v 76.495003 62.000000 -12.000000
v 77.000000 61.505001 -13.000000
v 77.000000 62.000000 -12.505000
v 77.000000 62.000000 -14.495000
v 76.495003 62.000000 -16.000000
v 77.495003 62.000000 -13.000000
v 77.495003 62.000000 -14.000000
v 45.000000 62.494999 -7.000000
v 45.000000 63.000000 -9.505000
v 44.505001 63.000000 -10.000000
v 44.505001 63.000000 -11.000000
v 45.000000 63.000000 -11.495000
v 46.000000 63.000000 -6.505000
v 45.505001 63.000000 -7.000000
v 45.505001 63.000000 -8.000000
v 45.505001 63.000000 -9.000000
v 45.505001 63.000000 -12.000000
v 46.000000 63.000000 -12.495000
v 47.000000 63.000000 -6.505000
v 46.505001 63.000000 -13.000000
v 47.000000 63.000000 -13.495000
v 48.000000 63.000000 -6.505000
v 48.000000 63.000000 -13.495000
v 49.000000 63.000000 -6.505000
v 49.000000 63.000000 -13.495000
v 50.000000 63.000000 -6.505000
v 50.000000 63.000000 -13.495000
v 50.494999 63.000000 -7.000000
v 51.000000 63.000000 -7.505000
v 51.000000 63.000000 -12.495000
v 50.494999 63.000000 -13.000000
v 51.494999 63.000000 -8.000000
v 52.000000 63.000000 -8.505000
v 52.000000 63.000000 -10.495000
v 51.494999 63.000000 -11.000000
v 51.494999 63.000000 -12.000000
v 52.494999 63.000000 -9.000000
v 52.494999 63.000000 -10.000000
v 58.000000 62.494999 -17.000000
v 59.000000 62.494999 -4.000000
v 59.000000 62.494999 -17.000000
v 60.000000 63.000000 -2.505000
v 59.505001 63.000000 -3.000000
v 59.505001 63.000000 -4.000000
v 59.505001 63.000000 -5.000000
v 60.000000 63.000000 -5.495000
v 61.000000 63.000000 -2.505000
v 61.000000 63.000000 -5.495000
v 62.000000 63.000000 -1.505000
v 61.505001 63.000000 -2.000000
v 61.505001 63.000000 -6.000000
v 62.000000 63.000000 -6.495000
v 63.000000 63.000000 -1.505000
v 62.505001 63.000000 -7.000000
v 62.505001 63.000000 -8.000000
v 63.000000 63.000000 -8.495000
v 64.000000 63.000000 -1.505000
v 64.000000 63.000000 -8.495000
v 65.000000 63.000000 -1.505000
v 65.000000 63.000000 -8.495000
v 66.000000 63.000000 -1.505000
v 66.000000 62.494999 -9.000000
v 66.000000 63.000000 -8.495000
v 67.000000 63.000000 -1.505000
v 67.000000 63.000000 -7.495000
v 66.495003 63.000000 -8.000000
v 67.000000 63.000000 -13.505000
v 66.504997 63.000000 -14.000000
v 66.504997 63.000000 -15.000000
v 66.504997 63.000000 -16.000000
v 67.000000 62.494999 -17.000000
v 67.000000 63.000000 -16.495001
v 67.000000 62.494999 -18.000000
v 68.000000 63.000000 -1.505000
v 68.000000 63.000000 -6.495000
v 67.495003 63.000000 -7.000000
v 68.000000 63.000000 -10.505000
v 67.504997 63.000000 -11.000000
v 67.504997 63.000000 -12.000000
v 67.504997 63.000000 -13.000000
v 67.504997 63.000000 -17.000000
v 67.504997 63.000000 -18.000000
v 68.000000 62.494999 -19.000000
v 68.000000 63.000000 -18.495001
v 68.000000 62.494999 -20.000000
v 68.000000 62.494999 -21.000000
v 69.000000 63.000000 -1.505000
v 69.000000 63.000000 -4.495000
v 68.495003 63.000000 -5.000000
v 68.495003 63.000000 -6.000000
v 69.000000 63.000000 -10.505000
v 68.504997 63.000000 -19.000000
v 68.504997 63.000000 -20.000000
v 68.504997 63.000000 -21.000000
v 69.000000 63.000000 -21.495001
v 70.000000 63.000000 -1.505000
v 70.000000 62.505001 -3.000000
v 70.000000 63.000000 -3.495000
v 69.495003 63.000000 -4.000000
v 70.000000 62.505001 -10.000000
v 69.504997 63.000000 -10.000000
v 70.000000 63.000000 -9.505000
v 70.000000 63.000000 -21.495001
v 70.495003 63.000000 -2.000000
v 70.495003 63.000000 -3.000000
v 71.000000 63.000000 -9.505000
v 71.000000 62.494999 -21.000000
v 71.000000 63.000000 -20.495001
v 70.495003 63.000000 -21.000000
v 72.000000 63.000000 -9.505000
v 72.000000 63.000000 -20.495001
v 73.000000 63.000000 -9.505000
v 73.000000 62.505001 -10.000000
v 73.000000 63.000000 -19.495001
v 72.495003 63.000000 -20.000000
v 73.495003 63.000000 -10.000000
v 74.000000 62.505001 -11.000000
v 74.000000 63.000000 -10.505000
v 74.000000 63.000000 -18.495001
v 73.495003 63.000000 -19.000000
v 75.000000 62.505001 -11.000000
v 75.000000 63.000000 -10.505000
v 75.000000 63.000000 -17.495001
v 74.495003 63.000000 -18.000000
v 75.495003 63.000000 -11.000000
v 76.000000 63.000000 -11.505000
v 76.000000 62.505001 -15.000000
v 76.000000 63.000000 -16.495001
v 75.495003 63.000000 -17.000000
v 77.000000 63.000000 -11.505000
v 77.000000 62.505001 -12.000000
v 77.000000 63.000000 -14.495000
v 76.495003 63.000000 -15.000000
v 76.495003 63.000000 -16.000000
v 77.495003 63.000000 -12.000000
v 78.000000 62.505001 -13.000000
v 78.000000 63.000000 -12.505000
v 78.000000 63.000000 -13.495000
v 77.495003 63.000000 -14.000000
v 78.495003 63.000000 -13.000000
v 45.000000 63.505001 -9.000000
v 44.505001 64.000000 -9.000000
v 45.000000 64.000000 -8.505000
v 44.505001 64.000000 -10.000000
v 44.505001 64.000000 -11.000000
v 45.000000 64.000000 -11.495000
v 46.000000 64.000000 -6.505000
v 45.505001 64.000000 -7.000000
v 45.505001 64.000000 -8.000000
v 45.505001 64.000000 -12.000000
v 46.000000 63.505001 -13.000000
v 45.505001 64.000000 -13.000000
v 46.000000 64.000000 -13.495000
v 47.000000 64.000000 -6.505000
v 47.000000 64.000000 -13.495000
v 48.000000 64.000000 -6.505000
v 48.000000 64.000000 -13.495000
v 49.000000 64.000000 -6.505000
v 49.000000 64.000000 -13.495000
v 50.000000 64.000000 -6.505000
v 50.000000 64.000000 -13.495000
v 50.494999 64.000000 -7.000000
v 51.000000 64.000000 -7.505000
v 51.000000 64.000000 -12.495000
v 50.494999 64.000000 -13.000000
v 51.494999 64.000000 -8.000000
v 51.494999 64.000000 -9.000000
v 52.000000 63.494999 -9.000000
v 52.000000 63.494999 -10.000000
v 51.494999 64.000000 -10.000000
v 51.494999 64.000000 -11.000000
v 51.494999 64.000000 -12.000000
v 60.000000 63.494999 -3.000000
v 60.000000 63.494999 -4.000000
v 59.505001 64.000000 -5.000000
v 60.000000 64.000000 -4.505000
v 60.000000 64.000000 -5.495000
v 61.000000 64.000000 -2.505000
v 60.505001 64.000000 -3.000000
v 60.505001 64.000000 -4.000000
v 61.000000 64.000000 -5.495000
v 62.000000 64.000000 -1.505000
v 61.505001 64.000000 -2.000000
v 61.505001 64.000000 -6.000000
v 62.000000 63.505001 -7.000000
v 61.505001 64.000000 -7.000000
v 62.000000 64.000000 -7.495000
v 63.000000 64.000000 -1.505000
v 62.505001 64.000000 -8.000000
v 63.000000 64.000000 -8.495000
v 64.000000 64.000000 -1.505000
v 64.000000 64.000000 -8.495000
v 65.000000 64.000000 -1.505000
v 65.000000 64.000000 -8.495000
v 66.000000 64.000000 -1.505000
v 66.000000 64.000000 -8.495000
v 67.000000 64.000000 -1.505000
v 67.000000 64.000000 -7.495000
v 66.495003 64.000000 -8.000000
v 67.000000 63.505001 -13.000000
v 66.504997 64.000000 -13.000000
v 67.000000 64.000000 -12.505000
v 66.504997 64.000000 -14.000000
v 66.504997 64.000000 -15.000000
v 67.000000 63.494999 -16.000000
v 67.000000 64.000000 -15.495000
v 68.000000 64.000000 -1.505000
v 68.000000 63.494999 -6.000000
v 68.000000 64.000000 -5.495000
v 67.495003 64.000000 -6.000000
v 67.495003 64.000000 -7.000000
v 68.000000 64.000000 -10.505000
v 67.504997 64.000000 -11.000000
v 67.504997 64.000000 -12.000000
v 67.504997 64.000000 -16.000000
v 67.504997 64.000000 -17.000000
v 67.504997 64.000000 -18.000000
v 68.000000 64.000000 -18.495001
v 69.000000 64.000000 -1.505000
v 69.000000 64.000000 -4.495000
v 68.495003 64.000000 -5.000000
v 69.000000 64.000000 -10.505000
v 68.504997 64.000000 -19.000000
v 68.504997 64.000000 -20.000000
v 69.000000 63.494999 -21.000000
v 69.000000 64.000000 -20.495001
v 70.000000 64.000000 -1.505000
v 70.000000 64.000000 -3.495000
v 69.495003 64.000000 -4.000000
v 70.000000 64.000000 -9.505000
v 69.504997 64.000000 -10.000000
v 70.000000 63.494999 -21.000000
v 70.000000 64.000000 -20.495001
v 71.000000 64.000000 -1.505000
v 71.000000 63.505001 -2.000000
v 71.000000 64.000000 -2.495000
v 70.495003 64.000000 -3.000000
v 71.000000 64.000000 -9.505000
v 71.000000 64.000000 -20.495001
v 71.495003 64.000000 -2.000000
v 72.000000 64.000000 -9.505000
v 72.000000 63.494999 -20.000000
v 72.000000 64.000000 -19.495001
v 71.495003 64.000000 -20.000000
v 73.000000 64.000000 -9.505000
v 73.000000 64.000000 -19.495001
v 74.000000 64.000000 -9.505000
v 74.000000 63.505001 -10.000000
v 74.000000 64.000000 -18.495001
v 73.495003 64.000000 -19.000000
v 74.495003 64.000000 -10.000000
v 75.000000 64.000000 -10.505000
v 75.000000 64.000000 -17.495001
v 74.495003 64.000000 -18.000000
v 76.000000 64.000000 -10.505000
v 76.000000 63.505001 -11.000000
v 76.000000 64.000000 -16.495001
v 75.495003 64.000000 -17.000000
v 76.495003 64.000000 -11.000000
v 77.000000 64.000000 -11.505000
v 77.000000 64.000000 -14.495000
v 76.495003 64.000000 -15.000000
v 76.495003 64.000000 -16.000000
v 78.000000 64.000000 -11.505000
v 78.000000 63.505001 -12.000000
v 78.000000 64.000000 -12.495000
v 78.000000 63.494999 -13.000000
v 77.495003 64.000000 -13.000000
v 77.495003 64.000000 -14.000000
v 78.495003 64.000000 -12.000000
v 45.000000 64.495003 -9.000000
v 44.505001 65.000000 -10.000000
v 45.000000 65.000000 -9.505000
v 44.505001 65.000000 -11.000000
v 45.000000 65.000000 -11.495000
v 46.000000 65.000000 -6.505000
v 45.505001 65.000000 -7.000000
v 45.505001 65.000000 -8.000000
v 45.505001 65.000000 -9.000000
v 45.505001 65.000000 -12.000000
v 45.505001 65.000000 -13.000000
v 46.000000 65.000000 -13.495000
v 47.000000 65.000000 -6.505000
v 47.000000 65.000000 -13.495000
v 48.000000 65.000000 -6.505000
v 48.000000 65.000000 -13.495000
v 49.000000 65.000000 -6.505000
v 49.000000 65.000000 -13.495000
v 50.000000 65.000000 -6.505000
v 50.000000 65.000000 -13.495000
v 50.494999 65.000000 -7.000000
v 51.000000 65.000000 -7.505000
v 51.000000 65.000000 -12.495000
v 50.494999 65.000000 -13.000000
v 51.494999 65.000000 -8.000000
v 51.494999 65.000000 -9.000000
v 52.000000 65.000000 -9.505000
v 52.000000 64.504997 -10.000000
v 52.000000 65.000000 -10.495000
v 51.494999 65.000000 -11.000000
v 51.494999 65.000000 -12.000000
v 52.494999 65.000000 -10.000000
v 59.000000 64.504997 -7.000000
v 58.505001 65.000000 -7.000000
v 59.000000 65.000000 -6.505000
v 59.000000 65.000000 -7.495000
v 60.000000 64.495003 -5.000000
v 60.000000 64.504997 -7.000000
v 60.000000 65.000000 -6.505000
v 60.000000 65.000000 -7.495000
v 61.000000 64.495003 -3.000000
v 61.000000 64.495003 -4.000000
v 61.000000 64.495003 -5.000000
v 61.000000 64.504997 -7.000000
v 61.000000 65.000000 -6.505000
v 61.000000 65.000000 -7.495000
v 62.000000 65.000000 -1.505000
v 61.505001 65.000000 -2.000000
v 61.505001 65.000000 -3.000000
v 61.505001 65.000000 -4.000000
v 61.505001 65.000000 -5.000000
v 62.000000 64.495003 -6.000000
v 62.000000 65.000000 -5.495000
v 62.000000 65.000000 -6.505000
v 62.000000 65.000000 -7.495000
v 63.000000 65.000000 -1.505000
v 62.505001 65.000000 -6.000000
v 63.000000 64.495003 -8.000000
v 63.000000 65.000000 -7.495000
v 64.000000 65.000000 -1.505000
v 64.000000 64.495003 -8.000000
v 64.000000 65.000000 -7.495000
v 65.000000 65.000000 -1.505000
v 65.000000 64.495003 -8.000000
v 65.000000 65.000000 -7.495000
v 66.000000 65.000000 -1.505000
v 66.000000 64.495003 -8.000000
v 66.000000 65.000000 -7.495000
v 67.000000 65.000000 -1.505000
v 67.000000 65.000000 -7.495000
v 67.000000 64.495003 -13.000000
v 67.000000 64.495003 -14.000000
v 67.000000 64.495003 -15.000000
v 68.000000 65.000000 -1.505000
v 68.000000 64.495003 -5.000000
v 68.000000 65.000000 -4.495000
v 67.495003 65.000000 -5.000000
v 67.495003 65.000000 -6.000000
v 67.495003 65.000000 -7.000000
v 68.000000 65.000000 -10.505000
v 67.504997 65.000000 -11.000000
v 67.504997 65.000000 -12.000000
v 67.504997 65.000000 -13.000000
v 67.504997 65.000000 -14.000000
v 67.504997 65.000000 -15.000000
v 67.504997 65.000000 -16.000000
v 67.504997 65.000000 -17.000000
v 67.504997 65.000000 -18.000000
v 68.000000 65.000000 -18.495001
v 69.000000 65.000000 -1.505000
v 69.000000 65.000000 -4.495000
v 69.000000 65.000000 -10.505000
v 68.504997 65.000000 -19.000000
v 69.000000 64.495003 -20.000000
v 69.000000 65.000000 -19.495001
v 70.000000 65.000000 -1.505000
v 70.000000 65.000000 -3.495000
v 69.495003 65.000000 -4.000000
v 70.000000 65.000000 -9.505000
v 69.504997 65.000000 -10.000000
v 70.000000 64.495003 -20.000000
v 70.000000 65.000000 -19.495001
v 71.000000 65.000000 -1.505000
v 71.000000 65.000000 -2.495000
v 70.495003 65.000000 -3.000000
v 71.000000 65.000000 -9.505000
v 71.000000 64.495003 -20.000000
v 71.000000 65.000000 -19.495001
v 71.495003 65.000000 -2.000000
v 72.000000 65.000000 -9.505000
v 72.000000 65.000000 -19.495001
v 73.000000 65.000000 -9.505000
v 73.000000 64.495003 -19.000000
v 73.000000 65.000000 -18.495001
v 72.495003 65.000000 -19.000000
v 74.000000 65.000000 -9.505000
v 74.000000 65.000000 -18.495001
v 75.000000 65.000000 -9.505000
v 75.000000 64.504997 -10.000000
v 75.000000 64.495003 -17.000000
v 75.000000 65.000000 -16.495001
v 74.495003 65.000000 -17.000000
v 74.495003 65.000000 -18.000000
v 75.495003 65.000000 -10.000000
v 76.000000 65.000000 -10.505000
v 76.000000 65.000000 -16.495001
v 77.000000 65.000000 -10.505000
v 77.000000 64.504997 -11.000000
v 77.000000 64.504997 -15.000000
v 77.000000 64.504997 -16.000000
v 77.000000 65.000000 -16.495001
v 77.495003 65.000000 -11.000000
v 78.000000 65.000000 -11.505000
v 78.000000 64.504997 -13.000000
v 78.000000 65.000000 -13.495000
v 77.495003 65.000000 -14.000000
v 77.495003 65.000000 -15.000000
v 77.495003 65.000000 -16.000000
v 78.495003 65.000000 -12.000000
v 79.000000 65.000000 -12.505000
v 79.000000 64.504997 -13.000000
v 79.000000 65.000000 -13.495000
v 79.495003 65.000000 -13.000000
v 45.000000 65.504997 -9.000000
v 44.505001 66.000000 -9.000000
v 45.000000 66.000000 -8.505000
v 44.505001 66.000000 -10.000000
v 44.505001 66.000000 -11.000000
v 45.000000 65.504997 -12.000000
v 44.505001 66.000000 -12.000000
v 45.000000 66.000000 -12.495000
v 46.000000 66.000000 -6.505000
v 45.505001 66.000000 -7.000000
v 45.505001 66.000000 -8.000000
v 45.505001 66.000000 -13.000000
v 46.000000 66.000000 -13.495000
v 47.000000 66.000000 -6.505000
v 47.000000 66.000000 -13.495000
v 48.000000 66.000000 -6.505000
v 48.000000 66.000000 -13.495000
v 49.000000 66.000000 -6.505000
v 49.000000 66.000000 -13.495000
v 50.000000 66.000000 -6.505000
v 50.000000 66.000000 -13.495000
v 50.494999 66.000000 -7.000000
v 51.000000 66.000000 -7.505000
v 51.000000 66.000000 -12.495000
v 50.494999 66.000000 -13.000000
v 51.494999 66.000000 -8.000000
v 51.494999 66.000000 -9.000000
v 52.000000 66.000000 -9.505000
v 52.000000 66.000000 -10.495000
v 51.494999 66.000000 -11.000000
v 51.494999 66.000000 -12.000000
v 52.494999 66.000000 -10.000000
v 59.000000 65.495003 -7.000000
v 60.000000 66.000000 -6.505000
v 59.505001 66.000000 -7.000000
v 60.000000 66.000000 -7.495000
v 61.000000 66.000000 -6.505000
v 61.000000 66.000000 -7.495000
v 62.000000 65.495003 -2.000000
v 61.505001 66.000000 -3.000000
v 62.000000 66.000000 -2.505000
v 62.000000 65.495003 -4.000000
v 62.000000 66.000000 -3.495000
v 62.000000 65.495003 -5.000000
v 62.000000 66.000000 -6.505000
v 62.000000 66.000000 -7.495000
v 63.000000 66.000000 -1.505000
v 62.505001 66.000000 -2.000000
v 63.000000 65.495003 -4.000000
v 63.000000 66.000000 -3.495000
v 63.000000 65.495003 -5.000000
v 63.000000 65.495003 -6.000000
v 63.000000 65.495003 -7.000000
v 62.494999 66.000000 -7.000000
v 64.000000 66.000000 -1.505000
v 63.505001 66.000000 -4.000000
v 63.505001 66.000000 -5.000000
v 64.000000 65.495003 -6.000000
v 64.000000 66.000000 -5.495000
v 64.000000 65.495003 -7.000000
v 65.000000 66.000000 -1.505000
v 64.504997 66.000000 -6.000000
v 65.000000 65.495003 -7.000000
v 65.000000 66.000000 -6.495000
v 66.000000 66.000000 -1.505000
v 66.000000 65.495003 -7.000000
v 66.000000 66.000000 -6.495000
v 67.000000 66.000000 -1.505000
v 67.000000 65.495003 -7.000000
v 67.000000 66.000000 -6.495000
v 68.000000 66.000000 -1.505000
v 68.000000 66.000000 -4.495000
v 67.495003 66.000000 -5.000000
v 67.495003 66.000000 -6.000000
v 68.000000 66.000000 -10.505000
v 67.504997 66.000000 -11.000000
v 67.504997 66.000000 -12.000000
v 67.504997 66.000000 -13.000000
v 67.504997 66.000000 -14.000000
v 67.504997 66.000000 -15.000000
v 67.504997 66.000000 -16.000000
v 68.000000 65.495003 -17.000000
v 68.000000 66.000000 -16.495001
v 68.000000 65.495003 -18.000000
v 69.000000 66.000000 -1.505000
v 69.000000 65.495003 -4.000000
v 69.000000 66.000000 -3.495000
v 68.495003 66.000000 -4.000000
v 69.000000 65.504997 -10.000000
v 68.504997 66.000000 -10.000000
v 69.000000 66.000000 -9.505000
v 68.504997 66.000000 -17.000000
v 68.504997 66.000000 -18.000000
v 69.000000 65.495003 -19.000000
v 69.000000 66.000000 -18.495001
v 70.000000 66.000000 -1.505000
v 70.000000 65.495003 -3.000000
v 70.000000 66.000000 -2.495000
v 69.495003 66.000000 -3.000000
v 70.000000 65.504997 -9.000000
v 69.504997 66.000000 -9.000000
v 70.000000 66.000000 -8.505000
v 69.504997 66.000000 -19.000000
v 70.000000 66.000000 -19.495001
v 71.000000 65.495003 -2.000000
v 70.495003 66.000000 -2.000000
v 71.000000 65.504997 -9.000000
v 71.000000 66.000000 -8.505000
v 71.000000 66.000000 -19.495001
v 72.000000 65.504997 -9.000000
v 72.000000 66.000000 -8.505000
v 72.000000 66.000000 -19.495001
v 73.000000 65.504997 -9.000000
v 73.000000 66.000000 -8.505000
v 73.000000 66.000000 -18.495001
v 72.495003 66.000000 -19.000000
v 74.000000 65.504997 -9.000000
v 74.000000 66.000000 -8.505000
v 74.000000 65.495003 -18.000000
v 74.000000 66.000000 -17.495001
v 73.495003 66.000000 -18.000000
v 74.495003 66.000000 -9.000000
v 75.000000 66.000000 -9.505000
v 75.000000 66.000000 -16.495001
v 74.495003 66.000000 -17.000000
v 76.000000 66.000000 -9.505000
v 76.000000 65.504997 -10.000000
v 76.000000 66.000000 -16.495001
v 76.495003 66.000000 -10.000000
v 77.000000 66.000000 -10.505000
v 77.000000 66.000000 -16.495001
v 77.495003 66.000000 -11.000000
v 78.000000 66.000000 -11.505000
v 78.000000 65.504997 -14.000000
v 78.000000 66.000000 -14.495000
v 77.495003 66.000000 -15.000000
v 77.495003 66.000000 -16.000000
v 78.495003 66.000000 -12.000000
v 79.000000 66.000000 -12.505000
v 79.000000 66.000000 -13.495000
v 78.495003 66.000000 -14.000000
v 79.495003 66.000000 -13.000000
v 45.000000 67.000000 -8.505000
v 44.505001 67.000000 -9.000000
v 44.505001 67.000000 -10.000000
v 44.505001 67.000000 -11.000000
v 44.505001 67.000000 -12.000000
v 45.000000 67.000000 -12.495000
v 46.000000 67.000000 -6.505000
v 45.505001 67.000000 -7.000000
v 45.505001 67.000000 -8.000000
v 45.505001 67.000000 -13.000000
v 46.000000 67.000000 -13.495000
v 47.000000 67.000000 -6.505000
v 47.000000 67.000000 -13.495000
v 48.000000 67.000000 -6.505000
v 48.000000 67.000000 -13.495000
v 49.000000 67.000000 -6.505000
v 49.000000 67.000000 -13.495000
v 50.000000 67.000000 -6.505000
v 50.000000 67.000000 -13.495000
v 50.494999 67.000000 -7.000000
v 51.000000 67.000000 -7.505000
v 51.000000 67.000000 -12.495000
v 50.494999 67.000000 -13.000000
v 51.494999 67.000000 -8.000000
v 51.494999 67.000000 -9.000000
v 51.494999 67.000000 -10.000000
v 52.000000 66.495003 -10.000000
v 51.494999 67.000000 -11.000000
v 51.494999 67.000000 -12.000000
v 60.000000 66.495003 -7.000000
v 61.000000 66.495003 -7.000000
v 62.000000 66.495003 -3.000000
v 62.000000 66.495003 -7.000000
v 63.000000 66.495003 -2.000000
v 63.000000 66.495003 -3.000000
v 64.000000 66.495003 -2.000000
v 63.505001 67.000000 -3.000000
v 64.000000 67.000000 -2.505000
v 64.000000 66.495003 -4.000000
v 64.000000 67.000000 -3.495000
v 64.000000 66.495003 -5.000000
v 65.000000 67.000000 -1.505000
v 64.504997 67.000000 -2.000000
v 65.000000 66.495003 -4.000000
v 65.000000 67.000000 -3.495000
v 65.000000 66.495003 -5.000000
v 65.000000 66.495003 -6.000000
v 66.000000 67.000000 -1.505000
v 65.504997 67.000000 -4.000000
v 66.000000 66.495003 -5.000000
v 66.000000 67.000000 -4.495000
v 66.000000 66.495003 -6.000000
v 67.000000 67.000000 -1.505000
v 67.000000 66.495003 -5.000000
v 67.000000 67.000000 -4.495000
v 67.000000 66.495003 -6.000000
v 68.000000 67.000000 -1.505000
v 68.000000 66.495003 -3.000000
v 68.000000 67.000000 -2.495000
v 67.495003 67.000000 -3.000000
v 68.000000 67.000000 -3.505000
v 68.000000 67.000000 -4.495000
v 68.000000 67.000000 -10.505000
v 67.504997 67.000000 -11.000000
v 67.504997 67.000000 -12.000000
v 67.504997 67.000000 -13.000000
v 67.504997 67.000000 -14.000000
v 67.504997 67.000000 -15.000000
v 67.504997 67.000000 -16.000000
v 68.000000 67.000000 -16.495001
v 69.000000 67.000000 -1.505000
v 69.000000 66.495003 -3.000000
v 69.000000 67.000000 -2.495000
v 68.495003 67.000000 -4.000000
v 69.000000 67.000000 -9.505000
v 68.504997 67.000000 -10.000000
v 69.000000 66.495003 -17.000000
v 69.000000 67.000000 -16.495001
v 69.000000 66.495003 -18.000000
v 70.000000 67.000000 -1.505000
v 70.000000 67.000000 -2.495000
v 70.000000 67.000000 -8.505000
v 69.504997 67.000000 -9.000000
v 69.504997 67.000000 -17.000000
v 69.504997 67.000000 -18.000000
v 70.000000 66.495003 -19.000000
v 70.000000 67.000000 -18.495001
v 70.495003 67.000000 -2.000000
v 71.000000 67.000000 -8.505000
v 71.000000 66.495003 -19.000000
v 71.000000 67.000000 -18.495001
v 72.000000 66.504997 -8.000000
v 71.504997 67.000000 -8.000000
v 72.000000 67.000000 -7.505000
v 72.000000 66.495003 -19.000000
v 72.000000 67.000000 -18.495001
v 73.000000 66.504997 -8.000000
v 73.000000 67.000000 -7.505000
v 73.000000 66.495003 -18.000000
v 73.000000 67.000000 -17.495001
v 72.495003 67.000000 -18.000000
v 73.495003 67.000000 -8.000000
v 74.000000 67.000000 -8.505000
v 74.000000 67.000000 -17.495001
v 75.000000 67.000000 -8.505000
v 75.000000 66.504997 -9.000000
v 75.000000 67.000000 -16.495001
v 74.495003 67.000000 -17.000000
v 75.495003 67.000000 -9.000000
v 76.000000 67.000000 -9.505000
v 76.000000 67.000000 -16.495001
v 77.000000 67.000000 -9.505000
v 77.000000 66.504997 -10.000000
v 77.000000 66.495003 -16.000000
v 77.000000 67.000000 -15.495000
v 76.495003 67.000000 -16.000000
v 77.495003 67.000000 -10.000000
v 77.495003 67.000000 -11.000000
v 78.000000 67.000000 -11.505000
v 78.000000 66.504997 -15.000000
v 78.000000 67.000000 -15.495000
v 78.495003 67.000000 -12.000000
v 79.000000 67.000000 -12.505000
v 79.000000 67.000000 -13.495000
v 78.495003 67.000000 -14.000000
v 78.495003 67.000000 -15.000000
v 79.495003 67.000000 -13.000000
v 45.000000 68.000000 -8.505000
v 44.505001 68.000000 -9.000000
v 44.505001 68.000000 -10.000000
v 44.505001 68.000000 -11.000000
v 44.505001 68.000000 -12.000000
v 45.000000 68.000000 -12.495000
v 46.000000 68.000000 -6.505000
v 45.505001 68.000000 -7.000000
v 45.505001 68.000000 -8.000000
v 45.505001 68.000000 -13.000000
v 46.000000 68.000000 -13.495000
v 47.000000 68.000000 -6.505000
v 47.000000 68.000000 -13.495000
v 48.000000 68.000000 -6.505000
v 48.000000 67.504997 -14.000000
v 47.505001 68.000000 -14.000000
v 48.000000 68.000000 -14.495000
v 49.000000 68.000000 -6.505000
v 49.000000 67.504997 -14.000000
v 49.000000 68.000000 -14.495000
v 50.000000 68.000000 -6.505000
v 50.000000 68.000000 -13.495000
v 49.494999 68.000000 -14.000000
v 50.494999 68.000000 -7.000000
v 51.000000 68.000000 -7.505000
v 51.000000 68.000000 -12.495000
v 50.494999 68.000000 -13.000000
v 51.494999 68.000000 -8.000000
v 51.494999 68.000000 -9.000000
v 51.494999 68.000000 -10.000000
v 51.494999 68.000000 -11.000000
v 51.494999 68.000000 -12.000000
v 64.000000 67.495003 -3.000000
v 65.000000 67.495003 -2.000000
v 65.000000 67.495003 -3.000000
v 66.000000 67.495003 -2.000000
v 66.000000 67.495003 -3.000000
v 66.000000 67.495003 -4.000000
v 67.000000 68.000000 -1.505000
v 66.504997 68.000000 -2.000000
v 67.000000 67.495003 -3.000000
v 67.000000 68.000000 -2.495000
v 67.000000 67.495003 -4.000000
v 68.000000 67.495003 -2.000000
v 67.495003 68.000000 -2.000000
v 68.000000 67.495003 -4.000000
v 68.000000 67.504997 -10.000000
v 67.504997 68.000000 -10.000000
v 68.000000 68.000000 -9.505000
v 67.504997 68.000000 -11.000000
v 67.504997 68.000000 -12.000000
v 67.504997 68.000000 -13.000000
v 67.504997 68.000000 -14.000000
v 67.504997 68.000000 -15.000000
v 68.000000 67.495003 -16.000000
v 68.000000 68.000000 -15.495000
v 69.000000 67.495003 -2.000000
v 69.000000 68.000000 -9.505000
v 68.504997 68.000000 -16.000000
v 69.000000 68.000000 -16.495001
v 70.000000 67.495003 -2.000000
v 70.000000 67.504997 -8.000000
v 69.504997 68.000000 -8.000000
v 70.000000 68.000000 -7.505000
v 69.504997 68.000000 -9.000000
v 70.000000 67.495003 -17.000000
v 70.000000 68.000000 -16.495001
v 69.504997 68.000000 -18.000000
v 70.000000 68.000000 -17.504999
v 70.000000 68.000000 -18.495001
v 71.000000 67.504997 -8.000000
v 71.000000 68.000000 -7.505000
v 70.504997 68.000000 -17.000000
v 71.000000 68.000000 -18.495001
v 72.000000 68.000000 -7.505000
v 72.000000 67.495003 -18.000000
v 72.000000 68.000000 -17.495001
v 71.495003 68.000000 -18.000000
v 73.000000 68.000000 -7.505000
v 73.000000 68.000000 -17.495001
v 73.495003 68.000000 -8.000000
v 74.000000 68.000000 -8.505000
v 74.000000 68.000000 -17.495001
v 75.000000 68.000000 -8.505000
v 75.000000 68.000000 -16.495001
v 74.495003 68.000000 -17.000000
v 76.000000 68.000000 -8.505000
v 76.000000 67.504997 -9.000000
v 76.000000 68.000000 -16.495001
v 76.495003 68.000000 -9.000000
v 77.000000 68.000000 -9.505000
v 77.000000 68.000000 -15.495000
v 76.495003 68.000000 -16.000000
v 77.495003 68.000000 -10.000000
v 78.000000 68.000000 -10.505000
v 78.000000 67.504997 -11.000000
v 78.000000 68.000000 -15.495000
v 78.495003 68.000000 -11.000000
v 78.495003 68.000000 -12.000000
v 78.495003 68.000000 -13.000000
v 79.000000 67.495003 -13.000000
v 78.495003 68.000000 -14.000000
v 78.495003 68.000000 -15.000000
v 45.000000 69.000000 -8.505000
v 44.505001 69.000000 -9.000000
v 44.505001 69.000000 -10.000000
v 44.505001 69.000000 -11.000000
v 44.505001 69.000000 -12.000000
v 45.000000 69.000000 -12.495000
v 46.000000 69.000000 -6.505000
v 45.505001 69.000000 -7.000000
v 45.505001 69.000000 -8.000000
v 45.505001 69.000000 -13.000000
v 46.000000 69.000000 -13.495000
v 47.000000 69.000000 -6.505000
v 47.000000 68.504997 -14.000000
v 46.505001 69.000000 -14.000000
v 47.000000 69.000000 -14.495000
v 48.000000 69.000000 -6.505000
v 48.000000 69.000000 -14.495000
v 49.000000 69.000000 -6.505000
v 49.000000 69.000000 -14.495000
v 50.000000 69.000000 -6.505000
v 50.000000 69.000000 -13.495000
v 49.494999 69.000000 -14.000000
v 50.494999 69.000000 -7.000000
v 51.000000 69.000000 -7.505000
v 51.000000 69.000000 -12.495000
v 50.494999 69.000000 -13.000000
v 51.494999 69.000000 -8.000000
v 51.494999 69.000000 -9.000000
v 52.000000 69.000000 -9.505000
v 52.000000 68.504997 -10.000000
v 52.000000 68.504997 -11.000000
v 52.000000 69.000000 -11.495000
v 51.494999 69.000000 -12.000000
v 52.494999 69.000000 -10.000000
v 52.494999 69.000000 -11.000000
v 67.000000 68.495003 -2.000000
v 68.000000 68.504997 -9.000000
v 67.504997 69.000000 -9.000000
v 68.000000 69.000000 -8.505000
v 67.504997 69.000000 -10.000000
v 67.504997 69.000000 -11.000000
v 67.504997 69.000000 -12.000000
v 67.504997 69.000000 -13.000000
v 67.504997 69.000000 -14.000000
v 68.000000 68.495003 -15.000000
v 68.000000 69.000000 -14.495000
v 68.495003 69.000000 -9.000000
v 69.000000 69.000000 -9.505000
v 68.504997 69.000000 -15.000000
v 68.504997 69.000000 -16.000000
v 69.000000 69.000000 -16.495001
v 70.000000 69.000000 -7.505000
v 69.504997 69.000000 -8.000000
v 69.504997 69.000000 -9.000000
v 70.000000 69.000000 -16.495001
v 70.000000 68.495003 -18.000000
v 71.000000 69.000000 -7.505000
v 71.000000 68.495003 -17.000000
v 71.000000 69.000000 -16.495001
v 71.000000 68.495003 -18.000000
v 72.000000 69.000000 -7.505000
v 71.504997 69.000000 -17.000000
v 72.000000 69.000000 -17.495001
v 73.000000 69.000000 -7.505000
v 73.000000 69.000000 -17.495001
v 74.000000 69.000000 -7.505000
v 74.000000 68.504997 -8.000000
v 74.000000 69.000000 -17.495001
v 75.000000 68.504997 -8.000000
v 75.000000 69.000000 -7.505000
v 75.000000 69.000000 -16.495001
v 74.495003 69.000000 -17.000000
v 75.495003 69.000000 -8.000000
v 76.000000 69.000000 -8.505000
v 76.000000 69.000000 -16.495001
v 76.495003 69.000000 -9.000000
v 77.000000 69.000000 -9.505000
v 77.000000 68.504997 -16.000000
v 77.000000 69.000000 -16.495001
v 77.495003 69.000000 -10.000000
v 78.000000 69.000000 -10.505000
v 78.000000 69.000000 -15.495000
v 77.495003 69.000000 -16.000000
v 78.495003 69.000000 -11.000000
v 78.495003 69.000000 -12.000000
v 79.000000 69.000000 -12.505000
v 79.000000 68.504997 -13.000000
v 79.000000 69.000000 -13.495000
v 78.495003 69.000000 -14.000000
v 78.495003 69.000000 -15.000000
v 79.495003 69.000000 -13.000000
v 45.000000 69.495003 -9.000000
v 45.000000 69.495003 -10.000000
v 45.000000 69.495003 -11.000000
v 45.000000 69.495003 -12.000000
v 46.000000 69.495003 -7.000000
v 45.505001 70.000000 -8.000000
v 46.000000 70.000000 -7.505000
v 45.505001 70.000000 -9.000000
v 45.505001 70.000000 -10.000000
v 45.505001 70.000000 -11.000000
v 45.505001 70.000000 -12.000000
v 45.505001 70.000000 -13.000000
v 46.000000 70.000000 -13.495000
v 47.000000 70.000000 -6.505000
v 46.505001 70.000000 -7.000000
v 46.505001 70.000000 -14.000000
v 47.000000 70.000000 -14.495000
v 48.000000 70.000000 -6.505000
v 48.000000 70.000000 -14.495000
v 49.000000 70.000000 -6.505000
v 49.000000 70.000000 -14.495000
v 50.000000 70.000000 -6.505000
v 50.000000 70.000000 -13.495000
v 49.494999 70.000000 -14.000000
v 50.494999 70.000000 -7.000000
v 51.000000 70.000000 -7.505000
v 51.000000 70.000000 -12.495000
v 50.494999 70.000000 -13.000000
v 51.494999 70.000000 -8.000000
v 51.494999 70.000000 -9.000000
v 52.000000 70.000000 -9.505000
v 52.000000 70.000000 -11.495000
v 51.494999 70.000000 -12.000000
v 52.494999 70.000000 -10.000000
v 52.494999 70.000000 -11.000000
v 68.000000 69.495003 -9.000000
v 67.504997 70.000000 -10.000000
v 68.000000 70.000000 -9.505000
v 67.504997 70.000000 -11.000000
v 67.504997 70.000000 -12.000000
v 67.504997 70.000000 -13.000000
v 67.504997 70.000000 -14.000000
v 68.000000 70.000000 -14.495000
v 69.000000 70.000000 -9.505000
v 68.504997 70.000000 -15.000000
v 69.000000 69.495003 -16.000000
v 69.000000 70.000000 -15.495000
v 70.000000 70.000000 -7.505000
v 69.504997 70.000000 -8.000000
v 69.504997 70.000000 -9.000000
v 69.504997 70.000000 -16.000000
v 70.000000 70.000000 -16.495001
v 71.000000 70.000000 -7.505000
v 71.000000 70.000000 -16.495001
v 72.000000 70.000000 -7.505000
v 71.504997 70.000000 -17.000000
v 72.000000 70.000000 -17.495001
v 73.000000 70.000000 -7.505000
v 73.000000 70.000000 -17.495001
v 74.000000 70.000000 -7.505000
v 74.000000 69.495003 -17.000000
v 74.000000 70.000000 -16.495001
v 73.495003 70.000000 -17.000000
v 75.000000 70.000000 -7.505000
v 75.000000 70.000000 -16.495001
v 75.495003 70.000000 -8.000000
v 76.000000 70.000000 -8.505000
v 76.000000 70.000000 -16.495001
v 77.000000 70.000000 -8.505000
v 77.000000 69.504997 -9.000000
v 77.000000 70.000000 -16.495001
v 77.495003 70.000000 -9.000000
v 78.000000 69.504997 -10.000000
v 78.000000 70.000000 -9.505000
v 78.000000 70.000000 -15.495000
v 77.495003 70.000000 -16.000000
v 78.495003 70.000000 -10.000000
v 78.495003 70.000000 -11.000000
v 79.000000 70.000000 -11.505000
v 79.000000 69.504997 -12.000000
v 79.000000 69.504997 -14.000000
v 79.000000 70.000000 -14.495000
v 78.495003 70.000000 -15.000000
v 79.495003 70.000000 -12.000000
v 79.495003 70.000000 -13.000000
v 79.495003 70.000000 -14.000000
v 45.000000 70.504997 -10.000000
v 44.505001 71.000000 -10.000000
v 45.000000 71.000000 -9.505000
v 45.000000 70.504997 -11.000000
v 44.505001 71.000000 -11.000000
v 45.000000 71.000000 -11.495000
v 46.000000 71.000000 -7.505000
v 45.505001 71.000000 -8.000000
v 45.505001 71.000000 -9.000000
v 45.505001 71.000000 -12.000000
v 45.505001 71.000000 -13.000000
v 46.000000 71.000000 -13.495000
v 47.000000 71.000000 -6.505000
v 46.505001 71.000000 -7.000000
v 46.505001 71.000000 -14.000000
v 47.000000 71.000000 -14.495000
v 48.000000 71.000000 -6.505000
v 48.000000 71.000000 -14.495000
v 49.000000 71.000000 -6.505000
v 49.000000 71.000000 -14.495000
v 50.000000 71.000000 -6.505000
v 50.000000 71.000000 -13.495000
v 49.494999 71.000000 -14.000000
v 50.494999 71.000000 -7.000000
v 51.000000 71.000000 -7.505000
v 51.000000 71.000000 -12.495000
v 50.494999 71.000000 -13.000000
v 51.494999 71.000000 -8.000000
v 51.494999 71.000000 -9.000000
v 52.000000 71.000000 -9.505000
v 52.000000 71.000000 -11.495000
v 51.494999 71.000000 -12.000000
v 52.494999 71.000000 -10.000000
v 52.494999 71.000000 -11.000000
v 68.000000 70.495003 -10.000000
v 67.504997 71.000000 -11.000000
v 68.000000 71.000000 -10.505000
v 67.504997 71.000000 -12.000000
v 67.504997 71.000000 -13.000000
v 68.000000 70.495003 -14.000000
v 68.000000 71.000000 -13.495000
v 69.000000 71.000000 -9.505000
v 68.504997 71.000000 -10.000000
v 68.504997 71.000000 -14.000000
v 68.504997 71.000000 -15.000000
v 69.000000 71.000000 -15.495000
v 70.000000 71.000000 -7.505000
v 69.504997 71.000000 -8.000000
v 69.504997 71.000000 -9.000000
v 69.504997 71.000000 -16.000000
v 70.000000 71.000000 -16.495001
v 71.000000 71.000000 -7.505000
v 71.000000 71.000000 -16.495001
v 72.000000 71.000000 -7.505000
v 72.000000 70.495003 -17.000000
v 72.000000 71.000000 -16.495001
v 73.000000 71.000000 -7.505000
v 73.000000 70.495003 -17.000000
v 73.000000 71.000000 -16.495001
v 74.000000 71.000000 -7.505000
v 74.000000 71.000000 -16.495001
v 75.000000 71.000000 -7.505000
v 75.000000 71.000000 -16.495001
v 76.000000 71.000000 -7.505000
v 76.000000 70.504997 -8.000000
v 76.000000 71.000000 -16.495001
v 76.495003 71.000000 -8.000000
v 77.000000 71.000000 -8.505000
v 77.000000 71.000000 -16.495001
v 77.495003 71.000000 -9.000000
v 78.000000 71.000000 -9.505000
v 78.000000 71.000000 -15.495000
v 77.495003 71.000000 -16.000000
v 78.495003 71.000000 -10.000000
v 78.495003 71.000000 -11.000000
v 79.000000 71.000000 -11.505000
v 79.000000 71.000000 -14.495000
v 78.495003 71.000000 -15.000000
v 79.495003 71.000000 -12.000000
v 79.495003 71.000000 -13.000000
v 79.495003 71.000000 -14.000000
v 45.000000 72.000000 -9.505000
v 44.505001 72.000000 -10.000000
v 44.505001 72.000000 -11.000000
v 45.000000 72.000000 -11.495000
v 46.000000 71.495003 -8.000000
v 45.505001 72.000000 -9.000000
v 46.000000 72.000000 -8.505000
v 45.505001 72.000000 -12.000000
v 45.505001 72.000000 -13.000000
v 46.000000 71.504997 -14.000000
v 45.505001 72.000000 -14.000000
v 46.000000 72.000000 -14.495000
v 47.000000 72.000000 -6.505000
v 46.505001 72.000000 -7.000000
v 46.505001 72.000000 -8.000000
v 47.000000 72.000000 -14.495000
v 48.000000 72.000000 -6.505000
v 48.000000 71.504997 -15.000000
v 47.505001 72.000000 -15.000000
v 48.000000 72.000000 -15.495000
v 49.000000 72.000000 -6.505000
v 49.000000 71.504997 -15.000000
v 49.000000 72.000000 -15.495000
v 50.000000 72.000000 -6.505000
v 50.000000 71.504997 -14.000000
v 50.000000 72.000000 -14.495000
v 49.494999 72.000000 -15.000000
v 51.000000 72.000000 -6.505000
v 51.000000 71.504997 -7.000000
v 51.000000 71.495003 -12.000000
v 51.000000 72.000000 -11.495000
v 50.494999 72.000000 -12.000000
v 50.494999 72.000000 -13.000000
v 50.494999 72.000000 -14.000000
v 51.494999 72.000000 -7.000000
v 51.494999 72.000000 -8.000000
v 52.000000 72.000000 -8.505000
v 52.000000 71.504997 -9.000000
v 52.000000 71.495003 -11.000000
v 52.000000 72.000000 -10.495000
v 51.494999 72.000000 -11.000000
v 52.494999 72.000000 -9.000000
v 52.494999 72.000000 -10.000000
v 68.000000 72.000000 -10.505000
v 67.504997 72.000000 -11.000000
v 67.504997 72.000000 -12.000000
v 67.504997 72.000000 -13.000000
v 68.000000 72.000000 -13.495000
v 69.000000 72.000000 -9.505000
v 68.504997 72.000000 -10.000000
v 68.504997 72.000000 -14.000000
v 68.504997 72.000000 -15.000000
v 69.000000 72.000000 -15.495000
v 70.000000 72.000000 -7.505000
v 69.504997 72.000000 -8.000000
v 69.504997 72.000000 -9.000000
v 70.000000 71.495003 -16.000000
v 70.000000 72.000000 -15.495000
v 71.000000 72.000000 -7.505000
v 70.504997 72.000000 -16.000000
v 71.000000 72.000000 -16.495001
v 72.000000 72.000000 -7.505000
v 72.000000 72.000000 -16.495001
v 73.000000 72.000000 -7.505000
v 73.000000 72.000000 -16.495001
v 74.000000 72.000000 -7.505000
v 74.000000 71.504997 -17.000000
v 73.504997 72.000000 -17.000000
v 74.000000 72.000000 -17.495001
v 75.000000 72.000000 -7.505000
v 75.000000 72.000000 -16.495001
v 74.495003 72.000000 -17.000000
v 76.000000 72.000000 -7.505000
v 76.000000 72.000000 -16.495001
v 76.495003 72.000000 -8.000000
v 77.000000 72.000000 -8.505000
v 77.000000 72.000000 -16.495001
v 77.495003 72.000000 -9.000000
v 78.000000 72.000000 -9.505000
v 78.000000 71.504997 -16.000000
v 78.000000 72.000000 -16.495001
v 78.495003 72.000000 -10.000000
v 79.000000 72.000000 -10.505000
v 79.000000 71.504997 -11.000000
v 79.000000 72.000000 -14.495000
v 78.495003 72.000000 -15.000000
v 78.495003 72.000000 -16.000000
v 79.495003 72.000000 -11.000000
v 79.495003 72.000000 -12.000000
v 79.495003 72.000000 -13.000000
v 79.495003 72.000000 -14.000000
v 45.000000 72.495003 -10.000000
v 44.505001 73.000000 -11.000000
v 45.000000 73.000000 -10.505000
v 45.000000 72.504997 -12.000000
v 44.505001 73.000000 -12.000000
v 45.000000 73.000000 -12.495000
v 46.000000 73.000000 -8.505000
v 45.505001 73.000000 -9.000000
v 45.505001 73.000000 -10.000000
v 45.505001 73.000000 -13.000000
v 45.505001 73.000000 -14.000000
v 46.000000 73.000000 -14.495000
v 47.000000 73.000000 -6.505000
v 46.505001 73.000000 -7.000000
v 46.505001 73.000000 -8.000000
v 47.000000 73.000000 -14.495000
v 48.000000 73.000000 -6.505000
v 47.505001 73.000000 -15.000000
v 48.000000 73.000000 -15.495000
v 49.000000 73.000000 -6.505000
v 49.000000 73.000000 -15.495000
v 50.000000 73.000000 -6.505000
v 50.000000 73.000000 -14.495000
v 49.494999 73.000000 -15.000000
v 51.000000 73.000000 -6.505000
v 51.000000 73.000000 -11.495000
v 50.494999 73.000000 -12.000000
v 50.494999 73.000000 -13.000000
v 50.494999 73.000000 -14.000000
v 51.494999 73.000000 -7.000000
v 51.494999 73.000000 -8.000000
v 52.000000 73.000000 -8.505000
v 52.000000 72.504997 -11.000000
v 52.000000 73.000000 -11.495000
v 52.494999 73.000000 -9.000000
v 52.494999 73.000000 -10.000000
v 52.494999 73.000000 -11.000000
v 68.000000 72.504997 -10.000000
v 67.504997 73.000000 -10.000000
v 68.000000 73.000000 -9.505000
v 67.504997 73.000000 -11.000000
v 67.504997 73.000000 -12.000000
v 68.000000 72.495003 -13.000000
v 68.000000 73.000000 -12.495000
v 69.000000 73.000000 -9.505000
v 68.504997 73.000000 -13.000000
v 68.504997 73.000000 -14.000000
v 69.000000 72.495003 -15.000000
v 69.000000 73.000000 -14.495000
v 70.000000 73.000000 -7.505000
v 69.504997 73.000000 -8.000000
v 69.504997 73.000000 -9.000000
v 69.504997 73.000000 -15.000000
v 70.000000 73.000000 -15.495000
v 71.000000 73.000000 -7.505000
v 70.504997 73.000000 -16.000000
v 71.000000 73.000000 -16.495001
v 72.000000 73.000000 -7.505000
v 72.000000 73.000000 -16.495001
v 73.000000 73.000000 -7.505000
v 73.000000 73.000000 -16.495001
v 74.000000 73.000000 -7.505000
v 73.504997 73.000000 -17.000000
v 74.000000 73.000000 -17.495001
v 75.000000 73.000000 -7.505000
v 75.000000 72.504997 -17.000000
v 75.000000 73.000000 -17.495001
v 76.000000 73.000000 -7.505000
v 76.000000 73.000000 -16.495001
v 75.495003 73.000000 -17.000000
v 76.495003 73.000000 -8.000000
v 77.000000 73.000000 -8.505000
v 77.000000 73.000000 -16.495001
v 77.495003 73.000000 -9.000000
v 78.000000 73.000000 -9.505000
v 78.000000 73.000000 -16.495001
v 78.495003 73.000000 -10.000000
v 79.000000 73.000000 -10.505000
v 79.000000 72.495003 -14.000000
v 79.000000 73.000000 -13.495000
v 78.495003 73.000000 -14.000000
v 78.495003 73.000000 -15.000000
v 78.495003 73.000000 -16.000000
v 79.495003 73.000000 -11.000000
v 79.495003 73.000000 -12.000000
v 79.495003 73.000000 -13.000000
v 45.000000 73.495003 -11.000000
v 45.000000 73.495003 -12.000000
v 46.000000 74.000000 -8.505000
v 45.505001 74.000000 -9.000000
v 45.505001 74.000000 -10.000000
v 45.505001 74.000000 -11.000000
v 45.505001 74.000000 -12.000000
v 45.505001 74.000000 -13.000000
v 45.505001 74.000000 -14.000000
v 46.000000 74.000000 -14.495000
v 47.000000 74.000000 -6.505000
v 46.505001 74.000000 -7.000000
v 46.505001 74.000000 -8.000000
v 47.000000 73.504997 -15.000000
v 46.505001 74.000000 -15.000000
v 47.000000 74.000000 -15.495000
v 48.000000 74.000000 -6.505000
v 48.000000 74.000000 -15.495000
v 49.000000 74.000000 -6.505000
v 49.000000 74.000000 -15.495000
v 50.000000 74.000000 -6.505000
v 50.000000 73.504997 -15.000000
v 50.000000 74.000000 -15.495000
v 51.000000 73.495003 -7.000000
v 50.494999 74.000000 -7.000000
v 51.000000 74.000000 -7.505000
v 51.000000 74.000000 -11.495000
v 50.494999 74.000000 -12.000000
v 50.494999 74.000000 -13.000000
v 51.000000 74.000000 -13.505000
v 51.000000 73.504997 -14.000000
v 51.000000 74.000000 -14.495000
v 50.494999 74.000000 -15.000000
v 51.494999 74.000000 -8.000000
v 52.000000 74.000000 -8.505000
v 52.000000 74.000000 -11.495000
v 51.494999 74.000000 -14.000000
v 52.494999 74.000000 -9.000000
v 52.494999 74.000000 -10.000000
v 52.494999 74.000000 -11.000000
v 68.000000 74.000000 -9.505000
v 67.504997 74.000000 -10.000000
v 67.504997 74.000000 -11.000000
v 67.504997 74.000000 -12.000000
v 68.000000 74.000000 -12.495000
v 69.000000 73.504997 -9.000000
v 68.504997 74.000000 -9.000000
v 69.000000 74.000000 -8.505000
v 68.504997 74.000000 -13.000000
v 68.504997 74.000000 -14.000000
v 69.000000 74.000000 -14.495000
v 70.000000 74.000000 -7.505000
v 69.504997 74.000000 -8.000000
v 69.504997 74.000000 -15.000000
v 70.000000 74.000000 -15.495000
v 71.000000 74.000000 -7.505000
v 70.504997 74.000000 -16.000000
v 71.000000 74.000000 -16.495001
v 72.000000 74.000000 -7.505000
v 72.000000 74.000000 -16.495001
v 73.000000 74.000000 -7.505000
v 73.000000 74.000000 -16.495001
v 74.000000 74.000000 -7.505000
v 73.504997 74.000000 -17.000000
v 74.000000 74.000000 -17.495001
v 75.000000 74.000000 -7.505000
v 75.000000 74.000000 -17.495001
v 76.000000 74.000000 -7.505000
v 76.000000 73.504997 -17.000000
v 76.000000 74.000000 -17.495001
v 77.000000 74.000000 -7.505000
v 77.000000 73.504997 -8.000000
v 77.000000 74.000000 -16.495001
v 76.495003 74.000000 -17.000000
v 77.495003 74.000000 -8.000000
v 77.495003 74.000000 -9.000000
v 78.000000 74.000000 -9.505000
v 78.000000 74.000000 -16.495001
v 78.495003 74.000000 -10.000000
v 79.000000 74.000000 -10.505000
v 79.000000 74.000000 -13.495000
v 78.495003 74.000000 -14.000000
v 78.495003 74.000000 -15.000000
v 78.495003 74.000000 -16.000000
v 79.495003 74.000000 -11.000000
v 79.495003 74.000000 -12.000000
v 79.495003 74.000000 -13.000000
v 46.000000 75.000000 -8.505000
v 45.505001 75.000000 -9.000000
v 45.505001 75.000000 -10.000000
v 45.505001 75.000000 -11.000000
v 45.505001 75.000000 -12.000000
v 45.505001 75.000000 -13.000000
v 45.505001 75.000000 -14.000000
v 46.000000 75.000000 -14.495000
v 47.000000 74.495003 -7.000000
v 46.505001 75.000000 -8.000000
v 47.000000 75.000000 -7.505000
v 46.505001 75.000000 -15.000000
v 47.000000 75.000000 -15.495000
v 48.000000 75.000000 -6.505000
v 47.505001 75.000000 -7.000000
v 48.000000 75.000000 -15.495000
v 49.000000 75.000000 -6.505000
v 49.000000 75.000000 -15.495000
v 50.000000 75.000000 -6.505000
v 50.000000 75.000000 -15.495000
v 50.494999 75.000000 -7.000000
v 51.000000 75.000000 -7.505000
v 51.000000 74.504997 -12.000000
v 51.000000 75.000000 -12.495000
v 50.494999 75.000000 -13.000000
v 51.000000 75.000000 -13.505000
v 51.000000 74.504997 -15.000000
v 51.000000 75.000000 -15.495000
v 51.494999 75.000000 -8.000000
v 52.000000 75.000000 -8.505000
v 52.000000 75.000000 -11.495000
v 51.494999 75.000000 -12.000000
v 51.494999 75.000000 -14.000000
v 51.494999 75.000000 -15.000000
v 52.494999 75.000000 -9.000000
v 52.494999 75.000000 -10.000000
v 52.494999 75.000000 -11.000000
v 68.000000 75.000000 -9.505000
v 67.504997 75.000000 -10.000000
v 67.504997 75.000000 -11.000000
v 67.504997 75.000000 -12.000000
v 68.000000 75.000000 -12.495000
v 69.000000 75.000000 -8.505000
v 68.504997 75.000000 -9.000000
v 68.504997 75.000000 -13.000000
v 68.504997 75.000000 -14.000000
v 69.000000 75.000000 -14.495000
v 70.000000 75.000000 -7.505000
v 69.504997 75.000000 -8.000000
v 69.504997 75.000000 -15.000000
v 70.000000 75.000000 -15.495000
v 71.000000 75.000000 -7.505000
v 71.000000 74.495003 -16.000000
v 71.000000 75.000000 -15.495000
v 72.000000 75.000000 -7.505000
v 71.504997 75.000000 -16.000000
v 72.000000 75.000000 -16.495001
v 73.000000 75.000000 -7.505000
v 73.000000 74.504997 -17.000000
v 72.504997 75.000000 -17.000000
v 73.000000 75.000000 -17.495001
v 74.000000 75.000000 -7.505000
v 74.000000 75.000000 -17.495001
v 75.000000 75.000000 -7.505000
v 75.000000 75.000000 -17.495001
v 76.000000 75.000000 -7.505000
v 76.000000 75.000000 -17.495001
v 77.000000 75.000000 -7.505000
v 77.000000 75.000000 -16.495001
v 76.495003 75.000000 -17.000000
v 77.495003 75.000000 -8.000000
v 77.495003 75.000000 -9.000000
v 78.000000 75.000000 -9.505000
v 78.000000 74.495003 -16.000000
v 78.000000 75.000000 -15.495000
v 77.495003 75.000000 -16.000000
v 78.495003 75.000000 -10.000000
v 79.000000 75.000000 -10.505000
v 79.000000 74.495003 -13.000000
v 79.000000 75.000000 -12.495000
v 78.495003 75.000000 -13.000000
v 78.495003 75.000000 -14.000000
v 78.495003 75.000000 -15.000000
v 79.495003 75.000000 -11.000000
v 79.495003 75.000000 -12.000000
v 46.000000 75.495003 -9.000000
v 45.505001 76.000000 -10.000000
v 46.000000 76.000000 -9.505000
v 45.505001 76.000000 -11.000000
v 45.505001 76.000000 -12.000000
v 45.505001 76.000000 -13.000000
v 45.505001 76.000000 -14.000000
v 46.000000 76.000000 -14.495000
v 47.000000 75.495003 -8.000000
v 47.000000 76.000000 -8.505000
v 46.505001 76.000000 -9.000000
v 46.505001 76.000000 -15.000000
v 47.000000 76.000000 -15.495000
v 48.000000 75.495003 -7.000000
v 48.000000 76.000000 -7.505000
v 47.505001 76.000000 -8.000000
v 48.000000 75.504997 -16.000000
v 47.505001 76.000000 -16.000000
v 48.000000 76.000000 -16.495001
v 49.000000 75.495003 -7.000000
v 49.000000 76.000000 -7.505000
v 49.000000 75.504997 -16.000000
v 49.000000 76.000000 -16.495001
v 50.000000 75.495003 -7.000000
v 50.000000 76.000000 -7.505000
v 50.000000 75.504997 -16.000000
v 50.000000 76.000000 -16.495001
v 51.000000 76.000000 -7.505000
v 51.000000 75.504997 -13.000000
v 51.000000 76.000000 -15.495000
v 50.494999 76.000000 -16.000000
v 51.494999 76.000000 -8.000000
v 52.000000 76.000000 -8.505000
v 52.000000 76.000000 -11.495000
v 51.494999 76.000000 -12.000000
v 51.494999 76.000000 -13.000000
v 51.494999 76.000000 -14.000000
v 51.494999 76.000000 -15.000000
v 52.494999 76.000000 -9.000000
v 52.494999 76.000000 -10.000000
v 52.494999 76.000000 -11.000000
v 68.000000 76.000000 -9.505000
v 67.504997 76.000000 -10.000000
v 67.504997 76.000000 -11.000000
v 67.504997 76.000000 -12.000000
v 68.000000 76.000000 -12.495000
v 69.000000 76.000000 -8.505000
v 68.504997 76.000000 -9.000000
v 68.504997 76.000000 -13.000000
v 68.504997 76.000000 -14.000000
v 69.000000 76.000000 -14.495000
v 70.000000 76.000000 -7.505000
v 69.504997 76.000000 -8.000000
v 69.504997 76.000000 -15.000000
v 70.000000 75.504997 -16.000000
v 69.504997 76.000000 -16.000000
v 70.000000 76.000000 -16.495001
v 71.000000 76.000000 -7.505000
v 71.000000 76.000000 -15.495000
v 70.495003 76.000000 -16.000000
v 72.000000 76.000000 -7.505000
v 71.504997 76.000000 -16.000000
v 72.000000 75.504997 -17.000000
v 71.504997 76.000000 -17.000000
v 72.000000 76.000000 -17.495001
v 73.000000 76.000000 -7.505000
v 73.000000 76.000000 -17.495001
v 74.000000 76.000000 -7.505000
v 74.000000 76.000000 -17.495001
v 75.000000 76.000000 -7.505000
v 75.000000 76.000000 -17.495001
v 76.000000 76.000000 -7.505000
v 76.000000 75.495003 -17.000000
v 76.000000 76.000000 -16.495001
v 75.495003 76.000000 -17.000000
v 77.000000 75.495003 -8.000000
v 76.495003 76.000000 -8.000000
v 77.000000 76.000000 -8.505000
v 77.000000 76.000000 -16.495001
v 77.495003 76.000000 -9.000000
v 78.000000 76.000000 -9.505000
v 78.000000 76.000000 -15.495000
v 77.495003 76.000000 -16.000000
v 78.495003 76.000000 -10.000000
v 78.495003 76.000000 -11.000000
v 79.000000 75.495003 -11.000000
v 79.000000 76.000000 -11.505000
v 79.000000 76.000000 -12.495000
v 78.495003 76.000000 -13.000000
v 78.495003 76.000000 -14.000000
v 78.495003 76.000000 -15.000000
v 79.495003 76.000000 -12.000000
v 46.000000 76.495003 -10.000000
v 45.505001 77.000000 -11.000000
v 46.000000 77.000000 -10.505000
v 45.505001 77.000000 -12.000000
v 45.505001 77.000000 -13.000000
v 45.505001 77.000000 -14.000000
v 46.000000 77.000000 -14.495000
v 47.000000 77.000000 -8.505000
v 46.505001 77.000000 -9.000000
v 46.505001 77.000000 -10.000000
v 46.505001 77.000000 -15.000000
v 47.000000 77.000000 -15.495000
v 48.000000 76.495003 -8.000000
v 48.000000 77.000000 -8.505000
v 47.505001 77.000000 -16.000000
v 48.000000 77.000000 -16.495001
v 49.000000 77.000000 -7.505000
v 48.505001 77.000000 -8.000000
v 49.000000 77.000000 -16.495001
v 50.000000 77.000000 -7.505000
v 50.000000 77.000000 -16.495001
v 51.000000 76.495003 -8.000000
v 50.494999 77.000000 -8.000000
v 51.000000 77.000000 -8.505000
v 51.000000 77.000000 -15.495000
v 50.494999 77.000000 -16.000000
v 52.000000 77.000000 -8.505000
v 52.000000 76.504997 -12.000000
v 52.000000 77.000000 -12.495000
v 51.494999 77.000000 -13.000000
v 51.494999 77.000000 -14.000000
v 51.494999 77.000000 -15.000000
v 52.494999 77.000000 -9.000000
v 52.494999 77.000000 -10.000000
v 52.494999 77.000000 -11.000000
v 52.494999 77.000000 -12.000000
v 68.000000 76.504997 -9.000000
v 67.504997 77.000000 -9.000000
v 68.000000 77.000000 -8.505000
v 67.504997 77.000000 -10.000000
v 67.504997 77.000000 -11.000000
v 67.504997 77.000000 -12.000000
v 68.000000 76.504997 -13.000000
v 67.504997 77.000000 -13.000000
v 68.000000 76.504997 -14.000000
v 67.504997 77.000000 -14.000000
v 68.000000 77.000000 -14.495000
v 69.000000 77.000000 -8.505000
v 69.000000 76.504997 -15.000000
v 68.504997 77.000000 -15.000000
v 69.000000 77.000000 -15.495000
v 70.000000 77.000000 -7.505000
v 69.504997 77.000000 -8.000000
v 69.504997 77.000000 -16.000000
v 70.000000 76.504997 -17.000000
v 69.504997 77.000000 -17.000000
v 70.000000 77.000000 -17.495001
v 71.000000 77.000000 -7.505000
v 71.000000 76.504997 -16.000000
v 71.000000 76.504997 -17.000000
v 71.000000 77.000000 -17.495001
v 72.000000 77.000000 -7.505000
v 72.000000 77.000000 -17.495001
v 73.000000 77.000000 -7.505000
v 73.000000 77.000000 -17.495001
v 74.000000 77.000000 -7.505000
v 74.000000 76.504997 -18.000000
v 73.504997 77.000000 -18.000000
v 74.000000 77.000000 -18.495001
v 75.000000 77.000000 -7.505000
v 75.000000 77.000000 -17.495001
v 74.495003 77.000000 -18.000000
v 76.000000 77.000000 -7.505000
v 76.000000 76.504997 -17.000000
v 76.000000 77.000000 -17.495001
v 76.495003 77.000000 -8.000000
v 77.000000 77.000000 -8.505000
v 77.000000 77.000000 -16.495001
v 76.495003 77.000000 -17.000000
v 77.495003 77.000000 -9.000000
v 78.000000 77.000000 -9.505000
v 78.000000 77.000000 -15.495000
v 77.495003 77.000000 -16.000000
v 78.495003 77.000000 -10.000000
v 78.495003 77.000000 -11.000000
v 78.495003 77.000000 -12.000000
v 79.000000 76.495003 -12.000000
v 78.495003 77.000000 -13.000000
v 78.495003 77.000000 -14.000000
v 78.495003 77.000000 -15.000000
v 46.000000 78.000000 -10.505000
v 45.505001 78.000000 -11.000000
v 45.505001 78.000000 -12.000000
v 45.505001 78.000000 -13.000000
v 45.505001 78.000000 -14.000000
v 46.000000 78.000000 -14.495000
v 47.000000 77.495003 -9.000000
v 46.505001 78.000000 -10.000000
v 47.000000 78.000000 -9.505000
v 46.505001 78.000000 -15.000000
v 47.000000 78.000000 -15.495000
v 48.000000 78.000000 -8.505000
v 47.505001 78.000000 -9.000000
v 47.505001 78.000000 -16.000000
v 48.000000 78.000000 -16.495001
v 49.000000 77.495003 -8.000000
v 49.000000 78.000000 -8.505000
v 49.000000 78.000000 -16.495001
v 50.000000 77.495003 -8.000000
v 50.000000 78.000000 -8.505000
v 50.000000 77.504997 -17.000000
v 49.505001 78.000000 -17.000000
v 50.000000 78.000000 -17.495001
v 51.000000 78.000000 -8.505000
v 51.000000 77.504997 -16.000000
v 51.000000 78.000000 -16.495001
v 50.494999 78.000000 -17.000000
v 52.000000 78.000000 -8.505000
v 52.000000 77.504997 -13.000000
v 52.000000 77.504997 -14.000000
v 52.000000 77.504997 -15.000000
v 52.000000 78.000000 -15.495000
v 51.494999 78.000000 -16.000000
v 52.494999 78.000000 -9.000000
v 53.000000 78.000000 -9.505000
v 53.000000 77.504997 -10.000000
v 53.000000 77.504997 -11.000000
v 53.000000 78.000000 -11.495000
v 52.494999 78.000000 -12.000000
v 52.494999 78.000000 -13.000000
v 52.494999 78.000000 -14.000000
v 52.494999 78.000000 -15.000000
v 53.494999 78.000000 -10.000000
v 53.494999 78.000000 -11.000000
v 68.000000 78.000000 -8.505000
v 67.504997 78.000000 -9.000000
v 67.504997 78.000000 -10.000000
v 67.504997 78.000000 -11.000000
v 67.504997 78.000000 -12.000000
v 67.504997 78.000000 -13.000000
v 67.504997 78.000000 -14.000000
v 68.000000 77.504997 -15.000000
v 67.504997 78.000000 -15.000000
v 68.000000 78.000000 -15.495000
v 69.000000 77.504997 -8.000000
v 68.504997 78.000000 -8.000000
v 69.000000 78.000000 -7.505000
v 69.000000 77.504997 -16.000000
v 68.504997 78.000000 -16.000000
v 69.000000 77.504997 -17.000000
v 68.504997 78.000000 -17.000000
v 69.000000 78.000000 -17.495001
v 70.000000 78.000000 -7.505000
v 70.000000 78.000000 -17.495001
v 71.000000 78.000000 -7.505000
v 71.000000 78.000000 -17.495001
v 72.000000 78.000000 -7.505000
v 72.000000 78.000000 -17.495001
v 73.000000 78.000000 -7.505000
v 73.000000 78.000000 -17.495001
v 74.000000 78.000000 -7.505000
v 74.000000 77.495003 -18.000000
v 74.000000 78.000000 -17.495001
v 75.000000 78.000000 -7.505000
v 75.000000 78.000000 -17.495001
v 76.000000 78.000000 -7.505000
v 76.000000 78.000000 -17.495001
v 76.495003 78.000000 -8.000000
v 77.000000 78.000000 -8.505000
v 77.000000 78.000000 -16.495001
v 76.495003 78.000000 -17.000000
v 77.495003 78.000000 -9.000000
v 77.495003 78.000000 -10.000000
v 78.000000 77.495003 -10.000000
v 78.000000 78.000000 -10.505000
v 78.000000 77.495003 -15.000000
v 78.000000 78.000000 -14.495000
v 77.495003 78.000000 -15.000000
v 77.495003 78.000000 -16.000000
v 78.495003 78.000000 -11.000000
v 78.495003 78.000000 -12.000000
v 78.495003 78.000000 -13.000000
v 78.495003 78.000000 -14.000000
v 46.000000 78.495003 -11.000000
v 46.000000 78.495003 -12.000000
v 46.000000 78.495003 -13.000000
v 46.000000 78.495003 -14.000000
v 47.000000 79.000000 -9.505000
v 46.505001 79.000000 -10.000000
v 46.505001 79.000000 -11.000000
v 46.505001 79.000000 -12.000000
v 46.505001 79.000000 -13.000000
v 46.505001 79.000000 -14.000000
v 46.505001 79.000000 -15.000000
v 47.000000 79.000000 -15.495000
v 48.000000 79.000000 -8.505000
v 47.505001 79.000000 -9.000000
v 47.505001 79.000000 -16.000000
v 48.000000 79.000000 -16.495001
v 49.000000 79.000000 -8.505000
v 49.000000 78.504997 -17.000000
v 48.505001 79.000000 -17.000000
v 49.000000 79.000000 -17.495001
v 50.000000 79.000000 -8.505000
v 50.000000 79.000000 -17.495001
v 51.000000 79.000000 -8.505000
v 51.000000 78.504997 -17.000000
v 51.000000 79.000000 -17.495001
v 52.000000 78.495003 -9.000000
v 51.494999 79.000000 -9.000000
v 52.000000 79.000000 -9.505000
v 52.000000 78.504997 -16.000000
v 52.000000 79.000000 -16.495001
v 51.494999 79.000000 -17.000000
v 53.000000 79.000000 -9.505000
v 53.000000 78.504997 -12.000000
v 53.000000 78.504997 -13.000000
v 53.000000 78.504997 -14.000000
v 53.000000 78.504997 -15.000000
v 53.000000 79.000000 -15.495000
v 52.494999 79.000000 -16.000000
v 53.494999 79.000000 -10.000000
v 53.494999 79.000000 -11.000000
v 53.494999 79.000000 -12.000000
v 53.494999 79.000000 -13.000000
v 53.494999 79.000000 -14.000000
v 53.494999 79.000000 -15.000000
v 67.000000 78.504997 -10.000000
v 66.504997 79.000000 -10.000000
v 67.000000 79.000000 -9.505000
v 67.000000 78.504997 -11.000000
v 66.504997 79.000000 -11.000000
v 67.000000 78.504997 -12.000000
v 66.504997 79.000000 -12.000000
v 67.000000 78.504997 -13.000000
v 66.504997 79.000000 -13.000000
v 67.000000 78.504997 -14.000000
v 66.504997 79.000000 -14.000000
v 67.000000 79.000000 -14.495000
v 67.000000 78.504997 -17.000000
v 66.504997 79.000000 -17.000000
v 67.000000 79.000000 -16.504999
v 67.000000 79.000000 -17.495001
v 68.000000 79.000000 -8.505000
v 67.504997 79.000000 -9.000000
v 67.504997 79.000000 -15.000000
v 68.000000 79.000000 -15.495000
v 68.000000 78.504997 -17.000000
v 68.000000 79.000000 -16.504999
v 68.000000 79.000000 -17.495001
v 69.000000 79.000000 -7.505000
v 68.504997 79.000000 -8.000000
v 68.504997 79.000000 -16.000000
v 69.000000 79.000000 -17.495001
v 70.000000 79.000000 -7.505000
v 70.000000 79.000000 -17.495001
v 71.000000 79.000000 -7.505000
v 71.000000 79.000000 -17.495001
v 72.000000 79.000000 -7.505000
v 72.000000 78.504997 -18.000000
v 71.504997 79.000000 -18.000000
v 72.000000 79.000000 -18.495001
v 73.000000 79.000000 -7.505000
v 73.000000 79.000000 -17.495001
v 72.495003 79.000000 -18.000000
v 74.000000 79.000000 -7.505000
v 74.000000 79.000000 -17.495001
v 75.000000 79.000000 -7.505000
v 75.000000 79.000000 -17.495001
v 76.000000 78.495003 -8.000000
v 75.495003 79.000000 -8.000000
v 76.000000 79.000000 -8.505000
v 76.000000 78.495003 -17.000000
v 76.000000 79.000000 -16.495001
v 75.495003 79.000000 -17.000000
v 77.000000 78.495003 -9.000000
v 76.495003 79.000000 -9.000000
v 77.000000 79.000000 -9.505000
v 77.000000 79.000000 -16.495001
v 77.495003 79.000000 -10.000000
v 78.000000 79.000000 -10.505000
v 78.000000 78.495003 -14.000000
v 78.000000 79.000000 -13.495000
v 77.495003 79.000000 -14.000000
v 77.495003 79.000000 -15.000000
v 77.495003 79.000000 -16.000000
v 78.495003 79.000000 -11.000000
v 78.495003 79.000000 -12.000000
v 78.495003 79.000000 -13.000000
v 47.000000 79.495003 -10.000000
v 46.505001 80.000000 -11.000000
v 47.000000 80.000000 -10.505000
v 46.505001 80.000000 -12.000000
v 46.505001 80.000000 -13.000000
v 46.505001 80.000000 -14.000000
v 46.505001 80.000000 -15.000000
v 47.000000 80.000000 -15.495000
v 48.000000 79.495003 -9.000000
v 48.000000 80.000000 -9.505000
v 47.505001 80.000000 -10.000000
v 47.505001 80.000000 -16.000000
v 48.000000 80.000000 -16.495001
v 49.000000 79.495003 -9.000000
v 49.000000 80.000000 -9.505000
v 48.505001 80.000000 -17.000000
v 49.000000 80.000000 -17.495001
v 50.000000 80.000000 -8.505000
v 49.505001 80.000000 -9.000000
v 50.000000 80.000000 -17.495001
v 51.000000 80.000000 -8.505000
v 51.000000 80.000000 -17.495001
v 51.494999 80.000000 -9.000000
v 52.000000 80.000000 -9.505000
v 52.000000 79.504997 -17.000000
v 52.000000 80.000000 -17.495001
v 53.000000 80.000000 -9.505000
v 53.000000 79.504997 -16.000000
v 53.000000 80.000000 -16.495001
v 52.494999 80.000000 -17.000000
v 53.494999 80.000000 -10.000000
v 53.494999 80.000000 -11.000000
v 53.494999 80.000000 -12.000000
v 54.000000 80.000000 -12.505000
v 54.000000 79.504997 -13.000000
v 54.000000 79.504997 -14.000000
v 54.000000 79.504997 -15.000000
v 54.000000 80.000000 -15.495000
v 53.494999 80.000000 -16.000000
v 54.494999 80.000000 -13.000000
v 54.494999 80.000000 -14.000000
v 54.494999 80.000000 -15.000000
v 65.000000 79.504997 -15.000000
v 64.504997 80.000000 -15.000000
v 65.000000 80.000000 -14.505000
v 65.000000 80.000000 -15.495000
v 65.000000 79.504997 -17.000000
v 64.504997 80.000000 -17.000000
v 65.000000 80.000000 -16.504999
v 65.000000 80.000000 -17.495001
v 66.000000 79.504997 -12.000000
v 65.504997 80.000000 -12.000000
v 66.000000 80.000000 -11.505000
v 66.000000 79.504997 -13.000000
v 65.504997 80.000000 -13.000000
v 66.000000 79.504997 -14.000000
v 65.504997 80.000000 -14.000000
v 66.000000 79.504997 -15.000000
v 66.000000 80.000000 -15.495000
v 66.000000 79.504997 -17.000000
v 66.000000 80.000000 -16.504999
v 66.000000 80.000000 -17.495001
v 67.000000 80.000000 -9.505000
v 66.504997 80.000000 -10.000000
v 66.504997 80.000000 -11.000000
v 67.000000 79.504997 -15.000000
v 67.000000 79.504997 -16.000000
v 66.504997 80.000000 -16.000000
v 67.000000 80.000000 -17.495001
v 68.000000 80.000000 -8.505000
v 67.504997 80.000000 -9.000000
v 68.000000 79.504997 -16.000000
v 68.000000 80.000000 -17.495001
v 69.000000 80.000000 -7.505000
v 68.504997 80.000000 -8.000000
v 69.000000 79.504997 -18.000000
v 68.504997 80.000000 -18.000000
v 69.000000 80.000000 -18.495001
v 70.000000 80.000000 -7.505000
v 70.000000 79.504997 -18.000000
v 70.000000 80.000000 -18.495001
v 71.000000 80.000000 -7.505000
v 71.000000 79.504997 -18.000000
v 71.000000 80.000000 -18.495001
v 72.000000 80.000000 -7.505000
v 72.000000 80.000000 -18.495001
v 73.000000 80.000000 -7.505000
v 73.000000 79.504997 -18.000000
v 73.000000 80.000000 -18.495001
v 74.000000 80.000000 -7.505000
v 74.000000 79.504997 -18.000000
v 74.000000 80.000000 -18.495001
v 75.000000 80.000000 -7.505000
v 75.000000 80.000000 -17.495001
v 74.495003 80.000000 -18.000000
v 75.495003 80.000000 -8.000000
v 76.000000 80.000000 -8.505000
v 76.000000 80.000000 -16.495001
v 75.495003 80.000000 -17.000000
v 76.495003 80.000000 -9.000000
v 77.000000 80.000000 -9.505000
v 77.000000 79.495003 -16.000000
v 77.000000 80.000000 -15.495000
v 76.495003 80.000000 -16.000000
v 77.495003 80.000000 -10.000000
v 77.495003 80.000000 -11.000000
v 78.000000 79.495003 -11.000000
v 78.000000 79.495003 -12.000000
v 77.495003 80.000000 -12.000000
v 78.000000 79.495003 -13.000000
v 77.495003 80.000000 -13.000000
v 77.495003 80.000000 -14.000000
v 77.495003 80.000000 -15.000000
v 47.000000 80.495003 -11.000000
v 47.000000 80.495003 -12.000000
v 46.505001 81.000000 -13.000000
v 47.000000 81.000000 -12.505000
v 46.505001 81.000000 -14.000000
v 47.000000 80.495003 -15.000000
v 47.000000 81.000000 -14.495000
v 48.000000 80.495003 -10.000000
v 48.000000 81.000000 -10.505000
v 47.505001 81.000000 -11.000000
v 47.505001 81.000000 -12.000000
v 47.505001 81.000000 -15.000000
v 47.505001 81.000000 -16.000000
v 48.000000 81.000000 -16.495001
v 49.000000 81.000000 -9.505000
v 48.505001 81.000000 -10.000000
v 48.505001 81.000000 -17.000000
v 49.000000 81.000000 -17.495001
v 50.000000 80.495003 -9.000000
v 50.000000 81.000000 -9.505000
v 50.000000 81.000000 -17.495001
v 51.000000 80.495003 -9.000000
v 51.000000 81.000000 -9.505000
v 51.000000 81.000000 -17.495001
v 52.000000 81.000000 -9.505000
v 52.000000 81.000000 -17.495001
v 53.000000 80.495003 -10.000000
v 52.494999 81.000000 -10.000000
v 53.000000 81.000000 -10.505000
v 53.000000 80.504997 -17.000000
v 53.000000 81.000000 -17.495001
v 53.494999 81.000000 -11.000000
v 54.000000 81.000000 -11.505000
v 54.000000 80.504997 -12.000000
v 54.000000 80.504997 -16.000000
v 54.000000 80.504997 -17.000000
v 54.000000 81.000000 -17.495001
v 54.494999 81.000000 -12.000000
v 54.494999 81.000000 -13.000000
v 54.494999 81.000000 -14.000000
v 54.494999 81.000000 -15.000000
v 54.494999 81.000000 -16.000000
v 54.494999 81.000000 -17.000000
v 60.000000 80.504997 -17.000000
v 59.505001 81.000000 -17.000000
v 60.000000 81.000000 -16.504999
v 60.000000 81.000000 -17.495001
v 61.000000 80.504997 -17.000000
v 61.000000 81.000000 -16.504999
v 61.000000 81.000000 -17.495001
v 62.000000 80.504997 -17.000000
v 62.000000 81.000000 -16.504999
v 62.000000 81.000000 -17.495001
v 63.000000 80.504997 -17.000000
v 63.000000 81.000000 -16.504999
v 63.000000 81.000000 -17.495001
v 64.000000 80.504997 -15.000000
v 63.505001 81.000000 -15.000000
v 64.000000 81.000000 -14.505000
v 64.000000 80.504997 -16.000000
v 63.505001 81.000000 -16.000000
v 64.000000 80.504997 -17.000000
v 64.000000 81.000000 -17.495001
v 65.000000 80.504997 -13.000000
v 64.504997 81.000000 -13.000000
v 65.000000 81.000000 -12.505000
v 65.000000 80.504997 -14.000000
v 64.504997 81.000000 -14.000000
v 65.000000 80.504997 -16.000000
v 65.000000 81.000000 -17.495001
v 66.000000 80.504997 -11.000000
v 65.504997 81.000000 -11.000000
v 66.000000 81.000000 -10.505000
v 65.504997 81.000000 -12.000000
v 66.000000 80.504997 -16.000000
v 66.000000 80.504997 -18.000000
v 65.504997 81.000000 -18.000000
v 66.000000 81.000000 -18.495001
v 67.000000 80.504997 -9.000000
v 66.504997 81.000000 -9.000000
v 67.000000 81.000000 -8.505000
v 66.504997 81.000000 -10.000000
v 67.000000 80.504997 -18.000000
v 67.000000 81.000000 -18.495001
v 68.000000 81.000000 -8.505000
v 68.000000 80.504997 -18.000000
v 68.000000 81.000000 -18.495001
v 69.000000 81.000000 -7.505000
v 68.504997 81.000000 -8.000000
v 69.000000 81.000000 -18.495001
v 70.000000 81.000000 -7.505000
v 70.000000 80.504997 -19.000000
v 69.504997 81.000000 -19.000000
v 70.000000 81.000000 -19.495001
v 71.000000 81.000000 -7.505000
v 71.000000 80.504997 -19.000000
v 71.000000 81.000000 -19.495001
v 72.000000 81.000000 -7.505000
v 72.000000 80.495003 -18.000000
v 72.000000 81.000000 -17.495001
v 71.495003 81.000000 -18.000000
v 71.495003 81.000000 -19.000000
v 73.000000 81.000000 -7.505000
v 72.504997 81.000000 -18.000000
v 73.000000 81.000000 -18.495001
v 74.000000 81.000000 -7.505000
v 74.000000 81.000000 -18.495001
v 75.000000 80.495003 -8.000000
v 74.495003 81.000000 -8.000000
v 75.000000 81.000000 -8.505000
v 75.000000 81.000000 -17.495001
v 74.495003 81.000000 -18.000000
v 76.000000 80.495003 -9.000000
v 75.495003 81.000000 -9.000000
v 76.000000 81.000000 -9.505000
v 76.000000 81.000000 -16.495001
v 75.495003 81.000000 -17.000000
v 77.000000 80.495003 -10.000000
v 76.495003 81.000000 -10.000000
v 77.000000 80.495003 -11.000000
v 76.495003 81.000000 -11.000000
v 77.000000 81.000000 -11.505000
v 77.000000 81.000000 -15.495000
v 76.495003 81.000000 -16.000000
v 77.495003 81.000000 -12.000000
v 77.495003 81.000000 -13.000000
v 77.495003 81.000000 -14.000000
v 77.495003 81.000000 -15.000000
v 47.000000 81.495003 -13.000000
v 47.000000 81.495003 -14.000000
v 48.000000 82.000000 -10.505000
v 47.505001 82.000000 -11.000000
v 47.505001 82.000000 -12.000000
v 47.505001 82.000000 -13.000000
v 47.505001 82.000000 -14.000000
v 47.505001 82.000000 -15.000000
v 48.000000 81.495003 -16.000000
v 48.000000 82.000000 -15.495000
v 49.000000 81.495003 -10.000000
v 49.000000 82.000000 -10.505000
v 48.505001 82.000000 -16.000000
v 48.505001 82.000000 -17.000000
v 49.000000 82.000000 -17.495001
v 50.000000 82.000000 -9.505000
v 49.505001 82.000000 -10.000000
v 50.000000 82.000000 -17.495001
v 51.000000 82.000000 -9.505000
v 51.000000 81.504997 -18.000000
v 50.505001 82.000000 -18.000000
v 51.000000 82.000000 -18.495001
v 52.000000 82.000000 -9.505000
v 52.000000 81.504997 -18.000000
v 52.000000 82.000000 -18.495001
v 52.494999 82.000000 -10.000000
v 53.000000 82.000000 -10.505000
v 53.000000 81.504997 -18.000000
v 53.000000 82.000000 -18.495001
v 53.494999 82.000000 -11.000000
v 54.000000 82.000000 -11.505000
v 54.000000 81.504997 -18.000000
v 54.000000 82.000000 -18.495001
v 54.494999 82.000000 -12.000000
v 55.000000 82.000000 -12.505000
v 55.000000 81.504997 -13.000000
v 55.000000 81.504997 -14.000000
v 55.000000 81.504997 -15.000000
v 55.000000 81.504997 -16.000000
v 55.000000 81.504997 -17.000000
v 55.000000 81.504997 -18.000000
v 55.000000 82.000000 -18.495001
v 55.494999 82.000000 -13.000000
v 56.000000 82.000000 -13.505000
v 56.000000 81.504997 -14.000000
v 56.000000 81.504997 -15.000000
v 56.000000 81.504997 -16.000000
v 56.000000 81.504997 -17.000000
v 56.000000 81.504997 -18.000000
v 56.000000 82.000000 -18.495001
v 56.494999 82.000000 -14.000000
v 57.000000 82.000000 -14.505000
v 57.000000 81.504997 -15.000000
v 57.000000 81.504997 -16.000000
v 57.000000 81.504997 -17.000000
v 57.000000 81.504997 -18.000000
v 57.000000 82.000000 -18.495001
v 57.494999 82.000000 -15.000000
v 58.000000 82.000000 -15.505000
v 58.000000 81.504997 -16.000000
v 58.000000 81.504997 -17.000000
v 58.000000 81.504997 -18.000000
v 58.000000 82.000000 -18.495001
v 59.000000 81.504997 -16.000000
v 59.000000 82.000000 -15.505000
v 59.000000 81.504997 -17.000000
v 59.000000 82.000000 -17.495001
v 58.494999 82.000000 -18.000000
v 60.000000 81.504997 -16.000000
v 60.000000 82.000000 -15.505000
v 60.000000 82.000000 -17.495001
v 61.000000 81.504997 -16.000000
v 61.000000 82.000000 -15.505000
v 61.000000 81.504997 -18.000000
v 60.505001 82.000000 -18.000000
v 61.000000 82.000000 -18.495001
v 62.000000 81.504997 -14.000000
v 61.505001 82.000000 -14.000000
v 62.000000 82.000000 -13.505000
v 62.000000 81.504997 -15.000000
v 61.505001 82.000000 -15.000000
v 62.000000 81.504997 -16.000000
v 62.000000 81.504997 -18.000000
v 62.000000 82.000000 -18.495001
v 63.000000 81.504997 -14.000000
v 63.000000 82.000000 -13.505000
v 63.000000 81.504997 -15.000000
v 63.000000 81.504997 -16.000000
v 63.000000 81.504997 -18.000000
v 63.000000 82.000000 -18.495001
v 64.000000 81.504997 -13.000000
v 63.505001 82.000000 -13.000000
v 64.000000 82.000000 -12.505000
v 64.000000 81.504997 -14.000000
v 64.000000 81.504997 -18.000000
v 64.000000 82.000000 -18.495001
v 65.000000 81.504997 -11.000000
v 64.504997 82.000000 -11.000000
v 65.000000 82.000000 -10.505000
v 65.000000 81.504997 -12.000000
v 64.504997 82.000000 -12.000000
v 65.000000 81.504997 -18.000000
v 65.000000 81.504997 -19.000000
v 64.504997 82.000000 -19.000000
v 65.000000 82.000000 -19.495001
v 66.000000 81.504997 -10.000000
v 65.504997 82.000000 -10.000000
v 66.000000 82.000000 -9.505000
v 66.000000 81.504997 -19.000000
v 66.000000 82.000000 -19.495001
v 67.000000 82.000000 -8.505000
v 66.504997 82.000000 -9.000000
v 67.000000 81.504997 -19.000000
v 67.000000 82.000000 -19.495001
v 68.000000 82.000000 -8.505000
v 68.000000 81.504997 -19.000000
v 68.000000 82.000000 -19.495001
v 69.000000 81.495003 -8.000000
v 69.000000 82.000000 -8.505000
v 69.000000 81.504997 -19.000000
v 69.000000 82.000000 -19.495001
v 70.000000 82.000000 -7.505000
v 69.504997 82.000000 -8.000000
v 70.000000 82.000000 -19.495001
v 71.000000 82.000000 -7.505000
v 71.000000 82.000000 -19.495001
v 72.000000 82.000000 -7.505000
v 72.000000 81.504997 -18.000000
v 72.000000 82.000000 -18.495001
v 71.495003 82.000000 -19.000000
v 73.000000 82.000000 -7.505000
v 73.000000 82.000000 -18.495001
v 74.000000 81.495003 -8.000000
v 73.495003 82.000000 -8.000000
v 74.000000 82.000000 -8.505000
v 74.000000 82.000000 -18.495001
v 75.000000 81.495003 -9.000000
v 74.495003 82.000000 -9.000000
v 75.000000 82.000000 -9.505000
v 75.000000 82.000000 -17.495001
v 74.495003 82.000000 -18.000000
v 76.000000 81.495003 -10.000000
v 75.495003 82.000000 -10.000000
v 76.000000 82.000000 -10.505000
v 76.000000 82.000000 -16.495001
v 75.495003 82.000000 -17.000000
v 76.495003 82.000000 -11.000000
v 76.495003 82.000000 -12.000000
v 77.000000 81.495003 -12.000000
v 77.000000 81.495003 -13.000000
v 76.495003 82.000000 -13.000000
v 77.000000 81.495003 -14.000000
v 76.495003 82.000000 -14.000000
v 77.000000 81.495003 -15.000000
v 76.495003 82.000000 -15.000000
v 76.495003 82.000000 -16.000000
v 48.000000 82.495003 -11.000000
v 48.000000 82.495003 -12.000000
v 47.505001 83.000000 -13.000000
v 48.000000 83.000000 -12.505000
v 47.505001 83.000000 -14.000000
v 47.505001 83.000000 -15.000000
v 48.000000 83.000000 -15.495000
v 49.000000 83.000000 -10.505000
v 48.505001 83.000000 -11.000000
v 48.505001 83.000000 -12.000000
v 48.505001 83.000000 -16.000000
v 49.000000 82.495003 -17.000000
v 49.000000 83.000000 -16.495001
v 50.000000 82.495003 -10.000000
v 50.000000 83.000000 -10.505000
v 49.505001 83.000000 -17.000000
v 50.000000 83.000000 -17.495001
v 51.000000 82.495003 -10.000000
v 51.000000 83.000000 -10.505000
v 50.505001 83.000000 -18.000000
v 51.000000 83.000000 -18.495001
v 52.000000 82.495003 -10.000000
v 52.000000 83.000000 -10.505000
v 52.000000 83.000000 -18.495001
v 53.000000 83.000000 -10.505000
v 53.000000 82.504997 -19.000000
v 52.505001 83.000000 -19.000000
v 53.000000 83.000000 -19.495001
v 53.494999 83.000000 -11.000000
v 54.000000 83.000000 -11.505000
v 54.000000 82.504997 -19.000000
v 54.000000 83.000000 -19.495001
v 54.494999 83.000000 -12.000000
v 55.000000 83.000000 -12.505000
v 55.000000 82.504997 -19.000000
v 55.000000 83.000000 -19.495001
v 56.000000 83.000000 -12.505000
v 56.000000 82.504997 -13.000000
v 56.000000 82.504997 -19.000000
v 56.000000 83.000000 -19.495001
v 56.494999 83.000000 -13.000000
v 57.000000 82.504997 -14.000000
v 57.000000 83.000000 -13.505000
v 57.000000 82.504997 -19.000000
v 57.000000 83.000000 -19.495001
v 58.000000 82.504997 -14.000000
v 58.000000 83.000000 -13.505000
v 58.000000 82.504997 -15.000000
v 58.000000 82.504997 -19.000000
v 58.000000 83.000000 -19.495001
v 59.000000 82.504997 -14.000000
v 59.000000 83.000000 -13.505000
v 59.000000 82.504997 -15.000000
v 59.000000 82.504997 -18.000000
v 59.000000 82.504997 -19.000000
v 59.000000 83.000000 -19.495001
v 60.000000 82.504997 -14.000000
v 60.000000 83.000000 -13.505000
v 60.000000 82.504997 -15.000000
v 60.000000 82.504997 -18.000000
v 60.000000 82.504997 -19.000000
v 60.000000 83.000000 -19.495001
v 61.000000 82.504997 -13.000000
v 60.505001 83.000000 -13.000000
v 61.000000 83.000000 -12.505000
v 61.000000 82.504997 -14.000000
v 61.000000 82.504997 -15.000000
v 61.000000 82.504997 -19.000000
v 61.000000 83.000000 -19.495001
v 62.000000 82.504997 -13.000000
v 62.000000 83.000000 -12.505000
v 62.000000 82.504997 -19.000000
v 62.000000 83.000000 -19.495001
v 63.000000 82.504997 -12.000000
v 62.505001 83.000000 -12.000000
v 63.000000 83.000000 -11.505000
v 63.000000 82.504997 -13.000000
v 63.000000 82.504997 -19.000000
v 63.000000 83.000000 -19.495001
v 64.000000 82.504997 -12.000000
v 64.000000 83.000000 -11.505000
v 64.000000 82.504997 -19.000000
v 64.000000 83.000000 -19.495001
v 65.000000 83.000000 -10.505000
v 64.504997 83.000000 -11.000000
v 65.000000 83.000000 -19.495001
v 66.000000 83.000000 -9.505000
v 65.504997 83.000000 -10.000000
v 66.000000 83.000000 -19.495001
v 67.000000 83.000000 -8.505000
v 66.504997 83.000000 -9.000000
v 67.000000 83.000000 -19.495001
v 68.000000 83.000000 -8.505000
v 68.000000 83.000000 -19.495001
v 69.000000 83.000000 -8.505000
v 69.000000 83.000000 -19.495001
v 70.000000 83.000000 -7.505000
v 69.504997 83.000000 -8.000000
v 70.000000 83.000000 -19.495001
v 71.000000 83.000000 -7.505000
v 71.000000 83.000000 -19.495001
v 72.000000 83.000000 -7.505000
v 72.000000 82.504997 -19.000000
v 72.000000 83.000000 -19.495001
v 73.000000 82.495003 -8.000000
v 72.495003 83.000000 -8.000000
v 73.000000 83.000000 -8.505000
v 73.000000 83.000000 -18.495001
v 72.495003 83.000000 -19.000000
v 74.000000 83.000000 -8.505000
v 74.000000 82.495003 -18.000000
v 74.000000 83.000000 -17.495001
v 73.495003 83.000000 -18.000000
v 74.495003 83.000000 -9.000000
v 74.495003 83.000000 -10.000000
v 75.000000 82.495003 -10.000000
v 75.000000 83.000000 -10.505000
v 75.000000 83.000000 -17.495001
v 76.000000 82.495003 -11.000000
v 75.495003 83.000000 -11.000000
v 76.000000 83.000000 -11.505000
v 76.000000 82.495003 -16.000000
v 76.000000 83.000000 -15.495000
v 75.495003 83.000000 -16.000000
v 75.495003 83.000000 -17.000000
v 76.495003 83.000000 -12.000000
v 76.495003 83.000000 -13.000000
v 76.495003 83.000000 -14.000000
v 76.495003 83.000000 -15.000000
v 48.000000 83.495003 -13.000000
v 48.000000 83.495003 -14.000000
v 48.000000 83.495003 -15.000000
v 49.000000 83.495003 -11.000000
v 48.505001 84.000000 -12.000000
v 49.000000 84.000000 -11.505000
v 48.505001 84.000000 -13.000000
v 48.505001 84.000000 -14.000000
v 48.505001 84.000000 -15.000000
v 48.505001 84.000000 -16.000000
v 49.000000 84.000000 -16.495001
v 50.000000 84.000000 -10.505000
v 49.505001 84.000000 -11.000000
v 49.505001 84.000000 -17.000000
v 50.000000 84.000000 -17.495001
v 51.000000 84.000000 -10.505000
v 50.505001 84.000000 -18.000000
v 51.000000 84.000000 -18.495001
v 52.000000 84.000000 -10.505000
v 52.000000 84.000000 -18.495001
v 53.000000 84.000000 -10.505000
v 52.505001 84.000000 -19.000000
v 53.000000 84.000000 -19.495001
v 53.494999 84.000000 -11.000000
v 54.000000 84.000000 -11.505000
v 54.000000 84.000000 -19.495001
v 55.000000 84.000000 -11.505000
v 55.000000 83.504997 -12.000000
v 55.000000 83.504997 -20.000000
v 54.505001 84.000000 -20.000000
v 55.000000 84.000000 -20.495001
v 55.494999 84.000000 -12.000000
v 56.000000 84.000000 -12.505000
v 56.000000 83.504997 -20.000000
v 56.000000 84.000000 -20.495001
v 57.000000 84.000000 -12.505000
v 57.000000 83.504997 -13.000000
v 57.000000 83.504997 -20.000000
v 57.000000 84.000000 -20.495001
v 58.000000 83.504997 -13.000000
v 58.000000 84.000000 -12.505000
v 58.000000 83.504997 -20.000000
v 58.000000 84.000000 -20.495001
v 59.000000 83.504997 -13.000000
v 59.000000 84.000000 -12.505000
v 59.000000 83.504997 -20.000000
v 59.000000 84.000000 -20.495001
v 60.000000 83.504997 -13.000000
v 60.000000 84.000000 -12.505000
v 60.000000 83.504997 -20.000000
v 60.000000 84.000000 -20.495001
v 61.000000 84.000000 -12.505000
v 61.000000 83.504997 -20.000000
v 61.000000 84.000000 -20.495001
v 62.000000 83.504997 -12.000000
v 61.505001 84.000000 -12.000000
v 62.000000 84.000000 -11.505000
v 62.000000 83.504997 -20.000000
v 62.000000 84.000000 -20.495001
v 63.000000 84.000000 -11.505000
v 63.000000 83.504997 -20.000000
v 63.000000 84.000000 -20.495001
v 64.000000 83.504997 -11.000000
v 63.505001 84.000000 -11.000000
v 64.000000 84.000000 -10.505000
v 64.000000 83.504997 -20.000000
v 64.000000 84.000000 -20.495001
v 65.000000 84.000000 -10.505000
v 65.000000 83.504997 -20.000000
v 65.000000 84.000000 -20.495001
v 66.000000 84.000000 -9.505000
v 65.504997 84.000000 -10.000000
v 66.000000 83.504997 -20.000000
v 66.000000 84.000000 -20.495001
v 67.000000 83.495003 -9.000000
v 67.000000 84.000000 -9.505000
v 67.000000 83.504997 -20.000000
v 67.000000 84.000000 -20.495001
v 68.000000 84.000000 -8.505000
v 67.504997 84.000000 -9.000000
v 68.000000 83.495003 -19.000000
v 68.000000 84.000000 -18.495001
v 67.495003 84.000000 -19.000000
v 67.495003 84.000000 -20.000000
v 69.000000 84.000000 -8.505000
v 68.504997 84.000000 -19.000000
v 69.000000 84.000000 -19.495001
v 70.000000 83.495003 -8.000000
v 70.000000 84.000000 -8.505000
v 70.000000 84.000000 -19.495001
v 71.000000 83.495003 -8.000000
v 71.000000 84.000000 -8.505000
v 71.000000 84.000000 -19.495001
v 72.000000 83.495003 -8.000000
v 72.000000 84.000000 -8.505000
v 72.000000 83.495003 -19.000000
v 72.000000 84.000000 -18.495001
v 71.495003 84.000000 -19.000000
v 73.000000 84.000000 -8.505000
v 73.000000 84.000000 -18.495001
v 74.000000 83.495003 -9.000000
v 73.495003 84.000000 -9.000000
v 74.000000 84.000000 -9.505000
v 74.000000 84.000000 -17.495001
v 73.495003 84.000000 -18.000000
v 74.495003 84.000000 -10.000000
v 74.495003 84.000000 -11.000000
v 75.000000 83.495003 -11.000000
v 75.000000 84.000000 -11.505000
v 75.000000 83.495003 -17.000000
v 75.000000 84.000000 -16.495001
v 74.495003 84.000000 -17.000000
v 76.000000 83.495003 -12.000000
v 75.495003 84.000000 -12.000000
v 76.000000 83.495003 -13.000000
v 75.495003 84.000000 -13.000000
v 76.000000 83.495003 -14.000000
v 75.495003 84.000000 -14.000000
v 76.000000 83.495003 -15.000000
v 75.495003 84.000000 -15.000000
v 75.495003 84.000000 -16.000000
v 49.000000 84.495003 -12.000000
v 49.000000 84.495003 -13.000000
v 48.505001 85.000000 -14.000000
v 49.000000 85.000000 -13.505000
v 49.000000 84.495003 -15.000000
v 49.000000 85.000000 -14.495000
v 49.000000 84.495003 -16.000000
v 50.000000 84.495003 -11.000000
v 50.000000 85.000000 -11.505000
v 49.505001 85.000000 -12.000000
v 49.505001 85.000000 -13.000000
v 49.505001 85.000000 -15.000000
v 49.505001 85.000000 -16.000000
v 49.505001 85.000000 -17.000000
v 50.000000 85.000000 -17.495001
v 51.000000 84.495003 -11.000000
v 51.000000 85.000000 -11.505000
v 50.505001 85.000000 -18.000000
v 51.000000 85.000000 -18.495001
v 52.000000 84.495003 -11.000000
v 52.000000 85.000000 -11.505000
v 52.000000 85.000000 -18.495001
v 53.000000 84.495003 -11.000000
v 53.000000 85.000000 -11.505000
v 52.505001 85.000000 -19.000000
v 53.000000 85.000000 -19.495001
v 54.000000 85.000000 -11.505000
v 54.000000 85.000000 -19.495001
v 55.000000 85.000000 -11.505000
v 54.505001 85.000000 -20.000000
v 55.000000 85.000000 -20.495001
v 56.000000 85.000000 -11.505000
v 56.000000 84.504997 -12.000000
v 56.000000 85.000000 -20.495001
v 56.494999 85.000000 -12.000000
v 57.000000 85.000000 -12.505000
v 57.000000 85.000000 -20.495001
v 58.000000 85.000000 -12.505000
v 58.000000 85.000000 -20.495001
v 59.000000 85.000000 -12.505000
v 59.000000 85.000000 -20.495001
v 60.000000 85.000000 -12.505000
v 60.000000 85.000000 -20.495001
v 61.000000 84.504997 -12.000000
v 60.505001 85.000000 -12.000000
v 61.000000 85.000000 -11.505000
v 61.000000 85.000000 -20.495001
v 62.000000 85.000000 -11.505000
v 62.000000 85.000000 -20.495001
v 63.000000 85.000000 -11.505000
v 63.000000 85.000000 -20.495001
v 64.000000 85.000000 -10.505000
v 63.505001 85.000000 -11.000000
v 64.000000 85.000000 -20.495001
v 65.000000 85.000000 -10.505000
v 65.000000 85.000000 -20.495001
v 66.000000 85.000000 -9.505000
v 65.504997 85.000000 -10.000000
v 66.000000 84.495003 -19.000000
v 66.000000 85.000000 -18.495001
v 65.495003 85.000000 -19.000000
v 66.000000 84.495003 -20.000000
v 65.495003 85.000000 -20.000000
v 67.000000 85.000000 -9.505000
v 66.504997 85.000000 -19.000000
v 66.504997 85.000000 -20.000000
v 67.000000 85.000000 -20.495001
v 68.000000 85.000000 -8.505000
v 67.504997 85.000000 -9.000000
v 68.000000 84.504997 -19.000000
v 68.000000 85.000000 -19.495001
v 67.495003 85.000000 -20.000000
v 69.000000 85.000000 -8.505000
v 69.000000 85.000000 -19.495001
v 70.000000 85.000000 -8.505000
v 70.000000 85.000000 -19.495001
v 71.000000 85.000000 -8.505000
v 71.000000 84.495003 -19.000000
v 71.000000 85.000000 -18.495001
v 70.495003 85.000000 -19.000000
v 72.000000 85.000000 -8.505000
v 72.000000 85.000000 -18.495001
v 73.000000 84.495003 -9.000000
v 72.495003 85.000000 -9.000000
v 73.000000 85.000000 -9.505000
v 73.000000 84.495003 -18.000000
v 73.000000 85.000000 -17.495001
v 72.495003 85.000000 -18.000000
v 74.000000 84.495003 -10.000000
v 73.495003 85.000000 -10.000000
v 74.000000 85.000000 -10.505000
v 74.000000 84.495003 -17.000000
v 74.000000 85.000000 -16.495001
v 73.495003 85.000000 -17.000000
v 74.495003 85.000000 -11.000000
v 74.495003 85.000000 -12.000000
v 75.000000 84.495003 -12.000000
v 75.000000 84.495003 -13.000000
v 74.495003 85.000000 -13.000000
v 75.000000 84.495003 -14.000000
v 74.495003 85.000000 -14.000000
v 75.000000 84.495003 -15.000000
v 74.495003 85.000000 -15.000000
v 75.000000 84.495003 -16.000000
v 74.495003 85.000000 -16.000000
v 49.000000 85.495003 -14.000000
v 50.000000 85.495003 -12.000000
v 49.505001 86.000000 -13.000000
v 50.000000 86.000000 -12.505000
v 49.505001 86.000000 -14.000000
v 49.505001 86.000000 -15.000000
v 50.000000 85.495003 -16.000000
v 50.000000 86.000000 -15.495000
v 50.000000 85.495003 -17.000000
v 51.000000 85.495003 -12.000000
v 51.000000 86.000000 -12.505000
v 50.505001 86.000000 -16.000000
v 50.505001 86.000000 -17.000000
v 51.000000 85.495003 -18.000000
v 51.000000 86.000000 -17.495001
v 52.000000 86.000000 -11.505000
v 51.505001 86.000000 -12.000000
v 51.505001 86.000000 -18.000000
v 52.000000 86.000000 -18.495001
v 53.000000 86.000000 -11.505000
v 53.000000 85.495003 -19.000000
v 53.000000 86.000000 -18.495001
v 54.000000 86.000000 -11.505000
v 53.505001 86.000000 -19.000000
v 54.000000 86.000000 -19.495001
v 55.000000 86.000000 -11.505000
v 55.000000 85.495003 -20.000000
v 55.000000 86.000000 -19.495001
v 56.000000 86.000000 -11.505000
v 55.505001 86.000000 -20.000000
v 56.000000 86.000000 -20.495001
v 56.494999 86.000000 -12.000000
v 57.000000 86.000000 -12.505000
v 57.000000 86.000000 -20.495001
v 58.000000 86.000000 -12.505000
v 58.000000 86.000000 -20.495001
v 59.000000 85.504997 -12.000000
v 58.505001 86.000000 -12.000000
v 59.000000 86.000000 -11.505000
v 59.000000 86.000000 -20.495001
v 60.000000 85.504997 -12.000000
v 60.000000 86.000000 -11.505000
v 60.000000 86.000000 -20.495001
v 61.000000 86.000000 -11.505000
v 61.000000 85.504997 -21.000000
v 60.505001 86.000000 -21.000000
v 61.000000 86.000000 -21.495001
v 62.000000 86.000000 -11.505000
v 62.000000 86.000000 -20.495001
v 61.494999 86.000000 -21.000000
v 63.000000 85.504997 -11.000000
v 62.505001 86.000000 -11.000000
v 63.000000 86.000000 -10.505000
v 63.000000 86.000000 -20.495001
v 64.000000 86.000000 -10.505000
v 64.000000 86.000000 -20.495001
v 65.000000 86.000000 -10.505000
v 65.000000 86.000000 -20.495001
v 66.000000 86.000000 -9.505000
v 65.504997 86.000000 -10.000000
v 66.000000 85.504997 -19.000000
v 66.000000 86.000000 -19.495001
v 65.495003 86.000000 -20.000000
v 67.000000 86.000000 -9.505000
v 67.000000 85.495003 -20.000000
v 67.000000 86.000000 -19.495001
v 68.000000 85.495003 -9.000000
v 68.000000 86.000000 -9.505000
v 68.000000 86.000000 -19.495001
v 69.000000 85.495003 -9.000000
v 69.000000 86.000000 -9.505000
v 69.000000 86.000000 -19.495001
v 70.000000 86.000000 -8.505000
v 69.504997 86.000000 -9.000000
v 70.000000 86.000000 -19.495001
v 71.000000 85.495003 -9.000000
v 70.495003 86.000000 -9.000000
v 71.000000 86.000000 -9.505000
v 71.000000 86.000000 -18.495001
v 70.495003 86.000000 -19.000000
v 72.000000 85.495003 -9.000000
v 72.000000 86.000000 -9.505000
v 72.000000 85.495003 -18.000000
v 72.000000 86.000000 -17.495001
v 71.495003 86.000000 -18.000000
v 73.000000 85.495003 -10.000000
v 72.495003 86.000000 -10.000000
v 73.000000 86.000000 -10.505000
v 73.000000 85.495003 -17.000000
v 73.000000 86.000000 -16.495001
v 72.495003 86.000000 -17.000000
v 74.000000 85.495003 -11.000000
v 73.495003 86.000000 -11.000000
v 74.000000 86.000000 -11.505000
v 74.000000 85.495003 -16.000000
v 74.000000 86.000000 -15.495000
v 73.495003 86.000000 -16.000000
v 74.495003 86.000000 -12.000000
v 74.495003 86.000000 -13.000000
v 74.495003 86.000000 -14.000000
v 74.495003 86.000000 -15.000000
v 50.000000 86.495003 -13.000000
v 50.000000 86.495003 -14.000000
v 50.000000 86.495003 -15.000000
v 51.000000 86.495003 -13.000000
v 50.505001 87.000000 -14.000000
v 51.000000 87.000000 -13.505000
v 50.505001 87.000000 -15.000000
v 50.505001 87.000000 -16.000000
v 51.000000 86.495003 -17.000000
v 51.000000 87.000000 -16.495001
v 52.000000 86.495003 -12.000000
v 52.000000 87.000000 -12.505000
v 51.505001 87.000000 -13.000000
v 51.505001 87.000000 -17.000000
v 52.000000 86.495003 -18.000000
v 52.000000 87.000000 -17.495001
v 53.000000 86.495003 -12.000000
v 53.000000 87.000000 -12.505000
v 52.505001 87.000000 -18.000000
v 53.000000 87.000000 -18.495001
v 54.000000 86.495003 -12.000000
v 54.000000 87.000000 -12.505000
v 53.505001 87.000000 -19.000000
v 54.000000 87.000000 -19.495001
v 55.000000 86.495003 -12.000000
v 55.000000 87.000000 -12.505000
v 55.000000 87.000000 -19.495001
v 56.000000 86.495003 -12.000000
v 56.000000 87.000000 -12.505000
v 55.505001 87.000000 -20.000000
v 56.000000 87.000000 -20.495001
v 57.000000 87.000000 -12.505000
v 57.000000 87.000000 -20.495001
v 58.000000 87.000000 -12.505000
v 58.000000 87.000000 -20.495001
v 59.000000 87.000000 -11.505000
v 58.505001 87.000000 -12.000000
v 59.000000 87.000000 -20.495001
v 60.000000 87.000000 -11.505000
v 60.000000 87.000000 -20.495001
v 61.000000 87.000000 -11.505000
v 61.000000 86.495003 -21.000000
v 61.000000 87.000000 -20.495001
v 62.000000 87.000000 -11.505000
v 62.000000 86.504997 -21.000000
v 61.505001 87.000000 -21.000000
v 62.000000 87.000000 -21.495001
v 63.000000 87.000000 -10.505000
v 62.505001 87.000000 -11.000000
v 63.000000 87.000000 -20.495001
v 62.494999 87.000000 -21.000000
v 64.000000 87.000000 -10.505000
v 64.000000 87.000000 -20.495001
v 65.000000 87.000000 -10.505000
v 65.000000 87.000000 -20.495001
v 66.000000 86.495003 -10.000000
v 66.000000 87.000000 -10.505000
v 66.000000 87.000000 -19.495001
v 65.495003 87.000000 -20.000000
v 67.000000 87.000000 -9.505000
v 66.504997 87.000000 -10.000000
v 67.000000 87.000000 -19.495001
v 68.000000 87.000000 -9.505000
v 68.000000 87.000000 -19.495001
v 69.000000 87.000000 -9.505000
v 69.000000 86.495003 -19.000000
v 69.000000 87.000000 -18.495001
v 68.495003 87.000000 -19.000000
v 70.000000 86.495003 -9.000000
v 70.000000 87.000000 -9.505000
v 70.000000 86.495003 -19.000000
v 70.000000 87.000000 -18.495001
v 71.000000 87.000000 -9.505000
v 71.000000 87.000000 -18.495001
v 72.000000 86.495003 -10.000000
v 71.495003 87.000000 -10.000000
v 72.000000 87.000000 -10.505000
v 72.000000 87.000000 -17.495001
v 71.495003 87.000000 -18.000000
v 73.000000 86.495003 -11.000000
v 72.495003 87.000000 -11.000000
v 73.000000 87.000000 -11.505000
v 73.000000 87.000000 -16.495001
v 72.495003 87.000000 -17.000000
v 74.000000 86.495003 -12.000000
v 73.495003 87.000000 -12.000000
v 74.000000 86.495003 -13.000000
v 73.495003 87.000000 -13.000000
v 74.000000 86.495003 -14.000000
v 73.495003 87.000000 -14.000000
v 74.000000 86.495003 -15.000000
v 73.495003 87.000000 -15.000000
v 73.495003 87.000000 -16.000000
v 51.000000 87.495003 -14.000000
v 51.000000 87.495003 -15.000000
v 51.000000 87.495003 -16.000000
v 52.000000 87.495003 -13.000000
v 52.000000 87.495003 -14.000000
v 52.000000 87.495003 -15.000000
v 52.000000 87.495003 -16.000000
v 52.000000 87.495003 -17.000000
v 53.000000 87.495003 -13.000000
v 52.505001 88.000000 -14.000000
v 53.000000 88.000000 -13.505000
v 52.505001 88.000000 -15.000000
v 52.505001 88.000000 -16.000000
v 53.000000 87.495003 -17.000000
v 53.000000 88.000000 -16.495001
v 53.000000 87.495003 -18.000000
v 54.000000 88.000000 -12.505000
v 53.505001 88.000000 -13.000000
v 53.505001 88.000000 -17.000000
v 54.000000 87.495003 -18.000000
v 54.000000 88.000000 -17.495001
v 54.000000 87.495003 -19.000000
v 55.000000 88.000000 -12.505000
v 54.505001 88.000000 -18.000000
v 55.000000 87.495003 -19.000000
v 55.000000 88.000000 -18.495001
v 56.000000 88.000000 -12.505000
v 55.505001 88.000000 -19.000000
v 56.000000 87.495003 -20.000000
v 56.000000 88.000000 -19.495001
v 57.000000 88.000000 -12.505000
v 57.000000 87.495003 -20.000000
v 57.000000 88.000000 -19.495001
v 58.000000 88.000000 -12.505000
v 58.000000 87.495003 -20.000000
v 58.000000 88.000000 -19.495001
v 59.000000 87.495003 -12.000000
v 59.000000 88.000000 -12.505000
v 58.505001 88.000000 -20.000000
v 59.000000 88.000000 -20.495001
v 60.000000 88.000000 -11.505000
v 59.505001 88.000000 -12.000000
v 60.000000 88.000000 -20.495001
v 61.000000 88.000000 -11.505000
v 61.000000 88.000000 -20.495001
v 62.000000 88.000000 -11.505000
v 62.000000 87.495003 -21.000000
v 62.000000 88.000000 -20.495001
v 63.000000 87.495003 -11.000000
v 63.000000 88.000000 -11.505000
v 63.000000 88.000000 -20.495001
v 64.000000 87.495003 -11.000000
v 64.000000 88.000000 -11.505000
v 64.000000 88.000000 -20.495001
v 65.000000 87.495003 -11.000000
v 65.000000 88.000000 -11.505000
v 65.000000 87.495003 -20.000000
v 65.000000 88.000000 -19.495001
v 64.495003 88.000000 -20.000000
v 66.000000 88.000000 -10.505000
v 65.504997 88.000000 -11.000000
v 66.000000 88.000000 -19.495001
v 67.000000 87.495003 -10.000000
v 67.000000 88.000000 -10.505000
v 67.000000 87.495003 -19.000000
v 67.000000 88.000000 -18.495001
v 66.495003 88.000000 -19.000000
v 68.000000 87.495003 -10.000000
v 68.000000 88.000000 -10.505000
v 68.000000 87.495003 -18.000000
v 68.000000 88.000000 -17.495001
v 67.495003 88.000000 -18.000000
v 68.000000 87.495003 -19.000000
v 69.000000 87.495003 -10.000000
v 69.000000 88.000000 -10.505000
v 68.504997 88.000000 -18.000000
v 69.000000 88.000000 -18.495001
v 70.000000 87.495003 -10.000000
v 70.000000 88.000000 -10.505000
v 70.000000 88.000000 -18.495001
v 71.000000 87.495003 -10.000000
v 70.495003 88.000000 -11.000000
v 71.000000 87.495003 -11.000000
v 71.000000 88.000000 -11.505000
v 71.000000 88.000000 -18.495001
v 72.000000 87.495003 -11.000000
v 72.000000 88.000000 -11.505000
v 72.000000 87.495003 -17.000000
v 72.000000 88.000000 -16.495001
v 71.495003 88.000000 -17.000000
v 71.495003 88.000000 -18.000000
v 73.000000 87.495003 -12.000000
v 72.495003 88.000000 -12.000000
v 73.000000 87.495003 -13.000000
v 72.495003 88.000000 -13.000000
v 73.000000 88.000000 -13.505000
v 73.000000 87.495003 -15.000000
v 73.000000 88.000000 -14.495000
v 72.495003 88.000000 -15.000000
v 73.000000 87.495003 -16.000000
v 72.495003 88.000000 -16.000000
v 73.495003 88.000000 -14.000000
v 53.000000 88.495003 -14.000000
v 53.000000 88.495003 -15.000000
v 53.000000 88.495003 -16.000000
v 54.000000 88.495003 -13.000000
v 54.000000 88.495003 -14.000000
v 54.000000 88.495003 -15.000000
v 54.000000 88.495003 -16.000000
v 54.000000 88.495003 -17.000000
v 55.000000 88.495003 -13.000000
v 55.000000 88.495003 -14.000000
v 55.000000 88.495003 -15.000000
v 55.000000 88.495003 -16.000000
v 55.000000 88.495003 -17.000000
v 55.000000 88.495003 -18.000000
v 56.000000 88.495003 -13.000000
v 56.000000 88.495003 -14.000000
v 56.000000 88.495003 -15.000000
v 56.000000 88.495003 -16.000000
v 56.000000 88.495003 -17.000000
v 56.000000 88.495003 -18.000000
v 56.000000 88.495003 -19.000000
v 57.000000 88.495003 -13.000000
v 57.000000 88.495003 -14.000000
v 57.000000 88.495003 -15.000000
v 56.505001 89.000000 -16.000000
v 57.000000 89.000000 -15.505000
v 56.505001 89.000000 -17.000000
v 57.000000 88.495003 -18.000000
v 57.000000 89.000000 -17.495001
v 57.000000 88.495003 -19.000000
v 58.000000 89.000000 -12.505000
v 57.505001 89.000000 -13.000000
v 57.505001 89.000000 -14.000000
v 58.000000 88.495003 -15.000000
v 58.000000 89.000000 -14.495000
v 58.000000 89.000000 -15.505000
v 57.505001 89.000000 -18.000000
v 58.000000 88.495003 -19.000000
v 58.000000 89.000000 -18.495001
v 59.000000 89.000000 -12.505000
v 58.505001 89.000000 -15.000000
v 58.505001 89.000000 -19.000000
v 59.000000 88.495003 -20.000000
v 59.000000 89.000000 -19.495001
v 60.000000 88.495003 -12.000000
v 60.000000 89.000000 -12.505000
v 59.505001 89.000000 -20.000000
v 60.000000 89.000000 -20.495001
v 61.000000 88.495003 -12.000000
v 61.000000 89.000000 -12.505000
v 61.000000 88.495003 -20.000000
v 61.000000 89.000000 -19.495001
v 60.494999 89.000000 -20.000000
v 62.000000 88.495003 -12.000000
v 62.000000 89.000000 -12.505000
v 62.000000 88.495003 -20.000000
v 62.000000 89.000000 -19.495001
v 63.000000 89.000000 -11.505000
v 62.505001 89.000000 -12.000000
v 63.000000 88.495003 -20.000000
v 63.000000 89.000000 -19.495001
v 64.000000 89.000000 -11.505000
v 64.000000 88.495003 -20.000000
v 64.000000 89.000000 -19.495001
v 65.000000 89.000000 -11.505000
v 65.000000 88.495003 -19.000000
v 65.000000 89.000000 -18.495001
v 64.495003 89.000000 -19.000000
v 66.000000 88.495003 -11.000000
v 66.000000 89.000000 -11.505000
v 66.000000 88.495003 -18.000000
v 66.000000 89.000000 -17.495001
v 65.495003 89.000000 -18.000000
v 66.000000 88.495003 -19.000000
v 67.000000 88.495003 -11.000000
v 67.000000 89.000000 -11.505000
v 67.000000 88.495003 -18.000000
v 67.000000 89.000000 -17.495001
v 68.000000 88.495003 -11.000000
v 68.000000 89.000000 -11.505000
v 68.000000 89.000000 -17.495001
v 69.000000 88.495003 -11.000000
v 69.000000 89.000000 -11.505000
v 69.000000 88.495003 -18.000000
v 69.000000 89.000000 -17.495001
v 70.000000 88.495003 -11.000000
v 70.000000 89.000000 -11.505000
v 69.504997 89.000000 -18.000000
v 70.000000 89.000000 -18.495001
v 71.000000 88.495003 -12.000000
v 70.495003 89.000000 -12.000000
v 71.000000 89.000000 -12.505000
v 71.000000 88.495003 -18.000000
v 71.000000 89.000000 -17.495001
v 70.495003 89.000000 -18.000000
v 72.000000 88.495003 -12.000000
v 71.495003 89.000000 -13.000000
v 72.000000 88.495003 -13.000000
v 72.000000 89.000000 -13.505000
v 72.000000 88.495003 -16.000000
v 72.000000 89.000000 -15.495000
v 71.495003 89.000000 -16.000000
v 71.495003 89.000000 -17.000000
v 73.000000 88.495003 -14.000000
v 72.495003 89.000000 -14.000000
v 72.495003 89.000000 -15.000000
v 57.000000 89.504997 -15.000000
v 56.505001 90.000000 -15.000000
v 57.000000 90.000000 -14.505000
v 57.000000 89.495003 -16.000000
v 57.000000 90.000000 -15.495000
v 57.000000 89.495003 -17.000000
v 58.000000 89.495003 -13.000000
v 58.000000 89.495003 -14.000000
v 58.000000 89.504997 -15.000000
v 58.000000 90.000000 -14.505000
v 57.505001 90.000000 -16.000000
v 57.505001 90.000000 -17.000000
v 57.505001 90.000000 -18.000000
v 58.000000 90.000000 -18.495001
v 59.000000 89.495003 -13.000000
v 59.000000 89.495003 -14.000000
v 59.000000 90.000000 -14.505000
v 58.505001 90.000000 -19.000000
v 59.000000 90.000000 -19.495001
v 60.000000 89.495003 -13.000000
v 59.505001 90.000000 -14.000000
v 60.000000 90.000000 -13.505000
v 60.000000 89.495003 -20.000000
v 60.000000 90.000000 -19.495001
v 61.000000 89.495003 -13.000000
v 61.000000 90.000000 -13.505000
v 61.000000 90.000000 -19.495001
v 62.000000 90.000000 -12.505000
v 61.505001 90.000000 -13.000000
v 62.000000 90.000000 -19.495001
v 63.000000 89.495003 -12.000000
v 63.000000 90.000000 -12.505000
v 63.000000 89.495003 -19.000000
v 63.000000 90.000000 -18.495001
v 62.494999 90.000000 -19.000000
v 64.000000 89.495003 -12.000000
v 64.000000 90.000000 -12.505000
v 64.000000 89.495003 -19.000000
v 64.000000 90.000000 -18.495001
v 65.000000 89.495003 -12.000000
v 65.000000 90.000000 -12.505000
v 65.000000 90.000000 -18.495001
v 66.000000 89.495003 -12.000000
v 66.000000 90.000000 -12.505000
v 66.000000 89.495003 -17.000000
v 66.000000 90.000000 -16.495001
v 65.495003 90.000000 -17.000000
v 65.495003 90.000000 -18.000000
v 67.000000 89.495003 -12.000000
v 67.000000 90.000000 -12.505000
v 67.000000 89.495003 -16.000000
v 67.000000 90.000000 -15.495000
v 66.495003 90.000000 -16.000000
v 67.000000 89.495003 -17.000000
v 68.000000 89.495003 -12.000000
v 68.000000 90.000000 -12.505000
v 67.504997 90.000000 -16.000000
v 68.000000 89.495003 -17.000000
v 68.000000 90.000000 -16.495001
v 69.000000 90.000000 -11.505000
v 68.504997 90.000000 -12.000000
v 68.504997 90.000000 -17.000000
v 69.000000 90.000000 -17.495001
v 70.000000 89.495003 -12.000000
v 69.495003 90.000000 -12.000000
v 70.000000 90.000000 -12.505000
v 70.000000 89.495003 -18.000000
v 70.000000 90.000000 -17.495001
v 71.000000 89.495003 -13.000000
v 70.495003 90.000000 -13.000000
v 71.000000 90.000000 -13.505000
v 71.000000 90.000000 -17.495001
v 72.000000 89.495003 -14.000000
v 71.495003 90.000000 -14.000000
v 72.000000 89.495003 -15.000000
v 71.495003 90.000000 -15.000000
v 71.495003 90.000000 -16.000000
v 71.495003 90.000000 -17.000000
v 57.000000 90.495003 -15.000000
v 58.000000 90.495003 -15.000000
v 58.000000 90.495003 -16.000000
v 57.505001 91.000000 -17.000000
v 58.000000 91.000000 -16.504999
v 57.505001 91.000000 -18.000000
v 58.000000 91.000000 -18.495001
v 59.000000 91.000000 -14.505000
v 58.505001 91.000000 -15.000000
v 58.505001 91.000000 -16.000000
v 58.505001 91.000000 -19.000000
v 59.000000 91.000000 -19.495001
v 60.000000 90.495003 -14.000000
v 60.000000 91.000000 -14.505000
v 60.000000 91.000000 -19.495001
v 61.000000 90.495003 -14.000000
v 60.494999 91.000000 -15.000000
v 61.000000 90.495003 -15.000000
v 61.000000 91.000000 -15.505000
v 61.000000 90.495003 -18.000000
v 61.000000 91.000000 -17.495001
v 60.494999 91.000000 -18.000000
v 61.000000 90.495003 -19.000000
v 60.494999 91.000000 -19.000000
v 62.000000 90.495003 -13.000000
v 62.000000 90.495003 -14.000000
v 62.000000 90.495003 -15.000000
v 61.494999 91.000000 -16.000000
v 62.000000 90.495003 -16.000000
v 62.000000 90.495003 -17.000000
v 61.494999 91.000000 -17.000000
v 62.000000 90.495003 -18.000000
v 62.000000 90.495003 -19.000000
v 63.000000 90.495003 -13.000000
v 63.000000 90.495003 -14.000000
v 63.000000 90.495003 -15.000000
v 62.505001 91.000000 -16.000000
v 63.000000 91.000000 -15.505000
v 63.000000 90.495003 -17.000000
v 63.000000 91.000000 -16.495001
v 63.000000 90.495003 -18.000000
v 64.000000 90.495003 -13.000000
v 64.000000 90.495003 -14.000000
v 64.000000 90.495003 -15.000000
v 64.000000 91.000000 -15.505000
v 63.505001 91.000000 -17.000000
v 64.000000 90.495003 -18.000000
v 64.000000 91.000000 -17.495001
v 65.000000 90.495003 -13.000000
v 65.000000 90.495003 -14.000000
v 64.504997 91.000000 -15.000000
v 65.000000 91.000000 -14.505000
v 65.000000 90.495003 -18.000000
v 65.000000 91.000000 -17.495001
v 66.000000 90.495003 -13.000000
v 66.000000 90.495003 -14.000000
v 65.495003 91.000000 -15.000000
v 66.000000 90.495003 -15.000000
v 66.000000 90.495003 -16.000000
v 65.495003 91.000000 -16.000000
v 65.495003 91.000000 -17.000000
v 67.000000 90.495003 -13.000000
v 67.000000 90.495003 -14.000000
v 67.000000 90.495003 -15.000000
v 68.000000 91.000000 -12.505000
v 67.504997 91.000000 -13.000000
v 67.504997 91.000000 -14.000000
v 67.504997 91.000000 -15.000000
v 68.000000 90.495003 -16.000000
v 68.000000 91.000000 -15.495000
v 69.000000 90.495003 -12.000000
v 69.000000 91.000000 -12.505000
v 69.000000 90.495003 -16.000000
v 69.000000 91.000000 -15.495000
v 68.504997 91.000000 -17.000000
v 69.000000 91.000000 -16.504999
v 69.000000 91.000000 -17.495001
v 70.000000 91.000000 -12.505000
v 70.000000 90.495003 -16.000000
v 70.000000 91.000000 -15.495000
v 70.000000 91.000000 -16.504999
v 70.000000 91.000000 -17.495001
v 70.495003 91.000000 -13.000000
v 70.495003 91.000000 -14.000000
v 71.000000 90.495003 -14.000000
v 71.000000 91.000000 -14.505000
v 71.000000 90.495003 -16.000000
v 71.000000 91.000000 -15.495000
v 71.000000 91.000000 -16.504999
v 71.000000 91.000000 -17.495001
v 71.495003 91.000000 -15.000000
v 71.495003 91.000000 -17.000000
v 58.000000 91.504997 -16.000000
v 57.505001 92.000000 -16.000000
v 58.000000 92.000000 -15.505000
v 57.505001 92.000000 -17.000000
v 57.505001 92.000000 -18.000000
v 58.000000 92.000000 -18.495001
v 59.000000 91.495003 -15.000000
v 59.000000 92.000000 -15.505000
v 59.000000 91.495003 -19.000000
v 59.000000 92.000000 -18.495001
v 60.000000 91.495003 -15.000000
v 59.494999 92.000000 -16.000000
v 60.000000 91.495003 -16.000000
v 60.000000 91.495003 -17.000000
v 59.494999 92.000000 -17.000000
v 60.000000 92.000000 -17.504999
v 60.000000 91.495003 -19.000000
v 60.000000 92.000000 -18.495001
v 61.000000 91.495003 -16.000000
v 61.000000 91.495003 -17.000000
v 60.494999 92.000000 -18.000000
v 63.000000 92.000000 -15.505000
v 62.505001 92.000000 -16.000000
v 63.000000 92.000000 -16.495001
v 64.000000 92.000000 -15.505000
v 63.505001 92.000000 -17.000000
v 64.000000 92.000000 -17.495001
v 65.000000 91.495003 -15.000000
v 65.000000 92.000000 -15.505000
v 65.000000 92.000000 -17.495001
v 65.495003 92.000000 -16.000000
v 65.495003 92.000000 -17.000000
v 68.000000 92.000000 -12.505000
v 67.504997 92.000000 -13.000000
v 68.000000 91.495003 -14.000000
v 68.000000 92.000000 -13.495000
v 67.504997 92.000000 -15.000000
v 68.000000 92.000000 -14.505000
v 68.000000 92.000000 -15.495000
v 69.000000 92.000000 -12.505000
v 68.504997 92.000000 -14.000000
v 69.000000 91.504997 -16.000000
v 68.504997 92.000000 -16.000000
v 68.504997 92.000000 -17.000000
v 69.000000 92.000000 -17.495001
v 70.000000 92.000000 -12.505000
v 70.000000 91.504997 -16.000000
v 70.000000 92.000000 -17.495001
v 70.495003 92.000000 -13.000000
v 70.495003 92.000000 -14.000000
v 70.495003 92.000000 -15.000000
v 71.000000 91.495003 -15.000000
v 70.495003 92.000000 -16.000000
v 71.000000 92.000000 -16.504999
v 71.000000 92.000000 -17.495001
v 71.495003 92.000000 -17.000000
v 57.000000 92.504997 -17.000000
v 56.505001 93.000000 -17.000000
v 57.000000 93.000000 -16.504999
v 57.000000 93.000000 -17.495001
v 58.000000 93.000000 -15.505000
v 57.505001 93.000000 -16.000000
v 57.505001 93.000000 -18.000000
v 58.000000 93.000000 -18.495001
v 59.000000 93.000000 -15.505000
v 59.000000 93.000000 -18.495001
v 59.494999 93.000000 -16.000000
v 59.494999 93.000000 -17.000000
v 59.494999 93.000000 -18.000000
v 60.000000 92.495003 -18.000000
v 63.000000 93.000000 -15.505000
v 62.505001 93.000000 -16.000000
v 63.000000 93.000000 -16.495001
v 64.000000 93.000000 -15.505000
v 63.505001 93.000000 -17.000000
v 64.000000 93.000000 -17.495001
v 65.000000 92.495003 -16.000000
v 64.495003 93.000000 -16.000000
v 65.000000 93.000000 -16.504999
v 65.000000 93.000000 -17.495001
v 65.495003 93.000000 -17.000000
v 68.000000 92.495003 -13.000000
v 68.000000 92.504997 -14.000000
v 67.504997 93.000000 -14.000000
v 68.000000 93.000000 -13.505000
v 67.504997 93.000000 -15.000000
v 68.000000 93.000000 -15.495000
v 69.000000 93.000000 -12.505000
v 68.504997 93.000000 -13.000000
v 68.504997 93.000000 -16.000000
v 69.000000 92.495003 -17.000000
v 69.000000 93.000000 -16.495001
v 70.000000 93.000000 -12.505000
v 69.504997 93.000000 -17.000000
v 70.000000 92.504997 -18.000000
v 69.504997 93.000000 -18.000000
v 70.000000 93.000000 -18.495001
v 70.495003 93.000000 -13.000000
v 70.495003 93.000000 -14.000000
v 70.495003 93.000000 -15.000000
v 70.495003 93.000000 -16.000000
v 71.000000 93.000000 -16.504999
v 71.000000 93.000000 -17.495001
v 70.495003 93.000000 -18.000000
v 71.495003 93.000000 -17.000000
v 57.000000 94.000000 -16.504999
v 56.505001 94.000000 -17.000000
v 57.000000 93.504997 -18.000000
v 56.505001 94.000000 -18.000000
v 57.000000 94.000000 -18.495001
v 58.000000 94.000000 -15.505000
v 57.505001 94.000000 -16.000000
v 58.000000 94.000000 -18.495001
v 59.000000 93.495003 -16.000000
v 58.494999 94.000000 -16.000000
v 59.000000 94.000000 -16.504999
v 59.000000 94.000000 -18.495001
v 59.494999 94.000000 -17.000000
v 59.494999 94.000000 -18.000000
v 63.000000 93.495003 -16.000000
v 64.000000 93.495003 -16.000000
v 63.505001 94.000000 -17.000000
v 64.000000 94.000000 -16.504999
v 64.000000 93.504997 -18.000000
v 63.505001 94.000000 -18.000000
v 64.000000 94.000000 -18.495001
v 65.000000 94.000000 -16.504999
v 65.000000 94.000000 -17.495001
v 64.495003 94.000000 -18.000000
v 65.495003 94.000000 -17.000000
v 68.000000 93.495003 -14.000000
v 67.504997 94.000000 -15.000000
v 68.000000 94.000000 -14.505000
v 68.000000 94.000000 -15.495000
v 69.000000 93.495003 -13.000000
v 69.000000 94.000000 -13.505000
v 68.504997 94.000000 -14.000000
v 68.504997 94.000000 -16.000000
v 69.000000 94.000000 -16.495001
v 70.000000 93.495003 -13.000000
v 70.000000 94.000000 -13.505000
v 69.504997 94.000000 -17.000000
v 70.000000 93.495003 -18.000000
v 70.000000 94.000000 -17.495001
v 70.495003 94.000000 -14.000000
v 71.000000 94.000000 -14.505000
v 71.000000 93.504997 -15.000000
v 71.000000 94.000000 -15.495000
v 70.495003 94.000000 -16.000000
v 71.000000 94.000000 -16.504999
v 71.000000 94.000000 -17.495001
v 71.495003 94.000000 -15.000000
v 71.495003 94.000000 -17.000000
v 57.000000 95.000000 -16.504999
v 56.505001 95.000000 -17.000000
v 56.505001 95.000000 -18.000000
v 57.000000 95.000000 -18.495001
v 58.000000 95.000000 -15.505000
v 57.505001 95.000000 -16.000000
v 58.000000 95.000000 -18.495001
v 58.494999 95.000000 -16.000000
v 59.000000 95.000000 -16.504999
v 59.000000 95.000000 -18.495001
v 59.494999 95.000000 -17.000000
v 59.494999 95.000000 -18.000000
v 63.000000 94.504997 -19.000000
v 62.505001 95.000000 -19.000000
v 63.000000 95.000000 -18.504999
v 63.000000 95.000000 -19.495001
v 64.000000 95.000000 -16.504999
v 63.505001 95.000000 -17.000000
v 63.505001 95.000000 -18.000000
v 64.000000 94.504997 -19.000000
v 64.000000 95.000000 -19.495001
v 65.000000 95.000000 -16.504999
v 65.000000 94.504997 -18.000000
v 65.000000 94.504997 -19.000000
v 65.000000 95.000000 -19.495001
v 65.495003 95.000000 -17.000000
v 65.495003 95.000000 -18.000000
v 65.495003 95.000000 -19.000000
v 68.000000 94.504997 -13.000000
v 67.504997 95.000000 -13.000000
v 68.000000 95.000000 -12.505000
v 68.000000 95.000000 -13.495000
v 68.000000 95.000000 -14.505000
v 67.504997 95.000000 -15.000000
v 68.000000 95.000000 -15.495000
v 69.000000 94.504997 -13.000000
v 69.000000 95.000000 -12.505000
v 68.504997 95.000000 -14.000000
v 68.504997 95.000000 -16.000000
v 69.000000 95.000000 -16.495001
v 70.000000 94.504997 -13.000000
v 70.000000 95.000000 -12.505000
v 69.504997 95.000000 -17.000000
v 70.000000 95.000000 -17.495001
v 70.495003 95.000000 -13.000000
v 71.000000 94.504997 -14.000000
v 71.000000 95.000000 -13.505000
v 71.000000 94.504997 -16.000000
v 71.000000 95.000000 -17.495001
v 71.495003 95.000000 -14.000000
v 71.495003 95.000000 -15.000000
v 71.495003 95.000000 -16.000000
v 71.495003 95.000000 -17.000000
v 57.000000 96.000000 -16.504999
v 56.505001 96.000000 -17.000000
v 56.505001 96.000000 -18.000000
v 57.000000 95.504997 -19.000000
v 56.505001 96.000000 -19.000000
v 57.000000 96.000000 -19.495001
v 58.000000 96.000000 -15.505000
v 57.505001 96.000000 -16.000000
v 58.000000 95.504997 -19.000000
v 58.000000 96.000000 -19.495001
v 59.000000 96.000000 -15.505000
v 59.000000 95.504997 -16.000000
v 59.000000 95.504997 -19.000000
v 59.000000 96.000000 -19.495001
v 59.494999 96.000000 -16.000000
v 59.494999 96.000000 -17.000000
v 59.494999 96.000000 -18.000000
v 59.494999 96.000000 -19.000000
v 63.000000 96.000000 -18.504999
v 62.505001 96.000000 -19.000000
v 63.000000 96.000000 -19.495001
v 64.000000 95.495003 -17.000000
v 63.505001 96.000000 -18.000000
v 64.000000 96.000000 -17.504999
v 64.000000 96.000000 -19.495001
v 65.000000 95.495003 -17.000000
v 65.000000 96.000000 -17.504999
v 65.000000 96.000000 -19.495001
v 65.495003 96.000000 -18.000000
v 65.495003 96.000000 -19.000000
v 68.000000 95.495003 -13.000000
v 68.000000 95.495003 -15.000000
v 69.000000 96.000000 -12.505000
v 68.504997 96.000000 -13.000000
v 68.504997 96.000000 -14.000000
v 68.504997 96.000000 -15.000000
v 68.504997 96.000000 -16.000000
v 69.000000 96.000000 -16.495001
v 70.000000 96.000000 -12.505000
v 70.000000 95.495003 -17.000000
v 70.000000 96.000000 -16.495001
v 71.000000 96.000000 -12.505000
v 71.000000 95.504997 -13.000000
v 70.504997 96.000000 -17.000000
v 71.000000 96.000000 -17.495001
v 71.495003 96.000000 -13.000000
v 71.495003 96.000000 -14.000000
v 71.495003 96.000000 -15.000000
v 71.495003 96.000000 -16.000000
v 71.495003 96.000000 -17.000000
v 57.000000 96.495003 -17.000000
v 56.505001 97.000000 -18.000000
v 57.000000 97.000000 -17.504999
v 56.505001 97.000000 -19.000000
v 57.000000 97.000000 -19.495001
v 58.000000 96.495003 -16.000000
v 58.000000 97.000000 -16.504999
v 57.505001 97.000000 -17.000000
v 58.000000 97.000000 -19.495001
v 59.000000 96.495003 -16.000000
v 59.000000 97.000000 -16.504999
v 59.000000 97.000000 -19.495001
v 60.000000 96.504997 -17.000000
v 60.000000 97.000000 -16.504999
v 60.000000 97.000000 -17.495001
v 59.494999 97.000000 -18.000000
v 59.494999 97.000000 -19.000000
v 60.494999 97.000000 -17.000000
v 63.000000 97.000000 -18.504999
v 62.505001 97.000000 -19.000000
v 63.000000 97.000000 -19.495001
v 64.000000 97.000000 -17.504999
v 63.505001 97.000000 -18.000000
v 64.000000 97.000000 -19.495001
v 65.000000 96.495003 -18.000000
v 64.495003 97.000000 -18.000000
v 65.000000 97.000000 -18.504999
v 65.000000 97.000000 -19.495001
v 65.495003 97.000000 -19.000000
v 69.000000 97.000000 -12.505000
v 68.504997 97.000000 -13.000000
v 68.504997 97.000000 -14.000000
v 69.000000 96.495003 -15.000000
v 69.000000 97.000000 -14.495000
v 69.000000 96.495003 -16.000000
v 70.000000 97.000000 -12.505000
v 69.504997 97.000000 -15.000000
v 70.000000 96.495003 -16.000000
v 70.000000 97.000000 -15.495000
v 71.000000 97.000000 -12.505000
v 71.000000 96.495003 -16.000000
v 71.000000 97.000000 -15.495000
v 71.000000 96.495003 -17.000000
v 72.000000 97.000000 -12.505000
v 72.000000 96.504997 -13.000000
v 72.000000 96.504997 -14.000000
v 72.000000 96.504997 -15.000000
v 72.000000 97.000000 -15.495000
v 72.495003 97.000000 -13.000000
v 72.495003 97.000000 -14.000000
v 72.495003 97.000000 -15.000000
v 57.000000 97.495003 -18.000000
v 57.000000 97.495003 -19.000000
v 58.000000 98.000000 -16.504999
v 57.505001 98.000000 -17.000000
v 57.505001 98.000000 -18.000000
v 57.505001 98.000000 -19.000000
v 58.000000 98.000000 -19.495001
v 59.000000 98.000000 -16.504999
v 59.000000 98.000000 -19.495001
v 60.000000 98.000000 -16.504999
v 60.000000 97.504997 -18.000000
v 60.000000 97.504997 -19.000000
v 60.000000 98.000000 -19.495001
v 60.494999 98.000000 -17.000000
v 60.494999 98.000000 -18.000000
v 60.494999 98.000000 -19.000000
v 63.000000 97.495003 -19.000000
v 64.000000 97.495003 -18.000000
v 64.000000 98.000000 -18.504999
v 63.505001 98.000000 -19.000000
v 64.000000 98.000000 -19.495001
v 65.000000 98.000000 -18.504999
v 65.000000 98.000000 -19.495001
v 65.495003 98.000000 -19.000000
v 69.000000 97.495003 -13.000000
v 69.000000 97.495003 -14.000000
v 70.000000 98.000000 -12.505000
v 69.504997 98.000000 -13.000000
v 69.504997 98.000000 -14.000000
v 69.504997 98.000000 -15.000000
v 70.000000 98.000000 -15.495000
v 71.000000 97.504997 -12.000000
v 70.504997 98.000000 -12.000000
v 71.000000 98.000000 -11.505000
v 71.000000 98.000000 -15.495000
v 72.000000 97.504997 -12.000000
v 72.000000 98.000000 -11.505000
v 72.000000 97.495003 -15.000000
v 72.000000 98.000000 -14.495000
v 71.495003 98.000000 -15.000000
v 72.495003 98.000000 -12.000000
v 73.000000 97.504997 -13.000000
v 73.000000 98.000000 -12.505000
v 73.000000 98.000000 -13.495000
v 72.495003 98.000000 -14.000000
v 73.495003 98.000000 -13.000000
v 58.000000 98.495003 -17.000000
v 58.000000 98.495003 -18.000000
v 57.505001 99.000000 -19.000000
v 58.000000 99.000000 -18.504999
v 58.000000 99.000000 -19.495001
v 59.000000 99.000000 -16.504999
v 58.505001 99.000000 -17.000000
v 58.505001 99.000000 -18.000000
v 59.000000 99.000000 -19.495001
v 60.000000 99.000000 -16.504999
v 60.000000 99.000000 -19.495001
v 60.494999 99.000000 -17.000000
v 60.494999 99.000000 -18.000000
v 60.494999 99.000000 -19.000000
v 64.000000 99.000000 -18.504999
v 63.505001 99.000000 -19.000000
v 64.000000 98.504997 -20.000000
v 63.505001 99.000000 -20.000000
v 64.000000 99.000000 -20.495001
v 65.000000 99.000000 -18.504999
v 65.000000 98.504997 -20.000000
v 65.000000 99.000000 -20.495001
v 66.000000 99.000000 -18.504999
v 66.000000 98.504997 -19.000000
v 66.000000 98.504997 -20.000000
v 66.000000 99.000000 -20.495001
v 66.495003 99.000000 -19.000000
v 66.495003 99.000000 -20.000000
v 70.000000 99.000000 -12.505000
v 69.504997 99.000000 -13.000000
v 69.504997 99.000000 -14.000000
v 70.000000 98.495003 -15.000000
v 70.000000 99.000000 -14.495000
v 71.000000 99.000000 -11.505000
v 70.504997 99.000000 -12.000000
v 71.000000 98.495003 -15.000000
v 71.000000 99.000000 -14.495000
v 72.000000 98.504997 -11.000000
v 71.504997 99.000000 -11.000000
v 72.000000 99.000000 -10.505000
v 72.000000 99.000000 -14.495000
v 73.000000 98.504997 -11.000000
v 73.000000 99.000000 -10.505000
v 73.000000 98.504997 -12.000000
v 73.000000 98.504997 -14.000000
v 73.000000 99.000000 -14.495000
v 73.495003 99.000000 -11.000000
v 74.000000 99.000000 -11.505000
v 74.000000 98.504997 -12.000000
v 74.000000 98.504997 -13.000000
v 74.000000 99.000000 -13.495000
v 73.495003 99.000000 -14.000000
v 74.495003 99.000000 -12.000000
v 74.495003 99.000000 -13.000000
v 58.000000 99.495003 -19.000000
v 59.000000 99.495003 -17.000000
v 58.505001 100.000000 -18.000000
v 59.000000 100.000000 -17.504999
v 58.505001 100.000000 -19.000000
v 59.000000 100.000000 -19.495001
v 60.000000 100.000000 -16.504999
v 59.505001 100.000000 -17.000000
v 60.000000 100.000000 -19.495001
v 60.494999 100.000000 -17.000000
v 61.000000 100.000000 -17.504999
v 61.000000 99.504997 -18.000000
v 61.000000 99.504997 -19.000000
v 61.000000 100.000000 -19.495001
v 61.494999 100.000000 -18.000000
v 61.494999 100.000000 -19.000000
v 64.000000 100.000000 -18.504999
v 63.505001 100.000000 -19.000000
v 63.505001 100.000000 -20.000000
v 64.000000 100.000000 -20.495001
v 65.000000 100.000000 -18.504999
v 65.000000 100.000000 -20.495001
v 66.000000 100.000000 -18.504999
v 66.000000 100.000000 -20.495001
v 66.495003 100.000000 -19.000000
v 66.495003 100.000000 -20.000000
v 70.000000 99.495003 -13.000000
v 70.000000 99.495003 -14.000000
v 71.000000 100.000000 -11.505000
v 70.504997 100.000000 -12.000000
v 70.504997 100.000000 -13.000000
v 71.000000 99.495003 -14.000000
v 71.000000 100.000000 -13.495000
v 72.000000 99.504997 -10.000000
v 71.504997 100.000000 -10.000000
v 72.000000 100.000000 -9.505000
v 71.504997 100.000000 -11.000000
v 71.504997 100.000000 -14.000000
v 72.000000 100.000000 -14.495000
v 73.000000 99.504997 -10.000000
v 73.000000 100.000000 -9.505000
v 73.000000 99.495003 -14.000000
v 73.000000 100.000000 -13.495000
v 72.495003 100.000000 -14.000000
v 74.000000 99.504997 -8.000000
v 73.504997 100.000000 -8.000000
v 74.000000 100.000000 -7.505000
v 74.000000 99.504997 -9.000000
v 73.504997 100.000000 -9.000000
v 74.000000 99.504997 -10.000000
v 74.000000 99.504997 -11.000000
v 74.000000 100.000000 -13.495000
v 74.495003 100.000000 -8.000000
v 74.495003 100.000000 -9.000000
v 74.495003 100.000000 -10.000000
v 74.495003 100.000000 -11.000000
v 74.495003 100.000000 -12.000000
v 74.495003 100.000000 -13.000000
v 59.000000 100.495003 -18.000000
v 58.505001 101.000000 -19.000000
v 59.000000 101.000000 -18.504999
v 59.000000 101.000000 -19.495001
v 60.000000 100.495003 -17.000000
v 60.000000 101.000000 -17.504999
v 59.505001 101.000000 -18.000000
v 60.000000 101.000000 -19.495001
v 61.000000 101.000000 -17.504999
v 61.000000 101.000000 -19.495001
v 61.494999 101.000000 -18.000000
v 61.494999 101.000000 -19.000000
v 64.000000 100.495003 -19.000000
v 64.000000 100.495003 -20.000000
v 65.000000 101.000000 -18.504999
v 64.504997 101.000000 -19.000000
v 64.504997 101.000000 -20.000000
v 65.000000 101.000000 -20.495001
v 66.000000 101.000000 -18.504999
v 66.000000 101.000000 -20.495001
v 66.495003 101.000000 -19.000000
v 66.495003 101.000000 -20.000000
v 71.000000 100.495003 -12.000000
v 71.000000 100.495003 -13.000000
v 72.000000 100.495003 -10.000000
v 71.504997 101.000000 -11.000000
v 72.000000 101.000000 -10.505000
v 71.504997 101.000000 -12.000000
v 71.504997 101.000000 -13.000000
v 72.000000 100.495003 -14.000000
v 72.000000 101.000000 -13.495000
v 73.000000 100.504997 -9.000000
v 72.504997 101.000000 -9.000000
v 73.000000 101.000000 -8.505000
v 72.504997 101.000000 -10.000000
v 73.000000 101.000000 -13.495000
v 74.000000 100.504997 -7.000000
v 73.504997 101.000000 -7.000000
v 74.000000 101.000000 -6.505000
v 73.504997 101.000000 -8.000000
v 74.000000 101.000000 -13.495000
v 75.000000 100.504997 -7.000000
v 75.000000 101.000000 -6.505000
v 75.000000 100.504997 -8.000000
v 75.000000 100.504997 -9.000000
v 75.000000 101.000000 -9.495000
v 74.495003 101.000000 -10.000000
v 74.495003 101.000000 -11.000000
v 74.495003 101.000000 -12.000000
v 74.495003 101.000000 -13.000000
v 75.495003 101.000000 -7.000000
v 75.495003 101.000000 -8.000000
v 75.495003 101.000000 -9.000000
v 59.000000 101.495003 -19.000000
v 60.000000 102.000000 -17.504999
v 59.505001 102.000000 -18.000000
v 59.505001 102.000000 -19.000000
v 60.000000 101.504997 -20.000000
v 59.505001 102.000000 -20.000000
v 60.000000 102.000000 -20.495001
v 61.000000 102.000000 -17.504999
v 61.000000 101.504997 -20.000000
v 61.000000 102.000000 -20.495001
v 61.494999 102.000000 -18.000000
v 62.000000 102.000000 -18.504999
v 62.000000 101.504997 -19.000000
v 62.000000 101.504997 -20.000000
v 62.000000 102.000000 -20.495001
v 62.494999 102.000000 -19.000000
v 62.494999 102.000000 -20.000000
v 65.000000 101.495003 -19.000000
v 64.504997 102.000000 -20.000000
v 65.000000 102.000000 -19.504999
v 65.000000 102.000000 -20.495001
v 66.000000 101.495003 -19.000000
v 66.000000 102.000000 -19.504999
v 66.000000 102.000000 -20.495001
v 67.000000 101.504997 -20.000000
v 67.000000 102.000000 -19.504999
v 67.000000 102.000000 -20.495001
v 67.495003 102.000000 -20.000000
v 72.000000 101.495003 -11.000000
v 72.000000 101.495003 -12.000000
v 72.000000 101.495003 -13.000000
v 73.000000 101.495003 -9.000000
v 73.000000 101.495003 -10.000000
v 73.000000 102.000000 -10.505000
v 72.504997 102.000000 -11.000000
v 72.504997 102.000000 -12.000000
v 73.000000 101.495003 -13.000000
v 73.000000 102.000000 -12.495000
v 74.000000 101.504997 -5.000000
v 73.504997 102.000000 -5.000000
v 74.000000 102.000000 -4.505000
v 74.000000 101.504997 -6.000000
v 73.504997 102.000000 -6.000000
v 73.504997 102.000000 -7.000000
v 74.000000 101.495003 -8.000000
v 74.000000 102.000000 -7.495000
v 74.000000 101.495003 -9.000000
v 73.504997 102.000000 -10.000000
v 74.000000 102.000000 -9.505000
v 74.000000 101.495003 -13.000000
v 74.000000 102.000000 -12.495000
v 75.000000 101.504997 -5.000000
v 75.000000 102.000000 -4.505000
v 75.000000 101.504997 -6.000000
v 75.000000 101.495003 -7.000000
v 74.495003 102.000000 -7.000000
v 75.000000 102.000000 -6.495000
v 75.000000 101.495003 -8.000000
v 75.000000 101.495003 -9.000000
v 74.495003 102.000000 -10.000000
v 74.495003 102.000000 -11.000000
v 74.495003 102.000000 -12.000000
v 75.495003 102.000000 -5.000000
v 75.495003 102.000000 -6.000000
v 60.000000 102.495003 -18.000000
v 59.505001 103.000000 -19.000000
v 60.000000 103.000000 -18.504999
v 59.505001 103.000000 -20.000000
v 60.000000 103.000000 -20.495001
v 61.000000 103.000000 -17.504999
v 60.505001 103.000000 -18.000000
v 61.000000 103.000000 -20.495001
v 61.494999 103.000000 -18.000000
v 62.000000 103.000000 -18.504999
v 62.000000 103.000000 -20.495001
v 62.494999 103.000000 -19.000000
v 62.494999 103.000000 -20.000000
v 65.000000 103.000000 -19.504999
v 64.504997 103.000000 -20.000000
v 65.000000 103.000000 -20.495001
v 66.000000 103.000000 -19.504999
v 66.000000 102.504997 -21.000000
v 65.504997 103.000000 -21.000000
v 66.000000 103.000000 -21.495001
v 67.000000 103.000000 -19.504999
v 67.000000 103.000000 -20.495001
v 66.495003 103.000000 -21.000000
v 67.495003 103.000000 -20.000000
v 73.000000 102.495003 -11.000000
v 73.000000 102.495003 -12.000000
v 74.000000 102.504997 -4.000000
v 73.504997 103.000000 -4.000000
v 74.000000 103.000000 -3.505000
v 73.504997 103.000000 -5.000000
v 74.000000 102.495003 -6.000000
v 74.000000 103.000000 -5.495000
v 74.000000 102.495003 -7.000000
v 74.000000 102.495003 -10.000000
v 74.000000 103.000000 -10.505000
v 73.504997 103.000000 -11.000000
v 74.000000 102.495003 -12.000000
v 74.000000 103.000000 -11.495000
v 74.495003 103.000000 -4.000000
v 75.000000 102.495003 -5.000000
v 74.495003 103.000000 -5.000000
v 75.000000 102.495003 -6.000000
v 74.495003 103.000000 -11.000000
v 60.000000 103.495003 -19.000000
v 59.505001 104.000000 -20.000000
v 60.000000 104.000000 -19.504999
v 60.000000 104.000000 -20.495001
v 61.000000 103.495003 -18.000000
v 61.000000 104.000000 -18.504999
v 60.505001 104.000000 -19.000000
v 61.000000 104.000000 -20.495001
v 62.000000 104.000000 -18.504999
v 62.000000 104.000000 -20.495001
v 62.494999 104.000000 -19.000000
v 62.494999 104.000000 -20.000000
v 65.000000 104.000000 -19.504999
v 64.504997 104.000000 -20.000000
v 65.000000 104.000000 -20.495001
v 66.000000 104.000000 -19.504999
v 65.504997 104.000000 -21.000000
v 66.000000 104.000000 -21.495001
v 67.000000 104.000000 -19.504999
v 67.000000 104.000000 -20.495001
v 66.495003 104.000000 -21.000000
v 67.495003 104.000000 -20.000000
v 74.000000 103.504997 -3.000000
v 73.504997 104.000000 -3.000000
v 74.000000 104.000000 -2.505000
v 73.504997 104.000000 -4.000000
v 74.000000 103.495003 -5.000000
v 74.000000 104.000000 -4.495000
v 74.000000 103.495003 -11.000000
v 74.495003 104.000000 -3.000000
v 74.495003 104.000000 -4.000000
v 75.000000 103.504997 -10.000000
v 74.504997 104.000000 -10.000000
v 75.000000 104.000000 -9.505000
v 75.000000 104.000000 -10.495000
v 75.495003 104.000000 -10.000000
v 60.000000 105.000000 -19.504999
v 59.505001 105.000000 -20.000000
v 60.000000 105.000000 -20.495001
v 61.000000 104.495003 -19.000000
v 61.000000 105.000000 -19.504999
v 61.000000 105.000000 -20.495001
v 62.000000 104.495003 -19.000000
v 62.000000 105.000000 -19.504999
v 62.000000 105.000000 -20.495001
v 62.494999 105.000000 -20.000000
v 65.000000 105.000000 -19.504999
v 64.504997 105.000000 -20.000000
v 65.000000 105.000000 -20.495001
v 66.000000 105.000000 -19.504999
v 65.504997 105.000000 -21.000000
v 66.000000 105.000000 -21.495001
v 67.000000 104.495003 -20.000000
v 66.495003 105.000000 -20.000000
v 67.000000 104.504997 -21.000000
v 67.000000 105.000000 -20.504999
v 67.000000 105.000000 -21.495001
v 67.495003 105.000000 -21.000000
v 73.000000 104.504997 -2.000000
v 72.504997 105.000000 -2.000000
v 73.000000 105.000000 -1.505000
v 73.000000 105.000000 -2.495000
v 74.000000 104.504997 -2.000000
v 74.000000 105.000000 -1.505000
v 73.504997 105.000000 -3.000000
v 73.504997 105.000000 -4.000000
v 74.000000 105.000000 -4.495000
v 74.495003 105.000000 -2.000000
v 75.000000 104.504997 -3.000000
v 75.000000 105.000000 -2.505000
v 75.000000 105.000000 -3.495000
v 74.495003 105.000000 -4.000000
v 75.000000 105.000000 -9.505000
v 74.504997 105.000000 -10.000000
v 75.000000 105.000000 -10.495000
v 75.495003 105.000000 -3.000000
v 75.495003 105.000000 -10.000000
v 60.000000 105.495003 -20.000000
v 61.000000 106.000000 -19.504999
v 60.505001 106.000000 -20.000000
v 61.000000 105.504997 -21.000000
v 60.505001 106.000000 -21.000000
v 61.000000 106.000000 -21.495001
v 62.000000 106.000000 -19.504999
v 62.000000 105.504997 -21.000000
v 62.000000 106.000000 -21.495001
v 62.494999 106.000000 -20.000000
v 62.494999 106.000000 -21.000000
v 65.000000 105.495003 -20.000000
v 66.000000 105.495003 -20.000000
v 66.000000 105.495003 -21.000000
v 67.000000 106.000000 -20.504999
v 66.504997 106.000000 -21.000000
v 67.000000 105.504997 -22.000000
v 66.504997 106.000000 -22.000000
v 67.000000 106.000000 -22.495001
v 67.495003 106.000000 -21.000000
v 67.495003 106.000000 -22.000000
v 73.000000 106.000000 -1.505000
v 72.504997 106.000000 -2.000000
v 73.000000 105.504997 -3.000000
v 72.504997 106.000000 -3.000000
v 73.000000 106.000000 -3.495000
v 74.000000 106.000000 -1.505000
v 74.000000 105.495003 -4.000000
v 74.000000 106.000000 -3.495000
v 74.495003 106.000000 -2.000000
v 74.495003 106.000000 -3.000000
v 75.000000 105.495003 -3.000000
v 75.000000 105.504997 -9.000000
v 74.504997 106.000000 -9.000000
v 75.000000 106.000000 -8.505000
v 75.000000 105.495003 -10.000000
v 75.000000 106.000000 -9.495000
v 75.495003 106.000000 -9.000000
v 61.000000 106.495003 -20.000000
v 61.000000 106.495003 -21.000000
v 61.000000 106.504997 -22.000000
v 60.505001 107.000000 -22.000000
v 61.000000 107.000000 -21.504999
v 61.000000 107.000000 -22.495001
v 62.000000 106.495003 -20.000000
v 62.000000 106.495003 -21.000000
v 61.494999 107.000000 -22.000000
v 67.000000 106.495003 -21.000000
v 66.504997 107.000000 -22.000000
v 67.000000 107.000000 -21.504999
v 67.000000 107.000000 -22.495001
v 67.495003 107.000000 -22.000000
v 73.000000 107.000000 -1.505000
v 72.504997 107.000000 -2.000000
v 73.000000 106.495003 -3.000000
v 73.000000 107.000000 -2.495000
v 74.000000 107.000000 -1.505000
v 74.000000 106.495003 -3.000000
v 74.000000 107.000000 -2.495000
v 74.495003 107.000000 -2.000000
v 75.000000 107.000000 -8.505000
v 74.504997 107.000000 -9.000000
v 75.000000 107.000000 -9.495000
v 76.000000 107.000000 -8.505000
v 76.000000 106.504997 -9.000000
v 76.000000 107.000000 -9.495000
v 76.495003 107.000000 -9.000000
v 61.000000 107.495003 -22.000000
v 67.000000 108.000000 -21.504999
v 66.504997 108.000000 -22.000000
v 67.000000 108.000000 -22.495001
v 67.495003 108.000000 -22.000000
v 73.000000 108.000000 -1.505000
v 72.504997 108.000000 -2.000000
v 73.000000 108.000000 -2.495000
v 74.000000 107.495003 -2.000000
v 73.495003 108.000000 -2.000000
v 75.000000 107.495003 -9.000000
v 76.000000 107.504997 -8.000000
v 75.504997 108.000000 -8.000000
v 76.000000 108.000000 -7.505000
v 75.504997 108.000000 -9.000000
v 76.000000 108.000000 -9.495000
v 76.495003 108.000000 -8.000000
v 76.495003 108.000000 -9.000000
v 67.000000 109.000000 -21.504999
v 66.504997 109.000000 -22.000000
v 67.000000 108.504997 -23.000000
v 66.504997 109.000000 -23.000000
v 67.000000 109.000000 -23.495001
v 67.495003 109.000000 -22.000000
v 67.495003 109.000000 -23.000000
v 73.000000 108.495003 -2.000000
v 76.000000 109.000000 -7.505000
v 75.504997 109.000000 -8.000000
v 76.000000 108.495003 -9.000000
v 76.000000 109.000000 -8.495000
v 76.495003 109.000000 -8.000000
v 67.000000 109.495003 -22.000000
v 66.504997 110.000000 -23.000000
v 67.000000 110.000000 -22.504999
v 67.000000 109.504997 -24.000000
v 66.504997 110.000000 -24.000000
v 67.000000 110.000000 -24.495001
v 67.495003 110.000000 -23.000000
v 68.000000 110.000000 -23.504999
v 68.000000 109.504997 -24.000000
v 68.000000 110.000000 -24.495001
v 68.495003 110.000000 -24.000000
v 76.000000 109.504997 -7.000000
v 75.504997 110.000000 -7.000000
v 76.000000 110.000000 -6.505000
v 75.504997 110.000000 -8.000000
v 76.000000 110.000000 -8.495000
v 77.000000 109.504997 -7.000000
v 77.000000 110.000000 -6.505000
v 76.495003 110.000000 -8.000000
v 77.000000 110.000000 -7.495000
v 77.495003 110.000000 -7.000000
v 67.000000 111.000000 -22.504999
v 66.504997 111.000000 -23.000000
v 66.504997 111.000000 -24.000000
v 67.000000 111.000000 -24.495001
v 68.000000 111.000000 -22.504999
v 68.000000 110.504997 -23.000000
v 68.000000 111.000000 -24.495001
v 68.495003 111.000000 -23.000000
v 68.495003 111.000000 -24.000000
v 76.000000 111.000000 -6.505000
v 75.504997 111.000000 -7.000000
v 76.000000 110.495003 -8.000000
v 76.000000 111.000000 -7.495000
v 77.000000 111.000000 -6.505000
v 77.000000 111.000000 -7.495000
v 77.495003 111.000000 -7.000000
v 67.000000 112.000000 -22.504999
v 66.504997 112.000000 -23.000000
v 66.504997 112.000000 -24.000000
v 67.000000 112.000000 -24.495001
v 68.000000 112.000000 -22.504999
v 68.000000 112.000000 -24.495001
v 68.495003 112.000000 -23.000000
v 68.495003 112.000000 -24.000000
v 76.000000 111.504997 -6.000000
v 75.504997 112.000000 -6.000000
v 76.000000 112.000000 -5.505000
v 75.504997 112.000000 -7.000000
v 76.000000 112.000000 -7.495000
v 77.000000 111.504997 -6.000000
v 77.000000 112.000000 -5.505000
v 77.000000 112.000000 -7.495000
v 77.495003 112.000000 -6.000000
v 77.495003 112.000000 -7.000000
v 67.000000 113.000000 -22.504999
v 66.504997 113.000000 -23.000000
v 66.504997 113.000000 -24.000000
v 67.000000 113.000000 -24.495001
v 68.000000 112.495003 -23.000000
v 67.495003 113.000000 -23.000000
v 68.000000 113.000000 -23.504999
v 68.000000 113.000000 -24.495001
v 68.495003 113.000000 -24.000000
v 76.000000 113.000000 -5.505000
v 75.504997 113.000000 -6.000000
v 76.000000 112.495003 -7.000000
v 76.000000 113.000000 -6.495000
v 77.000000 113.000000 -5.505000
v 76.504997 113.000000 -7.000000
v 77.000000 113.000000 -7.495000
v 77.495003 113.000000 -6.000000
v 77.495003 113.000000 -7.000000
v 67.000000 113.495003 -23.000000
v 66.504997 114.000000 -24.000000
v 67.000000 114.000000 -23.504999
v 67.000000 114.000000 -24.495001
v 68.000000 114.000000 -23.504999
v 68.000000 114.000000 -24.495001
v 68.495003 114.000000 -24.000000
v 76.000000 114.000000 -5.505000
v 75.504997 114.000000 -6.000000
v 76.000000 114.000000 -6.495000
v 77.000000 114.000000 -5.505000
v 76.504997 114.000000 -7.000000
v 77.000000 114.000000 -7.495000
v 77.495003 114.000000 -6.000000
v 77.495003 114.000000 -7.000000
v 67.000000 115.000000 -23.504999
v 66.504997 115.000000 -24.000000
v 67.000000 115.000000 -24.495001
v 68.000000 115.000000 -23.504999
v 68.000000 115.000000 -24.495001
v 68.495003 115.000000 -24.000000
v 76.000000 114.495003 -6.000000
v 77.000000 114.504997 -5.000000
v 76.504997 115.000000 -5.000000
v 77.000000 115.000000 -4.505000
v 76.504997 115.000000 -6.000000
v 77.000000 114.495003 -7.000000
v 77.000000 115.000000 -6.495000
v 77.495003 115.000000 -5.000000
v 77.495003 115.000000 -6.000000
v 67.000000 116.000000 -23.504999
v 66.504997 116.000000 -24.000000
v 67.000000 116.000000 -24.495001
v 68.000000 116.000000 -23.504999
v 68.000000 115.504997 -25.000000
v 67.504997 116.000000 -25.000000
v 68.495003 116.000000 -24.000000
v 68.495003 116.000000 -25.000000
v 77.000000 116.000000 -4.505000
v 76.504997 116.000000 -5.000000
v 76.504997 116.000000 -6.000000
v 77.000000 116.000000 -6.495000
v 77.495003 116.000000 -5.000000
v 77.495003 116.000000 -6.000000
v 67.000000 117.000000 -23.504999
v 66.504997 117.000000 -24.000000
v 67.000000 117.000000 -24.495001
v 68.000000 117.000000 -23.504999
v 67.504997 117.000000 -25.000000
v 68.495003 117.000000 -24.000000
v 68.495003 117.000000 -25.000000
v 77.000000 117.000000 -4.505000
v 76.504997 117.000000 -5.000000
v 76.504997 117.000000 -6.000000
v 77.000000 117.000000 -6.495000
v 77.495003 117.000000 -5.000000
v 77.495003 117.000000 -6.000000
v 67.000000 118.000000 -23.504999
v 66.504997 118.000000 -24.000000
v 67.000000 118.000000 -24.495001
v 68.000000 118.000000 -23.504999
v 67.504997 118.000000 -25.000000
v 68.495003 118.000000 -24.000000
v 68.495003 118.000000 -25.000000
v 77.000000 118.000000 -4.505000
v 76.504997 118.000000 -5.000000
v 76.504997 118.000000 -6.000000
v 77.000000 118.000000 -6.495000
v 77.495003 118.000000 -5.000000
v 78.000000 118.000000 -5.505000
v 78.000000 117.504997 -6.000000
v 78.000000 118.000000 -6.495000
v 78.495003 118.000000 -6.000000
v 67.000000 118.495003 -24.000000
v 68.000000 118.495003 -24.000000
v 67.504997 119.000000 -25.000000
v 68.000000 119.000000 -24.504999
v 68.495003 119.000000 -25.000000
v 77.000000 119.000000 -4.505000
v 76.504997 119.000000 -5.000000
v 76.504997 119.000000 -6.000000
v 77.000000 119.000000 -6.495000
v 78.000000 119.000000 -4.505000
v 78.000000 118.504997 -5.000000
v 78.000000 119.000000 -6.495000
v 78.495003 119.000000 -5.000000
v 78.495003 119.000000 -6.000000
v 68.000000 120.000000 -24.504999
v 67.504997 120.000000 -25.000000
v 68.495003 120.000000 -25.000000
v 77.000000 120.000000 -4.505000
v 76.504997 120.000000 -5.000000
v 76.504997 120.000000 -6.000000
v 77.000000 120.000000 -6.495000
v 78.000000 120.000000 -4.505000
v 78.000000 120.000000 -6.495000
v 78.495003 120.000000 -5.000000
v 78.495003 120.000000 -6.000000
v 68.000000 121.000000 -24.504999
v 67.504997 121.000000 -25.000000
v 68.495003 121.000000 -25.000000
v 77.000000 121.000000 -4.505000
v 76.504997 121.000000 -5.000000
v 76.504997 121.000000 -6.000000
v 77.000000 121.000000 -6.495000
v 78.000000 121.000000 -4.505000
v 78.000000 121.000000 -6.495000
v 78.495003 121.000000 -5.000000
v 78.495003 121.000000 -6.000000
v 68.000000 121.495003 -25.000000
v 77.000000 122.000000 -4.505000
v 76.504997 122.000000 -5.000000
v 76.504997 122.000000 -6.000000
v 77.000000 122.000000 -6.495000
v 78.000000 122.000000 -4.505000
v 78.000000 122.000000 -6.495000
v 78.495003 122.000000 -5.000000
v 78.495003 122.000000 -6.000000
v 77.000000 123.000000 -4.505000
v 76.504997 123.000000 -5.000000
v 76.504997 123.000000 -6.000000
v 77.000000 123.000000 -6.495000
v 78.000000 123.000000 -4.505000
v 78.000000 123.000000 -6.495000
v 78.495003 123.000000 -5.000000
v 78.495003 123.000000 -6.000000
v 77.000000 123.495003 -5.000000
v 76.504997 124.000000 -6.000000
v 77.000000 124.000000 -5.505000
v 77.000000 124.000000 -6.495000
v 78.000000 124.000000 -4.505000
v 77.504997 124.000000 -5.000000
v 78.000000 124.000000 -6.495000
v 78.495003 124.000000 -5.000000
v 78.495003 124.000000 -6.000000
v 77.000000 124.495003 -6.000000
v 78.000000 125.000000 -4.505000
v 77.504997 125.000000 -5.000000
v 77.504997 125.000000 -6.000000
v 78.000000 125.000000 -6.495000
v 78.495003 125.000000 -5.000000
v 78.495003 125.000000 -6.000000
v 78.000000 125.495003 -5.000000
v 77.504997 126.000000 -6.000000
v 78.000000 126.000000 -5.505000
v 78.000000 126.000000 -6.495000
v 78.495003 126.000000 -6.000000
v 78.000000 127.000000 -5.505000
v 77.504997 127.000000 -6.000000
v 78.000000 127.000000 -6.495000
v 78.495003 127.000000 -6.000000
v 78.000000 128.000000 -5.505000
v 77.504997 128.000000 -6.000000
v 78.000000 128.000000 -6.495000
v 78.495003 128.000000 -6.000000
vn 0.5731 0.6943 -0.4353
vn 0.8756 0.3416 -0.3416
vn 0.3416 0.3416 -0.8756
vn 0.6739 0.6739 0.3029
vn 0.8756 0.3416 0.3416
vn 0.6739 0.3029 0.6739
vn 0.3827 -0.0000 -0.9239
vn 0.6766 0.4651 -0.5709
vn 0.0988 0.0988 -0.9902
vn 0.6635 0.6635 0.3458
vn 0.5774 0.5774 0.5773
vn 0.4993 0.5486 0.6706
vn 0.3416 0.3416 0.8756
vn -0.0000 -0.0000 -1.0000
vn 0.5773 0.5774 0.5773
vn 0.2686 0.1008 0.9580
vn 0.0823 0.0695 0.9942
vn -0.0000 -0.0000 1.0000
vn -0.3827 -0.0000 0.9239
vn -0.3827 -0.0000 -0.9239
vn -0.7071 -0.0000 0.7071
vn -0.9239 -0.0000 -0.3827
vn -0.9239 -0.0000 0.3827
vn 0.9239 -0.0000 -0.3827
vn 0.9239 -0.0000 0.3827
vn 0.7579 0.1605 0.6323
vn 0.3254 0.0517 0.9442
vn -0.0988 -0.0988 0.9902
vn -0.3416 -0.3416 0.8756
vn -0.6739 -0.3029 0.6739
vn -0.8727 -0.2257 0.4330
vn 0.8269 0.2543 -0.5015
vn 0.8734 0.4761 0.1026
vn 0.6243 0.5459 0.5587
vn 0.8103 0.4069 0.4218
vn 0.4347 0.4347 0.7887
vn -0.0157 0.3615 0.9322
vn -0.0823 -0.0695 -0.9942
vn -0.4542 -0.5643 0.6894
vn -0.5774 -0.5774 0.5773
vn -0.6837 -0.2611 0.6814
vn -0.3416 -0.3416 -0.8756
vn -0.5773 -0.5773 0.5774
vn -0.8917 -0.4360 -0.1217
vn 0.7500 0.6265 0.2123
vn 0.6894 0.4542 0.5643
vn 0.7034 0.3493 0.6190
vn -0.1478 0.6266 0.7652
vn 0.5641 0.4551 0.6889
vn 0.0468 0.4740 0.8793
vn -0.3251 0.3251 0.8881
vn -0.5774 0.5774 0.5773
vn -0.3254 -0.0517 -0.9442
vn -0.5773 -0.5774 0.5774
vn -0.6688 -0.7348 -0.1133
vn -0.8868 -0.4622 -0.0000
vn 0.9204 0.3910 0.0009
vn 0.6894 0.5643 0.4542
vn 0.6180 0.3504 0.7038
vn -0.4330 0.2257 0.8727
vn -0.3910 -0.0009 0.9204
vn -0.6739 0.3029 0.6739
vn -0.8362 -0.3878 0.3878
vn -0.8756 -0.3416 0.3416
vn -0.9431 -0.3324 -0.0000
vn 0.6739 0.6739 -0.3029
vn 0.6739 0.3029 -0.6739
vn 0.6168 0.6706 0.4121
vn 0.7644 0.0979 -0.6373
vn 0.4210 0.4059 0.8112
vn -0.6739 -0.6739 0.3029
vn -0.7701 -0.0995 0.6301
vn -0.9431 -0.0000 0.3324
vn -0.5731 -0.6943 0.4353
vn -0.7875 -0.1479 0.5983
vn 0.9442 0.0517 -0.3254
vn 0.7071 -0.0000 0.7071
vn 0.6323 0.1605 -0.7579
vn 0.3660 0.5236 0.7694
vn 0.6324 0.1616 0.7576
vn -0.6889 0.5641 0.4551
vn -0.7576 0.1616 0.6324
vn -0.9427 0.0917 -0.3209
vn -0.8819 0.2709 0.3859
vn 0.5587 0.5459 -0.6243
vn 0.9942 0.0695 -0.0823
vn 0.9041 0.3105 0.2937
vn 0.6635 0.0489 0.7465
vn 0.3827 -0.0000 0.9239
vn 0.6688 0.7348 0.1133
vn 0.9211 0.3820 0.0749
vn 0.5774 0.5774 -0.5774
vn 0.8881 0.3251 -0.3251
vn -0.7644 -0.0979 0.6373
vn -0.8756 -0.3416 -0.3416
vn 0.6706 0.5486 -0.4993
vn 0.8819 0.3859 -0.2709
vn 0.9481 0.0779 0.3083
vn 0.6837 0.2611 -0.6814
vn -0.6168 -0.6706 -0.4121
vn -0.8361 -0.3879 -0.3878
vn -0.9518 -0.2893 0.1020
vn -1.0000 -0.0000 -0.0000
vn 0.7071 0.7071 -0.0000
vn 0.9431 0.3324 -0.0000
vn 0.9518 0.1020 -0.2893
vn -0.6323 -0.1605 0.7579
vn -0.7101 -0.3980 0.5808
vn -0.8881 -0.3251 0.3251
vn 0.8868 0.4622 -0.0000
vn 0.8727 0.2257 -0.4330
vn 0.4196 0.1520 0.8949
vn -0.0000 0.3827 0.9239
vn -0.4875 0.3058 0.8178
vn 0.5774 0.5774 -0.5773
vn 0.4353 0.5731 0.6943
vn 0.4209 0.4059 0.8112
vn 0.1616 0.6324 0.7576
vn 0.2709 0.3859 0.8819
vn -0.0000 0.7071 0.7071
vn -0.3029 0.6739 0.6739
vn -0.3416 0.3416 0.8756
vn -0.8894 0.0865 0.4489
vn -0.9041 -0.3105 -0.2937
vn 0.7071 -0.0000 -0.7071
vn 1.0000 -0.0000 -0.0000
vn 0.7465 0.0489 -0.6635
vn 0.7893 0.4341 0.4341
vn 0.4353 0.6943 0.5731
vn 0.2103 0.6263 0.7507
vn -0.9518 -0.1020 0.2893
vn 0.8305 0.3728 -0.4138
vn 0.7689 0.5237 0.3668
vn 0.8849 0.0727 -0.4600
vn 0.7459 0.0478 0.6643
vn -0.9863 -0.1263 -0.1057
vn 0.6938 0.6790 -0.2401
vn 0.4218 0.4069 -0.8103
vn 0.4341 0.4341 -0.7893
vn -0.9491 -0.1115 0.2945
vn 0.6643 0.0478 -0.7459
vn 0.5010 0.5484 -0.6695
vn -0.7652 -0.6263 0.1489
vn -0.7579 -0.1605 -0.6323
vn -0.9578 -0.2125 0.1934
vn 0.9491 0.1115 -0.2945
vn 0.0994 0.0994 0.9901
vn -0.1020 0.2893 0.9518
vn -0.7071 -0.0000 -0.7071
vn 0.8362 0.3878 -0.3878
vn 0.8844 0.0738 0.4609
vn 0.3878 0.3879 0.8361
vn -0.2893 0.1020 0.9518
vn -0.7500 -0.2123 -0.6265
vn 0.7699 0.6307 -0.0975
vn 0.4542 0.5643 -0.6894
vn 0.5643 0.4542 -0.6894
vn 0.8950 0.1503 0.4200
vn 0.4761 0.1026 -0.8734
vn 0.3029 0.6739 0.6739
vn -0.4761 -0.1026 0.8734
vn -0.9270 -0.3740 0.0278
vn -0.9405 -0.3361 -0.0503
vn -0.7071 -0.7071 -0.0000
vn 0.8361 0.3879 0.3878
vn -0.8741 -0.3230 0.3627
vn -0.6210 -0.7715 0.1382
vn 0.9902 0.0988 0.0988
vn 0.7579 0.6323 0.1605
vn 0.9239 0.3827 -0.0000
vn 0.1815 0.1687 0.9688
vn -0.5774 -0.5773 0.5774
vn -0.8917 -0.4360 -0.1216
vn -0.6373 0.0979 0.7644
vn -0.9940 -0.0832 -0.0706
vn -0.9705 -0.2358 0.0506
vn 0.0832 0.0706 -0.9940
vn -0.9902 -0.0988 -0.0988
vn -0.6265 -0.2123 0.7500
vn 0.9346 0.3311 -0.1297
vn 0.4768 0.1032 0.8730
vn 0.3264 0.0506 -0.9439
vn 0.3668 0.5237 -0.7689
vn -0.4729 -0.3665 0.8013
vn -0.4069 -0.4218 0.8103
vn 0.5717 0.8201 -0.0251
vn 0.9518 0.2893 -0.1020
vn -0.8844 -0.4609 -0.0738
vn 0.6183 0.6700 -0.4108
vn 0.4551 0.5641 0.6889
vn 0.3264 -0.0506 -0.9439
vn 0.4330 -0.2257 -0.8727
vn 0.6739 -0.3029 -0.6739
vn -0.8950 -0.4200 -0.1503
vn -0.6739 -0.6739 -0.3029
vn -0.7579 -0.6323 -0.1605
vn -0.8177 -0.3077 0.4865
vn 0.0832 -0.0706 -0.9940
vn 0.5010 -0.5484 -0.6695
vn 0.2721 -0.3849 -0.8819
vn 0.2257 -0.4330 -0.8727
vn 0.5774 -0.5774 -0.5773
vn -0.2709 -0.3859 -0.8819
vn -0.7893 -0.4341 -0.4341
vn -0.3849 -0.2721 0.8820
vn -0.4499 -0.0875 0.8888
vn 0.2123 -0.6265 -0.7500
vn -0.0000 -0.3827 -0.9239
vn -0.4353 -0.6943 -0.5731
vn -0.5015 -0.2543 -0.8269
vn -0.8734 -0.1026 -0.4761
vn -0.8888 -0.0875 -0.4499
vn -0.8820 -0.2721 -0.3849
vn -0.6894 -0.5643 -0.4542
vn -0.8136 -0.4035 0.4187
vn -0.8678 -0.2056 0.4524
vn 0.8734 0.1026 0.4761
vn -0.8013 -0.3665 -0.4729
vn 0.9863 0.1263 0.1057
vn -0.8362 -0.3878 -0.3878
vn 0.9959 0.0652 0.0634
vn -0.7685 -0.4224 0.4806
vn 0.6948 0.6775 0.2415
vn 0.8268 0.2554 0.5011
vn 0.8972 0.3893 0.2087
vn -0.6243 -0.5459 -0.5587
vn -0.6739 -0.3029 -0.6739
vn -0.7689 -0.3668 -0.5237
vn -0.0749 0.3820 0.9211
vn -0.8103 -0.4218 -0.4069
vn -0.5774 -0.5773 -0.5774
vn -0.8361 -0.3878 -0.3879
vn 0.7038 0.3504 -0.6180
vn 0.5773 0.5774 -0.5774
vn 0.6643 -0.0478 -0.7459
vn 0.3416 -0.3416 -0.8756
vn 0.1707 0.2979 0.9392
vn -0.5774 -0.5773 -0.5773
vn -0.6814 -0.2611 -0.6837
vn -0.2595 -0.2767 0.9252
vn -0.6695 -0.5010 -0.5484
vn -0.7715 -0.6210 0.1382
vn 0.1844 0.0280 -0.9825
vn 0.4762 0.1645 0.8638
vn 0.3324 -0.0000 0.9431
vn -0.3029 -0.6739 -0.6739
vn -0.1847 -0.3553 -0.9163
vn -0.5237 -0.3668 0.7689
vn -0.6373 -0.0979 -0.7644
vn -0.7507 0.2103 0.6263
vn -0.8756 0.3416 0.3416
vn -0.9994 0.0161 0.0292
vn -0.8768 -0.3407 0.3394
vn 0.1645 0.4762 0.8638
vn 0.5645 -0.0000 0.8254
vn -0.0000 -0.5656 0.8247
vn -0.4680 -0.2160 0.8569
vn -0.0000 -0.7071 0.7071
vn 0.1122 -0.2940 0.9492
vn -0.3029 -0.6739 0.6739
vn -0.1797 -0.0427 0.9828
vn -0.4993 -0.5486 -0.6706
vn -0.5037 -0.2919 -0.8131
vn -0.9252 -0.2595 -0.2767
vn -0.9392 0.1707 0.2979
vn 0.0994 -0.0994 0.9901
vn -0.1478 -0.6266 0.7652
vn 0.0564 -0.2361 0.9701
vn -0.0791 0.3075 0.9482
vn -0.6635 -0.0489 -0.7465
vn -0.6187 -0.2120 0.7565
vn -0.7564 0.2120 0.6187
vn 0.2418 0.6861 -0.6861
vn 0.7544 0.3545 -0.5525
vn 0.3029 0.6739 -0.6739
vn -0.0000 0.7071 -0.7071
vn 0.3324 0.9431 -0.0000
vn 0.4993 0.6706 0.5486
vn -0.2418 0.6861 -0.6861
vn -0.3029 0.6739 -0.6739
vn -0.2595 0.9252 -0.2767
vn -0.0749 0.9211 0.3820
vn 0.5774 0.5774 0.5774
vn -0.5774 0.5774 -0.5773
vn -0.6739 0.6739 -0.3029
vn -0.6739 0.6739 0.3029
vn -0.0000 1.0000 -0.0000
vn -0.0000 0.3324 0.9431
vn -0.8917 0.4360 0.1217
vn 0.4609 0.0738 -0.8844
vn 0.8756 -0.3416 -0.3416
vn 0.8530 0.1995 -0.4822
vn 0.2249 0.7947 0.5637
vn -0.0000 0.9051 0.4253
vn 0.5773 0.5774 0.5774
vn -0.5899 0.1780 0.7876
vn -0.5773 -0.5774 0.5773
vn -0.8476 -0.5097 0.1478
vn 0.3416 0.8756 -0.3416
vn 0.3827 0.9239 -0.0000
vn 0.4875 0.8178 -0.3058
vn 0.9765 0.1389 -0.1645
vn -0.0000 0.9239 -0.3827
vn -0.0979 0.6373 -0.7644
vn 0.2001 0.9798 -0.0000
vn 0.0979 0.7644 -0.6373
vn 0.0875 0.4499 -0.8888
vn 0.2698 0.9627 0.0220
vn -0.4083 0.8165 0.4082
vn -0.5484 0.6695 -0.5010
vn -0.4461 0.7010 0.5564
vn -0.5773 0.5773 0.5774
vn 0.0975 0.7699 0.6307
vn -0.6265 0.7500 -0.2123
vn 0.1483 0.7678 -0.6233
vn -0.6307 0.7699 0.0975
vn 0.1647 0.7725 0.6132
vn -0.7592 0.4602 -0.4602
vn 0.1133 0.7348 -0.6688
vn -0.1647 0.7725 -0.6132
vn 0.9070 0.1533 0.3923
vn 0.1057 0.1263 0.9863
vn -0.6746 0.6686 -0.3128
vn -0.8362 0.3879 0.3878
vn 0.7273 0.6340 -0.2626
vn 0.8294 0.4676 -0.3056
vn 0.4527 0.5112 -0.7306
vn 0.6441 -0.5464 -0.5353
vn 0.4189 -0.2489 -0.8733
vn 0.4650 0.7152 0.5218
vn 0.6940 0.5739 0.4347
vn 0.3416 0.8756 0.3416
vn 0.5774 -0.5773 -0.5774
vn 0.3109 0.6746 0.6696
vn -0.0979 0.6373 0.7644
vn -0.3083 0.0779 0.9481
vn -0.3250 -0.3250 -0.8881
vn -0.0000 0.9431 -0.3324
vn 0.3956 0.8148 -0.4239
vn 0.8894 0.4488 -0.0865
vn -0.6323 0.7579 -0.1605
vn -0.5275 0.6563 -0.5394
vn 0.5537 0.4571 0.6961
vn -0.6739 0.3029 -0.6739
vn 0.0427 0.1797 -0.9828
vn 0.0917 0.9427 -0.3209
vn 0.2068 0.8988 -0.3866
vn 0.0517 0.9442 -0.3254
vn 0.1309 0.9875 -0.0878
vn -0.3849 0.8819 -0.2721
vn -0.1587 0.8386 0.5211
vn 0.5486 0.6706 -0.4993
vn 0.1206 0.9409 -0.3164
vn 0.0293 0.9769 0.2115
vn -0.3827 0.9239 -0.0000
vn -0.2729 0.9184 -0.2865
vn -0.3416 0.8756 -0.3416
vn -0.4499 0.8888 -0.0875
vn -0.4243 0.9040 -0.0519
vn 0.1179 0.9902 0.0747
vn -0.3105 0.9041 -0.2937
vn -0.8727 0.4330 -0.2257
vn -0.6837 0.6814 -0.2611
vn -0.1605 0.7579 -0.6323
vn 0.0497 0.8037 -0.5930
vn 0.3612 0.8408 0.4033
vn -0.7564 0.6187 0.2120
vn -0.9239 0.3827 -0.0000
vn -0.4069 0.8103 -0.4218
vn -0.4119 0.8532 -0.3199
vn -0.5643 0.6894 -0.4542
vn -0.4542 0.6894 -0.5643
vn -0.7071 0.7071 -0.0000
vn -0.3980 0.5808 0.7101
vn 0.4600 0.0727 0.8849
vn 0.9960 0.0639 -0.0622
vn 0.6243 0.5587 0.5459
vn 0.4210 0.8112 0.4059
vn 0.6180 0.7038 0.3504
vn 0.5774 0.5773 0.5773
vn -0.1020 -0.2893 -0.9518
vn -0.5547 0.1955 0.8087
vn 0.6943 0.5731 -0.4353
vn 0.8888 0.4499 0.0875
vn 0.2893 0.9518 -0.1020
vn 0.4600 0.8849 0.0727
vn 0.6158 0.7818 0.0978
vn 0.5773 0.5773 0.5774
vn -0.2120 0.7564 -0.6187
vn -0.3416 0.3416 -0.8756
vn -0.5486 0.4993 -0.6706
vn -0.3879 0.8362 -0.3878
vn -0.2885 0.9296 -0.2295
vn 0.1467 0.7966 -0.5865
vn 0.1673 0.4940 0.8533
vn -0.8569 0.4938 -0.1481
vn -0.0000 0.3324 -0.9431
vn 0.0727 0.8849 -0.4600
vn 0.2257 0.8727 -0.4330
vn -0.7101 0.5808 -0.3980
vn -0.1217 0.8917 0.4360
vn 0.1955 0.8087 0.5547
vn -0.5773 0.5774 -0.5774
vn -0.3458 0.6635 0.6635
vn -0.6635 0.3458 0.6635
vn -0.0000 -1.0000 -0.0000
vn -0.5773 0.5774 0.5773
vn -0.7564 -0.6187 -0.2120
vn -0.9612 -0.2090 0.1799
vn 0.9431 -0.0000 -0.3324
vn 0.4956 0.1507 -0.8554
vn 0.9252 0.2767 0.2595
vn 0.3665 0.4729 -0.8013
vn 0.8820 0.3849 0.2721
vn 0.9940 0.0706 0.0832
vn 0.7831 0.5351 0.3170
vn 0.8443 0.5083 0.1697
vn -0.0975 0.6307 -0.7699
vn 0.5773 0.5773 -0.5774
vn -0.2919 0.5037 -0.8131
vn -0.0489 0.6635 -0.7465
vn 0.3878 0.8362 -0.3878
vn -0.1026 0.8734 -0.4761
vn -0.5237 0.7689 -0.3668
vn -0.4341 0.7893 -0.4341
vn -0.7101 0.3980 -0.5808
vn -0.6861 0.2418 0.6861
vn -0.8756 0.3416 -0.3416
vn -0.7644 0.6373 -0.0979
vn -0.9201 0.3917 0.0015
vn -0.4360 -0.1217 0.8917
vn -0.6894 -0.4542 -0.5643
vn -0.7652 0.1489 -0.6263
vn -0.6307 0.0975 0.7699
vn -0.8087 -0.1955 0.5547
vn -0.9863 0.1263 0.1057
vn 0.7313 -0.5119 -0.4508
vn 0.9786 0.1059 -0.1767
vn 0.3859 0.8819 -0.2709
vn 0.5462 0.6916 -0.4725
vn 0.7674 0.6234 -0.1499
vn 0.8797 0.4731 0.0481
vn 0.7537 0.3521 0.5549
vn 0.0695 0.9942 -0.0823
vn 0.0506 0.9705 -0.2358
vn -0.0706 0.9940 -0.0832
vn 0.1020 0.9518 -0.2893
vn -0.1503 0.8950 -0.4200
vn -0.5459 0.6243 -0.5587
vn -0.3493 0.7034 -0.6190
vn -0.9518 0.2893 -0.1020
vn -0.8727 0.2257 -0.4330
vn -0.6700 0.4108 -0.6183
vn -0.6970 0.5013 -0.5128
vn -0.7652 0.6266 -0.1478
vn -0.9942 0.0823 0.0695
vn -0.9580 0.2686 0.1008
vn -0.5774 -0.5774 -0.5774
vn -0.9967 -0.0566 0.0583
vn 0.7715 0.6210 -0.1382
vn 0.3859 0.8819 0.2708
vn 0.7564 0.6187 0.2120
vn 0.5922 0.8043 -0.0486
vn 0.6301 0.7701 0.0995
vn 0.4488 0.8894 -0.0865
vn 0.5091 0.8491 -0.1408
vn 0.8491 0.5091 0.1408
vn 0.8258 0.5617 -0.0503
vn 0.8417 0.5398 0.0163
vn 0.9650 0.2421 0.1007
vn 0.3980 0.7101 -0.5808
vn -0.3504 0.6180 -0.7038
vn -0.5773 0.5773 -0.5774
vn -0.7155 0.5223 -0.4640
vn -0.5731 0.4353 -0.6943
vn -0.4729 0.8013 -0.3665
vn -0.9901 0.0994 0.0994
vn 0.0865 0.4488 0.8894
vn -0.5478 0.0677 0.8338
vn -0.8641 -0.1634 -0.4761
vn 0.3820 0.9211 0.0749
vn 0.5105 0.7871 -0.3462
vn 0.7982 0.5620 -0.2168
vn 0.4845 0.8667 0.1190
vn 0.5184 0.8551 -0.0000
vn 0.8361 0.3878 0.3879
vn 0.2585 0.8615 -0.4370
vn 0.9759 0.1411 0.1664
vn -0.0506 0.9439 -0.3264
vn -0.2611 0.6814 -0.6837
vn -0.0738 0.8844 -0.4609
vn -0.0000 0.3827 -0.9239
vn -0.4359 0.8917 -0.1217
vn -0.6706 0.4993 0.5486
vn -0.5774 0.5773 -0.5773
vn -0.9431 0.3324 -0.0000
vn -0.8881 0.3251 -0.3251
vn -0.7644 0.0979 -0.6373
vn -0.3056 0.4676 -0.8294
vn -0.3879 0.8361 -0.3878
vn -0.3878 0.8362 -0.3879
vn 0.2708 0.3859 0.8819
vn -0.0000 -0.7071 -0.7071
vn -0.2257 0.4330 0.8727
vn -0.5774 0.5773 0.5773
vn -0.6894 0.5643 0.4542
vn -0.7933 0.5221 0.3132
vn -0.7933 -0.3132 0.5220
vn -0.7069 -0.5395 0.4574
vn -0.8748 -0.1746 0.4520
vn -0.8793 0.0468 0.4740
vn 0.6210 0.7715 -0.1382
vn 0.6702 0.7337 -0.1119
vn 0.3077 0.8177 -0.4865
vn 0.6696 -0.0251 0.7423
vn 0.6263 0.7507 -0.2103
vn 0.3553 0.9163 -0.1847
vn -0.2893 0.9518 0.1020
vn -0.4330 0.8727 0.2257
vn -0.5010 0.6695 0.5484
vn -0.6263 0.7652 0.1489
vn -0.3251 0.3250 -0.8881
vn -0.9708 0.2348 -0.0495
vn -0.6263 0.2103 -0.7507
vn -0.0736 0.3809 -0.9217
vn -0.8881 0.3250 -0.3251
vn -0.5774 0.5773 -0.5774
vn -0.8730 0.1032 0.4768
vn 0.9852 0.1708 0.0161
vn 0.6190 0.3493 -0.7034
vn 0.9589 0.1621 -0.2328
vn 0.7652 0.1478 -0.6266
vn 0.6688 0.1133 0.7348
vn 0.6183 0.6701 -0.4108
vn 0.7101 0.5808 -0.3980
vn 0.8917 0.4360 0.1216
vn 0.4767 -0.1032 0.8730
vn 0.6706 0.4121 -0.6168
vn 0.4369 0.8925 -0.1124
vn 0.6377 0.7261 -0.2572
vn 0.7605 0.6468 -0.0569
vn 0.1057 -0.5907 0.8000
vn -0.0000 -0.3827 0.9239
vn 0.6746 0.6696 -0.3109
vn 0.2919 0.8131 -0.5037
vn 0.2418 -0.6861 0.6861
vn 0.3416 -0.3416 0.8756
vn 0.6861 -0.2418 0.6861
vn -0.0478 0.7459 -0.6643
vn -0.3809 0.9217 0.0736
vn -0.6643 0.7459 0.0478
vn -0.5252 0.8509 -0.0130
vn -0.5773 0.5774 -0.5773
vn -0.5808 0.3980 -0.7101
vn -0.9518 0.1020 -0.2893
vn -0.3615 -0.0157 -0.9322
vn -0.0517 0.3254 -0.9442
vn -0.1489 0.6263 -0.7652
vn -0.2945 0.1115 -0.9491
vn -0.6746 0.3109 -0.6696
vn -0.7576 0.6324 0.1616
vn 0.8268 -0.2554 0.5011
vn 0.9942 -0.0695 -0.0823
vn 0.9431 -0.3324 -0.0000
vn 0.5482 -0.0683 0.8335
vn 0.9163 0.3553 -0.1847
vn 0.9687 0.1691 0.1818
vn 0.9740 -0.2258 0.0164
vn 0.8756 -0.3416 0.3416
vn 0.6739 -0.3029 0.6739
vn 0.8335 -0.5523 -0.0153
vn 0.7806 0.5143 -0.3552
vn 0.8321 0.3853 -0.3990
vn 0.7875 0.1479 -0.5983
vn 0.9587 -0.2158 -0.1851
vn 0.3878 -0.3878 0.8362
vn 0.2721 0.3849 -0.8820
vn -0.0000 -0.3324 0.9431
vn -0.7337 -0.6702 0.1119
vn 0.0481 -0.4731 -0.8797
vn -0.0000 -0.9431 0.3324
vn -0.6700 -0.6183 0.4108
vn -0.0000 -0.9431 -0.3324
vn 0.2415 -0.6948 -0.6775
vn 0.6635 -0.3458 0.6635
vn 0.7709 -0.6219 0.1376
vn -0.6706 0.6168 -0.4121
vn -0.3980 0.5808 -0.7101
vn -0.6373 0.7644 0.0979
vn -0.5774 0.5773 0.5774
vn -0.8881 0.3250 -0.3250
vn -0.5184 -0.0000 -0.8551
vn -0.7348 0.6688 -0.1133
vn -0.0695 0.0823 -0.9942
vn -0.3859 0.2709 -0.8819
vn 0.5983 0.1479 0.7875
vn 0.6948 -0.6775 0.2415
vn 0.8775 0.3384 -0.3399
vn -0.1020 0.2893 -0.9518
vn 0.7652 -0.6266 -0.1478
vn 0.7507 0.6263 -0.2103
vn 0.6811 -0.2622 -0.6837
vn 0.6739 -0.6739 -0.3029
vn 0.5583 0.5453 0.6252
vn 0.8724 -0.0101 0.4886
vn 0.9141 0.1711 -0.3676
vn 0.9439 0.0506 0.3264
vn 0.9518 -0.1020 0.2893
vn 0.6739 -0.6739 0.3029
vn 0.7966 0.1467 -0.5865
vn 0.6940 -0.5740 0.4347
vn 0.3029 -0.6739 0.6739
vn 0.9217 0.3809 -0.0736
vn -0.1616 -0.7576 0.6324
vn 0.8131 0.2919 -0.5037
vn -0.3416 -0.8756 0.3416
vn -0.5740 -0.4347 0.6940
vn -0.3827 -0.9239 -0.0000
vn -0.6324 -0.7576 0.1616
vn -0.1032 -0.8730 0.4767
vn -0.4330 -0.2257 -0.8727
vn -0.6940 -0.4347 0.5740
vn -0.4240 -0.9042 0.0515
vn -0.0823 -0.9942 -0.0695
vn 0.1020 -0.9518 0.2893
vn -0.2227 -0.3112 0.9239
vn 0.3199 -0.0928 0.9429
vn 0.5011 -0.8268 -0.2554
vn 0.3827 -0.9239 -0.0000
vn 0.5547 -0.8087 0.1955
vn -0.7027 -0.5967 0.3874
vn 0.4629 -0.8605 -0.2126
vn 0.2721 -0.3849 -0.8820
vn 0.8730 -0.4768 -0.1032
vn 0.7071 -0.7071 -0.0000
vn -0.8182 0.4970 -0.2891
vn -0.3553 0.1847 -0.9163
vn -0.7694 0.3660 0.5236
vn -0.8361 0.3879 0.3879
vn -0.7615 0.5426 -0.3547
vn -0.2257 0.4330 -0.8727
vn -0.1711 0.3676 -0.9141
vn -0.6973 0.5111 -0.5025
vn 0.5015 0.8269 0.2543
vn 0.6990 0.7053 0.1182
vn 0.6204 -0.0000 -0.7843
vn 0.4360 0.8917 0.1217
vn 0.8013 0.4729 0.3665
vn -0.2001 -0.0000 -0.9798
vn 0.7694 -0.5236 -0.3660
vn 0.9959 -0.0652 0.0634
vn 0.8302 -0.3747 0.4127
vn 0.8112 -0.4059 -0.4210
vn 0.8727 -0.2257 0.4330
vn 0.4347 -0.4347 0.7887
vn 0.2555 -0.8268 0.5011
vn 0.3416 -0.8756 0.3416
vn -0.3878 -0.8362 0.3878
vn -0.0478 -0.6643 0.7459
vn -0.3324 -0.9431 -0.0000
vn -0.8300 -0.5143 -0.2158
vn -0.2555 -0.5011 -0.8268
vn -0.3878 -0.3879 0.8362
vn -0.4865 -0.3077 -0.8177
vn 0.1026 0.4761 -0.8734
vn -0.4494 -0.8609 0.2387
vn -0.6775 -0.2415 -0.6948
vn -0.5749 -0.7908 -0.2099
vn -0.7933 -0.3132 -0.5220
vn 0.1020 -0.2893 -0.9518
vn 0.2007 -0.3837 0.9014
vn 0.3156 -0.4759 0.8209
vn 0.4994 -0.8610 0.0957
vn -0.9211 -0.3820 0.0749
vn 0.5739 -0.6940 0.4347
vn 0.9589 -0.1617 0.2333
vn 0.8362 -0.3878 0.3878
vn 0.6183 -0.6700 -0.4108
vn 0.8894 -0.4489 -0.0865
vn 0.9239 -0.3827 -0.0000
vn 0.2123 0.6265 -0.7500
vn -0.0727 0.4600 -0.8849
vn -0.6889 0.4551 0.5641
vn -0.4330 0.2257 -0.8727
vn -0.7564 -0.2120 -0.6187
vn -0.3105 0.2937 -0.9041
vn -0.9607 -0.1962 0.1962
vn 0.4609 -0.0738 -0.8844
vn -0.0975 -0.6307 -0.7699
vn -0.1531 0.2700 -0.9506
vn 0.5168 -0.3211 0.7936
vn 0.4332 -0.8698 0.2363
vn 0.7465 -0.0489 -0.6635
vn 0.3878 -0.3878 -0.8362
vn 0.8881 -0.3251 0.3251
vn 0.3980 -0.5808 0.7101
vn -0.2162 -0.9567 0.1948
vn -0.3879 -0.3878 -0.8361
vn -0.0489 -0.7465 0.6635
vn -0.6774 0.1635 -0.7172
vn -0.3879 -0.3878 0.8361
vn -0.6970 -0.5128 0.5013
vn -0.9499 0.0632 -0.3060
vn -0.8604 -0.2411 0.4490
vn -0.4622 -0.8868 -0.0000
vn -0.7933 0.5221 -0.3132
vn -0.5961 -0.0918 0.7976
vn -0.5624 -0.6941 0.4494
vn 0.4622 -0.8868 -0.0000
vn 0.4108 -0.6701 0.6183
vn 0.3211 -0.5168 0.7936
vn 0.1605 0.6323 -0.7579
vn 0.6940 -0.5739 0.4347
vn 0.9899 -0.1420 0.0009
vn 0.7507 -0.6263 -0.2103
vn 0.8819 -0.3859 -0.2709
vn 0.6889 -0.4551 -0.5641
vn 0.7038 -0.3504 -0.6180
vn 0.8819 -0.3849 0.2721
vn -0.9429 -0.0928 0.3199
vn -0.7855 -0.5610 -0.2613
vn -0.5773 -0.5773 -0.5774
vn -0.2462 -0.4066 -0.8798
vn -0.8868 0.4622 -0.0000
vn -0.5107 -0.4159 0.7525
vn 0.2719 -0.0000 -0.9623
vn -0.1777 0.6253 -0.7599
vn -0.9431 -0.0000 -0.3324
vn -0.6563 -0.5394 -0.5275
vn -0.7744 -0.2940 -0.5603
vn 0.7576 -0.1616 -0.6324
vn 0.8727 -0.4330 0.2257
vn 0.5773 -0.5773 0.5774
vn 0.5773 -0.5774 0.5774
vn 0.9518 -0.2893 0.1020
vn 0.8849 -0.0727 -0.4600
vn 0.5774 -0.5774 0.5773
vn 0.2257 -0.4330 0.8727
vn 0.9612 -0.1799 0.2090
vn 0.2893 -0.1020 0.9518
vn -0.3493 -0.6190 0.7034
vn -0.3109 -0.6696 -0.6746
vn -0.4520 -0.1746 -0.8748
vn 0.0287 -0.5503 0.8345
vn 0.0875 -0.4499 -0.8888
vn -0.3251 0.3251 -0.8881
vn -0.0706 -0.0832 0.9940
vn -0.6859 0.6677 -0.2894
vn 0.5747 -0.8180 0.0260
vn 0.3029 -0.6739 -0.6739
vn 0.3324 -0.9431 -0.0000
vn 0.8793 -0.4740 -0.0468
vn 0.5774 -0.5773 -0.5773
vn 0.5517 -0.8282 -0.0986
vn 0.7576 -0.6324 -0.1616
vn 0.5808 -0.3980 0.7101
vn 0.6889 -0.5641 -0.4551
vn 0.8888 -0.4499 0.0875
vn -0.4551 -0.6889 0.5641
vn -0.0489 -0.4585 -0.8873
vn -0.6377 -0.7261 0.2572
vn -0.5236 -0.7694 0.3660
vn 0.0308 -0.8994 -0.4360
vn 0.3324 -0.0000 -0.9431
vn -0.6746 -0.3128 0.6686
vn 0.3254 -0.0517 -0.9442
vn 0.6263 -0.1489 -0.7652
vn -0.8775 0.3399 -0.3384
vn -0.8917 0.4359 0.1217
vn 0.0009 -0.1420 -0.9899
vn -0.2401 -0.6790 -0.6938
vn -0.4353 -0.5731 -0.6943
vn 0.4918 -0.8145 0.3078
vn 0.8917 -0.4360 -0.1217
vn 0.7701 -0.6301 0.0995
vn 0.8007 -0.4744 -0.3659
vn 0.6265 -0.7500 0.2123
vn 0.0506 -0.9439 0.3264
vn 0.2257 -0.8727 0.4330
vn -0.0000 -0.9239 0.3827
vn -0.3399 -0.8775 0.3384
vn -0.0917 -0.9427 0.3209
vn -0.0506 -0.3264 0.9439
vn -0.4341 -0.4341 0.7893
vn -0.5484 -0.5010 0.6695
vn 0.4360 0.1217 -0.8917
vn 0.1263 -0.9863 0.1057
vn 0.6187 -0.7564 0.2120
vn 0.3879 -0.8361 0.3878
vn 0.5184 -0.8551 -0.0000
vn 0.1735 -0.8963 0.4080
vn 0.4068 -0.8794 0.2472
vn 0.4499 -0.8888 0.0875
vn 0.2184 -0.9589 -0.1810
vn 0.3849 -0.8819 -0.2721
vn 0.8487 -0.5094 -0.1419
vn 0.7644 -0.6373 0.0979
vn 0.3849 -0.8820 0.2721
vn 0.5773 -0.5774 0.5773
vn -0.4059 -0.8112 0.4209
vn 0.6196 -0.0011 -0.7849
vn 0.8362 -0.3878 -0.3878
vn 0.7564 -0.6187 -0.2120
vn -0.3504 -0.7038 0.6180
vn -0.6243 -0.5587 -0.5459
vn -0.5107 -0.7544 0.4123
vn -0.8362 0.3878 -0.3878
vn -0.9492 0.1122 -0.2940
vn -0.3878 0.8361 -0.3879
vn 0.5045 -0.2930 -0.8122
vn 0.4330 -0.2257 0.8727
vn 0.7652 -0.6266 0.1478
vn 0.4069 -0.8103 0.4218
vn 0.5774 -0.5774 -0.5774
vn 0.6307 -0.7699 -0.0975
vn 0.0478 -0.7459 0.6643
vn 0.3251 -0.3251 -0.8881
vn -0.6263 -0.7507 0.2103
vn -0.2543 -0.8269 0.5015
vn -0.6943 -0.5731 0.4353
vn 0.2893 -0.1020 -0.9518
vn 0.0979 -0.6373 0.7644
vn 0.3863 -0.8313 0.3997
vn -0.9041 0.3105 0.2937
vn 0.3849 -0.8819 0.2721
vn 0.3564 -0.9157 0.1856
vn 0.6954 -0.4548 0.5564
vn -0.8727 -0.4330 0.2257
vn -0.3496 -0.8282 0.4381
vn -0.8269 -0.2543 0.5015
vn 0.9217 -0.3809 -0.0736
vn 0.5453 -0.5583 0.6252
vn -0.0727 -0.8849 0.4600
vn 0.2543 0.8269 -0.5015
vn -0.6326 -0.2512 0.7326
vn 0.0928 -0.3199 -0.9429
vn -0.1057 -0.1263 -0.9863
vn -0.6263 0.1489 0.7652
vn 0.3997 -0.3863 -0.8313
vn 0.3251 -0.3251 0.8881
vn 0.4360 -0.8917 0.1217
vn 0.9901 -0.0994 -0.0994
vn 0.2001 -0.9798 -0.0000
vn -0.6266 -0.7652 -0.1478
vn -0.4347 -0.7887 0.4347
vn 0.6990 -0.7053 0.1182
vn 0.8103 -0.4069 0.4218
vn 0.7500 -0.6265 0.2123
vn 0.8253 -0.5623 0.0512
vn 0.6190 -0.3493 -0.7034
vn 0.8361 -0.3878 -0.3878
vn -0.9239 -0.3827 -0.0000
vn 0.7887 -0.4347 -0.4347
vn 0.8406 -0.5414 -0.0160
vn 0.1616 -0.6324 0.7576
vn -0.3878 -0.3878 0.8362
vn 0.3879 0.3879 -0.8361
vn 0.8362 0.3879 -0.3878
vn -0.9258 0.2586 0.2756
vn -0.8286 -0.0994 0.5509
vn -0.5453 -0.6252 0.5583
vn -0.2922 -0.7734 0.5626
vn 0.5398 -0.5282 0.6555
vn -0.1507 -0.4956 0.8554
vn -0.3878 0.3878 -0.8362
vn -0.9578 0.2133 -0.1929
vn 0.8917 0.1217 0.4360
vn 0.9623 -0.0000 0.2719
vn -0.5774 0.5774 0.5774
vn -0.8917 0.1217 0.4360
vn -0.9688 0.1815 0.1687
vn 0.5874 -0.1456 -0.7961
vn 0.8868 -0.4622 -0.0000
vn 0.3878 -0.8362 0.3878
vn 0.6706 -0.5486 -0.4993
vn 0.6373 -0.0979 -0.7644
vn 0.2930 -0.8122 0.5044
vn 0.8177 -0.4865 0.3077
vn 0.3493 -0.7034 0.6190
vn 0.5641 -0.4551 0.6889
vn 0.4330 -0.8727 -0.2257
vn 0.0497 -0.5930 0.8037
vn 0.2146 -0.5149 -0.8299
vn 0.3132 -0.7933 0.5220
vn -0.1691 -0.1818 0.9687
vn 0.5907 -0.7870 -0.1781
vn 0.0736 -0.9217 -0.3809
vn -0.5220 -0.7933 -0.3132
vn 0.3132 -0.7933 -0.5220
vn 0.4680 -0.8569 0.2160
vn 0.8361 -0.3878 -0.3879
vn -0.6943 0.4353 -0.5731
vn -0.1651 0.5724 -0.8032
vn 0.0287 -0.1850 0.9823
vn -0.5973 0.7879 0.1496
vn -0.5218 0.4650 0.7152
vn -0.3324 0.9431 -0.0000
vn 0.6695 -0.5484 0.5010
vn 0.9708 -0.0583 0.2325
vn 0.9429 0.3199 0.0928
vn -0.1217 -0.4360 -0.8917
vn 0.5773 -0.5774 -0.5774
vn -0.3676 -0.1711 -0.9141
vn 0.4218 -0.4069 -0.8103
vn 0.9211 -0.3820 0.0749
vn 0.1020 -0.2893 0.9518
vn -0.1057 -0.1263 0.9863
vn 0.4359 -0.8917 0.1217
vn -0.9587 0.1812 -0.2194
vn 0.7678 0.6233 -0.1483
vn 0.9184 -0.2865 -0.2729
vn 0.4524 -0.8745 -0.1751
vn 0.7888 -0.5774 -0.2106
vn 0.4551 -0.6889 0.5641
vn 0.0738 -0.8844 0.4609
vn 0.6324 -0.1616 0.7576
vn 0.3209 0.0917 -0.9427
vn -0.8894 0.0865 0.4488
vn 0.0354 0.3959 -0.9176
vn -0.5149 0.8299 -0.2146
vn -0.8820 0.3849 0.2721
vn 0.7699 -0.6307 -0.0975
vn 0.9940 -0.0706 0.0832
vn 0.9070 -0.1533 0.3923
vn 0.7101 -0.5808 0.3980
vn -0.8140 0.4005 -0.4208
vn -0.8007 0.3659 0.4744
vn -0.3853 0.3990 -0.8321
vn -0.7933 0.3132 -0.5220
vn -0.7652 -0.1478 0.6266
vn 0.9861 -0.0000 -0.1662
vn -0.9439 -0.3264 -0.0506
vn 0.8184 -0.2896 0.4962
vn 0.7711 0.6150 0.1650
vn 0.6806 -0.1151 0.7236
vn 0.9427 -0.3209 -0.0917
vn -0.8881 -0.3250 0.3250
vn 0.8820 -0.3849 0.2721
vn -0.7933 0.5220 -0.3132
vn -0.8428 0.2564 0.4732
vn -0.7933 -0.5220 0.3132
vn -0.8917 0.1216 0.4360
vn 0.9629 -0.0000 -0.2699
vn 0.8917 -0.1217 -0.4360
vn 0.4359 0.1217 -0.8917
vn 0.4359 0.1217 0.8917
vn 0.6373 -0.7644 -0.0979
vn 0.3537 0.9348 0.0336
vn 0.7613 -0.6458 0.0575
vn 0.0872 -0.1339 0.9872
vn 0.7101 -0.3980 0.5808
vn 0.3878 0.3879 -0.8361
vn -0.6373 0.0979 -0.7644
vn -0.5659 0.6985 0.4380
vn -0.8112 0.4209 0.4059
vn -0.8949 0.4196 0.1520
vn -0.7666 0.1477 -0.6249
vn -0.6481 0.3798 -0.6601
vn 0.3879 -0.8362 0.3878
vn 0.4330 -0.8727 0.2257
vn -0.1419 -0.5094 -0.8488
vn 0.2058 -0.9785 0.0113
vn -0.2056 -0.8678 0.4524
vn 0.5774 -0.5773 0.5774
vn 0.5484 -0.6695 0.5010
vn -0.6965 -0.3459 0.6287
vn 0.5774 -0.5773 0.5773
vn -0.7693 0.3660 0.5236
vn -0.8335 -0.0683 0.5482
vn 0.2257 -0.8727 -0.4330
vn 0.3105 -0.9041 0.2937
vn 0.3980 -0.7101 -0.5808
vn 0.0706 -0.9940 0.0832
vn -0.5143 -0.8300 0.2158
vn -0.4993 -0.6706 -0.5486
vn 0.8298 -0.4664 0.3065
vn -0.1026 -0.4761 0.8734
vn -0.3180 -0.5351 0.7827
vn -0.5482 0.0682 0.8335
vn -0.9322 -0.0157 0.3615
vn 0.3878 -0.8362 -0.3878
vn -0.0468 -0.4740 -0.8793
vn -0.2891 -0.9126 0.2889
vn -0.3903 -0.9143 -0.1086
vn 0.2120 0.6187 -0.7564
vn 0.7034 -0.3493 0.6190
vn 0.3837 -0.2007 0.9014
vn 0.4121 0.6706 -0.6168
vn -0.5260 -0.4043 0.7483
vn -0.9968 0.0556 -0.0571
vn 0.7459 -0.0478 0.6643
vn 0.1984 -0.0000 -0.9801
vn 0.8122 -0.2930 0.5045
vn 0.5115 -0.7867 0.3456
vn -0.1971 -0.8525 0.4841
vn 0.6605 -0.3795 0.6478
vn 0.2679 -0.1552 0.9509
vn 0.8949 -0.1520 -0.4196
vn 0.9863 -0.1057 -0.1263
vn 0.9429 -0.3199 0.0928
vn 0.8844 -0.0738 0.4609
vn 0.1133 -0.7348 -0.6688
vn 0.3132 -0.5220 -0.7933
vn 0.7961 -0.1456 0.5874
vn -0.4909 0.3070 -0.8154
vn 0.9274 0.0289 -0.3730
vn -0.3878 0.3878 0.8362
vn 0.9442 -0.0517 -0.3254
vn -0.1812 0.2081 0.9612
vn 0.9481 -0.0779 0.3083
vn 0.8730 -0.1032 -0.4768
vn -0.6187 -0.2120 0.7564
vn 0.9439 -0.0506 0.3264
vn 0.4551 -0.5641 0.6889
vn 0.1217 0.4360 0.8917
vn 0.9392 -0.2979 -0.1707
vn 0.9431 -0.0000 0.3324
vn 0.9135 -0.1722 0.3685
vn 0.6373 -0.0979 0.7644
vn -0.3251 0.3250 0.8881
vn -0.5773 0.5774 0.5774
vn -0.9559 0.1927 -0.2216
vn 0.5104 0.0645 0.8575
vn 0.7045 0.0648 0.7068
vn -0.9578 -0.2125 0.1935
vn 0.3980 -0.5808 -0.7101
vn 0.5773 -0.5774 -0.5773
vn -0.9405 0.3358 0.0520
vn 0.8362 0.3878 0.3878
vn 0.1382 0.7715 0.6210
vn 0.2401 0.6938 0.6790
vn 0.1217 0.4359 0.8917
vn -0.4731 -0.0481 0.8797
vn 0.5044 -0.2930 -0.8122
vn -0.5773 -0.5774 -0.5773
vn -0.8849 0.4600 0.0727
vn 0.6695 0.5484 0.5010
vn 0.0736 0.9217 0.3809
vn 0.2168 0.7982 0.5620
vn -0.9687 -0.1818 -0.1691
vn 0.3685 -0.1722 -0.9135
vn -0.6187 0.2120 -0.7564
vn -0.7465 0.6635 0.0489
vn 0.8361 0.3879 0.3879
vn -0.9442 0.3254 0.0517
vn 0.7644 0.6373 -0.0979
vn 0.3903 0.9143 0.1086
vn 0.1032 0.4768 0.8730
vn 0.0865 0.4489 0.8894
vn 0.3659 0.4744 0.8007
vn 0.6373 0.7644 0.0979
vn 0.0779 0.9481 0.3083
vn 0.2103 0.7507 0.6263
vn 0.8881 0.3250 -0.3250
vn 0.3990 0.8321 0.3853
vn 0.3399 0.8775 -0.3384
vn 0.4359 0.8917 -0.1217
vn -0.2306 0.5376 0.8111
vn 0.1927 -0.2216 0.9559
vn -0.7459 -0.6643 -0.0478
vn -0.8734 -0.4761 -0.1026
vn 0.8362 -0.3879 -0.3878
vn -0.6190 0.7034 0.3493
vn -0.4218 0.8103 0.4069
vn -0.2123 0.7500 0.6265
vn 0.0652 0.9959 0.0634
vn 0.6187 0.7564 -0.2120
vn 0.3103 0.8974 0.3136
vn 0.2350 0.9720 -0.0000
vn 0.8154 0.4909 -0.3070
vn 0.4243 0.0519 -0.9040
vn -0.4353 0.6943 0.5731
vn 0.1489 -0.6263 0.7652
vn -0.7876 0.2872 0.5451
vn -0.7887 0.4347 0.4347
vn 0.2348 -0.0495 0.9708
vn -0.4761 0.8734 -0.1026
vn -0.3264 0.9439 0.0506
vn -0.0875 0.8888 0.4499
vn -0.0988 0.9902 -0.0988
vn -0.0000 0.9239 0.3827
vn -0.2257 0.8727 0.4330
vn 0.1192 0.9442 0.3071
vn 0.0489 0.7465 -0.6635
vn 0.5774 0.5773 -0.5773
vn 0.4909 0.8154 -0.3070
vn 0.3070 0.8154 0.4909
vn 0.2709 0.8819 0.3859
vn 0.0979 0.7644 0.6373
vn -0.2415 0.6775 0.6948
vn -0.0164 -0.0296 0.9994
vn -0.5808 -0.3980 -0.7101
vn 0.8112 -0.4059 -0.4209
vn -0.2721 0.8819 0.3849
vn 0.2257 0.8727 0.4330
vn 0.5459 0.5587 -0.6243
vn -0.2285 0.1515 0.9617
vn -0.4359 -0.1217 0.8917
vn -0.5774 -0.5774 -0.5773
vn -0.3990 -0.3853 -0.8321
vn 0.4200 0.1503 -0.8950
vn 0.3668 0.5236 -0.7689
vn -0.1115 0.2945 0.9491
vn 0.1263 0.1057 0.9863
vn -0.7877 0.2872 0.5451
vn -0.5643 -0.4542 0.6894
vn -0.7644 -0.6373 0.0979
vn 0.0979 -0.6373 -0.7644
vn -0.2893 0.1020 -0.9518
vn 0.1818 0.1691 -0.9687
vn 0.1508 -0.8185 0.5543
vn 0.7002 -0.5563 0.4475
vn -0.1217 -0.4360 0.8917
vn -0.5011 0.2554 0.8268
vn -0.7101 -0.5808 0.3980
vn 0.4121 -0.6706 -0.6168
vn 0.8145 -0.4918 0.3078
vn 0.4123 -0.4123 0.8124
vn -0.2893 -0.1020 -0.9518
vn -0.5220 0.3132 0.7933
vn -0.0604 0.7906 0.6093
vn -0.3661 0.1541 0.9177
vn -0.0575 -0.6464 0.7609
vn -0.2103 -0.6263 -0.7507
vn -0.3070 -0.4909 -0.8154
vn -0.5773 -0.5774 -0.5774
vn 0.3416 -0.8756 -0.3416
vn 0.1645 -0.4762 0.8638
vn -0.3132 0.5221 0.7933
vn 0.4762 -0.1645 0.8638
vn 0.1856 -0.3564 -0.9157
vn -0.1605 -0.6323 0.7579
vn -0.0979 -0.6373 -0.7644
vn -0.8087 -0.5547 0.1955
vn 0.2893 -0.9518 -0.1020
vn 0.1032 -0.4767 0.8730
vn -0.0738 -0.4609 0.8844
vn 0.3078 -0.4918 -0.8145
vn -0.5459 -0.5587 0.6243
vn 0.2989 -0.3787 0.8759
vn -0.1616 -0.7576 -0.6324
vn -0.3659 -0.8007 -0.4744
vn -0.5641 -0.6889 -0.4551
vn -0.4210 -0.8112 -0.4059
vn 0.3250 -0.8881 0.3250
vn -0.0000 -0.9239 -0.3827
vn 0.1812 -0.9612 -0.2081
vn 0.4475 -0.5563 -0.7002
vn 0.3809 -0.9217 -0.0736
vn 0.9910 -0.0811 -0.1062
vn -0.5236 -0.3668 0.7689
vn -0.5739 -0.4347 0.6940
vn -0.4059 -0.8112 0.4210
vn -0.7152 -0.5218 0.4650
vn 0.1274 -0.4650 0.8761
vn -0.0865 -0.4489 -0.8894
vn -0.4551 -0.6889 -0.5641
vn -0.4347 -0.7887 -0.4347
vn 0.4533 0.8710 -0.1893
vn 0.7554 -0.6238 -0.2007
vn 0.4557 -0.8744 0.1665
vn 0.4623 0.6699 -0.5809
vn 0.2928 -0.0269 -0.9558
vn 0.7322 -0.6328 0.2518
vn 0.8894 -0.4488 -0.0865
vn 0.2786 -0.8716 -0.4034
vn 0.0979 -0.7644 -0.6373
vn -0.1503 -0.4200 0.8950
vn -0.0287 -0.8345 0.5503
vn -0.9204 -0.3910 -0.0009
vn 0.4360 -0.8917 -0.1216
vn 0.3878 -0.8362 -0.3879
vn 0.6997 -0.7049 -0.1161
vn 0.8569 -0.1481 -0.4938
vn -0.0015 -0.9201 -0.3917
vn -0.3416 -0.8756 -0.3416
vn -0.3660 -0.7694 -0.5236
vn -0.8491 -0.5091 0.1408
vn -0.7155 -0.4640 0.5223
vn -0.0994 -0.9901 -0.0994
vn -0.6324 -0.7576 -0.1616
vn -0.1057 -0.9863 -0.1263
vn -0.3199 -0.9429 0.0928
vn -0.1687 -0.9688 0.1815
vn 0.1020 -0.9518 -0.2893
vn 0.8282 -0.5517 -0.0987
vn 0.0222 -0.9131 0.4071
vn 0.6701 -0.4108 0.6183
vn 0.1478 -0.7652 -0.6266
vn -0.4488 -0.8894 0.0865
vn 0.3384 -0.8775 0.3399
vn 0.4789 -0.7102 0.5161
vn 0.4970 -0.2891 0.8182
vn 0.0639 -0.9960 0.0622
vn 0.9587 -0.1471 0.2435
vn 0.4622 -0.0000 -0.8868
vn -0.2637 -0.2651 0.9275
vn -0.1263 -0.1057 -0.9863
vn -0.5543 -0.8185 0.1508
vn 0.6343 0.5212 -0.5710
vn 0.3798 -0.6601 -0.6481
vn -0.1066 -0.4111 -0.9054
vn -0.8268 -0.5011 -0.2554
vn -0.4600 -0.8849 -0.0727
vn -0.5091 -0.8491 -0.1408
vn -0.3859 -0.8819 0.2709
vn -0.8793 -0.4740 -0.0468
vn 0.9927 -0.0000 0.1206
vn 0.4332 0.8698 0.2363
vn 0.9185 -0.1562 0.3634
vn -0.5543 0.8185 -0.1508
vn -0.9797 -0.0995 0.1738
vn 0.3083 -0.0779 -0.9481
vn 0.4084 0.1723 0.8964
vn 0.7725 -0.6132 -0.1647
vn 0.9740 -0.0000 0.2265
vn 0.6433 -0.5471 -0.5357
vn 0.7644 -0.0979 0.6373
vn 0.6889 -0.5641 0.4551
vn 0.7716 -0.1621 0.6151
vn 0.0634 -0.0652 -0.9959
vn 0.5149 -0.8299 -0.2146
vn -0.2582 -0.7252 -0.6382
vn 0.9892 -0.0814 -0.1220
vn 0.2937 -0.3105 -0.9041
vn -0.6696 0.3109 0.6746
vn 0.7261 -0.2572 -0.6376
vn -0.5543 0.1508 -0.8185
vn 0.3394 -0.3407 0.8768
vn 0.5015 0.2543 0.8269
vn 0.5731 0.4353 -0.6943
vn 0.9573 0.1567 -0.2428
vn 0.2306 0.8111 0.5376
vn -0.9703 0.2356 -0.0545
vn 0.3820 0.9211 -0.0749
vn 0.1780 0.7876 -0.5899
vn 0.9585 0.1482 -0.2435
vn 0.9994 0.0296 0.0164
vn 0.2767 -0.2595 -0.9252
vn -0.3820 -0.0749 -0.9211
vn -0.8917 -0.1217 -0.4360
vn -0.9617 0.1515 -0.2285
vn 0.3065 -0.4664 -0.8298
vn 0.9849 -0.1726 -0.0158
vn -0.9615 -0.1520 0.2289
vn -0.2285 -0.1515 -0.9617
vn 0.0749 -0.3820 -0.9211
vn 0.1456 -0.7961 0.5874
vn -0.2555 -0.8268 0.5011
vn -0.1217 -0.8917 0.4360
vn -0.5457 -0.2867 0.7874
vn -0.8730 0.4768 0.1032
vn 0.4238 0.1544 0.8925
vn -0.3077 0.4865 0.8177
vn -0.9143 0.3903 -0.1086
vn 0.5930 -0.0497 -0.8037
vn -0.7565 0.2120 0.6187
vn -0.6382 0.7252 -0.2582
vn 0.1665 0.6768 -0.7171
vn 0.8462 -0.0000 -0.5329
vn 0.0011 0.7849 -0.6196
vn -0.3906 0.9027 -0.1803
vn -0.9665 0.1809 0.1822
vn 0.2582 -0.6383 0.7252
vn 0.5351 0.5469 -0.6438
vn 0.8554 -0.1507 -0.4956
vn 0.3684 0.7269 -0.5796
vn 0.1650 0.6150 -0.7711
vn 0.9450 -0.1347 -0.2981
vn -0.3324 -0.0000 -0.9431
vn -0.9589 -0.1810 0.2184
vn 0.8254 -0.5645 -0.0000
vn 0.8335 0.0682 0.5482
vn -0.6383 0.7252 -0.2582
vn -0.6210 0.7715 -0.1382
vn 0.5808 -0.7101 -0.3980
vn 0.3553 0.9140 -0.1956
vn 0.9863 0.1057 0.1263
vn 0.9152 -0.3780 0.1397
vn 0.1478 -0.7652 0.6266
vn -0.0758 -0.9887 -0.1291
vn -0.3859 0.8819 0.2709
vn -0.6481 -0.6601 -0.3798
vn -0.6696 -0.6994 0.2499
vn -0.4767 -0.8730 0.1032
vn -0.8819 -0.3859 -0.2709
vn 0.0356 0.7496 -0.6610
vn 0.9312 -0.2653 0.2500
vn 0.3166 -0.8211 0.4749
vn -0.1382 -0.7715 -0.6210
vn -0.1382 -0.6210 -0.7715
vn -0.2582 -0.7252 0.6382
vn -0.7750 -0.6199 0.1228
vn -0.4744 -0.8007 0.3659
vn 0.2120 -0.6187 -0.7564
vn -0.7870 0.2051 0.5819
vn 0.9767 -0.0305 0.2123
vn -0.0000 -0.4622 0.8868
vn -0.9201 0.0015 0.3917
vn -0.2708 -0.3859 -0.8819
vn -0.7035 -0.5025 -0.5025
vn -0.5809 0.1430 -0.8013
vn -0.5025 0.5111 0.6973
vn -0.1430 0.8013 -0.5809
vn 0.8525 -0.1971 0.4841
vn -0.7699 0.0975 -0.6307
vn -0.0000 -0.3324 -0.9431
vn 0.7874 -0.2867 0.5457
vn -0.3324 -0.0000 0.9431
vn -0.9211 -0.0749 0.3820
vn 0.4359 -0.8917 -0.1216
vn -0.2709 -0.8819 -0.3859
vn 0.5864 -0.8039 0.0996
vn -0.0749 -0.3820 -0.9211
vn 0.7483 0.5260 0.4043
vn 0.4956 -0.1507 0.8554
vn -0.7606 -0.5432 0.3556
vn -0.0251 -0.8201 -0.5717
vn -0.1297 -0.3311 -0.9346
vn 0.9863 -0.1263 -0.1057
vn 0.2896 -0.4962 0.8184
vn 0.4341 -0.1104 -0.8941
vn 0.0227 0.2403 0.9704
vn -0.5717 -0.8201 0.0251
vn 0.7609 -0.6464 0.0575
vn -0.0575 0.6464 -0.7609
vn 0.8525 0.1971 -0.4841
vn 0.9379 -0.2452 -0.2452
vn 0.0609 0.6088 0.7910
vn -0.0000 0.4622 -0.8868
vn 0.9973 -0.0603 -0.0422
vn -0.9920 0.0904 0.0879
vn 0.9703 0.0545 -0.2356
vn 0.3016 0.8084 0.5055
vn -0.6684 0.3608 -0.6504
vn -0.5353 0.6441 -0.5464
vn -0.6768 -0.1665 0.7171
vn 0.4841 -0.1971 -0.8525
vn -0.3879 0.3878 -0.8362
vn -0.2114 0.5849 0.7831
vn 0.5907 0.1057 0.8000
vn 0.7807 -0.0956 0.6175
vn -0.9604 -0.1971 -0.1971
vn -0.3908 -0.7504 -0.5331
vn 0.8273 -0.3577 -0.4331
vn 0.6861 -0.2418 -0.6861
vn -0.6861 -0.2418 -0.6861
s 1
f 1//1 2//2 3//3
f 1//1 4//4 2//2
f 2//2 4//4 5//5
f 4//4 6//6 5//5
f 7//7 8//8 9//9
f 9//9 8//8 1//1
f 9//9 1//1 3//3
f 8//8 10//10 1//1
f 1//1 10//10 4//4
f 10//10 11//11 4//4
f 4//4 11//11 12//12
f 4//4 12//12 6//6
f 6//6 12//12 13//6
f 12//12 14//13 13//6
f 15//14 7//7 16//14
f 16//14 7//7 9//9
f 11//11 17//15 12//12
f 17//15 18//16 12//12
f 12//12 18//16 19//17
f 12//12 19//17 14//13
f 20//14 15//14 21//14
f 21//14 15//14 16//14
f 22//18 23//18 18//16
f 18//16 23//18 19//17
f 24//14 20//14 25//14
f 25//14 20//14 21//14
f 26//18 27//18 22//18
f 22//18 27//18 23//18
f 28//14 24//14 29//14
f 29//14 24//14 25//14
f 30//19 31//19 26//18
f 26//18 31//19 27//18
f 32//20 28//14 33//20
f 33//20 28//14 29//14
f 34//21 35//21 36//21
f 36//21 35//21 37//21
f 36//21 37//21 30//19
f 30//19 37//21 31//19
f 32//20 33//20 38//22
f 38//22 33//20 39//22
f 38//22 39//22 40//23
f 40//23 39//22 41//23
f 40//23 41//23 34//21
f 34//21 41//23 35//21
f 3//3 2//2 42//7
f 42//7 2//2 43//24
f 2//2 5//5 43//24
f 43//24 5//5 44//25
f 5//5 6//6 44//25
f 44//25 6//6 45//26
f 9//9 3//3 46//14
f 46//14 3//3 42//7
f 6//6 13//6 45//26
f 45//26 13//6 47//6
f 13//6 14//13 47//6
f 47//6 14//13 48//27
f 16//14 9//9 49//14
f 49//14 9//9 46//14
f 19//17 50//18 14//13
f 14//13 50//18 48//27
f 21//14 16//14 51//14
f 51//14 16//14 49//14
f 23//18 52//18 19//17
f 19//17 52//18 50//18
f 25//14 21//14 53//14
f 53//14 21//14 51//14
f 27//18 54//28 23//18
f 23//18 54//28 52//18
f 29//14 25//14 55//14
f 55//14 25//14 53//14
f 31//19 56//29 27//18
f 27//18 56//29 54//28
f 33//20 29//14 57//20
f 57//20 29//14 55//14
f 35//21 58//30 37//21
f 37//21 58//30 59//30
f 37//21 59//30 31//19
f 31//19 59//30 56//29
f 33//20 57//20 39//22
f 39//22 57//20 60//22
f 39//22 60//22 41//23
f 41//23 60//22 61//31
f 41//23 61//31 35//21
f 35//21 61//31 58//30
f 42//7 43//24 62//7
f 62//7 43//24 63//32
f 43//24 44//25 63//32
f 63//32 44//25 64//33
f 44//25 45//26 64//33
f 64//33 45//26 65//34
f 64//33 65//34 66//35
f 65//34 67//36 66//35
f 46//14 42//7 68//14
f 68//14 42//7 62//7
f 45//26 47//6 65//34
f 47//6 48//27 65//34
f 65//34 48//27 69//37
f 65//34 69//37 67//36
f 49//14 46//14 70//14
f 70//14 46//14 68//14
f 50//18 71//18 48//27
f 48//27 71//18 69//37
f 51//14 49//14 72//14
f 72//14 49//14 70//14
f 52//18 73//18 50//18
f 50//18 73//18 71//18
f 53//14 51//14 74//14
f 74//14 51//14 72//14
f 54//28 75//19 52//18
f 52//18 75//19 73//18
f 55//14 53//14 76//38
f 76//38 53//14 74//14
f 77//39 78//40 79//41
f 56//29 77//39 54//28
f 54//28 77//39 79//41
f 54//28 79//41 75//19
f 57//20 55//14 80//42
f 80//42 55//14 76//38
f 81//40 82//43 83//40
f 58//30 81//40 59//30
f 59//30 81//40 83//40
f 59//30 83//40 77//39
f 77//39 83//40 78//40
f 59//30 77//39 56//29
f 57//20 80//42 60//22
f 60//22 80//42 84//44
f 60//22 84//44 61//31
f 61//31 84//44 82//43
f 61//31 82//43 81//40
f 61//31 81//40 58//30
f 85//1 86//2 87//3
f 85//1 88//45 86//2
f 86//2 88//45 89//5
f 88//45 90//46 89//5
f 62//7 63//32 91//9
f 91//9 63//32 85//1
f 91//9 85//1 87//3
f 63//32 64//33 85//1
f 85//1 64//33 88//45
f 64//33 66//35 88//45
f 88//45 66//35 92//47
f 88//45 92//47 90//46
f 66//35 67//36 92//47
f 92//47 67//36 93//6
f 68//14 62//7 94//14
f 94//14 62//7 91//9
f 69//37 95//48 67//36
f 67//36 95//48 96//49
f 67//36 96//49 93//6
f 95//48 97//50 96//49
f 70//14 68//14 98//14
f 98//14 68//14 94//14
f 71//18 99//51 69//37
f 69//37 99//51 100//52
f 69//37 100//52 95//48
f 95//48 100//52 97//50
f 72//14 70//14 101//14
f 101//14 70//14 98//14
f 73//18 102//18 71//18
f 71//18 102//18 99//51
f 74//14 72//14 103//14
f 103//14 72//14 101//14
f 75//19 104//19 73//18
f 73//18 104//19 102//18
f 76//38 74//14 105//53
f 105//53 74//14 103//14
f 106//54 107//30 108//31
f 78//40 106//54 79//41
f 79//41 106//54 108//31
f 79//41 108//31 109//23
f 79//41 109//23 75//19
f 75//19 109//23 104//19
f 80//42 76//38 110//55
f 110//55 76//38 105//53
f 110//55 105//53 111//56
f 82//43 110//55 83//40
f 83//40 110//55 111//56
f 83//40 111//56 106//54
f 106//54 111//56 107//30
f 83//40 106//54 78//40
f 80//42 110//55 84//44
f 84//44 110//55 82//43
f 87//3 86//2 112//7
f 112//7 86//2 113//24
f 86//2 89//5 113//24
f 113//24 89//5 114//57
f 89//5 90//46 114//57
f 114//57 90//46 115//58
f 114//57 115//58 116//4
f 115//58 117//59 116//4
f 91//9 87//3 118//14
f 118//14 87//3 112//7
f 90//46 92//47 115//58
f 92//47 93//6 115//58
f 115//58 93//6 119//12
f 115//58 119//12 117//59
f 117//59 119//12 120//6
f 119//12 121//13 120//6
f 94//14 91//9 122//14
f 122//14 91//9 118//14
f 93//6 96//49 119//12
f 96//49 97//50 119//12
f 119//12 97//50 123//17
f 119//12 123//17 121//13
f 98//14 94//14 124//14
f 124//14 94//14 122//14
f 99//51 125//52 100//52
f 100//52 125//52 97//50
f 97//50 125//52 126//60
f 97//50 126//60 123//17
f 101//14 98//14 127//14
f 127//14 98//14 124//14
f 102//18 128//61 99//51
f 99//51 128//61 129//62
f 99//51 129//62 125//52
f 125//52 129//62 126//60
f 103//14 101//14 130//38
f 130//38 101//14 127//14
f 104//19 131//29 102//18
f 102//18 131//29 128//61
f 105//53 103//14 132//42
f 132//42 103//14 130//38
f 107//30 133//30 108//31
f 108//31 133//30 134//63
f 108//31 134//63 109//23
f 109//23 134//63 135//64
f 109//23 135//64 104//19
f 104//19 135//64 131//29
f 105//53 132//42 111//56
f 111//56 132//42 136//65
f 111//56 136//65 107//30
f 107//30 136//65 133//30
f 137//66 138//2 139//67
f 137//66 140//68 138//2
f 138//2 140//68 141//5
f 140//68 142//36 141//5
f 112//7 113//24 143//7
f 143//7 113//24 144//69
f 113//24 114//57 144//69
f 144//69 114//57 137//66
f 144//69 137//66 139//67
f 114//57 116//4 137//66
f 137//66 116//4 140//68
f 116//4 117//59 140//68
f 140//68 117//59 145//70
f 140//68 145//70 142//36
f 118//14 112//7 146//14
f 146//14 112//7 143//7
f 117//59 120//6 145//70
f 145//70 120//6 147//6
f 120//6 121//13 147//6
f 147//6 121//13 148//27
f 122//14 118//14 149//14
f 149//14 118//14 146//14
f 123//17 150//18 121//13
f 121//13 150//18 148//27
f 124//14 122//14 151//14
f 151//14 122//14 149//14
f 126//60 152//19 123//17
f 123//17 152//19 150//18
f 127//14 124//14 153//14
f 153//14 124//14 151//14
f 128//61 154//21 129//62
f 129//62 154//21 155//21
f 129//62 155//21 126//60
f 126//60 155//21 152//19
f 130//38 127//14 156//53
f 156//53 127//14 153//14
f 157//71 158//72 159//73
f 157//71 159//73 160//74
f 160//74 159//73 161//75
f 131//29 160//74 128//61
f 128//61 160//74 161//75
f 128//61 161//75 154//21
f 132//42 130//38 162//55
f 162//55 130//38 156//53
f 162//55 156//53 163//56
f 133//30 162//55 134//63
f 134//63 162//55 163//56
f 134//63 163//56 157//71
f 157//71 163//56 158//72
f 134//63 157//71 135//64
f 135//64 157//71 160//74
f 135//64 160//74 131//29
f 132//42 162//55 136//65
f 136//65 162//55 133//30
f 139//67 138//2 164//67
f 164//67 138//2 165//76
f 138//2 141//5 165//76
f 165//76 141//5 166//25
f 141//5 142//36 166//25
f 166//25 142//36 167//77
f 143//7 144//69 168//7
f 168//7 144//69 169//78
f 144//69 139//67 169//78
f 169//78 139//67 164//67
f 145//70 170//79 142//36
f 142//36 170//79 171//80
f 142//36 171//80 167//77
f 170//79 172//13 171//80
f 146//14 143//7 173//14
f 173//14 143//7 168//7
f 145//70 147//6 170//79
f 147//6 148//27 170//79
f 170//79 148//27 174//17
f 170//79 174//17 172//13
f 149//14 146//14 175//14
f 175//14 146//14 173//14
f 150//18 176//18 148//27
f 148//27 176//18 174//17
f 151//14 149//14 177//14
f 177//14 149//14 175//14
f 152//19 178//19 150//18
f 150//18 178//19 176//18
f 153//14 151//14 179//14
f 179//14 151//14 177//14
f 154//21 180//21 155//21
f 155//21 180//21 181//21
f 155//21 181//21 152//19
f 152//19 181//21 178//19
f 156//53 153//14 182//20
f 182//20 153//14 179//14
f 158//72 183//81 159//73
f 159//73 183//81 161//75
f 161//75 183//81 184//82
f 161//75 184//82 185//21
f 161//75 185//21 154//21
f 154//21 185//21 180//21
f 156//53 182//20 163//56
f 163//56 182//20 186//83
f 163//56 186//83 158//72
f 158//72 186//83 187//84
f 158//72 187//84 183//81
f 183//81 187//84 184//82
f 188//85 189//2 190//3
f 164//67 165//76 188//85
f 188//85 165//76 191//86
f 188//85 191//86 189//2
f 165//76 166//25 191//86
f 191//86 166//25 192//87
f 166//25 167//77 192//87
f 192//87 167//77 193//88
f 168//7 169//78 194//9
f 194//9 169//78 188//85
f 194//9 188//85 190//3
f 169//78 164//67 188//85
f 167//77 171//80 193//88
f 193//88 171//80 195//77
f 171//80 172//13 195//77
f 195//77 172//13 196//89
f 173//14 168//7 197//14
f 197//14 168//7 194//9
f 174//17 198//18 172//13
f 172//13 198//18 196//89
f 175//14 173//14 199//14
f 199//14 173//14 197//14
f 176//18 200//18 174//17
f 174//17 200//18 198//18
f 177//14 175//14 201//14
f 201//14 175//14 199//14
f 178//19 202//19 176//18
f 176//18 202//19 200//18
f 179//14 177//14 203//14
f 203//14 177//14 201//14
f 180//21 204//21 181//21
f 181//21 204//21 205//21
f 181//21 205//21 178//19
f 178//19 205//21 202//19
f 182//20 179//14 206//20
f 206//20 179//14 203//14
f 184//82 207//21 185//21
f 185//21 207//21 208//21
f 185//21 208//21 180//21
f 180//21 208//21 204//21
f 182//20 206//20 186//83
f 186//83 206//20 209//22
f 186//83 209//22 187//84
f 187//84 209//22 210//23
f 187//84 210//23 184//82
f 184//82 210//23 207//21
f 211//90 212//91 213//92
f 211//90 214//36 212//91
f 190//3 189//2 215//7
f 215//7 189//2 216//24
f 189//2 191//86 216//24
f 216//24 191//86 217//93
f 191//86 192//87 217//93
f 217//93 192//87 211//90
f 217//93 211//90 213//92
f 192//87 193//88 211//90
f 211//90 193//88 218//70
f 211//90 218//70 214//36
f 194//9 190//3 219//14
f 219//14 190//3 215//7
f 193//88 195//77 218//70
f 218//70 195//77 220//6
f 195//77 196//89 220//6
f 220//6 196//89 221//27
f 197//14 194//9 222//14
f 222//14 194//9 219//14
f 198//18 223//18 196//89
f 196//89 223//18 221//27
f 199//14 197//14 224//14
f 224//14 197//14 222//14
f 200//18 225//18 198//18
f 198//18 225//18 223//18
f 201//14 199//14 226//14
f 226//14 199//14 224//14
f 202//19 227//19 200//18
f 200//18 227//19 225//18
f 203//14 201//14 228//38
f 228//38 201//14 226//14
f 204//21 229//21 205//21
f 205//21 229//21 230//21
f 205//21 230//21 202//19
f 202//19 230//21 227//19
f 206//20 203//14 231//42
f 231//42 203//14 228//38
f 207//21 232//30 208//21
f 208//21 232//30 233//94
f 208//21 233//94 204//21
f 204//21 233//94 229//21
f 206//20 231//42 209//22
f 209//22 231//42 234//95
f 209//22 234//95 210//23
f 210//23 234//95 235//64
f 210//23 235//64 207//21
f 207//21 235//64 232//30
f 236//96 237//97 238//92
f 213//92 212//91 236//96
f 236//96 212//91 239//98
f 236//96 239//98 237//97
f 212//91 214//36 239//98
f 239//98 214//36 240//77
f 215//7 216//24 241//7
f 241//7 216//24 242//99
f 216//24 217//93 242//99
f 242//99 217//93 236//96
f 242//99 236//96 238//92
f 217//93 213//92 236//96
f 218//70 243//79 214//36
f 214//36 243//79 244//80
f 214//36 244//80 240//77
f 243//79 245//13 244//80
f 219//14 215//7 246//14
f 246//14 215//7 241//7
f 218//70 220//6 243//79
f 220//6 221//27 243//79
f 243//79 221//27 247//17
f 243//79 247//17 245//13
f 222//14 219//14 248//14
f 248//14 219//14 246//14
f 223//18 249//18 221//27
f 221//27 249//18 247//17
f 224//14 222//14 250//14
f 250//14 222//14 248//14
f 225//18 251//18 223//18
f 223//18 251//18 249//18
f 226//14 224//14 252//14
f 252//14 224//14 250//14
f 227//19 253//19 225//18
f 225//18 253//19 251//18
f 228//38 226//14 254//53
f 254//53 226//14 252//14
f 229//21 255//21 230//21
f 230//21 255//21 256//21
f 230//21 256//21 227//19
f 227//19 256//21 253//19
f 231//42 228//38 257//100
f 257//100 228//38 254//53
f 257//100 254//53 258//101
f 257//100 258//101 259//71
f 259//71 258//101 260//102
f 232//30 259//71 233//94
f 233//94 259//71 260//102
f 233//94 260//102 261//23
f 233//94 261//23 229//21
f 229//21 261//23 255//21
f 231//42 257//100 234//95
f 234//95 257//100 235//64
f 235//64 257//100 259//71
f 235//64 259//71 232//30
f 262//85 263//2 264//3
f 238//92 237//97 262//85
f 262//85 237//97 265//86
f 262//85 265//86 263//2
f 237//97 239//98 265//86
f 265//86 239//98 266//87
f 239//98 240//77 266//87
f 266//87 240//77 267//6
f 241//7 242//99 268//9
f 268//9 242//99 262//85
f 268//9 262//85 264//3
f 242//99 238//92 262//85
f 240//77 244//80 267//6
f 267//6 244//80 269//6
f 244//80 245//13 269//6
f 269//6 245//13 270//27
f 246//14 241//7 271//14
f 271//14 241//7 268//9
f 247//17 272//18 245//13
f 245//13 272//18 270//27
f 248//14 246//14 273//14
f 273//14 246//14 271//14
f 249//18 274//18 247//17
f 247//17 274//18 272//18
f 250//14 248//14 275//14
f 275//14 248//14 273//14
f 251//18 276//28 249//18
f 249//18 276//28 274//18
f 252//14 250//14 277//14
f 277//14 250//14 275//14
f 253//19 278//29 251//18
f 251//18 278//29 276//28
f 254//53 252//14 279//20
f 279//20 252//14 277//14
f 255//21 280//30 256//21
f 256//21 280//30 281//30
f 256//21 281//30 253//19
f 253//19 281//30 278//29
f 254//53 279//20 258//101
f 258//101 279//20 282//22
f 258//101 282//22 260//102
f 260//102 282//22 283//103
f 260//102 283//103 261//23
f 261//23 283//103 284//31
f 261//23 284//31 255//21
f 255//21 284//31 280//30
f 285//104 286//105 287//67
f 285//104 288//6 286//105
f 264//3 263//2 289//7
f 289//7 263//2 290//24
f 263//2 265//86 290//24
f 290//24 265//86 291//106
f 265//86 266//87 291//106
f 291//106 266//87 285//104
f 291//106 285//104 287//67
f 266//87 267//6 285//104
f 285//104 267//6 292//12
f 285//104 292//12 288//6
f 288//6 292//12 293//6
f 292//12 294//13 293//6
f 268//9 264//3 295//14
f 295//14 264//3 289//7
f 267//6 269//6 292//12
f 269//6 270//27 292//12
f 292//12 270//27 296//17
f 292//12 296//17 294//13
f 271//14 268//9 297//14
f 297//14 268//9 295//14
f 272//18 298//18 270//27
f 270//27 298//18 296//17
f 273//14 271//14 299//14
f 299//14 271//14 297//14
f 274//18 300//18 272//18
f 272//18 300//18 298//18
f 275//14 273//14 301//14
f 301//14 273//14 299//14
f 276//28 302//19 274//18
f 274//18 302//19 300//18
f 277//14 275//14 303//14
f 303//14 275//14 301//14
f 304//39 305//30 306//107
f 278//29 304//39 276//28
f 276//28 304//39 306//107
f 276//28 306//107 302//19
f 279//20 277//14 307//20
f 307//20 277//14 303//14
f 308//40 309//54 310//108
f 280//30 308//40 281//30
f 281//30 308//40 310//108
f 281//30 310//108 304//39
f 304//39 310//108 305//30
f 281//30 304//39 278//29
f 279//20 307//20 282//22
f 282//22 307//20 311//22
f 282//22 311//22 283//103
f 283//103 311//22 312//109
f 283//103 312//109 284//31
f 284//31 312//109 309//54
f 284//31 309//54 308//40
f 284//31 308//40 280//30
f 287//67 286//105 313//67
f 313//67 286//105 314//110
f 286//105 288//6 314//110
f 314//110 288//6 315//6
f 289//7 290//24 316//7
f 316//7 290//24 317//24
f 290//24 291//106 317//24
f 317//24 291//106 318//111
f 291//106 287//67 318//111
f 318//111 287//67 313//67
f 288//6 293//6 315//6
f 315//6 293//6 319//6
f 293//6 294//13 319//6
f 319//6 294//13 320//112
f 295//14 289//7 321//14
f 321//14 289//7 316//7
f 296//17 322//113 294//13
f 294//13 322//113 320//112
f 297//14 295//14 323//14
f 323//14 295//14 321//14
f 298//18 324//113 296//17
f 296//17 324//113 322//113
f 299//14 297//14 325//14
f 325//14 297//14 323//14
f 300//18 326//113 298//18
f 298//18 326//113 324//113
f 301//14 299//14 327//14
f 327//14 299//14 325//14
f 302//19 328//114 300//18
f 300//18 328//114 326//113
f 303//14 301//14 329//38
f 329//38 301//14 327//14
f 305//30 330//21 306//107
f 306//107 330//21 331//21
f 306//107 331//21 302//19
f 302//19 331//21 328//114
f 307//20 303//14 332//42
f 332//42 303//14 329//38
f 333//40 334//54 335//109
f 309//54 333//40 310//108
f 310//108 333//40 335//109
f 310//108 335//109 336//23
f 310//108 336//23 305//30
f 305//30 336//23 330//21
f 307//20 332//42 311//22
f 311//22 332//42 337//44
f 311//22 337//44 312//109
f 312//109 337//44 334//54
f 312//109 334//54 333//40
f 312//109 333//40 309//54
f 338//104 339//105 340//67
f 338//104 341//6 339//105
f 342//115 343//67 344//67
f 313//67 314//110 342//115
f 342//115 314//110 338//104
f 342//115 338//104 343//67
f 343//67 338//104 340//67
f 314//110 315//6 338//104
f 338//104 315//6 345//12
f 338//104 345//12 341//6
f 341//6 345//12 346//6
f 345//12 347//116 346//6
f 316//7 317//24 348//7
f 348//7 317//24 349//69
f 317//24 318//111 349//69
f 349//69 318//111 342//115
f 349//69 342//115 344//67
f 318//111 313//67 342//115
f 315//6 319//6 345//12
f 319//6 320//112 345//12
f 345//12 320//112 350//117
f 345//12 350//117 347//116
f 321//14 316//7 351//14
f 351//14 316//7 348//7
f 322//113 352//118 320//112
f 320//112 352//118 353//49
f 320//112 353//49 350//117
f 352//118 354//119 353//49
f 323//14 321//14 355//14
f 355//14 321//14 351//14
f 324//113 356//120 322//113
f 322//113 356//120 352//118
f 352//118 356//120 354//119
f 354//119 356//120 357//113
f 325//14 323//14 358//14
f 358//14 323//14 355//14
f 326//113 359//120 324//113
f 324//113 359//120 356//120
f 356//120 359//120 357//113
f 357//113 359//120 360//113
f 327//14 325//14 361//14
f 361//14 325//14 358//14
f 328//114 362//121 326//113
f 326//113 362//121 359//120
f 359//120 362//121 360//113
f 360//113 362//121 363//122
f 329//38 327//14 364//53
f 364//53 327//14 361//14
f 330//21 365//21 331//21
f 331//21 365//21 366//123
f 331//21 366//123 328//114
f 328//114 366//123 367//84
f 328//114 367//84 362//121
f 362//121 367//84 363//122
f 332//42 329//38 368//55
f 368//55 329//38 364//53
f 368//55 364//53 369//124
f 334//54 368//55 335//109
f 335//109 368//55 369//124
f 335//109 369//124 370//103
f 335//109 370//103 336//23
f 336//23 370//103 371//23
f 336//23 371//23 330//21
f 330//21 371//23 365//21
f 332//42 368//55 337//44
f 337//44 368//55 334//54
f 340//67 339//105 372//125
f 372//125 339//105 373//126
f 339//105 341//6 373//126
f 373//126 341//6 374//26
f 344//67 343//67 375//67
f 375//67 343//67 376//127
f 343//67 340//67 376//127
f 376//127 340//67 372//125
f 341//6 346//6 374//26
f 374//26 346//6 377//128
f 346//6 347//116 377//128
f 377//128 347//116 378//129
f 377//128 378//129 379//35
f 378//129 380//13 379//35
f 348//7 349//69 381//7
f 381//7 349//69 382//78
f 349//69 344//67 382//78
f 382//78 344//67 375//67
f 350//117 383//130 347//116
f 347//116 383//130 378//129
f 378//129 383//130 380//13
f 380//13 383//130 384//113
f 351//14 348//7 385//14
f 385//14 348//7 381//7
f 350//117 353//49 383//130
f 353//49 354//119 383//130
f 383//130 354//119 386//17
f 383//130 386//17 384//113
f 355//14 351//14 387//14
f 387//14 351//14 385//14
f 357//113 388//18 354//119
f 354//119 388//18 386//17
f 358//14 355//14 389//14
f 389//14 355//14 387//14
f 360//113 390//18 357//113
f 357//113 390//18 388//18
f 361//14 358//14 391//14
f 391//14 358//14 389//14
f 363//122 392//19 360//113
f 360//113 392//19 390//18
f 364//53 361//14 393//20
f 393//20 361//14 391//14
f 365//21 394//30 366//123
f 366//123 394//30 395//131
f 366//123 395//131 367//84
f 367//84 395//131 396//23
f 367//84 396//23 363//122
f 363//122 396//23 392//19
f 364//53 393//20 369//124
f 369//124 393//20 397//22
f 369//124 397//22 370//103
f 370//103 397//22 398//102
f 370//103 398//102 371//23
f 371//23 398//102 399//64
f 371//23 399//64 365//21
f 365//21 399//64 394//30
f 372//125 373//126 400//125
f 400//125 373//126 401//132
f 373//126 374//26 401//132
f 401//132 374//26 402//133
f 401//132 402//133 403//35
f 402//133 404//6 403//35
f 405//85 406//2 407//3
f 375//67 376//127 405//85
f 405//85 376//127 408//134
f 405//85 408//134 406//2
f 376//127 372//125 408//134
f 408//134 372//125 400//125
f 374//26 377//128 402//133
f 377//128 379//35 402//133
f 402//133 379//35 409//135
f 402//133 409//135 404//6
f 379//35 380//13 409//135
f 409//135 380//13 410//89
f 381//7 382//78 411//9
f 411//9 382//78 405//85
f 411//9 405//85 407//3
f 382//78 375//67 405//85
f 384//113 412//18 380//13
f 380//13 412//18 410//89
f 385//14 381//7 413//14
f 413//14 381//7 411//9
f 386//17 414//18 384//113
f 384//113 414//18 412//18
f 387//14 385//14 415//14
f 415//14 385//14 413//14
f 388//18 416//18 386//17
f 386//17 416//18 414//18
f 389//14 387//14 417//14
f 417//14 387//14 415//14
f 390//18 418//18 388//18
f 388//18 418//18 416//18
f 391//14 389//14 419//14
f 419//14 389//14 417//14
f 392//19 420//19 390//18
f 390//18 420//19 418//18
f 393//20 391//14 421//20
f 421//20 391//14 419//14
f 422//71 423//30 424//64
f 422//71 424//64 425//71
f 425//71 424//64 426//102
f 394//30 425//71 395//131
f 395//131 425//71 426//102
f 395//131 426//102 427//103
f 395//131 427//103 396//23
f 396//23 427//103 428//23
f 396//23 428//23 392//19
f 392//19 428//23 420//19
f 393//20 421//20 397//22
f 397//22 421//20 429//136
f 397//22 429//136 398//102
f 398//102 429//136 423//30
f 398//102 423//30 422//71
f 398//102 422//71 399//64
f 399//64 422//71 425//71
f 399//64 425//71 394//30
f 430//137 431//105 432//138
f 430//137 433//6 431//105
f 400//125 401//132 434//139
f 434//139 401//132 430//137
f 434//139 430//137 432//138
f 401//132 403//35 430//137
f 430//137 403//35 435//135
f 430//137 435//135 433//6
f 403//35 404//6 435//135
f 435//135 404//6 436//26
f 407//3 406//2 437//7
f 437//7 406//2 438//24
f 406//2 408//134 438//24
f 438//24 408//134 439//111
f 408//134 400//125 439//111
f 439//111 400//125 434//139
f 404//6 409//135 436//26
f 436//26 409//135 440//6
f 409//135 410//89 440//6
f 440//6 410//89 441//27
f 411//9 407//3 442//14
f 442//14 407//3 437//7
f 412//18 443//18 410//89
f 410//89 443//18 441//27
f 413//14 411//9 444//14
f 444//14 411//9 442//14
f 414//18 445//18 412//18
f 412//18 445//18 443//18
f 415//14 413//14 446//14
f 446//14 413//14 444//14
f 416//18 447//18 414//18
f 414//18 447//18 445//18
f 417//14 415//14 448//14
f 448//14 415//14 446//14
f 418//18 449//18 416//18
f 416//18 449//18 447//18
f 419//14 417//14 450//38
f 450//38 417//14 448//14
f 420//19 451//19 418//18
f 418//18 451//19 449//18
f 421//20 419//14 452//42
f 452//42 419//14 450//38
f 423//30 453//30 424//64
f 424//64 453//30 454//131
f 424//64 454//131 426//102
f 426//102 454//131 455//103
f 426//102 455//103 427//103
f 427//103 455//103 456//102
f 427//103 456//102 428//23
f 428//23 456//102 457//140
f 428//23 457//140 420//19
f 420//19 457//140 451//19
f 421//20 452//42 429//136
f 429//136 452//42 458//65
f 429//136 458//65 423//30
f 423//30 458//65 453//30
f 432//138 431//105 459//141
f 459//141 431//105 460//126
f 431//105 433//6 460//126
f 460//126 433//6 461//26
f 462//142 463//67 464//67
f 434//139 432//138 462//142
f 462//142 432//138 459//141
f 462//142 459//141 463//67
f 433//6 435//135 461//26
f 461//26 435//135 465//128
f 435//135 436//26 465//128
f 465//128 436//26 466//34
f 465//128 466//34 467//35
f 466//34 468//13 467//35
f 437//7 438//24 469//7
f 469//7 438//24 470//69
f 438//24 439//111 470//69
f 470//69 439//111 462//142
f 470//69 462//142 464//67
f 439//111 434//139 462//142
f 436//26 440//6 466//34
f 440//6 441//27 466//34
f 466//34 441//27 471//17
f 466//34 471//17 468//13
f 442//14 437//7 472//14
f 472//14 437//7 469//7
f 443//18 473//18 441//27
f 441//27 473//18 471//17
f 444//14 442//14 474//14
f 474//14 442//14 472//14
f 445//18 475//18 443//18
f 443//18 475//18 473//18
f 446//14 444//14 476//14
f 476//14 444//14 474//14
f 447//18 477//18 445//18
f 445//18 477//18 475//18
f 448//14 446//14 478//14
f 478//14 446//14 476//14
f 449//18 479//18 447//18
f 447//18 479//18 477//18
f 450//38 448//14 480//53
f 480//53 448//14 478//14
f 481//143 482//30 483//65
f 481//143 483//65 484//144
f 451//19 485//19 449//18
f 449//18 485//19 479//18
f 452//42 450//38 486//55
f 486//55 450//38 480//53
f 486//55 480//53 487//124
f 453//30 486//55 454//131
f 454//131 486//55 487//124
f 454//131 487//124 488//102
f 454//131 488//102 455//103
f 455//103 488//102 489//145
f 455//103 489//145 456//102
f 456//102 489//145 482//30
f 456//102 482//30 481//143
f 456//102 481//143 457//140
f 457//140 481//143 484//144
f 457//140 484//144 490//103
f 457//140 490//103 451//19
f 451//19 490//103 485//19
f 452//42 486//55 458//65
f 458//65 486//55 453//30
f 459//141 460//126 491//125
f 491//125 460//126 492//146
f 460//126 461//26 492//146
f 492//146 461//26 493//133
f 492//146 493//133 494//5
f 493//133 495//6 494//5
f 464//67 463//67 496//125
f 496//125 463//67 497//125
f 463//67 459//141 497//125
f 497//125 459//141 491//125
f 461//26 465//128 493//133
f 465//128 467//35 493//133
f 493//133 467//35 498//135
f 493//133 498//135 495//6
f 467//35 468//13 498//135
f 498//135 468//13 499//89
f 469//7 470//69 500//7
f 500//7 470//69 501//125
f 470//69 464//67 501//125
f 501//125 464//67 496//125
f 471//17 502//147 468//13
f 468//13 502//147 499//89
f 472//14 469//7 503//14
f 503//14 469//7 500//7
f 473//18 504//113 471//17
f 471//17 504//113 502//147
f 474//14 472//14 505//14
f 505//14 472//14 503//14
f 475//18 506//113 473//18
f 473//18 506//113 504//113
f 476//14 474//14 507//14
f 507//14 474//14 505//14
f 477//18 508//148 475//18
f 475//18 508//148 506//113
f 478//14 476//14 509//14
f 509//14 476//14 507//14
f 479//18 510//18 477//18
f 477//18 510//18 508//148
f 480//53 478//14 511//20
f 511//20 478//14 509//14
f 512//143 513//30 514//65
f 512//143 514//65 515//144
f 482//30 516//21 483//65
f 483//65 516//21 517//103
f 483//65 517//103 484//144
f 484//144 517//103 518//149
f 485//19 519//19 479//18
f 479//18 519//19 510//18
f 480//53 511//20 487//124
f 487//124 511//20 520//136
f 487//124 520//136 488//102
f 488//102 520//136 513//30
f 488//102 513//30 512//143
f 488//102 512//143 489//145
f 489//145 512//143 515//144
f 489//145 515//144 521//103
f 489//145 521//103 482//30
f 482//30 521//103 516//21
f 484//144 518//149 490//103
f 490//103 518//149 522//103
f 490//103 522//103 485//19
f 485//19 522//103 519//19
f 491//125 492//146 523//67
f 523//67 492//146 524//150
f 492//146 494//5 524//150
f 524//150 494//5 525//151
f 494//5 495//6 525//151
f 525//151 495//6 526//26
f 496//125 497//125 527//125
f 527//125 497//125 528//78
f 497//125 491//125 528//78
f 528//78 491//125 523//67
f 495//6 498//135 526//26
f 526//26 498//135 529//6
f 498//135 499//89 529//6
f 529//6 499//89 530//152
f 500//7 501//125 531//7
f 531//7 501//125 532//125
f 501//125 496//125 532//125
f 532//125 496//125 527//125
f 502//147 533//13 499//89
f 499//89 533//13 530//152
f 503//14 500//7 534//14
f 534//14 500//7 531//7
f 504//113 535//118 502//147
f 502//147 535//118 536//49
f 502//147 536//49 533//13
f 535//118 537//119 536//49
f 505//14 503//14 538//14
f 538//14 503//14 534//14
f 506//113 539//120 504//113
f 504//113 539//120 535//118
f 535//118 539//120 537//119
f 537//119 539//120 540//113
f 507//14 505//14 541//14
f 541//14 505//14 538//14
f 508//148 542//121 506//113
f 506//113 542//121 539//120
f 539//120 542//121 540//113
f 540//113 542//121 543//122
f 509//14 507//14 544//38
f 544//38 507//14 541//14
f 510//18 545//153 508//148
f 508//148 545//153 546//62
f 508//148 546//62 542//121
f 542//121 546//62 543//122
f 511//20 509//14 547//42
f 547//42 509//14 544//38
f 513//30 548//30 514//65
f 514//65 548//30 549//136
f 514//65 549//136 515//144
f 515//144 549//136 550//154
f 516//21 551//30 517//103
f 517//103 551//30 552//136
f 517//103 552//136 518//149
f 518//149 552//136 553//149
f 519//19 554//19 510//18
f 510//18 554//19 545//153
f 511//20 547//42 520//136
f 520//136 547//42 555//65
f 520//136 555//65 513//30
f 513//30 555//65 548//30
f 515//144 550//154 521//103
f 521//103 550//154 556//65
f 521//103 556//65 516//21
f 516//21 556//65 551//30
f 518//149 553//149 522//103
f 522//103 553//149 557//103
f 522//103 557//103 519//19
f 519//19 557//103 554//19
f 558//155 559//91 560//92
f 558//155 561//6 559//91
f 562//156 563//157 564//3
f 523//67 524//150 562//156
f 562//156 524//150 558//155
f 562//156 558//155 563//157
f 563//157 558//155 560//92
f 524//150 525//151 558//155
f 558//155 525//151 565//158
f 558//155 565//158 561//6
f 525//151 526//26 565//158
f 565//158 526//26 566//58
f 565//158 566//58 567//5
f 566//58 568//6 567//5
f 527//125 528//78 569//159
f 569//159 528//78 562//156
f 569//159 562//156 564//3
f 528//78 523//67 562//156
f 526//26 529//6 566//58
f 529//6 530//152 566//58
f 566//58 530//152 570//160
f 566//58 570//160 568//6
f 568//6 570//160 571//6
f 570//160 572//13 571//6
f 531//7 532//125 573//7
f 573//7 532//125 574//125
f 532//125 527//125 574//125
f 574//125 527//125 569//159
f 533//13 575//130 530//152
f 530//152 575//130 570//160
f 570//160 575//130 572//13
f 572//13 575//130 576//113
f 534//14 531//7 577//14
f 577//14 531//7 573//7
f 533//13 536//49 575//130
f 536//49 537//119 575//130
f 575//130 537//119 578//17
f 575//130 578//17 576//113
f 538//14 534//14 579//14
f 579//14 534//14 577//14
f 540//113 580//18 537//119
f 537//119 580//18 578//17
f 541//14 538//14 581//14
f 581//14 538//14 579//14
f 543//122 582//19 540//113
f 540//113 582//19 580//18
f 544//38 541//14 583//53
f 583//53 541//14 581//14
f 545//153 584//161 546//62
f 546//62 584//161 585//21
f 546//62 585//21 543//122
f 543//122 585//21 582//19
f 547//42 544//38 586//55
f 586//55 544//38 583//53
f 586//55 583//53 587//124
f 548//30 586//55 549//136
f 549//136 586//55 587//124
f 549//136 587//124 588//162
f 549//136 588//162 550//154
f 550//154 588//162 589//163
f 550//154 589//163 590//164
f 551//30 590//164 552//136
f 552//136 590//164 589//163
f 552//136 589//163 591//22
f 552//136 591//22 553//149
f 553//149 591//22 592//154
f 554//19 593//29 545//153
f 545//153 593//29 584//161
f 547//42 586//55 555//65
f 555//65 586//55 548//30
f 550//154 590//164 556//65
f 556//65 590//164 551//30
f 553//149 592//154 557//103
f 557//103 592//154 594//65
f 557//103 594//65 554//19
f 554//19 594//65 593//29
f 595//85 596//2 597//3
f 560//92 559//91 595//85
f 595//85 559//91 598//98
f 595//85 598//98 596//2
f 559//91 561//6 598//98
f 598//98 561//6 599//26
f 564//3 563//157 600//9
f 600//9 563//157 595//85
f 600//9 595//85 597//3
f 563//157 560//92 595//85
f 561//6 565//158 599//26
f 599//26 565//158 601//5
f 565//158 567//5 601//5
f 601//5 567//5 602//165
f 567//5 568//6 602//165
f 602//165 568//6 603//6
f 569//159 564//3 604//7
f 604//7 564//3 600//9
f 568//6 571//6 603//6
f 603//6 571//6 605//6
f 571//6 572//13 605//6
f 605//6 572//13 606//27
f 573//7 574//125 607//7
f 607//7 574//125 608//125
f 574//125 569//159 608//125
f 608//125 569//159 604//7
f 576//113 609//18 572//13
f 572//13 609//18 606//27
f 577//14 573//7 610//14
f 610//14 573//7 607//7
f 578//17 611//18 576//113
f 576//113 611//18 609//18
f 579//14 577//14 612//14
f 612//14 577//14 610//14
f 580//18 613//18 578//17
f 578//17 613//18 611//18
f 581//14 579//14 614//14
f 614//14 579//14 612//14
f 582//19 615//19 580//18
f 580//18 615//19 613//18
f 583//53 581//14 616//20
f 616//20 581//14 614//14
f 617//143 618//30 619//65
f 617//143 619//65 620//144
f 584//161 621//21 585//21
f 585//21 621//21 622//21
f 585//21 622//21 582//19
f 582//19 622//21 615//19
f 583//53 616//20 587//124
f 587//124 616//20 623//136
f 587//124 623//136 588//162
f 588//162 623//136 618//30
f 588//162 618//30 617//143
f 588//162 617//143 589//163
f 589//163 617//143 620//144
f 589//163 620//144 624//22
f 589//163 624//22 591//22
f 591//22 624//22 625//162
f 591//22 625//162 592//154
f 592//154 625//162 626//166
f 592//154 626//166 627//167
f 593//29 627//167 584//161
f 584//161 627//167 626//166
f 584//161 626//166 621//21
f 592//154 627//167 594//65
f 594//65 627//167 593//29
f 597//3 596//2 628//7
f 628//7 596//2 629//24
f 596//2 598//98 629//24
f 629//24 598//98 630//168
f 598//98 599//26 630//168
f 630//168 599//26 631//169
f 630//168 631//169 632//170
f 631//169 633//4 632//170
f 632//170 633//4 634//5
f 633//4 635//6 634//5
f 600//9 597//3 636//14
f 636//14 597//3 628//7
f 599//26 601//5 631//169
f 601//5 602//165 631//169
f 631//169 602//165 633//4
f 602//165 603//6 633//4
f 633//4 603//6 637//12
f 633//4 637//12 635//6
f 635//6 637//12 638//6
f 637//12 639//13 638//6
f 604//7 600//9 640//7
f 640//7 600//9 636//14
f 603//6 605//6 637//12
f 605//6 606//27 637//12
f 637//12 606//27 641//171
f 637//12 641//171 639//13
f 607//7 608//125 642//7
f 642//7 608//125 643//125
f 608//125 604//7 643//125
f 643//125 604//7 640//7
f 609//18 644//113 606//27
f 606//27 644//113 641//171
f 610//14 607//7 645//14
f 645//14 607//7 642//7
f 611//18 646//113 609//18
f 609//18 646//113 644//113
f 612//14 610//14 647//14
f 647//14 610//14 645//14
f 613//18 648//148 611//18
f 611//18 648//148 646//113
f 614//14 612//14 649//38
f 649//38 612//14 647//14
f 615//19 650//19 613//18
f 613//18 650//19 648//148
f 616//20 614//14 651//42
f 651//42 614//14 649//38
f 618//30 652//30 619//65
f 619//65 652//30 653//136
f 619//65 653//136 620//144
f 620//144 653//136 654//154
f 655//143 656//172 657//173
f 655//143 657//173 658//144
f 621//21 659//21 622//21
f 622//21 659//21 660//21
f 622//21 660//21 615//19
f 615//19 660//21 650//19
f 616//20 651//42 623//136
f 623//136 651//42 661//65
f 623//136 661//65 618//30
f 618//30 661//65 652//30
f 620//144 654//154 624//22
f 624//22 654//154 662//44
f 624//22 662//44 625//162
f 625//162 662//44 656//172
f 625//162 656//172 655//143
f 625//162 655//143 626//166
f 626//166 655//143 658//144
f 626//166 658//144 663//103
f 626//166 663//103 621//21
f 621//21 663//103 659//21
f 628//7 629//24 664//7
f 664//7 629//24 665//24
f 629//24 630//168 665//24
f 665//24 630//168 666//126
f 630//168 632//170 666//126
f 666//126 632//170 667//126
f 632//170 634//5 667//126
f 667//126 634//5 668//87
f 634//5 635//6 668//87
f 668//87 635//6 669//6
f 636//14 628//7 670//14
f 670//14 628//7 664//7
f 635//6 638//6 669//6
f 669//6 638//6 671//6
f 638//6 639//13 671//6
f 671//6 639//13 672//27
f 640//7 636//14 673//7
f 673//7 636//14 670//14
f 641//171 674//89 639//13
f 639//13 674//89 672//27
f 642//7 643//125 675//7
f 675//7 643//125 676//125
f 643//125 640//7 676//125
f 676//125 640//7 673//7
f 644//113 677//118 641//171
f 641//171 677//118 678//80
f 641//171 678//80 674//89
f 677//118 679//13 678//80
f 645//14 642//7 680//14
f 680//14 642//7 675//7
f 646//113 681//120 644//113
f 644//113 681//120 677//118
f 677//118 681//120 679//13
f 679//13 681//120 682//113
f 647//14 645//14 683//14
f 683//14 645//14 680//14
f 648//148 684//121 646//113
f 646//113 684//121 681//120
f 681//120 684//121 682//113
f 682//113 684//121 685//122
f 649//38 647//14 686//53
f 686//53 647//14 683//14
f 650//19 687//174 648//148
f 648//148 687//174 688//62
f 648//148 688//62 684//121
f 684//121 688//62 685//122
f 651//42 649//38 689//55
f 689//55 649//38 686//53
f 689//55 686//53 690//124
f 652//30 689//55 653//136
f 653//136 689//55 690//124
f 653//136 690//124 691//175
f 653//136 691//175 654//154
f 654//154 691//175 692//176
f 654//154 692//176 693//164
f 656//172 693//164 657//173
f 657//173 693//164 692//176
f 657//173 692//176 694//22
f 657//173 694//22 658//144
f 658//144 694//22 695//149
f 659//21 696//21 660//21
f 660//21 696//21 697//21
f 660//21 697//21 650//19
f 650//19 697//21 687//174
f 651//42 689//55 661//65
f 661//65 689//55 652//30
f 654//154 693//164 662//44
f 662//44 693//164 656//172
f 658//144 695//149 663//103
f 663//103 695//149 698//103
f 663//103 698//103 659//21
f 659//21 698//103 696//21
f 699//104 700//105 701//67
f 699//104 702//6 700//105
f 664//7 665//24 703//7
f 703//7 665//24 704//24
f 665//24 666//126 704//24
f 704//24 666//126 705//126
f 666//126 667//126 705//126
f 705//126 667//126 706//106
f 667//126 668//87 706//106
f 706//106 668//87 699//104
f 706//106 699//104 701//67
f 668//87 669//6 699//104
f 699//104 669//6 707//12
f 699//104 707//12 702//6
f 702//6 707//12 708//6
f 707//12 709//13 708//6
f 670//14 664//7 710//177
f 710//177 664//7 703//7
f 669//6 671//6 707//12
f 671//6 672//27 707//12
f 707//12 672//27 711//171
f 707//12 711//171 709//13
f 673//7 670//14 712//3
f 712//3 670//14 710//177
f 674//89 713//13 672//27
f 672//27 713//13 711//171
f 675//7 676//125 714//7
f 714//7 676//125 715//78
f 676//125 673//7 715//78
f 715//78 673//7 712//3
f 674//89 678//80 713//13
f 713//13 678//80 716//6
f 678//80 679//13 716//6
f 716//6 679//13 717//27
f 680//14 675//7 718//14
f 718//14 675//7 714//7
f 682//113 719//18 679//13
f 679//13 719//18 717//27
f 683//14 680//14 720//14
f 720//14 680//14 718//14
f 685//122 721//19 682//113
f 682//113 721//19 719//18
f 686//53 683//14 722//20
f 722//20 683//14 720//14
f 687//174 723//30 688//62
f 688//62 723//30 724//94
f 688//62 724//94 685//122
f 685//122 724//94 721//19
f 686//53 722//20 690//124
f 690//124 722//20 725//22
f 690//124 725//22 691//175
f 691//175 725//22 726//102
f 691//175 726//102 692//176
f 692//176 726//102 727//178
f 692//176 727//178 694//22
f 694//22 727//178 728//22
f 694//22 728//22 695//149
f 695//149 728//22 729//149
f 696//21 730//21 697//21
f 697//21 730//21 731//179
f 697//21 731//179 687//174
f 687//174 731//179 723//30
f 695//149 729//149 698//103
f 698//103 729//149 732//103
f 698//103 732//103 696//21
f 696//21 732//103 730//21
f 701//67 700//105 733//125
f 733//125 700//105 734//180
f 700//105 702//6 734//180
f 734//180 702//6 735//88
f 703//7 704//24 736//7
f 736//7 704//24 737//24
f 704//24 705//126 737//24
f 737//24 705//126 738//126
f 705//126 706//106 738//126
f 738//126 706//106 739//24
f 706//106 701//67 739//24
f 739//24 701//67 733//125
f 702//6 708//6 735//88
f 735//88 708//6 740//77
f 708//6 709//13 740//77
f 740//77 709//13 741//181
f 710//177 703//7 742//182
f 742//182 703//7 736//7
f 711//171 743//13 709//13
f 709//13 743//13 741//181
f 744//183 745//67 746//3
f 712//3 710//177 744//183
f 744//183 710//177 742//182
f 744//183 742//182 745//67
f 713//13 747//79 711//171
f 711//171 747//79 748//49
f 711//171 748//49 743//13
f 747//79 749//119 748//49
f 714//7 715//78 750//9
f 750//9 715//78 744//183
f 750//9 744//183 746//3
f 715//78 712//3 744//183
f 713//13 716//6 747//79
f 716//6 717//27 747//79
f 747//79 717//27 751//17
f 747//79 751//17 749//119
f 718//14 714//7 752//14
f 752//14 714//7 750//9
f 719//18 753//18 717//27
f 717//27 753//18 751//17
f 720//14 718//14 754//38
f 754//38 718//14 752//14
f 721//19 755//19 719//18
f 719//18 755//19 753//18
f 722//20 720//14 756//42
f 756//42 720//14 754//38
f 757//143 758//172 759//173
f 757//143 759//173 760//144
f 761//40 762//184 763//31
f 723//30 761//40 724//94
f 724//94 761//40 763//31
f 724//94 763//31 764//23
f 724//94 764//23 721//19
f 721//19 764//23 755//19
f 722//20 756//42 725//22
f 725//22 756//42 765//44
f 725//22 765//44 726//102
f 726//102 765//44 758//172
f 726//102 758//172 757//143
f 726//102 757//143 727//178
f 727//178 757//143 760//144
f 727//178 760//144 766//22
f 727//178 766//22 728//22
f 728//22 766//22 767//22
f 728//22 767//22 729//149
f 729//149 767//22 768//154
f 730//21 769//185 731//179
f 731//179 769//185 762//184
f 731//179 762//184 761//40
f 731//179 761//40 723//30
f 729//149 768//154 732//103
f 732//103 768//154 770//65
f 732//103 770//65 730//21
f 730//21 770//65 769//185
f 771//186 772//105 773//138
f 771//186 774//36 772//105
f 733//125 734//180 775//139
f 775//139 734//180 771//186
f 775//139 771//186 773//138
f 734//180 735//88 771//186
f 771//186 735//88 776//70
f 771//186 776//70 774//36
f 736//7 737//24 777//7
f 777//7 737//24 778//24
f 737//24 738//126 778//24
f 778//24 738//126 779//187
f 738//126 739//24 779//187
f 779//187 739//24 780//2
f 739//24 733//125 780//2
f 780//2 733//125 775//139
f 735//88 740//77 776//70
f 776//70 740//77 781//6
f 740//77 741//181 781//6
f 781//6 741//181 782//6
f 742//182 736//7 783//7
f 783//7 736//7 777//7
f 743//13 784//79 741//181
f 741//181 784//79 785//49
f 741//181 785//49 782//6
f 784//79 786//119 785//49
f 746//3 745//67 787//7
f 787//7 745//67 788//125
f 745//67 742//182 788//125
f 788//125 742//182 783//7
f 743//13 748//49 784//79
f 748//49 749//119 784//79
f 784//79 749//119 789//17
f 784//79 789//17 786//119
f 750//9 746//3 790//14
f 790//14 746//3 787//7
f 751//17 791//18 749//119
f 749//119 791//18 789//17
f 752//14 750//9 792//14
f 792//14 750//9 790//14
f 753//18 793//18 751//17
f 751//17 793//18 791//18
f 754//38 752//14 794//53
f 794//53 752//14 792//14
f 755//19 795//19 753//18
f 753//18 795//19 793//18
f 756//42 754//38 796//55
f 796//55 754//38 794//53
f 796//55 794//53 797//124
f 758//172 796//55 759//173
f 759//173 796//55 797//124
f 759//173 797//124 798//22
f 759//173 798//22 760//144
f 760//144 798//22 799//154
f 762//184 800//21 763//31
f 763//31 800//21 801//23
f 763//31 801//23 764//23
f 764//23 801//23 802//23
f 764//23 802//23 755//19
f 755//19 802//23 795//19
f 756//42 796//55 765//44
f 765//44 796//55 758//172
f 760//144 799//154 766//22
f 766//22 799//154 803//95
f 766//22 803//95 767//22
f 767//22 803//95 804//188
f 767//22 804//188 768//154
f 768//154 804//188 805//166
f 768//154 805//166 806//167
f 769//185 806//167 762//184
f 762//184 806//167 805//166
f 762//184 805//166 800//21
f 768//154 806//167 770//65
f 770//65 806//167 769//185
f 773//138 772//105 807//141
f 807//141 772//105 808//126
f 772//105 774//36 808//126
f 808//126 774//36 809//77
f 810//66 811//2 812//67
f 810//66 813//189 811//2
f 811//2 813//189 814//150
f 775//139 773//138 813//189
f 813//189 773//138 807//141
f 813//189 807//141 814//150
f 776//70 815//190 774//36
f 774//36 815//190 816//80
f 774//36 816//80 809//77
f 815//190 817//6 816//80
f 777//7 778//24 818//7
f 818//7 778//24 819//69
f 778//24 779//187 819//69
f 819//69 779//187 810//66
f 819//69 810//66 812//67
f 779//187 780//2 810//66
f 810//66 780//2 813//189
f 780//2 775//139 813//189
f 776//70 781//6 815//190
f 781//6 782//6 815//190
f 815//190 782//6 820//12
f 815//190 820//12 817//6
f 817//6 820//12 821//6
f 820//12 822//13 821//6
f 783//7 777//7 823//191
f 823//191 777//7 818//7
f 782//6 785//49 820//12
f 785//49 786//119 820//12
f 820//12 786//119 824//17
f 820//12 824//17 822//13
f 787//7 788//125 825//192
f 825//192 788//125 826//193
f 788//125 783//7 826//193
f 826//193 783//7 823//191
f 789//17 827//18 786//119
f 786//119 827//18 824//17
f 790//14 787//7 828//14
f 828//14 787//7 825//192
f 791//18 829//18 789//17
f 789//17 829//18 827//18
f 792//14 790//14 830//38
f 830//38 790//14 828//14
f 793//18 831//18 791//18
f 791//18 831//18 829//18
f 794//53 792//14 832//42
f 832//42 792//14 830//38
f 795//19 833//19 793//18
f 793//18 833//19 831//18
f 794//53 832//42 797//124
f 797//124 832//42 834//95
f 797//124 834//95 798//22
f 798//22 834//95 835//188
f 798//22 835//188 799//154
f 799//154 835//188 836//194
f 799//154 836//194 837//195
f 837//195 836//194 838//196
f 838//196 836//194 839//95
f 838//196 839//95 840//144
f 800//21 841//21 801//23
f 801//23 841//21 842//197
f 801//23 842//197 802//23
f 802//23 842//197 843//140
f 802//23 843//140 795//19
f 795//19 843//140 833//19
f 799//154 837//195 803//95
f 803//95 837//195 804//188
f 804//188 837//195 838//196
f 804//188 838//196 805//166
f 805//166 838//196 840//144
f 805//166 840//144 844//103
f 805//166 844//103 800//21
f 800//21 844//103 841//21
f 807//141 808//126 845//125
f 845//125 808//126 846//126
f 808//126 809//77 846//126
f 846//126 809//77 847//26
f 812//67 811//2 848//125
f 848//125 811//2 849//24
f 811//2 814//150 849//24
f 849//24 814//150 850//24
f 814//150 807//141 850//24
f 850//24 807//141 845//125
f 809//77 816//80 847//26
f 847//26 816//80 851//6
f 816//80 817//6 851//6
f 851//6 817//6 852//6
f 818//7 819//69 853//7
f 853//7 819//69 854//125
f 819//69 812//67 854//125
f 854//125 812//67 848//125
f 817//6 821//6 852//6
f 852//6 821//6 855//6
f 821//6 822//13 855//6
f 855//6 822//13 856//27
f 823//191 818//7 857//198
f 857//198 818//7 853//7
f 824//17 858//18 822//13
f 822//13 858//18 856//27
f 825//192 826//193 859//199
f 826//193 823//191 859//199
f 859//199 823//191 857//198
f 859//199 857//198 860//200
f 827//18 861//18 824//17
f 824//17 861//18 858//18
f 828//14 825//192 862//201
f 862//201 825//192 859//199
f 862//201 859//199 863//202
f 859//199 860//200 863//202
f 829//18 864//18 827//18
f 827//18 864//18 861//18
f 830//38 828//14 865//203
f 865//203 828//14 862//201
f 831//18 866//18 829//18
f 829//18 866//18 864//18
f 832//42 830//38 867//100
f 867//100 830//38 865//203
f 867//100 865//203 868//195
f 867//100 868//195 869//196
f 869//196 868//195 870//204
f 869//196 870//204 871//144
f 872//143 873//205 874//65
f 872//143 874//65 875//144
f 833//19 876//19 831//18
f 831//18 876//19 866//18
f 832//42 867//100 834//95
f 834//95 867//100 835//188
f 835//188 867//100 869//196
f 835//188 869//196 836//194
f 836//194 869//196 871//144
f 836//194 871//144 877//22
f 836//194 877//22 839//95
f 839//95 877//22 878//22
f 839//95 878//22 840//144
f 840//144 878//22 879//149
f 841//21 880//206 842//197
f 842//197 880//206 873//205
f 842//197 873//205 872//143
f 842//197 872//143 843//140
f 843//140 872//143 875//144
f 843//140 875//144 881//103
f 843//140 881//103 833//19
f 833//19 881//103 876//19
f 840//144 879//149 844//103
f 844//103 879//149 882//103
f 844//103 882//103 841//21
f 841//21 882//103 880//206
f 845//125 846//126 883//125
f 883//125 846//126 884//132
f 846//126 847//26 884//132
f 884//132 847//26 885//58
f 884//132 885//58 886//35
f 885//58 887//6 886//35
f 848//125 849//24 888//125
f 888//125 849//24 889//24
f 849//24 850//24 889//24
f 889//24 850//24 890//24
f 850//24 845//125 890//24
f 890//24 845//125 883//125
f 847//26 851//6 885//58
f 851//6 852//6 885//58
f 885//58 852//6 891//12
f 885//58 891//12 887//6
f 887//6 891//12 892//6
f 891//12 893//13 892//6
f 853//7 854//125 894//7
f 894//7 854//125 895//125
f 854//125 848//125 895//125
f 895//125 848//125 888//125
f 852//6 855//6 891//12
f 855//6 856//27 891//12
f 891//12 856//27 896//17
f 891//12 896//17 893//13
f 857//198 853//7 897//14
f 897//14 853//7 894//7
f 858//18 898//18 856//27
f 856//27 898//18 896//17
f 860//200 857//198 899//198
f 899//198 857//198 897//14
f 861//18 900//18 858//18
f 858//18 900//18 898//18
f 862//201 863//202 901//207
f 863//202 860//200 901//207
f 901//207 860//200 899//198
f 901//207 899//198 902//208
f 864//18 903//18 861//18
f 861//18 903//18 900//18
f 865//203 862//201 904//209
f 904//209 862//201 901//207
f 901//207 902//208 904//209
f 904//209 902//208 905//210
f 866//18 906//28 864//18
f 864//18 906//28 903//18
f 865//203 904//209 868//195
f 868//195 904//209 870//204
f 870//204 904//209 905//210
f 870//204 905//210 907//149
f 870//204 907//149 871//144
f 871//144 907//149 908//154
f 873//205 909//161 874//65
f 874//65 909//161 910//103
f 874//65 910//103 875//144
f 875//144 910//103 911//154
f 876//19 912//29 866//18
f 866//18 912//29 906//28
f 871//144 908//154 877//22
f 877//22 908//154 913//95
f 877//22 913//95 878//22
f 878//22 913//95 914//211
f 878//22 914//211 879//149
f 879//149 914//211 915//154
f 880//206 916//29 873//205
f 873//205 916//29 909//161
f 875//144 911//154 881//103
f 881//103 911//154 917//65
f 881//103 917//65 876//19
f 876//19 917//65 912//29
f 879//149 915//154 882//103
f 882//103 915//154 918//65
f 882//103 918//65 880//206
f 880//206 918//65 916//29
f 919//137 920//105 921//3
f 919//137 922//6 920//105
f 883//125 884//132 923//159
f 923//159 884//132 919//137
f 923//159 919//137 921//3
f 884//132 886//35 919//137
f 919//137 886//35 924//135
f 919//137 924//135 922//6
f 886//35 887//6 924//135
f 924//135 887//6 925//26
f 888//125 889//24 926//125
f 926//125 889//24 927//24
f 889//24 890//24 927//24
f 927//24 890//24 928//24
f 890//24 883//125 928//24
f 928//24 883//125 923//159
f 887//6 892//6 925//26
f 925//26 892//6 929//6
f 892//6 893//13 929//6
f 929//6 893//13 930//27
f 894//7 895//125 931//7
f 931//7 895//125 932//125
f 895//125 888//125 932//125
f 932//125 888//125 926//125
f 896//17 933//18 893//13
f 893//13 933//18 930//27
f 897//14 894//7 934//14
f 934//14 894//7 931//7
f 898//18 935//18 896//17
f 896//17 935//18 933//18
f 899//198 897//14 936//14
f 936//14 897//14 934//14
f 900//18 937//18 898//18
f 898//18 937//18 935//18
f 902//208 899//198 938//14
f 938//14 899//198 936//14
f 903//18 939//18 900//18
f 900//18 939//18 937//18
f 905//210 902//208 940//20
f 940//20 902//208 938//14
f 906//28 941//19 903//18
f 903//18 941//19 939//18
f 905//210 940//20 907//149
f 907//149 940//20 942//212
f 907//149 942//212 908//154
f 908//154 942//212 943//213
f 908//154 943//213 944//214
f 944//214 943//213 945//144
f 909//161 946//21 910//103
f 910//103 946//21 947//215
f 910//103 947//215 911//154
f 911//154 947//215 948//166
f 911//154 948//166 949//167
f 912//29 949//167 906//28
f 906//28 949//167 948//166
f 906//28 948//166 941//19
f 908//154 944//214 913//95
f 913//95 944//214 914//211
f 914//211 944//214 945//144
f 914//211 945//144 950//212
f 914//211 950//212 915//154
f 915//154 950//212 951//216
f 915//154 951//216 952//167
f 916//29 952//167 909//161
f 909//161 952//167 951//216
f 909//161 951//216 946//21
f 911//154 949//167 917//65
f 917//65 949//167 912//29
f 915//154 952//167 918//65
f 918//65 952//167 916//29
f 921//3 920//105 953//7
f 953//7 920//105 954//126
f 920//105 922//6 954//126
f 954//126 922//6 955//77
f 923//159 921//3 956//7
f 956//7 921//3 953//7
f 922//6 924//135 955//77
f 955//77 924//135 957//217
f 924//135 925//26 957//217
f 957//217 925//26 958//34
f 957//217 958//34 959//5
f 958//34 960//13 959//5
f 926//125 927//24 961//125
f 961//125 927//24 962//24
f 927//24 928//24 962//24
f 962//24 928//24 963//24
f 928//24 923//159 963//24
f 963//24 923//159 956//7
f 925//26 929//6 958//34
f 929//6 930//27 958//34
f 958//34 930//27 964//17
f 958//34 964//17 960//13
f 931//7 932//125 965//7
f 965//7 932//125 966//125
f 932//125 926//125 966//125
f 966//125 926//125 961//125
f 933//18 967//18 930//27
f 930//27 967//18 964//17
f 934//14 931//7 968//14
f 968//14 931//7 965//7
f 935//18 969//18 933//18
f 933//18 969//18 967//18
f 936//14 934//14 970//14
f 970//14 934//14 968//14
f 937//18 971//18 935//18
f 935//18 971//18 969//18
f 938//14 936//14 972//14
f 972//14 936//14 970//14
f 939//18 973//18 937//18
f 937//18 973//18 971//18
f 940//20 938//14 974//20
f 974//20 938//14 972//14
f 975//143 976//205 977//65
f 975//143 977//65 978//144
f 941//19 979//19 939//18
f 939//18 979//19 973//18
f 940//20 974//20 942//212
f 942//212 974//20 980//22
f 942//212 980//22 943//213
f 943//213 980//22 981//22
f 943//213 981//22 945//144
f 945//144 981//22 982//154
f 946//21 983//206 947//215
f 947//215 983//206 976//205
f 947//215 976//205 975//143
f 947//215 975//143 948//166
f 948//166 975//143 978//144
f 948//166 978//144 984//103
f 948//166 984//103 941//19
f 941//19 984//103 979//19
f 945//144 982//154 950//212
f 950//212 982//154 985//95
f 950//212 985//95 951//216
f 951//216 985//95 986//140
f 951//216 986//140 946//21
f 946//21 986//140 983//206
f 953//7 954//126 987//7
f 987//7 954//126 988//126
f 954//126 955//77 988//126
f 988//126 955//77 989//77
f 956//7 953//7 990//7
f 990//7 953//7 987//7
f 955//77 957//217 989//77
f 989//77 957//217 991//25
f 957//217 959//5 991//25
f 991//25 959//5 992//87
f 959//5 960//13 992//87
f 992//87 960//13 993//27
f 961//125 962//24 994//125
f 994//125 962//24 995//24
f 962//24 963//24 995//24
f 995//24 963//24 996//24
f 963//24 956//7 996//24
f 996//24 956//7 990//7
f 964//17 997//18 960//13
f 960//13 997//18 993//27
f 965//7 966//125 998//7
f 998//7 966//125 999//125
f 966//125 961//125 999//125
f 999//125 961//125 994//125
f 967//18 1000//18 964//17
f 964//17 1000//18 997//18
f 968//14 965//7 1001//14
f 1001//14 965//7 998//7
f 969//18 1002//18 967//18
f 967//18 1002//18 1000//18
f 970//14 968//14 1003//14
f 1003//14 968//14 1001//14
f 971//18 1004//18 969//18
f 969//18 1004//18 1002//18
f 972//14 970//14 1005//38
f 1005//38 970//14 1003//14
f 973//18 1006//18 971//18
f 971//18 1006//18 1004//18
f 974//20 972//14 1007//42
f 1007//42 972//14 1005//38
f 976//205 1008//19 977//65
f 977//65 1008//19 1009//103
f 977//65 1009//103 978//144
f 978//144 1009//103 1010//149
f 979//19 1011//19 973//18
f 973//18 1011//19 1006//18
f 974//20 1007//42 980//22
f 980//22 1007//42 1012//95
f 980//22 1012//95 981//22
f 981//22 1012//95 1013//188
f 981//22 1013//188 982//154
f 982//154 1013//188 1014//218
f 982//154 1014//218 1015//214
f 1015//214 1014//218 1016//144
f 983//206 1017//19 976//205
f 976//205 1017//19 1008//19
f 978//144 1010//149 984//103
f 984//103 1010//149 1018//103
f 984//103 1018//103 979//19
f 979//19 1018//103 1011//19
f 982//154 1015//214 985//95
f 985//95 1015//214 986//140
f 986//140 1015//214 1016//144
f 986//140 1016//144 1019//103
f 986//140 1019//103 983//206
f 983//206 1019//103 1017//19
f 987//7 988//126 1020//7
f 1020//7 988//126 1021//180
f 988//126 989//77 1021//180
f 1021//180 989//77 1022//88
f 1023//90 1024//105 1025//67
f 1023//90 1026//13 1024//105
f 990//7 987//7 1027//7
f 1027//7 987//7 1020//7
f 989//77 991//25 1022//88
f 1022//88 991//25 1028//219
f 991//25 992//87 1028//219
f 1028//219 992//87 1023//90
f 1028//219 1023//90 1025//67
f 992//87 993//27 1023//90
f 1023//90 993//27 1029//17
f 1023//90 1029//17 1026//13
f 994//125 995//24 1030//125
f 1030//125 995//24 1031//24
f 995//24 996//24 1031//24
f 1031//24 996//24 1032//24
f 996//24 990//7 1032//24
f 1032//24 990//7 1027//7
f 997//18 1033//18 993//27
f 993//27 1033//18 1029//17
f 998//7 999//125 1034//7
f 1034//7 999//125 1035//125
f 999//125 994//125 1035//125
f 1035//125 994//125 1030//125
f 1000//18 1036//18 997//18
f 997//18 1036//18 1033//18
f 1001//14 998//7 1037//14
f 1037//14 998//7 1034//7
f 1002//18 1038//18 1000//18
f 1000//18 1038//18 1036//18
f 1003//14 1001//14 1039//14
f 1039//14 1001//14 1037//14
f 1004//18 1040//18 1002//18
f 1002//18 1040//18 1038//18
f 1005//38 1003//14 1041//53
f 1041//53 1003//14 1039//14
f 1006//18 1042//18 1004//18
f 1004//18 1042//18 1040//18
f 1007//42 1005//38 1043//100
f 1043//100 1005//38 1041//53
f 1043//100 1041//53 1044//220
f 1043//100 1044//220 1045//196
f 1045//196 1044//220 1046//95
f 1045//196 1046//95 1047//144
f 1008//19 1048//161 1009//103
f 1009//103 1048//161 1049//103
f 1009//103 1049//103 1010//149
f 1010//149 1049//103 1050//149
f 1011//19 1051//19 1006//18
f 1006//18 1051//19 1042//18
f 1007//42 1043//100 1012//95
f 1012//95 1043//100 1013//188
f 1013//188 1043//100 1045//196
f 1013//188 1045//196 1014//218
f 1014//218 1045//196 1047//144
f 1014//218 1047//144 1052//149
f 1014//218 1052//149 1016//144
f 1016//144 1052//149 1053//154
f 1017//19 1054//29 1008//19
f 1008//19 1054//29 1048//161
f 1010//149 1050//149 1018//103
f 1018//103 1050//149 1055//103
f 1018//103 1055//103 1011//19
f 1011//19 1055//103 1051//19
f 1016//144 1053//154 1019//103
f 1019//103 1053//154 1056//65
f 1019//103 1056//65 1017//19
f 1017//19 1056//65 1054//29
f 1057//186 1058//105 1059//3
f 1057//186 1060//36 1058//105
f 1020//7 1021//180 1061//9
f 1061//9 1021//180 1057//186
f 1061//9 1057//186 1059//3
f 1021//180 1022//88 1057//186
f 1057//186 1022//88 1062//70
f 1057//186 1062//70 1060//36
f 1025//67 1024//105 1063//67
f 1063//67 1024//105 1064//221
f 1024//105 1026//13 1064//221
f 1064//221 1026//13 1065//89
f 1027//7 1020//7 1066//7
f 1066//7 1020//7 1061//9
f 1022//88 1028//219 1062//70
f 1062//70 1028//219 1067//105
f 1028//219 1025//67 1067//105
f 1067//105 1025//67 1063//67
f 1029//17 1068//18 1026//13
f 1026//13 1068//18 1065//89
f 1030//125 1031//24 1069//125
f 1069//125 1031//24 1070//24
f 1031//24 1032//24 1070//24
f 1070//24 1032//24 1071//24
f 1032//24 1027//7 1071//24
f 1071//24 1027//7 1066//7
f 1033//18 1072//18 1029//17
f 1029//17 1072//18 1068//18
f 1034//7 1035//125 1073//7
f 1073//7 1035//125 1074//125
f 1035//125 1030//125 1074//125
f 1074//125 1030//125 1069//125
f 1036//18 1075//18 1033//18
f 1033//18 1075//18 1072//18
f 1037//14 1034//7 1076//14
f 1076//14 1034//7 1073//7
f 1038//18 1077//18 1036//18
f 1036//18 1077//18 1075//18
f 1039//14 1037//14 1078//38
f 1078//38 1037//14 1076//14
f 1040//18 1079//18 1038//18
f 1038//18 1079//18 1077//18
f 1041//53 1039//14 1080//42
f 1080//42 1039//14 1078//38
f 1042//18 1081//18 1040//18
f 1040//18 1081//18 1079//18
f 1041//53 1080//42 1044//220
f 1044//220 1080//42 1082//95
f 1044//220 1082//95 1046//95
f 1046//95 1082//95 1083//211
f 1046//95 1083//211 1047//144
f 1047//144 1083//211 1084//149
f 1048//161 1085//30 1049//103
f 1049//103 1085//30 1086//136
f 1049//103 1086//136 1050//149
f 1050//149 1086//136 1087//149
f 1051//19 1088//19 1042//18
f 1042//18 1088//19 1081//18
f 1047//144 1084//149 1052//149
f 1052//149 1084//149 1089//212
f 1052//149 1089//212 1053//154
f 1053//154 1089//212 1090//222
f 1053//154 1090//222 1091//167
f 1054//29 1091//167 1048//161
f 1048//161 1091//167 1090//222
f 1048//161 1090//222 1085//30
f 1050//149 1087//149 1055//103
f 1055//103 1087//149 1092//103
f 1055//103 1092//103 1051//19
f 1051//19 1092//103 1088//19
f 1053//154 1091//167 1056//65
f 1056//65 1091//167 1054//29
f 1059//3 1058//105 1093//7
f 1093//7 1058//105 1094//126
f 1058//105 1060//36 1094//126
f 1094//126 1060//36 1095//77
f 1061//9 1059//3 1096//14
f 1096//14 1059//3 1093//7
f 1062//70 1097//223 1060//36
f 1060//36 1097//223 1098//224
f 1060//36 1098//224 1095//77
f 1063//67 1064//221 1097//223
f 1097//223 1064//221 1099//225
f 1097//223 1099//225 1098//224
f 1064//221 1065//89 1099//225
f 1099//225 1065//89 1100//27
f 1066//7 1061//9 1101//7
f 1101//7 1061//9 1096//14
f 1062//70 1067//105 1097//223
f 1067//105 1063//67 1097//223
f 1068//18 1102//18 1065//89
f 1065//89 1102//18 1100//27
f 1069//125 1070//24 1103//125
f 1103//125 1070//24 1104//24
f 1070//24 1071//24 1104//24
f 1104//24 1071//24 1105//24
f 1071//24 1066//7 1105//24
f 1105//24 1066//7 1101//7
f 1072//18 1106//18 1068//18
f 1068//18 1106//18 1102//18
f 1073//7 1074//125 1107//7
f 1107//7 1074//125 1108//125
f 1074//125 1069//125 1108//125
f 1108//125 1069//125 1103//125
f 1075//18 1109//18 1072//18
f 1072//18 1109//18 1106//18
f 1076//14 1073//7 1110//14
f 1110//14 1073//7 1107//7
f 1077//18 1111//147 1075//18
f 1075//18 1111//147 1109//18
f 1078//38 1076//14 1112//53
f 1112//53 1076//14 1110//14
f 1079//18 1113//148 1077//18
f 1077//18 1113//148 1111//147
f 1080//42 1078//38 1114//226
f 1114//226 1078//38 1112//53
f 1114//226 1112//53 1115//227
f 1114//226 1115//227 1116//228
f 1081//18 1117//18 1079//18
f 1079//18 1117//18 1113//148
f 1080//42 1114//226 1082//95
f 1082//95 1114//226 1083//211
f 1083//211 1114//226 1116//228
f 1083//211 1116//228 1118//227
f 1083//211 1118//227 1084//149
f 1084//149 1118//227 1119//227
f 1120//40 1121//54 1122//109
f 1085//30 1120//40 1086//136
f 1086//136 1120//40 1122//109
f 1086//136 1122//109 1123//22
f 1086//136 1123//22 1087//149
f 1087//149 1123//22 1124//149
f 1088//19 1125//19 1081//18
f 1081//18 1125//19 1117//18
f 1084//149 1119//227 1089//212
f 1089//212 1119//227 1126//44
f 1089//212 1126//44 1090//222
f 1090//222 1126//44 1121//54
f 1090//222 1121//54 1120//40
f 1090//222 1120//40 1085//30
f 1087//149 1124//149 1092//103
f 1092//103 1124//149 1127//103
f 1092//103 1127//103 1088//19
f 1088//19 1127//103 1125//19
f 1093//7 1094//126 1128//7
f 1128//7 1094//126 1129//126
f 1094//126 1095//77 1129//126
f 1129//126 1095//77 1130//77
f 1131//90 1132//105 1133//67
f 1131//90 1134//13 1132//105
f 1096//14 1093//7 1135//177
f 1135//177 1093//7 1128//7
f 1095//77 1098//224 1130//77
f 1130//77 1098//224 1136//219
f 1098//224 1099//225 1136//219
f 1136//219 1099//225 1131//90
f 1136//219 1131//90 1133//67
f 1099//225 1100//27 1131//90
f 1131//90 1100//27 1137//17
f 1131//90 1137//17 1134//13
f 1101//7 1096//14 1138//3
f 1138//3 1096//14 1135//177
f 1102//18 1139//18 1100//27
f 1100//27 1139//18 1137//17
f 1103//125 1104//24 1140//125
f 1140//125 1104//24 1141//24
f 1104//24 1105//24 1141//24
f 1141//24 1105//24 1142//111
f 1105//24 1101//7 1142//111
f 1142//111 1101//7 1138//3
f 1106//18 1143//18 1102//18
f 1102//18 1143//18 1139//18
f 1107//7 1108//125 1144//7
f 1144//7 1108//125 1145//125
f 1108//125 1103//125 1145//125
f 1145//125 1103//125 1140//125
f 1109//18 1146//147 1106//18
f 1106//18 1146//147 1143//18
f 1110//14 1107//7 1147//38
f 1147//38 1107//7 1144//7
f 1111//147 1148//13 1109//18
f 1109//18 1148//13 1146//147
f 1112//53 1110//14 1149//42
f 1149//42 1110//14 1147//38
f 1113//148 1150//48 1111//147
f 1111//147 1150//48 1151//49
f 1111//147 1151//49 1148//13
f 1150//48 1152//229 1151//49
f 1112//53 1149//42 1115//227
f 1115//227 1149//42 1153//230
f 1115//227 1153//230 1116//228
f 1116//228 1153//230 1154//218
f 1116//228 1154//218 1155//231
f 1155//231 1154//218 1156//227
f 1117//18 1157//61 1113//148
f 1113//148 1157//61 1158//62
f 1113//148 1158//62 1150//48
f 1150//48 1158//62 1152//229
f 1116//228 1155//231 1118//227
f 1118//227 1155//231 1119//227
f 1119//227 1155//231 1156//227
f 1119//227 1156//227 1159//164
f 1159//164 1156//227 1160//124
f 1121//54 1159//164 1122//109
f 1122//109 1159//164 1160//124
f 1122//109 1160//124 1161//102
f 1122//109 1161//102 1123//22
f 1123//22 1161//102 1162//232
f 1123//22 1162//232 1124//149
f 1124//149 1162//232 1163//227
f 1125//19 1164//29 1117//18
f 1117//18 1164//29 1157//61
f 1119//227 1159//164 1126//44
f 1126//44 1159//164 1121//54
f 1124//149 1163//227 1127//103
f 1127//103 1163//227 1165//65
f 1127//103 1165//65 1125//19
f 1125//19 1165//65 1164//29
f 1128//7 1129//126 1166//7
f 1166//7 1129//126 1167//126
f 1129//126 1130//77 1167//126
f 1167//126 1130//77 1168//77
f 1133//67 1132//105 1169//125
f 1169//125 1132//105 1170//126
f 1132//105 1134//13 1170//126
f 1170//126 1134//13 1171//89
f 1135//177 1128//7 1172//182
f 1172//182 1128//7 1166//7
f 1130//77 1136//219 1168//77
f 1168//77 1136//219 1173//126
f 1136//219 1133//67 1173//126
f 1173//126 1133//67 1169//125
f 1137//17 1174//18 1134//13
f 1134//13 1174//18 1171//89
f 1175//142 1176//233 1177//234
f 1138//3 1135//177 1175//142
f 1175//142 1135//177 1172//182
f 1175//142 1172//182 1176//233
f 1139//18 1178//147 1137//17
f 1137//17 1178//147 1174//18
f 1140//125 1141//24 1179//235
f 1179//235 1141//24 1180//99
f 1141//24 1142//111 1180//99
f 1180//99 1142//111 1175//142
f 1180//99 1175//142 1177//234
f 1142//111 1138//3 1175//142
f 1143//18 1181//113 1139//18
f 1139//18 1181//113 1178//147
f 1144//7 1145//125 1182//236
f 1182//236 1145//125 1183//193
f 1145//125 1140//125 1183//193
f 1183//193 1140//125 1179//235
f 1146//147 1184//13 1143//18
f 1143//18 1184//13 1181//113
f 1147//38 1144//7 1185//203
f 1185//203 1144//7 1182//236
f 1148//13 1186//79 1146//147
f 1146//147 1186//79 1187//49
f 1146//147 1187//49 1184//13
f 1186//79 1188//237 1187//49
f 1149//42 1147//38 1189//226
f 1189//226 1147//38 1185//203
f 1189//226 1185//203 1190//238
f 1189//226 1190//238 1191//239
f 1148//13 1151//49 1186//79
f 1151//49 1152//229 1186//79
f 1186//79 1152//229 1192//240
f 1186//79 1192//240 1188//237
f 1149//42 1189//226 1153//230
f 1153//230 1189//226 1154//218
f 1154//218 1189//226 1191//239
f 1154//218 1191//239 1193//149
f 1154//218 1193//149 1156//227
f 1156//227 1193//149 1194//149
f 1195//71 1196//30 1197//64
f 1195//71 1197//64 1198//195
f 1198//195 1197//64 1199//95
f 1198//195 1199//95 1200//241
f 1157//61 1201//30 1158//62
f 1158//62 1201//30 1202//30
f 1158//62 1202//30 1152//229
f 1152//229 1202//30 1192//240
f 1156//227 1194//149 1160//124
f 1160//124 1194//149 1203//136
f 1160//124 1203//136 1161//102
f 1161//102 1203//136 1196//30
f 1161//102 1196//30 1195//71
f 1161//102 1195//71 1162//232
f 1162//232 1195//71 1198//195
f 1162//232 1198//195 1163//227
f 1163//227 1198//195 1200//241
f 1163//227 1200//241 1204//167
f 1204//167 1200//241 1205//242
f 1164//29 1204//167 1157//61
f 1157//61 1204//167 1205//242
f 1157//61 1205//242 1201//30
f 1163//227 1204//167 1165//65
f 1165//65 1204//167 1164//29
f 1166//7 1167//126 1206//7
f 1206//7 1167//126 1207//126
f 1167//126 1168//77 1207//126
f 1207//126 1168//77 1208//77
f 1169//125 1170//126 1209//125
f 1209//125 1170//126 1210//126
f 1170//126 1171//89 1210//126
f 1210//126 1171//89 1211//89
f 1172//182 1166//7 1212//7
f 1212//7 1166//7 1206//7
f 1168//77 1173//126 1208//77
f 1208//77 1173//126 1213//126
f 1173//126 1169//125 1213//126
f 1213//126 1169//125 1209//125
f 1174//18 1214//147 1171//89
f 1171//89 1214//147 1211//89
f 1215//85 1216//2 1217//3
f 1177//234 1176//233 1215//85
f 1215//85 1176//233 1218//134
f 1215//85 1218//134 1216//2
f 1176//233 1172//182 1218//134
f 1218//134 1172//182 1212//7
f 1178//147 1219//13 1174//18
f 1174//18 1219//13 1214//147
f 1179//235 1180//99 1220//243
f 1220//243 1180//99 1215//85
f 1220//243 1215//85 1217//3
f 1180//99 1177//234 1215//85
f 1181//113 1221//118 1178//147
f 1178//147 1221//118 1222//244
f 1178//147 1222//244 1219//13
f 1221//118 1223//245 1222//244
f 1182//236 1183//193 1224//207
f 1183//193 1179//235 1224//207
f 1224//207 1179//235 1220//243
f 1224//207 1220//243 1225//208
f 1184//13 1226//130 1181//113
f 1181//113 1226//130 1221//118
f 1221//118 1226//130 1223//245
f 1223//245 1226//130 1227//18
f 1185//203 1182//236 1228//246
f 1228//246 1182//236 1224//207
f 1224//207 1225//208 1228//246
f 1228//246 1225//208 1229//247
f 1184//13 1187//49 1226//130
f 1187//49 1188//237 1226//130
f 1226//130 1188//237 1230//240
f 1226//130 1230//240 1227//18
f 1185//203 1228//246 1190//238
f 1190//238 1228//246 1191//239
f 1191//239 1228//246 1229//247
f 1191//239 1229//247 1231//42
f 1232//39 1233//30 1234//248
f 1192//240 1232//39 1188//237
f 1188//237 1232//39 1234//248
f 1188//237 1234//248 1230//240
f 1191//239 1231//42 1193//149
f 1193//149 1231//42 1235//227
f 1193//149 1235//227 1194//149
f 1194//149 1235//227 1236//249
f 1196//30 1237//250 1197//64
f 1197//64 1237//250 1238//251
f 1197//64 1238//251 1199//95
f 1199//95 1238//251 1239//252
f 1199//95 1239//252 1200//241
f 1200//241 1239//252 1240//253
f 1200//241 1240//253 1241//164
f 1201//30 1241//164 1202//30
f 1202//30 1241//164 1240//253
f 1202//30 1240//253 1232//39
f 1232//39 1240//253 1233//30
f 1202//30 1232//39 1192//240
f 1194//149 1236//249 1203//136
f 1203//136 1236//249 1242//103
f 1203//136 1242//103 1196//30
f 1196//30 1242//103 1237//250
f 1200//241 1241//164 1205//242
f 1205//242 1241//164 1201//30
f 1206//7 1207//126 1243//7
f 1243//7 1207//126 1244//126
f 1207//126 1208//77 1244//126
f 1244//126 1208//77 1245//77
f 1209//125 1210//126 1246//125
f 1246//125 1210//126 1247//180
f 1210//126 1211//89 1247//180
f 1247//180 1211//89 1248//27
f 1212//7 1206//7 1249//7
f 1249//7 1206//7 1243//7
f 1208//77 1213//126 1245//77
f 1245//77 1213//126 1250//126
f 1213//126 1209//125 1250//126
f 1250//126 1209//125 1246//125
f 1214//147 1251//89 1211//89
f 1211//89 1251//89 1248//27
f 1217//3 1216//2 1252//7
f 1252//7 1216//2 1253//24
f 1216//2 1218//134 1253//24
f 1253//24 1218//134 1254//24
f 1218//134 1212//7 1254//24
f 1254//24 1212//7 1249//7
f 1219//13 1255//254 1214//147
f 1214//147 1255//254 1256//255
f 1214//147 1256//255 1251//89
f 1255//254 1257//18 1256//255
f 1220//243 1217//3 1258//14
f 1258//14 1217//3 1252//7
f 1219//13 1222//244 1255//254
f 1255//254 1222//244 1259//256
f 1255//254 1259//256 1260//257
f 1260//257 1259//256 1261//29
f 1222//244 1223//245 1259//256
f 1255//254 1260//257 1257//18
f 1225//208 1220//243 1262//14
f 1262//14 1220//243 1258//14
f 1259//256 1263//258 1261//29
f 1261//29 1263//258 1264//259
f 1227//18 1263//258 1223//245
f 1223//245 1263//258 1259//256
f 1229//247 1225//208 1265//53
f 1265//53 1225//208 1262//14
f 1263//258 1266//260 1264//259
f 1264//259 1266//260 1267//261
f 1230//240 1266//260 1227//18
f 1227//18 1266//260 1263//258
f 1231//42 1229//247 1268//262
f 1268//262 1229//247 1265//53
f 1268//262 1265//53 1269//227
f 1268//262 1269//227 1270//263
f 1233//30 1271//206 1234//248
f 1234//248 1271//206 1267//261
f 1234//248 1267//261 1266//260
f 1234//248 1266//260 1230//240
f 1231//42 1268//262 1235//227
f 1235//227 1268//262 1236//249
f 1236//249 1268//262 1270//263
f 1236//249 1270//263 1272//42
f 1237//250 1273//81 1238//251
f 1238//251 1273//81 1239//252
f 1239//252 1273//81 1274//82
f 1239//252 1274//82 1275//23
f 1239//252 1275//23 1240//253
f 1240//253 1275//23 1276//23
f 1240//253 1276//23 1233//30
f 1233//30 1276//23 1271//206
f 1236//249 1272//42 1242//103
f 1242//103 1272//42 1277//264
f 1242//103 1277//264 1237//250
f 1237//250 1277//264 1278//265
f 1237//250 1278//265 1273//81
f 1273//81 1278//265 1274//82
f 1279//186 1280//105 1281//3
f 1279//186 1282//13 1280//105
f 1243//7 1244//126 1283//7
f 1283//7 1244//126 1284//126
f 1244//126 1245//77 1284//126
f 1284//126 1245//77 1285//77
f 1246//125 1247//180 1286//159
f 1286//159 1247//180 1279//186
f 1286//159 1279//186 1281//3
f 1247//180 1248//27 1279//186
f 1279//186 1248//27 1287//17
f 1279//186 1287//17 1282//13
f 1249//7 1243//7 1288//7
f 1288//7 1243//7 1283//7
f 1245//77 1250//126 1285//77
f 1285//77 1250//126 1289//126
f 1250//126 1246//125 1289//126
f 1289//126 1246//125 1286//159
f 1251//89 1290//266 1248//27
f 1248//27 1290//266 1287//17
f 1252//7 1253//24 1291//7
f 1291//7 1253//24 1292//24
f 1253//24 1254//24 1292//24
f 1292//24 1254//24 1293//24
f 1254//24 1249//7 1293//24
f 1293//24 1249//7 1288//7
f 1251//89 1256//255 1290//266
f 1290//266 1256//255 1294//267
f 1290//266 1294//267 1295//268
f 1256//255 1257//18 1294//267
f 1258//14 1252//7 1296//14
f 1296//14 1252//7 1291//7
f 1261//29 1297//269 1260//257
f 1260//257 1297//269 1295//268
f 1260//257 1295//268 1294//267
f 1260//257 1294//267 1257//18
f 1262//14 1258//14 1298//14
f 1298//14 1258//14 1296//14
f 1264//259 1299//13 1261//29
f 1261//29 1299//13 1297//269
f 1265//53 1262//14 1300//20
f 1300//20 1262//14 1298//14
f 1267//261 1301//48 1264//259
f 1264//259 1301//48 1302//49
f 1264//259 1302//49 1299//13
f 1301//48 1303//229 1302//49
f 1265//53 1300//20 1269//227
f 1269//227 1300//20 1304//149
f 1269//227 1304//149 1270//263
f 1270//263 1304//149 1305//270
f 1271//206 1306//271 1267//261
f 1267//261 1306//271 1307//272
f 1267//261 1307//272 1301//48
f 1301//48 1307//272 1303//229
f 1272//42 1270//263 1308//226
f 1308//226 1270//263 1305//270
f 1308//226 1305//270 1309//227
f 1308//226 1309//227 1310//228
f 1274//82 1311//30 1275//23
f 1275//23 1311//30 1312//131
f 1275//23 1312//131 1276//23
f 1276//23 1312//131 1313//31
f 1276//23 1313//31 1271//206
f 1271//206 1313//31 1306//271
f 1272//42 1308//226 1277//264
f 1277//264 1308//226 1278//265
f 1278//265 1308//226 1310//228
f 1278//265 1310//228 1314//65
f 1278//265 1314//65 1274//82
f 1274//82 1314//65 1311//30
f 1315//273 1316//274 1317//275
f 1315//273 1317//275 1318//276
f 1318//276 1317//275 1319//276
f 1320//277 1321//104 1322//275
f 1320//277 1323//278 1321//104
f 1318//276 1319//276 1324//279
f 1324//279 1319//276 1325//280
f 1320//277 1322//275 1326//281
f 1326//281 1322//275 1327//280
f 1320//277 1326//281 1323//278
f 1323//278 1326//281 1328//282
f 1323//278 1328//282 1329//283
f 1328//282 1330//120 1329//283
f 1324//279 1325//280 1331//284
f 1326//281 1327//280 1332//285
f 1326//281 1332//285 1328//282
f 1328//282 1332//285 1333//286
f 1328//282 1333//286 1330//120
f 1334//287 1335//91 1336//276
f 1334//287 1337//288 1335//91
f 1334//287 1336//276 1338//289
f 1334//287 1338//289 1337//288
f 1281//3 1280//105 1339//290
f 1339//290 1280//105 1340//126
f 1280//105 1282//13 1340//126
f 1340//126 1282//13 1341//89
f 1283//7 1284//126 1342//290
f 1342//290 1284//126 1343//126
f 1284//126 1285//77 1343//126
f 1343//126 1285//77 1344//26
f 1286//159 1281//3 1345//3
f 1345//3 1281//3 1339//290
f 1287//17 1346//18 1282//13
f 1282//13 1346//18 1341//89
f 1288//7 1283//7 1347//3
f 1347//3 1283//7 1342//290
f 1285//77 1289//126 1344//26
f 1344//26 1289//126 1348//105
f 1289//126 1286//159 1348//105
f 1348//105 1286//159 1345//3
f 1290//266 1349//147 1287//17
f 1287//17 1349//147 1346//18
f 1291//7 1292//24 1350//192
f 1350//192 1292//24 1351//291
f 1292//24 1293//24 1351//291
f 1351//291 1293//24 1352//292
f 1293//24 1288//7 1352//292
f 1352//292 1288//7 1347//3
f 1295//268 1353//13 1290//266
f 1290//266 1353//13 1349//147
f 1296//14 1291//7 1354//14
f 1354//14 1291//7 1350//192
f 1297//269 1355//118 1295//268
f 1295//268 1355//118 1356//49
f 1295//268 1356//49 1353//13
f 1355//118 1357//278 1356//49
f 1298//14 1296//14 1358//38
f 1358//38 1296//14 1354//14
f 1299//13 1359//293 1297//269
f 1297//269 1359//293 1355//118
f 1355//118 1359//293 1357//278
f 1357//278 1359//293 1360//294
f 1357//278 1360//294 1361//295
f 1360//294 1362//229 1361//295
f 1300//20 1298//14 1363//42
f 1363//42 1298//14 1358//38
f 1299//13 1302//49 1359//293
f 1302//49 1303//229 1359//293
f 1359//293 1303//229 1364//296
f 1359//293 1364//296 1360//294
f 1360//294 1364//296 1365//62
f 1360//294 1365//62 1362//229
f 1300//20 1363//42 1304//149
f 1304//149 1363//42 1366//227
f 1304//149 1366//227 1305//270
f 1305//270 1366//227 1367//249
f 1368//297 1369//30 1370//31
f 1306//271 1368//297 1307//272
f 1307//272 1368//297 1370//31
f 1307//272 1370//31 1371//23
f 1307//272 1371//23 1303//229
f 1303//229 1371//23 1364//296
f 1305//270 1367//249 1309//227
f 1309//227 1367//249 1372//212
f 1309//227 1372//212 1310//228
f 1310//228 1372//212 1373//298
f 1310//228 1373//298 1374//164
f 1311//30 1374//164 1312//131
f 1312//131 1374//164 1373//298
f 1312//131 1373//298 1375//145
f 1312//131 1375//145 1313//31
f 1313//31 1375//145 1369//30
f 1313//31 1369//30 1368//297
f 1313//31 1368//297 1306//271
f 1310//228 1374//164 1314//65
f 1314//65 1374//164 1311//30
f 1376//299 1377//97 1378//275
f 1376//299 1379//300 1377//97
f 1377//97 1379//300 1380//170
f 1379//300 1381//301 1380//170
f 1380//170 1381//301 1382//170
f 1317//275 1316//274 1381//301
f 1381//301 1316//274 1383//302
f 1381//301 1383//302 1382//170
f 1376//299 1378//275 1384//303
f 1384//303 1378//275 1385//304
f 1376//299 1384//303 1379//300
f 1379//300 1384//303 1386//305
f 1379//300 1386//305 1381//301
f 1381//301 1386//305 1387//303
f 1319//276 1317//275 1387//303
f 1387//303 1317//275 1381//301
f 1384//303 1385//304 1388//306
f 1388//306 1385//304 1389//307
f 1322//275 1321//104 1388//306
f 1388//306 1321//104 1386//305
f 1388//306 1386//305 1384//303
f 1321//104 1323//278 1386//305
f 1386//305 1323//278 1390//308
f 1386//305 1390//308 1387//303
f 1325//280 1319//276 1390//308
f 1390//308 1319//276 1387//303
f 1388//306 1389//307 1391//280
f 1391//280 1389//307 1392//280
f 1327//280 1322//275 1391//280
f 1391//280 1322//275 1388//306
f 1323//278 1329//283 1390//308
f 1329//283 1330//120 1390//308
f 1390//308 1330//120 1393//309
f 1390//308 1393//309 1325//280
f 1325//280 1393//309 1331//284
f 1391//280 1392//280 1394//310
f 1327//280 1391//280 1332//285
f 1332//285 1391//280 1394//310
f 1332//285 1394//310 1395//285
f 1395//285 1394//310 1396//284
f 1332//285 1395//285 1333//286
f 1333//286 1395//285 1397//286
f 1333//286 1397//286 1330//120
f 1330//120 1397//286 1398//311
f 1330//120 1398//311 1393//309
f 1393//309 1398//311 1399//312
f 1400//287 1401//104 1402//276
f 1400//287 1403//313 1401//104
f 1395//285 1396//284 1404//314
f 1395//285 1404//314 1397//286
f 1397//286 1404//314 1405//286
f 1397//286 1405//286 1398//311
f 1406//273 1407//234 1408//315
f 1400//287 1402//276 1409//316
f 1400//287 1409//316 1403//313
f 1406//273 1408//315 1410//279
f 1410//279 1408//315 1411//280
f 1412//287 1413//104 1414//276
f 1412//287 1415//317 1413//104
f 1410//279 1411//280 1416//318
f 1412//287 1414//276 1417//316
f 1412//287 1417//316 1415//317
f 1418//319 1419//66 1420//320
f 1336//276 1335//91 1418//319
f 1418//319 1335//91 1421//321
f 1418//319 1421//321 1419//66
f 1335//91 1337//288 1421//321
f 1421//321 1337//288 1422//322
f 1418//319 1420//320 1423//323
f 1336//276 1418//319 1338//289
f 1338//289 1418//319 1423//323
f 1338//289 1423//323 1424//324
f 1338//289 1424//324 1337//288
f 1337//288 1424//324 1422//322
f 1339//290 1340//126 1425//141
f 1425//141 1340//126 1426//180
f 1340//126 1341//89 1426//180
f 1426//180 1341//89 1427//112
f 1342//290 1343//126 1428//141
f 1428//141 1343//126 1429//132
f 1343//126 1344//26 1429//132
f 1429//132 1344//26 1430//325
f 1429//132 1430//325 1431//326
f 1345//3 1339//290 1430//325
f 1430//325 1339//290 1425//141
f 1430//325 1425//141 1431//326
f 1346//18 1432//113 1341//89
f 1341//89 1432//113 1427//112
f 1433//327 1434//67 1435//3
f 1347//3 1342//290 1433//327
f 1433//327 1342//290 1428//141
f 1433//327 1428//141 1434//67
f 1344//26 1348//105 1430//325
f 1348//105 1345//3 1430//325
f 1349//147 1436//13 1346//18
f 1346//18 1436//13 1432//113
f 1350//192 1351//291 1437//328
f 1351//291 1352//292 1437//328
f 1437//328 1352//292 1433//327
f 1437//328 1433//327 1438//329
f 1438//329 1433//327 1435//3
f 1352//292 1347//3 1433//327
f 1353//13 1439//330 1349//147
f 1349//147 1439//330 1440//331
f 1349//147 1440//331 1436//13
f 1439//330 1441//332 1440//331
f 1440//331 1441//332 1442//4
f 1441//332 1443//160 1442//4
f 1354//14 1350//192 1444//201
f 1444//201 1350//192 1437//328
f 1444//201 1437//328 1445//333
f 1437//328 1438//329 1445//333
f 1353//13 1356//49 1439//330
f 1356//49 1357//278 1439//330
f 1439//330 1357//278 1446//334
f 1439//330 1446//334 1441//332
f 1441//332 1446//334 1443//160
f 1443//160 1446//334 1447//335
f 1358//38 1354//14 1448//203
f 1448//203 1354//14 1444//201
f 1357//278 1361//295 1446//334
f 1361//295 1362//229 1446//334
f 1446//334 1362//229 1449//336
f 1446//334 1449//336 1447//335
f 1363//42 1358//38 1450//262
f 1450//262 1358//38 1448//203
f 1450//262 1448//203 1451//231
f 1450//262 1451//231 1452//337
f 1364//296 1453//21 1365//62
f 1365//62 1453//21 1454//21
f 1365//62 1454//21 1362//229
f 1362//229 1454//21 1449//336
f 1363//42 1450//262 1366//227
f 1366//227 1450//262 1367//249
f 1367//249 1450//262 1452//337
f 1367//249 1452//337 1455//20
f 1456//143 1457//30 1458//65
f 1456//143 1458//65 1459//144
f 1369//30 1460//21 1370//31
f 1370//31 1460//21 1461//23
f 1370//31 1461//23 1371//23
f 1371//23 1461//23 1462//23
f 1371//23 1462//23 1364//296
f 1364//296 1462//23 1453//21
f 1367//249 1455//20 1372//212
f 1372//212 1455//20 1463//136
f 1372//212 1463//136 1373//298
f 1373//298 1463//136 1457//30
f 1373//298 1457//30 1456//143
f 1373//298 1456//143 1375//145
f 1375//145 1456//143 1459//144
f 1375//145 1459//144 1464//103
f 1375//145 1464//103 1369//30
f 1369//30 1464//103 1460//21
f 1465//338 1466//66 1467//276
f 1465//338 1468//287 1466//66
f 1466//66 1468//287 1469//104
f 1468//287 1470//339 1469//104
f 1469//104 1470//339 1471//104
f 1378//275 1377//97 1470//339
f 1470//339 1377//97 1472//340
f 1470//339 1472//340 1471//104
f 1377//97 1380//170 1472//340
f 1472//340 1380//170 1473//170
f 1380//170 1382//170 1473//170
f 1473//170 1382//170 1474//170
f 1382//170 1383//302 1474//170
f 1474//170 1383//302 1475//170
f 1465//338 1467//276 1476//285
f 1465//338 1476//285 1468//287
f 1468//287 1476//285 1477//341
f 1468//287 1477//341 1470//339
f 1470//339 1477//341 1478//342
f 1470//339 1478//342 1479//280
f 1385//304 1378//275 1479//280
f 1479//280 1378//275 1470//339
f 1480//277 1481//104 1482//275
f 1480//277 1483//343 1481//104
f 1479//280 1478//342 1484//344
f 1389//307 1385//304 1485//345
f 1485//345 1385//304 1479//280
f 1485//345 1479//280 1484//344
f 1480//277 1482//275 1486//346
f 1486//346 1482//275 1487//276
f 1480//277 1486//346 1483//343
f 1483//343 1486//346 1488//347
f 1483//343 1488//347 1489//110
f 1392//280 1389//307 1488//347
f 1488//347 1389//307 1485//345
f 1488//347 1485//345 1489//110
f 1486//346 1487//276 1490//348
f 1490//348 1487//276 1491//275
f 1486//346 1490//348 1488//347
f 1488//347 1490//348 1492//349
f 1392//280 1488//347 1394//310
f 1394//310 1488//347 1492//349
f 1394//310 1492//349 1493//350
f 1394//310 1493//350 1396//284
f 1398//311 1494//351 1399//312
f 1495//299 1496//352 1497//275
f 1495//299 1498//353 1496//352
f 1496//352 1498//353 1490//348
f 1496//352 1490//348 1491//275
f 1402//276 1401//104 1498//353
f 1498//353 1401//104 1492//349
f 1498//353 1492//349 1490//348
f 1401//104 1403//313 1492//349
f 1492//349 1403//313 1499//354
f 1492//349 1499//354 1493//350
f 1396//284 1493//350 1404//314
f 1404//314 1493//350 1499//354
f 1404//314 1499//354 1500//355
f 1404//314 1500//355 1405//286
f 1405//286 1500//355 1501//356
f 1405//286 1501//356 1398//311
f 1398//311 1501//356 1408//315
f 1398//311 1408//315 1494//351
f 1494//351 1408//315 1407//234
f 1495//299 1497//275 1502//357
f 1502//357 1497//275 1503//280
f 1495//299 1502//357 1498//353
f 1498//353 1502//357 1504//358
f 1402//276 1498//353 1409//316
f 1409//316 1498//353 1504//358
f 1409//316 1504//358 1505//359
f 1409//316 1505//359 1403//313
f 1403//313 1505//359 1506//360
f 1403//313 1506//360 1499//354
f 1499//354 1506//360 1500//355
f 1500//355 1506//360 1507//287
f 1500//355 1507//287 1501//356
f 1501//356 1507//287 1508//361
f 1411//280 1408//315 1508//361
f 1508//361 1408//315 1501//356
f 1502//357 1503//280 1509//362
f 1502//357 1509//362 1504//358
f 1504//358 1509//362 1510//363
f 1504//358 1510//363 1505//359
f 1505//359 1510//363 1511//364
f 1505//359 1511//364 1512//365
f 1414//276 1413//104 1512//365
f 1512//365 1413//104 1506//360
f 1512//365 1506//360 1505//359
f 1413//104 1415//317 1506//360
f 1506//360 1415//317 1513//366
f 1506//360 1513//366 1507//287
f 1507//287 1513//366 1508//361
f 1508//361 1513//366 1514//120
f 1508//361 1514//120 1515//367
f 1411//280 1508//361 1416//318
f 1416//318 1508//361 1515//367
f 1416//318 1515//367 1516//368
f 1512//365 1511//364 1517//369
f 1517//369 1511//364 1518//280
f 1414//276 1512//365 1417//316
f 1417//316 1512//365 1517//369
f 1417//316 1517//369 1519//370
f 1417//316 1519//370 1415//317
f 1415//317 1519//370 1420//320
f 1415//317 1420//320 1513//366
f 1513//366 1420//320 1419//66
f 1419//66 1421//321 1513//366
f 1513//366 1421//321 1520//47
f 1513//366 1520//47 1514//120
f 1421//321 1422//322 1520//47
f 1520//47 1422//322 1521//152
f 1517//369 1518//280 1522//371
f 1517//369 1522//371 1519//370
f 1519//370 1522//371 1523//372
f 1519//370 1523//372 1524//369
f 1420//320 1519//370 1423//323
f 1423//323 1519//370 1524//369
f 1423//323 1524//369 1525//373
f 1423//323 1525//373 1424//324
f 1424//324 1525//373 1526//286
f 1424//324 1526//286 1422//322
f 1422//322 1526//286 1527//374
f 1422//322 1527//374 1521//152
f 1524//369 1523//372 1528//362
f 1524//369 1528//362 1525//373
f 1525//373 1528//362 1529//368
f 1525//373 1529//368 1526//286
f 1526//286 1529//368 1530//367
f 1526//286 1530//367 1527//374
f 1531//186 1532//105 1533//3
f 1531//186 1534//13 1532//105
f 1535//137 1536//105 1537//3
f 1535//137 1538//6 1536//105
f 1425//141 1426//180 1539//159
f 1539//159 1426//180 1531//186
f 1539//159 1531//186 1533//3
f 1426//180 1427//112 1531//186
f 1531//186 1427//112 1540//375
f 1531//186 1540//375 1534//13
f 1428//141 1429//132 1541//159
f 1541//159 1429//132 1535//137
f 1541//159 1535//137 1537//3
f 1429//132 1431//326 1535//137
f 1535//137 1431//326 1542//376
f 1535//137 1542//376 1538//6
f 1431//326 1425//141 1542//376
f 1542//376 1425//141 1539//159
f 1432//113 1543//118 1427//112
f 1427//112 1543//118 1544//80
f 1427//112 1544//80 1540//375
f 1543//118 1545//377 1544//80
f 1435//3 1434//67 1546//7
f 1546//7 1434//67 1547//125
f 1434//67 1428//141 1547//125
f 1547//125 1428//141 1541//159
f 1436//13 1548//378 1432//113
f 1432//113 1548//378 1543//118
f 1543//118 1548//378 1545//377
f 1545//377 1548//378 1549//379
f 1545//377 1549//379 1550//380
f 1549//379 1551//59 1550//380
f 1438//329 1435//3 1552//198
f 1552//198 1435//3 1546//7
f 1436//13 1440//331 1548//378
f 1440//331 1442//4 1548//378
f 1548//378 1442//4 1549//379
f 1442//4 1443//160 1549//379
f 1549//379 1443//160 1553//160
f 1549//379 1553//160 1551//59
f 1551//59 1553//160 1554//6
f 1553//160 1555//13 1554//6
f 1444//201 1445//333 1556//207
f 1445//333 1438//329 1556//207
f 1556//207 1438//329 1552//198
f 1556//207 1552//198 1557//208
f 1447//335 1558//121 1443//160
f 1443//160 1558//121 1553//160
f 1553//160 1558//121 1555//13
f 1555//13 1558//121 1559//122
f 1448//203 1444//201 1560//246
f 1560//246 1444//201 1556//207
f 1556//207 1557//208 1560//246
f 1560//246 1557//208 1561//381
f 1449//336 1562//382 1447//335
f 1447//335 1562//382 1563//62
f 1447//335 1563//62 1558//121
f 1558//121 1563//62 1559//122
f 1448//203 1560//246 1451//231
f 1451//231 1560//246 1452//337
f 1452//337 1560//246 1561//381
f 1452//337 1561//381 1564//38
f 1453//21 1565//250 1454//21
f 1454//21 1565//250 1566//62
f 1454//21 1566//62 1449//336
f 1449//336 1566//62 1562//382
f 1455//20 1452//337 1567//42
f 1567//42 1452//337 1564//38
f 1457//30 1568//30 1458//65
f 1458//65 1568//30 1569//136
f 1458//65 1569//136 1459//144
f 1459//144 1569//136 1570//149
f 1460//21 1571//21 1461//23
f 1461//23 1571//21 1572//23
f 1461//23 1572//23 1462//23
f 1462//23 1572//23 1573//23
f 1462//23 1573//23 1453//21
f 1453//21 1573//23 1565//250
f 1455//20 1567//42 1463//136
f 1463//136 1567//42 1574//65
f 1463//136 1574//65 1457//30
f 1457//30 1574//65 1568//30
f 1459//144 1570//149 1464//103
f 1464//103 1570//149 1575//103
f 1464//103 1575//103 1460//21
f 1460//21 1575//103 1571//21
f 1576//299 1577//383 1578//138
f 1576//299 1579//300 1577//383
f 1577//383 1579//300 1580//104
f 1579//300 1581//300 1580//104
f 1580//104 1581//300 1582//384
f 1581//300 1583//300 1582//384
f 1582//384 1583//300 1584//170
f 1583//300 1585//300 1584//170
f 1584//170 1585//300 1586//170
f 1585//300 1587//300 1586//170
f 1586//170 1587//300 1588//170
f 1587//300 1589//332 1588//170
f 1588//170 1589//332 1590//5
f 1589//332 1591//377 1590//5
f 1576//299 1578//138 1592//303
f 1592//303 1578//138 1593//304
f 1576//299 1592//303 1579//300
f 1579//300 1592//303 1594//385
f 1579//300 1594//385 1581//300
f 1581//300 1594//385 1595//300
f 1581//300 1595//300 1583//300
f 1583//300 1595//300 1596//300
f 1583//300 1596//300 1585//300
f 1585//300 1596//300 1597//300
f 1585//300 1597//300 1587//300
f 1587//300 1597//300 1598//300
f 1587//300 1598//300 1589//332
f 1589//332 1598//300 1599//386
f 1589//332 1599//386 1591//377
f 1591//377 1599//386 1600//387
f 1591//377 1600//387 1601//388
f 1592//303 1593//304 1602//389
f 1602//389 1593//304 1603//390
f 1467//276 1466//66 1602//389
f 1602//389 1466//66 1594//385
f 1602//389 1594//385 1592//303
f 1466//66 1469//104 1594//385
f 1594//385 1469//104 1595//300
f 1469//104 1471//104 1595//300
f 1595//300 1471//104 1596//300
f 1471//104 1472//340 1596//300
f 1596//300 1472//340 1597//300
f 1472//340 1473//170 1597//300
f 1597//300 1473//170 1598//300
f 1473//170 1474//170 1598//300
f 1598//300 1474//170 1599//386
f 1474//170 1475//170 1599//386
f 1599//386 1475//170 1600//387
f 1602//389 1603//390 1604//391
f 1467//276 1602//389 1476//285
f 1476//285 1602//389 1604//391
f 1476//285 1604//391 1605//392
f 1605//392 1604//391 1606//280
f 1476//285 1605//392 1477//341
f 1477//341 1605//392 1607//393
f 1477//341 1607//393 1478//342
f 1605//392 1606//280 1608//394
f 1608//394 1606//280 1609//275
f 1482//275 1481//104 1608//394
f 1608//394 1481//104 1607//393
f 1608//394 1607//393 1605//392
f 1481//104 1483//343 1607//393
f 1607//393 1483//343 1610//395
f 1607//393 1610//395 1478//342
f 1478//342 1610//395 1611//396
f 1478//342 1611//396 1484//344
f 1484//344 1611//396 1485//345
f 1485//345 1611//396 1612//397
f 1613//299 1614//352 1615//275
f 1613//299 1616//398 1614//352
f 1614//352 1616//398 1608//394
f 1614//352 1608//394 1609//275
f 1487//276 1482//275 1616//398
f 1616//398 1482//275 1608//394
f 1483//343 1489//110 1610//395
f 1610//395 1489//110 1617//105
f 1489//110 1485//345 1617//105
f 1617//105 1485//345 1612//397
f 1613//299 1615//275 1618//303
f 1618//303 1615//275 1619//276
f 1613//299 1618//303 1616//398
f 1616//398 1618//303 1620//399
f 1491//275 1487//276 1620//399
f 1620//399 1487//276 1616//398
f 1618//303 1619//276 1621//306
f 1621//306 1619//276 1622//276
f 1497//275 1496//352 1621//306
f 1621//306 1496//352 1620//399
f 1621//306 1620//399 1618//303
f 1496//352 1491//275 1620//399
f 1621//306 1622//276 1623//280
f 1623//280 1622//276 1624//280
f 1503//280 1497//275 1623//280
f 1623//280 1497//275 1621//306
f 1623//280 1624//280 1625//400
f 1503//280 1623//280 1509//362
f 1509//362 1623//280 1625//400
f 1509//362 1625//400 1626//362
f 1509//362 1626//362 1510//363
f 1510//363 1626//362 1627//280
f 1510//363 1627//280 1628//280
f 1510//363 1628//280 1511//364
f 1514//120 1629//401 1515//367
f 1515//367 1629//401 1516//368
f 1516//368 1629//401 1630//355
f 1628//280 1627//280 1631//280
f 1631//280 1627//280 1632//280
f 1518//280 1511//364 1631//280
f 1631//280 1511//364 1628//280
f 1514//120 1520//47 1629//401
f 1520//47 1521//152 1629//401
f 1629//401 1521//152 1633//402
f 1629//401 1633//402 1630//355
f 1631//280 1632//280 1634//403
f 1518//280 1631//280 1522//371
f 1522//371 1631//280 1634//403
f 1522//371 1634//403 1635//403
f 1635//403 1634//403 1636//284
f 1522//371 1635//403 1523//372
f 1527//374 1637//404 1521//152
f 1521//152 1637//404 1633//402
f 1635//403 1636//284 1638//400
f 1523//372 1635//403 1528//362
f 1528//362 1635//403 1638//400
f 1528//362 1638//400 1639//368
f 1528//362 1639//368 1529//368
f 1529//368 1639//368 1640//362
f 1529//368 1640//362 1530//367
f 1530//367 1640//362 1641//284
f 1530//367 1641//284 1642//373
f 1530//367 1642//373 1527//374
f 1527//374 1642//373 1643//62
f 1527//374 1643//62 1637//404
f 1637//404 1643//62 1644//405
f 1642//373 1641//284 1645//289
f 1642//373 1645//289 1643//62
f 1533//3 1532//105 1646//7
f 1646//7 1532//105 1647//126
f 1532//105 1534//13 1647//126
f 1647//126 1534//13 1648//89
f 1537//3 1536//105 1649//7
f 1649//7 1536//105 1650//126
f 1536//105 1538//6 1650//126
f 1650//126 1538//6 1651//77
f 1539//159 1533//3 1652//7
f 1652//7 1533//3 1646//7
f 1540//375 1653//89 1534//13
f 1534//13 1653//89 1648//89
f 1541//159 1537//3 1654//7
f 1654//7 1537//3 1649//7
f 1538//6 1542//376 1651//77
f 1651//77 1542//376 1655//126
f 1542//376 1539//159 1655//126
f 1655//126 1539//159 1652//7
f 1540//375 1544//80 1653//89
f 1653//89 1544//80 1656//217
f 1544//80 1545//377 1656//217
f 1656//217 1545//377 1657//34
f 1656//217 1657//34 1658//5
f 1657//34 1659//36 1658//5
f 1546//7 1547//125 1660//7
f 1660//7 1547//125 1661//125
f 1547//125 1541//159 1661//125
f 1661//125 1541//159 1654//7
f 1545//377 1550//380 1657//34
f 1550//380 1551//59 1657//34
f 1657//34 1551//59 1662//70
f 1657//34 1662//70 1659//36
f 1552//198 1546//7 1663//14
f 1663//14 1546//7 1660//7
f 1551//59 1554//6 1662//70
f 1662//70 1554//6 1664//6
f 1554//6 1555//13 1664//6
f 1664//6 1555//13 1665//27
f 1557//208 1552//198 1666//14
f 1666//14 1552//198 1663//14
f 1667//406 1668//18 1669//103
f 1667//406 1669//103 1670//14
f 1559//122 1671//153 1555//13
f 1555//13 1671//153 1665//27
f 1561//381 1557//208 1672//38
f 1672//38 1557//208 1666//14
f 1667//406 1673//126 1668//18
f 1667//406 1670//14 1673//126
f 1562//382 1674//60 1563//62
f 1563//62 1674//60 1675//62
f 1563//62 1675//62 1559//122
f 1559//122 1675//62 1671//153
f 1564//38 1561//381 1676//203
f 1676//203 1561//381 1672//38
f 1565//250 1677//407 1566//62
f 1566//62 1677//407 1562//382
f 1562//382 1677//407 1678//60
f 1562//382 1678//60 1674//60
f 1567//42 1564//38 1679//55
f 1679//55 1564//38 1676//203
f 1679//55 1676//203 1680//408
f 1568//30 1679//55 1569//136
f 1569//136 1679//55 1680//408
f 1569//136 1680//408 1681//211
f 1569//136 1681//211 1570//149
f 1570//149 1681//211 1682//149
f 1571//21 1683//21 1572//23
f 1572//23 1683//21 1684//23
f 1572//23 1684//23 1573//23
f 1573//23 1684//23 1685//409
f 1573//23 1685//409 1565//250
f 1565//250 1685//409 1686//265
f 1565//250 1686//265 1677//407
f 1677//407 1686//265 1678//60
f 1567//42 1679//55 1574//65
f 1574//65 1679//55 1568//30
f 1570//149 1682//149 1575//103
f 1575//103 1682//149 1687//103
f 1575//103 1687//103 1571//21
f 1571//21 1687//103 1683//21
f 1688//1 1689//410 1690//411
f 1688//1 1691//45 1689//410
f 1689//410 1691//45 1692//412
f 1691//45 1693//46 1692//412
f 1578//138 1577//383 1694//413
f 1694//413 1577//383 1688//1
f 1694//413 1688//1 1690//411
f 1577//383 1580//104 1688//1
f 1688//1 1580//104 1691//45
f 1580//104 1582//384 1691//45
f 1691//45 1582//384 1695//414
f 1691//45 1695//414 1693//46
f 1582//384 1584//170 1695//414
f 1695//414 1584//170 1696//415
f 1584//170 1586//170 1696//415
f 1696//415 1586//170 1697//187
f 1586//170 1588//170 1697//187
f 1697//187 1588//170 1698//415
f 1588//170 1590//5 1698//415
f 1698//415 1590//5 1699//57
f 1590//5 1591//377 1699//57
f 1699//57 1591//377 1700//416
f 1699//57 1700//416 1701//417
f 1702//418 1703//419 1704//276
f 1593//304 1578//138 1702//418
f 1702//418 1578//138 1694//413
f 1702//418 1694//413 1703//419
f 1591//377 1601//388 1700//416
f 1702//418 1704//276 1705//310
f 1603//390 1593//304 1706//420
f 1706//420 1593//304 1702//418
f 1706//420 1702//418 1705//310
f 1603//390 1706//420 1604//391
f 1604//391 1706//420 1707//421
f 1604//391 1707//421 1708//280
f 1604//391 1708//280 1606//280
f 1708//280 1707//421 1709//275
f 1709//275 1707//421 1710//275
f 1609//275 1606//280 1709//275
f 1709//275 1606//280 1708//280
f 1610//395 1711//287 1611//396
f 1611//396 1711//287 1612//397
f 1712//299 1713//66 1714//275
f 1712//299 1715//422 1713//66
f 1713//66 1715//422 1716//66
f 1615//275 1614//352 1715//422
f 1715//422 1614//352 1709//275
f 1715//422 1709//275 1716//66
f 1716//66 1709//275 1710//275
f 1614//352 1609//275 1709//275
f 1610//395 1617//105 1711//287
f 1617//105 1612//397 1711//287
f 1712//299 1714//275 1717//303
f 1717//303 1714//275 1718//276
f 1712//299 1717//303 1715//422
f 1715//422 1717//303 1719//303
f 1619//276 1615//275 1719//303
f 1719//303 1615//275 1715//422
f 1717//303 1718//276 1720//357
f 1720//357 1718//276 1721//280
f 1717//303 1720//357 1719//303
f 1719//303 1720//357 1722//423
f 1622//276 1619//276 1722//423
f 1722//423 1619//276 1719//303
f 1720//357 1721//280 1723//424
f 1720//357 1723//424 1722//423
f 1722//423 1723//424 1724//372
f 1722//423 1724//372 1725//280
f 1624//280 1622//276 1725//280
f 1725//280 1622//276 1722//423
f 1725//280 1724//372 1726//403
f 1624//280 1725//280 1625//400
f 1625//400 1725//280 1726//403
f 1625//400 1726//403 1727//285
f 1727//285 1726//403 1728//284
f 1625//400 1727//285 1626//362
f 1626//362 1727//285 1729//425
f 1626//362 1729//425 1627//280
f 1727//285 1728//284 1730//424
f 1727//285 1730//424 1729//425
f 1729//425 1730//424 1731//372
f 1729//425 1731//372 1732//280
f 1632//280 1627//280 1732//280
f 1732//280 1627//280 1729//425
f 1732//280 1731//372 1733//426
f 1632//280 1732//280 1634//403
f 1634//403 1732//280 1733//426
f 1634//403 1733//426 1734//403
f 1734//403 1733//426 1735//344
f 1634//403 1734//403 1636//284
f 1734//403 1735//344 1736//344
f 1636//284 1734//403 1638//400
f 1638//400 1734//403 1736//344
f 1638//400 1736//344 1737//285
f 1737//285 1736//344 1738//344
f 1638//400 1737//285 1639//368
f 1639//368 1737//285 1739//373
f 1639//368 1739//373 1640//362
f 1640//362 1739//373 1740//285
f 1640//362 1740//285 1641//284
f 1643//62 1741//250 1644//405
f 1644//405 1741//250 1742//427
f 1737//285 1738//344 1743//428
f 1737//285 1743//428 1739//373
f 1739//373 1743//428 1744//429
f 1739//373 1744//429 1740//285
f 1740//285 1744//429 1745//430
f 1641//284 1740//285 1645//289
f 1645//289 1740//285 1745//430
f 1645//289 1745//430 1746//23
f 1645//289 1746//23 1643//62
f 1643//62 1746//23 1741//250
f 1646//7 1647//126 1747//7
f 1747//7 1647//126 1748//126
f 1647//126 1648//89 1748//126
f 1748//126 1648//89 1749//89
f 1649//7 1650//126 1750//7
f 1750//7 1650//126 1751//126
f 1650//126 1651//77 1751//126
f 1751//126 1651//77 1752//77
f 1652//7 1646//7 1753//7
f 1753//7 1646//7 1747//7
f 1653//89 1754//89 1648//89
f 1648//89 1754//89 1749//89
f 1654//7 1649//7 1755//7
f 1755//7 1649//7 1750//7
f 1651//77 1655//126 1752//77
f 1752//77 1655//126 1756//126
f 1655//126 1652//7 1756//126
f 1756//126 1652//7 1753//7
f 1653//89 1656//217 1754//89
f 1754//89 1656//217 1757//25
f 1656//217 1658//5 1757//25
f 1757//25 1658//5 1758//25
f 1658//5 1659//36 1758//25
f 1758//25 1659//36 1759//77
f 1660//7 1661//125 1760//7
f 1760//7 1661//125 1761//125
f 1661//125 1654//7 1761//125
f 1761//125 1654//7 1755//7
f 1662//70 1762//79 1659//36
f 1659//36 1762//79 1763//80
f 1659//36 1763//80 1759//77
f 1762//79 1764//13 1763//80
f 1663//14 1660//7 1765//14
f 1765//14 1660//7 1760//7
f 1662//70 1664//6 1762//79
f 1664//6 1665//27 1762//79
f 1762//79 1665//27 1766//17
f 1762//79 1766//17 1764//13
f 1666//14 1663//14 1767//38
f 1767//38 1663//14 1765//14
f 1668//18 1768//287 1669//103
f 1669//103 1768//287 1670//14
f 1671//153 1769//28 1665//27
f 1665//27 1769//28 1766//17
f 1672//38 1666//14 1770//203
f 1770//203 1666//14 1767//38
f 1668//18 1673//126 1768//287
f 1673//126 1670//14 1768//287
f 1674//60 1771//52 1675//62
f 1675//62 1771//52 1671//153
f 1671//153 1771//52 1772//431
f 1671//153 1772//431 1769//28
f 1676//203 1672//38 1773//226
f 1773//226 1672//38 1770//203
f 1773//226 1770//203 1774//238
f 1773//226 1774//238 1775//432
f 1776//143 1777//72 1778//103
f 1776//143 1778//103 1779//433
f 1678//60 1780//174 1674//60
f 1674//60 1780//174 1781//434
f 1674//60 1781//434 1771//52
f 1771//52 1781//434 1772//431
f 1676//203 1773//226 1680//408
f 1680//408 1773//226 1681//211
f 1681//211 1773//226 1775//432
f 1681//211 1775//432 1782//227
f 1681//211 1782//227 1682//149
f 1682//149 1782//227 1783//227
f 1683//21 1784//30 1684//23
f 1684//23 1784//30 1785//435
f 1684//23 1785//435 1685//409
f 1685//409 1785//435 1777//72
f 1685//409 1777//72 1776//143
f 1685//409 1776//143 1686//265
f 1686//265 1776//143 1779//433
f 1686//265 1779//433 1786//436
f 1686//265 1786//436 1678//60
f 1678//60 1786//436 1780//174
f 1682//149 1783//227 1687//103
f 1687//103 1783//227 1787//65
f 1687//103 1787//65 1683//21
f 1683//21 1787//65 1784//30
f 1690//411 1689//410 1788//437
f 1689//410 1692//412 1788//437
f 1788//437 1692//412 1789//438
f 1788//437 1789//438 1790//125
f 1692//412 1693//46 1789//438
f 1789//438 1693//46 1791//133
f 1789//438 1791//133 1792//5
f 1791//133 1793//46 1792//5
f 1794//155 1795//91 1796//92
f 1794//155 1797//46 1795//91
f 1798//155 1799//91 1800//92
f 1798//155 1801//46 1799//91
f 1802//439 1803//66 1804//234
f 1802//439 1805//300 1803//66
f 1803//66 1805//300 1806//104
f 1805//300 1807//440 1806//104
f 1806//104 1807//440 1808//441
f 1694//413 1690//411 1807//440
f 1807//440 1690//411 1788//437
f 1807//440 1788//437 1808//441
f 1808//441 1788//437 1809//410
f 1788//437 1790//125 1809//410
f 1693//46 1695//414 1791//133
f 1695//414 1696//415 1791//133
f 1791//133 1696//415 1810//442
f 1791//133 1810//442 1793//46
f 1696//415 1697//187 1810//442
f 1810//442 1697//187 1794//155
f 1810//442 1794//155 1796//92
f 1697//187 1698//415 1794//155
f 1794//155 1698//415 1811//442
f 1794//155 1811//442 1797//46
f 1698//415 1699//57 1811//442
f 1811//442 1699//57 1798//155
f 1811//442 1798//155 1800//92
f 1699//57 1701//417 1798//155
f 1798//155 1701//417 1812//443
f 1798//155 1812//443 1801//46
f 1813//299 1814//352 1815//275
f 1813//299 1816//444 1814//352
f 1814//352 1816//444 1802//439
f 1814//352 1802//439 1804//234
f 1802//439 1816//444 1805//300
f 1805//300 1816//444 1817//445
f 1704//276 1703//419 1817//445
f 1817//445 1703//419 1807//440
f 1817//445 1807//440 1805//300
f 1703//419 1694//413 1807//440
f 1813//299 1815//275 1818//303
f 1818//303 1815//275 1819//276
f 1813//299 1818//303 1816//444
f 1816//444 1818//303 1820//287
f 1816//444 1820//287 1817//445
f 1817//445 1820//287 1821//446
f 1704//276 1817//445 1705//310
f 1705//310 1817//445 1821//446
f 1705//310 1821//446 1822//357
f 1705//310 1822//357 1706//420
f 1818//303 1819//276 1823//303
f 1823//303 1819//276 1824//276
f 1818//303 1823//303 1820//287
f 1820//287 1823//303 1825//287
f 1820//287 1825//287 1821//446
f 1821//446 1825//287 1826//287
f 1821//446 1826//287 1822//357
f 1822//357 1826//287 1827//303
f 1707//421 1706//420 1827//303
f 1827//303 1706//420 1822//357
f 1823//303 1824//276 1828//303
f 1828//303 1824//276 1829//276
f 1823//303 1828//303 1825//287
f 1825//287 1828//303 1830//287
f 1825//287 1830//287 1826//287
f 1826//287 1830//287 1831//385
f 1826//287 1831//385 1827//303
f 1827//303 1831//385 1832//299
f 1710//275 1707//421 1832//299
f 1832//299 1707//421 1827//303
f 1828//303 1829//276 1833//303
f 1833//303 1829//276 1834//276
f 1828//303 1833//303 1830//287
f 1830//287 1833//303 1835//447
f 1714//275 1713//66 1835//447
f 1835//447 1713//66 1831//385
f 1835//447 1831//385 1830//287
f 1713//66 1716//66 1831//385
f 1831//385 1716//66 1832//299
f 1716//66 1710//275 1832//299
f 1833//303 1834//276 1836//303
f 1836//303 1834//276 1837//304
f 1833//303 1836//303 1835//447
f 1835//447 1836//303 1838//303
f 1718//276 1714//275 1838//303
f 1838//303 1714//275 1835//447
f 1836//303 1837//304 1839//357
f 1839//357 1837//304 1840//390
f 1836//303 1839//357 1838//303
f 1838//303 1839//357 1841//448
f 1721//280 1718//276 1841//448
f 1841//448 1718//276 1838//303
f 1839//357 1840//390 1842//449
f 1839//357 1842//449 1841//448
f 1841//448 1842//449 1843//372
f 1841//448 1843//372 1844//369
f 1721//280 1841//448 1723//424
f 1723//424 1841//448 1844//369
f 1723//424 1844//369 1845//285
f 1723//424 1845//285 1724//372
f 1844//369 1843//372 1846//285
f 1844//369 1846//285 1845//285
f 1845//285 1846//285 1847//285
f 1724//372 1845//285 1726//403
f 1726//403 1845//285 1847//285
f 1726//403 1847//285 1848//450
f 1848//450 1847//285 1849//280
f 1726//403 1848//450 1728//284
f 1848//450 1849//280 1850//369
f 1850//369 1849//280 1851//280
f 1728//284 1848//450 1730//424
f 1730//424 1848//450 1850//369
f 1730//424 1850//369 1852//285
f 1730//424 1852//285 1731//372
f 1850//369 1851//280 1853//362
f 1850//369 1853//362 1852//285
f 1852//285 1853//362 1854//451
f 1731//372 1852//285 1733//426
f 1733//426 1852//285 1854//451
f 1733//426 1854//451 1855//452
f 1733//426 1855//452 1735//344
f 1735//344 1855//452 1856//344
f 1735//344 1856//344 1736//344
f 1736//344 1856//344 1857//453
f 1736//344 1857//453 1738//344
f 1738//344 1857//453 1858//344
f 1741//250 1859//407 1742//427
f 1738//344 1858//344 1743//428
f 1743//428 1858//344 1860//454
f 1743//428 1860//454 1744//429
f 1744//429 1860//454 1861//284
f 1744//429 1861//284 1862//455
f 1744//429 1862//455 1745//430
f 1745//430 1862//455 1863//82
f 1745//430 1863//82 1864//23
f 1745//430 1864//23 1746//23
f 1746//23 1864//23 1865//456
f 1746//23 1865//456 1741//250
f 1741//250 1865//456 1866//457
f 1741//250 1866//457 1859//407
f 1862//455 1861//284 1867//289
f 1862//455 1867//289 1863//82
f 1747//7 1748//126 1868//290
f 1868//290 1748//126 1869//126
f 1748//126 1749//89 1869//126
f 1869//126 1749//89 1870//89
f 1750//7 1751//126 1871//7
f 1871//7 1751//126 1872//126
f 1751//126 1752//77 1872//126
f 1872//126 1752//77 1873//26
f 1753//7 1747//7 1874//3
f 1874//3 1747//7 1868//290
f 1754//89 1875//89 1749//89
f 1749//89 1875//89 1870//89
f 1755//7 1750//7 1876//7
f 1876//7 1750//7 1871//7
f 1752//77 1756//126 1873//26
f 1873//26 1756//126 1877//105
f 1756//126 1753//7 1877//105
f 1877//105 1753//7 1874//3
f 1754//89 1757//25 1875//89
f 1875//89 1757//25 1878//25
f 1757//25 1758//25 1878//25
f 1878//25 1758//25 1879//87
f 1758//25 1759//77 1879//87
f 1879//87 1759//77 1880//6
f 1760//7 1761//125 1881//7
f 1881//7 1761//125 1882//125
f 1761//125 1755//7 1882//125
f 1882//125 1755//7 1876//7
f 1759//77 1763//80 1880//6
f 1880//6 1763//80 1883//6
f 1763//80 1764//13 1883//6
f 1883//6 1764//13 1884//27
f 1765//14 1760//7 1885//14
f 1885//14 1760//7 1881//7
f 1766//17 1886//18 1764//13
f 1764//13 1886//18 1884//27
f 1767//38 1765//14 1887//53
f 1887//53 1765//14 1885//14
f 1769//28 1888//19 1766//17
f 1766//17 1888//19 1886//18
f 1770//203 1767//38 1889//262
f 1889//262 1767//38 1887//53
f 1889//262 1887//53 1890//227
f 1889//262 1890//227 1891//227
f 1892//39 1893//205 1894//107
f 1772//431 1892//39 1769//28
f 1769//28 1892//39 1894//107
f 1769//28 1894//107 1888//19
f 1770//203 1889//262 1774//238
f 1774//238 1889//262 1775//432
f 1775//432 1889//262 1891//227
f 1775//432 1891//227 1895//458
f 1895//458 1891//227 1896//227
f 1895//458 1896//227 1897//227
f 1777//72 1898//373 1778//103
f 1778//103 1898//373 1779//433
f 1780//174 1899//206 1781//434
f 1781//434 1899//206 1893//205
f 1781//434 1893//205 1892//39
f 1781//434 1892//39 1772//431
f 1775//432 1895//458 1782//227
f 1782//227 1895//458 1783//227
f 1783//227 1895//458 1897//227
f 1783//227 1897//227 1900//164
f 1900//164 1897//227 1901//124
f 1784//30 1900//164 1785//435
f 1785//435 1900//164 1901//124
f 1785//435 1901//124 1902//456
f 1785//435 1902//456 1777//72
f 1777//72 1902//456 1903//459
f 1777//72 1903//459 1898//373
f 1779//433 1898//373 1786//436
f 1786//436 1898//373 1903//459
f 1786//436 1903//459 1904//140
f 1786//436 1904//140 1780//174
f 1780//174 1904//140 1899//206
f 1783//227 1900//164 1787//65
f 1787//65 1900//164 1784//30
f 1905//277 1906//460 1907//138
f 1905//277 1908//278 1906//460
f 1909//439 1910//66 1911//92
f 1909//439 1912//300 1910//66
f 1910//66 1912//300 1913//384
f 1912//300 1914//461 1913//384
f 1913//384 1914//461 1915//462
f 1914//461 1916//295 1915//462
f 1905//277 1907//138 1917//346
f 1917//346 1907//138 1918//276
f 1905//277 1917//346 1908//278
f 1908//278 1917//346 1919//463
f 1908//278 1919//463 1920//464
f 1919//463 1921//465 1920//464
f 1920//464 1921//465 1909//439
f 1920//464 1909//439 1911//92
f 1909//439 1921//465 1912//300
f 1912//300 1921//465 1922//300
f 1912//300 1922//300 1914//461
f 1914//461 1922//300 1923//466
f 1790//125 1789//438 1923//466
f 1923//466 1789//438 1924//467
f 1923//466 1924//467 1914//461
f 1914//461 1924//467 1916//295
f 1789//438 1792//5 1924//467
f 1924//467 1792//5 1925//33
f 1792//5 1793//46 1925//33
f 1925//33 1793//46 1926//468
f 1925//33 1926//468 1927//104
f 1796//92 1795//91 1926//468
f 1926//468 1795//91 1928//469
f 1926//468 1928//469 1927//104
f 1795//91 1797//46 1928//469
f 1928//469 1797//46 1929//468
f 1928//469 1929//468 1930//104
f 1800//92 1799//91 1929//468
f 1929//468 1799//91 1931//470
f 1929//468 1931//470 1930//104
f 1799//91 1801//46 1931//470
f 1931//470 1801//46 1932//416
f 1931//470 1932//416 1933//170
f 1917//346 1918//276 1934//471
f 1934//471 1918//276 1935//275
f 1804//234 1803//66 1934//471
f 1934//471 1803//66 1919//463
f 1934//471 1919//463 1917//346
f 1803//66 1806//104 1919//463
f 1919//463 1806//104 1921//465
f 1806//104 1808//441 1921//465
f 1921//465 1808//441 1922//300
f 1808//441 1809//410 1922//300
f 1922//300 1809//410 1923//466
f 1809//410 1790//125 1923//466
f 1793//46 1810//442 1926//468
f 1810//442 1796//92 1926//468
f 1797//46 1811//442 1929//468
f 1811//442 1800//92 1929//468
f 1801//46 1812//443 1932//416
f 1936//299 1937//66 1938//275
f 1936//299 1939//422 1937//66
f 1937//66 1939//422 1940//66
f 1815//275 1814//352 1939//422
f 1939//422 1814//352 1934//471
f 1939//422 1934//471 1940//66
f 1940//66 1934//471 1935//275
f 1814//352 1804//234 1934//471
f 1936//299 1938//275 1941//303
f 1941//303 1938//275 1942//276
f 1936//299 1941//303 1939//422
f 1939//422 1941//303 1943//303
f 1819//276 1815//275 1943//303
f 1943//303 1815//275 1939//422
f 1941//303 1942//276 1944//303
f 1944//303 1942//276 1945//276
f 1941//303 1944//303 1943//303
f 1943//303 1944//303 1946//303
f 1824//276 1819//276 1946//303
f 1946//303 1819//276 1943//303
f 1944//303 1945//276 1947//357
f 1947//357 1945//276 1948//280
f 1944//303 1947//357 1946//303
f 1946//303 1947//357 1949//423
f 1829//276 1824//276 1949//423
f 1949//423 1824//276 1946//303
f 1947//357 1948//280 1950//424
f 1947//357 1950//424 1949//423
f 1949//423 1950//424 1951//364
f 1949//423 1951//364 1952//276
f 1834//276 1829//276 1952//276
f 1952//276 1829//276 1949//423
f 1952//276 1951//364 1953//280
f 1953//280 1951//364 1954//280
f 1837//304 1834//276 1953//280
f 1953//280 1834//276 1952//276
f 1953//280 1954//280 1955//310
f 1840//390 1837//304 1956//420
f 1956//420 1837//304 1953//280
f 1956//420 1953//280 1955//310
f 1840//390 1956//420 1842//449
f 1842//449 1956//420 1957//472
f 1842//449 1957//472 1958//473
f 1842//449 1958//473 1843//372
f 1958//473 1957//472 1959//473
f 1843//372 1958//473 1846//285
f 1846//285 1958//473 1959//473
f 1846//285 1959//473 1960//285
f 1960//285 1959//473 1961//284
f 1846//285 1960//285 1847//285
f 1847//285 1960//285 1962//425
f 1847//285 1962//425 1849//280
f 1960//285 1961//284 1963//474
f 1960//285 1963//474 1962//425
f 1962//425 1963//474 1964//475
f 1962//425 1964//475 1965//280
f 1851//280 1849//280 1965//280
f 1965//280 1849//280 1962//425
f 1965//280 1964//475 1966//452
f 1851//280 1965//280 1853//362
f 1853//362 1965//280 1966//452
f 1853//362 1966//452 1967//451
f 1853//362 1967//451 1854//451
f 1854//451 1967//451 1968//362
f 1854//451 1968//362 1855//452
f 1855//452 1968//362 1969//280
f 1855//452 1969//280 1970//450
f 1855//452 1970//450 1856//344
f 1970//450 1969//280 1971//369
f 1971//369 1969//280 1972//280
f 1856//344 1970//450 1857//453
f 1857//453 1970//450 1971//369
f 1857//453 1971//369 1973//476
f 1857//453 1973//476 1858//344
f 1971//369 1972//280 1974//371
f 1971//369 1974//371 1973//476
f 1973//476 1974//371 1975//372
f 1973//476 1975//372 1976//369
f 1858//344 1973//476 1860//454
f 1860//454 1973//476 1976//369
f 1860//454 1976//369 1977//285
f 1860//454 1977//285 1861//284
f 1863//82 1978//250 1864//23
f 1864//23 1978//250 1979//251
f 1864//23 1979//251 1865//456
f 1865//456 1979//251 1980//477
f 1865//456 1980//477 1866//457
f 1866//457 1980//477 1981//103
f 1976//369 1975//372 1982//362
f 1976//369 1982//362 1977//285
f 1977//285 1982//362 1983//451
f 1861//284 1977//285 1867//289
f 1867//289 1977//285 1983//451
f 1867//289 1983//451 1984//23
f 1867//289 1984//23 1863//82
f 1863//82 1984//23 1978//250
f 1868//290 1869//126 1985//141
f 1985//141 1869//126 1986//126
f 1869//126 1870//89 1986//126
f 1986//126 1870//89 1987//89
f 1871//7 1872//126 1988//7
f 1988//7 1872//126 1989//146
f 1872//126 1873//26 1989//146
f 1989//146 1873//26 1990//325
f 1989//146 1990//325 1991//150
f 1874//3 1868//290 1990//325
f 1990//325 1868//290 1985//141
f 1990//325 1985//141 1991//150
f 1875//89 1992//89 1870//89
f 1870//89 1992//89 1987//89
f 1993//104 1994//105 1995//67
f 1993//104 1996//6 1994//105
f 1876//7 1871//7 1997//191
f 1997//191 1871//7 1988//7
f 1873//26 1877//105 1990//325
f 1877//105 1874//3 1990//325
f 1875//89 1878//25 1992//89
f 1992//89 1878//25 1998//219
f 1878//25 1879//87 1998//219
f 1998//219 1879//87 1993//104
f 1998//219 1993//104 1995//67
f 1879//87 1880//6 1993//104
f 1993//104 1880//6 1999//12
f 1993//104 1999//12 1996//6
f 1996//6 1999//12 2000//6
f 1999//12 2001//36 2000//6
f 1881//7 1882//125 2002//236
f 2002//236 1882//125 2003//193
f 1882//125 1876//7 2003//193
f 2003//193 1876//7 1997//191
f 1880//6 1883//6 1999//12
f 1883//6 1884//27 1999//12
f 1999//12 1884//27 2004//478
f 1999//12 2004//478 2001//36
f 1885//14 1881//7 2005//208
f 2005//208 1881//7 2002//236
f 1886//18 2006//148 1884//27
f 1884//27 2006//148 2004//478
f 1887//53 1885//14 2007//42
f 2007//42 1885//14 2005//208
f 1888//19 2008//153 1886//18
f 1886//18 2008//153 2006//148
f 1887//53 2007//42 1890//227
f 1890//227 2007//42 2009//227
f 1890//227 2009//227 1891//227
f 1891//227 2009//227 2010//249
f 1893//205 2011//479 1894//107
f 1894//107 2011//479 2012//62
f 1894//107 2012//62 1888//19
f 1888//19 2012//62 2008//153
f 1891//227 2010//249 1896//227
f 1896//227 2010//249 2013//149
f 1896//227 2013//149 1897//227
f 1897//227 2013//149 2014//149
f 2015//143 2016//72 2017//103
f 2015//143 2017//103 2018//480
f 1899//206 2019//29 1893//205
f 1893//205 2019//29 2011//479
f 1897//227 2014//149 1901//124
f 1901//124 2014//149 2020//22
f 1901//124 2020//22 1902//456
f 1902//456 2020//22 2021//131
f 1902//456 2021//131 1903//459
f 1903//459 2021//131 2016//72
f 1903//459 2016//72 2015//143
f 1903//459 2015//143 1904//140
f 1904//140 2015//143 2018//480
f 1904//140 2018//480 2022//65
f 1904//140 2022//65 1899//206
f 1899//206 2022//65 2019//29
f 2023//481 2024//105 2025//67
f 2023//481 2026//36 2024//105
f 2027//482 2028//383 2029//138
f 2027//482 2030//300 2028//383
f 2028//383 2030//300 2031//483
f 2030//300 2032//484 2031//483
f 2031//483 2032//484 2023//481
f 2031//483 2023//481 2025//67
f 2023//481 2032//484 2026//36
f 2026//36 2032//484 2033//160
f 2034//104 2035//91 2036//92
f 2034//104 2037//6 2035//91
f 2038//277 2039//460 2040//138
f 2038//277 2041//278 2039//460
f 1907//138 1906//460 2042//413
f 2042//413 1906//460 2027//482
f 2042//413 2027//482 2029//138
f 1906//460 1908//278 2027//482
f 2027//482 1908//278 2043//485
f 2027//482 2043//485 2030//300
f 1911//92 1910//66 2043//485
f 2043//485 1910//66 2032//484
f 2043//485 2032//484 2030//300
f 1910//66 1913//384 2032//484
f 2032//484 1913//384 2044//442
f 2032//484 2044//442 2033//160
f 1913//384 1915//462 2044//442
f 2044//442 1915//462 2034//104
f 2044//442 2034//104 2036//92
f 1915//462 1916//295 2034//104
f 2034//104 1916//295 2045//4
f 2034//104 2045//4 2037//6
f 2037//6 2045//4 2046//486
f 2045//4 2047//104 2046//486
f 2046//486 2047//104 2048//170
f 2047//104 2049//104 2048//170
f 2048//170 2049//104 2050//170
f 2049//104 2051//104 2050//170
f 2050//170 2051//104 2052//170
f 2051//104 2053//45 2052//170
f 2052//170 2053//45 2054//5
f 2053//45 2055//46 2054//5
f 2038//277 2040//138 2056//346
f 2056//346 2040//138 2057//276
f 2038//277 2056//346 2041//278
f 2041//278 2056//346 2058//487
f 2041//278 2058//487 2059//104
f 1918//276 1907//138 2058//487
f 2058//487 1907//138 2042//413
f 2058//487 2042//413 2059//104
f 1908//278 1920//464 2043//485
f 1920//464 1911//92 2043//485
f 1916//295 1924//467 2045//4
f 1924//467 1925//33 2045//4
f 2045//4 1925//33 2047//104
f 1925//33 1927//104 2047//104
f 2047//104 1927//104 2049//104
f 1927//104 1928//469 2049//104
f 2049//104 1928//469 2051//104
f 1928//469 1930//104 2051//104
f 2051//104 1930//104 2053//45
f 1930//104 1931//470 2053//45
f 2053//45 1931//470 2060//414
f 2053//45 2060//414 2055//46
f 1931//470 1933//170 2060//414
f 2060//414 1933//170 2061//488
f 2056//346 2057//276 2062//422
f 2062//422 2057//276 2063//275
f 2056//346 2062//422 2058//487
f 2058//487 2062//422 2064//299
f 1935//275 1918//276 2064//299
f 2064//299 1918//276 2058//487
f 2065//299 2066//66 2067//275
f 2065//299 2068//422 2066//66
f 2066//66 2068//422 2069//66
f 1938//275 1937//66 2068//422
f 2068//422 1937//66 2062//422
f 2068//422 2062//422 2069//66
f 2069//66 2062//422 2063//275
f 1937//66 1940//66 2062//422
f 2062//422 1940//66 2064//299
f 1940//66 1935//275 2064//299
f 2065//299 2067//275 2070//303
f 2070//303 2067//275 2071//276
f 2065//299 2070//303 2068//422
f 2068//422 2070//303 2072//303
f 1942//276 1938//275 2072//303
f 2072//303 1938//275 2068//422
f 2070//303 2071//276 2073//303
f 2073//303 2071//276 2074//276
f 2070//303 2073//303 2072//303
f 2072//303 2073//303 2075//303
f 1945//276 1942//276 2075//303
f 2075//303 1942//276 2072//303
f 2073//303 2074//276 2076//303
f 2076//303 2074//276 2077//276
f 2073//303 2076//303 2075//303
f 2075//303 2076//303 2078//489
f 1948//280 1945//276 2078//489
f 2078//489 1945//276 2075//303
f 2076//303 2077//276 2079//303
f 2079//303 2077//276 2080//276
f 2076//303 2079//303 2078//489
f 2078//489 2079//303 2081//446
f 1948//280 2078//489 1950//424
f 1950//424 2078//489 2081//446
f 1950//424 2081//446 2082//357
f 1950//424 2082//357 1951//364
f 2079//303 2080//276 2083//357
f 2083//357 2080//276 2084//280
f 2079//303 2083//357 2081//446
f 2081//446 2083//357 2085//355
f 2081//446 2085//355 2082//357
f 2082//357 2085//355 2086//448
f 1954//280 1951//364 2086//448
f 2086//448 1951//364 2082//357
f 2083//357 2084//280 2087//285
f 2083//357 2087//285 2085//355
f 2085//355 2087//285 2088//341
f 2085//355 2088//341 2086//448
f 2086//448 2088//341 2089//490
f 2086//448 2089//490 2090//491
f 1954//280 2086//448 1955//310
f 1955//310 2086//448 2090//491
f 1955//310 2090//491 2091//357
f 1955//310 2091//357 1956//420
f 2090//491 2089//490 2092//303
f 2092//303 2089//490 2093//492
f 2090//491 2092//303 2091//357
f 2091//357 2092//303 2094//361
f 1957//472 1956//420 2094//361
f 2094//361 1956//420 2091//357
f 2092//303 2093//492 2095//493
f 2095//493 2093//492 2096//390
f 2092//303 2095//493 2094//361
f 2094//361 2095//493 2097//494
f 2094//361 2097//494 2098//373
f 1957//472 2094//361 1959//473
f 1959//473 2094//361 2098//373
f 1959//473 2098//373 2099//403
f 2099//403 2098//373 2100//495
f 1959//473 2099//403 1961//284
f 2095//493 2096//390 2101//496
f 2095//493 2101//496 2097//494
f 2099//403 2100//495 2102//497
f 1961//284 2099//403 1963//474
f 1963//474 2099//403 2102//497
f 1963//474 2102//497 2103//22
f 1963//474 2103//22 1964//475
f 1964//475 2103//22 2104//149
f 1964//475 2104//149 1966//452
f 1966//452 2104//149 2105//498
f 1966//452 2105//498 1967//451
f 1967//451 2105//498 2106//499
f 1967//451 2106//499 2107//500
f 1967//451 2107//500 1968//362
f 1968//362 2107//500 2108//357
f 1968//362 2108//357 1969//280
f 2107//500 2106//499 2109//357
f 2109//357 2106//499 2110//280
f 2107//500 2109//357 2108//357
f 2108//357 2109//357 2111//501
f 1972//280 1969//280 2111//501
f 2111//501 1969//280 2108//357
f 2109//357 2110//280 2112//362
f 2109//357 2112//362 2111//501
f 2111//501 2112//362 2113//400
f 1972//280 2111//501 1974//371
f 1974//371 2111//501 2113//400
f 1974//371 2113//400 2114//403
f 2114//403 2113//400 2115//284
f 1974//371 2114//403 1975//372
f 1978//250 2116//81 1979//251
f 1979//251 2116//81 1980//477
f 1980//477 2116//81 2117//82
f 1980//477 2117//82 2118//23
f 1980//477 2118//23 1981//103
f 1981//103 2118//23 2119//103
f 2114//403 2115//284 2120//497
f 1975//372 2114//403 1982//362
f 1982//362 2114//403 2120//497
f 1982//362 2120//497 2121//103
f 1982//362 2121//103 1983//451
f 1983//451 2121//103 2122//103
f 1983//451 2122//103 1984//23
f 1984//23 2122//103 2123//456
f 1984//23 2123//456 1978//250
f 1978//250 2123//456 2124//84
f 1978//250 2124//84 2116//81
f 2116//81 2124//84 2117//82
f 1985//141 1986//126 2125//125
f 2125//125 1986//126 2126//126
f 1986//126 1987//89 2126//126
f 2126//126 1987//89 2127//181
f 1988//7 1989//146 2128//7
f 2128//7 1989//146 2129//24
f 1989//146 1991//150 2129//24
f 2129//24 1991//150 2130//24
f 1991//150 1985//141 2130//24
f 2130//24 1985//141 2125//125
f 1992//89 2131//13 1987//89
f 1987//89 2131//13 2127//181
f 1995//67 1994//105 2132//67
f 2132//67 1994//105 2133//221
f 1994//105 1996//6 2133//221
f 2133//221 1996//6 2134//26
f 1997//191 1988//7 2135//198
f 2135//198 1988//7 2128//7
f 1992//89 1998//219 2131//13
f 2131//13 1998//219 2136//105
f 1998//219 1995//67 2136//105
f 2136//105 1995//67 2132//67
f 1996//6 2000//6 2134//26
f 2134//26 2000//6 2137//6
f 2000//6 2001//36 2137//6
f 2137//6 2001//36 2138//6
f 2002//236 2003//193 2139//207
f 2003//193 1997//191 2139//207
f 2139//207 1997//191 2135//198
f 2139//207 2135//198 2140//208
f 2004//478 2141//118 2001//36
f 2001//36 2141//118 2142//49
f 2001//36 2142//49 2138//6
f 2141//118 2143//502 2142//49
f 2005//208 2002//236 2144//503
f 2144//503 2002//236 2139//207
f 2139//207 2140//208 2144//503
f 2144//503 2140//208 2145//208
f 2006//148 2146//121 2004//478
f 2004//478 2146//121 2141//118
f 2141//118 2146//121 2143//502
f 2143//502 2146//121 2147//504
f 2007//42 2005//208 2148//246
f 2148//246 2005//208 2144//503
f 2144//503 2145//208 2148//246
f 2148//246 2145//208 2149//381
f 2008//153 2150//51 2006//148
f 2006//148 2150//51 2151//505
f 2006//148 2151//505 2146//121
f 2146//121 2151//505 2147//504
f 2007//42 2148//246 2009//227
f 2009//227 2148//246 2010//249
f 2010//249 2148//246 2149//381
f 2010//249 2149//381 2152//20
f 2011//479 2153//506 2012//62
f 2012//62 2153//506 2008//153
f 2008//153 2153//506 2154//60
f 2008//153 2154//60 2150//51
f 2010//249 2152//20 2013//149
f 2013//149 2152//20 2155//149
f 2013//149 2155//149 2014//149
f 2014//149 2155//149 2156//149
f 2016//72 2157//507 2017//103
f 2017//103 2157//507 2018//480
f 2018//480 2157//507 2158//508
f 2018//480 2158//508 2159//509
f 2159//509 2158//508 2160//510
f 2019//29 2159//509 2011//479
f 2011//479 2159//509 2160//510
f 2011//479 2160//510 2153//506
f 2153//506 2160//510 2161//251
f 2153//506 2161//251 2154//60
f 2014//149 2156//149 2020//22
f 2020//22 2156//149 2162//22
f 2020//22 2162//22 2021//131
f 2021//131 2162//22 2163//456
f 2021//131 2163//456 2016//72
f 2016//72 2163//456 2164//511
f 2016//72 2164//511 2157//507
f 2018//480 2159//509 2022//65
f 2157//507 2164//511 2158//508
f 2022//65 2159//509 2019//29
f 2165//137 2166//105 2167//138
f 2165//137 2168//6 2166//105
f 2025//67 2024//105 2169//125
f 2169//125 2024//105 2170//180
f 2024//105 2026//36 2170//180
f 2170//180 2026//36 2171//88
f 2172//512 2173//105 2174//138
f 2172//512 2175//46 2173//105
f 2029//138 2028//383 2176//413
f 2176//413 2028//383 2165//137
f 2176//413 2165//137 2167//138
f 2028//383 2031//483 2165//137
f 2165//137 2031//483 2177//376
f 2165//137 2177//376 2168//6
f 2031//483 2025//67 2177//376
f 2177//376 2025//67 2169//125
f 2033//160 2178//223 2026//36
f 2026//36 2178//223 2179//224
f 2026//36 2179//224 2171//88
f 2036//92 2035//91 2178//223
f 2178//223 2035//91 2180//98
f 2178//223 2180//98 2179//224
f 2035//91 2037//6 2180//98
f 2180//98 2037//6 2181//77
f 2040//138 2039//460 2182//413
f 2182//413 2039//460 2172//512
f 2182//413 2172//512 2174//138
f 2039//460 2041//278 2172//512
f 2172//512 2041//278 2183//513
f 2172//512 2183//513 2175//46
f 2175//46 2183//513 2184//104
f 2042//413 2029//138 2183//513
f 2183//513 2029//138 2176//413
f 2183//513 2176//413 2184//104
f 2033//160 2044//442 2178//223
f 2044//442 2036//92 2178//223
f 2037//6 2046//486 2181//77
f 2181//77 2046//486 2185//25
f 2046//486 2048//170 2185//25
f 2185//25 2048//170 2186//187
f 2048//170 2050//170 2186//187
f 2186//187 2050//170 2187//415
f 2050//170 2052//170 2187//415
f 2187//415 2052//170 2188//187
f 2052//170 2054//5 2188//187
f 2188//187 2054//5 2189//33
f 2054//5 2055//46 2189//33
f 2189//33 2055//46 2190//133
f 2189//33 2190//133 2191//35
f 2190//133 2192//6 2191//35
f 2193//439 2194//66 2195//92
f 2193//439 2196//514 2194//66
f 2194//66 2196//514 2197//66
f 2057//276 2040//138 2196//514
f 2196//514 2040//138 2182//413
f 2196//514 2182//413 2197//66
f 2041//278 2059//104 2183//513
f 2059//104 2042//413 2183//513
f 2055//46 2060//414 2190//133
f 2060//414 2061//488 2190//133
f 2190//133 2061//488 2198//515
f 2190//133 2198//515 2192//6
f 2199//299 2200//66 2201//275
f 2199//299 2202//300 2200//66
f 2200//66 2202//300 2203//516
f 2202//300 2204//517 2203//516
f 2203//516 2204//517 2193//439
f 2203//516 2193//439 2195//92
f 2193//439 2204//517 2196//514
f 2196//514 2204//517 2205//299
f 2063//275 2057//276 2205//299
f 2205//299 2057//276 2196//514
f 2199//299 2201//275 2206//348
f 2206//348 2201//275 2207//275
f 2199//299 2206//348 2202//300
f 2202//300 2206//348 2208//447
f 2067//275 2066//66 2208//447
f 2208//447 2066//66 2204//517
f 2208//447 2204//517 2202//300
f 2066//66 2069//66 2204//517
f 2204//517 2069//66 2205//299
f 2069//66 2063//275 2205//299
f 2209//299 2210//352 2211//275
f 2209//299 2212//444 2210//352
f 2210//352 2212//444 2206//348
f 2210//352 2206//348 2207//275
f 2206//348 2212//444 2208//447
f 2208//447 2212//444 2213//303
f 2071//276 2067//275 2213//303
f 2213//303 2067//275 2208//447
f 2209//299 2211//275 2214//348
f 2214//348 2211//275 2215//275
f 2209//299 2214//348 2212//444
f 2212//444 2214//348 2216//287
f 2212//444 2216//287 2213//303
f 2213//303 2216//287 2217//303
f 2074//276 2071//276 2217//303
f 2217//303 2071//276 2213//303
f 2218//299 2219//352 2220//275
f 2218//299 2221//444 2219//352
f 2219//352 2221//444 2214//348
f 2219//352 2214//348 2215//275
f 2214//348 2221//444 2216//287
f 2216//287 2221//444 2222//287
f 2216//287 2222//287 2217//303
f 2217//303 2222//287 2223//303
f 2077//276 2074//276 2223//303
f 2223//303 2074//276 2217//303
f 2218//299 2220//275 2224//303
f 2224//303 2220//275 2225//276
f 2218//299 2224//303 2221//444
f 2221//444 2224//303 2226//287
f 2221//444 2226//287 2222//287
f 2222//287 2226//287 2227//518
f 2222//287 2227//518 2223//303
f 2223//303 2227//518 2228//423
f 2080//276 2077//276 2228//423
f 2228//423 2077//276 2223//303
f 2224//303 2225//276 2229//357
f 2229//357 2225//276 2230//280
f 2224//303 2229//357 2226//287
f 2226//287 2229//357 2231//519
f 2226//287 2231//519 2227//518
f 2227//518 2231//519 2232//520
f 2227//518 2232//520 2233//521
f 2227//518 2233//521 2228//423
f 2228//423 2233//521 2234//372
f 2228//423 2234//372 2235//280
f 2084//280 2080//276 2235//280
f 2235//280 2080//276 2228//423
f 2229//357 2230//280 2236//314
f 2229//357 2236//314 2231//519
f 2231//519 2236//314 2237//286
f 2231//519 2237//286 2232//520
f 2235//280 2234//372 2238//310
f 2084//280 2235//280 2087//285
f 2087//285 2235//280 2238//310
f 2087//285 2238//310 2239//285
f 2239//285 2238//310 2240//284
f 2087//285 2239//285 2088//341
f 2088//341 2239//285 2241//285
f 2088//341 2241//285 2089//490
f 2239//285 2240//284 2242//285
f 2239//285 2242//285 2241//285
f 2241//285 2242//285 2243//285
f 2093//492 2089//490 2244//522
f 2244//522 2089//490 2241//285
f 2244//522 2241//285 2243//285
f 2096//390 2093//492 2245//20
f 2245//20 2093//492 2244//522
f 2097//494 2246//373 2098//373
f 2098//373 2246//373 2100//495
f 2096//390 2245//20 2101//496
f 2101//496 2245//20 2247//83
f 2101//496 2247//83 2097//494
f 2097//494 2247//83 2248//523
f 2097//494 2248//523 2246//373
f 2100//495 2246//373 2102//497
f 2102//497 2246//373 2248//523
f 2102//497 2248//523 2249//103
f 2102//497 2249//103 2103//22
f 2103//22 2249//103 2250//22
f 2103//22 2250//22 2104//149
f 2104//149 2250//22 2251//149
f 2104//149 2251//149 2105//498
f 2105//498 2251//149 2252//524
f 2105//498 2252//524 2106//499
f 2106//499 2252//524 2253//525
f 2254//418 2255//157 2256//397
f 2110//280 2106//499 2254//418
f 2254//418 2106//499 2253//525
f 2254//418 2253//525 2255//157
f 2254//418 2256//397 2257//452
f 2110//280 2254//418 2112//362
f 2112//362 2254//418 2257//452
f 2112//362 2257//452 2258//526
f 2112//362 2258//526 2113//400
f 2113//400 2258//526 2259//284
f 2113//400 2259//284 2260//527
f 2113//400 2260//527 2115//284
f 2117//82 2261//21 2118//23
f 2118//23 2261//21 2262//23
f 2118//23 2262//23 2119//103
f 2119//103 2262//23 2263//103
f 2260//527 2259//284 2264//497
f 2115//284 2260//527 2120//497
f 2120//497 2260//527 2264//497
f 2120//497 2264//497 2265//103
f 2120//497 2265//103 2121//103
f 2121//103 2265//103 2266//451
f 2121//103 2266//451 2122//103
f 2122//103 2266//451 2267//368
f 2122//103 2267//368 2123//456
f 2123//456 2267//368 2268//368
f 2123//456 2268//368 2124//84
f 2124//84 2268//368 2269//528
f 2124//84 2269//528 2117//82
f 2117//82 2269//528 2261//21
f 2125//125 2126//126 2270//67
f 2270//67 2126//126 2271//221
f 2126//126 2127//181 2271//221
f 2271//221 2127//181 2272//77
f 2128//7 2129//24 2273//7
f 2273//7 2129//24 2274//24
f 2129//24 2130//24 2274//24
f 2274//24 2130//24 2275//111
f 2130//24 2125//125 2275//111
f 2275//111 2125//125 2270//67
f 2131//13 2276//223 2127//181
f 2127//181 2276//223 2277//224
f 2127//181 2277//224 2272//77
f 2132//67 2133//221 2276//223
f 2276//223 2133//221 2278//529
f 2276//223 2278//529 2277//224
f 2133//221 2134//26 2278//529
f 2278//529 2134//26 2279//58
f 2278//529 2279//58 2280//5
f 2279//58 2281//6 2280//5
f 2135//198 2128//7 2282//14
f 2282//14 2128//7 2273//7
f 2131//13 2136//105 2276//223
f 2136//105 2132//67 2276//223
f 2134//26 2137//6 2279//58
f 2137//6 2138//6 2279//58
f 2279//58 2138//6 2283//12
f 2279//58 2283//12 2281//6
f 2281//6 2283//12 2284//6
f 2283//12 2285//13 2284//6
f 2140//208 2135//198 2286//14
f 2286//14 2135//198 2282//14
f 2138//6 2142//49 2283//12
f 2142//49 2143//502 2283//12
f 2283//12 2143//502 2287//17
f 2283//12 2287//17 2285//13
f 2145//208 2140//208 2288//14
f 2288//14 2140//208 2286//14
f 2147//504 2289//18 2143//502
f 2143//502 2289//18 2287//17
f 2149//381 2145//208 2290//38
f 2290//38 2145//208 2288//14
f 2150//51 2291//52 2151//505
f 2151//505 2291//52 2147//504
f 2147//504 2291//52 2292//60
f 2147//504 2292//60 2289//18
f 2152//20 2149//381 2293//42
f 2293//42 2149//381 2290//38
f 2154//60 2294//174 2150//51
f 2150//51 2294//174 2295//62
f 2150//51 2295//62 2291//52
f 2291//52 2295//62 2292//60
f 2152//20 2293//42 2155//149
f 2155//149 2293//42 2296//227
f 2155//149 2296//227 2156//149
f 2156//149 2296//227 2297//227
f 2298//297 2299//30 2300//31
f 2158//508 2298//297 2160//510
f 2160//510 2298//297 2300//31
f 2160//510 2300//31 2301//103
f 2160//510 2301//103 2161//251
f 2161//251 2301//103 2302//23
f 2161//251 2302//23 2154//60
f 2154//60 2302//23 2294//174
f 2303//186 2304//105 2305//3
f 2303//186 2306//13 2304//105
f 2156//149 2297//227 2162//22
f 2162//22 2297//227 2307//95
f 2162//22 2307//95 2163//456
f 2163//456 2307//95 2308//145
f 2163//456 2308//145 2164//511
f 2164//511 2308//145 2299//30
f 2164//511 2299//30 2298//297
f 2164//511 2298//297 2158//508
f 2167//138 2166//105 2309//141
f 2309//141 2166//105 2310//126
f 2166//105 2168//6 2310//126
f 2310//126 2168//6 2311//77
f 2169//125 2170//180 2312//159
f 2312//159 2170//180 2303//186
f 2312//159 2303//186 2305//3
f 2170//180 2171//88 2303//186
f 2303//186 2171//88 2313//375
f 2303//186 2313//375 2306//13
f 2174//138 2173//105 2314//530
f 2314//530 2173//105 2315//531
f 2173//105 2175//46 2315//531
f 2315//531 2175//46 2316//325
f 2315//531 2316//325 2317//150
f 2176//413 2167//138 2316//325
f 2316//325 2167//138 2309//141
f 2316//325 2309//141 2317//150
f 2168//6 2177//376 2311//77
f 2311//77 2177//376 2318//126
f 2177//376 2169//125 2318//126
f 2318//126 2169//125 2312//159
f 2171//88 2179//224 2313//375
f 2313//375 2179//224 2319//25
f 2179//224 2180//98 2319//25
f 2319//25 2180//98 2320//25
f 2180//98 2181//77 2320//25
f 2320//25 2181//77 2321//26
f 2322//155 2323//91 2324//92
f 2322//155 2325//46 2323//91
f 2326//66 2327//97 2328//92
f 2326//66 2329//45 2327//97
f 2327//97 2329//45 2330//5
f 2329//45 2331//6 2330//5
f 2332//481 2333//126 2334//532
f 2332//481 2335//533 2333//126
f 2336//66 2337//97 2338//234
f 2336//66 2339//534 2337//97
f 2337//97 2339//534 2340//535
f 2182//413 2174//138 2339//534
f 2339//534 2174//138 2314//530
f 2339//534 2314//530 2340//535
f 2175//46 2184//104 2316//325
f 2184//104 2176//413 2316//325
f 2181//77 2185//25 2321//26
f 2321//26 2185//25 2341//536
f 2185//25 2186//187 2341//536
f 2341//536 2186//187 2322//155
f 2341//536 2322//155 2324//92
f 2186//187 2187//415 2322//155
f 2322//155 2187//415 2342//442
f 2322//155 2342//442 2325//46
f 2187//415 2188//187 2342//442
f 2342//442 2188//187 2326//66
f 2342//442 2326//66 2328//92
f 2188//187 2189//33 2326//66
f 2326//66 2189//33 2329//45
f 2189//33 2191//35 2329//45
f 2329//45 2191//35 2343//135
f 2329//45 2343//135 2331//6
f 2191//35 2192//6 2343//135
f 2343//135 2192//6 2344//537
f 2345//299 2346//538 2347//138
f 2345//299 2348//539 2346//538
f 2346//538 2348//539 2332//481
f 2346//538 2332//481 2334//532
f 2332//481 2348//539 2335//533
f 2335//533 2348//539 2349//540
f 2335//533 2349//540 2350//541
f 2195//92 2194//66 2349//540
f 2349//540 2194//66 2336//66
f 2349//540 2336//66 2350//541
f 2350//541 2336//66 2338//234
f 2194//66 2197//66 2336//66
f 2336//66 2197//66 2339//534
f 2197//66 2182//413 2339//534
f 2192//6 2198//515 2344//537
f 2344//537 2198//515 2351//542
f 2344//537 2351//542 2352//543
f 2345//299 2347//138 2353//394
f 2353//394 2347//138 2354//275
f 2201//275 2200//66 2353//394
f 2353//394 2200//66 2348//539
f 2353//394 2348//539 2345//299
f 2200//66 2203//516 2348//539
f 2348//539 2203//516 2349//540
f 2203//516 2195//92 2349//540
f 2351//542 2355//258 2352//543
f 2352//543 2355//258 2356//543
f 2357//299 2358//2 2359//3
f 2357//299 2360//300 2358//2
f 2358//2 2360//300 2361//544
f 2360//300 2362//545 2361//544
f 2361//544 2362//545 2353//394
f 2361//544 2353//394 2354//275
f 2207//275 2201//275 2362//545
f 2362//545 2201//275 2353//394
f 2355//258 2363//546 2356//543
f 2356//543 2363//546 2364//547
f 2357//299 2359//3 2365//303
f 2365//303 2359//3 2366//307
f 2357//299 2365//303 2360//300
f 2360//300 2365//303 2367//447
f 2211//275 2210//352 2367//447
f 2367//447 2210//352 2362//545
f 2367//447 2362//545 2360//300
f 2210//352 2207//275 2362//545
f 2363//546 2368//548 2364//547
f 2365//303 2366//307 2369//303
f 2369//303 2366//307 2370//276
f 2365//303 2369//303 2367//447
f 2367//447 2369//303 2371//399
f 2215//275 2211//275 2371//399
f 2371//399 2211//275 2367//447
f 2369//303 2370//276 2372//306
f 2372//306 2370//276 2373//276
f 2220//275 2219//352 2372//306
f 2372//306 2219//352 2371//399
f 2372//306 2371//399 2369//303
f 2219//352 2215//275 2371//399
f 2372//306 2373//276 2374//276
f 2374//276 2373//276 2375//276
f 2225//276 2220//275 2374//276
f 2374//276 2220//275 2372//306
f 2374//276 2375//276 2376//549
f 2376//549 2375//276 2377//276
f 2230//280 2225//276 2376//549
f 2376//549 2225//276 2374//276
f 2232//520 2378//550 2233//521
f 2233//521 2378//550 2234//372
f 2376//549 2377//276 2379//369
f 2379//369 2377//276 2380//280
f 2230//280 2376//549 2236//314
f 2236//314 2376//549 2379//369
f 2236//314 2379//369 2381//373
f 2236//314 2381//373 2237//286
f 2237//286 2381//373 2382//551
f 2237//286 2382//551 2232//520
f 2232//520 2382//551 2383//552
f 2232//520 2383//552 2378//550
f 2234//372 2378//550 2238//310
f 2238//310 2378//550 2383//552
f 2238//310 2383//552 2384//285
f 2238//310 2384//285 2240//284
f 2379//369 2380//280 2385//285
f 2379//369 2385//285 2381//373
f 2381//373 2385//285 2386//373
f 2381//373 2386//373 2382//551
f 2382//551 2386//373 2387//373
f 2382//551 2387//373 2383//552
f 2383//552 2387//373 2388//373
f 2383//552 2388//373 2384//285
f 2384//285 2388//373 2389//285
f 2240//284 2384//285 2242//285
f 2242//285 2384//285 2389//285
f 2242//285 2389//285 2390//285
f 2390//285 2389//285 2391//553
f 2242//285 2390//285 2243//285
f 2243//285 2390//285 2392//285
f 2243//285 2392//285 2244//522
f 2390//285 2391//553 2393//362
f 2390//285 2393//362 2392//285
f 2392//285 2393//362 2394//400
f 2245//20 2244//522 2395//554
f 2395//554 2244//522 2392//285
f 2395//554 2392//285 2394//400
f 2245//20 2395//554 2247//83
f 2247//83 2395//554 2396//555
f 2247//83 2396//555 2248//523
f 2248//523 2396//555 2397//102
f 2248//523 2397//102 2249//103
f 2249//103 2397//102 2398//178
f 2249//103 2398//178 2250//22
f 2250//22 2398//178 2399//124
f 2250//22 2399//124 2251//149
f 2251//149 2399//124 2400//556
f 2251//149 2400//556 2252//524
f 2252//524 2400//556 2401//557
f 2252//524 2401//557 2402//558
f 2252//524 2402//558 2253//525
f 2256//397 2255//157 2403//559
f 2403//559 2255//157 2402//558
f 2403//559 2402//558 2401//557
f 2255//157 2253//525 2402//558
f 2256//397 2403//559 2257//452
f 2257//452 2403//559 2404//560
f 2257//452 2404//560 2258//526
f 2258//526 2404//560 2405//284
f 2258//526 2405//284 2406//473
f 2258//526 2406//473 2259//284
f 2261//21 2407//21 2262//23
f 2262//23 2407//21 2408//23
f 2262//23 2408//23 2263//103
f 2263//103 2408//23 2409//103
f 2406//473 2405//284 2410//400
f 2259//284 2406//473 2264//497
f 2264//497 2406//473 2410//400
f 2264//497 2410//400 2411//368
f 2264//497 2411//368 2265//103
f 2265//103 2411//368 2412//362
f 2265//103 2412//362 2266//451
f 2266//451 2412//362 2413//284
f 2266//451 2413//284 2414//285
f 2266//451 2414//285 2267//368
f 2267//368 2414//285 2415//373
f 2267//368 2415//373 2268//368
f 2268//368 2415//373 2416//561
f 2268//368 2416//561 2269//528
f 2269//528 2416//561 2417//82
f 2269//528 2417//82 2418//21
f 2269//528 2418//21 2261//21
f 2261//21 2418//21 2407//21
f 2414//285 2413//284 2419//362
f 2414//285 2419//362 2415//373
f 2415//373 2419//362 2420//368
f 2415//373 2420//368 2416//561
f 2416//561 2420//368 2421//251
f 2416//561 2421//251 2417//82
f 2422//96 2423//2 2424//67
f 2270//67 2271//221 2422//96
f 2422//96 2271//221 2425//98
f 2422//96 2425//98 2423//2
f 2271//221 2272//77 2425//98
f 2425//98 2272//77 2426//77
f 2273//7 2274//24 2427//7
f 2427//7 2274//24 2428//69
f 2274//24 2275//111 2428//69
f 2428//69 2275//111 2422//96
f 2428//69 2422//96 2424//67
f 2275//111 2270//67 2422//96
f 2272//77 2277//224 2426//77
f 2426//77 2277//224 2429//562
f 2277//224 2278//529 2429//562
f 2429//562 2278//529 2430//563
f 2278//529 2280//5 2430//563
f 2430//563 2280//5 2431//25
f 2280//5 2281//6 2431//25
f 2431//25 2281//6 2432//77
f 2282//14 2273//7 2433//14
f 2433//14 2273//7 2427//7
f 2281//6 2284//6 2432//77
f 2432//77 2284//6 2434//77
f 2284//6 2285//13 2434//77
f 2434//77 2285//13 2435//89
f 2286//14 2282//14 2436//14
f 2436//14 2282//14 2433//14
f 2287//17 2437//18 2285//13
f 2285//13 2437//18 2435//89
f 2288//14 2286//14 2438//14
f 2438//14 2286//14 2436//14
f 2289//18 2439//18 2287//17
f 2287//17 2439//18 2437//18
f 2290//38 2288//14 2440//53
f 2440//53 2288//14 2438//14
f 2292//60 2441//19 2289//18
f 2289//18 2441//19 2439//18
f 2293//42 2290//38 2442//262
f 2442//262 2290//38 2440//53
f 2442//262 2440//53 2443//227
f 2442//262 2443//227 2444//227
f 2294//174 2445//21 2295//62
f 2295//62 2445//21 2446//21
f 2295//62 2446//21 2292//60
f 2292//60 2446//21 2441//19
f 2293//42 2442//262 2296//227
f 2296//227 2442//262 2297//227
f 2297//227 2442//262 2444//227
f 2297//227 2444//227 2447//214
f 2447//214 2444//227 2448//227
f 2447//214 2448//227 2449//228
f 2299//30 2450//30 2300//31
f 2300//31 2450//30 2451//131
f 2300//31 2451//131 2301//103
f 2301//103 2451//131 2452//103
f 2301//103 2452//103 2302//23
f 2302//23 2452//103 2453//23
f 2302//23 2453//23 2294//174
f 2294//174 2453//23 2445//21
f 2305//3 2304//105 2454//192
f 2454//192 2304//105 2455//564
f 2304//105 2306//13 2455//564
f 2455//564 2306//13 2456//565
f 2297//227 2447//214 2307//95
f 2307//95 2447//214 2308//145
f 2308//145 2447//214 2449//228
f 2308//145 2449//228 2457//65
f 2308//145 2457//65 2299//30
f 2299//30 2457//65 2450//30
f 2309//141 2310//126 2458//67
f 2458//67 2310//126 2459//221
f 2310//126 2311//77 2459//221
f 2459//221 2311//77 2460//77
f 2312//159 2305//3 2461//7
f 2461//7 2305//3 2454//192
f 2313//375 2462//13 2306//13
f 2306//13 2462//13 2456//565
f 2463//96 2464//97 2465//92
f 2314//530 2315//531 2463//96
f 2463//96 2315//531 2466//566
f 2463//96 2466//566 2464//97
f 2315//531 2317//150 2466//566
f 2466//566 2317//150 2467//2
f 2317//150 2309//141 2467//2
f 2467//2 2309//141 2458//67
f 2311//77 2318//126 2460//77
f 2460//77 2318//126 2468//126
f 2318//126 2312//159 2468//126
f 2468//126 2312//159 2461//7
f 2313//375 2319//25 2462//13
f 2462//13 2319//25 2469//5
f 2319//25 2320//25 2469//5
f 2469//5 2320//25 2470//567
f 2320//25 2321//26 2470//567
f 2470//567 2321//26 2471//468
f 2470//567 2471//468 2472//170
f 2324//92 2323//91 2471//468
f 2471//468 2323//91 2473//529
f 2471//468 2473//529 2472//170
f 2323//91 2325//46 2473//529
f 2473//529 2325//46 2474//468
f 2473//529 2474//468 2475//170
f 2328//92 2327//97 2474//468
f 2474//468 2327//97 2476//568
f 2474//468 2476//568 2475//170
f 2327//97 2330//5 2476//568
f 2476//568 2330//5 2477//569
f 2330//5 2331//6 2477//569
f 2477//569 2331//6 2478//570
f 2334//532 2333//126 2479//571
f 2333//126 2335//533 2479//571
f 2480//572 2481//2 2482//67
f 2338//234 2337//97 2480//572
f 2480//572 2337//97 2483//573
f 2480//572 2483//573 2481//2
f 2337//97 2340//535 2483//573
f 2483//573 2340//535 2463//96
f 2483//573 2463//96 2465//92
f 2340//535 2314//530 2463//96
f 2321//26 2341//536 2471//468
f 2341//536 2324//92 2471//468
f 2325//46 2342//442 2474//468
f 2342//442 2328//92 2474//468
f 2331//6 2343//135 2478//570
f 2478//570 2343//135 2484//570
f 2343//135 2344//537 2484//570
f 2484//570 2344//537 2485//547
f 2347//138 2346//538 2486//141
f 2486//141 2346//538 2487//574
f 2346//538 2334//532 2487//574
f 2487//574 2334//532 2479//571
f 2487//574 2479//571 2488//575
f 2335//533 2350//541 2479//571
f 2479//571 2350//541 2480//572
f 2479//571 2480//572 2488//575
f 2488//575 2480//572 2482//67
f 2350//541 2338//234 2480//572
f 2352//543 2489//543 2344//537
f 2344//537 2489//543 2485//547
f 2490//142 2491//233 2492//92
f 2354//275 2347//138 2490//142
f 2490//142 2347//138 2486//141
f 2490//142 2486//141 2491//233
f 2356//543 2493//543 2352//543
f 2352//543 2493//543 2489//543
f 2359//3 2358//2 2494//290
f 2494//290 2358//2 2495//99
f 2358//2 2361//544 2495//99
f 2495//99 2361//544 2490//142
f 2495//99 2490//142 2492//92
f 2361//544 2354//275 2490//142
f 2364//547 2496//576 2356//543
f 2356//543 2496//576 2493//543
f 2366//307 2359//3 2497//577
f 2497//577 2359//3 2494//290
f 2498//406 2499//578 2500//579
f 2498//406 2500//579 2501//580
f 2502//581 2503//578 2504//582
f 2502//581 2504//582 2505//583
f 2505//583 2504//582 2506//195
f 2505//583 2506//195 2507//584
f 2364//547 2368//548 2496//576
f 2496//576 2368//548 2508//585
f 2509//299 2510//383 2511//3
f 2509//299 2512//514 2510//383
f 2510//383 2512//514 2513//66
f 2370//276 2366//307 2512//514
f 2512//514 2366//307 2497//577
f 2512//514 2497//577 2513//66
f 2498//406 2514//586 2499//578
f 2498//406 2501//580 2514//586
f 2502//581 2515//569 2503//578
f 2502//581 2505//583 2515//569
f 2515//569 2505//583 2516//291
f 2505//583 2507//584 2516//291
f 2509//299 2511//3 2517//303
f 2517//303 2511//3 2518//492
f 2509//299 2517//303 2512//514
f 2512//514 2517//303 2519//303
f 2373//276 2370//276 2519//303
f 2519//303 2370//276 2512//514
f 2517//303 2518//492 2520//303
f 2520//303 2518//492 2521//492
f 2517//303 2520//303 2519//303
f 2519//303 2520//303 2522//303
f 2375//276 2373//276 2522//303
f 2522//303 2373//276 2519//303
f 2520//303 2521//492 2523//303
f 2523//303 2521//492 2524//492
f 2520//303 2523//303 2522//303
f 2522//303 2523//303 2525//303
f 2377//276 2375//276 2525//303
f 2525//303 2375//276 2522//303
f 2523//303 2524//492 2526//357
f 2526//357 2524//492 2527//390
f 2523//303 2526//357 2525//303
f 2525//303 2526//357 2528//501
f 2380//280 2377//276 2528//501
f 2528//501 2377//276 2525//303
f 2526//357 2527//390 2529//587
f 2526//357 2529//587 2528//501
f 2528//501 2529//587 2530//285
f 2380//280 2528//501 2385//285
f 2385//285 2528//501 2530//285
f 2385//285 2530//285 2531//500
f 2531//500 2530//285 2532//588
f 2385//285 2531//500 2386//373
f 2386//373 2531//500 2533//589
f 2386//373 2533//589 2387//373
f 2387//373 2533//589 2534//373
f 2387//373 2534//373 2388//373
f 2388//373 2534//373 2535//373
f 2388//373 2535//373 2389//285
f 2389//285 2535//373 2536//285
f 2389//285 2536//285 2391//553
f 2531//500 2532//588 2537//493
f 2537//493 2532//588 2538//390
f 2531//500 2537//493 2533//589
f 2533//589 2537//493 2539//590
f 2533//589 2539//590 2540//286
f 2533//589 2540//286 2534//373
f 2534//373 2540//286 2541//373
f 2534//373 2541//373 2535//373
f 2535//373 2541//373 2542//373
f 2535//373 2542//373 2536//285
f 2536//285 2542//373 2543//430
f 2391//553 2536//285 2393//362
f 2393//362 2536//285 2543//430
f 2393//362 2543//430 2544//591
f 2393//362 2544//591 2394//400
f 2394//400 2544//591 2545//284
f 2394//400 2545//284 2546//473
f 2394//400 2546//473 2395//554
f 2547//143 2548//30 2549//65
f 2547//143 2549//65 2550//144
f 2551//164 2552//72 2553//103
f 2551//164 2553//103 2554//592
f 2537//493 2538//390 2555//593
f 2537//493 2555//593 2539//590
f 2546//473 2545//284 2556//497
f 2395//554 2546//473 2396//555
f 2396//555 2546//473 2556//497
f 2396//555 2556//497 2557//131
f 2396//555 2557//131 2397//102
f 2397//102 2557//131 2548//30
f 2397//102 2548//30 2547//143
f 2397//102 2547//143 2398//178
f 2398//178 2547//143 2550//144
f 2398//178 2550//144 2558//136
f 2398//178 2558//136 2399//124
f 2399//124 2558//136 2552//72
f 2399//124 2552//72 2551//164
f 2399//124 2551//164 2400//556
f 2400//556 2551//164 2554//592
f 2400//556 2554//592 2559//14
f 2401//557 2400//556 2560//14
f 2560//14 2400//556 2559//14
f 2403//559 2401//557 2561//594
f 2561//594 2401//557 2560//14
f 2403//559 2561//594 2404//560
f 2404//560 2561//594 2562//595
f 2404//560 2562//595 2563//473
f 2404//560 2563//473 2405//284
f 2407//21 2564//21 2408//23
f 2408//23 2564//21 2565//23
f 2408//23 2565//23 2409//103
f 2409//103 2565//23 2566//103
f 2563//473 2562//595 2567//391
f 2405//284 2563//473 2410//400
f 2410//400 2563//473 2567//391
f 2410//400 2567//391 2568//285
f 2568//285 2567//391 2569//284
f 2410//400 2568//285 2411//368
f 2411//368 2568//285 2570//373
f 2411//368 2570//373 2412//362
f 2412//362 2570//373 2571//285
f 2412//362 2571//285 2413//284
f 2417//82 2572//21 2418//21
f 2418//21 2572//21 2573//21
f 2418//21 2573//21 2407//21
f 2407//21 2573//21 2564//21
f 2568//285 2569//284 2574//362
f 2568//285 2574//362 2570//373
f 2570//373 2574//362 2575//368
f 2570//373 2575//368 2571//285
f 2571//285 2575//368 2576//451
f 2413//284 2571//285 2419//362
f 2419//362 2571//285 2576//451
f 2419//362 2576//451 2577//103
f 2419//362 2577//103 2420//368
f 2420//368 2577//103 2578//103
f 2420//368 2578//103 2421//251
f 2421//251 2578//103 2579//23
f 2421//251 2579//23 2417//82
f 2417//82 2579//23 2572//21
f 2424//67 2423//2 2580//125
f 2580//125 2423//2 2581//24
f 2423//2 2425//98 2581//24
f 2581//24 2425//98 2582//25
f 2425//98 2426//77 2582//25
f 2582//25 2426//77 2583//596
f 2427//7 2428//69 2584//290
f 2584//290 2428//69 2585//125
f 2428//69 2424//67 2585//125
f 2585//125 2424//67 2580//125
f 2426//77 2429//562 2583//596
f 2583//596 2429//562 2586//597
f 2583//596 2586//597 2587//245
f 2429//562 2430//563 2586//597
f 2586//597 2430//563 2588//598
f 2586//597 2588//598 2589//125
f 2430//563 2431//25 2588//598
f 2588//598 2431//25 2590//151
f 2431//25 2432//77 2590//151
f 2590//151 2432//77 2591//26
f 2433//14 2427//7 2592//599
f 2592//599 2427//7 2584//290
f 2586//597 2593//126 2587//245
f 2586//597 2589//125 2593//126
f 2432//77 2434//77 2591//26
f 2591//26 2434//77 2594//6
f 2434//77 2435//89 2594//6
f 2594//6 2435//89 2595//27
f 2436//14 2433//14 2596//14
f 2596//14 2433//14 2592//599
f 2437//18 2597//18 2435//89
f 2435//89 2597//18 2595//27
f 2438//14 2436//14 2598//14
f 2598//14 2436//14 2596//14
f 2439//18 2599//18 2437//18
f 2437//18 2599//18 2597//18
f 2440//53 2438//14 2600//20
f 2600//20 2438//14 2598//14
f 2441//19 2601//19 2439//18
f 2439//18 2601//19 2599//18
f 2440//53 2600//20 2443//227
f 2443//227 2600//20 2602//149
f 2443//227 2602//149 2444//227
f 2444//227 2602//149 2603//149
f 2445//21 2604//21 2446//21
f 2446//21 2604//21 2605//21
f 2446//21 2605//21 2441//19
f 2441//19 2605//21 2601//19
f 2444//227 2603//149 2448//227
f 2448//227 2603//149 2606//212
f 2448//227 2606//212 2449//228
f 2449//228 2606//212 2607//176
f 2449//228 2607//176 2608//164
f 2450//30 2608//164 2451//131
f 2451//131 2608//164 2607//176
f 2451//131 2607//176 2609//103
f 2451//131 2609//103 2452//103
f 2452//103 2609//103 2610//103
f 2452//103 2610//103 2453//23
f 2453//23 2610//103 2611//23
f 2453//23 2611//23 2445//21
f 2445//21 2611//23 2604//21
f 2454//192 2455//564 2612//600
f 2455//564 2456//565 2612//600
f 2449//228 2608//164 2457//65
f 2457//65 2608//164 2450//30
f 2613//66 2614//2 2615//67
f 2613//66 2616//601 2614//2
f 2614//2 2616//601 2617//170
f 2458//67 2459//221 2616//601
f 2616//601 2459//221 2618//98
f 2616//601 2618//98 2617//170
f 2459//221 2460//77 2618//98
f 2618//98 2460//77 2619//77
f 2461//7 2454//192 2620//602
f 2620//602 2454//192 2612//600
f 2620//602 2612//600 2621//603
f 2462//13 2622//604 2456//565
f 2456//565 2622//604 2623//605
f 2456//565 2623//605 2612//600
f 2612//600 2623//605 2621//603
f 2622//604 2624//6 2623//605
f 2625//96 2626//2 2627//67
f 2465//92 2464//97 2625//96
f 2625//96 2464//97 2628//606
f 2625//96 2628//606 2626//2
f 2464//97 2466//566 2628//606
f 2628//606 2466//566 2613//66
f 2628//606 2613//66 2615//67
f 2466//566 2467//2 2613//66
f 2613//66 2467//2 2616//601
f 2467//2 2458//67 2616//601
f 2460//77 2468//126 2619//77
f 2619//77 2468//126 2629//126
f 2468//126 2461//7 2629//126
f 2629//126 2461//7 2620//602
f 2462//13 2469//5 2622//604
f 2469//5 2470//567 2622//604
f 2622//604 2470//567 2630//607
f 2622//604 2630//607 2624//6
f 2470//567 2472//170 2630//607
f 2630//607 2472//170 2631//126
f 2472//170 2473//529 2631//126
f 2631//126 2473//529 2632//126
f 2473//529 2475//170 2632//126
f 2632//126 2475//170 2633//608
f 2475//170 2476//568 2633//608
f 2633//608 2476//568 2634//609
f 2633//608 2634//609 2635//570
f 2476//568 2477//569 2634//609
f 2634//609 2477//569 2636//609
f 2477//569 2478//570 2636//609
f 2637//137 2638//105 2639//138
f 2637//137 2640//46 2638//105
f 2482//67 2481//2 2641//67
f 2641//67 2481//2 2642//610
f 2481//2 2483//573 2642//610
f 2642//610 2483//573 2625//96
f 2642//610 2625//96 2627//67
f 2483//573 2465//92 2625//96
f 2634//609 2643//611 2635//570
f 2634//609 2636//609 2643//611
f 2643//611 2636//609 2644//609
f 2478//570 2484//570 2636//609
f 2636//609 2484//570 2645//612
f 2636//609 2645//612 2644//609
f 2644//609 2645//612 2646//612
f 2484//570 2485//547 2645//612
f 2486//141 2487//574 2647//139
f 2647//139 2487//574 2637//137
f 2647//139 2637//137 2639//138
f 2487//574 2488//575 2637//137
f 2637//137 2488//575 2648//613
f 2637//137 2648//613 2640//46
f 2488//575 2482//67 2648//613
f 2648//613 2482//67 2641//67
f 2645//612 2649//258 2646//612
f 2646//612 2649//258 2650//614
f 2489//543 2649//258 2485//547
f 2485//547 2649//258 2645//612
f 2651//85 2652//2 2653//138
f 2492//92 2491//233 2651//85
f 2651//85 2491//233 2654//615
f 2651//85 2654//615 2652//2
f 2491//233 2486//141 2654//615
f 2654//615 2486//141 2647//139
f 2655//616 2656//617 2657//582
f 2655//616 2657//582 2658//618
f 2658//618 2657//582 2659//619
f 2658//618 2659//619 2660//620
f 2660//620 2659//619 2650//614
f 2660//620 2650//614 2649//258
f 2493//543 2660//620 2489//543
f 2489//543 2660//620 2649//258
f 2494//290 2495//99 2661//413
f 2661//413 2495//99 2651//85
f 2661//413 2651//85 2653//138
f 2495//99 2492//92 2651//85
f 2662//164 2663//205 2664//65
f 2662//164 2664//65 2665//621
f 2666//71 2667//205 2668//622
f 2666//71 2668//622 2669//623
f 2669//623 2668//622 2656//617
f 2669//623 2656//617 2655//616
f 2655//616 2658//618 2669//623
f 2669//623 2658//618 2670//624
f 2658//618 2660//620 2670//624
f 2670//624 2660//620 2671//625
f 2496//576 2671//625 2493//543
f 2493//543 2671//625 2660//620
f 2672//1 2673//383 2674//3
f 2672//1 2675//534 2673//383
f 2673//383 2675//534 2676//66
f 2497//577 2494//290 2675//534
f 2675//534 2494//290 2661//413
f 2675//534 2661//413 2676//66
f 2499//578 2677//626 2500//579
f 2500//579 2677//626 2663//205
f 2500//579 2663//205 2662//164
f 2500//579 2662//164 2501//580
f 2501//580 2662//164 2665//621
f 2501//580 2665//621 2678//198
f 2503//578 2679//627 2504//582
f 2504//582 2679//627 2667//205
f 2504//582 2667//205 2666//71
f 2504//582 2666//71 2506//195
f 2506//195 2666//71 2669//623
f 2506//195 2669//623 2507//584
f 2507//584 2669//623 2670//624
f 2507//584 2670//624 2680//628
f 2670//624 2671//625 2680//628
f 2680//628 2671//625 2681//629
f 2496//576 2508//585 2671//625
f 2671//625 2508//585 2682//630
f 2671//625 2682//630 2681//629
f 2511//3 2510//383 2683//9
f 2683//9 2510//383 2672//1
f 2683//9 2672//1 2674//3
f 2510//383 2513//66 2672//1
f 2672//1 2513//66 2675//534
f 2513//66 2497//577 2675//534
f 2684//406 2685//578 2686//579
f 2684//406 2686//579 2687//584
f 2688//581 2689//258 2690//631
f 2499//578 2514//586 2677//626
f 2677//626 2514//586 2691//632
f 2677//626 2691//632 2690//631
f 2690//631 2691//632 2688//581
f 2514//586 2501//580 2691//632
f 2691//632 2501//580 2678//198
f 2691//632 2678//198 2692//633
f 2503//578 2515//569 2679//627
f 2679//627 2515//569 2693//562
f 2515//569 2516//291 2693//562
f 2693//562 2516//291 2694//634
f 2516//291 2507//584 2694//634
f 2694//634 2507//584 2680//628
f 2694//634 2680//628 2695//635
f 2680//628 2681//629 2695//635
f 2695//635 2681//629 2696//635
f 2681//629 2682//630 2696//635
f 2696//635 2682//630 2697//635
f 2518//492 2511//3 2698//177
f 2698//177 2511//3 2683//9
f 2684//406 2699//564 2685//578
f 2684//406 2687//584 2699//564
f 2688//581 2700//609 2689//258
f 2688//581 2691//632 2700//609
f 2700//609 2691//632 2701//603
f 2691//632 2692//633 2701//603
f 2521//492 2518//492 2702//492
f 2702//492 2518//492 2698//177
f 2524//492 2521//492 2703//599
f 2703//599 2521//492 2702//492
f 2527//390 2524//492 2704//594
f 2704//594 2524//492 2703//599
f 2527//390 2704//594 2529//587
f 2529//587 2704//594 2705//595
f 2529//587 2705//595 2706//285
f 2529//587 2706//285 2530//285
f 2530//285 2706//285 2707//285
f 2530//285 2707//285 2532//588
f 2706//285 2705//595 2708//587
f 2706//285 2708//587 2707//285
f 2707//285 2708//587 2709//636
f 2538//390 2532//588 2710//637
f 2710//637 2532//588 2707//285
f 2710//637 2707//285 2709//636
f 2539//590 2711//286 2540//286
f 2540//286 2711//286 2541//373
f 2541//373 2711//286 2712//373
f 2541//373 2712//373 2542//373
f 2542//373 2712//373 2713//561
f 2542//373 2713//561 2543//430
f 2543//430 2713//561 2714//638
f 2543//430 2714//638 2715//289
f 2543//430 2715//289 2544//591
f 2544//591 2715//289 2716//284
f 2544//591 2716//284 2717//473
f 2544//591 2717//473 2545//284
f 2548//30 2718//21 2549//65
f 2549//65 2718//21 2719//103
f 2549//65 2719//103 2550//144
f 2550//144 2719//103 2720//149
f 2552//72 2721//373 2553//103
f 2553//103 2721//373 2554//592
f 2538//390 2710//637 2555//593
f 2555//593 2710//637 2722//595
f 2555//593 2722//595 2723//373
f 2555//593 2723//373 2539//590
f 2539//590 2723//373 2724//62
f 2539//590 2724//62 2711//286
f 2711//286 2724//62 2725//639
f 2711//286 2725//639 2712//373
f 2712//373 2725//639 2726//368
f 2712//373 2726//368 2713//561
f 2713//561 2726//368 2727//251
f 2713//561 2727//251 2714//638
f 2717//473 2716//284 2728//497
f 2545//284 2717//473 2556//497
f 2556//497 2717//473 2728//497
f 2556//497 2728//497 2729//103
f 2556//497 2729//103 2557//131
f 2557//131 2729//103 2730//23
f 2557//131 2730//23 2548//30
f 2548//30 2730//23 2718//21
f 2550//144 2720//149 2558//136
f 2558//136 2720//149 2731//83
f 2558//136 2731//83 2552//72
f 2552//72 2731//83 2732//640
f 2552//72 2732//640 2721//373
f 2559//14 2554//592 2733//641
f 2733//641 2554//592 2721//373
f 2733//641 2721//373 2732//640
f 2723//373 2722//595 2734//496
f 2723//373 2734//496 2724//62
f 2560//14 2559//14 2735//492
f 2735//492 2559//14 2733//641
f 2561//594 2560//14 2736//492
f 2736//492 2560//14 2735//492
f 2562//595 2561//594 2737//642
f 2737//642 2561//594 2736//492
f 2564//21 2738//21 2565//23
f 2565//23 2738//21 2739//23
f 2565//23 2739//23 2566//103
f 2566//103 2739//23 2740//103
f 2562//595 2737//642 2567//391
f 2567//391 2737//642 2741//595
f 2567//391 2741//595 2742//473
f 2567//391 2742//473 2569//284
f 2572//21 2743//21 2573//21
f 2573//21 2743//21 2744//21
f 2573//21 2744//21 2564//21
f 2564//21 2744//21 2738//21
f 2742//473 2741//595 2745//643
f 2569//284 2742//473 2574//362
f 2574//362 2742//473 2745//643
f 2574//362 2745//643 2746//368
f 2574//362 2746//368 2575//368
f 2575//368 2746//368 2747//368
f 2575//368 2747//368 2576//451
f 2576//451 2747//368 2748//368
f 2576//451 2748//368 2577//103
f 2577//103 2748//368 2749//368
f 2577//103 2749//368 2578//103
f 2578//103 2749//368 2750//477
f 2578//103 2750//477 2579//23
f 2579//23 2750//477 2751//23
f 2579//23 2751//23 2572//21
f 2572//21 2751//23 2743//21
f 2580//125 2581//24 2752//125
f 2752//125 2581//24 2753//24
f 2581//24 2582//25 2753//24
f 2753//24 2582//25 2754//168
f 2582//25 2583//596 2754//168
f 2754//168 2583//596 2755//644
f 2754//168 2755//644 2756//170
f 2755//644 2757//645 2756//170
f 2756//170 2757//645 2758//5
f 2757//645 2759//46 2758//5
f 2584//290 2585//125 2760//646
f 2760//646 2585//125 2761//125
f 2585//125 2580//125 2761//125
f 2761//125 2580//125 2752//125
f 2587//245 2762//647 2583//596
f 2583//596 2762//647 2755//644
f 2589//125 2588//598 2762//647
f 2762//647 2588//598 2757//645
f 2762//647 2757//645 2755//644
f 2588//598 2590//151 2757//645
f 2757//645 2590//151 2763//648
f 2757//645 2763//648 2759//46
f 2590//151 2591//26 2763//648
f 2763//648 2591//26 2764//34
f 2763//648 2764//34 2765//35
f 2764//34 2766//13 2765//35
f 2767//418 2768//125 2769//14
f 2592//599 2584//290 2767//418
f 2767//418 2584//290 2760//646
f 2767//418 2760//646 2768//125
f 2587//245 2593//126 2762//647
f 2593//126 2589//125 2762//647
f 2591//26 2594//6 2764//34
f 2594//6 2595//27 2764//34
f 2764//34 2595//27 2770//17
f 2764//34 2770//17 2766//13
f 2767//418 2769//14 2771//149
f 2596//14 2592//599 2772//649
f 2772//649 2592//599 2767//418
f 2772//649 2767//418 2771//149
f 2597//18 2773//18 2595//27
f 2595//27 2773//18 2770//17
f 2598//14 2596//14 2774//14
f 2774//14 2596//14 2772//649
f 2599//18 2775//18 2597//18
f 2597//18 2775//18 2773//18
f 2600//20 2598//14 2776//20
f 2776//20 2598//14 2774//14
f 2601//19 2777//19 2599//18
f 2599//18 2777//19 2775//18
f 2600//20 2776//20 2602//149
f 2602//149 2776//20 2778//149
f 2602//149 2778//149 2603//149
f 2603//149 2778//149 2779//154
f 2604//21 2780//21 2605//21
f 2605//21 2780//21 2781//21
f 2605//21 2781//21 2601//19
f 2601//19 2781//21 2777//19
f 2603//149 2779//154 2606//212
f 2606//212 2779//154 2782//95
f 2606//212 2782//95 2607//176
f 2607//176 2782//95 2783//178
f 2607//176 2783//178 2609//103
f 2609//103 2783//178 2784//103
f 2609//103 2784//103 2610//103
f 2610//103 2784//103 2785//103
f 2610//103 2785//103 2611//23
f 2611//23 2785//103 2786//23
f 2611//23 2786//23 2604//21
f 2604//21 2786//23 2780//21
f 2615//67 2614//2 2787//125
f 2787//125 2614//2 2788//24
f 2614//2 2617//170 2788//24
f 2788//24 2617//170 2789//126
f 2617//170 2618//98 2789//126
f 2789//126 2618//98 2790//25
f 2618//98 2619//77 2790//25
f 2790//25 2619//77 2791//77
f 2620//602 2621//603 2792//650
f 2621//603 2623//605 2792//650
f 2792//650 2623//605 2793//651
f 2792//650 2793//651 2794//193
f 2623//605 2624//6 2793//651
f 2793//651 2624//6 2795//77
f 2627//67 2626//2 2796//67
f 2796//67 2626//2 2797//76
f 2626//2 2628//606 2797//76
f 2797//76 2628//606 2798//24
f 2628//606 2615//67 2798//24
f 2798//24 2615//67 2787//125
f 2619//77 2629//126 2791//77
f 2791//77 2629//126 2799//652
f 2629//126 2620//602 2799//652
f 2799//652 2620//602 2792//650
f 2799//652 2792//650 2800//653
f 2792//650 2794//193 2800//653
f 2624//6 2630//607 2795//77
f 2795//77 2630//607 2801//25
f 2630//607 2631//126 2801//25
f 2801//25 2631//126 2802//126
f 2631//126 2632//126 2802//126
f 2802//126 2632//126 2803//126
f 2632//126 2633//608 2803//126
f 2803//126 2633//608 2804//654
f 2633//608 2635//570 2804//654
f 2804//654 2635//570 2805//655
f 2639//138 2638//105 2806//141
f 2806//141 2638//105 2807//146
f 2638//105 2640//46 2807//146
f 2807//146 2640//46 2808//468
f 2807//146 2808//468 2809//170
f 2641//67 2642//610 2808//468
f 2808//468 2642//610 2810//615
f 2808//468 2810//615 2809//170
f 2642//610 2627//67 2810//615
f 2810//615 2627//67 2796//67
f 2635//570 2643//611 2805//655
f 2805//655 2643//611 2811//656
f 2805//655 2811//656 2812//258
f 2643//611 2644//609 2811//656
f 2811//656 2644//609 2813//657
f 2644//609 2646//612 2813//657
f 2814//142 2815//67 2816//67
f 2647//139 2639//138 2814//142
f 2814//142 2639//138 2806//141
f 2814//142 2806//141 2815//67
f 2640//46 2648//613 2808//468
f 2648//613 2641//67 2808//468
f 2811//656 2817//658 2812//258
f 2812//258 2817//658 2818//659
f 2811//656 2813//657 2817//658
f 2817//658 2813//657 2819//616
f 2650//614 2819//616 2646//612
f 2646//612 2819//616 2813//657
f 2653//138 2652//2 2820//530
f 2820//530 2652//2 2821//610
f 2652//2 2654//615 2821//610
f 2821//610 2654//615 2814//142
f 2821//610 2814//142 2816//67
f 2654//615 2647//139 2814//142
f 2822//660 2823//260 2824//661
f 2822//660 2824//661 2825//42
f 2656//617 2826//185 2657//582
f 2657//582 2826//185 2818//659
f 2657//582 2818//659 2817//658
f 2657//582 2817//658 2659//619
f 2659//619 2817//658 2819//616
f 2659//619 2819//616 2650//614
f 2827//1 2828//2 2829//138
f 2827//1 2830//534 2828//2
f 2828//2 2830//534 2831//535
f 2661//413 2653//138 2830//534
f 2830//534 2653//138 2820//530
f 2830//534 2820//530 2831//535
f 2822//660 2832//406 2823//260
f 2823//260 2832//406 2833//258
f 2822//660 2825//42 2832//406
f 2832//406 2825//42 2834//662
f 2663//205 2835//663 2664//65
f 2664//65 2835//663 2836//136
f 2664//65 2836//136 2665//621
f 2665//621 2836//136 2837//664
f 2667//205 2838//663 2668//622
f 2668//622 2838//663 2839//30
f 2668//622 2839//30 2656//617
f 2656//617 2839//30 2826//185
f 2674//3 2673//383 2840//665
f 2840//665 2673//383 2827//1
f 2840//665 2827//1 2829//138
f 2673//383 2676//66 2827//1
f 2827//1 2676//66 2830//534
f 2676//66 2661//413 2830//534
f 2832//406 2841//666 2833//258
f 2833//258 2841//666 2842//659
f 2832//406 2834//662 2841//666
f 2841//666 2834//662 2843//667
f 2841//666 2843//667 2844//668
f 2844//668 2843//667 2845//669
f 2677//626 2846//29 2663//205
f 2663//205 2846//29 2835//663
f 2678//198 2665//621 2847//670
f 2847//670 2665//621 2837//664
f 2679//627 2848//671 2667//205
f 2667//205 2848//671 2838//663
f 2683//9 2674//3 2849//492
f 2849//492 2674//3 2840//665
f 2685//578 2850//672 2686//579
f 2686//579 2850//672 2842//659
f 2686//579 2842//659 2841//666
f 2686//579 2841//666 2687//584
f 2687//584 2841//666 2844//668
f 2687//584 2844//668 2851//673
f 2689//258 2851//673 2690//631
f 2690//631 2851//673 2844//668
f 2690//631 2844//668 2852//674
f 2852//674 2844//668 2845//669
f 2690//631 2852//674 2677//626
f 2677//626 2852//674 2846//29
f 2692//633 2678//198 2853//198
f 2853//198 2678//198 2847//670
f 2679//627 2693//562 2848//671
f 2848//671 2693//562 2854//675
f 2848//671 2854//675 2855//547
f 2693//562 2694//634 2854//675
f 2854//675 2694//634 2856//635
f 2694//634 2695//635 2856//635
f 2856//635 2695//635 2857//635
f 2695//635 2696//635 2857//635
f 2857//635 2696//635 2858//635
f 2696//635 2697//635 2858//635
f 2858//635 2697//635 2859//635
f 2698//177 2683//9 2860//577
f 2860//577 2683//9 2849//492
f 2685//578 2699//564 2850//672
f 2850//672 2699//564 2861//676
f 2699//564 2687//584 2861//676
f 2861//676 2687//584 2851//673
f 2861//676 2851//673 2862//677
f 2689//258 2700//609 2851//673
f 2851//673 2700//609 2863//609
f 2851//673 2863//609 2862//677
f 2862//677 2863//609 2864//570
f 2700//609 2701//603 2863//609
f 2863//609 2701//603 2865//678
f 2701//603 2692//633 2865//678
f 2865//678 2692//633 2853//198
f 2865//678 2853//198 2866//236
f 2854//675 2867//611 2855//547
f 2854//675 2856//635 2867//611
f 2867//611 2856//635 2868//635
f 2856//635 2857//635 2868//635
f 2868//635 2857//635 2869//679
f 2857//635 2858//635 2869//679
f 2869//679 2858//635 2870//680
f 2858//635 2859//635 2870//680
f 2870//680 2859//635 2871//680
f 2872//681 2873//157 2874//3
f 2702//492 2698//177 2872//681
f 2872//681 2698//177 2860//577
f 2872//681 2860//577 2873//157
f 2863//609 2875//611 2864//570
f 2863//609 2865//678 2875//611
f 2875//611 2865//678 2876//653
f 2865//678 2866//236 2876//653
f 2872//681 2874//3 2877//280
f 2877//280 2874//3 2878//390
f 2703//599 2702//492 2877//280
f 2877//280 2702//492 2872//681
f 2877//280 2878//390 2879//391
f 2704//594 2703//599 2880//641
f 2880//641 2703//599 2877//280
f 2880//641 2877//280 2879//391
f 2705//595 2704//594 2881//682
f 2881//682 2704//594 2880//641
f 2705//595 2881//682 2708//587
f 2708//587 2881//682 2882//472
f 2708//587 2882//472 2883//455
f 2708//587 2883//455 2709//636
f 2709//636 2883//455 2884//683
f 2709//636 2884//683 2885//496
f 2709//636 2885//496 2710//637
f 2710//637 2885//496 2886//684
f 2714//638 2887//373 2715//289
f 2715//289 2887//373 2716//284
f 2718//21 2888//21 2719//103
f 2719//103 2888//21 2889//103
f 2719//103 2889//103 2720//149
f 2720//149 2889//103 2890//154
f 2883//455 2882//472 2891//373
f 2883//455 2891//373 2884//683
f 2722//595 2710//637 2892//20
f 2892//20 2710//637 2886//684
f 2724//62 2893//21 2725//639
f 2725//639 2893//21 2894//23
f 2725//639 2894//23 2726//368
f 2726//368 2894//23 2895//103
f 2726//368 2895//103 2727//251
f 2727//251 2895//103 2896//456
f 2727//251 2896//456 2714//638
f 2714//638 2896//456 2897//523
f 2714//638 2897//523 2887//373
f 2716//284 2887//373 2728//497
f 2728//497 2887//373 2897//523
f 2728//497 2897//523 2898//103
f 2728//497 2898//103 2729//103
f 2729//103 2898//103 2899//103
f 2729//103 2899//103 2730//23
f 2730//23 2899//103 2900//23
f 2730//23 2900//23 2718//21
f 2718//21 2900//23 2888//21
f 2720//149 2890//154 2731//83
f 2731//83 2890//154 2901//685
f 2731//83 2901//685 2732//640
f 2732//640 2901//685 2902//686
f 2732//640 2902//686 2903//280
f 2732//640 2903//280 2733//641
f 2722//595 2892//20 2734//496
f 2734//496 2892//20 2904//103
f 2734//496 2904//103 2724//62
f 2724//62 2904//103 2893//21
f 2903//280 2902//686 2905//276
f 2905//276 2902//686 2906//492
f 2735//492 2733//641 2905//276
f 2905//276 2733//641 2903//280
f 2905//276 2906//492 2907//276
f 2907//276 2906//492 2908//492
f 2736//492 2735//492 2907//276
f 2907//276 2735//492 2905//276
f 2907//276 2908//492 2909//280
f 2909//280 2908//492 2910//390
f 2737//642 2736//492 2909//280
f 2909//280 2736//492 2907//276
f 2738//21 2911//30 2739//23
f 2739//23 2911//30 2912//131
f 2739//23 2912//131 2740//103
f 2740//103 2912//131 2913//687
f 2909//280 2910//390 2914//391
f 2741//595 2737//642 2915//420
f 2915//420 2737//642 2909//280
f 2915//420 2909//280 2914//391
f 2743//21 2916//21 2744//21
f 2744//21 2916//21 2917//179
f 2744//21 2917//179 2738//21
f 2738//21 2917//179 2911//30
f 2741//595 2915//420 2745//643
f 2745//643 2915//420 2918//472
f 2745//643 2918//472 2919//285
f 2745//643 2919//285 2746//368
f 2746//368 2919//285 2920//373
f 2746//368 2920//373 2747//368
f 2747//368 2920//373 2921//373
f 2747//368 2921//373 2748//368
f 2748//368 2921//373 2922//373
f 2748//368 2922//373 2749//368
f 2749//368 2922//373 2923//561
f 2749//368 2923//561 2750//477
f 2750//477 2923//561 2924//82
f 2750//477 2924//82 2925//23
f 2750//477 2925//23 2751//23
f 2751//23 2925//23 2926//23
f 2751//23 2926//23 2743//21
f 2743//21 2926//23 2916//21
f 2919//285 2918//472 2927//362
f 2919//285 2927//362 2920//373
f 2920//373 2927//362 2928//368
f 2920//373 2928//368 2921//373
f 2921//373 2928//368 2929//368
f 2921//373 2929//368 2922//373
f 2922//373 2929//368 2930//368
f 2922//373 2930//368 2923//561
f 2923//561 2930//368 2931//251
f 2923//561 2931//251 2924//82
f 2752//125 2753//24 2932//125
f 2932//125 2753//24 2933//24
f 2753//24 2754//168 2933//24
f 2933//24 2754//168 2934//126
f 2754//168 2756//170 2934//126
f 2934//126 2756//170 2935//126
f 2756//170 2758//5 2935//126
f 2935//126 2758//5 2936//168
f 2758//5 2759//46 2936//168
f 2936//168 2759//46 2937//133
f 2936//168 2937//133 2938//5
f 2937//133 2939//6 2938//5
f 2760//646 2761//125 2940//688
f 2940//688 2761//125 2941//125
f 2761//125 2752//125 2941//125
f 2941//125 2752//125 2932//125
f 2759//46 2763//648 2937//133
f 2763//648 2765//35 2937//133
f 2937//133 2765//35 2942//135
f 2937//133 2942//135 2939//6
f 2765//35 2766//13 2942//135
f 2942//135 2766//13 2943//181
f 2769//14 2768//125 2944//689
f 2768//125 2760//646 2944//689
f 2944//689 2760//646 2940//688
f 2944//689 2940//688 2945//381
f 2770//17 2946//113 2766//13
f 2766//13 2946//113 2943//181
f 2769//14 2944//689 2771//149
f 2771//149 2944//689 2772//649
f 2772//649 2944//689 2945//381
f 2772//649 2945//381 2947//177
f 2773//18 2948//148 2770//17
f 2770//17 2948//148 2946//113
f 2774//14 2772//649 2949//690
f 2949//690 2772//649 2947//177
f 2775//18 2950//18 2773//18
f 2773//18 2950//18 2948//148
f 2776//20 2774//14 2951//42
f 2951//42 2774//14 2949//690
f 2777//19 2952//19 2775//18
f 2775//18 2952//19 2950//18
f 2776//20 2951//42 2778//149
f 2778//149 2951//42 2953//230
f 2778//149 2953//230 2779//154
f 2779//154 2953//230 2954//218
f 2779//154 2954//218 2955//214
f 2955//214 2954//218 2956//144
f 2780//21 2957//21 2781//21
f 2781//21 2957//21 2958//21
f 2781//21 2958//21 2777//19
f 2777//19 2958//21 2952//19
f 2779//154 2955//214 2782//95
f 2782//95 2955//214 2783//178
f 2783//178 2955//214 2956//144
f 2783//178 2956//144 2959//22
f 2783//178 2959//22 2784//103
f 2784//103 2959//22 2960//103
f 2784//103 2960//103 2785//103
f 2785//103 2960//103 2961//103
f 2785//103 2961//103 2786//23
f 2786//23 2961//103 2962//23
f 2786//23 2962//23 2780//21
f 2780//21 2962//23 2957//21
f 2787//125 2788//24 2963//125
f 2963//125 2788//24 2964//24
f 2788//24 2789//126 2964//24
f 2964//24 2789//126 2965//126
f 2789//126 2790//25 2965//126
f 2965//126 2790//25 2966//654
f 2790//25 2791//77 2966//654
f 2966//654 2791//77 2967//691
f 2794//193 2793//651 2968//125
f 2968//125 2793//651 2969//126
f 2793//651 2795//77 2969//126
f 2969//126 2795//77 2970//77
f 2971//96 2972//2 2973//67
f 2796//67 2797//76 2971//96
f 2971//96 2797//76 2974//86
f 2971//96 2974//86 2972//2
f 2797//76 2798//24 2974//86
f 2974//86 2798//24 2975//24
f 2798//24 2787//125 2975//24
f 2975//24 2787//125 2963//125
f 2791//77 2799//652 2967//691
f 2967//691 2799//652 2976//692
f 2967//691 2976//692 2977//543
f 2799//652 2800//653 2976//692
f 2976//692 2800//653 2978//693
f 2976//692 2978//693 2979//694
f 2800//653 2794//193 2978//693
f 2978//693 2794//193 2968//125
f 2795//77 2801//25 2970//77
f 2970//77 2801//25 2980//25
f 2801//25 2802//126 2980//25
f 2980//25 2802//126 2981//126
f 2802//126 2803//126 2981//126
f 2981//126 2803//126 2982//695
f 2803//126 2804//654 2982//695
f 2982//695 2804//654 2983//612
f 2982//695 2983//612 2984//696
f 2804//654 2805//655 2983//612
f 2806//141 2807//146 2985//125
f 2985//125 2807//146 2986//24
f 2807//146 2809//170 2986//24
f 2986//24 2809//170 2987//106
f 2809//170 2810//615 2987//106
f 2987//106 2810//615 2971//96
f 2987//106 2971//96 2973//67
f 2810//615 2796//67 2971//96
f 2976//692 2988//406 2977//543
f 2977//543 2988//406 2989//543
f 2976//692 2979//694 2988//406
f 2988//406 2979//694 2990//208
f 2983//612 2991//258 2984//696
f 2984//696 2991//258 2992//543
f 2812//258 2991//258 2805//655
f 2805//655 2991//258 2983//612
f 2816//67 2815//67 2993//67
f 2993//67 2815//67 2994//127
f 2815//67 2806//141 2994//127
f 2994//127 2806//141 2985//125
f 2988//406 2995//697 2989//543
f 2989//543 2995//697 2996//543
f 2988//406 2990//208 2995//697
f 2995//697 2990//208 2997//698
f 2991//258 2998//258 2992//543
f 2992//543 2998//258 2999//543
f 2818//659 2998//258 2812//258
f 2812//258 2998//258 2991//258
f 3000//96 3001//97 3002//234
f 2820//530 2821//610 3000//96
f 3000//96 2821//610 3003//615
f 3000//96 3003//615 3001//97
f 2821//610 2816//67 3003//615
f 3003//615 2816//67 2993//67
f 2995//697 3004//699 2996//543
f 2996//543 3004//699 3005//543
f 2823//260 3004//699 2824//661
f 2824//661 3004//699 2995//697
f 2824//661 2995//697 3006//700
f 3006//700 2995//697 2997//698
f 2824//661 3006//700 2825//42
f 2825//42 3006//700 3007//684
f 2998//258 3008//260 2999//543
f 2999//543 3008//260 3009//701
f 2826//185 3008//260 2818//659
f 2818//659 3008//260 2998//258
f 2829//138 2828//2 3010//141
f 3010//141 2828//2 3011//99
f 2828//2 2831//535 3011//99
f 3011//99 2831//535 3000//96
f 3011//99 3000//96 3002//234
f 2831//535 2820//530 3000//96
f 3012//406 3013//578 3014//579
f 3012//406 3014//579 3015//580
f 3004//699 3016//258 3005//543
f 3005//543 3016//258 3017//543
f 2833//258 3016//258 2823//260
f 2823//260 3016//258 3004//699
f 2834//662 2825//42 3018//594
f 3018//594 2825//42 3007//684
f 3019//260 3020//29 3021//702
f 2835//663 3019//260 2836//136
f 2836//136 3019//260 3021//702
f 2836//136 3021//702 3022//703
f 2836//136 3022//703 2837//664
f 2837//664 3022//703 3023//704
f 2837//664 3023//704 3024//705
f 2838//663 3024//705 2839//30
f 2839//30 3024//705 3023//704
f 2839//30 3023//704 3008//260
f 3008//260 3023//704 3009//701
f 2839//30 3008//260 2826//185
f 3025//681 3026//67 3027//3
f 2840//665 2829//138 3025//681
f 3025//681 2829//138 3010//141
f 3025//681 3010//141 3026//67
f 3012//406 3028//586 3013//578
f 3012//406 3015//580 3028//586
f 3016//258 3029//258 3017//543
f 3017//543 3029//258 3030//543
f 2842//659 3029//258 2833//258
f 2833//258 3029//258 3016//258
f 2834//662 3018//594 2843//667
f 2843//667 3018//594 3031//595
f 2843//667 3031//595 3032//706
f 2843//667 3032//706 2845//669
f 2845//669 3032//706 3033//707
f 2845//669 3033//707 3034//708
f 3034//708 3033//707 3020//29
f 3034//708 3020//29 3019//260
f 2846//29 3034//708 2835//663
f 2835//663 3034//708 3019//260
f 2847//670 2837//664 3035//709
f 3035//709 2837//664 3024//705
f 2848//671 3035//709 2838//663
f 2838//663 3035//709 3024//705
f 3025//681 3027//3 3036//276
f 3036//276 3027//3 3037//492
f 2849//492 2840//665 3036//276
f 3036//276 2840//665 3025//681
f 3029//258 3038//710 3030//543
f 3030//543 3038//710 3039//547
f 2850//672 3038//710 2842//659
f 2842//659 3038//710 3029//258
f 3032//706 3031//595 3040//496
f 2845//669 3034//708 2852//674
f 3032//706 3040//496 3033//707
f 2852//674 3034//708 2846//29
f 2853//198 2847//670 3041//201
f 3041//201 2847//670 3035//709
f 3041//201 3035//709 3042//635
f 2855//547 3043//711 2848//671
f 2848//671 3043//711 3042//635
f 2848//671 3042//635 3035//709
f 3036//276 3037//492 3044//712
f 3044//712 3037//492 3045//492
f 2860//577 2849//492 3044//712
f 3044//712 2849//492 3036//276
f 3038//710 3046//713 3039//547
f 2850//672 2861//676 3038//710
f 3038//710 2861//676 3047//714
f 3038//710 3047//714 3046//713
f 2861//676 2862//677 3047//714
f 3047//714 2862//677 3048//654
f 2862//677 2864//570 3048//654
f 3048//654 2864//570 3049//691
f 2866//236 2853//198 3050//694
f 3050//694 2853//198 3041//201
f 2855//547 2867//611 3043//711
f 3043//711 2867//611 3051//675
f 3043//711 3051//675 3052//612
f 2867//611 2868//635 3051//675
f 3051//675 2868//635 3053//715
f 2868//635 2869//679 3053//715
f 3053//715 2869//679 3054//716
f 3053//715 3054//716 3055//717
f 2869//679 2870//680 3054//716
f 3054//716 2870//680 3056//680
f 2870//680 2871//680 3056//680
f 3056//680 2871//680 3057//680
f 2874//3 2873//157 3058//9
f 3058//9 2873//157 3044//712
f 3058//9 3044//712 3045//492
f 2873//157 2860//577 3044//712
f 2864//570 2875//611 3049//691
f 3049//691 2875//611 3059//597
f 3049//691 3059//597 3060//547
f 2875//611 2876//653 3059//597
f 3059//597 2876//653 3061//718
f 3059//597 3061//718 3062//717
f 2876//653 2866//236 3061//718
f 3061//718 2866//236 3050//694
f 3051//675 3063//719 3052//612
f 3051//675 3053//715 3063//719
f 3063//719 3053//715 3064//291
f 3053//715 3055//717 3064//291
f 2878//390 2874//3 3065//594
f 3065//594 2874//3 3058//9
f 3059//597 3066//564 3060//547
f 3059//597 3062//717 3066//564
f 2878//390 3065//594 2879//391
f 2879//391 3065//594 3067//557
f 2879//391 3067//557 3068//280
f 2879//391 3068//280 2880//641
f 3068//280 3067//557 3069//276
f 3069//276 3067//557 3070//492
f 2881//682 2880//641 3069//276
f 3069//276 2880//641 3068//280
f 3069//276 3070//492 3071//280
f 3071//280 3070//492 3072//390
f 2882//472 2881//682 3071//280
f 3071//280 2881//682 3069//276
f 2884//683 3073//373 2885//496
f 2885//496 3073//373 2886//684
f 2888//21 3074//21 2889//103
f 2889//103 3074//21 3075//720
f 2889//103 3075//720 2890//154
f 2890//154 3075//720 3076//721
f 2890//154 3076//721 3077//722
f 3077//722 3076//721 3078//723
f 3071//280 3072//390 3079//344
f 2882//472 3071//280 2891//373
f 2891//373 3071//280 3079//344
f 2891//373 3079//344 3080//373
f 3080//373 3079//344 3081//344
f 2891//373 3080//373 2884//683
f 2884//683 3080//373 3082//494
f 2884//683 3082//494 3073//373
f 3073//373 3082//494 3083//373
f 2892//20 2886//684 3084//554
f 3084//554 2886//684 3073//373
f 3084//554 3073//373 3083//373
f 2893//21 3085//174 2894//23
f 2894//23 3085//174 3086//23
f 2894//23 3086//23 2895//103
f 2895//103 3086//23 3087//103
f 2895//103 3087//103 2896//456
f 2896//456 3087//103 3088//103
f 2896//456 3088//103 2897//523
f 2897//523 3088//103 3089//103
f 2897//523 3089//103 2898//103
f 2898//103 3089//103 3090//103
f 2898//103 3090//103 2899//103
f 2899//103 3090//103 3091//103
f 2899//103 3091//103 2900//23
f 2900//23 3091//103 3092//23
f 2900//23 3092//23 2888//21
f 2888//21 3092//23 3074//21
f 2890//154 3077//722 2901//685
f 2901//685 3077//722 2902//686
f 2902//686 3077//722 3078//723
f 2902//686 3078//723 3093//14
f 3080//373 3081//344 3094//496
f 3080//373 3094//496 3082//494
f 2892//20 3084//554 2904//103
f 2904//103 3084//554 3095//724
f 2904//103 3095//724 2893//21
f 2893//21 3095//724 3085//174
f 2906//492 2902//686 3096//14
f 3096//14 2902//686 3093//14
f 2908//492 2906//492 3097//14
f 3097//14 2906//492 3096//14
f 3098//40 3099//30 3100//725
f 2910//390 2908//492 3101//594
f 3101//594 2908//492 3097//14
f 3102//40 3103//205 3104//31
f 2911//30 3102//40 2912//131
f 2912//131 3102//40 3104//31
f 2912//131 3104//31 3105//131
f 2912//131 3105//131 2913//687
f 2913//687 3105//131 3099//30
f 2913//687 3099//30 3098//40
f 2910//390 3101//594 2914//391
f 2914//391 3101//594 3106//557
f 2914//391 3106//557 3107//280
f 2914//391 3107//280 2915//420
f 2916//21 3108//206 2917//179
f 2917//179 3108//206 3103//205
f 2917//179 3103//205 3102//40
f 2917//179 3102//40 2911//30
f 3107//280 3106//557 3109//280
f 3109//280 3106//557 3110//390
f 2918//472 2915//420 3109//280
f 3109//280 2915//420 3107//280
f 2924//82 3111//21 2925//23
f 2925//23 3111//21 3112//23
f 2925//23 3112//23 2926//23
f 2926//23 3112//23 3113//23
f 2926//23 3113//23 2916//21
f 2916//21 3113//23 3108//206
f 3109//280 3110//390 3114//452
f 2918//472 3109//280 2927//362
f 2927//362 3109//280 3114//452
f 2927//362 3114//452 3115//451
f 2927//362 3115//451 2928//368
f 2928//368 3115//451 3116//477
f 2928//368 3116//477 2929//368
f 2929//368 3116//477 3117//451
f 2929//368 3117//451 2930//368
f 2930//368 3117//451 3118//477
f 2930//368 3118//477 2931//251
f 2931//251 3118//477 3119//23
f 2931//251 3119//23 2924//82
f 2924//82 3119//23 3111//21
f 2932//125 2933//24 3120//125
f 3120//125 2933//24 3121//32
f 2933//24 2934//126 3121//32
f 3121//32 2934//126 3122//415
f 2934//126 2935//126 3122//415
f 3122//415 2935//126 3123//126
f 2935//126 2936//168 3123//126
f 3123//126 2936//168 3124//126
f 2936//168 2938//5 3124//126
f 3124//126 2938//5 3125//25
f 2938//5 2939//6 3125//25
f 3125//25 2939//6 3126//77
f 2940//688 2941//125 3127//7
f 3127//7 2941//125 3128//125
f 2941//125 2932//125 3128//125
f 3128//125 2932//125 3120//125
f 2939//6 2942//135 3126//77
f 3126//77 2942//135 3129//77
f 2942//135 2943//181 3129//77
f 3129//77 2943//181 3130//77
f 2945//381 2940//688 3131//14
f 3131//14 2940//688 3127//7
f 2946//113 3132//118 2943//181
f 2943//181 3132//118 3133//80
f 2943//181 3133//80 3130//77
f 3132//118 3134//13 3133//80
f 2947//177 2945//381 3135//726
f 3135//726 2945//381 3131//14
f 2948//148 3136//121 2946//113
f 2946//113 3136//121 3132//118
f 3132//118 3136//121 3134//13
f 3134//13 3136//121 3137//122
f 3138//727 3139//125 3140//14
f 2949//690 2947//177 3138//727
f 3138//727 2947//177 3135//726
f 3138//727 3135//726 3139//125
f 2950//18 3141//153 2948//148
f 2948//148 3141//153 3142//62
f 2948//148 3142//62 3136//121
f 3136//121 3142//62 3137//122
f 3138//727 3140//14 3143//728
f 2951//42 2949//690 3144//729
f 3144//729 2949//690 3138//727
f 3144//729 3138//727 3145//730
f 3145//730 3138//727 3143//728
f 3144//729 3145//730 3146//144
f 2952//19 3147//19 2950//18
f 2950//18 3147//19 3141//153
f 2951//42 3144//729 2953//230
f 2953//230 3144//729 2954//218
f 2954//218 3144//729 3146//144
f 2954//218 3146//144 3148//149
f 2954//218 3148//149 2956//144
f 2956//144 3148//149 3149//149
f 2957//21 3150//21 2958//21
f 2958//21 3150//21 3151//21
f 2958//21 3151//21 2952//19
f 2952//19 3151//21 3147//19
f 2956//144 3149//149 2959//22
f 2959//22 3149//149 3152//22
f 2959//22 3152//22 2960//103
f 2960//103 3152//22 3153//103
f 2960//103 3153//103 2961//103
f 2961//103 3153//103 3154//103
f 2961//103 3154//103 2962//23
f 2962//23 3154//103 3155//23
f 2962//23 3155//23 2957//21
f 2957//21 3155//23 3150//21
f 2963//125 2964//24 3156//731
f 3156//731 2964//24 3157//291
f 2964//24 2965//126 3157//291
f 3157//291 2965//126 3158//732
f 2965//126 2966//654 3158//732
f 3158//732 2966//654 3159//733
f 3158//732 3159//733 3160//734
f 2966//654 2967//691 3159//733
f 2968//125 2969//126 3161//125
f 3161//125 2969//126 3162//126
f 2969//126 2970//77 3162//126
f 3162//126 2970//77 3163//77
f 2973//67 2972//2 3164//125
f 3164//125 2972//2 3165//24
f 2972//2 2974//86 3165//24
f 3165//24 2974//86 3166//735
f 2974//86 2975//24 3166//735
f 3166//735 2975//24 3167//736
f 2975//24 2963//125 3167//736
f 3167//736 2963//125 3156//731
f 3159//733 3168//737 3160//734
f 2977//543 3169//738 2967//691
f 2967//691 3169//738 3168//737
f 2967//691 3168//737 3159//733
f 2979//694 2978//693 3170//7
f 3170//7 2978//693 3171//125
f 2978//693 2968//125 3171//125
f 3171//125 2968//125 3161//125
f 2970//77 2980//25 3163//77
f 3163//77 2980//25 3172//562
f 2980//25 2981//126 3172//562
f 3172//562 2981//126 3173//739
f 2981//126 2982//695 3173//739
f 3173//739 2982//695 3174//734
f 3173//739 3174//734 3175//570
f 2982//695 2984//696 3174//734
f 2985//125 2986//24 3176//125
f 3176//125 2986//24 3177//24
f 2986//24 2987//106 3177//24
f 3177//24 2987//106 3178//24
f 2987//106 2973//67 3178//24
f 3178//24 2973//67 3164//125
f 2989//543 3179//543 2977//543
f 2977//543 3179//543 3169//738
f 2990//208 2979//694 3180//14
f 3180//14 2979//694 3170//7
f 3174//734 3181//570 3175//570
f 2992//543 3182//740 2984//696
f 2984//696 3182//740 3181//570
f 2984//696 3181//570 3174//734
f 3183//96 3184//2 3185//67
f 2993//67 2994//127 3183//96
f 3183//96 2994//127 3186//134
f 3183//96 3186//134 3184//2
f 2994//127 2985//125 3186//134
f 3186//134 2985//125 3176//125
f 2996//543 3187//543 2989//543
f 2989//543 3187//543 3179//543
f 2997//698 2990//208 3188//594
f 3188//594 2990//208 3180//14
f 2999//543 3189//18 2992//543
f 2992//543 3189//18 3182//740
f 3190//85 3191//2 3192//138
f 3002//234 3001//97 3190//85
f 3190//85 3001//97 3193//606
f 3190//85 3193//606 3191//2
f 3001//97 3003//615 3193//606
f 3193//606 3003//615 3183//96
f 3193//606 3183//96 3185//67
f 3003//615 2993//67 3183//96
f 3194//164 3195//741 3196//164
f 3194//164 3196//164 3197//742
f 3005//543 3198//543 2996//543
f 2996//543 3198//543 3187//543
f 2997//698 3188//594 3006//700
f 3006//700 3188//594 3199//595
f 3006//700 3199//595 3200//527
f 3006//700 3200//527 3007//684
f 3201//143 3202//205 3203//579
f 3201//143 3203//579 3204//743
f 3009//701 3205//19 2999//543
f 2999//543 3205//19 3189//18
f 3010//141 3011//99 3206//139
f 3206//139 3011//99 3190//85
f 3206//139 3190//85 3192//138
f 3011//99 3002//234 3190//85
f 3013//578 3207//744 3014//579
f 3014//579 3207//744 3195//741
f 3014//579 3195//741 3194//164
f 3014//579 3194//164 3015//580
f 3015//580 3194//164 3197//742
f 3015//580 3197//742 3208//745
f 3017//543 3209//543 3005//543
f 3005//543 3209//543 3198//543
f 3200//527 3199//595 3210//391
f 3018//594 3007//684 3211//746
f 3211//746 3007//684 3200//527
f 3211//746 3200//527 3210//391
f 3020//29 3212//747 3021//702
f 3021//702 3212//747 3202//205
f 3021//702 3202//205 3201//143
f 3021//702 3201//143 3022//703
f 3022//703 3201//143 3204//743
f 3022//703 3204//743 3213//748
f 3213//748 3204//743 3214//390
f 3022//703 3213//748 3023//704
f 3023//704 3213//748 3215//82
f 3023//704 3215//82 3216//21
f 3023//704 3216//21 3009//701
f 3009//701 3216//21 3205//19
f 3027//3 3026//67 3217//7
f 3217//7 3026//67 3218//78
f 3026//67 3010//141 3218//78
f 3218//78 3010//141 3206//139
f 3013//578 3028//586 3207//744
f 3207//744 3028//586 3219//749
f 3207//744 3219//749 3220//612
f 3028//586 3015//580 3219//749
f 3219//749 3015//580 3208//745
f 3219//749 3208//745 3221//750
f 3030//543 3222//543 3017//543
f 3017//543 3222//543 3209//543
f 3031//595 3018//594 3223//20
f 3223//20 3018//594 3211//746
f 3033//707 3224//19 3020//29
f 3020//29 3224//19 3212//747
f 3213//748 3214//390 3225//496
f 3213//748 3225//496 3215//82
f 3037//492 3027//3 3226//14
f 3226//14 3027//3 3217//7
f 3219//749 3227//635 3220//612
f 3219//749 3221//750 3227//635
f 3039//547 3228//671 3030//543
f 3030//543 3228//671 3222//543
f 3031//595 3223//20 3040//496
f 3040//496 3223//20 3229//103
f 3040//496 3229//103 3033//707
f 3033//707 3229//103 3224//19
f 3041//201 3042//635 3230//751
f 3042//635 3043//711 3230//751
f 3045//492 3037//492 3231//14
f 3231//14 3037//492 3226//14
f 3039//547 3046//713 3228//671
f 3228//671 3046//713 3232//597
f 3228//671 3232//597 3233//547
f 3046//713 3047//714 3232//597
f 3232//597 3047//714 3234//752
f 3232//597 3234//752 3235//753
f 3047//714 3048//654 3234//752
f 3234//752 3048//654 3236//734
f 3234//752 3236//734 3237//734
f 3048//654 3049//691 3236//734
f 3050//694 3041//201 3238//754
f 3238//754 3041//201 3230//751
f 3052//612 3238//754 3043//711
f 3043//711 3238//754 3230//751
f 3055//717 3054//716 3239//755
f 3054//716 3056//680 3239//755
f 3239//755 3056//680 3240//635
f 3056//680 3057//680 3240//635
f 3240//635 3057//680 3241//635
f 3058//9 3045//492 3242//14
f 3242//14 3045//492 3231//14
f 3232//597 3243//586 3233//547
f 3232//597 3235//753 3243//586
f 3236//734 3244//737 3237//734
f 3060//547 3245//756 3049//691
f 3049//691 3245//756 3244//737
f 3049//691 3244//737 3236//734
f 3062//717 3061//718 3246//757
f 3061//718 3050//694 3246//757
f 3246//757 3050//694 3238//754
f 3246//757 3238//754 3247//717
f 3247//717 3238//754 3248//603
f 3052//612 3063//719 3238//754
f 3238//754 3063//719 3249//758
f 3238//754 3249//758 3248//603
f 3063//719 3064//291 3249//758
f 3249//758 3064//291 3250//634
f 3064//291 3055//717 3250//634
f 3250//634 3055//717 3239//755
f 3250//634 3239//755 3251//635
f 3239//755 3240//635 3251//635
f 3251//635 3240//635 3252//635
f 3240//635 3241//635 3252//635
f 3252//635 3241//635 3253//635
f 3065//594 3058//9 3254//14
f 3254//14 3058//9 3242//14
f 3060//547 3066//564 3245//756
f 3245//756 3066//564 3255//676
f 3066//564 3062//717 3255//676
f 3255//676 3062//717 3246//757
f 3255//676 3246//757 3256//291
f 3246//757 3247//717 3256//291
f 3067//557 3065//594 3257//14
f 3257//14 3065//594 3254//14
f 3258//660 3259//759 3260//164
f 3258//660 3260//164 3261//760
f 3070//492 3067//557 3262//14
f 3262//14 3067//557 3257//14
f 3263//761 3264//54 3265//762
f 3263//761 3265//762 3266//763
f 3266//763 3265//762 3259//759
f 3266//763 3259//759 3258//660
f 3258//660 3261//760 3266//763
f 3266//763 3261//760 3267//764
f 3072//390 3070//492 3268//20
f 3268//20 3070//492 3262//14
f 3074//21 3269//21 3075//720
f 3075//720 3269//21 3270//765
f 3075//720 3270//765 3076//721
f 3076//721 3270//765 3264//54
f 3076//721 3264//54 3263//761
f 3076//721 3263//761 3078//723
f 3078//723 3263//761 3266//763
f 3078//723 3266//763 3271//766
f 3271//766 3266//763 3272//767
f 3266//763 3267//764 3272//767
f 3072//390 3268//20 3079//344
f 3079//344 3268//20 3273//149
f 3079//344 3273//149 3081//344
f 3081//344 3273//149 3274//149
f 3082//494 3275//373 3083//373
f 3083//373 3275//373 3084//554
f 3085//174 3276//19 3086//23
f 3086//23 3276//19 3277//23
f 3086//23 3277//23 3087//103
f 3087//103 3277//23 3278//103
f 3087//103 3278//103 3088//103
f 3088//103 3278//103 3279//103
f 3088//103 3279//103 3089//103
f 3089//103 3279//103 3280//103
f 3089//103 3280//103 3090//103
f 3090//103 3280//103 3281//103
f 3090//103 3281//103 3091//103
f 3091//103 3281//103 3282//102
f 3091//103 3282//102 3092//23
f 3092//23 3282//102 3283//140
f 3092//23 3283//140 3074//21
f 3074//21 3283//140 3269//21
f 3093//14 3078//723 3284//14
f 3284//14 3078//723 3271//766
f 3081//344 3274//149 3094//496
f 3094//496 3274//149 3285//83
f 3094//496 3285//83 3082//494
f 3082//494 3285//83 3286//768
f 3082//494 3286//768 3275//373
f 3084//554 3275//373 3095//724
f 3095//724 3275//373 3286//768
f 3095//724 3286//768 3287//373
f 3287//373 3286//768 3288//344
f 3095//724 3287//373 3085//174
f 3085//174 3287//373 3289//60
f 3085//174 3289//60 3276//19
f 3096//14 3093//14 3290//14
f 3290//14 3093//14 3284//14
f 3291//297 3292//184 3293//725
f 3287//373 3288//344 3294//496
f 3287//373 3294//496 3289//60
f 3097//14 3096//14 3295//177
f 3295//177 3096//14 3290//14
f 3099//30 3296//185 3100//725
f 3100//725 3296//185 3292//184
f 3100//725 3292//184 3291//297
f 3101//594 3097//14 3297//492
f 3297//492 3097//14 3295//177
f 3103//205 3298//161 3104//31
f 3104//31 3298//161 3299//23
f 3104//31 3299//23 3105//131
f 3105//131 3299//23 3300//31
f 3105//131 3300//31 3099//30
f 3099//30 3300//31 3296//185
f 3106//557 3101//594 3301//599
f 3301//599 3101//594 3297//492
f 3108//206 3302//29 3103//205
f 3103//205 3302//29 3298//161
f 3110//390 3106//557 3303//20
f 3303//20 3106//557 3301//599
f 3111//21 3304//21 3112//23
f 3112//23 3304//21 3305//23
f 3112//23 3305//23 3113//23
f 3113//23 3305//23 3306//31
f 3113//23 3306//31 3108//206
f 3108//206 3306//31 3302//29
f 3110//390 3303//20 3114//452
f 3114//452 3303//20 3307//560
f 3114//452 3307//560 3115//451
f 3115//451 3307//560 3308//284
f 3115//451 3308//284 3309//455
f 3115//451 3309//455 3116//477
f 3116//477 3309//455 3310//638
f 3116//477 3310//638 3311//769
f 3116//477 3311//769 3117//451
f 3117//451 3311//769 3312//284
f 3117//451 3312//284 3313//455
f 3117//451 3313//455 3118//477
f 3118//477 3313//455 3314//82
f 3118//477 3314//82 3315//23
f 3118//477 3315//23 3119//23
f 3119//23 3315//23 3316//23
f 3119//23 3316//23 3111//21
f 3111//21 3316//23 3304//21
f 3309//455 3308//284 3317//289
f 3309//455 3317//289 3310//638
f 3313//455 3312//284 3318//289
f 3313//455 3318//289 3314//82
f 3319//137 3320//105 3321//3
f 3319//137 3322//6 3320//105
f 3120//125 3121//32 3323//159
f 3323//159 3121//32 3319//137
f 3323//159 3319//137 3321//3
f 3121//32 3122//415 3319//137
f 3319//137 3122//415 3324//607
f 3319//137 3324//607 3322//6
f 3122//415 3123//126 3324//607
f 3324//607 3123//126 3325//126
f 3123//126 3124//126 3325//126
f 3325//126 3124//126 3326//126
f 3124//126 3125//25 3326//126
f 3326//126 3125//25 3327//25
f 3125//25 3126//77 3327//25
f 3327//25 3126//77 3328//77
f 3127//7 3128//125 3329//7
f 3329//7 3128//125 3330//125
f 3128//125 3120//125 3330//125
f 3330//125 3120//125 3323//159
f 3126//77 3129//77 3328//77
f 3328//77 3129//77 3331//77
f 3129//77 3130//77 3331//77
f 3331//77 3130//77 3332//77
f 3131//14 3127//7 3333//14
f 3333//14 3127//7 3329//7
f 3130//77 3133//80 3332//77
f 3332//77 3133//80 3334//77
f 3133//80 3134//13 3334//77
f 3334//77 3134//13 3335//89
f 3135//726 3131//14 3336//770
f 3336//770 3131//14 3333//14
f 3137//122 3337//19 3134//13
f 3134//13 3337//19 3335//89
f 3140//14 3139//125 3338//771
f 3139//125 3135//726 3338//771
f 3338//771 3135//726 3336//770
f 3338//771 3336//770 3339//772
f 3141//153 3340//19 3142//62
f 3142//62 3340//19 3341//21
f 3142//62 3341//21 3137//122
f 3137//122 3341//21 3337//19
f 3140//14 3338//771 3143//728
f 3143//728 3338//771 3145//730
f 3145//730 3338//771 3339//772
f 3145//730 3339//772 3342//227
f 3145//730 3342//227 3146//144
f 3146//144 3342//227 3343//249
f 3147//19 3344//19 3141//153
f 3141//153 3344//19 3340//19
f 3146//144 3343//249 3148//149
f 3148//149 3343//249 3345//149
f 3148//149 3345//149 3149//149
f 3149//149 3345//149 3346//154
f 3150//21 3347//30 3151//21
f 3151//21 3347//30 3348//94
f 3151//21 3348//94 3147//19
f 3147//19 3348//94 3344//19
f 3149//149 3346//154 3152//22
f 3152//22 3346//154 3349//95
f 3152//22 3349//95 3153//103
f 3153//103 3349//95 3350//178
f 3153//103 3350//178 3154//103
f 3154//103 3350//178 3351//103
f 3154//103 3351//103 3155//23
f 3155//23 3351//103 3352//31
f 3155//23 3352//31 3150//21
f 3150//21 3352//31 3347//30
f 3156//731 3157//291 3353//755
f 3157//291 3158//732 3353//755
f 3353//755 3158//732 3354//773
f 3158//732 3160//734 3354//773
f 3161//125 3162//126 3355//235
f 3355//235 3162//126 3356//126
f 3162//126 3163//77 3356//126
f 3356//126 3163//77 3357//537
f 3164//125 3165//24 3358//731
f 3358//731 3165//24 3359//774
f 3165//24 3166//735 3359//774
f 3359//774 3166//735 3360//775
f 3359//774 3360//775 3361//734
f 3166//735 3167//736 3360//775
f 3360//775 3167//736 3362//776
f 3360//775 3362//776 3363//753
f 3167//736 3156//731 3362//776
f 3362//776 3156//731 3353//755
f 3362//776 3353//755 3364//777
f 3353//755 3354//773 3364//777
f 3364//777 3354//773 3365//778
f 3364//777 3365//778 3366//612
f 3160//734 3168//737 3354//773
f 3354//773 3168//737 3367//779
f 3354//773 3367//779 3365//778
f 3168//737 3169//738 3367//779
f 3170//7 3171//125 3368//192
f 3368//192 3171//125 3369//193
f 3171//125 3161//125 3369//193
f 3369//193 3161//125 3355//235
f 3163//77 3172//562 3357//537
f 3357//537 3172//562 3370//692
f 3357//537 3370//692 3371//543
f 3172//562 3173//739 3370//692
f 3370//692 3173//739 3372//651
f 3370//692 3372//651 3373//694
f 3173//739 3175//570 3372//651
f 3372//651 3175//570 3374//77
f 3176//125 3177//24 3375//125
f 3375//125 3177//24 3376//24
f 3177//24 3178//24 3376//24
f 3376//24 3178//24 3377//24
f 3178//24 3164//125 3377//24
f 3377//24 3164//125 3358//731
f 3360//775 3378//635 3361//734
f 3360//775 3363//753 3378//635
f 3365//778 3379//780 3366//612
f 3366//612 3379//780 3380//258
f 3365//778 3367//779 3379//780
f 3379//780 3367//779 3381//780
f 3179//543 3381//780 3169//738
f 3169//738 3381//780 3367//779
f 3180//14 3170//7 3382//14
f 3382//14 3170//7 3368//192
f 3370//692 3383//406 3371//543
f 3371//543 3383//406 3384//543
f 3370//692 3373//694 3383//406
f 3383//406 3373//694 3385//208
f 3175//570 3181//570 3374//77
f 3374//77 3181//570 3386//77
f 3181//570 3182//740 3386//77
f 3386//77 3182//740 3387//89
f 3185//67 3184//2 3388//125
f 3388//125 3184//2 3389//24
f 3184//2 3186//134 3389//24
f 3389//24 3186//134 3390//24
f 3186//134 3176//125 3390//24
f 3390//24 3176//125 3375//125
f 3379//780 3391//781 3380//258
f 3380//258 3391//781 3392//260
f 3379//780 3381//780 3391//781
f 3391//781 3381//780 3393//782
f 3187//543 3393//782 3179//543
f 3179//543 3393//782 3381//780
f 3188//594 3180//14 3394//14
f 3394//14 3180//14 3382//14
f 3383//406 3395//705 3384//543
f 3384//543 3395//705 3396//783
f 3383//406 3385//208 3395//705
f 3395//705 3385//208 3397//381
f 3189//18 3398//18 3182//740
f 3182//740 3398//18 3387//89
f 3192//138 3191//2 3399//646
f 3399//646 3191//2 3400//24
f 3191//2 3193//606 3400//24
f 3400//24 3193//606 3401//24
f 3193//606 3185//67 3401//24
f 3401//24 3185//67 3388//125
f 3402//260 3403//784 3404//785
f 3195//741 3402//260 3196//164
f 3196//164 3402//260 3404//785
f 3196//164 3404//785 3391//781
f 3391//781 3404//785 3392//260
f 3196//164 3391//781 3197//742
f 3197//742 3391//781 3393//782
f 3197//742 3393//782 3405//406
f 3198//543 3405//406 3187//543
f 3187//543 3405//406 3393//782
f 3199//595 3188//594 3406//594
f 3406//594 3188//594 3394//14
f 3202//205 3407//747 3203//579
f 3203//579 3407//747 3396//783
f 3203//579 3396//783 3395//705
f 3203//579 3395//705 3204//743
f 3204//743 3395//705 3397//381
f 3204//743 3397//381 3408//38
f 3205//19 3409//19 3189//18
f 3189//18 3409//19 3398//18
f 3410//183 3411//125 3412//786
f 3206//139 3192//138 3410//183
f 3410//183 3192//138 3399//646
f 3410//183 3399//646 3411//125
f 3402//260 3413//258 3403//784
f 3403//784 3413//258 3414//258
f 3207//744 3413//258 3195//741
f 3195//741 3413//258 3402//260
f 3208//745 3197//742 3415//406
f 3415//406 3197//742 3405//406
f 3209//543 3415//406 3198//543
f 3198//543 3415//406 3405//406
f 3199//595 3406//594 3210//391
f 3210//391 3406//594 3416//595
f 3210//391 3416//595 3417//527
f 3210//391 3417//527 3211//746
f 3212//747 3418//18 3202//205
f 3202//205 3418//18 3407//747
f 3214//390 3204//743 3419//42
f 3419//42 3204//743 3408//38
f 3215//82 3420//30 3216//21
f 3216//21 3420//30 3421//94
f 3216//21 3421//94 3205//19
f 3205//19 3421//94 3409//19
f 3217//7 3218//78 3422//9
f 3422//9 3218//78 3410//183
f 3422//9 3410//183 3412//786
f 3218//78 3206//139 3410//183
f 3413//258 3423//612 3414//258
f 3414//258 3423//612 3424//612
f 3220//612 3423//612 3207//744
f 3207//744 3423//612 3413//258
f 3221//750 3208//745 3425//787
f 3425//787 3208//745 3415//406
f 3222//543 3425//787 3209//543
f 3209//543 3425//787 3415//406
f 3417//527 3416//595 3426//391
f 3223//20 3211//746 3427//554
f 3427//554 3211//746 3417//527
f 3427//554 3417//527 3426//391
f 3224//19 3428//19 3212//747
f 3212//747 3428//19 3418//18
f 3214//390 3419//42 3225//496
f 3225//496 3419//42 3429//65
f 3225//496 3429//65 3215//82
f 3215//82 3429//65 3420//30
f 3226//14 3217//7 3430//14
f 3430//14 3217//7 3422//9
f 3423//612 3431//737 3424//612
f 3220//612 3227//635 3423//612
f 3423//612 3227//635 3432//788
f 3423//612 3432//788 3431//737
f 3431//737 3432//788 3433//734
f 3227//635 3221//750 3432//788
f 3432//788 3221//750 3425//787
f 3432//788 3425//787 3434//789
f 3228//671 3434//789 3222//543
f 3222//543 3434//789 3425//787
f 3223//20 3427//554 3229//103
f 3229//103 3427//554 3435//436
f 3229//103 3435//436 3224//19
f 3224//19 3435//436 3428//19
f 3231//14 3226//14 3436//14
f 3436//14 3226//14 3430//14
f 3432//788 3437//609 3433//734
f 3432//788 3434//789 3437//609
f 3437//609 3434//789 3438//609
f 3233//547 3439//711 3228//671
f 3228//671 3439//711 3438//609
f 3228//671 3438//609 3434//789
f 3235//753 3234//752 3440//790
f 3234//752 3237//734 3440//790
f 3242//14 3231//14 3441//14
f 3441//14 3231//14 3436//14
f 3233//547 3243//586 3439//711
f 3439//711 3243//586 3442//791
f 3439//711 3442//791 3443//258
f 3243//586 3235//753 3442//791
f 3442//791 3235//753 3440//790
f 3442//791 3440//790 3444//406
f 3237//734 3244//737 3440//790
f 3440//790 3244//737 3445//792
f 3440//790 3445//792 3444//406
f 3244//737 3245//756 3445//792
f 3247//717 3248//603 3446//755
f 3248//603 3249//758 3446//755
f 3446//755 3249//758 3447//635
f 3249//758 3250//634 3447//635
f 3447//635 3250//634 3448//635
f 3250//634 3251//635 3448//635
f 3448//635 3251//635 3449//635
f 3251//635 3252//635 3449//635
f 3449//635 3252//635 3450//793
f 3252//635 3253//635 3450//793
f 3450//793 3253//635 3451//629
f 3254//14 3242//14 3452//14
f 3452//14 3242//14 3441//14
f 3442//791 3453//781 3443//258
f 3443//258 3453//781 3454//260
f 3442//791 3444//406 3453//781
f 3453//781 3444//406 3455//794
f 3444//406 3445//792 3455//794
f 3455//794 3445//792 3456//795
f 3245//756 3255//676 3445//792
f 3445//792 3255//676 3457//796
f 3445//792 3457//796 3456//795
f 3456//795 3457//796 3458//202
f 3255//676 3256//291 3457//796
f 3457//796 3256//291 3459//634
f 3256//291 3247//717 3459//634
f 3459//634 3247//717 3446//755
f 3459//634 3446//755 3460//679
f 3446//755 3447//635 3460//679
f 3460//679 3447//635 3461//680
f 3447//635 3448//635 3461//680
f 3461//680 3448//635 3462//797
f 3448//635 3449//635 3462//797
f 3462//797 3449//635 3463//777
f 3449//635 3450//793 3463//777
f 3463//777 3450//793 3464//798
f 3463//777 3464//798 3465//799
f 3450//793 3451//629 3464//798
f 3464//798 3451//629 3466//629
f 3257//14 3254//14 3467//14
f 3467//14 3254//14 3452//14
f 3468//800 3469//784 3470//582
f 3468//800 3470//582 3471//71
f 3471//71 3470//582 3472//71
f 3259//759 3471//71 3260//164
f 3260//164 3471//71 3472//71
f 3260//164 3472//71 3453//781
f 3453//781 3472//71 3454//260
f 3260//164 3453//781 3261//760
f 3261//760 3453//781 3455//794
f 3261//760 3455//794 3473//801
f 3473//801 3455//794 3474//802
f 3455//794 3456//795 3474//802
f 3474//802 3456//795 3475//803
f 3456//795 3458//202 3475//803
f 3464//798 3476//609 3465//799
f 3464//798 3466//629 3476//609
f 3476//609 3466//629 3477//635
f 3262//14 3257//14 3478//14
f 3478//14 3257//14 3467//14
f 3468//800 3479//804 3469//784
f 3469//784 3479//804 3480//659
f 3264//54 3479//804 3265//762
f 3265//762 3479//804 3468//800
f 3265//762 3468//800 3471//71
f 3265//762 3471//71 3259//759
f 3481//183 3482//67 3483//3
f 3267//764 3261//760 3481//183
f 3481//183 3261//760 3473//801
f 3481//183 3473//801 3482//67
f 3268//20 3262//14 3484//20
f 3484//20 3262//14 3478//14
f 3485//143 3486//30 3487//579
f 3485//143 3487//579 3488//805
f 3269//21 3489//185 3270//765
f 3270//765 3489//185 3480//659
f 3270//765 3480//659 3479//804
f 3270//765 3479//804 3264//54
f 3271//766 3272//767 3490//9
f 3490//9 3272//767 3481//183
f 3490//9 3481//183 3483//3
f 3272//767 3267//764 3481//183
f 3268//20 3484//20 3273//149
f 3273//149 3484//20 3491//524
f 3273//149 3491//524 3274//149
f 3274//149 3491//524 3492//344
f 3276//19 3493//19 3277//23
f 3277//23 3493//19 3494//23
f 3277//23 3494//23 3278//103
f 3278//103 3494//23 3495//103
f 3278//103 3495//103 3279//103
f 3279//103 3495//103 3496//103
f 3279//103 3496//103 3280//103
f 3280//103 3496//103 3497//103
f 3280//103 3497//103 3281//103
f 3281//103 3497//103 3498//131
f 3281//103 3498//131 3282//102
f 3282//102 3498//131 3486//30
f 3282//102 3486//30 3485//143
f 3282//102 3485//143 3283//140
f 3283//140 3485//143 3488//805
f 3283//140 3488//805 3499//65
f 3283//140 3499//65 3269//21
f 3269//21 3499//65 3489//185
f 3284//14 3271//766 3500//177
f 3500//177 3271//766 3490//9
f 3501//40 3502//741 3503//806
f 3274//149 3492//344 3285//83
f 3285//83 3492//344 3504//807
f 3285//83 3504//807 3286//768
f 3286//768 3504//807 3505//808
f 3286//768 3505//808 3288//344
f 3288//344 3505//808 3506//149
f 3289//60 3507//19 3276//19
f 3276//19 3507//19 3493//19
f 3290//14 3284//14 3508//492
f 3508//492 3284//14 3500//177
f 3292//184 3509//185 3293//725
f 3293//725 3509//185 3502//741
f 3293//725 3502//741 3501//40
f 3288//344 3506//149 3294//496
f 3294//496 3506//149 3510//103
f 3294//496 3510//103 3289//60
f 3289//60 3510//103 3507//19
f 3295//177 3290//14 3511//577
f 3511//577 3290//14 3508//492
f 3512//39 3513//30 3514//248
f 3296//185 3512//39 3292//184
f 3292//184 3512//39 3514//248
f 3292//184 3514//248 3509//185
f 3515//299 3516//383 3517//3
f 3515//299 3518//514 3516//383
f 3516//383 3518//514 3519//66
f 3297//492 3295//177 3518//514
f 3518//514 3295//177 3511//577
f 3518//514 3511//577 3519//66
f 3298//161 3520//21 3299//23
f 3299//23 3520//21 3521//94
f 3299//23 3521//94 3300//31
f 3300//31 3521//94 3513//30
f 3300//31 3513//30 3512//39
f 3300//31 3512//39 3296//185
f 3515//299 3517//3 3522//357
f 3522//357 3517//3 3523//390
f 3515//299 3522//357 3518//514
f 3518//514 3522//357 3524//809
f 3301//599 3297//492 3524//809
f 3524//809 3297//492 3518//514
f 3525//39 3526//30 3527//107
f 3302//29 3525//39 3298//161
f 3298//161 3525//39 3527//107
f 3298//161 3527//107 3520//21
f 3522//357 3523//390 3528//587
f 3522//357 3528//587 3524//809
f 3524//809 3528//587 3529//285
f 3303//20 3301//599 3530//420
f 3530//420 3301//599 3524//809
f 3530//420 3524//809 3529//285
f 3304//21 3531//21 3305//23
f 3305//23 3531//21 3532//94
f 3305//23 3532//94 3306//31
f 3306//31 3532//94 3526//30
f 3306//31 3526//30 3525//39
f 3306//31 3525//39 3302//29
f 3303//20 3530//420 3307//560
f 3307//560 3530//420 3533//472
f 3307//560 3533//472 3534//473
f 3307//560 3534//473 3308//284
f 3310//638 3535//373 3311//769
f 3311//769 3535//373 3312//284
f 3314//82 3536//21 3315//23
f 3315//23 3536//21 3537//23
f 3315//23 3537//23 3316//23
f 3316//23 3537//23 3538//23
f 3316//23 3538//23 3304//21
f 3304//21 3538//23 3531//21
f 3534//473 3533//472 3539//497
f 3308//284 3534//473 3317//289
f 3317//289 3534//473 3539//497
f 3317//289 3539//497 3540//456
f 3317//289 3540//456 3310//638
f 3310//638 3540//456 3541//523
f 3310//638 3541//523 3535//373
f 3312//284 3535//373 3318//289
f 3318//289 3535//373 3541//523
f 3318//289 3541//523 3542//23
f 3318//289 3542//23 3314//82
f 3314//82 3542//23 3536//21
f 3321//3 3320//105 3543//7
f 3543//7 3320//105 3544//126
f 3320//105 3322//6 3544//126
f 3544//126 3322//6 3545//77
f 3323//159 3321//3 3546//191
f 3546//191 3321//3 3543//7
f 3322//6 3324//607 3545//77
f 3545//77 3324//607 3547//25
f 3324//607 3325//126 3547//25
f 3547//25 3325//126 3548//126
f 3325//126 3326//126 3548//126
f 3548//126 3326//126 3549//126
f 3326//126 3327//25 3549//126
f 3549//126 3327//25 3550//25
f 3327//25 3328//77 3550//25
f 3550//25 3328//77 3551//26
f 3329//7 3330//125 3552//236
f 3552//236 3330//125 3553//193
f 3330//125 3323//159 3553//193
f 3553//193 3323//159 3546//191
f 3328//77 3331//77 3551//26
f 3551//26 3331//77 3554//6
f 3331//77 3332//77 3554//6
f 3554//6 3332//77 3555//88
f 3333//14 3329//7 3556//670
f 3556//670 3329//7 3552//236
f 3332//77 3334//77 3555//88
f 3555//88 3334//77 3557//77
f 3334//77 3335//89 3557//77
f 3557//77 3335//89 3558//89
f 3336//770 3333//14 3559//53
f 3559//53 3333//14 3556//670
f 3337//19 3560//19 3335//89
f 3335//89 3560//19 3558//89
f 3339//772 3336//770 3561//262
f 3561//262 3336//770 3559//53
f 3561//262 3559//53 3562//227
f 3561//262 3562//227 3563//621
f 3340//19 3564//161 3341//21
f 3341//21 3564//161 3565//21
f 3341//21 3565//21 3337//19
f 3337//19 3565//21 3560//19
f 3339//772 3561//262 3342//227
f 3342//227 3561//262 3343//249
f 3343//249 3561//262 3563//621
f 3343//249 3563//621 3566//20
f 3344//19 3567//29 3340//19
f 3340//19 3567//29 3564//161
f 3343//249 3566//20 3345//149
f 3345//149 3566//20 3568//212
f 3345//149 3568//212 3346//154
f 3346//154 3568//212 3569//213
f 3346//154 3569//213 3570//214
f 3570//214 3569//213 3571//144
f 3572//40 3573//30 3574//31
f 3347//30 3572//40 3348//94
f 3348//94 3572//40 3574//31
f 3348//94 3574//31 3575//31
f 3348//94 3575//31 3344//19
f 3344//19 3575//31 3567//29
f 3346//154 3570//214 3349//95
f 3349//95 3570//214 3350//178
f 3350//178 3570//214 3571//144
f 3350//178 3571//144 3576//22
f 3350//178 3576//22 3351//103
f 3351//103 3576//22 3577//131
f 3351//103 3577//131 3352//31
f 3352//31 3577//131 3573//30
f 3352//31 3573//30 3572//40
f 3352//31 3572//40 3347//30
f 3355//235 3356//126 3578//810
f 3578//810 3356//126 3579//564
f 3356//126 3357//537 3579//564
f 3579//564 3357//537 3580//811
f 3358//731 3359//774 3581//812
f 3359//774 3361//734 3581//812
f 3363//753 3362//776 3582//603
f 3362//776 3364//777 3582//603
f 3582//603 3364//777 3583//813
f 3364//777 3366//612 3583//813
f 3368//192 3369//193 3584//199
f 3369//193 3355//235 3584//199
f 3584//199 3355//235 3578//810
f 3584//199 3578//810 3585//633
f 3371//543 3586//18 3357//537
f 3357//537 3586//18 3580//811
f 3373//694 3372//651 3587//192
f 3587//192 3372//651 3588//564
f 3372//651 3374//77 3588//564
f 3588//564 3374//77 3589//570
f 3375//125 3376//24 3590//731
f 3590//731 3376//24 3591//291
f 3376//24 3377//24 3591//291
f 3591//291 3377//24 3592//634
f 3377//24 3358//731 3592//634
f 3592//634 3358//731 3581//812
f 3592//634 3581//812 3593//609
f 3361//734 3378//635 3581//812
f 3581//812 3378//635 3594//635
f 3581//812 3594//635 3593//609
f 3593//609 3594//635 3595//734
f 3378//635 3363//753 3594//635
f 3594//635 3363//753 3582//603
f 3594//635 3582//603 3596//814
f 3596//814 3582//603 3597//815
f 3582//603 3583//813 3597//815
f 3597//815 3583//813 3598//816
f 3597//815 3598//816 3599//612
f 3380//258 3598//816 3366//612
f 3366//612 3598//816 3583//813
f 3382//14 3368//192 3600//817
f 3600//817 3368//192 3584//199
f 3600//817 3584//199 3601//333
f 3584//199 3585//633 3601//333
f 3384//543 3602//18 3371//543
f 3371//543 3602//18 3586//18
f 3385//208 3373//694 3603//14
f 3603//14 3373//694 3587//192
f 3374//77 3386//77 3589//570
f 3589//570 3386//77 3604//570
f 3386//77 3387//89 3604//570
f 3604//570 3387//89 3605//547
f 3388//125 3389//24 3606//125
f 3606//125 3389//24 3607//24
f 3389//24 3390//24 3607//24
f 3607//24 3390//24 3608//24
f 3390//24 3375//125 3608//24
f 3608//24 3375//125 3590//731
f 3594//635 3609//635 3595//734
f 3594//635 3596//814 3609//635
f 3598//816 3610//260 3599//612
f 3599//612 3610//260 3611//659
f 3392//260 3610//260 3380//258
f 3380//258 3610//260 3598//816
f 3394//14 3382//14 3612//14
f 3612//14 3382//14 3600//817
f 3396//783 3613//18 3384//543
f 3384//543 3613//18 3602//18
f 3397//381 3385//208 3614//38
f 3614//38 3385//208 3603//14
f 3398//18 3615//543 3387//89
f 3387//89 3615//543 3605//547
f 3399//646 3400//24 3616//688
f 3616//688 3400//24 3617//24
f 3400//24 3401//24 3617//24
f 3617//24 3401//24 3618//24
f 3401//24 3388//125 3618//24
f 3618//24 3388//125 3606//125
f 3403//784 3619//185 3404//785
f 3404//785 3619//185 3611//659
f 3404//785 3611//659 3610//260
f 3404//785 3610//260 3392//260
f 3406//594 3394//14 3620//14
f 3620//14 3394//14 3612//14
f 3407//747 3621//18 3396//783
f 3396//783 3621//18 3613//18
f 3408//38 3397//381 3622//203
f 3622//203 3397//381 3614//38
f 3409//19 3623//29 3398//18
f 3398//18 3623//29 3615//543
f 3412//786 3411//125 3624//199
f 3411//125 3399//646 3624//199
f 3624//199 3399//646 3616//688
f 3624//199 3616//688 3625//236
f 3626//616 3627//260 3628//818
f 3626//616 3628//818 3629//819
f 3629//819 3628//818 3630//820
f 3414//258 3629//819 3403//784
f 3403//784 3629//819 3630//820
f 3403//784 3630//820 3619//185
f 3416//595 3406//594 3631//594
f 3631//594 3406//594 3620//14
f 3418//18 3632//18 3407//747
f 3407//747 3632//18 3621//18
f 3419//42 3408//38 3633//55
f 3633//55 3408//38 3622//203
f 3633//55 3622//203 3634//408
f 3420//30 3633//55 3421//94
f 3421//94 3633//55 3634//408
f 3421//94 3634//408 3635//64
f 3421//94 3635//64 3409//19
f 3409//19 3635//64 3623//29
f 3422//9 3412//786 3636//821
f 3636//821 3412//786 3624//199
f 3636//821 3624//199 3637//193
f 3624//199 3625//236 3637//193
f 3626//616 3638//780 3627//260
f 3627//260 3638//780 3639//822
f 3626//616 3629//819 3638//780
f 3638//780 3629//819 3640//625
f 3424//612 3640//625 3414//258
f 3414//258 3640//625 3629//819
f 3416//595 3631//594 3426//391
f 3426//391 3631//594 3641//595
f 3426//391 3641//595 3642//527
f 3426//391 3642//527 3427//554
f 3428//19 3643//153 3418//18
f 3418//18 3643//153 3632//18
f 3419//42 3633//55 3429//65
f 3429//65 3633//55 3420//30
f 3430//14 3422//9 3644//14
f 3644//14 3422//9 3636//821
f 3638//780 3645//657 3639//822
f 3639//822 3645//657 3646//547
f 3638//780 3640//625 3645//657
f 3645//657 3640//625 3647//629
f 3424//612 3431//737 3640//625
f 3640//625 3431//737 3648//823
f 3640//625 3648//823 3647//629
f 3431//737 3433//734 3648//823
f 3642//527 3641//595 3649//452
f 3427//554 3642//527 3435//436
f 3435//436 3642//527 3649//452
f 3435//436 3649//452 3650//824
f 3435//436 3650//824 3428//19
f 3428//19 3650//824 3643//153
f 3436//14 3430//14 3651//14
f 3651//14 3430//14 3644//14
f 3645//657 3652//611 3646//547
f 3645//657 3647//629 3652//611
f 3652//611 3647//629 3653//777
f 3647//629 3648//823 3653//777
f 3653//777 3648//823 3654//825
f 3653//777 3654//825 3655//734
f 3433//734 3437//609 3648//823
f 3648//823 3437//609 3656//826
f 3648//823 3656//826 3654//825
f 3437//609 3438//609 3656//826
f 3656//826 3438//609 3657//657
f 3438//609 3439//711 3657//657
f 3441//14 3436//14 3658//14
f 3658//14 3436//14 3651//14
f 3654//825 3659//827 3655//734
f 3654//825 3656//826 3659//827
f 3659//827 3656//826 3660//778
f 3659//827 3660//778 3661//576
f 3656//826 3657//657 3660//778
f 3660//778 3657//657 3662//780
f 3443//258 3662//780 3439//711
f 3439//711 3662//780 3657//657
f 3452//14 3441//14 3663//14
f 3663//14 3441//14 3658//14
f 3660//778 3664//658 3661//576
f 3661//576 3664//658 3665//783
f 3660//778 3662//780 3664//658
f 3664//658 3662//780 3666//616
f 3454//260 3666//616 3443//258
f 3443//258 3666//616 3662//780
f 3458//202 3457//796 3667//603
f 3457//796 3459//634 3667//603
f 3667//603 3459//634 3668//715
f 3459//634 3460//679 3668//715
f 3668//715 3460//679 3669//716
f 3668//715 3669//716 3670//202
f 3460//679 3461//680 3669//716
f 3669//716 3461//680 3671//732
f 3461//680 3462//797 3671//732
f 3671//732 3462//797 3672//609
f 3671//732 3672//609 3673//799
f 3462//797 3463//777 3672//609
f 3672//609 3463//777 3674//773
f 3463//777 3465//799 3674//773
f 3467//14 3452//14 3675//14
f 3675//14 3452//14 3663//14
f 3469//784 3676//206 3470//582
f 3470//582 3676//206 3665//783
f 3470//582 3665//783 3664//658
f 3470//582 3664//658 3472//71
f 3472//71 3664//658 3666//616
f 3472//71 3666//616 3454//260
f 3473//801 3474//802 3677//731
f 3677//731 3474//802 3678//774
f 3474//802 3475//803 3678//774
f 3678//774 3475//803 3679//635
f 3678//774 3679//635 3680//734
f 3475//803 3458//202 3679//635
f 3679//635 3458//202 3667//603
f 3679//635 3667//603 3681//717
f 3681//717 3667//603 3682//603
f 3667//603 3668//715 3682//603
f 3682//603 3668//715 3683//603
f 3668//715 3670//202 3683//603
f 3672//609 3684//827 3673//799
f 3672//609 3674//773 3684//827
f 3684//827 3674//773 3685//825
f 3684//827 3685//825 3686//570
f 3465//799 3476//609 3674//773
f 3674//773 3476//609 3687//826
f 3674//773 3687//826 3685//825
f 3476//609 3477//635 3687//826
f 3687//826 3477//635 3688//629
f 3478//14 3467//14 3689//14
f 3689//14 3467//14 3675//14
f 3690//761 3691//741 3692//828
f 3690//761 3692//828 3693//829
f 3693//829 3692//828 3694//830
f 3480//659 3693//829 3469//784
f 3469//784 3693//829 3694//830
f 3469//784 3694//830 3676//206
f 3483//3 3482//67 3695//7
f 3695//7 3482//67 3696//125
f 3482//67 3473//801 3696//125
f 3696//125 3473//801 3677//731
f 3679//635 3697//831 3680//734
f 3679//635 3681//717 3697//831
f 3685//825 3698//832 3686//570
f 3685//825 3687//826 3698//832
f 3698//832 3687//826 3699//778
f 3698//832 3699//778 3700//612
f 3687//826 3688//629 3699//778
f 3699//778 3688//629 3701//406
f 3484//20 3478//14 3702//594
f 3702//594 3478//14 3689//14
f 3486//30 3703//185 3487//579
f 3487//579 3703//185 3691//741
f 3487//579 3691//741 3690//761
f 3487//579 3690//761 3488//805
f 3488//805 3690//761 3693//829
f 3488//805 3693//829 3704//660
f 3489//185 3704//660 3480//659
f 3480//659 3704//660 3693//829
f 3490//9 3483//3 3705//177
f 3705//177 3483//3 3695//7
f 3699//778 3706//833 3700//612
f 3700//612 3706//833 3707//258
f 3699//778 3701//406 3706//833
f 3706//833 3701//406 3708//618
f 3484//20 3702//594 3491//524
f 3491//524 3702//594 3709//595
f 3491//524 3709//595 3710//473
f 3491//524 3710//473 3492//344
f 3493//19 3711//161 3494//23
f 3494//23 3711//161 3712//23
f 3494//23 3712//23 3495//103
f 3495//103 3712//23 3713//103
f 3495//103 3713//103 3496//103
f 3496//103 3713//103 3714//103
f 3496//103 3714//103 3497//103
f 3497//103 3714//103 3715//103
f 3497//103 3715//103 3498//131
f 3498//131 3715//103 3716//31
f 3498//131 3716//31 3486//30
f 3486//30 3716//31 3703//185
f 3488//805 3704//660 3499//65
f 3499//65 3704//660 3489//185
f 3717//277 3718//105 3719//3
f 3717//277 3720//377 3718//105
f 3500//177 3490//9 3721//577
f 3721//577 3490//9 3705//177
f 3706//833 3722//699 3707//258
f 3707//258 3722//699 3723//258
f 3502//741 3722//699 3503//806
f 3503//806 3722//699 3706//833
f 3503//806 3706//833 3708//618
f 3710//473 3709//595 3724//344
f 3492//344 3710//473 3504//807
f 3504//807 3710//473 3724//344
f 3504//807 3724//344 3725//455
f 3725//455 3724//344 3726//344
f 3504//807 3725//455 3505//808
f 3505//808 3725//455 3727//82
f 3505//808 3727//82 3728//103
f 3505//808 3728//103 3506//149
f 3506//149 3728//103 3729//154
f 3507//19 3730//29 3493//19
f 3493//19 3730//29 3711//161
f 3717//277 3719//3 3731//346
f 3731//346 3719//3 3732//307
f 3717//277 3731//346 3720//377
f 3720//377 3731//346 3733//487
f 3720//377 3733//487 3734//104
f 3508//492 3500//177 3733//487
f 3733//487 3500//177 3721//577
f 3733//487 3721//577 3734//104
f 3722//699 3735//260 3723//258
f 3723//258 3735//260 3736//659
f 3509//185 3735//260 3502//741
f 3502//741 3735//260 3722//699
f 3725//455 3726//344 3737//496
f 3725//455 3737//496 3727//82
f 3506//149 3729//154 3510//103
f 3510//103 3729//154 3738//65
f 3510//103 3738//65 3507//19
f 3507//19 3738//65 3730//29
f 3731//346 3732//307 3739//834
f 3739//834 3732//307 3740//276
f 3731//346 3739//834 3733//487
f 3733//487 3739//834 3741//299
f 3511//577 3508//492 3741//299
f 3741//299 3508//492 3733//487
f 3513//30 3742//185 3514//248
f 3514//248 3742//185 3736//659
f 3514//248 3736//659 3735//260
f 3514//248 3735//260 3509//185
f 3517//3 3516//383 3743//665
f 3743//665 3516//383 3739//834
f 3743//665 3739//834 3740//276
f 3516//383 3519//66 3739//834
f 3739//834 3519//66 3741//299
f 3519//66 3511//577 3741//299
f 3520//21 3744//21 3521//94
f 3521//94 3744//21 3745//835
f 3521//94 3745//835 3513//30
f 3513//30 3745//835 3742//185
f 3523//390 3517//3 3746//642
f 3746//642 3517//3 3743//665
f 3526//30 3747//21 3527//107
f 3527//107 3747//21 3748//21
f 3527//107 3748//21 3520//21
f 3520//21 3748//21 3744//21
f 3523//390 3746//642 3528//587
f 3528//587 3746//642 3749//557
f 3528//587 3749//557 3750//500
f 3528//587 3750//500 3529//285
f 3529//285 3750//500 3751//357
f 3529//285 3751//357 3530//420
f 3531//21 3752//30 3532//94
f 3532//94 3752//30 3753//94
f 3532//94 3753//94 3526//30
f 3526//30 3753//94 3747//21
f 3750//500 3749//557 3754//357
f 3754//357 3749//557 3755//390
f 3750//500 3754//357 3751//357
f 3751//357 3754//357 3756//501
f 3533//472 3530//420 3756//501
f 3756//501 3530//420 3751//357
f 3536//21 3757//21 3537//23
f 3537//23 3757//21 3758//23
f 3537//23 3758//23 3538//23
f 3538//23 3758//23 3759//31
f 3538//23 3759//31 3531//21
f 3531//21 3759//31 3752//30
f 3754//357 3755//390 3760//428
f 3754//357 3760//428 3756//501
f 3756//501 3760//428 3761//451
f 3533//472 3756//501 3539//497
f 3539//497 3756//501 3761//451
f 3539//497 3761//451 3762//103
f 3539//497 3762//103 3540//456
f 3540//456 3762//103 3763//451
f 3540//456 3763//451 3541//523
f 3541//523 3763//451 3764//477
f 3541//523 3764//477 3542//23
f 3542//23 3764//477 3765//23
f 3542//23 3765//23 3536//21
f 3536//21 3765//23 3757//21
f 3543//7 3544//126 3766//7
f 3766//7 3544//126 3767//126
f 3544//126 3545//77 3767//126
f 3767//126 3545//77 3768//77
f 3546//191 3543//7 3769//198
f 3769//198 3543//7 3766//7
f 3545//77 3547//25 3768//77
f 3768//77 3547//25 3770//25
f 3547//25 3548//126 3770//25
f 3770//25 3548//126 3771//187
f 3548//126 3549//126 3771//187
f 3771//187 3549//126 3772//170
f 3549//126 3550//25 3772//170
f 3772//170 3550//25 3773//567
f 3550//25 3551//26 3773//567
f 3773//567 3551//26 3774//34
f 3773//567 3774//34 3775//5
f 3774//34 3776//36 3775//5
f 3552//236 3553//193 3777//207
f 3553//193 3546//191 3777//207
f 3777//207 3546//191 3769//198
f 3777//207 3769//198 3778//836
f 3551//26 3554//6 3774//34
f 3554//6 3555//88 3774//34
f 3774//34 3555//88 3779//70
f 3774//34 3779//70 3776//36
f 3556//670 3552//236 3780//750
f 3780//750 3552//236 3777//207
f 3777//207 3778//836 3780//750
f 3780//750 3778//836 3781//764
f 3555//88 3557//77 3779//70
f 3779//70 3557//77 3782//6
f 3557//77 3558//89 3782//6
f 3782//6 3558//89 3783//27
f 3559//53 3556//670 3784//837
f 3784//837 3556//670 3780//750
f 3784//837 3780//750 3785//767
f 3780//750 3781//764 3785//767
f 3560//19 3786//153 3558//89
f 3558//89 3786//153 3783//27
f 3559//53 3784//837 3562//227
f 3562//227 3784//837 3787//149
f 3562//227 3787//149 3563//621
f 3563//621 3787//149 3788//20
f 3564//161 3789//62 3565//21
f 3565//21 3789//62 3790//62
f 3565//21 3790//62 3560//19
f 3560//19 3790//62 3786//153
f 3566//20 3563//621 3791//20
f 3791//20 3563//621 3788//20
f 3792//39 3793//72 3794//838
f 3567//29 3792//39 3564//161
f 3564//161 3792//39 3794//838
f 3564//161 3794//838 3789//62
f 3566//20 3791//20 3568//212
f 3568//212 3791//20 3795//22
f 3568//212 3795//22 3569//213
f 3569//213 3795//22 3796//22
f 3569//213 3796//22 3571//144
f 3571//144 3796//22 3797//149
f 3573//30 3798//30 3574//31
f 3574//31 3798//30 3799//435
f 3574//31 3799//435 3575//31
f 3575//31 3799//435 3793//72
f 3575//31 3793//72 3792//39
f 3575//31 3792//39 3567//29
f 3571//144 3797//149 3576//22
f 3576//22 3797//149 3800//22
f 3576//22 3800//22 3577//131
f 3577//131 3800//22 3801//31
f 3577//131 3801//31 3573//30
f 3573//30 3801//31 3798//30
f 3578//810 3579//564 3802//635
f 3579//564 3580//811 3802//635
f 3585//633 3578//810 3803//839
f 3803//839 3578//810 3802//635
f 3803//839 3802//635 3804//635
f 3586//18 3805//840 3580//811
f 3580//811 3805//840 3804//635
f 3580//811 3804//635 3802//635
f 3587//192 3588//564 3806//635
f 3588//564 3589//570 3806//635
f 3590//731 3591//291 3807//755
f 3591//291 3592//634 3807//755
f 3807//755 3592//634 3808//635
f 3592//634 3593//609 3808//635
f 3808//635 3593//609 3809//773
f 3593//609 3595//734 3809//773
f 3596//814 3597//815 3810//841
f 3597//815 3599//612 3810//841
f 3600//817 3601//333 3811//199
f 3601//333 3585//633 3811//199
f 3811//199 3585//633 3803//839
f 3811//199 3803//839 3812//236
f 3602//18 3813//18 3586//18
f 3586//18 3813//18 3805//840
f 3603//14 3587//192 3814//201
f 3814//201 3587//192 3806//635
f 3814//201 3806//635 3815//635
f 3589//570 3604//570 3806//635
f 3806//635 3604//570 3816//612
f 3806//635 3816//612 3815//635
f 3815//635 3816//612 3817//612
f 3604//570 3605//547 3816//612
f 3606//125 3607//24 3818//125
f 3818//125 3607//24 3819//24
f 3607//24 3608//24 3819//24
f 3819//24 3608//24 3820//842
f 3608//24 3590//731 3820//842
f 3820//842 3590//731 3807//755
f 3820//842 3807//755 3821//797
f 3807//755 3808//635 3821//797
f 3821//797 3808//635 3822//777
f 3808//635 3809//773 3822//777
f 3822//777 3809//773 3823//778
f 3822//777 3823//778 3824//612
f 3595//734 3609//635 3809//773
f 3809//773 3609//635 3825//843
f 3809//773 3825//843 3823//778
f 3609//635 3596//814 3825//843
f 3825//843 3596//814 3810//841
f 3825//843 3810//841 3826//780
f 3611//659 3826//780 3599//612
f 3599//612 3826//780 3810//841
f 3612//14 3600//817 3827//821
f 3827//821 3600//817 3811//199
f 3827//821 3811//199 3828//193
f 3811//199 3812//236 3828//193
f 3613//18 3829//18 3602//18
f 3602//18 3829//18 3813//18
f 3614//38 3603//14 3830//203
f 3830//203 3603//14 3814//201
f 3816//612 3831//258 3817//612
f 3817//612 3831//258 3832//614
f 3615//543 3831//258 3605//547
f 3605//547 3831//258 3816//612
f 3616//688 3617//24 3833//192
f 3833//192 3617//24 3834//291
f 3617//24 3618//24 3834//291
f 3834//291 3618//24 3835//736
f 3618//24 3606//125 3835//736
f 3835//736 3606//125 3818//125
f 3823//778 3836//833 3824//612
f 3824//612 3836//833 3837//258
f 3823//778 3825//843 3836//833
f 3836//833 3825//843 3838//618
f 3825//843 3826//780 3838//618
f 3838//618 3826//780 3839//616
f 3619//185 3839//616 3611//659
f 3611//659 3839//616 3826//780
f 3620//14 3612//14 3840//14
f 3840//14 3612//14 3827//821
f 3621//18 3841//18 3613//18
f 3613//18 3841//18 3829//18
f 3622//203 3614//38 3842//100
f 3842//100 3614//38 3830//203
f 3842//100 3830//203 3843//844
f 3842//100 3843//844 3844//845
f 3844//845 3843//844 3832//614
f 3844//845 3832//614 3831//258
f 3623//29 3844//845 3615//543
f 3615//543 3844//845 3831//258
f 3625//236 3616//688 3845//7
f 3845//7 3616//688 3833//192
f 3836//833 3846//699 3837//258
f 3837//258 3846//699 3847//258
f 3627//260 3846//699 3628//818
f 3628//818 3846//699 3836//833
f 3628//818 3836//833 3838//618
f 3628//818 3838//618 3630//820
f 3630//820 3838//618 3839//616
f 3630//820 3839//616 3619//185
f 3631//594 3620//14 3848//14
f 3848//14 3620//14 3840//14
f 3632//18 3849//18 3621//18
f 3621//18 3849//18 3841//18
f 3622//203 3842//100 3634//408
f 3634//408 3842//100 3635//64
f 3635//64 3842//100 3844//845
f 3635//64 3844//845 3623//29
f 3636//821 3637//193 3850//7
f 3850//7 3637//193 3851//125
f 3637//193 3625//236 3851//125
f 3851//125 3625//236 3845//7
f 3846//699 3852//612 3847//258
f 3847//258 3852//612 3853//612
f 3639//822 3852//612 3627//260
f 3627//260 3852//612 3846//699
f 3641//595 3631//594 3854//20
f 3854//20 3631//594 3848//14
f 3643//153 3855//18 3632//18
f 3632//18 3855//18 3849//18
f 3644//14 3636//821 3856//14
f 3856//14 3636//821 3850//7
f 3852//612 3857//737 3853//612
f 3646//547 3858//711 3639//822
f 3639//822 3858//711 3857//737
f 3639//822 3857//737 3852//612
f 3641//595 3854//20 3649//452
f 3649//452 3854//20 3859//498
f 3649//452 3859//498 3650//824
f 3650//824 3859//498 3860//344
f 3650//824 3860//344 3861//373
f 3650//824 3861//373 3643//153
f 3643//153 3861//373 3862//60
f 3643//153 3862//60 3855//18
f 3651//14 3644//14 3863//14
f 3863//14 3644//14 3856//14
f 3646//547 3652//611 3858//711
f 3858//711 3652//611 3864//656
f 3858//711 3864//656 3865//822
f 3652//611 3653//777 3864//656
f 3864//656 3653//777 3866//846
f 3653//777 3655//734 3866//846
f 3861//373 3860//344 3867//496
f 3861//373 3867//496 3862//60
f 3658//14 3651//14 3868//14
f 3868//14 3651//14 3863//14
f 3864//656 3869//841 3865//822
f 3865//822 3869//841 3870//547
f 3864//656 3866//846 3869//841
f 3869//841 3866//846 3871//603
f 3869//841 3871//603 3872//753
f 3655//734 3659//827 3866//846
f 3866//846 3659//827 3873//847
f 3866//846 3873//847 3871//603
f 3659//827 3661//576 3873//847
f 3873//847 3661//576 3874//547
f 3663//14 3658//14 3875//14
f 3875//14 3658//14 3868//14
f 3869//841 3876//586 3870//547
f 3869//841 3872//753 3876//586
f 3665//783 3877//543 3661//576
f 3661//576 3877//543 3874//547
f 3670//202 3669//716 3878//603
f 3669//716 3671//732 3878//603
f 3878//603 3671//732 3879//848
f 3671//732 3673//799 3879//848
f 3675//14 3663//14 3880//14
f 3880//14 3663//14 3875//14
f 3676//206 3881//29 3665//783
f 3665//783 3881//29 3877//543
f 3677//731 3678//774 3882//849
f 3678//774 3680//734 3882//849
f 3681//717 3682//603 3883//755
f 3682//603 3683//603 3883//755
f 3883//755 3683//603 3884//603
f 3683//603 3670//202 3884//603
f 3884//603 3670//202 3878//603
f 3884//603 3878//603 3885//850
f 3885//850 3878//603 3886//851
f 3878//603 3879//848 3886//851
f 3886//851 3879//848 3887//797
f 3673//799 3684//827 3879//848
f 3879//848 3684//827 3888//847
f 3879//848 3888//847 3887//797
f 3684//827 3686//570 3888//847
f 3888//847 3686//570 3889//655
f 3689//14 3675//14 3890//14
f 3890//14 3675//14 3880//14
f 3891//260 3892//29 3893//702
f 3691//741 3891//260 3692//828
f 3692//828 3891//260 3893//702
f 3692//828 3893//702 3894//852
f 3692//828 3894//852 3694//830
f 3694//830 3894//852 3895//64
f 3694//830 3895//64 3676//206
f 3676//206 3895//64 3881//29
f 3695//7 3696//125 3896//192
f 3896//192 3696//125 3897//853
f 3696//125 3677//731 3897//853
f 3897//853 3677//731 3882//849
f 3897//853 3882//849 3898//635
f 3680//734 3697//831 3882//849
f 3882//849 3697//831 3899//854
f 3882//849 3899//854 3898//635
f 3697//831 3681//717 3899//854
f 3899//854 3681//717 3883//755
f 3899//854 3883//755 3900//635
f 3883//755 3884//603 3900//635
f 3900//635 3884//603 3901//603
f 3884//603 3885//850 3901//603
f 3686//570 3698//832 3889//655
f 3889//655 3698//832 3902//855
f 3889//655 3902//855 3903//258
f 3698//832 3700//612 3902//855
f 3702//594 3689//14 3904//14
f 3904//14 3689//14 3890//14
f 3891//260 3905//260 3892//29
f 3892//29 3905//260 3906//856
f 3703//185 3905//260 3691//741
f 3691//741 3905//260 3891//260
f 3705//177 3695//7 3907//182
f 3907//182 3695//7 3896//192
f 3902//855 3908//258 3903//258
f 3903//258 3908//258 3909//258
f 3707//258 3908//258 3700//612
f 3700//612 3908//258 3902//855
f 3709//595 3702//594 3910//20
f 3910//20 3702//594 3904//14
f 3711//161 3911//21 3712//23
f 3712//23 3911//21 3912//23
f 3712//23 3912//23 3713//103
f 3713//103 3912//23 3913//103
f 3713//103 3913//103 3714//103
f 3714//103 3913//103 3914//103
f 3714//103 3914//103 3715//103
f 3715//103 3914//103 3915//131
f 3715//103 3915//131 3716//31
f 3716//31 3915//131 3906//856
f 3716//31 3906//856 3905//260
f 3716//31 3905//260 3703//185
f 3719//3 3718//105 3916//857
f 3916//857 3718//105 3917//531
f 3718//105 3720//377 3917//531
f 3917//531 3720//377 3918//325
f 3917//531 3918//325 3919//858
f 3721//577 3705//177 3918//325
f 3918//325 3705//177 3907//182
f 3918//325 3907//182 3919//858
f 3908//258 3920//258 3909//258
f 3909//258 3920//258 3921//258
f 3723//258 3920//258 3707//258
f 3707//258 3920//258 3908//258
f 3709//595 3910//20 3724//344
f 3724//344 3910//20 3922//149
f 3724//344 3922//149 3726//344
f 3726//344 3922//149 3923//149
f 3727//82 3924//250 3728//103
f 3728//103 3924//250 3925//859
f 3728//103 3925//859 3729//154
f 3729//154 3925//859 3926//860
f 3729//154 3926//860 3927//167
f 3730//29 3927//167 3711//161
f 3711//161 3927//167 3926//860
f 3711//161 3926//860 3911//21
f 3732//307 3719//3 3928//577
f 3928//577 3719//3 3916//857
f 3720//377 3734//104 3918//325
f 3734//104 3721//577 3918//325
f 3920//258 3929//258 3921//258
f 3921//258 3929//258 3930//614
f 3736//659 3929//258 3723//258
f 3723//258 3929//258 3920//258
f 3726//344 3923//149 3737//496
f 3737//496 3923//149 3931//103
f 3737//496 3931//103 3727//82
f 3727//82 3931//103 3924//250
f 3729//154 3927//167 3738//65
f 3738//65 3927//167 3730//29
f 3932//681 3933//157 3934//3
f 3740//276 3732//307 3932//681
f 3932//681 3732//307 3928//577
f 3932//681 3928//577 3933//157
f 3935//581 3936//578 3937//861
f 3935//581 3937//861 3938//862
f 3938//862 3937//861 3930//614
f 3938//862 3930//614 3929//258
f 3742//185 3938//862 3736//659
f 3736//659 3938//862 3929//258
f 3932//681 3934//3 3939//276
f 3939//276 3934//3 3940//492
f 3743//665 3740//276 3939//276
f 3939//276 3740//276 3932//681
f 3935//581 3941//863 3936//578
f 3744//21 3942//864 3745//835
f 3745//835 3942//864 3941//863
f 3745//835 3941//863 3938//862
f 3938//862 3941//863 3935//581
f 3745//835 3938//862 3742//185
f 3939//276 3940//492 3943//280
f 3943//280 3940//492 3944//390
f 3746//642 3743//665 3943//280
f 3943//280 3743//665 3939//276
f 3747//21 3945//30 3748//21
f 3748//21 3945//30 3946//30
f 3748//21 3946//30 3744//21
f 3744//21 3946//30 3942//864
f 3943//280 3944//390 3947//391
f 3749//557 3746//642 3948//641
f 3948//641 3746//642 3943//280
f 3948//641 3943//280 3947//391
f 3949//40 3950//30 3951//31
f 3752//30 3949//40 3753//94
f 3753//94 3949//40 3951//31
f 3753//94 3951//31 3952//31
f 3753//94 3952//31 3747//21
f 3747//21 3952//31 3945//30
f 3755//390 3749//557 3953//865
f 3953//865 3749//557 3948//641
f 3757//21 3954//21 3758//23
f 3758//23 3954//21 3955//94
f 3758//23 3955//94 3759//31
f 3759//31 3955//94 3950//30
f 3759//31 3950//30 3949//40
f 3759//31 3949//40 3752//30
f 3755//390 3953//865 3760//428
f 3760//428 3953//865 3956//807
f 3760//428 3956//807 3761//451
f 3761//451 3956//807 3957//368
f 3761//451 3957//368 3762//103
f 3762//103 3957//368 3958//866
f 3762//103 3958//866 3763//451
f 3763//451 3958//866 3959//344
f 3763//451 3959//344 3960//455
f 3763//451 3960//455 3764//477
f 3764//477 3960//455 3961//82
f 3764//477 3961//82 3962//23
f 3764//477 3962//23 3765//23
f 3765//23 3962//23 3963//23
f 3765//23 3963//23 3757//21
f 3757//21 3963//23 3954//21
f 3960//455 3959//344 3964//496
f 3960//455 3964//496 3961//82
f 3766//7 3767//126 3965//7
f 3965//7 3767//126 3966//126
f 3767//126 3768//77 3966//126
f 3966//126 3768//77 3967//77
f 3968//66 3969//2 3970//67
f 3968//66 3971//45 3969//2
f 3969//2 3971//45 3972//867
f 3971//45 3973//77 3972//867
f 3769//198 3766//7 3974//14
f 3974//14 3766//7 3965//7
f 3768//77 3770//25 3967//77
f 3967//77 3770//25 3975//219
f 3770//25 3771//187 3975//219
f 3975//219 3771//187 3968//66
f 3975//219 3968//66 3970//67
f 3771//187 3772//170 3968//66
f 3968//66 3772//170 3971//45
f 3772//170 3773//567 3971//45
f 3971//45 3773//567 3976//868
f 3971//45 3976//868 3973//77
f 3773//567 3775//5 3976//868
f 3976//868 3775//5 3977//25
f 3775//5 3776//36 3977//25
f 3977//25 3776//36 3978//77
f 3778//836 3769//198 3979//726
f 3979//726 3769//198 3974//14
f 3779//70 3980//79 3776//36
f 3776//36 3980//79 3981//80
f 3776//36 3981//80 3978//77
f 3980//79 3982//13 3981//80
f 3983//183 3984//125 3985//786
f 3781//764 3778//836 3983//183
f 3983//183 3778//836 3979//726
f 3983//183 3979//726 3984//125
f 3779//70 3782//6 3980//79
f 3782//6 3783//27 3980//79
f 3980//79 3783//27 3986//17
f 3980//79 3986//17 3982//13
f 3784//837 3785//767 3987//559
f 3987//559 3785//767 3983//183
f 3987//559 3983//183 3985//786
f 3785//767 3781//764 3983//183
f 3786//153 3988//18 3783//27
f 3783//27 3988//18 3986//17
f 3784//837 3987//559 3787//149
f 3787//149 3987//559 3989//149
f 3787//149 3989//149 3788//20
f 3788//20 3989//149 3990//20
f 3789//62 3991//869 3790//62
f 3790//62 3991//869 3786//153
f 3786//153 3991//869 3992//60
f 3786//153 3992//60 3988//18
f 3791//20 3788//20 3993//20
f 3993//20 3788//20 3990//20
f 3793//72 3994//407 3794//838
f 3794//838 3994//407 3789//62
f 3789//62 3994//407 3995//62
f 3789//62 3995//62 3991//869
f 3991//869 3995//62 3996//62
f 3991//869 3996//62 3992//60
f 3791//20 3993//20 3795//22
f 3795//22 3993//20 3997//22
f 3795//22 3997//22 3796//22
f 3796//22 3997//22 3998//22
f 3796//22 3998//22 3797//149
f 3797//149 3998//22 3999//149
f 4000//297 4001//72 4002//870
f 3798//30 4000//297 3799//435
f 3799//435 4000//297 4002//870
f 3799//435 4002//870 4003//871
f 3799//435 4003//871 3793//72
f 3793//72 4003//871 4004//84
f 3793//72 4004//84 3994//407
f 3994//407 4004//84 3995//62
f 3797//149 3999//149 3800//22
f 3800//22 3999//149 4005//136
f 3800//22 4005//136 3801//31
f 3801//31 4005//136 4001//72
f 3801//31 4001//72 4000//297
f 3801//31 4000//297 3798//30
f 3803//839 3804//635 4006//635
f 3804//635 3805//840 4006//635
f 3812//236 3803//839 4007//872
f 4007//872 3803//839 4006//635
f 4007//872 4006//635 4008//873
f 3813//18 4009//740 3805//840
f 3805//840 4009//740 4008//873
f 3805//840 4008//873 4006//635
f 3814//201 3815//635 4010//751
f 3815//635 3817//612 4010//751
f 3818//125 3819//24 4011//193
f 4011//193 3819//24 4012//291
f 3819//24 3820//842 4012//291
f 4012//291 3820//842 4013//739
f 3820//842 3821//797 4013//739
f 4013//739 3821//797 4014//874
f 4013//739 4014//874 4015//576
f 3821//797 3822//777 4014//874
f 4014//874 3822//777 4016//657
f 3822//777 3824//612 4016//657
f 3827//821 3828//193 4017//192
f 4017//192 3828//193 4018//193
f 3828//193 3812//236 4018//193
f 4018//193 3812//236 4007//872
f 3829//18 4019//18 3813//18
f 3813//18 4019//18 4009//740
f 3830//203 3814//201 4020//660
f 4020//660 3814//201 4010//751
f 3832//614 4020//660 3817//612
f 3817//612 4020//660 4010//751
f 3833//192 3834//291 4021//875
f 3834//291 3835//736 4021//875
f 4021//875 3835//736 4022//718
f 4021//875 4022//718 4023//717
f 3835//736 3818//125 4022//718
f 4022//718 3818//125 4011//193
f 4014//874 4024//780 4015//576
f 4015//576 4024//780 4025//543
f 4014//874 4016//657 4024//780
f 4024//780 4016//657 4026//780
f 3837//258 4026//780 3824//612
f 3824//612 4026//780 4016//657
f 3840//14 3827//821 4027//14
f 4027//14 3827//821 4017//192
f 3841//18 4028//18 3829//18
f 3829//18 4028//18 4019//18
f 3830//203 4020//660 3843//844
f 3843//844 4020//660 3832//614
f 3845//7 3833//192 4029//876
f 4029//876 3833//192 4021//875
f 4029//876 4021//875 4030//193
f 4021//875 4023//717 4030//193
f 4024//780 4031//780 4025//543
f 4025//543 4031//780 4032//543
f 4024//780 4026//780 4031//780
f 4031//780 4026//780 4033//780
f 3847//258 4033//780 3837//258
f 3837//258 4033//780 4026//780
f 3848//14 3840//14 4034//38
f 4034//38 3840//14 4027//14
f 3849//18 4035//18 3841//18
f 3841//18 4035//18 4028//18
f 3850//7 3851//125 4036//7
f 4036//7 3851//125 4037//125
f 3851//125 3845//7 4037//125
f 4037//125 3845//7 4029//876
f 4031//780 4038//780 4032//543
f 4032//543 4038//780 4039//543
f 4031//780 4033//780 4038//780
f 4038//780 4033//780 4040//625
f 3853//612 4040//625 3847//258
f 3847//258 4040//625 4033//780
f 3854//20 3848//14 4041//42
f 4041//42 3848//14 4034//38
f 3855//18 4042//28 3849//18
f 3849//18 4042//28 4035//18
f 3856//14 3850//7 4043//14
f 4043//14 3850//7 4036//7
f 4038//780 4044//657 4039//543
f 4039//543 4044//657 4045//547
f 4038//780 4040//625 4044//657
f 4044//657 4040//625 4046//629
f 3853//612 3857//737 4040//625
f 4040//625 3857//737 4047//877
f 4040//625 4047//877 4046//629
f 3857//737 3858//711 4047//877
f 3854//20 4041//42 3859//498
f 3859//498 4041//42 4048//227
f 3859//498 4048//227 3860//344
f 3860//344 4048//227 4049//227
f 3862//60 4050//29 3855//18
f 3855//18 4050//29 4042//28
f 3863//14 3856//14 4051//14
f 4051//14 3856//14 4043//14
f 4044//657 4052//569 4045//547
f 4044//657 4046//629 4052//569
f 4052//569 4046//629 4053//878
f 4046//629 4047//877 4053//878
f 4053//878 4047//877 4054//879
f 4053//878 4054//879 4055//570
f 3865//822 4054//879 3858//711
f 3858//711 4054//879 4047//877
f 3860//344 4049//227 3867//496
f 3867//496 4049//227 4056//65
f 3867//496 4056//65 3862//60
f 3862//60 4056//65 4050//29
f 3868//14 3863//14 4057//14
f 4057//14 3863//14 4051//14
f 4054//879 4058//880 4055//570
f 3870//547 4059//711 3865//822
f 3865//822 4059//711 4058//880
f 3865//822 4058//880 4054//879
f 3872//753 3871//603 4060//881
f 3871//603 3873//847 4060//881
f 4060//881 3873//847 4061//657
f 3873//847 3874//547 4061//657
f 3875//14 3868//14 4062//14
f 4062//14 3868//14 4057//14
f 3870//547 3876//586 4059//711
f 4059//711 3876//586 4063//791
f 4059//711 4063//791 4064//258
f 3876//586 3872//753 4063//791
f 4063//791 3872//753 4060//881
f 4063//791 4060//881 4065//406
f 4060//881 4061//657 4065//406
f 4065//406 4061//657 4066//780
f 3877//543 4066//780 3874//547
f 3874//547 4066//780 4061//657
f 3880//14 3875//14 4067//14
f 4067//14 3875//14 4062//14
f 4063//791 4068//658 4064//258
f 4064//258 4068//658 4069//882
f 4063//791 4065//406 4068//658
f 4068//658 4065//406 4070//618
f 4065//406 4066//780 4070//618
f 4070//618 4066//780 4071//616
f 3881//29 4071//616 3877//543
f 3877//543 4071//616 4066//780
f 3885//850 3886//851 4072//883
f 4072//883 3886//851 4073//774
f 3886//851 3887//797 4073//774
f 4073//774 3887//797 4074//609
f 4073//774 4074//609 4075//884
f 3887//797 3888//847 4074//609
f 4074//609 3888//847 4076//813
f 3888//847 3889//655 4076//813
f 3890//14 3880//14 4077//14
f 4077//14 3880//14 4067//14
f 3892//29 4078//885 3893//702
f 3893//702 4078//885 4069//882
f 3893//702 4069//882 4068//658
f 3893//702 4068//658 3894//852
f 3894//852 4068//658 4070//618
f 3894//852 4070//618 3895//64
f 3895//64 4070//618 4071//616
f 3895//64 4071//616 3881//29
f 3896//192 3897//853 4079//603
f 3897//853 3898//635 4079//603
f 4079//603 3898//635 4080//635
f 3898//635 3899//854 4080//635
f 4080//635 3899//854 4081//635
f 3899//854 3900//635 4081//635
f 4081//635 3900//635 4082//635
f 3900//635 3901//603 4082//635
f 4082//635 3901//603 4083//886
f 3901//603 3885//850 4083//886
f 4083//886 3885//850 4072//883
f 4083//886 4072//883 4084//887
f 4084//887 4072//883 4085//888
f 4084//887 4085//888 4086//889
f 4086//889 4085//888 4075//884
f 4086//889 4075//884 4087//890
f 4087//890 4075//884 4074//609
f 4074//609 4076//813 4087//890
f 4087//890 4076//813 4088//816
f 4087//890 4088//816 4089//612
f 3903//258 4088//816 3889//655
f 3889//655 4088//816 4076//813
f 3904//14 3890//14 4090//14
f 4090//14 3890//14 4077//14
f 3906//856 4091//29 3892//29
f 3892//29 4091//29 4078//885
f 3907//182 3896//192 4092//876
f 4092//876 3896//192 4079//603
f 4092//876 4079//603 4093//891
f 4079//603 4080//635 4093//891
f 4093//891 4080//635 4094//680
f 4080//635 4081//635 4094//680
f 4094//680 4081//635 4095//680
f 4081//635 4082//635 4095//680
f 4095//680 4082//635 4096//680
f 4082//635 4083//886 4096//680
f 4096//680 4083//886 4097//680
f 4083//886 4084//887 4097//680
f 4097//680 4084//887 4098//803
f 4084//887 4086//889 4098//803
f 4088//816 4099//258 4089//612
f 4089//612 4099//258 4100//822
f 3909//258 4099//258 3903//258
f 3903//258 4099//258 4088//816
f 3910//20 3904//14 4101//20
f 4101//20 3904//14 4090//14
f 3911//21 4102//21 3912//23
f 3912//23 4102//21 4103//23
f 3912//23 4103//23 3913//103
f 3913//103 4103//23 4104//103
f 3913//103 4104//103 3914//103
f 3914//103 4104//103 4105//103
f 3914//103 4105//103 3915//131
f 3915//131 4105//103 4106//31
f 3915//131 4106//31 3906//856
f 3906//856 4106//31 4091//29
f 4107//338 4108//2 4109//397
f 4107//338 4110//339 4108//2
f 4108//2 4110//339 4111//170
f 3916//857 3917//531 4110//339
f 4110//339 3917//531 4112//86
f 4110//339 4112//86 4111//170
f 3917//531 3919//858 4112//86
f 4112//86 3919//858 4113//24
f 3919//858 3907//182 4113//24
f 4113//24 3907//182 4092//876
f 4099//258 4114//258 4100//822
f 4100//822 4114//258 4115//543
f 3921//258 4114//258 3909//258
f 3909//258 4114//258 4099//258
f 3910//20 4101//20 3922//149
f 3922//149 4101//20 4116//149
f 3922//149 4116//149 3923//149
f 3923//149 4116//149 4117//149
f 3924//250 4118//81 3925//859
f 3925//859 4118//81 3926//860
f 3926//860 4118//81 4119//82
f 3926//860 4119//82 4120//21
f 3926//860 4120//21 3911//21
f 3911//21 4120//21 4102//21
f 4107//338 4109//397 4121//892
f 4107//338 4121//892 4110//339
f 4110//339 4121//892 4122//893
f 4110//339 4122//893 4123//712
f 3928//577 3916//857 4123//712
f 4123//712 3916//857 4110//339
f 4114//258 4124//260 4115//543
f 4115//543 4124//260 4125//783
f 3930//614 4124//260 3921//258
f 3921//258 4124//260 4114//258
f 3923//149 4117//149 3931//103
f 3931//103 4117//149 4126//83
f 3931//103 4126//83 3924//250
f 3924//250 4126//83 4127//84
f 3924//250 4127//84 4118//81
f 4118//81 4127//84 4119//82
f 3934//3 3933//157 4128//665
f 4128//665 3933//157 4123//712
f 4128//665 4123//712 4122//893
f 3933//157 3928//577 4123//712
f 3936//578 4129//894 3937//861
f 3937//861 4129//894 4125//783
f 3937//861 4125//783 4124//260
f 3937//861 4124//260 3930//614
f 3940//492 3934//3 4130//492
f 4130//492 3934//3 4128//665
f 3936//578 3941//863 4129//894
f 4129//894 3941//863 4131//267
f 4129//894 4131//267 4132//701
f 3941//863 3942//864 4131//267
f 3944//390 3940//492 4133//642
f 4133//642 3940//492 4130//492
f 4134//297 4135//30 4136//30
f 3945//30 4134//297 3946//30
f 3946//30 4134//297 4136//30
f 3946//30 4136//30 4131//267
f 4131//267 4136//30 4132//701
f 3946//30 4131//267 3942//864
f 3944//390 4133//642 3947//391
f 3947//391 4133//642 4137//557
f 3947//391 4137//557 4138//280
f 3947//391 4138//280 3948//641
f 3950//30 4139//21 3951//31
f 3951//31 4139//21 4140//94
f 3951//31 4140//94 3952//31
f 3952//31 4140//94 4135//30
f 3952//31 4135//30 4134//297
f 3952//31 4134//297 3945//30
f 4138//280 4137//557 4141//280
f 4141//280 4137//557 4142//390
f 3953//865 3948//641 4141//280
f 4141//280 3948//641 4138//280
f 3954//21 4143//21 3955//94
f 3955//94 4143//21 4144//21
f 3955//94 4144//21 3950//30
f 3950//30 4144//21 4139//21
f 4141//280 4142//390 4145//391
f 3953//865 4141//280 3956//807
f 3956//807 4141//280 4145//391
f 3956//807 4145//391 4146//285
f 4146//285 4145//391 4147//284
f 3956//807 4146//285 3957//368
f 3957//368 4146//285 4148//895
f 3957//368 4148//895 3958//866
f 3958//866 4148//895 4149//896
f 3958//866 4149//896 4150//496
f 3958//866 4150//496 3959//344
f 3959//344 4150//496 4151//344
f 3961//82 4152//174 3962//23
f 3962//23 4152//174 4153//23
f 3962//23 4153//23 3963//23
f 3963//23 4153//23 4154//23
f 3963//23 4154//23 3954//21
f 3954//21 4154//23 4143//21
f 4146//285 4147//284 4155//371
f 4146//285 4155//371 4148//895
f 4148//895 4155//371 4156//372
f 4148//895 4156//372 4157//897
f 4148//895 4157//897 4149//896
f 4149//896 4157//897 4158//504
f 3959//344 4151//344 3964//496
f 3964//496 4151//344 4159//724
f 3964//496 4159//724 3961//82
f 3961//82 4159//724 4152//174
f 4157//897 4156//372 4160//373
f 4157//897 4160//373 4158//504
f 3965//7 3966//126 4161//7
f 4161//7 3966//126 4162//126
f 3966//126 3967//77 4162//126
f 4162//126 3967//77 4163//77
f 3970//67 3969//2 4164//731
f 4164//731 3969//2 4165//774
f 3969//2 3972//867 4165//774
f 4165//774 3972//867 4166//898
f 4165//774 4166//898 4167//734
f 3972//867 3973//77 4166//898
f 3974//14 3965//7 4168//14
f 4168//14 3965//7 4161//7
f 3967//77 3975//219 4163//77
f 4163//77 3975//219 4169//126
f 3975//219 3970//67 4169//126
f 4169//126 3970//67 4164//731
f 4166//898 4170//899 4167//734
f 3973//77 3976//868 4166//898
f 4166//898 3976//868 4171//900
f 4166//898 4171//900 4170//899
f 3976//868 3977//25 4171//900
f 4171//900 3977//25 4172//151
f 3977//25 3978//77 4172//151
f 4172//151 3978//77 4173//77
f 3979//726 3974//14 4174//198
f 4174//198 3974//14 4168//14
f 3978//77 3981//80 4173//77
f 4173//77 3981//80 4175//77
f 3981//80 3982//13 4175//77
f 4175//77 3982//13 4176//89
f 3985//786 3984//125 4177//199
f 3984//125 3979//726 4177//199
f 4177//199 3979//726 4174//198
f 4177//199 4174//198 4178//633
f 3986//17 4179//18 3982//13
f 3982//13 4179//18 4176//89
f 3987//559 3985//786 4180//901
f 4180//901 3985//786 4177//199
f 4180//901 4177//199 4181//902
f 4177//199 4178//633 4181//902
f 3988//18 4182//18 3986//17
f 3986//17 4182//18 4179//18
f 3987//559 4180//901 3989//149
f 3989//149 4180//901 4183//227
f 3989//149 4183//227 3990//20
f 3990//20 4183//227 4184//903
f 3992//60 4185//19 3988//18
f 3988//18 4185//19 4182//18
f 3993//20 3990//20 4186//42
f 4186//42 3990//20 4184//903
f 3995//62 4187//21 3996//62
f 3996//62 4187//21 4188//21
f 3996//62 4188//21 3992//60
f 3992//60 4188//21 4185//19
f 3993//20 4186//42 3997//22
f 3997//22 4186//42 4189//95
f 3997//22 4189//95 3998//22
f 3998//22 4189//95 4190//211
f 3998//22 4190//211 3999//149
f 3999//149 4190//211 4191//149
f 4001//72 4192//81 4002//870
f 4002//870 4192//81 4003//871
f 4003//871 4192//81 4193//82
f 4003//871 4193//82 4194//23
f 4003//871 4194//23 4004//84
f 4004//84 4194//23 4195//23
f 4004//84 4195//23 3995//62
f 3995//62 4195//23 4187//21
f 3999//149 4191//149 4005//136
f 4005//136 4191//149 4196//83
f 4005//136 4196//83 4001//72
f 4001//72 4196//83 4197//84
f 4001//72 4197//84 4192//81
f 4192//81 4197//84 4193//82
f 4007//872 4008//873 4198//904
f 4198//904 4008//873 4199//564
f 4008//873 4009//740 4199//564
f 4199//564 4009//740 4200//547
f 4011//193 4012//291 4201//875
f 4012//291 4013//739 4201//875
f 4201//875 4013//739 4202//905
f 4201//875 4202//905 4203//753
f 4013//739 4015//576 4202//905
f 4202//905 4015//576 4204//547
f 4017//192 4018//193 4205//199
f 4018//193 4007//872 4205//199
f 4205//199 4007//872 4198//904
f 4205//199 4198//904 4206//750
f 4019//18 4207//906 4009//740
f 4009//740 4207//906 4200//547
f 4023//717 4022//718 4208//757
f 4022//718 4011//193 4208//757
f 4208//757 4011//193 4201//875
f 4208//757 4201//875 4209//717
f 4209//717 4201//875 4210//902
f 4201//875 4203//753 4210//902
f 4025//543 4211//543 4015//576
f 4015//576 4211//543 4204//547
f 4027//14 4017//192 4212//201
f 4212//201 4017//192 4205//199
f 4212//201 4205//199 4213//333
f 4205//199 4206//750 4213//333
f 4028//18 4214//18 4019//18
f 4019//18 4214//18 4207//906
f 4029//876 4030//193 4215//193
f 4215//193 4030//193 4216//853
f 4030//193 4023//717 4216//853
f 4216//853 4023//717 4208//757
f 4216//853 4208//757 4217//653
f 4208//757 4209//717 4217//653
f 4032//543 4218//543 4025//543
f 4025//543 4218//543 4211//543
f 4034//38 4027//14 4219//203
f 4219//203 4027//14 4212//201
f 4035//18 4220//28 4028//18
f 4028//18 4220//28 4214//18
f 4036//7 4037//125 4221//236
f 4221//236 4037//125 4222//193
f 4037//125 4029//876 4222//193
f 4222//193 4029//876 4215//193
f 4039//543 4223//543 4032//543
f 4032//543 4223//543 4218//543
f 4041//42 4034//38 4224//262
f 4224//262 4034//38 4219//203
f 4224//262 4219//203 4225//231
f 4224//262 4225//231 4226//458
f 4042//28 4227//29 4035//18
f 4035//18 4227//29 4220//28
f 4043//14 4036//7 4228//670
f 4228//670 4036//7 4221//236
f 4045//547 4229//576 4039//543
f 4039//543 4229//576 4223//543
f 4041//42 4224//262 4048//227
f 4048//227 4224//262 4049//227
f 4049//227 4224//262 4226//458
f 4049//227 4226//458 4230//167
f 4230//167 4226//458 4231//242
f 4050//29 4230//167 4042//28
f 4042//28 4230//167 4231//242
f 4042//28 4231//242 4227//29
f 4051//14 4043//14 4232//14
f 4232//14 4043//14 4228//670
f 4045//547 4052//569 4229//576
f 4229//576 4052//569 4233//677
f 4052//569 4053//878 4233//677
f 4233//677 4053//878 4234//569
f 4053//878 4055//570 4234//569
f 4234//569 4055//570 4235//691
f 4049//227 4230//167 4056//65
f 4056//65 4230//167 4050//29
f 4057//14 4051//14 4236//14
f 4236//14 4051//14 4232//14
f 4055//570 4058//880 4235//691
f 4235//691 4058//880 4237//855
f 4235//691 4237//855 4238//543
f 4058//880 4059//711 4237//855
f 4062//14 4057//14 4239//14
f 4239//14 4057//14 4236//14
f 4237//855 4240//258 4238//543
f 4238//543 4240//258 4241//543
f 4064//258 4240//258 4059//711
f 4059//711 4240//258 4237//855
f 4067//14 4062//14 4242//14
f 4242//14 4062//14 4239//14
f 4240//258 4243//612 4241//543
f 4241//543 4243//612 4244//547
f 4069//882 4243//612 4064//258
f 4064//258 4243//612 4240//258
f 4072//883 4073//774 4245//406
f 4073//774 4075//884 4245//406
f 4077//14 4067//14 4246//14
f 4246//14 4067//14 4242//14
f 4243//612 4247//570 4244//547
f 4078//885 4248//907 4069//882
f 4069//882 4248//907 4247//570
f 4069//882 4247//570 4243//612
f 4072//883 4245//406 4085//888
f 4085//888 4245//406 4075//884
f 4086//889 4087//890 4249//908
f 4087//890 4089//612 4249//908
f 4090//14 4077//14 4250//14
f 4250//14 4077//14 4246//14
f 4251//39 4252//43 4253//41
f 4091//29 4251//39 4078//885
f 4078//885 4251//39 4253//41
f 4078//885 4253//41 4248//907
f 4092//876 4093//891 4254//67
f 4254//67 4093//891 4255//76
f 4093//891 4094//680 4255//76
f 4255//76 4094//680 4256//126
f 4094//680 4095//680 4256//126
f 4256//126 4095//680 4257//126
f 4095//680 4096//680 4257//126
f 4257//126 4096//680 4258//126
f 4096//680 4097//680 4258//126
f 4258//126 4097//680 4259//695
f 4097//680 4098//803 4259//695
f 4259//695 4098//803 4260//788
f 4259//695 4260//788 4261//734
f 4098//803 4086//889 4260//788
f 4260//788 4086//889 4249//908
f 4260//788 4249//908 4262//789
f 4100//822 4262//789 4089//612
f 4089//612 4262//789 4249//908
f 4101//20 4090//14 4263//20
f 4263//20 4090//14 4250//14
f 4102//21 4264//250 4103//23
f 4103//23 4264//250 4265//251
f 4103//23 4265//251 4104//103
f 4104//103 4265//251 4266//477
f 4104//103 4266//477 4105//103
f 4105//103 4266//477 4267//109
f 4105//103 4267//109 4106//31
f 4106//31 4267//109 4252//43
f 4106//31 4252//43 4251//39
f 4106//31 4251//39 4091//29
f 4109//397 4108//2 4268//14
f 4268//14 4108//2 4269//24
f 4108//2 4111//170 4269//24
f 4269//24 4111//170 4270//126
f 4111//170 4112//86 4270//126
f 4270//126 4112//86 4271//126
f 4112//86 4113//24 4271//126
f 4271//126 4113//24 4272//111
f 4113//24 4092//876 4272//111
f 4272//111 4092//876 4254//67
f 4260//788 4273//719 4261//734
f 4260//788 4262//789 4273//719
f 4273//719 4262//789 4274//677
f 4115//543 4275//740 4100//822
f 4100//822 4275//740 4274//677
f 4100//822 4274//677 4262//789
f 4101//20 4263//20 4116//149
f 4116//149 4263//20 4276//524
f 4116//149 4276//524 4117//149
f 4117//149 4276//524 4277//344
f 4119//82 4278//21 4120//21
f 4120//21 4278//21 4279//21
f 4120//21 4279//21 4102//21
f 4102//21 4279//21 4264//250
f 4109//397 4268//14 4121//892
f 4121//892 4268//14 4280//524
f 4121//892 4280//524 4122//893
f 4122//893 4280//524 4281//525
f 4125//783 4282//18 4115//543
f 4115//543 4282//18 4275//740
f 4117//149 4277//344 4126//83
f 4126//83 4277//344 4283//909
f 4126//83 4283//909 4127//84
f 4127//84 4283//909 4284//23
f 4127//84 4284//23 4119//82
f 4119//82 4284//23 4278//21
f 4285//681 4286//157 4287//138
f 4128//665 4122//893 4285//681
f 4285//681 4122//893 4281//525
f 4285//681 4281//525 4286//157
f 4129//894 4288//18 4125//783
f 4125//783 4288//18 4282//18
f 4285//681 4287//138 4289//276
f 4289//276 4287//138 4290//276
f 4130//492 4128//665 4289//276
f 4289//276 4128//665 4285//681
f 4132//701 4291//19 4129//894
f 4129//894 4291//19 4288//18
f 4289//276 4290//276 4292//280
f 4292//280 4290//276 4293//280
f 4133//642 4130//492 4292//280
f 4292//280 4130//492 4289//276
f 4135//30 4294//21 4136//30
f 4136//30 4294//21 4295//21
f 4136//30 4295//21 4132//701
f 4132//701 4295//21 4291//19
f 4292//280 4293//280 4296//284
f 4137//557 4133//642 4297//746
f 4297//746 4133//642 4292//280
f 4297//746 4292//280 4296//284
f 4139//21 4298//21 4140//94
f 4140//94 4298//21 4299//21
f 4140//94 4299//21 4135//30
f 4135//30 4299//21 4294//21
f 4142//390 4137//557 4300//594
f 4300//594 4137//557 4297//746
f 4143//21 4301//21 4144//21
f 4144//21 4301//21 4302//21
f 4144//21 4302//21 4139//21
f 4139//21 4302//21 4298//21
f 4142//390 4300//594 4145//391
f 4145//391 4300//594 4303//595
f 4145//391 4303//595 4304//473
f 4145//391 4304//473 4147//284
f 4149//896 4305//373 4150//496
f 4150//496 4305//373 4151//344
f 4152//174 4306//60 4153//23
f 4153//23 4306//60 4307//251
f 4153//23 4307//251 4154//23
f 4154//23 4307//251 4308//528
f 4154//23 4308//528 4143//21
f 4143//21 4308//528 4301//21
f 4304//473 4303//595 4309//391
f 4147//284 4304//473 4155//371
f 4155//371 4304//473 4309//391
f 4155//371 4309//391 4310//403
f 4310//403 4309//391 4311//495
f 4155//371 4310//403 4156//372
f 4158//504 4312//153 4149//896
f 4149//896 4312//153 4313//724
f 4149//896 4313//724 4305//373
f 4151//344 4305//373 4159//724
f 4159//724 4305//373 4313//724
f 4159//724 4313//724 4314//373
f 4314//373 4313//724 4315//344
f 4159//724 4314//373 4152//174
f 4152//174 4314//373 4316//60
f 4152//174 4316//60 4306//60
f 4310//403 4311//495 4317//527
f 4156//372 4310//403 4160//373
f 4160//373 4310//403 4317//527
f 4160//373 4317//527 4318//373
f 4318//373 4317//527 4319//495
f 4160//373 4318//373 4158//504
f 4158//504 4318//373 4320//60
f 4158//504 4320//60 4312//153
f 4314//373 4315//344 4321//496
f 4314//373 4321//496 4316//60
f 4318//373 4319//495 4322//289
f 4318//373 4322//289 4320//60
f 4161//7 4162//126 4323//192
f 4323//192 4162//126 4324//564
f 4162//126 4163//77 4324//564
f 4324//564 4163//77 4325//570
f 4164//731 4165//774 4326//571
f 4165//774 4167//734 4326//571
f 4327//910 4328//2 4329//67
f 4327//910 4330//45 4328//2
f 4328//2 4330//45 4331//5
f 4330//45 4332//6 4331//5
f 4168//14 4161//7 4333//14
f 4333//14 4161//7 4323//192
f 4163//77 4169//126 4325//570
f 4325//570 4169//126 4334//676
f 4169//126 4164//731 4334//676
f 4334//676 4164//731 4326//571
f 4334//676 4326//571 4335//911
f 4167//734 4170//899 4326//571
f 4326//571 4170//899 4327//910
f 4326//571 4327//910 4335//911
f 4335//911 4327//910 4329//67
f 4170//899 4171//900 4327//910
f 4327//910 4171//900 4330//45
f 4171//900 4172//151 4330//45
f 4330//45 4172//151 4336//135
f 4330//45 4336//135 4332//6
f 4172//151 4173//77 4336//135
f 4336//135 4173//77 4337//77
f 4174//198 4168//14 4338//14
f 4338//14 4168//14 4333//14
f 4173//77 4175//77 4337//77
f 4337//77 4175//77 4339//77
f 4175//77 4176//89 4339//77
f 4339//77 4176//89 4340//89
f 4178//633 4174//198 4341//198
f 4341//198 4174//198 4338//14
f 4179//18 4342//18 4176//89
f 4176//89 4342//18 4340//89
f 4180//901 4181//902 4343//689
f 4181//902 4178//633 4343//689
f 4343//689 4178//633 4341//198
f 4343//689 4341//198 4344//381
f 4182//18 4345//18 4179//18
f 4179//18 4345//18 4342//18
f 4180//901 4343//689 4183//227
f 4183//227 4343//689 4184//903
f 4184//903 4343//689 4344//381
f 4184//903 4344//381 4346//53
f 4185//19 4347//19 4182//18
f 4182//18 4347//19 4345//18
f 4186//42 4184//903 4348//226
f 4348//226 4184//903 4346//53
f 4348//226 4346//53 4349//227
f 4348//226 4349//227 4350//144
f 4187//21 4351//21 4188//21
f 4188//21 4351//21 4352//21
f 4188//21 4352//21 4185//19
f 4185//19 4352//21 4347//19
f 4186//42 4348//226 4189//95
f 4189//95 4348//226 4190//211
f 4190//211 4348//226 4350//144
f 4190//211 4350//144 4353//149
f 4190//211 4353//149 4191//149
f 4191//149 4353//149 4354//149
f 4193//82 4355//21 4194//23
f 4194//23 4355//21 4356//23
f 4194//23 4356//23 4195//23
f 4195//23 4356//23 4357//23
f 4195//23 4357//23 4187//21
f 4187//21 4357//23 4351//21
f 4191//149 4354//149 4196//83
f 4196//83 4354//149 4358//22
f 4196//83 4358//22 4197//84
f 4197//84 4358//22 4359//23
f 4197//84 4359//23 4193//82
f 4193//82 4359//23 4355//21
f 4198//904 4199//564 4360//751
f 4199//564 4200//547 4360//751
f 4203//753 4202//905 4361//841
f 4202//905 4204//547 4361//841
f 4206//750 4198//904 4362//709
f 4362//709 4198//904 4360//751
f 4207//906 4362//709 4200//547
f 4200//547 4362//709 4360//751
f 4209//717 4210//902 4363//912
f 4210//902 4203//753 4363//912
f 4363//912 4203//753 4361//841
f 4363//912 4361//841 4364//780
f 4211//543 4364//780 4204//547
f 4204//547 4364//780 4361//841
f 4212//201 4213//333 4365//750
f 4213//333 4206//750 4365//750
f 4365//750 4206//750 4362//709
f 4365//750 4362//709 4366//750
f 4366//750 4362//709 4367//635
f 4214//18 4368//738 4207//906
f 4207//906 4368//738 4367//635
f 4207//906 4367//635 4362//709
f 4215//193 4216//853 4369//875
f 4216//853 4217//653 4369//875
f 4369//875 4217//653 4370//913
f 4369//875 4370//913 4371//717
f 4217//653 4209//717 4370//913
f 4370//913 4209//717 4363//912
f 4370//913 4363//912 4372//914
f 4372//914 4363//912 4373//657
f 4363//912 4364//780 4373//657
f 4373//657 4364//780 4374//915
f 4218//543 4374//915 4211//543
f 4211//543 4374//915 4364//780
f 4219//203 4212//201 4375//246
f 4375//246 4212//201 4365//750
f 4365//750 4366//750 4375//246
f 4375//246 4366//750 4376//246
f 4220//28 4377//29 4214//18
f 4214//18 4377//29 4368//738
f 4221//236 4222//193 4378//750
f 4222//193 4215//193 4378//750
f 4378//750 4215//193 4369//875
f 4378//750 4369//875 4379//694
f 4379//694 4369//875 4380//193
f 4369//875 4371//717 4380//193
f 4373//657 4381//827 4372//914
f 4373//657 4374//915 4381//827
f 4381//827 4374//915 4382//816
f 4381//827 4382//816 4383//576
f 4223//543 4382//816 4218//543
f 4218//543 4382//816 4374//915
f 4219//203 4375//246 4225//231
f 4225//231 4375//246 4226//458
f 4226//458 4375//246 4376//246
f 4226//458 4376//246 4384//167
f 4384//167 4376//246 4385//242
f 4227//29 4384//167 4220//28
f 4220//28 4384//167 4385//242
f 4220//28 4385//242 4377//29
f 4228//670 4221//236 4386//750
f 4386//750 4221//236 4378//750
f 4378//750 4379//694 4386//750
f 4386//750 4379//694 4387//236
f 4382//816 4388//612 4383//576
f 4383//576 4388//612 4389//547
f 4229//576 4388//612 4223//543
f 4223//543 4388//612 4382//816
f 4226//458 4384//167 4231//242
f 4231//242 4384//167 4227//29
f 4232//14 4228//670 4390//821
f 4390//821 4228//670 4386//750
f 4390//821 4386//750 4391//193
f 4386//750 4387//236 4391//193
f 4388//612 4392//570 4389//547
f 4229//576 4233//677 4388//612
f 4388//612 4233//677 4393//609
f 4388//612 4393//609 4392//570
f 4392//570 4393//609 4394//570
f 4233//677 4234//569 4393//609
f 4393//609 4234//569 4395//609
f 4234//569 4235//691 4395//609
f 4236//14 4232//14 4396//14
f 4396//14 4232//14 4390//821
f 4393//609 4397//569 4394//570
f 4393//609 4395//609 4397//569
f 4397//569 4395//609 4398//677
f 4238//543 4399//740 4235//691
f 4235//691 4399//740 4398//677
f 4235//691 4398//677 4395//609
f 4239//14 4236//14 4400//14
f 4400//14 4236//14 4396//14
f 4241//543 4401//18 4238//543
f 4238//543 4401//18 4399//740
f 4242//14 4239//14 4402//14
f 4402//14 4239//14 4400//14
f 4244//547 4403//89 4241//543
f 4241//543 4403//89 4401//18
f 4246//14 4242//14 4404//14
f 4404//14 4242//14 4402//14
f 4244//547 4247//570 4403//89
f 4403//89 4247//570 4405//916
f 4247//570 4248//907 4405//916
f 4405//916 4248//907 4406//578
f 4250//14 4246//14 4407//14
f 4407//14 4246//14 4404//14
f 4408//40 4409//30 4410//31
f 4252//43 4408//40 4253//41
f 4253//41 4408//40 4410//31
f 4253//41 4410//31 4411//31
f 4253//41 4411//31 4248//907
f 4248//907 4411//31 4406//578
f 4412//96 4413//2 4414//67
f 4254//67 4255//76 4412//96
f 4412//96 4255//76 4415//86
f 4412//96 4415//86 4413//2
f 4255//76 4256//126 4415//86
f 4415//86 4256//126 4416//126
f 4256//126 4257//126 4416//126
f 4416//126 4257//126 4417//735
f 4257//126 4258//126 4417//735
f 4417//735 4258//126 4418//732
f 4258//126 4259//695 4418//732
f 4418//732 4259//695 4419//898
f 4418//732 4419//898 4420//734
f 4259//695 4261//734 4419//898
f 4263//20 4250//14 4421//594
f 4421//594 4250//14 4407//14
f 4264//250 4422//81 4265//251
f 4265//251 4422//81 4266//477
f 4266//477 4422//81 4423//82
f 4266//477 4423//82 4424//94
f 4266//477 4424//94 4267//109
f 4267//109 4424//94 4409//30
f 4267//109 4409//30 4408//40
f 4267//109 4408//40 4252//43
f 4268//14 4269//24 4425//917
f 4425//917 4269//24 4426//24
f 4269//24 4270//126 4426//24
f 4426//24 4270//126 4427//126
f 4270//126 4271//126 4427//126
f 4427//126 4271//126 4428//106
f 4271//126 4272//111 4428//106
f 4428//106 4272//111 4412//96
f 4428//106 4412//96 4414//67
f 4272//111 4254//67 4412//96
f 4419//898 4429//609 4420//734
f 4261//734 4273//719 4419//898
f 4419//898 4273//719 4430//758
f 4419//898 4430//758 4429//609
f 4273//719 4274//677 4430//758
f 4430//758 4274//677 4431//569
f 4274//677 4275//740 4431//569
f 4431//569 4275//740 4432//811
f 4263//20 4421//594 4276//524
f 4276//524 4421//594 4433//557
f 4276//524 4433//557 4434//450
f 4276//524 4434//450 4277//344
f 4278//21 4435//21 4279//21
f 4279//21 4435//21 4436//918
f 4279//21 4436//918 4264//250
f 4264//250 4436//918 4437//84
f 4264//250 4437//84 4422//81
f 4422//81 4437//84 4423//82
f 4268//14 4425//917 4280//524
f 4280//524 4425//917 4438//919
f 4280//524 4438//919 4439//558
f 4280//524 4439//558 4281//525
f 4282//18 4440//18 4275//740
f 4275//740 4440//18 4432//811
f 4434//450 4433//557 4441//920
f 4441//920 4433//557 4442//390
f 4277//344 4434//450 4283//909
f 4283//909 4434//450 4441//920
f 4283//909 4441//920 4443//921
f 4443//921 4441//920 4444//494
f 4283//909 4443//921 4284//23
f 4284//23 4443//921 4445//528
f 4284//23 4445//528 4278//21
f 4278//21 4445//528 4435//21
f 4287//138 4286//157 4446//413
f 4446//413 4286//157 4439//558
f 4446//413 4439//558 4438//919
f 4286//157 4281//525 4439//558
f 4288//18 4447//28 4282//18
f 4282//18 4447//28 4440//18
f 4441//920 4442//390 4448//496
f 4441//920 4448//496 4444//494
f 4449//681 4450//157 4451//3
f 4290//276 4287//138 4449//681
f 4449//681 4287//138 4446//413
f 4449//681 4446//413 4450//157
f 4291//19 4452//29 4288//18
f 4288//18 4452//29 4447//28
f 4449//681 4451//3 4453//280
f 4453//280 4451//3 4454//390
f 4293//280 4290//276 4453//280
f 4453//280 4290//276 4449//681
f 4294//21 4455//21 4295//21
f 4295//21 4455//21 4456//179
f 4295//21 4456//179 4291//19
f 4291//19 4456//179 4452//29
f 4453//280 4454//390 4457//391
f 4293//280 4453//280 4296//284
f 4296//284 4453//280 4457//391
f 4296//284 4457//391 4458//284
f 4458//284 4457//391 4459//284
f 4296//284 4458//284 4297//746
f 4298//21 4460//21 4299//21
f 4299//21 4460//21 4461//21
f 4299//21 4461//21 4294//21
f 4294//21 4461//21 4455//21
f 4458//284 4459//284 4462//403
f 4300//594 4297//746 4463//641
f 4463//641 4297//746 4458//284
f 4463//641 4458//284 4462//403
f 4301//21 4464//21 4302//21
f 4302//21 4464//21 4465//21
f 4302//21 4465//21 4298//21
f 4298//21 4465//21 4460//21
f 4303//595 4300//594 4466//642
f 4466//642 4300//594 4463//641
f 4306//60 4467//81 4307//251
f 4307//251 4467//81 4308//528
f 4308//528 4467//81 4468//82
f 4308//528 4468//82 4469//21
f 4308//528 4469//21 4301//21
f 4301//21 4469//21 4464//21
f 4303//595 4466//642 4309//391
f 4309//391 4466//642 4470//595
f 4309//391 4470//595 4471//473
f 4309//391 4471//473 4311//495
f 4312//153 4472//60 4313//724
f 4313//724 4472//60 4473//496
f 4313//724 4473//496 4315//344
f 4315//344 4473//496 4474//344
f 4316//60 4475//174 4306//60
f 4306//60 4475//174 4476//62
f 4306//60 4476//62 4467//81
f 4467//81 4476//62 4468//82
f 4471//473 4470//595 4477//391
f 4311//495 4471//473 4317//527
f 4317//527 4471//473 4477//391
f 4317//527 4477//391 4478//473
f 4478//473 4477//391 4479//284
f 4317//527 4478//473 4319//495
f 4320//60 4480//19 4312//153
f 4312//153 4480//19 4472//60
f 4315//344 4474//344 4321//496
f 4321//496 4474//344 4481//436
f 4321//496 4481//436 4316//60
f 4316//60 4481//436 4475//174
f 4478//473 4479//284 4482//400
f 4319//495 4478//473 4322//289
f 4322//289 4478//473 4482//400
f 4322//289 4482//400 4483//528
f 4322//289 4483//528 4320//60
f 4320//60 4483//528 4480//19
f 4323//192 4324//564 4484//922
f 4324//564 4325//570 4484//922
f 4329//67 4328//2 4485//67
f 4485//67 4328//2 4486//76
f 4328//2 4331//5 4486//76
f 4486//76 4331//5 4487//25
f 4331//5 4332//6 4487//25
f 4487//25 4332//6 4488//77
f 4333//14 4323//192 4489//821
f 4489//821 4323//192 4484//922
f 4489//821 4484//922 4490//802
f 4325//570 4334//676 4484//922
f 4484//922 4334//676 4491//923
f 4484//922 4491//923 4490//802
f 4334//676 4335//911 4491//923
f 4491//923 4335//911 4492//111
f 4335//911 4329//67 4492//111
f 4492//111 4329//67 4485//67
f 4332//6 4336//135 4488//77
f 4488//77 4336//135 4493//77
f 4336//135 4337//77 4493//77
f 4493//77 4337//77 4494//26
f 4338//14 4333//14 4495//14
f 4495//14 4333//14 4489//821
f 4337//77 4339//77 4494//26
f 4494//26 4339//77 4496//6
f 4339//77 4340//89 4496//6
f 4496//6 4340//89 4497//27
f 4341//198 4338//14 4498//14
f 4498//14 4338//14 4495//14
f 4342//18 4499//18 4340//89
f 4340//89 4499//18 4497//27
f 4344//381 4341//198 4500//14
f 4500//14 4341//198 4498//14
f 4345//18 4501//18 4342//18
f 4342//18 4501//18 4499//18
f 4346//53 4344//381 4502//20
f 4502//20 4344//381 4500//14
f 4347//19 4503//19 4345//18
f 4345//18 4503//19 4501//18
f 4346//53 4502//20 4349//227
f 4349//227 4502//20 4504//149
f 4349//227 4504//149 4350//144
f 4350//144 4504//149 4505//149
f 4351//21 4506//21 4352//21
f 4352//21 4506//21 4507//21
f 4352//21 4507//21 4347//19
f 4347//19 4507//21 4503//19
f 4350//144 4505//149 4353//149
f 4353//149 4505//149 4508//149
f 4353//149 4508//149 4354//149
f 4354//149 4508//149 4509//154
f 4355//21 4510//30 4356//23
f 4356//23 4510//30 4511//131
f 4356//23 4511//131 4357//23
f 4357//23 4511//131 4512//23
f 4357//23 4512//23 4351//21
f 4351//21 4512//23 4506//21
f 4354//149 4509//154 4358//22
f 4358//22 4509//154 4513//95
f 4358//22 4513//95 4359//23
f 4359//23 4513//95 4514//64
f 4359//23 4514//64 4355//21
f 4355//21 4514//64 4510//30
f 4366//750 4367//635 4515//751
f 4367//635 4368//738 4515//751
f 4371//717 4370//913 4516//849
f 4370//913 4372//914 4516//849
f 4376//246 4366//750 4517//660
f 4517//660 4366//750 4515//751
f 4377//29 4517//660 4368//738
f 4368//738 4517//660 4515//751
f 4379//694 4380//193 4518//192
f 4518//192 4380//193 4519//853
f 4380//193 4371//717 4519//853
f 4519//853 4371//717 4516//849
f 4519//853 4516//849 4520//635
f 4372//914 4381//827 4516//849
f 4516//849 4381//827 4521//924
f 4516//849 4521//924 4520//635
f 4381//827 4383//576 4521//924
f 4521//924 4383//576 4522//89
f 4376//246 4517//660 4385//242
f 4385//242 4517//660 4377//29
f 4387//236 4379//694 4523//7
f 4523//7 4379//694 4518//192
f 4389//547 4524//89 4383//576
f 4383//576 4524//89 4522//89
f 4390//821 4391//193 4525//7
f 4525//7 4391//193 4526//125
f 4391//193 4387//236 4526//125
f 4526//125 4387//236 4523//7
f 4389//547 4392//570 4524//89
f 4524//89 4392//570 4527//77
f 4392//570 4394//570 4527//77
f 4527//77 4394//570 4528//26
f 4396//14 4390//821 4529//14
f 4529//14 4390//821 4525//7
f 4394//570 4397//569 4528//26
f 4528//26 4397//569 4530//5
f 4397//569 4398//677 4530//5
f 4530//5 4398//677 4531//151
f 4398//677 4399//740 4531//151
f 4531//151 4399//740 4532//89
f 4400//14 4396//14 4533//14
f 4533//14 4396//14 4529//14
f 4401//18 4534//18 4399//740
f 4399//740 4534//18 4532//89
f 4402//14 4400//14 4535//14
f 4535//14 4400//14 4533//14
f 4403//89 4536//266 4401//18
f 4401//18 4536//266 4534//18
f 4404//14 4402//14 4537//14
f 4537//14 4402//14 4535//14
f 4403//89 4405//916 4536//266
f 4536//266 4405//916 4538//267
f 4536//266 4538//267 4539//856
f 4405//916 4406//578 4538//267
f 4407//14 4404//14 4540//14
f 4540//14 4404//14 4537//14
f 4409//30 4541//21 4410//31
f 4410//31 4541//21 4542//94
f 4410//31 4542//94 4411//31
f 4411//31 4542//94 4539//856
f 4411//31 4539//856 4538//267
f 4411//31 4538//267 4406//578
f 4414//67 4413//2 4543//67
f 4543//67 4413//2 4544//76
f 4413//2 4415//86 4544//76
f 4544//76 4415//86 4545//126
f 4415//86 4416//126 4545//126
f 4545//126 4416//126 4546//695
f 4416//126 4417//735 4546//695
f 4546//695 4417//735 4547//609
f 4546//695 4547//609 4548//734
f 4417//735 4418//732 4547//609
f 4547//609 4418//732 4549//609
f 4418//732 4420//734 4549//609
f 4421//594 4407//14 4550//14
f 4550//14 4407//14 4540//14
f 4423//82 4551//30 4424//94
f 4424//94 4551//30 4552//94
f 4424//94 4552//94 4409//30
f 4409//30 4552//94 4541//21
f 4425//917 4426//24 4553//7
f 4553//7 4426//24 4554//24
f 4426//24 4427//126 4554//24
f 4554//24 4427//126 4555//126
f 4427//126 4428//106 4555//126
f 4555//126 4428//106 4556//111
f 4428//106 4414//67 4556//111
f 4556//111 4414//67 4543//67
f 4547//609 4557//719 4548//734
f 4547//609 4549//609 4557//719
f 4557//719 4549//609 4558//677
f 4420//734 4429//609 4549//609
f 4549//609 4429//609 4559//609
f 4549//609 4559//609 4558//677
f 4558//677 4559//609 4560//570
f 4429//609 4430//758 4559//609
f 4559//609 4430//758 4561//635
f 4430//758 4431//569 4561//635
f 4561//635 4431//569 4562//609
f 4431//569 4432//811 4562//609
f 4433//557 4421//594 4563//14
f 4563//14 4421//594 4550//14
f 4435//21 4564//21 4436//918
f 4436//918 4564//21 4565//23
f 4436//918 4565//23 4437//84
f 4437//84 4565//23 4566//31
f 4437//84 4566//31 4423//82
f 4423//82 4566//31 4551//30
f 4438//919 4425//917 4567//182
f 4567//182 4425//917 4553//7
f 4559//609 4568//569 4560//570
f 4559//609 4561//635 4568//569
f 4568//569 4561//635 4569//680
f 4561//635 4562//609 4569//680
f 4569//680 4562//609 4570//925
f 4440//18 4571//738 4432//811
f 4432//811 4571//738 4570//925
f 4432//811 4570//925 4562//609
f 4442//390 4433//557 4572//20
f 4572//20 4433//557 4563//14
f 4444//494 4573//81 4443//921
f 4443//921 4573//81 4445//528
f 4445//528 4573//81 4574//82
f 4445//528 4574//82 4575//21
f 4445//528 4575//21 4435//21
f 4435//21 4575//21 4564//21
f 4576//183 4577//67 4578//3
f 4446//413 4438//919 4576//183
f 4576//183 4438//919 4567//182
f 4576//183 4567//182 4577//67
f 4447//28 4579//29 4440//18
f 4440//18 4579//29 4571//738
f 4442//390 4572//20 4448//496
f 4448//496 4572//20 4580//926
f 4448//496 4580//926 4444//494
f 4444//494 4580//926 4581//927
f 4444//494 4581//927 4573//81
f 4573//81 4581//927 4574//82
f 4451//3 4450//157 4582//9
f 4582//9 4450//157 4576//183
f 4582//9 4576//183 4578//3
f 4450//157 4446//413 4576//183
f 4583//39 4584//184 4585//248
f 4452//29 4583//39 4447//28
f 4447//28 4583//39 4585//248
f 4447//28 4585//248 4579//29
f 4454//390 4451//3 4586//594
f 4586//594 4451//3 4582//9
f 4455//21 4587//185 4456//179
f 4456//179 4587//185 4584//184
f 4456//179 4584//184 4583//39
f 4456//179 4583//39 4452//29
f 4454//390 4586//594 4457//391
f 4457//391 4586//594 4588//595
f 4457//391 4588//595 4589//473
f 4457//391 4589//473 4459//284
f 4460//21 4590//21 4461//21
f 4461//21 4590//21 4591//179
f 4461//21 4591//179 4455//21
f 4455//21 4591//179 4587//185
f 4589//473 4588//595 4592//391
f 4459//284 4589//473 4462//403
f 4462//403 4589//473 4592//391
f 4462//403 4592//391 4593//280
f 4593//280 4592//391 4594//588
f 4462//403 4593//280 4463//641
f 4464//21 4595//21 4465//21
f 4465//21 4595//21 4596//21
f 4465//21 4596//21 4460//21
f 4460//21 4596//21 4590//21
f 4593//280 4594//588 4597//280
f 4597//280 4594//588 4598//390
f 4466//642 4463//641 4597//280
f 4597//280 4463//641 4593//280
f 4468//82 4599//21 4469//21
f 4469//21 4599//21 4600//21
f 4469//21 4600//21 4464//21
f 4464//21 4600//21 4595//21
f 4597//280 4598//390 4601//391
f 4470//595 4466//642 4602//928
f 4602//928 4466//642 4597//280
f 4602//928 4597//280 4601//391
f 4472//60 4603//373 4473//496
f 4473//496 4603//373 4474//344
f 4475//174 4604//21 4476//62
f 4476//62 4604//21 4605//21
f 4476//62 4605//21 4468//82
f 4468//82 4605//21 4599//21
f 4470//595 4602//928 4477//391
f 4477//391 4602//928 4606//595
f 4477//391 4606//595 4607//473
f 4477//391 4607//473 4479//284
f 4480//19 4608//174 4472//60
f 4472//60 4608//174 4609//824
f 4472//60 4609//824 4603//373
f 4474//344 4603//373 4481//436
f 4481//436 4603//373 4609//824
f 4481//436 4609//824 4610//23
f 4481//436 4610//23 4475//174
f 4475//174 4610//23 4604//21
f 4607//473 4606//595 4611//391
f 4479//284 4607//473 4482//400
f 4482//400 4607//473 4611//391
f 4482//400 4611//391 4612//455
f 4612//455 4611//391 4613//929
f 4482//400 4612//455 4483//528
f 4483//528 4612//455 4614//930
f 4483//528 4614//930 4615//94
f 4483//528 4615//94 4480//19
f 4480//19 4615//94 4608//174
f 4612//455 4613//929 4616//103
f 4612//455 4616//103 4614//930
f 4617//96 4618//410 4619//532
f 4485//67 4486//76 4617//96
f 4617//96 4486//76 4620//931
f 4617//96 4620//931 4618//410
f 4486//76 4487//25 4620//931
f 4620//931 4487//25 4621//25
f 4487//25 4488//77 4621//25
f 4621//25 4488//77 4622//77
f 4489//821 4490//802 4623//7
f 4623//7 4490//802 4624//24
f 4490//802 4491//923 4624//24
f 4624//24 4491//923 4625//106
f 4491//923 4492//111 4625//106
f 4625//106 4492//111 4617//96
f 4625//106 4617//96 4619//532
f 4492//111 4485//67 4617//96
f 4488//77 4493//77 4622//77
f 4622//77 4493//77 4626//217
f 4493//77 4494//26 4626//217
f 4626//217 4494//26 4627//34
f 4626//217 4627//34 4628//5
f 4627//34 4629//13 4628//5
f 4495//14 4489//821 4630//14
f 4630//14 4489//821 4623//7
f 4494//26 4496//6 4627//34
f 4496//6 4497//27 4627//34
f 4627//34 4497//27 4631//17
f 4627//34 4631//17 4629//13
f 4498//14 4495//14 4632//14
f 4632//14 4495//14 4630//14
f 4499//18 4633//18 4497//27
f 4497//27 4633//18 4631//17
f 4500//14 4498//14 4634//14
f 4634//14 4498//14 4632//14
f 4501//18 4635//18 4499//18
f 4499//18 4635//18 4633//18
f 4502//20 4500//14 4636//20
f 4636//20 4500//14 4634//14
f 4503//19 4637//19 4501//18
f 4501//18 4637//19 4635//18
f 4502//20 4636//20 4504//149
f 4504//149 4636//20 4638//149
f 4504//149 4638//149 4505//149
f 4505//149 4638//149 4639//149
f 4506//21 4640//21 4507//21
f 4507//21 4640//21 4641//21
f 4507//21 4641//21 4503//19
f 4503//19 4641//21 4637//19
f 4505//149 4639//149 4508//149
f 4508//149 4639//149 4642//212
f 4508//149 4642//212 4509//154
f 4509//154 4642//212 4643//932
f 4509//154 4643//932 4644//195
f 4644//195 4643//932 4645//71
f 4645//71 4643//932 4646//103
f 4510//30 4645//71 4511//131
f 4511//131 4645//71 4646//103
f 4511//131 4646//103 4647//477
f 4511//131 4647//477 4512//23
f 4512//23 4647//477 4648//23
f 4512//23 4648//23 4506//21
f 4506//21 4648//23 4640//21
f 4509//154 4644//195 4513//95
f 4513//95 4644//195 4514//64
f 4514//64 4644//195 4645//71
f 4514//64 4645//71 4510//30
f 4518//192 4519//853 4649//603
f 4519//853 4520//635 4649//603
f 4649//603 4520//635 4650//715
f 4520//635 4521//924 4650//715
f 4650//715 4521//924 4651//905
f 4650//715 4651//905 4652//753
f 4521//924 4522//89 4651//905
f 4651//905 4522//89 4653//547
f 4523//7 4518//192 4654//602
f 4654//602 4518//192 4649//603
f 4654//602 4649//603 4655//603
f 4649//603 4650//715 4655//603
f 4655//603 4650//715 4656//603
f 4650//715 4652//753 4656//603
f 4524//89 4657//576 4522//89
f 4522//89 4657//576 4653//547
f 4525//7 4526//125 4658//7
f 4658//7 4526//125 4659//125
f 4526//125 4523//7 4659//125
f 4659//125 4523//7 4654//602
f 4524//89 4527//77 4657//576
f 4657//576 4527//77 4660//933
f 4527//77 4528//26 4660//933
f 4660//933 4528//26 4661//133
f 4660//933 4661//133 4662//934
f 4661//133 4663//59 4662//934
f 4529//14 4525//7 4664//14
f 4664//14 4525//7 4658//7
f 4528//26 4530//5 4661//133
f 4530//5 4531//151 4661//133
f 4661//133 4531//151 4665//935
f 4661//133 4665//935 4663//59
f 4531//151 4532//89 4665//935
f 4665//935 4532//89 4666//547
f 4533//14 4529//14 4667//14
f 4667//14 4529//14 4664//14
f 4534//18 4668//543 4532//89
f 4532//89 4668//543 4666//547
f 4535//14 4533//14 4669//14
f 4669//14 4533//14 4667//14
f 4536//266 4670//543 4534//18
f 4534//18 4670//543 4668//543
f 4537//14 4535//14 4671//14
f 4671//14 4535//14 4669//14
f 4539//856 4672//29 4536//266
f 4536//266 4672//29 4670//543
f 4540//14 4537//14 4673//14
f 4673//14 4537//14 4671//14
f 4541//21 4674//21 4542//94
f 4542//94 4674//21 4675//179
f 4542//94 4675//179 4539//856
f 4539//856 4675//179 4672//29
f 4676//96 4677//410 4678//532
f 4543//67 4544//76 4676//96
f 4676//96 4544//76 4679//936
f 4676//96 4679//936 4677//410
f 4544//76 4545//126 4679//936
f 4679//936 4545//126 4680//732
f 4545//126 4546//695 4680//732
f 4680//732 4546//695 4681//898
f 4680//732 4681//898 4682//734
f 4546//695 4548//734 4681//898
f 4550//14 4540//14 4683//14
f 4683//14 4540//14 4673//14
f 4684//297 4685//54 4686//937
f 4551//30 4684//297 4552//94
f 4552//94 4684//297 4686//937
f 4552//94 4686//937 4687//23
f 4552//94 4687//23 4541//21
f 4541//21 4687//23 4674//21
f 4553//7 4554//24 4688//7
f 4688//7 4554//24 4689//24
f 4554//24 4555//126 4689//24
f 4689//24 4555//126 4690//106
f 4555//126 4556//111 4690//106
f 4690//106 4556//111 4676//96
f 4690//106 4676//96 4678//532
f 4556//111 4543//67 4676//96
f 4681//898 4691//938 4682//734
f 4548//734 4557//719 4681//898
f 4681//898 4557//719 4692//923
f 4681//898 4692//923 4691//938
f 4557//719 4558//677 4692//923
f 4692//923 4558//677 4693//25
f 4558//677 4560//570 4693//25
f 4693//25 4560//570 4694//77
f 4563//14 4550//14 4695//14
f 4695//14 4550//14 4683//14
f 4564//21 4696//21 4565//23
f 4565//23 4696//21 4697//765
f 4565//23 4697//765 4566//31
f 4566//31 4697//765 4685//54
f 4566//31 4685//54 4684//297
f 4566//31 4684//297 4551//30
f 4567//182 4553//7 4698//7
f 4698//7 4553//7 4688//7
f 4560//570 4568//569 4694//77
f 4694//77 4568//569 4699//25
f 4568//569 4569//680 4699//25
f 4699//25 4569//680 4700//695
f 4569//680 4570//925 4700//695
f 4700//695 4570//925 4701//612
f 4700//695 4701//612 4702//612
f 4570//925 4571//738 4701//612
f 4572//20 4563//14 4703//594
f 4703//594 4563//14 4695//14
f 4574//82 4704//21 4575//21
f 4575//21 4704//21 4705//21
f 4575//21 4705//21 4564//21
f 4564//21 4705//21 4696//21
f 4578//3 4577//67 4706//7
f 4706//7 4577//67 4707//125
f 4577//67 4567//182 4707//125
f 4707//125 4567//182 4698//7
f 4701//612 4708//260 4702//612
f 4702//612 4708//260 4709//659
f 4579//29 4708//260 4571//738
f 4571//738 4708//260 4701//612
f 4572//20 4703//594 4580//926
f 4580//926 4703//594 4710//595
f 4580//926 4710//595 4711//455
f 4580//926 4711//455 4581//927
f 4581//927 4711//455 4712//82
f 4581//927 4712//82 4713//21
f 4581//927 4713//21 4574//82
f 4574//82 4713//21 4704//21
f 4582//9 4578//3 4714//14
f 4714//14 4578//3 4706//7
f 4584//184 4715//185 4585//248
f 4585//248 4715//185 4709//659
f 4585//248 4709//659 4708//260
f 4585//248 4708//260 4579//29
f 4711//455 4710//595 4716//496
f 4711//455 4716//496 4712//82
f 4586//594 4582//9 4717//14
f 4717//14 4582//9 4714//14
f 4718//39 4719//184 4720//248
f 4587//185 4718//39 4584//184
f 4584//184 4718//39 4720//248
f 4584//184 4720//248 4715//185
f 4588//595 4586//594 4721//594
f 4721//594 4586//594 4717//14
f 4590//21 4722//185 4591//179
f 4591//179 4722//185 4719//184
f 4591//179 4719//184 4718//39
f 4591//179 4718//39 4587//185
f 4588//595 4721//594 4592//391
f 4592//391 4721//594 4723//595
f 4592//391 4723//595 4724//527
f 4592//391 4724//527 4594//588
f 4595//21 4725//21 4596//21
f 4596//21 4725//21 4726//179
f 4596//21 4726//179 4590//21
f 4590//21 4726//179 4722//185
f 4724//527 4723//595 4727//391
f 4598//390 4594//588 4728//928
f 4728//928 4594//588 4724//527
f 4728//928 4724//527 4727//391
f 4599//21 4729//30 4600//21
f 4600//21 4729//30 4730//94
f 4600//21 4730//94 4595//21
f 4595//21 4730//94 4725//21
f 4598//390 4728//928 4601//391
f 4601//391 4728//928 4731//595
f 4601//391 4731//595 4732//527
f 4601//391 4732//527 4602//928
f 4604//21 4733//174 4605//21
f 4605//21 4733//174 4734//179
f 4605//21 4734//179 4599//21
f 4599//21 4734//179 4729//30
f 4732//527 4731//595 4735//391
f 4606//595 4602//928 4736//928
f 4736//928 4602//928 4732//527
f 4736//928 4732//527 4735//391
f 4608//174 4737//250 4609//824
f 4609//824 4737//250 4738//251
f 4609//824 4738//251 4610//23
f 4610//23 4738//251 4739//324
f 4610//23 4739//324 4604//21
f 4604//21 4739//324 4733//174
f 4606//595 4736//928 4611//391
f 4611//391 4736//928 4740//595
f 4611//391 4740//595 4741//939
f 4611//391 4741//939 4613//929
f 4613//929 4741//939 4742//940
f 4613//929 4742//940 4743//941
f 4743//941 4742//940 4744//942
f 4614//930 4743//941 4615//94
f 4615//94 4743//941 4744//942
f 4615//94 4744//942 4745//528
f 4615//94 4745//528 4608//174
f 4608//174 4745//528 4737//250
f 4741//939 4740//595 4746//496
f 4613//929 4743//941 4616//103
f 4741//939 4746//496 4742//940
f 4616//103 4743//941 4614//930
f 4619//532 4618//410 4747//650
f 4618//410 4620//931 4747//650
f 4747//650 4620//931 4748//943
f 4747//650 4748//943 4749//125
f 4620//931 4621//25 4748//943
f 4748//943 4621//25 4750//25
f 4621//25 4622//77 4750//25
f 4750//25 4622//77 4751//26
f 4623//7 4624//24 4752//7
f 4752//7 4624//24 4753//24
f 4624//24 4625//106 4753//24
f 4753//24 4625//106 4754//842
f 4625//106 4619//532 4754//842
f 4754//842 4619//532 4747//650
f 4754//842 4747//650 4755//944
f 4747//650 4749//125 4755//944
f 4622//77 4626//217 4751//26
f 4751//26 4626//217 4756//5
f 4626//217 4628//5 4756//5
f 4756//5 4628//5 4757//151
f 4628//5 4629//13 4757//151
f 4757//151 4629//13 4758//89
f 4630//14 4623//7 4759//14
f 4759//14 4623//7 4752//7
f 4631//17 4760//18 4629//13
f 4629//13 4760//18 4758//89
f 4632//14 4630//14 4761//14
f 4761//14 4630//14 4759//14
f 4633//18 4762//18 4631//17
f 4631//17 4762//18 4760//18
f 4634//14 4632//14 4763//14
f 4763//14 4632//14 4761//14
f 4635//18 4764//18 4633//18
f 4633//18 4764//18 4762//18
f 4636//20 4634//14 4765//20
f 4765//20 4634//14 4763//14
f 4637//19 4766//19 4635//18
f 4635//18 4766//19 4764//18
f 4636//20 4765//20 4638//149
f 4638//149 4765//20 4767//149
f 4638//149 4767//149 4639//149
f 4639//149 4767//149 4768//149
f 4640//21 4769//21 4641//21
f 4641//21 4769//21 4770//21
f 4641//21 4770//21 4637//19
f 4637//19 4770//21 4766//19
f 4639//149 4768//149 4642//212
f 4642//212 4768//149 4771//22
f 4642//212 4771//22 4643//932
f 4643//932 4771//22 4772//555
f 4643//932 4772//555 4646//103
f 4646//103 4772//555 4773//344
f 4646//103 4773//344 4774//455
f 4646//103 4774//455 4647//477
f 4647//477 4774//455 4775//82
f 4647//477 4775//82 4776//23
f 4647//477 4776//23 4648//23
f 4648//23 4776//23 4777//23
f 4648//23 4777//23 4640//21
f 4640//21 4777//23 4769//21
f 4774//455 4773//344 4778//496
f 4774//455 4778//496 4775//82
f 4779//277 4780//126 4781//945
f 4779//277 4782//946 4780//126
f 4652//753 4651//905 4783//841
f 4651//905 4653//547 4783//841
f 4779//277 4781//945 4784//287
f 4784//287 4781//945 4785//492
f 4779//277 4784//287 4782//946
f 4782//946 4784//287 4786//113
f 4654//602 4655//603 4787//755
f 4655//603 4656//603 4787//755
f 4787//755 4656//603 4788//947
f 4656//603 4652//753 4788//947
f 4788//947 4652//753 4783//841
f 4788//947 4783//841 4789//874
f 4657//576 4789//874 4653//547
f 4653//547 4789//874 4783//841
f 4784//287 4785//492 4790//948
f 4790//948 4785//492 4791//492
f 4784//287 4790//948 4786//113
f 4786//113 4790//948 4792//113
f 4658//7 4659//125 4793//192
f 4793//192 4659//125 4794//853
f 4659//125 4654//602 4794//853
f 4794//853 4654//602 4787//755
f 4794//853 4787//755 4795//679
f 4787//755 4788//947 4795//679
f 4795//679 4788//947 4796//797
f 4788//947 4789//874 4796//797
f 4796//797 4789//874 4797//609
f 4657//576 4660//933 4789//874
f 4789//874 4660//933 4798//949
f 4789//874 4798//949 4797//609
f 4797//609 4798//949 4799//799
f 4660//933 4662//934 4798//949
f 4798//949 4662//934 4790//948
f 4798//949 4790//948 4800//329
f 4800//329 4790//948 4791//492
f 4662//934 4663//59 4790//948
f 4790//948 4663//59 4801//950
f 4790//948 4801//950 4792//113
f 4664//14 4658//7 4802//14
f 4802//14 4658//7 4793//192
f 4798//949 4803//635 4799//799
f 4798//949 4800//329 4803//635
f 4663//59 4665//935 4801//950
f 4801//950 4665//935 4804//855
f 4801//950 4804//855 4805//258
f 4665//935 4666//547 4804//855
f 4667//14 4664//14 4806//14
f 4806//14 4664//14 4802//14
f 4804//855 4807//258 4805//258
f 4805//258 4807//258 4808//258
f 4668//543 4807//258 4666//547
f 4666//547 4807//258 4804//855
f 4669//14 4667//14 4809//14
f 4809//14 4667//14 4806//14
f 4807//258 4810//258 4808//258
f 4808//258 4810//258 4811//258
f 4670//543 4810//258 4668//543
f 4668//543 4810//258 4807//258
f 4671//14 4669//14 4812//14
f 4812//14 4669//14 4809//14
f 4810//258 4813//260 4811//258
f 4811//258 4813//260 4814//659
f 4672//29 4813//260 4670//543
f 4670//543 4813//260 4810//258
f 4673//14 4671//14 4815//14
f 4815//14 4671//14 4812//14
f 4674//21 4816//185 4675//179
f 4675//179 4816//185 4814//659
f 4675//179 4814//659 4813//260
f 4675//179 4813//260 4672//29
f 4678//532 4677//410 4817//755
f 4677//410 4679//936 4817//755
f 4817//755 4679//936 4818//635
f 4679//936 4680//732 4818//635
f 4818//635 4680//732 4819//848
f 4680//732 4682//734 4819//848
f 4683//14 4673//14 4820//14
f 4820//14 4673//14 4815//14
f 4821//40 4822//184 4823//31
f 4685//54 4821//40 4686//937
f 4686//937 4821//40 4823//31
f 4686//937 4823//31 4824//103
f 4686//937 4824//103 4687//23
f 4687//23 4824//103 4825//31
f 4687//23 4825//31 4674//21
f 4674//21 4825//31 4816//185
f 4688//7 4689//24 4826//290
f 4826//290 4689//24 4827//24
f 4689//24 4690//106 4827//24
f 4827//24 4690//106 4828//842
f 4690//106 4678//532 4828//842
f 4828//842 4678//532 4817//755
f 4828//842 4817//755 4829//680
f 4817//755 4818//635 4829//680
f 4829//680 4818//635 4830//680
f 4818//635 4819//848 4830//680
f 4830//680 4819//848 4831//680
f 4682//734 4691//938 4819//848
f 4819//848 4691//938 4832//923
f 4819//848 4832//923 4831//680
f 4691//938 4692//923 4832//923
f 4832//923 4692//923 4833//735
f 4692//923 4693//25 4833//735
f 4833//735 4693//25 4834//569
f 4693//25 4694//77 4834//569
f 4834//569 4694//77 4835//570
f 4695//14 4683//14 4836//14
f 4836//14 4683//14 4820//14
f 4696//21 4837//185 4697//765
f 4697//765 4837//185 4822//184
f 4697//765 4822//184 4821//40
f 4697//765 4821//40 4685//54
f 4698//7 4688//7 4838//3
f 4838//3 4688//7 4826//290
f 4694//77 4699//25 4835//570
f 4835//570 4699//25 4839//951
f 4699//25 4700//695 4839//951
f 4839//951 4700//695 4840//612
f 4839//951 4840//612 4841//696
f 4700//695 4702//612 4840//612
f 4703//594 4695//14 4842//38
f 4842//38 4695//14 4836//14
f 4704//21 4843//30 4705//21
f 4705//21 4843//30 4844//30
f 4705//21 4844//30 4696//21
f 4696//21 4844//30 4837//185
f 4706//7 4707//125 4845//952
f 4845//952 4707//125 4846//67
f 4707//125 4698//7 4846//67
f 4846//67 4698//7 4838//3
f 4840//612 4847//258 4841//696
f 4841//696 4847//258 4848//543
f 4709//659 4847//258 4702//612
f 4702//612 4847//258 4840//612
f 4710//595 4703//594 4849//42
f 4849//42 4703//594 4842//38
f 4712//82 4850//30 4713//21
f 4713//21 4850//30 4851//30
f 4713//21 4851//30 4704//21
f 4704//21 4851//30 4843//30
f 4714//14 4706//7 4852//492
f 4852//492 4706//7 4845//952
f 4847//258 4853//260 4848//543
f 4848//543 4853//260 4854//783
f 4715//185 4853//260 4709//659
f 4709//659 4853//260 4847//258
f 4710//595 4849//42 4716//496
f 4716//496 4849//42 4855//65
f 4716//496 4855//65 4712//82
f 4712//82 4855//65 4850//30
f 4717//14 4714//14 4856//492
f 4856//492 4714//14 4852//492
f 4719//184 4857//206 4720//248
f 4720//248 4857//206 4854//783
f 4720//248 4854//783 4853//260
f 4720//248 4853//260 4715//185
f 4721//594 4717//14 4858//492
f 4858//492 4717//14 4856//492
f 4859//39 4860//184 4861//107
f 4722//185 4859//39 4719//184
f 4719//184 4859//39 4861//107
f 4719//184 4861//107 4857//206
f 4723//595 4721//594 4862//642
f 4862//642 4721//594 4858//492
f 4725//21 4863//185 4726//179
f 4726//179 4863//185 4860//184
f 4726//179 4860//184 4859//39
f 4726//179 4859//39 4722//185
f 4723//595 4862//642 4727//391
f 4727//391 4862//642 4864//595
f 4727//391 4864//595 4865//527
f 4727//391 4865//527 4728//928
f 4866//40 4867//205 4868//31
f 4729//30 4866//40 4730//94
f 4730//94 4866//40 4868//31
f 4730//94 4868//31 4869//31
f 4730//94 4869//31 4725//21
f 4725//21 4869//31 4863//185
f 4865//527 4864//595 4870//391
f 4731//595 4728//928 4871//928
f 4871//928 4728//928 4865//527
f 4871//928 4865//527 4870//391
f 4733//174 4872//747 4734//179
f 4734//179 4872//747 4867//205
f 4734//179 4867//205 4866//40
f 4734//179 4866//40 4729//30
f 4731//595 4871//928 4735//391
f 4735//391 4871//928 4873//595
f 4735//391 4873//595 4874//527
f 4735//391 4874//527 4736//928
f 4737//250 4875//286 4738//251
f 4738//251 4875//286 4739//324
f 4739//324 4875//286 4876//286
f 4739//324 4876//286 4733//174
f 4733//174 4876//286 4877//60
f 4733//174 4877//60 4872//747
f 4874//527 4873//595 4878//344
f 4740//595 4736//928 4879//953
f 4879//953 4736//928 4874//527
f 4879//953 4874//527 4878//344
f 4742//940 4880//954 4744//942
f 4744//942 4880//954 4745//528
f 4745//528 4880//954 4881//896
f 4745//528 4881//896 4882//955
f 4745//528 4882//955 4737//250
f 4737//250 4882//955 4883//956
f 4737//250 4883//956 4875//286
f 4875//286 4883//956 4876//286
f 4876//286 4883//956 4884//251
f 4876//286 4884//251 4877//60
f 4740//595 4879//953 4746//496
f 4746//496 4879//953 4885//957
f 4746//496 4885//957 4742//940
f 4742//940 4885//957 4886//958
f 4742//940 4886//958 4880//954
f 4880//954 4886//958 4887//897
f 4880//954 4887//897 4881//896
f 4881//896 4887//897 4888//122
f 4887//897 4886//958 4889//496
f 4887//897 4889//496 4888//122
f 4890//96 4891//2 4892//67
f 4749//125 4748//943 4890//96
f 4890//96 4748//943 4893//86
f 4890//96 4893//86 4891//2
f 4748//943 4750//25 4893//86
f 4893//86 4750//25 4894//168
f 4750//25 4751//26 4894//168
f 4894//168 4751//26 4895//133
f 4894//168 4895//133 4896//5
f 4895//133 4897//6 4896//5
f 4752//7 4753//24 4898//7
f 4898//7 4753//24 4899//24
f 4753//24 4754//842 4899//24
f 4899//24 4754//842 4900//106
f 4754//842 4755//944 4900//106
f 4900//106 4755//944 4890//96
f 4900//106 4890//96 4892//67
f 4755//944 4749//125 4890//96
f 4751//26 4756//5 4895//133
f 4756//5 4757//151 4895//133
f 4895//133 4757//151 4901//135
f 4895//133 4901//135 4897//6
f 4757//151 4758//89 4901//135
f 4901//135 4758//89 4902//89
f 4759//14 4752//7 4903//14
f 4903//14 4752//7 4898//7
f 4760//18 4904//18 4758//89
f 4758//89 4904//18 4902//89
f 4761//14 4759//14 4905//14
f 4905//14 4759//14 4903//14
f 4762//18 4906//18 4760//18
f 4760//18 4906//18 4904//18
f 4763//14 4761//14 4907//14
f 4907//14 4761//14 4905//14
f 4764//18 4908//18 4762//18
f 4762//18 4908//18 4906//18
f 4765//20 4763//14 4909//20
f 4909//20 4763//14 4907//14
f 4766//19 4910//19 4764//18
f 4764//18 4910//19 4908//18
f 4765//20 4909//20 4767//149
f 4767//149 4909//20 4911//149
f 4767//149 4911//149 4768//149
f 4768//149 4911//149 4912//149
f 4769//21 4913//21 4770//21
f 4770//21 4913//21 4914//21
f 4770//21 4914//21 4766//19
f 4766//19 4914//21 4910//19
f 4768//149 4912//149 4771//22
f 4771//22 4912//149 4915//22
f 4771//22 4915//22 4772//555
f 4772//555 4915//22 4916//22
f 4772//555 4916//22 4773//344
f 4773//344 4916//22 4917//154
f 4775//82 4918//30 4776//23
f 4776//23 4918//30 4919//131
f 4776//23 4919//131 4777//23
f 4777//23 4919//131 4920//23
f 4777//23 4920//23 4769//21
f 4769//21 4920//23 4913//21
f 4773//344 4917//154 4778//496
f 4778//496 4917//154 4921//65
f 4778//496 4921//65 4775//82
f 4775//82 4921//65 4918//30
f 4781//945 4780//126 4922//635
f 4780//126 4782//946 4922//635
f 4785//492 4781//945 4923//201
f 4923//201 4781//945 4922//635
f 4923//201 4922//635 4924//635
f 4786//113 4925//738 4782//946
f 4782//946 4925//738 4924//635
f 4782//946 4924//635 4922//635
f 4791//492 4785//492 4926//208
f 4926//208 4785//492 4923//201
f 4792//113 4927//543 4786//113
f 4786//113 4927//543 4925//738
f 4793//192 4794//853 4928//875
f 4794//853 4795//679 4928//875
f 4928//875 4795//679 4929//752
f 4928//875 4929//752 4930//753
f 4795//679 4796//797 4929//752
f 4929//752 4796//797 4931//959
f 4929//752 4931//959 4932//612
f 4796//797 4797//609 4931//959
f 4931//959 4797//609 4933//960
f 4797//609 4799//799 4933//960
f 4800//329 4791//492 4934//961
f 4934//961 4791//492 4926//208
f 4801//950 4935//29 4792//113
f 4792//113 4935//29 4927//543
f 4802//14 4793//192 4936//201
f 4936//201 4793//192 4928//875
f 4936//201 4928//875 4937//902
f 4928//875 4930//753 4937//902
f 4931//959 4938//657 4932//612
f 4932//612 4938//657 4939//612
f 4931//959 4933//960 4938//657
f 4938//657 4933//960 4940//629
f 4799//799 4803//635 4933//960
f 4933//960 4803//635 4941//962
f 4933//960 4941//962 4940//629
f 4803//635 4800//329 4941//962
f 4941//962 4800//329 4934//961
f 4941//962 4934//961 4942//963
f 4942//963 4934//961 4943//242
f 4805//258 4942//963 4801//950
f 4801//950 4942//963 4943//242
f 4801//950 4943//242 4935//29
f 4806//14 4802//14 4944//670
f 4944//670 4802//14 4936//201
f 4938//657 4945//609 4939//612
f 4938//657 4940//629 4945//609
f 4945//609 4940//629 4946//777
f 4940//629 4941//962 4946//777
f 4946//777 4941//962 4947//798
f 4946//777 4947//798 4948//964
f 4941//962 4942//963 4947//798
f 4947//798 4942//963 4949//915
f 4808//258 4949//915 4805//258
f 4805//258 4949//915 4942//963
f 4809//14 4806//14 4950//14
f 4950//14 4806//14 4944//670
f 4947//798 4951//965 4948//964
f 4947//798 4949//915 4951//965
f 4951//965 4949//915 4952//816
f 4951//965 4952//816 4953//612
f 4811//258 4952//816 4808//258
f 4808//258 4952//816 4949//915
f 4812//14 4809//14 4954//14
f 4954//14 4809//14 4950//14
f 4952//816 4955//258 4953//612
f 4953//612 4955//258 4956//258
f 4814//659 4955//258 4811//258
f 4811//258 4955//258 4952//816
f 4815//14 4812//14 4957//14
f 4957//14 4812//14 4954//14
f 4955//258 4958//260 4956//258
f 4956//258 4958//260 4959//260
f 4816//185 4958//260 4814//659
f 4814//659 4958//260 4955//258
f 4820//14 4815//14 4960//14
f 4960//14 4815//14 4957//14
f 4822//184 4961//21 4823//31
f 4823//31 4961//21 4962//197
f 4823//31 4962//197 4824//103
f 4824//103 4962//197 4963//828
f 4824//103 4963//828 4825//31
f 4825//31 4963//828 4959//260
f 4825//31 4959//260 4958//260
f 4825//31 4958//260 4816//185
f 4826//290 4827//24 4964//141
f 4964//141 4827//24 4965//24
f 4827//24 4828//842 4965//24
f 4965//24 4828//842 4966//126
f 4828//842 4829//680 4966//126
f 4966//126 4829//680 4967//126
f 4829//680 4830//680 4967//126
f 4967//126 4830//680 4968//126
f 4830//680 4831//680 4968//126
f 4968//126 4831//680 4969//126
f 4831//680 4832//923 4969//126
f 4969//126 4832//923 4970//608
f 4832//923 4833//735 4970//608
f 4970//608 4833//735 4971//609
f 4970//608 4971//609 4972//570
f 4833//735 4834//569 4971//609
f 4971//609 4834//569 4973//609
f 4834//569 4835//570 4973//609
f 4836//14 4820//14 4974//14
f 4974//14 4820//14 4960//14
f 4975//39 4976//297 4977//966
f 4837//185 4975//39 4822//184
f 4822//184 4975//39 4977//966
f 4822//184 4977//966 4961//21
f 4978//142 4979//67 4980//67
f 4838//3 4826//290 4978//142
f 4978//142 4826//290 4964//141
f 4978//142 4964//141 4979//67
f 4971//609 4981//611 4972//570
f 4971//609 4973//609 4981//611
f 4981//611 4973//609 4982//609
f 4835//570 4839//951 4973//609
f 4973//609 4839//951 4983//964
f 4973//609 4983//964 4982//609
f 4982//609 4983//964 4984//799
f 4839//951 4841//696 4983//964
f 4842//38 4836//14 4985//53
f 4985//53 4836//14 4974//14
f 4986//172 4987//30 4988//785
f 4843//30 4986//172 4844//30
f 4844//30 4986//172 4988//785
f 4844//30 4988//785 4975//39
f 4975//39 4988//785 4976//297
f 4844//30 4975//39 4837//185
f 4989//275 4990//67 4991//3
f 4845//952 4846//67 4989//275
f 4989//275 4846//67 4978//142
f 4989//275 4978//142 4990//67
f 4990//67 4978//142 4980//67
f 4846//67 4838//3 4978//142
f 4983//964 4992//967 4984//799
f 4848//543 4993//738 4841//696
f 4841//696 4993//738 4992//967
f 4841//696 4992//967 4983//964
f 4849//42 4842//38 4994//55
f 4994//55 4842//38 4985//53
f 4994//55 4985//53 4995//56
f 4850//30 4994//55 4851//30
f 4851//30 4994//55 4995//56
f 4851//30 4995//56 4986//172
f 4986//172 4995//56 4987//30
f 4851//30 4986//172 4843//30
f 4989//275 4991//3 4996//276
f 4996//276 4991//3 4997//307
f 4852//492 4845//952 4996//276
f 4996//276 4845//952 4989//275
f 4854//783 4998//543 4848//543
f 4848//543 4998//543 4993//738
f 4849//42 4994//55 4855//65
f 4855//65 4994//55 4850//30
f 4996//276 4997//307 4999//276
f 4999//276 4997//307 5000//276
f 4856//492 4852//492 4999//276
f 4999//276 4852//492 4996//276
f 4857//206 5001//29 4854//783
f 4854//783 5001//29 4998//543
f 4999//276 5000//276 5002//276
f 5002//276 5000//276 5003//304
f 4858//492 4856//492 5002//276
f 5002//276 4856//492 4999//276
f 4860//184 5004//30 4861//107
f 4861//107 5004//30 5005//30
f 4861//107 5005//30 4857//206
f 4857//206 5005//30 5001//29
f 5002//276 5003//304 5006//280
f 5006//280 5003//304 5007//390
f 4862//642 4858//492 5006//280
f 5006//280 4858//492 5002//276
f 5008//39 5009//30 5010//248
f 4863//185 5008//39 4860//184
f 4860//184 5008//39 5010//248
f 4860//184 5010//248 5004//30
f 5006//280 5007//390 5011//391
f 4864//595 4862//642 5012//928
f 5012//928 4862//642 5006//280
f 5012//928 5006//280 5011//391
f 4867//205 5013//19 4868//31
f 4868//31 5013//19 5014//94
f 4868//31 5014//94 4869//31
f 4869//31 5014//94 5009//30
f 4869//31 5009//30 5008//39
f 4869//31 5008//39 4863//185
f 4864//595 5012//928 4870//391
f 4870//391 5012//928 5015//595
f 4870//391 5015//595 5016//473
f 4870//391 5016//473 4871//928
f 4872//747 5017//28 4867//205
f 4867//205 5017//28 5013//19
f 5016//473 5015//595 5018//391
f 4873//595 4871//928 5019//554
f 5019//554 4871//928 5016//473
f 5019//554 5016//473 5018//391
f 4877//60 5020//29 4872//747
f 4872//747 5020//29 5017//28
f 4873//595 5019//554 4878//344
f 4878//344 5019//554 5021//498
f 4878//344 5021//498 4879//953
f 4879//953 5021//498 5022//149
f 4881//896 5023//81 4882//955
f 4882//955 5023//81 4883//956
f 4883//956 5023//81 5024//968
f 4883//956 5024//968 5025//251
f 4883//956 5025//251 4884//251
f 4884//251 5025//251 5026//969
f 4884//251 5026//969 4877//60
f 4877//60 5026//969 5020//29
f 4879//953 5022//149 4885//957
f 4885//957 5022//149 5027//149
f 4885//957 5027//149 4886//958
f 4886//958 5027//149 5028//149
f 4888//122 5029//174 4881//896
f 4881//896 5029//174 5030//62
f 4881//896 5030//62 5023//81
f 5023//81 5030//62 5024//968
f 4886//958 5028//149 4889//496
f 4889//496 5028//149 5031//103
f 4889//496 5031//103 4888//122
f 4888//122 5031//103 5029//174
f 4892//67 4891//2 5032//125
f 5032//125 4891//2 5033//24
f 4891//2 4893//86 5033//24
f 5033//24 4893//86 5034//126
f 4893//86 4894//168 5034//126
f 5034//126 4894//168 5035//126
f 4894//168 4896//5 5035//126
f 5035//126 4896//5 5036//25
f 4896//5 4897//6 5036//25
f 5036//25 4897//6 5037//77
f 4898//7 4899//24 5038//7
f 5038//7 4899//24 5039//24
f 4899//24 4900//106 5039//24
f 5039//24 4900//106 5040//24
f 4900//106 4892//67 5040//24
f 5040//24 4892//67 5032//125
f 4897//6 4901//135 5037//77
f 5037//77 4901//135 5041//77
f 4901//135 4902//89 5041//77
f 5041//77 4902//89 5042//89
f 4903//14 4898//7 5043//14
f 5043//14 4898//7 5038//7
f 4904//18 5044//147 4902//89
f 4902//89 5044//147 5042//89
f 4905//14 4903//14 5045//14
f 5045//14 4903//14 5043//14
f 4906//18 5046//113 4904//18
f 4904//18 5046//113 5044//147
f 4907//14 4905//14 5047//14
f 5047//14 4905//14 5045//14
f 4908//18 5048//148 4906//18
f 4906//18 5048//148 5046//113
f 4909//20 4907//14 5049//20
f 5049//20 4907//14 5047//14
f 4910//19 5050//19 4908//18
f 4908//18 5050//19 5048//148
f 4909//20 5049//20 4911//149
f 4911//149 5049//20 5051//149
f 4911//149 5051//149 4912//149
f 4912//149 5051//149 5052//149
f 4913//21 5053//21 4914//21
f 4914//21 5053//21 5054//21
f 4914//21 5054//21 4910//19
f 4910//19 5054//21 5050//19
f 4912//149 5052//149 4915//22
f 4915//22 5052//149 5055//22
f 4915//22 5055//22 4916//22
f 4916//22 5055//22 5056//175
f 4916//22 5056//175 4917//154
f 4917//154 5056//175 5057//176
f 4917//154 5057//176 5058//164
f 4918//30 5058//164 4919//131
f 4919//131 5058//164 5057//176
f 4919//131 5057//176 5059//103
f 4919//131 5059//103 4920//23
f 4920//23 5059//103 5060//23
f 4920//23 5060//23 4913//21
f 4913//21 5060//23 5053//21
f 4917//154 5058//164 4921//65
f 4921//65 5058//164 4918//30
f 4923//201 4924//635 5061//751
f 4924//635 4925//738 5061//751
f 4926//208 4923//201 5062//406
f 5062//406 4923//201 5061//751
f 4927//543 5062//406 4925//738
f 4925//738 5062//406 5061//751
f 4930//753 4929//752 5063//841
f 4929//752 4932//612 5063//841
f 4934//961 4926//208 5064//660
f 5064//660 4926//208 5062//406
f 4935//29 5064//660 4927//543
f 4927//543 5064//660 5062//406
f 4936//201 4937//902 5065//970
f 4937//902 4930//753 5065//970
f 5065//970 4930//753 5063//841
f 5065//970 5063//841 5066//971
f 4939//612 5066//971 4932//612
f 4932//612 5066//971 5063//841
f 4934//961 5064//660 4943//242
f 4943//242 5064//660 4935//29
f 4944//670 4936//201 5067//972
f 5067//972 4936//201 5065//970
f 5065//970 5066//971 5067//972
f 5067//972 5066//971 5068//635
f 5067//972 5068//635 5069//753
f 4939//612 4945//609 5066//971
f 5066//971 4945//609 5070//959
f 5066//971 5070//959 5068//635
f 5068//635 5070//959 5071//612
f 4945//609 4946//777 5070//959
f 5070//959 4946//777 5072//960
f 4946//777 4948//964 5072//960
f 4950//14 4944//670 5073//201
f 5073//201 4944//670 5067//972
f 5073//201 5067//972 5074//202
f 5067//972 5069//753 5074//202
f 5070//959 5075//657 5071//612
f 5071//612 5075//657 5076//612
f 5070//959 5072//960 5075//657
f 5075//657 5072//960 5077//973
f 4948//964 4951//965 5072//960
f 5072//960 4951//965 5078//779
f 5072//960 5078//779 5077//973
f 4951//965 4953//612 5078//779
f 4954//14 4950//14 5079//670
f 5079//670 4950//14 5073//201
f 5075//657 5080//965 5076//612
f 5075//657 5077//973 5080//965
f 5080//965 5077//973 5081//778
f 5080//965 5081//778 5082//612
f 5077//973 5078//779 5081//778
f 5081//778 5078//779 5083//780
f 4956//258 5083//780 4953//612
f 4953//612 5083//780 5078//779
f 4957//14 4954//14 5084//38
f 5084//38 4954//14 5079//670
f 5081//778 5085//658 5082//612
f 5082//612 5085//658 5086//659
f 5081//778 5083//780 5085//658
f 5085//658 5083//780 5087//616
f 4959//260 5087//616 4956//258
f 4956//258 5087//616 5083//780
f 4960//14 4957//14 5088//208
f 5088//208 4957//14 5084//38
f 5089//974 5090//260 5091//164
f 5089//974 5091//164 5092//975
f 4961//21 5093//185 4962//197
f 4962//197 5093//185 5086//659
f 4962//197 5086//659 5085//658
f 4962//197 5085//658 4963//828
f 4963//828 5085//658 5087//616
f 4963//828 5087//616 4959//260
f 4964//141 4965//24 5094//67
f 5094//67 4965//24 5095//76
f 4965//24 4966//126 5095//76
f 5095//76 4966//126 5096//126
f 4966//126 4967//126 5096//126
f 5096//126 4967//126 5097//126
f 4967//126 4968//126 5097//126
f 5097//126 4968//126 5098//126
f 4968//126 4969//126 5098//126
f 5098//126 4969//126 5099//126
f 4969//126 4970//608 5099//126
f 5099//126 4970//608 5100//654
f 4970//608 4972//570 5100//654
f 5100//654 4972//570 5101//691
f 4974//14 4960//14 5102//208
f 5102//208 4960//14 5088//208
f 5089//974 5103//804 5090//260
f 5090//260 5103//804 5104//659
f 4976//297 5103//804 4977//966
f 4977//966 5103//804 5089//974
f 4977//966 5089//974 5105//674
f 5105//674 5089//974 5092//975
f 4977//966 5105//674 4961//21
f 4961//21 5105//674 5093//185
f 4980//67 4979//67 5106//125
f 5106//125 4979//67 5107//78
f 4979//67 4964//141 5107//78
f 5107//78 4964//141 5094//67
f 4972//570 4981//611 5101//691
f 5101//691 4981//611 5108//675
f 5101//691 5108//675 5109//547
f 4981//611 4982//609 5108//675
f 5108//675 4982//609 5110//609
f 4982//609 4984//799 5110//609
f 4985//53 4974//14 5111//42
f 5111//42 4974//14 5102//208
f 4987//30 5112//185 4988//785
f 4988//785 5112//185 5104//659
f 4988//785 5104//659 5103//804
f 4988//785 5103//804 4976//297
f 4991//3 4990//67 5113//952
f 5113//952 4990//67 5114//127
f 4990//67 4980//67 5114//127
f 5114//127 4980//67 5106//125
f 5108//675 5115//611 5109//547
f 5108//675 5110//609 5115//611
f 5115//611 5110//609 5116//976
f 4984//799 4992//967 5110//609
f 5110//609 4992//967 5117//612
f 5110//609 5117//612 5116//976
f 5116//976 5117//612 5118//576
f 4992//967 4993//738 5117//612
f 4985//53 5111//42 4995//56
f 4995//56 5111//42 5119//65
f 4995//56 5119//65 4987//30
f 4987//30 5119//65 5112//185
f 4997//307 4991//3 5120//577
f 5120//577 4991//3 5113//952
f 5117//612 5121//258 5118//576
f 5118//576 5121//258 5122//977
f 4998//543 5121//258 4993//738
f 4993//738 5121//258 5117//612
f 5123//681 5124//157 5125//3
f 5000//276 4997//307 5123//681
f 5123//681 4997//307 5120//577
f 5123//681 5120//577 5124//157
f 5121//258 5126//260 5122//977
f 5122//977 5126//260 5127//260
f 5001//29 5126//260 4998//543
f 4998//543 5126//260 5121//258
f 5123//681 5125//3 5128//280
f 5128//280 5125//3 5129//390
f 5003//304 5000//276 5128//280
f 5128//280 5000//276 5123//681
f 5130//40 5131//205 5132//785
f 5004//30 5130//40 5005//30
f 5005//30 5130//40 5132//785
f 5005//30 5132//785 5126//260
f 5126//260 5132//785 5127//260
f 5005//30 5126//260 5001//29
f 5128//280 5129//390 5133//344
f 5007//390 5003//304 5134//637
f 5134//637 5003//304 5128//280
f 5134//637 5128//280 5133//344
f 5009//30 5135//206 5010//248
f 5010//248 5135//206 5131//205
f 5010//248 5131//205 5130//40
f 5010//248 5130//40 5004//30
f 5007//390 5134//637 5011//391
f 5011//391 5134//637 5136//595
f 5011//391 5136//595 5137//527
f 5011//391 5137//527 5012//928
f 5013//19 5138//19 5014//94
f 5014//94 5138//19 5139//21
f 5014//94 5139//21 5009//30
f 5009//30 5139//21 5135//206
f 5137//527 5136//595 5140//391
f 5015//595 5012//928 5141//928
f 5141//928 5012//928 5137//527
f 5141//928 5137//527 5140//391
f 5017//28 5142//19 5013//19
f 5013//19 5142//19 5138//19
f 5015//595 5141//928 5018//391
f 5018//391 5141//928 5143//595
f 5018//391 5143//595 5144//473
f 5018//391 5144//473 5019//554
f 5145//978 5146//29 5147//107
f 5020//29 5145//978 5017//28
f 5017//28 5145//978 5147//107
f 5017//28 5147//107 5142//19
f 5144//473 5143//595 5148//452
f 5019//554 5144//473 5021//498
f 5021//498 5144//473 5148//452
f 5021//498 5148//452 5149//452
f 5021//498 5149//452 5022//149
f 5022//149 5149//452 5150//344
f 5024//968 5151//81 5025//251
f 5025//251 5151//81 5026//969
f 5026//969 5151//81 5152//979
f 5026//969 5152//979 5145//978
f 5145//978 5152//979 5146//29
f 5026//969 5145//978 5020//29
f 5022//149 5150//344 5027//149
f 5027//149 5150//344 5153//498
f 5027//149 5153//498 5028//149
f 5028//149 5153//498 5154//154
f 5029//174 5155//30 5030//62
f 5030//62 5155//30 5156//980
f 5030//62 5156//980 5024//968
f 5024//968 5156//980 5157//84
f 5024//968 5157//84 5151//81
f 5151//81 5157//84 5152//979
f 5028//149 5154//154 5031//103
f 5031//103 5154//154 5158//65
f 5031//103 5158//65 5029//174
f 5029//174 5158//65 5155//30
f 5032//125 5033//24 5159//125
f 5159//125 5033//24 5160//24
f 5033//24 5034//126 5160//24
f 5160//24 5034//126 5161//126
f 5034//126 5035//126 5161//126
f 5161//126 5035//126 5162//126
f 5035//126 5036//25 5162//126
f 5162//126 5036//25 5163//25
f 5036//25 5037//77 5163//25
f 5163//25 5037//77 5164//77
f 5038//7 5039//24 5165//7
f 5165//7 5039//24 5166//24
f 5039//24 5040//24 5166//24
f 5166//24 5040//24 5167//24
f 5040//24 5032//125 5167//24
f 5167//24 5032//125 5159//125
f 5037//77 5041//77 5164//77
f 5164//77 5041//77 5168//77
f 5041//77 5042//89 5168//77
f 5168//77 5042//89 5169//181
f 5043//14 5038//7 5170//14
f 5170//14 5038//7 5165//7
f 5044//147 5171//13 5042//89
f 5042//89 5171//13 5169//181
f 5045//14 5043//14 5172//14
f 5172//14 5043//14 5170//14
f 5046//113 5173//118 5044//147
f 5044//147 5173//118 5174//49
f 5044//147 5174//49 5171//13
f 5173//118 5175//119 5174//49
f 5047//14 5045//14 5176//14
f 5176//14 5045//14 5172//14
f 5048//148 5177//121 5046//113
f 5046//113 5177//121 5173//118
f 5173//118 5177//121 5175//119
f 5175//119 5177//121 5178//122
f 5049//20 5047//14 5179//20
f 5179//20 5047//14 5176//14
f 5050//19 5180//174 5048//148
f 5048//148 5180//174 5181//62
f 5048//148 5181//62 5177//121
f 5177//121 5181//62 5178//122
f 5049//20 5179//20 5051//149
f 5051//149 5179//20 5182//149
f 5051//149 5182//149 5052//149
f 5052//149 5182//149 5183//149
f 5053//21 5184//21 5054//21
f 5054//21 5184//21 5185//21
f 5054//21 5185//21 5050//19
f 5050//19 5185//21 5180//174
f 5052//149 5183//149 5055//22
f 5055//22 5183//149 5186//22
f 5055//22 5186//22 5056//175
f 5056//175 5186//22 5187//103
f 5056//175 5187//103 5057//176
f 5057//176 5187//103 5188//451
f 5057//176 5188//451 5059//103
f 5059//103 5188//451 5189//368
f 5059//103 5189//368 5060//23
f 5060//23 5189//368 5190//528
f 5060//23 5190//528 5053//21
f 5053//21 5190//528 5184//21
f 5069//753 5068//635 5191//908
f 5068//635 5071//612 5191//908
f 5073//201 5074//202 5192//970
f 5074//202 5069//753 5192//970
f 5192//970 5069//753 5191//908
f 5192//970 5191//908 5193//625
f 5076//612 5193//625 5071//612
f 5071//612 5193//625 5191//908
f 5079//670 5073//201 5194//981
f 5194//981 5073//201 5192//970
f 5192//970 5193//625 5194//981
f 5194//981 5193//625 5195//973
f 5076//612 5080//965 5193//625
f 5193//625 5080//965 5196//779
f 5193//625 5196//779 5195//973
f 5080//965 5082//612 5196//779
f 5084//38 5079//670 5197//982
f 5197//982 5079//670 5194//981
f 5197//982 5194//981 5198//815
f 5194//981 5195//973 5198//815
f 5198//815 5195//973 5199//983
f 5198//815 5199//983 5200//258
f 5195//973 5196//779 5199//983
f 5199//983 5196//779 5201//782
f 5086//659 5201//782 5082//612
f 5082//612 5201//782 5196//779
f 5088//208 5084//38 5202//984
f 5202//984 5084//38 5197//982
f 5202//984 5197//982 5203//164
f 5090//260 5202//984 5091//164
f 5091//164 5202//984 5203//164
f 5091//164 5203//164 5199//983
f 5199//983 5203//164 5200//258
f 5091//164 5199//983 5092//975
f 5092//975 5199//983 5201//782
f 5092//975 5201//782 5204//660
f 5093//185 5204//660 5086//659
f 5086//659 5204//660 5201//782
f 5205//85 5206//97 5207//985
f 5094//67 5095//76 5205//85
f 5205//85 5095//76 5208//86
f 5205//85 5208//86 5206//97
f 5095//76 5096//126 5208//86
f 5208//86 5096//126 5209//126
f 5096//126 5097//126 5209//126
f 5209//126 5097//126 5210//126
f 5097//126 5098//126 5210//126
f 5210//126 5098//126 5211//126
f 5098//126 5099//126 5211//126
f 5211//126 5099//126 5212//695
f 5099//126 5100//654 5212//695
f 5212//695 5100//654 5213//733
f 5212//695 5213//733 5214//799
f 5100//654 5101//691 5213//733
f 5102//208 5088//208 5215//406
f 5215//406 5088//208 5202//984
f 5104//659 5215//406 5090//260
f 5090//260 5215//406 5202//984
f 5092//975 5204//660 5105//674
f 5105//674 5204//660 5093//185
f 5106//125 5107//78 5216//159
f 5216//159 5107//78 5205//85
f 5216//159 5205//85 5207//985
f 5107//78 5094//67 5205//85
f 5213//733 5217//986 5214//799
f 5109//547 5218//987 5101//691
f 5101//691 5218//987 5217//986
f 5101//691 5217//986 5213//733
f 5111//42 5102//208 5219//660
f 5219//660 5102//208 5215//406
f 5112//185 5219//660 5104//659
f 5104//659 5219//660 5215//406
f 5220//988 5221//2 5222//3
f 5113//952 5114//127 5220//988
f 5220//988 5114//127 5223//134
f 5220//988 5223//134 5221//2
f 5114//127 5106//125 5223//134
f 5223//134 5106//125 5216//159
f 5109//547 5115//611 5218//987
f 5218//987 5115//611 5224//597
f 5218//987 5224//597 5225//547
f 5115//611 5116//976 5224//597
f 5224//597 5116//976 5226//905
f 5224//597 5226//905 5227//202
f 5116//976 5118//576 5226//905
f 5226//905 5118//576 5228//547
f 5111//42 5219//660 5119//65
f 5119//65 5219//660 5112//185
f 5220//988 5222//3 5229//712
f 5229//712 5222//3 5230//492
f 5120//577 5113//952 5229//712
f 5229//712 5113//952 5220//988
f 5224//597 5231//586 5225//547
f 5224//597 5227//202 5231//586
f 5122//977 5232//29 5118//576
f 5118//576 5232//29 5228//547
f 5125//3 5124//157 5233//9
f 5233//9 5124//157 5229//712
f 5233//9 5229//712 5230//492
f 5124//157 5120//577 5229//712
f 5234//39 5235//205 5236//989
f 5127//260 5234//39 5122//977
f 5122//977 5234//39 5236//989
f 5122//977 5236//989 5232//29
f 5129//390 5125//3 5237//20
f 5237//20 5125//3 5233//9
f 5131//205 5238//747 5132//785
f 5132//785 5238//747 5235//205
f 5132//785 5235//205 5234//39
f 5132//785 5234//39 5127//260
f 5129//390 5237//20 5133//344
f 5133//344 5237//20 5239//524
f 5133//344 5239//524 5134//637
f 5134//637 5239//524 5240//390
f 5135//206 5241//19 5131//205
f 5131//205 5241//19 5238//747
f 5136//595 5134//637 5242//642
f 5242//642 5134//637 5240//390
f 5138//19 5243//19 5139//21
f 5139//21 5243//19 5244//21
f 5139//21 5244//21 5135//206
f 5135//206 5244//21 5241//19
f 5136//595 5242//642 5140//391
f 5140//391 5242//642 5245//595
f 5140//391 5245//595 5246//527
f 5140//391 5246//527 5141//928
f 5142//19 5247//153 5138//19
f 5138//19 5247//153 5243//19
f 5246//527 5245//595 5248//344
f 5143//595 5141//928 5249//953
f 5249//953 5141//928 5246//527
f 5249//953 5246//527 5248//344
f 5146//29 5250//60 5147//107
f 5147//107 5250//60 5251//62
f 5147//107 5251//62 5142//19
f 5142//19 5251//62 5247//153
f 5143//595 5249//953 5148//452
f 5148//452 5249//953 5252//498
f 5148//452 5252//498 5149//452
f 5149//452 5252//498 5253//344
f 5149//452 5253//344 5254//473
f 5149//452 5254//473 5150//344
f 5152//979 5255//19 5146//29
f 5146//29 5255//19 5250//60
f 5254//473 5253//344 5256//452
f 5150//344 5254//473 5153//498
f 5153//498 5254//473 5256//452
f 5153//498 5256//452 5257//175
f 5153//498 5257//175 5154//154
f 5154//154 5257//175 5258//990
f 5154//154 5258//990 5259//164
f 5155//30 5259//164 5156//980
f 5156//980 5259//164 5258//990
f 5156//980 5258//990 5260//477
f 5156//980 5260//477 5157//84
f 5157//84 5260//477 5261//23
f 5157//84 5261//23 5152//979
f 5152//979 5261//23 5255//19
f 5154//154 5259//164 5158//65
f 5158//65 5259//164 5155//30
f 5159//125 5160//24 5262//731
f 5262//731 5160//24 5263//291
f 5160//24 5161//126 5263//291
f 5263//291 5161//126 5264//680
f 5161//126 5162//126 5264//680
f 5264//680 5162//126 5265//680
f 5162//126 5163//25 5265//680
f 5265//680 5163//25 5266//569
f 5163//25 5164//77 5266//569
f 5266//569 5164//77 5267//570
f 5165//7 5166//24 5268//192
f 5268//192 5166//24 5269//291
f 5166//24 5167//24 5269//291
f 5269//291 5167//24 5270//736
f 5167//24 5159//125 5270//736
f 5270//736 5159//125 5262//731
f 5164//77 5168//77 5267//570
f 5267//570 5168//77 5271//991
f 5168//77 5169//181 5271//991
f 5271//991 5169//181 5272//77
f 5170//14 5165//7 5273//14
f 5273//14 5165//7 5268//192
f 5171//13 5274//79 5169//181
f 5169//181 5274//79 5275//80
f 5169//181 5275//80 5272//77
f 5274//79 5276//13 5275//80
f 5172//14 5170//14 5277//14
f 5277//14 5170//14 5273//14
f 5171//13 5174//49 5274//79
f 5174//49 5175//119 5274//79
f 5274//79 5175//119 5278//17
f 5274//79 5278//17 5276//13
f 5176//14 5172//14 5279//14
f 5279//14 5172//14 5277//14
f 5178//122 5280//19 5175//119
f 5175//119 5280//19 5278//17
f 5179//20 5176//14 5281//20
f 5281//20 5176//14 5279//14
f 5180//174 5282//21 5181//62
f 5181//62 5282//21 5283//21
f 5181//62 5283//21 5178//122
f 5178//122 5283//21 5280//19
f 5179//20 5281//20 5182//149
f 5182//149 5281//20 5284//149
f 5182//149 5284//149 5183//149
f 5183//149 5284//149 5285//149
f 5184//21 5286//21 5185//21
f 5185//21 5286//21 5287//21
f 5185//21 5287//21 5180//174
f 5180//174 5287//21 5282//21
f 5183//149 5285//149 5186//22
f 5186//22 5285//149 5288//22
f 5186//22 5288//22 5187//103
f 5187//103 5288//22 5289//555
f 5187//103 5289//555 5188//451
f 5188//451 5289//555 5290//344
f 5188//451 5290//344 5291//285
f 5188//451 5291//285 5189//368
f 5189//368 5291//285 5292//561
f 5189//368 5292//561 5190//528
f 5190//528 5292//561 5293//82
f 5190//528 5293//82 5294//21
f 5190//528 5294//21 5184//21
f 5184//21 5294//21 5286//21
f 5291//285 5290//344 5295//428
f 5291//285 5295//428 5292//561
f 5292//561 5295//428 5296//251
f 5292//561 5296//251 5293//82
f 5197//982 5198//815 5297//406
f 5198//815 5200//258 5297//406
f 5197//982 5297//406 5203//164
f 5203//164 5297//406 5200//258
f 5298//319 5299//410 5300//14
f 5207//985 5206//97 5298//319
f 5298//319 5206//97 5301//931
f 5298//319 5301//931 5299//410
f 5206//97 5208//86 5301//931
f 5301//931 5208//86 5302//126
f 5208//86 5209//126 5302//126
f 5302//126 5209//126 5303//126
f 5209//126 5210//126 5303//126
f 5303//126 5210//126 5304//126
f 5210//126 5211//126 5304//126
f 5304//126 5211//126 5305//608
f 5211//126 5212//695 5305//608
f 5305//608 5212//695 5306//898
f 5305//608 5306//898 5307//570
f 5212//695 5214//799 5306//898
f 5298//319 5300//14 5308//149
f 5216//159 5207//985 5309//992
f 5309//992 5207//985 5298//319
f 5309//992 5298//319 5308//149
f 5306//898 5310//569 5307//570
f 5214//799 5217//986 5306//898
f 5306//898 5217//986 5311//993
f 5306//898 5311//993 5310//569
f 5217//986 5218//987 5311//993
f 5311//993 5218//987 5312//811
f 5222//3 5221//2 5313//7
f 5313//7 5221//2 5314//24
f 5221//2 5223//134 5314//24
f 5314//24 5223//134 5315//24
f 5223//134 5216//159 5315//24
f 5315//24 5216//159 5309//992
f 5225//547 5316//266 5218//987
f 5218//987 5316//266 5312//811
f 5227//202 5226//905 5317//841
f 5226//905 5228//547 5317//841
f 5230//492 5222//3 5318//14
f 5318//14 5222//3 5313//7
f 5225//547 5231//586 5316//266
f 5316//266 5231//586 5319//994
f 5316//266 5319//994 5320//547
f 5231//586 5227//202 5319//994
f 5319//994 5227//202 5317//841
f 5319//994 5317//841 5321//995
f 5232//29 5321//995 5228//547
f 5228//547 5321//995 5317//841
f 5233//9 5230//492 5322//14
f 5322//14 5230//492 5318//14
f 5319//994 5323//996 5320//547
f 5235//205 5324//997 5236//989
f 5236//989 5324//997 5323//996
f 5236//989 5323//996 5321//995
f 5321//995 5323//996 5319//994
f 5236//989 5321//995 5232//29
f 5237//20 5233//9 5325//594
f 5325//594 5233//9 5322//14
f 5238//747 5326//28 5235//205
f 5235//205 5326//28 5324//997
f 5237//20 5325//594 5239//524
f 5239//524 5325//594 5327//557
f 5239//524 5327//557 5328//280
f 5239//524 5328//280 5240//390
f 5241//19 5329//29 5238//747
f 5238//747 5329//29 5326//28
f 5328//280 5327//557 5330//280
f 5330//280 5327//557 5331//390
f 5242//642 5240//390 5330//280
f 5330//280 5240//390 5328//280
f 5243//19 5332//19 5244//21
f 5244//21 5332//19 5333//179
f 5244//21 5333//179 5241//19
f 5241//19 5333//179 5329//29
f 5330//280 5331//390 5334//344
f 5245//595 5242//642 5335//953
f 5335//953 5242//642 5330//280
f 5335//953 5330//280 5334//344
f 5247//153 5336//18 5243//19
f 5243//19 5336//18 5332//19
f 5245//595 5335//953 5248//344
f 5248//344 5335//953 5337//524
f 5248//344 5337//524 5249//953
f 5249//953 5337//524 5338//344
f 5250//60 5339//407 5251//62
f 5251//62 5339//407 5247//153
f 5247//153 5339//407 5340//60
f 5247//153 5340//60 5336//18
f 5249//953 5338//344 5252//498
f 5252//498 5338//344 5341//344
f 5252//498 5341//344 5253//344
f 5253//344 5341//344 5342//344
f 5255//19 5343//174 5250//60
f 5250//60 5343//174 5344//62
f 5250//60 5344//62 5339//407
f 5339//407 5344//62 5340//60
f 5253//344 5342//344 5256//452
f 5256//452 5342//344 5345//555
f 5256//452 5345//555 5257//175
f 5257//175 5345//555 5346//591
f 5257//175 5346//591 5258//990
f 5258//990 5346//591 5347//553
f 5258//990 5347//553 5348//455
f 5258//990 5348//455 5260//477
f 5260//477 5348//455 5349//638
f 5260//477 5349//638 5350//251
f 5260//477 5350//251 5261//23
f 5261//23 5350//251 5351//528
f 5261//23 5351//528 5255//19
f 5255//19 5351//528 5343//174
f 5348//455 5347//553 5352//289
f 5348//455 5352//289 5349//638
f 5262//731 5263//291 5353//755
f 5263//291 5264//680 5353//755
f 5353//755 5264//680 5354//635
f 5264//680 5265//680 5354//635
f 5354//635 5265//680 5355//635
f 5265//680 5266//569 5355//635
f 5355//635 5266//569 5356//848
f 5266//569 5267//570 5356//848
f 5268//192 5269//291 5357//875
f 5269//291 5270//736 5357//875
f 5357//875 5270//736 5358//998
f 5357//875 5358//998 5359//193
f 5270//736 5262//731 5358//998
f 5358//998 5262//731 5353//755
f 5358//998 5353//755 5360//680
f 5353//755 5354//635 5360//680
f 5360//680 5354//635 5361//999
f 5354//635 5355//635 5361//999
f 5361//999 5355//635 5362//126
f 5355//635 5356//848 5362//126
f 5362//126 5356//848 5363//1000
f 5267//570 5271//991 5356//848
f 5356//848 5271//991 5364//1001
f 5356//848 5364//1001 5363//1000
f 5271//991 5272//77 5364//1001
f 5364//1001 5272//77 5365//77
f 5273//14 5268//192 5366//821
f 5366//821 5268//192 5357//875
f 5366//821 5357//875 5367//193
f 5357//875 5359//193 5367//193
f 5272//77 5275//80 5365//77
f 5365//77 5275//80 5368//77
f 5275//80 5276//13 5368//77
f 5368//77 5276//13 5369//89
f 5277//14 5273//14 5370//14
f 5370//14 5273//14 5366//821
f 5278//17 5371//18 5276//13
f 5276//13 5371//18 5369//89
f 5279//14 5277//14 5372//14
f 5372//14 5277//14 5370//14
f 5280//19 5373//19 5278//17
f 5278//17 5373//19 5371//18
f 5281//20 5279//14 5374//20
f 5374//20 5279//14 5372//14
f 5282//21 5375//21 5283//21
f 5283//21 5375//21 5376//21
f 5283//21 5376//21 5280//19
f 5280//19 5376//21 5373//19
f 5281//20 5374//20 5284//149
f 5284//149 5374//20 5377//149
f 5284//149 5377//149 5285//149
f 5285//149 5377//149 5378//149
f 5286//21 5379//21 5287//21
f 5287//21 5379//21 5380//21
f 5287//21 5380//21 5282//21
f 5282//21 5380//21 5375//21
f 5285//149 5378//149 5288//22
f 5288//22 5378//149 5381//22
f 5288//22 5381//22 5289//555
f 5289//555 5381//22 5382//22
f 5289//555 5382//22 5290//344
f 5290//344 5382//22 5383//149
f 5293//82 5384//21 5294//21
f 5294//21 5384//21 5385//21
f 5294//21 5385//21 5286//21
f 5286//21 5385//21 5379//21
f 5290//344 5383//149 5295//428
f 5295//428 5383//149 5386//22
f 5295//428 5386//22 5296//251
f 5296//251 5386//22 5387//23
f 5296//251 5387//23 5293//82
f 5293//82 5387//23 5384//21
f 5300//14 5299//410 5388//1002
f 5299//410 5301//931 5388//1002
f 5388//1002 5301//931 5389//716
f 5388//1002 5389//716 5390//1003
f 5301//931 5302//126 5389//716
f 5389//716 5302//126 5391//563
f 5302//126 5303//126 5391//563
f 5391//563 5303//126 5392//126
f 5303//126 5304//126 5392//126
f 5392//126 5304//126 5393//126
f 5304//126 5305//608 5393//126
f 5393//126 5305//608 5394//654
f 5305//608 5307//570 5394//654
f 5394//654 5307//570 5395//570
f 5300//14 5388//1002 5308//149
f 5308//149 5388//1002 5309//992
f 5309//992 5388//1002 5390//1003
f 5309//992 5390//1003 5396//7
f 5307//570 5310//569 5395//570
f 5395//570 5310//569 5397//1004
f 5310//569 5311//993 5397//1004
f 5397//1004 5311//993 5398//734
f 5397//1004 5398//734 5399//570
f 5311//993 5312//811 5398//734
f 5313//7 5314//24 5400//7
f 5400//7 5314//24 5401//24
f 5314//24 5315//24 5401//24
f 5401//24 5315//24 5402//24
f 5315//24 5309//992 5402//24
f 5402//24 5309//992 5396//7
f 5398//734 5403//570 5399//570
f 5316//266 5404//740 5312//811
f 5312//811 5404//740 5403//570
f 5312//811 5403//570 5398//734
f 5318//14 5313//7 5405//14
f 5405//14 5313//7 5400//7
f 5320//547 5406//89 5316//266
f 5316//266 5406//89 5404//740
f 5322//14 5318//14 5407//14
f 5407//14 5318//14 5405//14
f 5320//547 5323//996 5406//89
f 5406//89 5323//996 5408//916
f 5323//996 5324//997 5408//916
f 5408//916 5324//997 5409//547
f 5325//594 5322//14 5410//14
f 5410//14 5322//14 5407//14
f 5326//28 5411//29 5324//997
f 5324//997 5411//29 5409//547
f 5327//557 5325//594 5412//14
f 5412//14 5325//594 5410//14
f 5413//39 5414//205 5415//248
f 5329//29 5413//39 5326//28
f 5326//28 5413//39 5415//248
f 5326//28 5415//248 5411//29
f 5331//390 5327//557 5416//20
f 5416//20 5327//557 5412//14
f 5332//19 5417//747 5333//179
f 5333//179 5417//747 5414//205
f 5333//179 5414//205 5413//39
f 5333//179 5413//39 5329//29
f 5331//390 5416//20 5334//344
f 5334//344 5416//20 5418//524
f 5334//344 5418//524 5335//953
f 5335//953 5418//524 5419//1005
f 5336//18 5420//18 5332//19
f 5332//19 5420//18 5417//747
f 5335//953 5419//1005 5337//524
f 5337//524 5419//1005 5421//595
f 5337//524 5421//595 5422//473
f 5337//524 5422//473 5338//344
f 5340//60 5423//19 5336//18
f 5336//18 5423//19 5420//18
f 5422//473 5421//595 5424//344
f 5338//344 5422//473 5341//344
f 5341//344 5422//473 5424//344
f 5341//344 5424//344 5425//403
f 5425//403 5424//344 5426//344
f 5341//344 5425//403 5342//344
f 5343//174 5427//21 5344//62
f 5344//62 5427//21 5428//21
f 5344//62 5428//21 5340//60
f 5340//60 5428//21 5423//19
f 5425//403 5426//344 5429//452
f 5342//344 5425//403 5345//555
f 5345//555 5425//403 5429//452
f 5345//555 5429//452 5430//555
f 5345//555 5430//555 5346//591
f 5346//591 5430//555 5431//344
f 5346//591 5431//344 5432//473
f 5346//591 5432//473 5347//553
f 5349//638 5433//81 5350//251
f 5350//251 5433//81 5351//528
f 5351//528 5433//81 5434//82
f 5351//528 5434//82 5435//21
f 5351//528 5435//21 5343//174
f 5343//174 5435//21 5427//21
f 5432//473 5431//344 5436//452
f 5347//553 5432//473 5352//289
f 5352//289 5432//473 5436//452
f 5352//289 5436//452 5437//456
f 5352//289 5437//456 5349//638
f 5349//638 5437//456 5438//84
f 5349//638 5438//84 5433//81
f 5433//81 5438//84 5434//82
f 5439//66 5440//2 5441//67
f 5439//66 5442//45 5440//2
f 5440//2 5442//45 5443//5
f 5442//45 5444//6 5443//5
f 5359//193 5358//998 5445//731
f 5445//731 5358//998 5446//291
f 5358//998 5360//680 5446//291
f 5446//291 5360//680 5447//1006
f 5360//680 5361//999 5447//1006
f 5447//1006 5361//999 5439//66
f 5447//1006 5439//66 5441//67
f 5361//999 5362//126 5439//66
f 5439//66 5362//126 5442//45
f 5362//126 5363//1000 5442//45
f 5442//45 5363//1000 5448//607
f 5442//45 5448//607 5444//6
f 5363//1000 5364//1001 5448//607
f 5448//607 5364//1001 5449//25
f 5364//1001 5365//77 5449//25
f 5449//25 5365//77 5450//26
f 5366//821 5367//193 5451//7
f 5451//7 5367//193 5452//125
f 5367//193 5359//193 5452//125
f 5452//125 5359//193 5445//731
f 5365//77 5368//77 5450//26
f 5450//26 5368//77 5453//6
f 5368//77 5369//89 5453//6
f 5453//6 5369//89 5454//112
f 5370//14 5366//821 5455//14
f 5455//14 5366//821 5451//7
f 5371//18 5456//113 5369//89
f 5369//89 5456//113 5454//112
f 5372//14 5370//14 5457//14
f 5457//14 5370//14 5455//14
f 5373//19 5458//1007 5371//18
f 5371//18 5458//1007 5456//113
f 5374//20 5372//14 5459//20
f 5459//20 5372//14 5457//14
f 5375//21 5460//250 5376//21
f 5376//21 5460//250 5461//62
f 5376//21 5461//62 5373//19
f 5373//19 5461//62 5458//1007
f 5374//20 5459//20 5377//149
f 5377//149 5459//20 5462//524
f 5377//149 5462//524 5378//149
f 5378//149 5462//524 5463//344
f 5379//21 5464//30 5380//21
f 5380//21 5464//30 5465//94
f 5380//21 5465//94 5375//21
f 5375//21 5465//94 5460//250
f 5378//149 5463//344 5381//22
f 5381//22 5463//344 5466//555
f 5381//22 5466//555 5382//22
f 5382//22 5466//555 5467//452
f 5382//22 5467//452 5383//149
f 5383//149 5467//452 5468//344
f 5384//21 5469//30 5385//21
f 5385//21 5469//30 5470//30
f 5385//21 5470//30 5379//21
f 5379//21 5470//30 5464//30
f 5383//149 5468//344 5386//22
f 5386//22 5468//344 5471//555
f 5386//22 5471//555 5387//23
f 5387//23 5471//555 5472//31
f 5387//23 5472//31 5384//21
f 5384//21 5472//31 5469//30
f 5390//1003 5389//716 5473//875
f 5389//716 5391//563 5473//875
f 5473//875 5391//563 5474//1008
f 5473//875 5474//1008 5475//193
f 5391//563 5392//126 5474//1008
f 5474//1008 5392//126 5476//126
f 5392//126 5393//126 5476//126
f 5476//126 5393//126 5477//608
f 5393//126 5394//654 5477//608
f 5477//608 5394//654 5478//898
f 5477//608 5478//898 5479//570
f 5394//654 5395//570 5478//898
f 5396//7 5390//1003 5480//876
f 5480//876 5390//1003 5473//875
f 5480//876 5473//875 5481//193
f 5473//875 5475//193 5481//193
f 5478//898 5482//569 5479//570
f 5395//570 5397//1004 5478//898
f 5478//898 5397//1004 5483//1001
f 5478//898 5483//1001 5482//569
f 5397//1004 5399//570 5483//1001
f 5483//1001 5399//570 5484//77
f 5400//7 5401//24 5485//7
f 5485//7 5401//24 5486//24
f 5401//24 5402//24 5486//24
f 5486//24 5402//24 5487//24
f 5402//24 5396//7 5487//24
f 5487//24 5396//7 5480//876
f 5399//570 5403//570 5484//77
f 5484//77 5403//570 5488//916
f 5403//570 5404//740 5488//916
f 5488//916 5404//740 5489//811
f 5405//14 5400//7 5490//14
f 5490//14 5400//7 5485//7
f 5406//89 5491//266 5404//740
f 5404//740 5491//266 5489//811
f 5407//14 5405//14 5492//14
f 5492//14 5405//14 5490//14
f 5406//89 5408//916 5491//266
f 5491//266 5408//916 5493//855
f 5491//266 5493//855 5494//543
f 5408//916 5409//547 5493//855
f 5410//14 5407//14 5495//14
f 5495//14 5407//14 5492//14
f 5493//855 5496//260 5494//543
f 5494//543 5496//260 5497//268
f 5411//29 5496//260 5409//547
f 5409//547 5496//260 5493//855
f 5412//14 5410//14 5498//14
f 5498//14 5410//14 5495//14
f 5414//205 5499//1009 5415//248
f 5415//248 5499//1009 5497//268
f 5415//248 5497//268 5496//260
f 5415//248 5496//260 5411//29
f 5416//20 5412//14 5500//594
f 5500//594 5412//14 5498//14
f 5417//747 5501//18 5414//205
f 5414//205 5501//18 5499//1009
f 5416//20 5500//594 5418//524
f 5418//524 5500//594 5502//595
f 5418//524 5502//595 5503//527
f 5418//524 5503//527 5419//1005
f 5420//18 5504//18 5417//747
f 5417//747 5504//18 5501//18
f 5503//527 5502//595 5505//344
f 5421//595 5419//1005 5506//953
f 5506//953 5419//1005 5503//527
f 5506//953 5503//527 5505//344
f 5423//19 5507//153 5420//18
f 5420//18 5507//153 5504//18
f 5421//595 5506//953 5424//344
f 5424//344 5506//953 5508//149
f 5424//344 5508//149 5426//344
f 5426//344 5508//149 5509//149
f 5427//21 5510//250 5428//21
f 5428//21 5510//250 5511//62
f 5428//21 5511//62 5423//19
f 5423//19 5511//62 5507//153
f 5426//344 5509//149 5429//452
f 5429//452 5509//149 5512//22
f 5429//452 5512//22 5430//555
f 5430//555 5512//22 5513//452
f 5430//555 5513//452 5431//344
f 5431//344 5513//452 5514//344
f 5434//82 5515//21 5435//21
f 5435//21 5515//21 5516//21
f 5435//21 5516//21 5427//21
f 5427//21 5516//21 5510//250
f 5431//344 5514//344 5436//452
f 5436//452 5514//344 5517//555
f 5436//452 5517//555 5437//456
f 5437//456 5517//555 5518//103
f 5437//456 5518//103 5438//84
f 5438//84 5518//103 5519//23
f 5438//84 5519//23 5434//82
f 5434//82 5519//23 5515//21
f 5441//67 5440//2 5520//731
f 5520//731 5440//2 5521//291
f 5440//2 5443//5 5521//291
f 5521//291 5443//5 5522//1010
f 5443//5 5444//6 5522//1010
f 5522//1010 5444//6 5523//26
f 5445//731 5446//291 5524//650
f 5446//291 5447//1006 5524//650
f 5524//650 5447//1006 5525//693
f 5524//650 5525//693 5526//193
f 5447//1006 5441//67 5525//693
f 5525//693 5441//67 5520//731
f 5444//6 5448//607 5523//26
f 5523//26 5448//607 5527//5
f 5448//607 5449//25 5527//5
f 5527//5 5449//25 5528//567
f 5449//25 5450//26 5528//567
f 5528//567 5450//26 5529//34
f 5528//567 5529//34 5530//5
f 5529//34 5531//13 5530//5
f 5451//7 5452//125 5532//7
f 5532//7 5452//125 5533//1011
f 5452//125 5445//731 5533//1011
f 5533//1011 5445//731 5524//650
f 5533//1011 5524//650 5534//291
f 5524//650 5526//193 5534//291
f 5450//26 5453//6 5529//34
f 5453//6 5454//112 5529//34
f 5529//34 5454//112 5535//375
f 5529//34 5535//375 5531//13
f 5455//14 5451//7 5536//14
f 5536//14 5451//7 5532//7
f 5456//113 5537//118 5454//112
f 5454//112 5537//118 5538//80
f 5454//112 5538//80 5535//375
f 5537//118 5539//13 5538//80
f 5457//14 5455//14 5540//14
f 5540//14 5455//14 5536//14
f 5458//1007 5541//121 5456//113
f 5456//113 5541//121 5537//118
f 5537//118 5541//121 5539//13
f 5539//13 5541//121 5542//122
f 5459//20 5457//14 5543//594
f 5543//594 5457//14 5540//14
f 5460//250 5544//52 5461//62
f 5461//62 5544//52 5458//1007
f 5458//1007 5544//52 5545//62
f 5458//1007 5545//62 5541//121
f 5541//121 5545//62 5546//62
f 5541//121 5546//62 5542//122
f 5459//20 5543//594 5462//524
f 5462//524 5543//594 5547//595
f 5462//524 5547//595 5548//473
f 5462//524 5548//473 5463//344
f 5549//54 5550//1012 5551//31
f 5464//30 5549//54 5465//94
f 5465//94 5549//54 5551//31
f 5465//94 5551//31 5552//456
f 5465//94 5552//456 5460//250
f 5460//250 5552//456 5553//84
f 5460//250 5553//84 5544//52
f 5544//52 5553//84 5545//62
f 5548//473 5547//595 5554//452
f 5463//344 5548//473 5466//555
f 5466//555 5548//473 5554//452
f 5466//555 5554//452 5555//555
f 5466//555 5555//555 5467//452
f 5467//452 5555//555 5556//344
f 5467//452 5556//344 5557//473
f 5467//452 5557//473 5468//344
f 5558//297 5559//72 5560//21
f 5469//30 5558//297 5470//30
f 5470//30 5558//297 5560//21
f 5470//30 5560//21 5549//54
f 5549//54 5560//21 5550//1012
f 5470//30 5549//54 5464//30
f 5557//473 5556//344 5561//452
f 5468//344 5557//473 5471//555
f 5471//555 5557//473 5561//452
f 5471//555 5561//452 5562//131
f 5471//555 5562//131 5472//31
f 5472//31 5562//131 5559//72
f 5472//31 5559//72 5558//297
f 5472//31 5558//297 5469//30
f 5475//193 5474//1008 5563//67
f 5563//67 5474//1008 5564//76
f 5474//1008 5476//126 5564//76
f 5564//76 5476//126 5565//126
f 5476//126 5477//608 5565//126
f 5565//126 5477//608 5566//654
f 5477//608 5479//570 5566//654
f 5566//654 5479//570 5567//570
f 5480//876 5481//193 5568//125
f 5568//125 5481//193 5569//78
f 5481//193 5475//193 5569//78
f 5569//78 5475//193 5563//67
f 5479//570 5482//569 5567//570
f 5567//570 5482//569 5570//1013
f 5482//569 5483//1001 5570//1013
f 5570//1013 5483//1001 5571//654
f 5483//1001 5484//77 5571//654
f 5571//654 5484//77 5572//691
f 5485//7 5486//24 5573//7
f 5573//7 5486//24 5574//24
f 5486//24 5487//24 5574//24
f 5574//24 5487//24 5575//24
f 5487//24 5480//876 5575//24
f 5575//24 5480//876 5568//125
f 5484//77 5488//916 5572//691
f 5572//691 5488//916 5576//1014
f 5572//691 5576//1014 5577//547
f 5488//916 5489//811 5576//1014
f 5490//14 5485//7 5578//14
f 5578//14 5485//7 5573//7
f 5576//1014 5579//570 5577//547
f 5491//266 5580//740 5489//811
f 5489//811 5580//740 5579//570
f 5489//811 5579//570 5576//1014
f 5492//14 5490//14 5581//14
f 5581//14 5490//14 5578//14
f 5494//543 5582//18 5491//266
f 5491//266 5582//18 5580//740
f 5495//14 5492//14 5583//14
f 5583//14 5492//14 5581//14
f 5497//268 5584//89 5494//543
f 5494//543 5584//89 5582//18
f 5498//14 5495//14 5585//14
f 5585//14 5495//14 5583//14
f 5499//1009 5586//48 5497//268
f 5497//268 5586//48 5587//80
f 5497//268 5587//80 5584//89
f 5586//48 5588//1015 5587//80
f 5500//594 5498//14 5589//14
f 5589//14 5498//14 5585//14
f 5501//18 5590//51 5499//1009
f 5499//1009 5590//51 5591//52
f 5499//1009 5591//52 5586//48
f 5586//48 5591//52 5588//1015
f 5502//595 5500//594 5592//20
f 5592//20 5500//594 5589//14
f 5504//18 5593//18 5501//18
f 5501//18 5593//18 5590//51
f 5502//595 5592//20 5505//344
f 5505//344 5592//20 5594//149
f 5505//344 5594//149 5506//953
f 5506//953 5594//149 5595//149
f 5507//153 5596//18 5504//18
f 5504//18 5596//18 5593//18
f 5506//953 5595//149 5508//149
f 5508//149 5595//149 5597//149
f 5508//149 5597//149 5509//149
f 5509//149 5597//149 5598//149
f 5510//250 5599//52 5511//62
f 5511//62 5599//52 5507//153
f 5507//153 5599//52 5600//60
f 5507//153 5600//60 5596//18
f 5509//149 5598//149 5512//22
f 5512//22 5598//149 5601//498
f 5512//22 5601//498 5513//452
f 5513//452 5601//498 5602//344
f 5513//452 5602//344 5603//473
f 5513//452 5603//473 5514//344
f 5515//21 5604//30 5516//21
f 5516//21 5604//30 5605//980
f 5516//21 5605//980 5510//250
f 5510//250 5605//980 5606//84
f 5510//250 5606//84 5599//52
f 5599//52 5606//84 5600//60
f 5603//473 5602//344 5607//452
f 5514//344 5603//473 5517//555
f 5517//555 5603//473 5607//452
f 5517//555 5607//452 5608//103
f 5517//555 5608//103 5518//103
f 5518//103 5608//103 5609//103
f 5518//103 5609//103 5519//23
f 5519//23 5609//103 5610//31
f 5519//23 5610//31 5515//21
f 5515//21 5610//31 5604//30
f 5520//731 5521//291 5611//650
f 5521//291 5522//1010 5611//650
f 5611//650 5522//1010 5612//1016
f 5611//650 5612//1016 5613//717
f 5522//1010 5523//26 5612//1016
f 5612//1016 5523//26 5614//133
f 5612//1016 5614//133 5615//1017
f 5614//133 5616//77 5615//1017
f 5526//193 5525//693 5617//125
f 5617//125 5525//693 5618//1011
f 5525//693 5520//731 5618//1011
f 5618//1011 5520//731 5611//650
f 5618//1011 5611//650 5619//291
f 5611//650 5613//717 5619//291
f 5523//26 5527//5 5614//133
f 5527//5 5528//567 5614//133
f 5614//133 5528//567 5620//868
f 5614//133 5620//868 5616//77
f 5528//567 5530//5 5620//868
f 5620//868 5530//5 5621//25
f 5530//5 5531//13 5621//25
f 5621//25 5531//13 5622//181
f 5532//7 5533//1011 5623//7
f 5623//7 5533//1011 5624//24
f 5533//1011 5534//291 5624//24
f 5624//24 5534//291 5625//24
f 5534//291 5526//193 5625//24
f 5625//24 5526//193 5617//125
f 5535//375 5626//13 5531//13
f 5531//13 5626//13 5622//181
f 5536//14 5532//7 5627//14
f 5627//14 5532//7 5623//7
f 5535//375 5538//80 5626//13
f 5626//13 5538//80 5628//6
f 5538//80 5539//13 5628//6
f 5628//6 5539//13 5629//27
f 5540//14 5536//14 5630//14
f 5630//14 5536//14 5627//14
f 5542//122 5631//153 5539//13
f 5539//13 5631//153 5629//27
f 5543//594 5540//14 5632//38
f 5632//38 5540//14 5630//14
f 5545//62 5633//62 5546//62
f 5546//62 5633//62 5634//62
f 5546//62 5634//62 5542//122
f 5542//122 5634//62 5631//153
f 5547//595 5543//594 5635//42
f 5635//42 5543//594 5632//38
f 5550//1012 5636//19 5551//31
f 5551//31 5636//19 5637//23
f 5551//31 5637//23 5552//456
f 5552//456 5637//23 5638//103
f 5552//456 5638//103 5553//84
f 5553//84 5638//103 5639//824
f 5553//84 5639//824 5545//62
f 5545//62 5639//824 5633//62
f 5547//595 5635//42 5554//452
f 5554//452 5635//42 5640//95
f 5554//452 5640//95 5555//555
f 5555//555 5640//95 5641//211
f 5555//555 5641//211 5556//344
f 5556//344 5641//211 5642//149
f 5559//72 5643//407 5560//21
f 5560//21 5643//407 5550//1012
f 5550//1012 5643//407 5644//60
f 5550//1012 5644//60 5636//19
f 5556//344 5642//149 5561//452
f 5561//452 5642//149 5645//22
f 5561//452 5645//22 5562//131
f 5562//131 5645//22 5646//456
f 5562//131 5646//456 5559//72
f 5559//72 5646//456 5647//84
f 5559//72 5647//84 5643//407
f 5643//407 5647//84 5644//60
f 5648//85 5649//2 5650//138
f 5563//67 5564//76 5648//85
f 5648//85 5564//76 5651//86
f 5648//85 5651//86 5649//2
f 5564//76 5565//126 5651//86
f 5651//86 5565//126 5652//608
f 5565//126 5566//654 5652//608
f 5652//608 5566//654 5653//898
f 5652//608 5653//898 5654//570
f 5566//654 5567//570 5653//898
f 5568//125 5569//78 5655//139
f 5655//139 5569//78 5648//85
f 5655//139 5648//85 5650//138
f 5569//78 5563//67 5648//85
f 5653//898 5656//569 5654//570
f 5567//570 5570//1013 5653//898
f 5653//898 5570//1013 5657//1018
f 5653//898 5657//1018 5656//569
f 5570//1013 5571//654 5657//1018
f 5657//1018 5571//654 5658//964
f 5657//1018 5658//964 5659//570
f 5571//654 5572//691 5658//964
f 5573//7 5574//24 5660//7
f 5660//7 5574//24 5661//24
f 5574//24 5575//24 5661//24
f 5661//24 5575//24 5662//111
f 5575//24 5568//125 5662//111
f 5662//111 5568//125 5655//139
f 5658//964 5663//570 5659//570
f 5577//547 5664//1019 5572//691
f 5572//691 5664//1019 5663//570
f 5572//691 5663//570 5658//964
f 5578//14 5573//7 5665//14
f 5665//14 5573//7 5660//7
f 5577//547 5579//570 5664//1019
f 5664//1019 5579//570 5666//77
f 5579//570 5580//740 5666//77
f 5666//77 5580//740 5667//89
f 5581//14 5578//14 5668//14
f 5668//14 5578//14 5665//14
f 5582//18 5669//18 5580//740
f 5580//740 5669//18 5667//89
f 5583//14 5581//14 5670//14
f 5670//14 5581//14 5668//14
f 5584//89 5671//89 5582//18
f 5582//18 5671//89 5669//18
f 5585//14 5583//14 5672//14
f 5672//14 5583//14 5670//14
f 5584//89 5587//80 5671//89
f 5671//89 5587//80 5673//77
f 5587//80 5588//1015 5673//77
f 5673//77 5588//1015 5674//89
f 5589//14 5585//14 5675//14
f 5675//14 5585//14 5672//14
f 5590//51 5676//52 5591//52
f 5591//52 5676//52 5588//1015
f 5588//1015 5676//52 5677//51
f 5588//1015 5677//51 5674//89
f 5592//20 5589//14 5678//20
f 5678//20 5589//14 5675//14
f 5593//18 5679//1020 5590//51
f 5590//51 5679//1020 5680//52
f 5590//51 5680//52 5676//52
f 5676//52 5680//52 5677//51
f 5592//20 5678//20 5594//149
f 5594//149 5678//20 5681//524
f 5594//149 5681//524 5595//149
f 5595//149 5681//524 5682//344
f 5596//18 5683//18 5593//18
f 5593//18 5683//18 5679//1020
f 5595//149 5682//344 5597//149
f 5597//149 5682//344 5684//498
f 5597//149 5684//498 5598//149
f 5598//149 5684//498 5685//149
f 5600//60 5686//19 5596//18
f 5596//18 5686//19 5683//18
f 5598//149 5685//149 5601//498
f 5601//498 5685//149 5687//149
f 5601//498 5687//149 5602//344
f 5602//344 5687//149 5688//149
f 5689//40 5690//30 5691//31
f 5604//30 5689//40 5605//980
f 5605//980 5689//40 5691//31
f 5605//980 5691//31 5692//103
f 5605//980 5692//103 5606//84
f 5606//84 5692//103 5693//23
f 5606//84 5693//23 5600//60
f 5600//60 5693//23 5686//19
f 5602//344 5688//149 5607//452
f 5607//452 5688//149 5694//22
f 5607//452 5694//22 5608//103
f 5608//103 5694//22 5695//103
f 5608//103 5695//103 5609//103
f 5609//103 5695//103 5696//131
f 5609//103 5696//131 5610//31
f 5610//31 5696//131 5690//30
f 5610//31 5690//30 5689//40
f 5610//31 5689//40 5604//30
f 5613//717 5612//1016 5697//755
f 5612//1016 5615//1017 5697//755
f 5697//755 5615//1017 5698//848
f 5615//1017 5616//77 5698//848
f 5617//125 5618//1011 5699//125
f 5699//125 5618//1011 5700//24
f 5618//1011 5619//291 5700//24
f 5700//24 5619//291 5701//842
f 5619//291 5613//717 5701//842
f 5701//842 5613//717 5697//755
f 5701//842 5697//755 5702//680
f 5697//755 5698//848 5702//680
f 5702//680 5698//848 5703//680
f 5616//77 5620//868 5698//848
f 5698//848 5620//868 5704//923
f 5698//848 5704//923 5703//680
f 5620//868 5621//25 5704//923
f 5704//923 5621//25 5705//25
f 5621//25 5622//181 5705//25
f 5705//25 5622//181 5706//77
f 5623//7 5624//24 5707//192
f 5707//192 5624//24 5708//291
f 5624//24 5625//24 5708//291
f 5708//291 5625//24 5709//736
f 5625//24 5617//125 5709//736
f 5709//736 5617//125 5699//125
f 5626//13 5710//79 5622//181
f 5622//181 5710//79 5711//80
f 5622//181 5711//80 5706//77
f 5710//79 5712//13 5711//80
f 5627//14 5623//7 5713//14
f 5713//14 5623//7 5707//192
f 5626//13 5628//6 5710//79
f 5628//6 5629//27 5710//79
f 5710//79 5629//27 5714//17
f 5710//79 5714//17 5712//13
f 5630//14 5627//14 5715//14
f 5715//14 5627//14 5713//14
f 5631//153 5716//18 5629//27
f 5629//27 5716//18 5714//17
f 5632//38 5630//14 5717//53
f 5717//53 5630//14 5715//14
f 5633//62 5718//1021 5634//62
f 5634//62 5718//1021 5631//153
f 5631//153 5718//1021 5719//51
f 5631//153 5719//51 5716//18
f 5635//42 5632//38 5720//226
f 5720//226 5632//38 5717//53
f 5720//226 5717//53 5721//227
f 5720//226 5721//227 5722//144
f 5636//19 5723//60 5637//23
f 5637//23 5723//60 5724//251
f 5637//23 5724//251 5638//103
f 5638//103 5724//251 5725//866
f 5638//103 5725//866 5639//824
f 5639//824 5725//866 5726//344
f 5639//824 5726//344 5727//373
f 5639//824 5727//373 5633//62
f 5633//62 5727//373 5728//494
f 5633//62 5728//494 5718//1021
f 5718//1021 5728//494 5729//505
f 5718//1021 5729//505 5719//51
f 5635//42 5720//226 5640//95
f 5640//95 5720//226 5641//211
f 5641//211 5720//226 5722//144
f 5641//211 5722//144 5730//149
f 5641//211 5730//149 5642//149
f 5642//149 5730//149 5731//149
f 5644//60 5732//19 5636//19
f 5636//19 5732//19 5723//60
f 5727//373 5726//344 5733//496
f 5727//373 5733//496 5728//494
f 5642//149 5731//149 5645//22
f 5645//22 5731//149 5734//22
f 5645//22 5734//22 5646//456
f 5646//456 5734//22 5735//103
f 5646//456 5735//103 5647//84
f 5647//84 5735//103 5736//23
f 5647//84 5736//23 5644//60
f 5644//60 5736//23 5732//19
f 5650//138 5649//2 5737//141
f 5737//141 5649//2 5738//24
f 5649//2 5651//86 5738//24
f 5738//24 5651//86 5739//126
f 5651//86 5652//608 5739//126
f 5739//126 5652//608 5740//25
f 5652//608 5654//570 5740//25
f 5740//25 5654//570 5741//77
f 5742//142 5743//67 5744//67
f 5655//139 5650//138 5742//142
f 5742//142 5650//138 5737//141
f 5742//142 5737//141 5743//67
f 5654//570 5656//569 5741//77
f 5741//77 5656//569 5745//25
f 5656//569 5657//1018 5745//25
f 5745//25 5657//1018 5746//25
f 5657//1018 5659//570 5746//25
f 5746//25 5659//570 5747//77
f 5660//7 5661//24 5748//7
f 5748//7 5661//24 5749//69
f 5661//24 5662//111 5749//69
f 5749//69 5662//111 5742//142
f 5749//69 5742//142 5744//67
f 5662//111 5655//139 5742//142
f 5659//570 5663//570 5747//77
f 5747//77 5663//570 5750//77
f 5663//570 5664//1019 5750//77
f 5750//77 5664//1019 5751//77
f 5665//14 5660//7 5752//14
f 5752//14 5660//7 5748//7
f 5664//1019 5666//77 5751//77
f 5751//77 5666//77 5753//916
f 5666//77 5667//89 5753//916
f 5753//916 5667//89 5754//811
f 5668//14 5665//14 5755//14
f 5755//14 5665//14 5752//14
f 5669//18 5756//147 5667//89
f 5667//89 5756//147 5754//811
f 5670//14 5668//14 5757//14
f 5757//14 5668//14 5755//14
f 5671//89 5758//13 5669//18
f 5669//18 5758//13 5756//147
f 5672//14 5670//14 5759//14
f 5759//14 5670//14 5757//14
f 5671//89 5673//77 5758//13
f 5758//13 5673//77 5760//6
f 5673//77 5674//89 5760//6
f 5760//6 5674//89 5761//27
f 5675//14 5672//14 5762//14
f 5762//14 5672//14 5759//14
f 5677//51 5763//18 5674//89
f 5674//89 5763//18 5761//27
f 5678//20 5675//14 5764//594
f 5764//594 5675//14 5762//14
f 5679//1020 5765//52 5680//52
f 5680//52 5765//52 5677//51
f 5677//51 5765//52 5766//60
f 5677//51 5766//60 5763//18
f 5678//20 5764//594 5681//524
f 5681//524 5764//594 5767//595
f 5681//524 5767//595 5768//473
f 5681//524 5768//473 5682//344
f 5683//18 5769//61 5679//1020
f 5679//1020 5769//61 5770//62
f 5679//1020 5770//62 5765//52
f 5765//52 5770//62 5766//60
f 5768//473 5767//595 5771//452
f 5682//344 5768//473 5684//498
f 5684//498 5768//473 5771//452
f 5684//498 5771//452 5772//22
f 5684//498 5772//22 5685//149
f 5685//149 5772//22 5773//149
f 5686//19 5774//29 5683//18
f 5683//18 5774//29 5769//61
f 5685//149 5773//149 5687//149
f 5687//149 5773//149 5775//149
f 5687//149 5775//149 5688//149
f 5688//149 5775//149 5776//149
f 5690//30 5777//30 5691//31
f 5691//31 5777//30 5778//131
f 5691//31 5778//131 5692//103
f 5692//103 5778//131 5779//103
f 5692//103 5779//103 5693//23
f 5693//23 5779//103 5780//31
f 5693//23 5780//31 5686//19
f 5686//19 5780//31 5774//29
f 5688//149 5776//149 5694//22
f 5694//22 5776//149 5781//22
f 5694//22 5781//22 5695//103
f 5695//103 5781//22 5782//103
f 5695//103 5782//103 5696//131
f 5696//131 5782//103 5783//31
f 5696//131 5783//31 5690//30
f 5690//30 5783//31 5777//30
f 5699//125 5700//24 5784//193
f 5784//193 5700//24 5785//291
f 5700//24 5701//842 5785//291
f 5785//291 5701//842 5786//563
f 5701//842 5702//680 5786//563
f 5786//563 5702//680 5787//126
f 5702//680 5703//680 5787//126
f 5787//126 5703//680 5788//126
f 5703//680 5704//923 5788//126
f 5788//126 5704//923 5789//126
f 5704//923 5705//25 5789//126
f 5789//126 5705//25 5790//25
f 5705//25 5706//77 5790//25
f 5790//25 5706//77 5791//77
f 5707//192 5708//291 5792//875
f 5708//291 5709//736 5792//875
f 5792//875 5709//736 5793//718
f 5792//875 5793//718 5794//753
f 5709//736 5699//125 5793//718
f 5793//718 5699//125 5784//193
f 5706//77 5711//80 5791//77
f 5791//77 5711//80 5795//77
f 5711//80 5712//13 5795//77
f 5795//77 5712//13 5796//181
f 5713//14 5707//192 5797//201
f 5797//201 5707//192 5792//875
f 5797//201 5792//875 5798//202
f 5792//875 5794//753 5798//202
f 5714//17 5799//113 5712//13
f 5712//13 5799//113 5796//181
f 5715//14 5713//14 5800//208
f 5800//208 5713//14 5797//201
f 5716//18 5801//113 5714//17
f 5714//17 5801//113 5799//113
f 5717//53 5715//14 5802//42
f 5802//42 5715//14 5800//208
f 5719//51 5803//148 5716//18
f 5716//18 5803//148 5801//113
f 5717//53 5802//42 5721//227
f 5721//227 5802//42 5804//227
f 5721//227 5804//227 5722//144
f 5722//144 5804//227 5805//249
f 5723//60 5806//81 5724//251
f 5724//251 5806//81 5725//866
f 5725//866 5806//81 5807//638
f 5725//866 5807//638 5808//496
f 5725//866 5808//496 5726//344
f 5726//344 5808//496 5809//344
f 5728//494 5810//52 5729//505
f 5729//505 5810//52 5719//51
f 5719//51 5810//52 5811//60
f 5719//51 5811//60 5803//148
f 5722//144 5805//249 5730//149
f 5730//149 5805//249 5812//149
f 5730//149 5812//149 5731//149
f 5731//149 5812//149 5813//149
f 5732//19 5814//174 5723//60
f 5723//60 5814//174 5815//62
f 5723//60 5815//62 5806//81
f 5806//81 5815//62 5807//638
f 5726//344 5809//344 5733//496
f 5733//496 5809//344 5816//1022
f 5733//496 5816//1022 5728//494
f 5728//494 5816//1022 5817//84
f 5728//494 5817//84 5810//52
f 5810//52 5817//84 5811//60
f 5731//149 5813//149 5734//22
f 5734//22 5813//149 5818//22
f 5734//22 5818//22 5735//103
f 5735//103 5818//22 5819//103
f 5735//103 5819//103 5736//23
f 5736//23 5819//103 5820//23
f 5736//23 5820//23 5732//19
f 5732//19 5820//23 5814//174
f 5737//141 5738//24 5821//125
f 5821//125 5738//24 5822//24
f 5738//24 5739//126 5822//24
f 5822//24 5739//126 5823//126
f 5739//126 5740//25 5823//126
f 5823//126 5740//25 5824//25
f 5740//25 5741//77 5824//25
f 5824//25 5741//77 5825//77
f 5744//67 5743//67 5826//125
f 5826//125 5743//67 5827//125
f 5743//67 5737//141 5827//125
f 5827//125 5737//141 5821//125
f 5741//77 5745//25 5825//77
f 5825//77 5745//25 5828//25
f 5745//25 5746//25 5828//25
f 5828//25 5746//25 5829//25
f 5746//25 5747//77 5829//25
f 5829//25 5747//77 5830//77
f 5748//7 5749//69 5831//7
f 5831//7 5749//69 5832//125
f 5749//69 5744//67 5832//125
f 5832//125 5744//67 5826//125
f 5747//77 5750//77 5830//77
f 5830//77 5750//77 5833//77
f 5750//77 5751//77 5833//77
f 5833//77 5751//77 5834//1023
f 5752//14 5748//7 5835//14
f 5835//14 5748//7 5831//7
f 5751//77 5753//916 5834//1023
f 5834//1023 5753//916 5836//1014
f 5834//1023 5836//1014 5837//547
f 5753//916 5754//811 5836//1014
f 5755//14 5752//14 5838//14
f 5838//14 5752//14 5835//14
f 5836//1014 5839//570 5837//547
f 5756//147 5840//1024 5754//811
f 5754//811 5840//1024 5839//570
f 5754//811 5839//570 5836//1014
f 5757//14 5755//14 5841//14
f 5841//14 5755//14 5838//14
f 5758//13 5842//79 5756//147
f 5756//147 5842//79 5843//49
f 5756//147 5843//49 5840//1024
f 5842//79 5844//502 5843//49
f 5759//14 5757//14 5845//14
f 5845//14 5757//14 5841//14
f 5758//13 5760//6 5842//79
f 5760//6 5761//27 5842//79
f 5842//79 5761//27 5846//17
f 5842//79 5846//17 5844//502
f 5762//14 5759//14 5847//14
f 5847//14 5759//14 5845//14
f 5763//18 5848//28 5761//27
f 5761//27 5848//28 5846//17
f 5764//594 5762//14 5849//38
f 5849//38 5762//14 5847//14
f 5766//60 5850//29 5763//18
f 5763//18 5850//29 5848//28
f 5767//595 5764//594 5851//42
f 5851//42 5764//594 5849//38
f 5769//61 5852//21 5770//62
f 5770//62 5852//21 5853//179
f 5770//62 5853//179 5766//60
f 5766//60 5853//179 5850//29
f 5767//595 5851//42 5771//452
f 5771//452 5851//42 5854//95
f 5771//452 5854//95 5772//22
f 5772//22 5854//95 5855//211
f 5772//22 5855//211 5773//149
f 5773//149 5855//211 5856//149
f 5857//39 5858//30 5859//107
f 5774//29 5857//39 5769//61
f 5769//61 5857//39 5859//107
f 5769//61 5859//107 5852//21
f 5773//149 5856//149 5775//149
f 5775//149 5856//149 5860//149
f 5775//149 5860//149 5776//149
f 5776//149 5860//149 5861//154
f 5862//40 5863//30 5864//31
f 5777//30 5862//40 5778//131
f 5778//131 5862//40 5864//31
f 5778//131 5864//31 5865//103
f 5778//131 5865//103 5779//103
f 5779//103 5865//103 5866//131
f 5779//103 5866//131 5780//31
f 5780//31 5866//131 5858//30
f 5780//31 5858//30 5857//39
f 5780//31 5857//39 5774//29
f 5776//149 5861//154 5781//22
f 5781//22 5861//154 5867//95
f 5781//22 5867//95 5782//103
f 5782//103 5867//95 5868//1025
f 5782//103 5868//1025 5783//31
f 5783//31 5868//1025 5863//30
f 5783//31 5863//30 5862//40
f 5783//31 5862//40 5777//30
f 5784//193 5785//291 5869//875
f 5785//291 5786//563 5869//875
f 5869//875 5786//563 5870//716
f 5869//875 5870//716 5871//717
f 5786//563 5787//126 5870//716
f 5870//716 5787//126 5872//563
f 5787//126 5788//126 5872//563
f 5872//563 5788//126 5873//126
f 5788//126 5789//126 5873//126
f 5873//126 5789//126 5874//126
f 5789//126 5790//25 5874//126
f 5874//126 5790//25 5875//25
f 5790//25 5791//77 5875//25
f 5875//25 5791//77 5876//77
f 5794//753 5793//718 5877//902
f 5793//718 5784//193 5877//902
f 5877//902 5784//193 5869//875
f 5877//902 5869//875 5878//850
f 5878//850 5869//875 5879//193
f 5869//875 5871//717 5879//193
f 5791//77 5795//77 5876//77
f 5876//77 5795//77 5880//77
f 5795//77 5796//181 5880//77
f 5880//77 5796//181 5881//77
f 5797//201 5798//202 5882//750
f 5798//202 5794//753 5882//750
f 5882//750 5794//753 5877//902
f 5882//750 5877//902 5883//1026
f 5883//1026 5877//902 5884//1027
f 5877//902 5878//850 5884//1027
f 5799//113 5885//118 5796//181
f 5796//181 5885//118 5886//80
f 5796//181 5886//80 5881//77
f 5885//118 5887//13 5886//80
f 5800//208 5797//201 5888//503
f 5888//503 5797//201 5882//750
f 5882//750 5883//1026 5888//503
f 5888//503 5883//1026 5889//208
f 5801//113 5890//120 5799//113
f 5799//113 5890//120 5885//118
f 5885//118 5890//120 5887//13
f 5887//13 5890//120 5891//113
f 5802//42 5800//208 5892//246
f 5892//246 5800//208 5888//503
f 5888//503 5889//208 5892//246
f 5892//246 5889//208 5893//247
f 5803//148 5894//121 5801//113
f 5801//113 5894//121 5890//120
f 5890//120 5894//121 5891//113
f 5891//113 5894//121 5895//122
f 5802//42 5892//246 5804//227
f 5804//227 5892//246 5805//249
f 5805//249 5892//246 5893//247
f 5805//249 5893//247 5896//42
f 5807//638 5897//373 5808//496
f 5808//496 5897//373 5809//344
f 5811//60 5898//174 5803//148
f 5803//148 5898//174 5899//62
f 5803//148 5899//62 5894//121
f 5894//121 5899//62 5895//122
f 5805//249 5896//42 5812//149
f 5812//149 5896//42 5900//227
f 5812//149 5900//227 5813//149
f 5813//149 5900//227 5901//249
f 5814//174 5902//250 5815//62
f 5815//62 5902//250 5903//955
f 5815//62 5903//955 5807//638
f 5807//638 5903//955 5904//1028
f 5807//638 5904//1028 5897//373
f 5809//344 5897//373 5816//1022
f 5816//1022 5897//373 5904//1028
f 5816//1022 5904//1028 5905//103
f 5816//1022 5905//103 5817//84
f 5817//84 5905//103 5906//23
f 5817//84 5906//23 5811//60
f 5811//60 5906//23 5898//174
f 5813//149 5901//249 5818//22
f 5818//22 5901//249 5907//22
f 5818//22 5907//22 5819//103
f 5819//103 5907//22 5908//103
f 5819//103 5908//103 5820//23
f 5820//23 5908//103 5909//23
f 5820//23 5909//23 5814//174
f 5814//174 5909//23 5902//250
f 5821//125 5822//24 5910//67
f 5910//67 5822//24 5911//76
f 5822//24 5823//126 5911//76
f 5911//76 5823//126 5912//126
f 5823//126 5824//25 5912//126
f 5912//126 5824//25 5913//25
f 5824//25 5825//77 5913//25
f 5913//25 5825//77 5914//26
f 5826//125 5827//125 5915//125
f 5915//125 5827//125 5916//78
f 5827//125 5821//125 5916//78
f 5916//78 5821//125 5910//67
f 5825//77 5828//25 5914//26
f 5914//26 5828//25 5917//5
f 5828//25 5829//25 5917//5
f 5917//5 5829//25 5918//1029
f 5829//25 5830//77 5918//1029
f 5918//1029 5830//77 5919//6
f 5831//7 5832//125 5920//7
f 5920//7 5832//125 5921//125
f 5832//125 5826//125 5921//125
f 5921//125 5826//125 5915//125
f 5830//77 5833//77 5919//6
f 5919//6 5833//77 5922//128
f 5833//77 5834//1023 5922//128
f 5922//128 5834//1023 5923//1030
f 5922//128 5923//1030 5924//35
f 5923//1030 5925//1031 5924//35
f 5835//14 5831//7 5926//14
f 5926//14 5831//7 5920//7
f 5837//547 5927//1032 5834//1023
f 5834//1023 5927//1032 5928//52
f 5834//1023 5928//52 5923//1030
f 5923//1030 5928//52 5925//1031
f 5838//14 5835//14 5929//14
f 5929//14 5835//14 5926//14
f 5837//547 5839//570 5927//1032
f 5927//1032 5839//570 5930//128
f 5839//570 5840//1024 5930//128
f 5930//128 5840//1024 5931//34
f 5930//128 5931//34 5932//4
f 5931//34 5933//119 5932//4
f 5841//14 5838//14 5934//14
f 5934//14 5838//14 5929//14
f 5840//1024 5843//49 5931//34
f 5843//49 5844//502 5931//34
f 5931//34 5844//502 5935//171
f 5931//34 5935//171 5933//119
f 5845//14 5841//14 5936//14
f 5936//14 5841//14 5934//14
f 5846//17 5937//148 5844//502
f 5844//502 5937//148 5935//171
f 5847//14 5845//14 5938//14
f 5938//14 5845//14 5936//14
f 5848//28 5939//153 5846//17
f 5846//17 5939//153 5937//148
f 5849//38 5847//14 5940//53
f 5940//53 5847//14 5938//14
f 5941//39 5942//1033 5943//838
f 5850//29 5941//39 5848//28
f 5848//28 5941//39 5943//838
f 5848//28 5943//838 5939//153
f 5851//42 5849//38 5944//226
f 5944//226 5849//38 5940//53
f 5944//226 5940//53 5945//227
f 5944//226 5945//227 5946//144
f 5852//21 5947//206 5853//179
f 5853//179 5947//206 5942//1033
f 5853//179 5942//1033 5941//39
f 5853//179 5941//39 5850//29
f 5851//42 5944//226 5854//95
f 5854//95 5944//226 5855//211
f 5855//211 5944//226 5946//144
f 5855//211 5946//144 5948//149
f 5855//211 5948//149 5856//149
f 5856//149 5948//149 5949//149
f 5858//30 5950//21 5859//107
f 5859//107 5950//21 5951//21
f 5859//107 5951//21 5852//21
f 5852//21 5951//21 5947//206
f 5856//149 5949//149 5860//149
f 5860//149 5949//149 5952//212
f 5860//149 5952//212 5861//154
f 5861//154 5952//212 5953//213
f 5861//154 5953//213 5954//214
f 5954//214 5953//213 5955//228
f 5863//30 5956//30 5864//31
f 5864//31 5956//30 5957//131
f 5864//31 5957//131 5865//103
f 5865//103 5957//131 5958//103
f 5865//103 5958//103 5866//131
f 5866//131 5958//103 5959//23
f 5866//131 5959//23 5858//30
f 5858//30 5959//23 5950//21
f 5861//154 5954//214 5867//95
f 5867//95 5954//214 5868//1025
f 5868//1025 5954//214 5955//228
f 5868//1025 5955//228 5960//65
f 5868//1025 5960//65 5863//30
f 5863//30 5960//65 5956//30
f 5871//717 5870//716 5961//650
f 5870//716 5872//563 5961//650
f 5961//650 5872//563 5962//1008
f 5961//650 5962//1008 5963//193
f 5872//563 5873//126 5962//1008
f 5962//1008 5873//126 5964//126
f 5873//126 5874//126 5964//126
f 5964//126 5874//126 5965//126
f 5874//126 5875//25 5965//126
f 5965//126 5875//25 5966//25
f 5875//25 5876//77 5966//25
f 5966//25 5876//77 5967//77
f 5878//850 5879//193 5968//1034
f 5968//1034 5879//193 5969//853
f 5879//193 5871//717 5969//853
f 5969//853 5871//717 5961//650
f 5969//853 5961//650 5970//653
f 5961//650 5963//193 5970//653
f 5876//77 5880//77 5967//77
f 5967//77 5880//77 5971//77
f 5880//77 5881//77 5971//77
f 5971//77 5881//77 5972//77
f 5883//1026 5884//1027 5973//199
f 5884//1027 5878//850 5973//199
f 5973//199 5878//850 5968//1034
f 5973//199 5968//1034 5974//200
f 5881//77 5886//80 5972//77
f 5972//77 5886//80 5975//77
f 5886//80 5887//13 5975//77
f 5975//77 5887//13 5976//89
f 5889//208 5883//1026 5977//201
f 5977//201 5883//1026 5973//199
f 5977//201 5973//199 5978//1027
f 5973//199 5974//200 5978//1027
f 5891//113 5979//147 5887//13
f 5887//13 5979//147 5976//89
f 5893//247 5889//208 5980//203
f 5980//203 5889//208 5977//201
f 5895//122 5981//1007 5891//113
f 5891//113 5981//1007 5979//147
f 5896//42 5893//247 5982//262
f 5982//262 5893//247 5980//203
f 5982//262 5980//203 5983//1035
f 5982//262 5983//1035 5984//337
f 5898//174 5985//62 5899//62
f 5899//62 5985//62 5986//62
f 5899//62 5986//62 5895//122
f 5895//122 5986//62 5981//1007
f 5896//42 5982//262 5900//227
f 5900//227 5982//262 5901//249
f 5901//249 5982//262 5984//337
f 5901//249 5984//337 5987//20
f 5902//250 5988//81 5903//955
f 5903//955 5988//81 5904//1028
f 5904//1028 5988//81 5989//638
f 5904//1028 5989//638 5990//251
f 5904//1028 5990//251 5905//103
f 5905//103 5990//251 5991//368
f 5905//103 5991//368 5906//23
f 5906//23 5991//368 5992//324
f 5906//23 5992//324 5898//174
f 5898//174 5992//324 5985//62
f 5901//249 5987//20 5907//22
f 5907//22 5987//20 5993//22
f 5907//22 5993//22 5908//103
f 5908//103 5993//22 5994//451
f 5908//103 5994//451 5909//23
f 5909//23 5994//451 5995//1036
f 5909//23 5995//1036 5902//250
f 5902//250 5995//1036 5996//927
f 5902//250 5996//927 5988//81
f 5988//81 5996//927 5989//638
f 5997//85 5998//2 5999//138
f 5910//67 5911//76 5997//85
f 5997//85 5911//76 6000//86
f 5997//85 6000//86 5998//2
f 5911//76 5912//126 6000//86
f 6000//86 5912//126 6001//126
f 5912//126 5913//25 6001//126
f 6001//126 5913//25 6002//168
f 5913//25 5914//26 6002//168
f 6002//168 5914//26 6003//169
f 6002//168 6003//169 6004//170
f 6003//169 6005//4 6004//170
f 6004//170 6005//4 6006//5
f 6005//4 6007//46 6006//5
f 5915//125 5916//78 6008//139
f 6008//139 5916//78 5997//85
f 6008//139 5997//85 5999//138
f 5916//78 5910//67 5997//85
f 5914//26 5917//5 6003//169
f 5917//5 5918//1029 6003//169
f 6003//169 5918//1029 6005//4
f 5918//1029 5919//6 6005//4
f 6005//4 5919//6 6009//1037
f 6005//4 6009//1037 6007//46
f 6007//46 6009//1037 6010//11
f 6009//1037 6011//388 6010//11
f 5920//7 5921//125 6012//7
f 6012//7 5921//125 6013//78
f 5921//125 5915//125 6013//78
f 6013//78 5915//125 6008//139
f 5919//6 5922//128 6009//1037
f 5922//128 5924//35 6009//1037
f 6009//1037 5924//35 6014//648
f 6009//1037 6014//648 6011//388
f 5924//35 5925//1031 6014//648
f 6014//648 5925//1031 6015//129
f 6014//648 6015//129 6016//4
f 6015//129 6017//502 6016//4
f 5926//14 5920//7 6018//14
f 6018//14 5920//7 6012//7
f 5927//1032 6019//1038 5928//52
f 5928//52 6019//1038 5925//1031
f 5925//1031 6019//1038 6020//1039
f 5925//1031 6020//1039 6015//129
f 6015//129 6020//1039 6017//502
f 6017//502 6020//1039 6021//113
f 5929//14 5926//14 6022//14
f 6022//14 5926//14 6018//14
f 5927//1032 5930//128 6019//1038
f 5930//128 5932//4 6019//1038
f 6019//1038 5932//4 6020//1039
f 5932//4 5933//119 6020//1039
f 6020//1039 5933//119 6023//17
f 6020//1039 6023//17 6021//113
f 5934//14 5929//14 6024//14
f 6024//14 5929//14 6022//14
f 5935//171 6025//89 5933//119
f 5933//119 6025//89 6023//17
f 5936//14 5934//14 6026//14
f 6026//14 5934//14 6024//14
f 5937//148 6027//48 5935//171
f 5935//171 6027//48 6028//255
f 5935//171 6028//255 6025//89
f 6027//48 6029//18 6028//255
f 5938//14 5936//14 6030//14
f 6030//14 5936//14 6026//14
f 5939//153 6031//153 5937//148
f 5937//148 6031//153 6032//434
f 5937//148 6032//434 6027//48
f 6027//48 6032//434 6029//18
f 5940//53 5938//14 6033//20
f 6033//20 5938//14 6030//14
f 5942//1033 6034//52 5943//838
f 5943//838 6034//52 5939//153
f 5939//153 6034//52 6035//60
f 5939//153 6035//60 6031//153
f 5940//53 6033//20 5945//227
f 5945//227 6033//20 6036//149
f 5945//227 6036//149 5946//144
f 5946//144 6036//149 6037//149
f 5947//206 6038//174 5942//1033
f 5942//1033 6038//174 6039//62
f 5942//1033 6039//62 6034//52
f 6034//52 6039//62 6035//60
f 5946//144 6037//149 5948//149
f 5948//149 6037//149 6040//149
f 5948//149 6040//149 5949//149
f 5949//149 6040//149 6041//154
f 5950//21 6042//30 5951//21
f 5951//21 6042//30 6043//94
f 5951//21 6043//94 5947//206
f 5947//206 6043//94 6038//174
f 5949//149 6041//154 5952//212
f 5952//212 6041//154 6044//95
f 5952//212 6044//95 5953//213
f 5953//213 6044//95 6045//1040
f 5953//213 6045//1040 5955//228
f 5955//228 6045//1040 6046//176
f 5955//228 6046//176 6047//164
f 5956//30 6047//164 5957//131
f 5957//131 6047//164 6046//176
f 5957//131 6046//176 6048//103
f 5957//131 6048//103 5958//103
f 5958//103 6048//103 6049//103
f 5958//103 6049//103 5959//23
f 5959//23 6049//103 6050//31
f 5959//23 6050//31 5950//21
f 5950//21 6050//31 6042//30
f 5955//228 6047//164 5960//65
f 5960//65 6047//164 5956//30
f 5963//193 5962//1008 6051//731
f 6051//731 5962//1008 6052//291
f 5962//1008 5964//126 6052//291
f 6052//291 5964//126 6053//680
f 5964//126 5965//126 6053//680
f 6053//680 5965//126 6054//680
f 5965//126 5966//25 6054//680
f 6054//680 5966//25 6055//569
f 5966//25 5967//77 6055//569
f 6055//569 5967//77 6056//570
f 5968//1034 5969//853 6057//875
f 5969//853 5970//653 6057//875
f 6057//875 5970//653 6058//693
f 6057//875 6058//693 6059//193
f 5970//653 5963//193 6058//693
f 6058//693 5963//193 6051//731
f 5967//77 5971//77 6056//570
f 6056//570 5971//77 6060//991
f 5971//77 5972//77 6060//991
f 6060//991 5972//77 6061//77
f 5974//200 5968//1034 6062//1041
f 6062//1041 5968//1034 6057//875
f 6062//1041 6057//875 6063//193
f 6057//875 6059//193 6063//193
f 5972//77 5975//77 6061//77
f 6061//77 5975//77 6064//77
f 5975//77 5976//89 6064//77
f 6064//77 5976//89 6065//181
f 5977//201 5978//1027 6066//207
f 5978//1027 5974//200 6066//207
f 6066//207 5974//200 6062//1041
f 6066//207 6062//1041 6067//208
f 5979//147 6068//13 5976//89
f 5976//89 6068//13 6065//181
f 5980//203 5977//201 6069//246
f 6069//246 5977//201 6066//207
f 6066//207 6067//208 6069//246
f 6069//246 6067//208 6070//381
f 5981//1007 6071//48 5979//147
f 5979//147 6071//48 6072//49
f 5979//147 6072//49 6068//13
f 6071//48 6073//50 6072//49
f 5980//203 6069//246 5983//1035
f 5983//1035 6069//246 5984//337
f 5984//337 6069//246 6070//381
f 5984//337 6070//381 6074//38
f 5985//62 6075//1021 5986//62
f 5986//62 6075//1021 5981//1007
f 5981//1007 6075//1021 6076//590
f 5981//1007 6076//590 6071//48
f 6071//48 6076//590 6077//407
f 6071//48 6077//407 6073//50
f 5987//20 5984//337 6078//42
f 6078//42 5984//337 6074//38
f 5989//638 6079//286 5990//251
f 5990//251 6079//286 5991//368
f 5991//368 6079//286 6080//373
f 5991//368 6080//373 5992//324
f 5992//324 6080//373 6081//286
f 5992//324 6081//286 5985//62
f 5985//62 6081//286 6082//590
f 5985//62 6082//590 6075//1021
f 6075//1021 6082//590 6083//407
f 6075//1021 6083//407 6076//590
f 5987//20 6078//42 5993//22
f 5993//22 6078//42 6084//685
f 5993//22 6084//685 5994//451
f 5994//451 6084//685 6085//1042
f 5994//451 6085//1042 6086//285
f 5994//451 6086//285 5995//1036
f 5995//1036 6086//285 6087//561
f 5995//1036 6087//561 5996//927
f 5996//927 6087//561 6088//638
f 5996//927 6088//638 6089//955
f 5996//927 6089//955 5989//638
f 5989//638 6089//955 6090//1043
f 5989//638 6090//1043 6079//286
f 6079//286 6090//1043 6080//373
f 6080//373 6090//1043 6091//373
f 6080//373 6091//373 6081//286
f 6081//286 6091//373 6092//286
f 6081//286 6092//286 6082//590
f 6086//285 6085//1042 6093//428
f 6086//285 6093//428 6087//561
f 6087//561 6093//428 6094//251
f 6087//561 6094//251 6088//638
f 5999//138 5998//2 6095//141
f 6095//141 5998//2 6096//24
f 5998//2 6000//86 6096//24
f 6096//24 6000//86 6097//187
f 6000//86 6001//126 6097//187
f 6097//187 6001//126 6098//170
f 6001//126 6002//168 6098//170
f 6098//170 6002//168 6099//170
f 6002//168 6004//170 6099//170
f 6099//170 6004//170 6100//170
f 6004//170 6006//5 6100//170
f 6100//170 6006//5 6101//33
f 6006//5 6007//46 6101//33
f 6101//33 6007//46 6102//58
f 6101//33 6102//58 6103//35
f 6102//58 6104//6 6103//35
f 6105//183 6106//67 6107//3
f 6008//139 5999//138 6105//183
f 6105//183 5999//138 6095//141
f 6105//183 6095//141 6106//67
f 6007//46 6010//11 6102//58
f 6010//11 6011//388 6102//58
f 6102//58 6011//388 6108//4
f 6102//58 6108//4 6104//6
f 6104//6 6108//4 6109//1044
f 6108//4 6110//68 6109//1044
f 6109//1044 6110//68 6111//462
f 6110//68 6112//119 6111//462
f 6012//7 6013//78 6113//9
f 6113//9 6013//78 6105//183
f 6113//9 6105//183 6107//3
f 6013//78 6008//139 6105//183
f 6011//388 6014//648 6108//4
f 6014//648 6016//4 6108//4
f 6108//4 6016//4 6110//68
f 6016//4 6017//502 6110//68
f 6110//68 6017//502 6114//17
f 6110//68 6114//17 6112//119
f 6018//14 6012//7 6115//14
f 6115//14 6012//7 6113//9
f 6021//113 6116//147 6017//502
f 6017//502 6116//147 6114//17
f 6022//14 6018//14 6117//14
f 6117//14 6018//14 6115//14
f 6023//17 6118//148 6021//113
f 6021//113 6118//148 6116//147
f 6024//14 6022//14 6119//14
f 6119//14 6022//14 6117//14
f 6025//89 6120//266 6023//17
f 6023//17 6120//266 6118//148
f 6026//14 6024//14 6121//14
f 6121//14 6024//14 6119//14
f 6025//89 6028//255 6120//266
f 6120//266 6028//255 6122//267
f 6120//266 6122//267 6123//783
f 6028//255 6029//18 6122//267
f 6030//14 6026//14 6124//38
f 6124//38 6026//14 6121//14
f 6031//153 6125//885 6032//434
f 6032//434 6125//885 6123//783
f 6032//434 6123//783 6122//267
f 6032//434 6122//267 6029//18
f 6033//20 6030//14 6126//42
f 6126//42 6030//14 6124//38
f 6035//60 6127//29 6031//153
f 6031//153 6127//29 6125//885
f 6033//20 6126//42 6036//149
f 6036//149 6126//42 6128//227
f 6036//149 6128//227 6037//149
f 6037//149 6128//227 6129//227
f 6038//174 6130//21 6039//62
f 6039//62 6130//21 6131//179
f 6039//62 6131//179 6035//60
f 6035//60 6131//179 6127//29
f 6037//149 6129//227 6040//149
f 6040//149 6129//227 6132//230
f 6040//149 6132//230 6041//154
f 6041//154 6132//230 6133//218
f 6041//154 6133//218 6134//214
f 6134//214 6133//218 6135//144
f 6136//40 6137//54 6138//109
f 6042//30 6136//40 6043//94
f 6043//94 6136//40 6138//109
f 6043//94 6138//109 6139//23
f 6043//94 6139//23 6038//174
f 6038//174 6139//23 6130//21
f 6041//154 6134//214 6044//95
f 6044//95 6134//214 6045//1040
f 6045//1040 6134//214 6135//144
f 6045//1040 6135//144 6140//22
f 6045//1040 6140//22 6046//176
f 6046//176 6140//22 6141//103
f 6046//176 6141//103 6048//103
f 6048//103 6141//103 6142//103
f 6048//103 6142//103 6049//103
f 6049//103 6142//103 6143//109
f 6049//103 6143//109 6050//31
f 6050//31 6143//109 6137//54
f 6050//31 6137//54 6136//40
f 6050//31 6136//40 6042//30
f 6051//731 6052//291 6144//755
f 6052//291 6053//680 6144//755
f 6144//755 6053//680 6145//635
f 6053//680 6054//680 6145//635
f 6145//635 6054//680 6146//635
f 6054//680 6055//569 6146//635
f 6146//635 6055//569 6147//848
f 6055//569 6056//570 6147//848
f 6059//193 6058//693 6148//193
f 6148//193 6058//693 6149//853
f 6058//693 6051//731 6149//853
f 6149//853 6051//731 6144//755
f 6149//853 6144//755 6150//679
f 6144//755 6145//635 6150//679
f 6150//679 6145//635 6151//680
f 6145//635 6146//635 6151//680
f 6151//680 6146//635 6152//680
f 6146//635 6147//848 6152//680
f 6152//680 6147//848 6153//680
f 6056//570 6060//991 6147//848
f 6147//848 6060//991 6154//1001
f 6147//848 6154//1001 6153//680
f 6060//991 6061//77 6154//1001
f 6154//1001 6061//77 6155//77
f 6062//1041 6063//193 6156//236
f 6156//236 6063//193 6157//193
f 6063//193 6059//193 6157//193
f 6157//193 6059//193 6148//193
f 6061//77 6064//77 6155//77
f 6155//77 6064//77 6158//77
f 6064//77 6065//181 6158//77
f 6158//77 6065//181 6159//77
f 6067//208 6062//1041 6160//670
f 6160//670 6062//1041 6156//236
f 6068//13 6161//79 6065//181
f 6065//181 6161//79 6162//80
f 6065//181 6162//80 6159//77
f 6161//79 6163//13 6162//80
f 6070//381 6067//208 6164//14
f 6164//14 6067//208 6160//670
f 6068//13 6072//49 6161//79
f 6072//49 6073//50 6161//79
f 6161//79 6073//50 6165//17
f 6161//79 6165//17 6163//13
f 6074//38 6070//381 6166//53
f 6166//53 6070//381 6164//14
f 6076//590 6167//1021 6077//407
f 6077//407 6167//1021 6073//50
f 6073//50 6167//1021 6168//51
f 6073//50 6168//51 6165//17
f 6078//42 6074//38 6169//262
f 6169//262 6074//38 6166//53
f 6169//262 6166//53 6170//227
f 6169//262 6170//227 6171//621
f 6082//590 6172//1021 6083//407
f 6083//407 6172//1021 6076//590
f 6076//590 6172//1021 6173//1021
f 6076//590 6173//1021 6167//1021
f 6167//1021 6173//1021 6174//505
f 6167//1021 6174//505 6168//51
f 6078//42 6169//262 6084//685
f 6084//685 6169//262 6085//1042
f 6085//1042 6169//262 6171//621
f 6085//1042 6171//621 6175//20
f 6088//638 6176//286 6089//955
f 6089//955 6176//286 6090//1043
f 6090//1043 6176//286 6177//373
f 6090//1043 6177//373 6091//373
f 6091//373 6177//373 6178//373
f 6091//373 6178//373 6092//286
f 6092//286 6178//373 6179//286
f 6092//286 6179//286 6082//590
f 6082//590 6179//286 6180//590
f 6082//590 6180//590 6172//1021
f 6172//1021 6180//590 6181//52
f 6172//1021 6181//52 6173//1021
f 6085//1042 6175//20 6093//428
f 6093//428 6175//20 6182//22
f 6093//428 6182//22 6094//251
f 6094//251 6182//22 6183//456
f 6094//251 6183//456 6088//638
f 6088//638 6183//456 6184//1045
f 6088//638 6184//1045 6176//286
f 6176//286 6184//1045 6177//373
f 6177//373 6184//1045 6185//429
f 6177//373 6185//429 6178//373
f 6178//373 6185//429 6186//373
f 6178//373 6186//373 6179//286
f 6179//286 6186//373 6187//286
f 6179//286 6187//286 6180//590
f 6188//66 6189//2 6190//67
f 6188//66 6191//104 6189//2
f 6189//2 6191//104 6192//170
f 6191//104 6193//104 6192//170
f 6192//170 6193//104 6194//1046
f 6193//104 6195//104 6194//1046
f 6194//1046 6195//104 6196//104
f 6195//104 6197//45 6196//104
f 6196//104 6197//45 6198//4
f 6197//45 6199//295 6198//4
f 6200//277 6201//104 6202//275
f 6200//277 6203//502 6201//104
f 6095//141 6096//24 6204//125
f 6204//125 6096//24 6205//69
f 6096//24 6097//187 6205//69
f 6205//69 6097//187 6188//66
f 6205//69 6188//66 6190//67
f 6097//187 6098//170 6188//66
f 6188//66 6098//170 6191//104
f 6098//170 6099//170 6191//104
f 6191//104 6099//170 6193//104
f 6099//170 6100//170 6193//104
f 6193//104 6100//170 6195//104
f 6100//170 6101//33 6195//104
f 6195//104 6101//33 6197//45
f 6101//33 6103//35 6197//45
f 6197//45 6103//35 6206//47
f 6197//45 6206//47 6199//295
f 6103//35 6104//6 6206//47
f 6206//47 6104//6 6207//6
f 6200//277 6202//275 6208//1047
f 6208//1047 6202//275 6209//275
f 6200//277 6208//1047 6203//502
f 6203//502 6208//1047 6210//1048
f 6107//3 6106//67 6211//7
f 6211//7 6106//67 6212//125
f 6106//67 6095//141 6212//125
f 6212//125 6095//141 6204//125
f 6104//6 6109//1044 6207//6
f 6207//6 6109//1044 6213//536
f 6109//1044 6111//462 6213//536
f 6213//536 6111//462 6208//1047
f 6213//536 6208//1047 6209//275
f 6111//462 6112//119 6208//1047
f 6208//1047 6112//119 6214//1049
f 6208//1047 6214//1049 6210//1048
f 6113//9 6107//3 6215//14
f 6215//14 6107//3 6211//7
f 6114//17 6216//113 6112//119
f 6112//119 6216//113 6214//1049
f 6115//14 6113//9 6217//14
f 6217//14 6113//9 6215//14
f 6116//147 6218//13 6114//17
f 6114//17 6218//13 6216//113
f 6117//14 6115//14 6219//14
f 6219//14 6115//14 6217//14
f 6118//148 6220//48 6116//147
f 6116//147 6220//48 6221//49
f 6116//147 6221//49 6218//13
f 6220//48 6222//50 6221//49
f 6119//14 6117//14 6223//14
f 6223//14 6117//14 6219//14
f 6120//266 6224//504 6118//148
f 6118//148 6224//504 6225//52
f 6118//148 6225//52 6220//48
f 6220//48 6225//52 6222//50
f 6121//14 6119//14 6226//14
f 6226//14 6119//14 6223//14
f 6123//783 6227//148 6120//266
f 6120//266 6227//148 6224//504
f 6124//38 6121//14 6228//53
f 6228//53 6121//14 6226//14
f 6125//885 6229//19 6123//783
f 6123//783 6229//19 6227//148
f 6126//42 6124//38 6230//262
f 6230//262 6124//38 6228//53
f 6230//262 6228//53 6231//227
f 6230//262 6231//227 6232//227
f 6233//39 6234//184 6235//107
f 6127//29 6233//39 6125//885
f 6125//885 6233//39 6235//107
f 6125//885 6235//107 6229//19
f 6126//42 6230//262 6128//227
f 6128//227 6230//262 6129//227
f 6129//227 6230//262 6232//227
f 6129//227 6232//227 6236//214
f 6236//214 6232//227 6237//227
f 6236//214 6237//227 6238//144
f 6130//21 6239//185 6131//179
f 6131//179 6239//185 6234//184
f 6131//179 6234//184 6233//39
f 6131//179 6233//39 6127//29
f 6129//227 6236//214 6132//230
f 6132//230 6236//214 6133//218
f 6133//218 6236//214 6238//144
f 6133//218 6238//144 6240//149
f 6133//218 6240//149 6135//144
f 6135//144 6240//149 6241//154
f 6242//297 6243//54 6244//937
f 6137//54 6242//297 6138//109
f 6138//109 6242//297 6244//937
f 6138//109 6244//937 6245//103
f 6138//109 6245//103 6139//23
f 6139//23 6245//103 6246//31
f 6139//23 6246//31 6130//21
f 6130//21 6246//31 6239//185
f 6135//144 6241//154 6140//22
f 6140//22 6241//154 6247//95
f 6140//22 6247//95 6141//103
f 6141//103 6247//95 6248//852
f 6141//103 6248//852 6142//103
f 6142//103 6248//852 6249//828
f 6142//103 6249//828 6143//109
f 6143//109 6249//828 6243//54
f 6143//109 6243//54 6242//297
f 6143//109 6242//297 6137//54
f 6148//193 6149//853 6250//875
f 6149//853 6150//679 6250//875
f 6250//875 6150//679 6251//716
f 6250//875 6251//716 6252//753
f 6150//679 6151//680 6251//716
f 6251//716 6151//680 6253//680
f 6151//680 6152//680 6253//680
f 6253//680 6152//680 6254//563
f 6152//680 6153//680 6254//563
f 6254//563 6153//680 6255//126
f 6153//680 6154//1001 6255//126
f 6255//126 6154//1001 6256//654
f 6154//1001 6155//77 6256//654
f 6256//654 6155//77 6257//570
f 6156//236 6157//193 6258//750
f 6157//193 6148//193 6258//750
f 6258//750 6148//193 6250//875
f 6258//750 6250//875 6259//1026
f 6259//1026 6250//875 6260//1027
f 6250//875 6252//753 6260//1027
f 6155//77 6158//77 6257//570
f 6257//570 6158//77 6261//991
f 6158//77 6159//77 6261//991
f 6261//991 6159//77 6262//77
f 6160//670 6156//236 6263//750
f 6263//750 6156//236 6258//750
f 6258//750 6259//1026 6263//750
f 6263//750 6259//1026 6264//200
f 6159//77 6162//80 6262//77
f 6262//77 6162//80 6265//77
f 6162//80 6163//13 6265//77
f 6265//77 6163//13 6266//89
f 6164//14 6160//670 6267//201
f 6267//201 6160//670 6263//750
f 6267//201 6263//750 6268//1027
f 6263//750 6264//200 6268//1027
f 6165//17 6269//18 6163//13
f 6163//13 6269//18 6266//89
f 6166//53 6164//14 6270//42
f 6270//42 6164//14 6267//201
f 6168//51 6271//18 6165//17
f 6165//17 6271//18 6269//18
f 6166//53 6270//42 6170//227
f 6170//227 6270//42 6272//227
f 6170//227 6272//227 6171//621
f 6171//621 6272//227 6273//903
f 6173//1021 6274//1021 6174//505
f 6174//505 6274//1021 6168//51
f 6168//51 6274//1021 6275//51
f 6168//51 6275//51 6271//18
f 6175//20 6171//621 6276//42
f 6276//42 6171//621 6273//903
f 6180//590 6277//505 6181//52
f 6181//52 6277//505 6173//1021
f 6173//1021 6277//505 6278//520
f 6173//1021 6278//520 6274//1021
f 6274//1021 6278//520 6279//407
f 6274//1021 6279//407 6275//51
f 6175//20 6276//42 6182//22
f 6182//22 6276//42 6280//95
f 6182//22 6280//95 6183//456
f 6183//456 6280//95 6281//178
f 6183//456 6281//178 6184//1045
f 6184//1045 6281//178 6282//497
f 6184//1045 6282//497 6185//429
f 6185//429 6282//497 6283//553
f 6185//429 6283//553 6284//285
f 6185//429 6284//285 6186//373
f 6186//373 6284//285 6285//373
f 6186//373 6285//373 6187//286
f 6187//286 6285//373 6286//286
f 6187//286 6286//286 6180//590
f 6180//590 6286//286 6287//494
f 6180//590 6287//494 6277//505
f 6277//505 6287//494 6288//407
f 6277//505 6288//407 6278//520
f 6284//285 6283//553 6289//362
f 6284//285 6289//362 6285//373
f 6285//373 6289//362 6290//368
f 6285//373 6290//368 6286//286
f 6286//286 6290//368 6291//251
f 6286//286 6291//251 6287//494
f 6292//481 6293//104 6294//234
f 6292//481 6295//160 6293//104
f 6296//277 6297//104 6298//275
f 6296//277 6299//1050 6297//104
f 6300//66 6301//97 6302//234
f 6300//66 6303//104 6301//97
f 6301//97 6303//104 6304//1046
f 6303//104 6305//1051 6304//1046
f 6304//1046 6305//1051 6306//516
f 6305//1051 6307//1052 6306//516
f 6306//516 6307//1052 6292//481
f 6306//516 6292//481 6294//234
f 6292//481 6307//1052 6295//160
f 6295//160 6307//1052 6308//1053
f 6296//277 6298//275 6309//1047
f 6309//1047 6298//275 6310//275
f 6296//277 6309//1047 6299//1050
f 6299//1050 6309//1047 6311//120
f 6190//67 6189//2 6312//67
f 6312//67 6189//2 6313//76
f 6189//2 6192//170 6313//76
f 6313//76 6192//170 6314//1054
f 6192//170 6194//1046 6314//1054
f 6314//1054 6194//1046 6300//66
f 6314//1054 6300//66 6302//234
f 6194//1046 6196//104 6300//66
f 6300//66 6196//104 6303//104
f 6196//104 6198//4 6303//104
f 6303//104 6198//4 6305//1051
f 6198//4 6199//295 6305//1051
f 6305//1051 6199//295 6315//1055
f 6305//1051 6315//1055 6307//1052
f 6307//1052 6315//1055 6308//1053
f 6308//1053 6315//1055 6316//1056
f 6308//1053 6316//1056 6317//104
f 6202//275 6201//104 6316//1056
f 6316//1056 6201//104 6309//1047
f 6316//1056 6309//1047 6317//104
f 6317//104 6309//1047 6310//275
f 6201//104 6203//502 6309//1047
f 6309//1047 6203//502 6318//1049
f 6309//1047 6318//1049 6311//120
f 6204//125 6205//69 6319//125
f 6319//125 6205//69 6320//78
f 6205//69 6190//67 6320//78
f 6320//78 6190//67 6312//67
f 6199//295 6206//47 6315//1055
f 6206//47 6207//6 6315//1055
f 6315//1055 6207//6 6321//1057
f 6315//1055 6321//1057 6316//1056
f 6209//275 6202//275 6321//1057
f 6321//1057 6202//275 6316//1056
f 6210//1048 6322//13 6203//502
f 6203//502 6322//13 6318//1049
f 6211//7 6212//125 6323//7
f 6323//7 6212//125 6324//125
f 6212//125 6204//125 6324//125
f 6324//125 6204//125 6319//125
f 6207//6 6213//536 6321//1057
f 6213//536 6209//275 6321//1057
f 6214//1049 6325//118 6210//1048
f 6210//1048 6325//118 6326//49
f 6210//1048 6326//49 6322//13
f 6325//118 6327//1050 6326//49
f 6215//14 6211//7 6328//14
f 6328//14 6211//7 6323//7
f 6216//113 6329//120 6214//1049
f 6214//1049 6329//120 6325//118
f 6325//118 6329//120 6327//1050
f 6327//1050 6329//120 6330//120
f 6217//14 6215//14 6331//14
f 6331//14 6215//14 6328//14
f 6218//13 6332//130 6216//113
f 6216//113 6332//130 6329//120
f 6329//120 6332//130 6330//120
f 6330//120 6332//130 6333//1058
f 6219//14 6217//14 6334//14
f 6334//14 6217//14 6331//14
f 6218//13 6221//49 6332//130
f 6221//49 6222//50 6332//130
f 6332//130 6222//50 6335//1059
f 6332//130 6335//1059 6333//1058
f 6223//14 6219//14 6336//14
f 6336//14 6219//14 6334//14
f 6224//504 6337//121 6225//52
f 6225//52 6337//121 6222//50
f 6222//50 6337//121 6338//148
f 6222//50 6338//148 6335//1059
f 6226//14 6223//14 6339//38
f 6339//38 6223//14 6336//14
f 6227//148 6340//121 6224//504
f 6224//504 6340//121 6337//121
f 6337//121 6340//121 6338//148
f 6338//148 6340//121 6341//122
f 6228//53 6226//14 6342//42
f 6342//42 6226//14 6339//38
f 6229//19 6343//174 6227//148
f 6227//148 6343//174 6344//62
f 6227//148 6344//62 6340//121
f 6340//121 6344//62 6341//122
f 6228//53 6342//42 6231//227
f 6231//227 6342//42 6345//227
f 6231//227 6345//227 6232//227
f 6232//227 6345//227 6346//227
f 6234//184 6347//21 6235//107
f 6235//107 6347//21 6348//21
f 6235//107 6348//21 6229//19
f 6229//19 6348//21 6343//174
f 6232//227 6346//227 6237//227
f 6237//227 6346//227 6349//227
f 6237//227 6349//227 6238//144
f 6238//144 6349//227 6350//227
f 6351//39 6352//30 6353//107
f 6239//185 6351//39 6234//184
f 6234//184 6351//39 6353//107
f 6234//184 6353//107 6347//21
f 6238//144 6350//227 6240//149
f 6240//149 6350//227 6354//230
f 6240//149 6354//230 6241//154
f 6241//154 6354//230 6355//1060
f 6241//154 6355//1060 6356//195
f 6356//195 6355//1060 6357//164
f 6357//164 6355//1060 6358//1061
f 6357//164 6358//1061 6359//71
f 6359//71 6358//1061 6360//102
f 6243//54 6359//71 6244//937
f 6244//937 6359//71 6360//102
f 6244//937 6360//102 6361//103
f 6244//937 6361//103 6245//103
f 6245//103 6361//103 6362//131
f 6245//103 6362//131 6246//31
f 6246//31 6362//131 6352//30
f 6246//31 6352//30 6351//39
f 6246//31 6351//39 6239//185
f 6241//154 6356//195 6247//95
f 6247//95 6356//195 6248//852
f 6248//852 6356//195 6357//164
f 6248//852 6357//164 6249//828
f 6249//828 6357//164 6359//71
f 6249//828 6359//71 6243//54
f 6252//753 6251//716 6363//603
f 6251//716 6253//680 6363//603
f 6363//603 6253//680 6364//715
f 6253//680 6254//563 6364//715
f 6364//715 6254//563 6365//716
f 6364//715 6365//716 6366//717
f 6254//563 6255//126 6365//716
f 6365//716 6255//126 6367//732
f 6255//126 6256//654 6367//732
f 6367//732 6256//654 6368//898
f 6367//732 6368//898 6369//799
f 6256//654 6257//570 6368//898
f 6259//1026 6260//1027 6370//902
f 6260//1027 6252//753 6370//902
f 6370//902 6252//753 6363//603
f 6370//902 6363//603 6371//850
f 6371//850 6363//603 6372//1062
f 6363//603 6364//715 6372//1062
f 6372//1062 6364//715 6373//291
f 6364//715 6366//717 6373//291
f 6368//898 6374//719 6369//799
f 6257//570 6261//991 6368//898
f 6368//898 6261//991 6375//993
f 6368//898 6375//993 6374//719
f 6261//991 6262//77 6375//993
f 6375//993 6262//77 6376//570
f 6264//200 6259//1026 6377//839
f 6377//839 6259//1026 6370//902
f 6377//839 6370//902 6378//1027
f 6370//902 6371//850 6378//1027
f 6262//77 6265//77 6376//570
f 6376//570 6265//77 6379//991
f 6265//77 6266//89 6379//991
f 6379//991 6266//89 6380//89
f 6267//201 6268//1027 6381//207
f 6268//1027 6264//200 6381//207
f 6381//207 6264//200 6377//839
f 6381//207 6377//839 6382//208
f 6269//18 6383//147 6266//89
f 6266//89 6383//147 6380//89
f 6270//42 6267//201 6384//246
f 6384//246 6267//201 6381//207
f 6381//207 6382//208 6384//246
f 6384//246 6382//208 6385//381
f 6271//18 6386//113 6269//18
f 6269//18 6386//113 6383//147
f 6270//42 6384//246 6272//227
f 6272//227 6384//246 6273//903
f 6273//903 6384//246 6385//381
f 6273//903 6385//381 6387//53
f 6275//51 6388//113 6271//18
f 6271//18 6388//113 6386//113
f 6276//42 6273//903 6389//226
f 6389//226 6273//903 6387//53
f 6389//226 6387//53 6390//227
f 6389//226 6390//227 6391//144
f 6278//520 6392//121 6279//407
f 6279//407 6392//121 6275//51
f 6275//51 6392//121 6393//335
f 6275//51 6393//335 6388//113
f 6276//42 6389//226 6280//95
f 6280//95 6389//226 6281//178
f 6281//178 6389//226 6391//144
f 6281//178 6391//144 6394//498
f 6281//178 6394//498 6282//497
f 6282//497 6394//498 6395//344
f 6282//497 6395//344 6396//403
f 6282//497 6396//403 6283//553
f 6287//494 6397//1063 6288//407
f 6288//407 6397//1063 6278//520
f 6278//520 6397//1063 6398//1064
f 6278//520 6398//1064 6392//121
f 6392//121 6398//1064 6393//335
f 6393//335 6398//1064 6399//1065
f 6396//403 6395//344 6400//452
f 6283//553 6396//403 6289//362
f 6289//362 6396//403 6400//452
f 6289//362 6400//452 6401//451
f 6289//362 6401//451 6290//368
f 6290//368 6401//451 6402//368
f 6290//368 6402//368 6291//251
f 6291//251 6402//368 6403//1036
f 6291//251 6403//1036 6287//494
f 6287//494 6403//1036 6404//1043
f 6287//494 6404//1043 6397//1063
f 6397//1063 6404//1043 6398//1064
f 6398//1064 6404//1043 6405//286
f 6398//1064 6405//286 6399//1065
f 6406//277 6407//104 6408//275
f 6406//277 6409//1050 6407//104
f 6406//277 6408//275 6410//287
f 6410//287 6408//275 6411//276
f 6406//277 6410//287 6409//1050
f 6409//1050 6410//287 6412//120
f 6410//287 6411//276 6413//287
f 6413//287 6411//276 6414//276
f 6410//287 6413//287 6412//120
f 6412//120 6413//287 6415//120
f 6413//287 6414//276 6416//1066
f 6416//1066 6414//276 6417//275
f 6413//287 6416//1066 6415//120
f 6415//120 6416//1066 6418//120
f 6419//1067 6420//66 6421//234
f 6419//1067 6422//300 6420//66
f 6420//66 6422//300 6423//516
f 6422//300 6424//1068 6423//516
f 6423//516 6424//1068 6416//1066
f 6423//516 6416//1066 6417//275
f 6416//1066 6424//1068 6418//120
f 6418//120 6424//1068 6425//120
f 6426//66 6427//66 6428//234
f 6426//66 6429//66 6427//66
f 6427//66 6429//66 6430//66
f 6294//234 6293//104 6429//66
f 6429//66 6293//104 6419//1067
f 6429//66 6419//1067 6430//66
f 6430//66 6419//1067 6421//234
f 6293//104 6295//160 6419//1067
f 6419//1067 6295//160 6431//1069
f 6419//1067 6431//1069 6422//300
f 6298//275 6297//104 6431//1069
f 6431//1069 6297//104 6424//1068
f 6431//1069 6424//1068 6422//300
f 6297//104 6299//1050 6424//1068
f 6424//1068 6299//1050 6432//117
f 6424//1068 6432//117 6425//120
f 6433//96 6434//66 6435//234
f 6302//234 6301//97 6433//96
f 6433//96 6301//97 6436//1070
f 6433//96 6436//1070 6434//66
f 6301//97 6304//1046 6436//1070
f 6436//1070 6304//1046 6426//66
f 6436//1070 6426//66 6428//234
f 6304//1046 6306//516 6426//66
f 6426//66 6306//516 6429//66
f 6306//516 6294//234 6429//66
f 6308//1053 6437//277 6295//160
f 6295//160 6437//277 6431//1069
f 6310//275 6298//275 6437//277
f 6437//277 6298//275 6431//1069
f 6311//120 6438//118 6299//1050
f 6299//1050 6438//118 6439//49
f 6299//1050 6439//49 6432//117
f 6438//118 6440//160 6439//49
f 6441//85 6442//2 6443//3
f 6312//67 6313//76 6441//85
f 6441//85 6313//76 6444//573
f 6441//85 6444//573 6442//2
f 6313//76 6314//1054 6444//573
f 6444//573 6314//1054 6433//96
f 6444//573 6433//96 6435//234
f 6314//1054 6302//234 6433//96
f 6308//1053 6317//104 6437//277
f 6317//104 6310//275 6437//277
f 6318//1049 6445//120 6311//120
f 6311//120 6445//120 6438//118
f 6438//118 6445//120 6440//160
f 6440//160 6445//120 6446//120
f 6319//125 6320//78 6447//1071
f 6447//1071 6320//78 6441//85
f 6447//1071 6441//85 6443//3
f 6320//78 6312//67 6441//85
f 6322//13 6448//130 6318//1049
f 6318//1049 6448//130 6445//120
f 6445//120 6448//130 6446//120
f 6446//120 6448//130 6449//120
f 6323//7 6324//125 6450//192
f 6450//192 6324//125 6451//193
f 6324//125 6319//125 6451//193
f 6451//193 6319//125 6447//1071
f 6322//13 6326//49 6448//130
f 6326//49 6327//1050 6448//130
f 6448//130 6327//1050 6452//117
f 6448//130 6452//117 6449//120
f 6328//14 6323//7 6453//14
f 6453//14 6323//7 6450//192
f 6330//120 6454//118 6327//1050
f 6327//1050 6454//118 6455//49
f 6327//1050 6455//49 6452//117
f 6454//118 6456//502 6455//49
f 6331//14 6328//14 6457//14
f 6457//14 6328//14 6453//14
f 6333//1058 6458//1072 6330//120
f 6330//120 6458//1072 6454//118
f 6454//118 6458//1072 6456//502
f 6456//502 6458//1072 6459//122
f 6334//14 6331//14 6460//14
f 6460//14 6331//14 6457//14
f 6461//1073 6462//18 6463//1074
f 6335//1059 6461//1073 6333//1058
f 6333//1058 6461//1073 6463//1074
f 6333//1058 6463//1074 6458//1072
f 6458//1072 6463//1074 6464//1075
f 6458//1072 6464//1075 6459//122
f 6336//14 6334//14 6465//38
f 6465//38 6334//14 6460//14
f 6461//1073 6466//77 6462//18
f 6338//148 6467//1076 6335//1059
f 6335//1059 6467//1076 6466//77
f 6335//1059 6466//77 6461//1073
f 6339//38 6336//14 6468//203
f 6468//203 6336//14 6465//38
f 6341//122 6469//19 6338//148
f 6338//148 6469//19 6467//1076
f 6342//42 6339//38 6470//262
f 6470//262 6339//38 6468//203
f 6470//262 6468//203 6471//1035
f 6470//262 6471//1035 6472//231
f 6343//174 6473//21 6344//62
f 6344//62 6473//21 6474//21
f 6344//62 6474//21 6341//122
f 6341//122 6474//21 6469//19
f 6342//42 6470//262 6345//227
f 6345//227 6470//262 6346//227
f 6346//227 6470//262 6472//231
f 6346//227 6472//231 6475//231
f 6475//231 6472//231 6476//1035
f 6475//231 6476//1035 6477//231
f 6347//21 6478//21 6348//21
f 6348//21 6478//21 6479//21
f 6348//21 6479//21 6343//174
f 6343//174 6479//21 6473//21
f 6346//227 6475//231 6349//227
f 6349//227 6475//231 6350//227
f 6350//227 6475//231 6477//231
f 6350//227 6477//231 6480//195
f 6480//195 6477//231 6481//195
f 6480//195 6481//195 6482//196
f 6482//196 6481//195 6483//204
f 6482//196 6483//204 6484//228
f 6352//30 6485//30 6353//107
f 6353//107 6485//30 6486//94
f 6353//107 6486//94 6347//21
f 6347//21 6486//94 6478//21
f 6350//227 6480//195 6354//230
f 6354//230 6480//195 6355//1060
f 6355//1060 6480//195 6482//196
f 6355//1060 6482//196 6358//1061
f 6358//1061 6482//196 6484//228
f 6358//1061 6484//228 6487//95
f 6358//1061 6487//95 6360//102
f 6360//102 6487//95 6488//852
f 6360//102 6488//852 6361//103
f 6361//103 6488//852 6489//852
f 6361//103 6489//852 6362//131
f 6362//131 6489//852 6490//64
f 6362//131 6490//64 6352//30
f 6352//30 6490//64 6485//30
f 6366//717 6365//716 6491//755
f 6365//716 6367//732 6491//755
f 6491//755 6367//732 6492//848
f 6367//732 6369//799 6492//848
f 6371//850 6372//1062 6493//810
f 6493//810 6372//1062 6494//291
f 6372//1062 6373//291 6494//291
f 6494//291 6373//291 6495//634
f 6373//291 6366//717 6495//634
f 6495//634 6366//717 6491//755
f 6495//634 6491//755 6496//679
f 6491//755 6492//848 6496//679
f 6496//679 6492//848 6497//680
f 6369//799 6374//719 6492//848
f 6492//848 6374//719 6498//1018
f 6492//848 6498//1018 6497//680
f 6374//719 6375//993 6498//1018
f 6498//1018 6375//993 6499//898
f 6498//1018 6499//898 6500//570
f 6375//993 6376//570 6499//898
f 6377//839 6378//1027 6501//199
f 6378//1027 6371//850 6501//199
f 6501//199 6371//850 6493//810
f 6501//199 6493//810 6502//633
f 6499//898 6503//569 6500//570
f 6376//570 6379//991 6499//898
f 6499//898 6379//991 6504//993
f 6499//898 6504//993 6503//569
f 6379//991 6380//89 6504//993
f 6504//993 6380//89 6505//811
f 6382//208 6377//839 6506//201
f 6506//201 6377//839 6501//199
f 6506//201 6501//199 6507//1027
f 6501//199 6502//633 6507//1027
f 6383//147 6508//89 6380//89
f 6380//89 6508//89 6505//811
f 6385//381 6382//208 6509//208
f 6509//208 6382//208 6506//201
f 6386//113 6510//118 6383//147
f 6383//147 6510//118 6511//80
f 6383//147 6511//80 6508//89
f 6510//118 6512//13 6511//80
f 6387//53 6385//381 6513//42
f 6513//42 6385//381 6509//208
f 6388//113 6514//120 6386//113
f 6386//113 6514//120 6510//118
f 6510//118 6514//120 6512//13
f 6512//13 6514//120 6515//1048
f 6387//53 6513//42 6390//227
f 6390//227 6513//42 6516//227
f 6390//227 6516//227 6391//144
f 6391//144 6516//227 6517//249
f 6393//335 6518//120 6388//113
f 6388//113 6518//120 6514//120
f 6514//120 6518//120 6515//1048
f 6515//1048 6518//120 6519//120
f 6391//144 6517//249 6394//498
f 6394//498 6517//249 6520//149
f 6394//498 6520//149 6395//344
f 6395//344 6520//149 6521//149
f 6399//1065 6522//120 6393//335
f 6393//335 6522//120 6518//120
f 6518//120 6522//120 6519//120
f 6519//120 6522//120 6523//120
f 6395//344 6521//149 6400//452
f 6400//452 6521//149 6524//498
f 6400//452 6524//498 6401//451
f 6401//451 6524//498 6525//344
f 6401//451 6525//344 6526//285
f 6401//451 6526//285 6402//368
f 6402//368 6526//285 6527//1077
f 6402//368 6527//1077 6403//1036
f 6403//1036 6527//1077 6528//355
f 6403//1036 6528//355 6404//1043
f 6404//1043 6528//355 6529//355
f 6404//1043 6529//355 6405//286
f 6405//286 6529//355 6530//1078
f 6405//286 6530//1078 6399//1065
f 6399//1065 6530//1078 6531//1079
f 6399//1065 6531//1079 6522//120
f 6522//120 6531//1079 6523//120
f 6523//120 6531//1079 6532//120
f 6526//285 6525//344 6533//449
f 6526//285 6533//449 6527//1077
f 6527//1077 6533//449 6534//372
f 6527//1077 6534//372 6535//357
f 6527//1077 6535//357 6528//355
f 6528//355 6535//357 6536//1080
f 6528//355 6536//1080 6529//355
f 6529//355 6536//1080 6537//287
f 6529//355 6537//287 6530//1078
f 6530//1078 6537//287 6538//287
f 6530//1078 6538//287 6531//1079
f 6531//1079 6538//287 6539//1081
f 6531//1079 6539//1081 6532//120
f 6532//120 6539//1081 6540//120
f 6535//357 6534//372 6541//371
f 6535//357 6541//371 6536//1080
f 6536//1080 6541//371 6542//372
f 6536//1080 6542//372 6543//357
f 6536//1080 6543//357 6537//287
f 6537//287 6543//357 6544//1080
f 6537//287 6544//1080 6538//287
f 6538//287 6544//1080 6545//287
f 6538//287 6545//287 6539//1081
f 6539//1081 6545//287 6546//1081
f 6539//1081 6546//1081 6540//120
f 6540//120 6546//1081 6547//120
f 6543//357 6542//372 6548//424
f 6543//357 6548//424 6544//1080
f 6544//1080 6548//424 6549//364
f 6544//1080 6549//364 6550//303
f 6544//1080 6550//303 6545//287
f 6545//287 6550//303 6551//287
f 6545//287 6551//287 6546//1081
f 6546//1081 6551//287 6552//1082
f 6546//1081 6552//1082 6547//120
f 6547//120 6552//1082 6553//1065
f 6550//303 6549//364 6554//303
f 6554//303 6549//364 6555//276
f 6550//303 6554//303 6551//287
f 6551//287 6554//303 6556//1083
f 6551//287 6556//1083 6552//1082
f 6552//1082 6556//1083 6557//121
f 6552//1082 6557//121 6558//407
f 6552//1082 6558//407 6553//1065
f 6554//303 6555//276 6559//306
f 6559//306 6555//276 6560//276
f 6408//275 6407//104 6559//306
f 6559//306 6407//104 6556//1083
f 6559//306 6556//1083 6554//303
f 6407//104 6409//1050 6556//1083
f 6556//1083 6409//1050 6561//117
f 6556//1083 6561//117 6557//121
f 6559//306 6560//276 6562//1084
f 6562//1084 6560//276 6563//275
f 6411//276 6408//275 6562//1084
f 6562//1084 6408//275 6559//306
f 6412//120 6564//118 6409//1050
f 6409//1050 6564//118 6565//49
f 6409//1050 6565//49 6561//117
f 6564//118 6566//160 6565//49
f 6567//299 6568//66 6569//275
f 6567//299 6570//300 6568//66
f 6568//66 6570//300 6571//516
f 6570//300 6572//398 6571//516
f 6571//516 6572//398 6562//1084
f 6571//516 6562//1084 6563//275
f 6414//276 6411//276 6572//398
f 6572//398 6411//276 6562//1084
f 6415//120 6573//120 6412//120
f 6412//120 6573//120 6564//118
f 6564//118 6573//120 6566//160
f 6566//160 6573//120 6574//120
f 6567//299 6569//275 6575//348
f 6575//348 6569//275 6576//275
f 6567//299 6575//348 6570//300
f 6570//300 6575//348 6577//385
f 6570//300 6577//385 6572//398
f 6572//398 6577//385 6578//299
f 6417//275 6414//276 6578//299
f 6578//299 6414//276 6572//398
f 6418//120 6579//120 6415//120
f 6415//120 6579//120 6573//120
f 6573//120 6579//120 6574//120
f 6574//120 6579//120 6580//120
f 6581//66 6582//352 6583//1085
f 6581//66 6584//1086 6582//352
f 6582//352 6584//1086 6575//348
f 6582//352 6575//348 6576//275
f 6421//234 6420//66 6584//1086
f 6584//1086 6420//66 6577//385
f 6584//1086 6577//385 6575//348
f 6420//66 6423//516 6577//385
f 6577//385 6423//516 6578//299
f 6423//516 6417//275 6578//299
f 6425//120 6585//120 6418//120
f 6418//120 6585//120 6579//120
f 6579//120 6585//120 6580//120
f 6580//120 6585//120 6586//1053
f 6587//66 6588//2 6589//67
f 6587//66 6590//66 6588//2
f 6588//2 6590//66 6591//535
f 6428//234 6427//66 6590//66
f 6590//66 6427//66 6581//66
f 6590//66 6581//66 6591//535
f 6591//535 6581//66 6583//1085
f 6427//66 6430//66 6581//66
f 6581//66 6430//66 6584//1086
f 6430//66 6421//234 6584//1086
f 6432//117 6592//1087 6425//120
f 6425//120 6592//1087 6585//120
f 6585//120 6592//1087 6586//1053
f 6586//1053 6592//1087 6593//1088
f 6586//1053 6593//1088 6594//15
f 6593//1088 6595//119 6594//15
f 6596//115 6597//67 6598//67
f 6435//234 6434//66 6596//115
f 6596//115 6434//66 6587//66
f 6596//115 6587//66 6597//67
f 6597//67 6587//66 6589//67
f 6434//66 6436//1070 6587//66
f 6587//66 6436//1070 6590//66
f 6436//1070 6428//234 6590//66
f 6432//117 6439//49 6592//1087
f 6439//49 6440//160 6592//1087
f 6592//1087 6440//160 6599//1089
f 6592//1087 6599//1089 6593//1088
f 6593//1088 6599//1089 6595//119
f 6595//119 6599//1089 6600//113
f 6443//3 6442//2 6601//7
f 6601//7 6442//2 6602//69
f 6442//2 6444//573 6602//69
f 6602//69 6444//573 6596//115
f 6602//69 6596//115 6598//67
f 6444//573 6435//234 6596//115
f 6446//120 6603//120 6440//160
f 6440//160 6603//120 6599//1089
f 6599//1089 6603//120 6600//113
f 6600//113 6603//120 6604//113
f 6447//1071 6443//3 6605//198
f 6605//198 6443//3 6601//7
f 6449//120 6606//120 6446//120
f 6446//120 6606//120 6603//120
f 6603//120 6606//120 6604//113
f 6604//113 6606//120 6607//113
f 6450//192 6451//193 6608//199
f 6451//193 6447//1071 6608//199
f 6608//199 6447//1071 6605//198
f 6608//199 6605//198 6609//236
f 6452//117 6610//130 6449//120
f 6449//120 6610//130 6606//120
f 6606//120 6610//130 6607//113
f 6607//113 6610//130 6611//113
f 6453//14 6450//192 6612//821
f 6612//821 6450//192 6608//199
f 6612//821 6608//199 6613//193
f 6608//199 6609//236 6613//193
f 6452//117 6455//49 6610//130
f 6455//49 6456//502 6610//130
f 6610//130 6456//502 6614//17
f 6610//130 6614//17 6611//113
f 6457//14 6453//14 6615//14
f 6615//14 6453//14 6612//821
f 6459//122 6616//153 6456//502
f 6456//502 6616//153 6614//17
f 6460//14 6457//14 6617//38
f 6617//38 6457//14 6615//14
f 6462//18 6618//1090 6463//1074
f 6463//1074 6618//1090 6464//1075
f 6464//1075 6618//1090 6619//896
f 6464//1075 6619//896 6620//62
f 6464//1075 6620//62 6459//122
f 6459//122 6620//62 6616//153
f 6465//38 6460//14 6621//203
f 6621//203 6460//14 6617//38
f 6462//18 6466//77 6618//1090
f 6466//77 6467//1076 6618//1090
f 6618//1090 6467//1076 6622//1091
f 6618//1090 6622//1091 6619//896
f 6468//203 6465//38 6623//262
f 6623//262 6465//38 6621//203
f 6623//262 6621//203 6624//1035
f 6623//262 6624//1035 6625//1092
f 6469//19 6626//29 6467//1076
f 6467//1076 6626//29 6622//1091
f 6468//203 6623//262 6471//1035
f 6471//1035 6623//262 6472//231
f 6472//231 6623//262 6625//1092
f 6472//231 6625//1092 6627//231
f 6627//231 6625//1092 6628//227
f 6627//231 6628//227 6629//241
f 6473//21 6630//21 6474//21
f 6474//21 6630//21 6631//179
f 6474//21 6631//179 6469//19
f 6469//19 6631//179 6626//29
f 6472//231 6627//231 6476//1035
f 6476//1035 6627//231 6477//231
f 6477//231 6627//231 6629//241
f 6477//231 6629//241 6632//214
f 6632//214 6629//241 6633//1035
f 6632//214 6633//1035 6634//432
f 6478//21 6635//30 6479//21
f 6479//21 6635//30 6636//94
f 6479//21 6636//94 6473//21
f 6473//21 6636//94 6630//21
f 6477//231 6632//214 6481//195
f 6481//195 6632//214 6483//204
f 6483//204 6632//214 6634//432
f 6483//204 6634//432 6637//230
f 6483//204 6637//230 6484//228
f 6484//228 6637//230 6638//194
f 6484//228 6638//194 6639//195
f 6639//195 6638//194 6640//164
f 6640//164 6638//194 6641//852
f 6640//164 6641//852 6642//164
f 6642//164 6641//852 6643//852
f 6642//164 6643//852 6644//71
f 6644//71 6643//852 6645//102
f 6485//30 6644//71 6486//94
f 6486//94 6644//71 6645//102
f 6486//94 6645//102 6646//31
f 6486//94 6646//31 6478//21
f 6478//21 6646//31 6635//30
f 6484//228 6639//195 6487//95
f 6487//95 6639//195 6488//852
f 6488//852 6639//195 6640//164
f 6488//852 6640//164 6489//852
f 6489//852 6640//164 6642//164
f 6489//852 6642//164 6490//64
f 6490//64 6642//164 6644//71
f 6490//64 6644//71 6485//30
f 6493//810 6494//291 6647//603
f 6494//291 6495//634 6647//603
f 6647//603 6495//634 6648//715
f 6495//634 6496//679 6648//715
f 6648//715 6496//679 6649//716
f 6648//715 6649//716 6650//717
f 6496//679 6497//680 6649//716
f 6649//716 6497//680 6651//680
f 6497//680 6498//1018 6651//680
f 6651//680 6498//1018 6652//569
f 6498//1018 6500//570 6652//569
f 6652//569 6500//570 6653//570
f 6502//633 6493//810 6654//839
f 6654//839 6493//810 6647//603
f 6654//839 6647//603 6655//603
f 6647//603 6648//715 6655//603
f 6655//603 6648//715 6656//1093
f 6648//715 6650//717 6656//1093
f 6500//570 6503//569 6653//570
f 6653//570 6503//569 6657//1004
f 6503//569 6504//993 6657//1004
f 6657//1004 6504//993 6658//964
f 6657//1004 6658//964 6659//570
f 6504//993 6505//811 6658//964
f 6506//201 6507//1027 6660//207
f 6507//1027 6502//633 6660//207
f 6660//207 6502//633 6654//839
f 6660//207 6654//839 6661//208
f 6658//964 6662//570 6659//570
f 6508//89 6663//1019 6505//811
f 6505//811 6663//1019 6662//570
f 6505//811 6662//570 6658//964
f 6509//208 6506//201 6664//503
f 6664//503 6506//201 6660//207
f 6660//207 6661//208 6664//503
f 6664//503 6661//208 6665//208
f 6508//89 6511//80 6663//1019
f 6663//1019 6511//80 6666//77
f 6511//80 6512//13 6666//77
f 6666//77 6512//13 6667//89
f 6513//42 6509//208 6668//246
f 6668//246 6509//208 6664//503
f 6664//503 6665//208 6668//246
f 6668//246 6665//208 6669//381
f 6515//1048 6670//89 6512//13
f 6512//13 6670//89 6667//89
f 6513//42 6668//246 6516//227
f 6516//227 6668//246 6517//249
f 6517//249 6668//246 6669//381
f 6517//249 6669//381 6671//20
f 6519//120 6672//118 6515//1048
f 6515//1048 6672//118 6673//80
f 6515//1048 6673//80 6670//89
f 6672//118 6674//13 6673//80
f 6517//249 6671//20 6520//149
f 6520//149 6671//20 6675//149
f 6520//149 6675//149 6521//149
f 6521//149 6675//149 6676//149
f 6523//120 6677//120 6519//120
f 6519//120 6677//120 6672//118
f 6672//118 6677//120 6674//13
f 6674//13 6677//120 6678//1048
f 6521//149 6676//149 6524//498
f 6524//498 6676//149 6679//524
f 6524//498 6679//524 6525//344
f 6525//344 6679//524 6680//1005
f 6532//120 6681//120 6523//120
f 6523//120 6681//120 6677//120
f 6677//120 6681//120 6678//1048
f 6678//1048 6681//120 6682//120
f 6525//344 6680//1005 6533//449
f 6533//449 6680//1005 6683//595
f 6533//449 6683//595 6684//473
f 6533//449 6684//473 6534//372
f 6540//120 6685//120 6532//120
f 6532//120 6685//120 6681//120
f 6681//120 6685//120 6682//120
f 6682//120 6685//120 6686//120
f 6684//473 6683//595 6687//391
f 6534//372 6684//473 6541//371
f 6541//371 6684//473 6687//391
f 6541//371 6687//391 6688//450
f 6688//450 6687//391 6689//280
f 6541//371 6688//450 6542//372
f 6547//120 6690//120 6540//120
f 6540//120 6690//120 6685//120
f 6685//120 6690//120 6686//120
f 6686//120 6690//120 6691//120
f 6688//450 6689//280 6692//491
f 6692//491 6689//280 6693//276
f 6542//372 6688//450 6548//424
f 6548//424 6688//450 6692//491
f 6548//424 6692//491 6694//357
f 6548//424 6694//357 6549//364
f 6553//1065 6695//120 6547//120
f 6547//120 6695//120 6690//120
f 6690//120 6695//120 6691//120
f 6691//120 6695//120 6696//120
f 6692//491 6693//276 6697//303
f 6697//303 6693//276 6698//276
f 6692//491 6697//303 6694//357
f 6694//357 6697//303 6699//303
f 6555//276 6549//364 6699//303
f 6699//303 6549//364 6694//357
f 6557//121 6700//1094 6558//407
f 6558//407 6700//1094 6553//1065
f 6553//1065 6700//1094 6701//1079
f 6553//1065 6701//1079 6695//120
f 6695//120 6701//1079 6696//120
f 6696//120 6701//1079 6702//120
f 6697//303 6698//276 6703//348
f 6703//348 6698//276 6704//275
f 6697//303 6703//348 6699//303
f 6699//303 6703//348 6705//303
f 6560//276 6555//276 6705//303
f 6705//303 6555//276 6699//303
f 6561//117 6706//1095 6557//121
f 6557//121 6706//1095 6700//1094
f 6700//1094 6706//1095 6701//1079
f 6701//1079 6706//1095 6707//1081
f 6701//1079 6707//1081 6702//120
f 6702//120 6707//1081 6708//120
f 6709//299 6710//1096 6711//138
f 6709//299 6712//517 6710//1096
f 6710//1096 6712//517 6703//348
f 6710//1096 6703//348 6704//275
f 6703//348 6712//517 6705//303
f 6705//303 6712//517 6713//299
f 6563//275 6560//276 6713//299
f 6713//299 6560//276 6705//303
f 6561//117 6565//49 6706//1095
f 6565//49 6566//160 6706//1095
f 6706//1095 6566//160 6714//1089
f 6706//1095 6714//1089 6707//1081
f 6707//1081 6714//1089 6708//120
f 6708//120 6714//1089 6715//120
f 6709//299 6711//138 6716//394
f 6716//394 6711//138 6717//275
f 6569//275 6568//66 6716//394
f 6716//394 6568//66 6712//517
f 6716//394 6712//517 6709//299
f 6568//66 6571//516 6712//517
f 6712//517 6571//516 6713//299
f 6571//516 6563//275 6713//299
f 6574//120 6718//120 6566//160
f 6566//160 6718//120 6714//1089
f 6714//1089 6718//120 6715//120
f 6715//120 6718//120 6719//120
f 6720//299 6721//1096 6722//138
f 6720//299 6723//545 6721//1096
f 6721//1096 6723//545 6716//394
f 6721//1096 6716//394 6717//275
f 6576//275 6569//275 6723//545
f 6723//545 6569//275 6716//394
f 6580//120 6724//120 6574//120
f 6574//120 6724//120 6718//120
f 6718//120 6724//120 6719//120
f 6719//120 6724//120 6725//120
f 6720//299 6722//138 6726//471
f 6726//471 6722//138 6727//275
f 6583//1085 6582//352 6726//471
f 6726//471 6582//352 6723//545
f 6726//471 6723//545 6720//299
f 6582//352 6576//275 6723//545
f 6586//1053 6728//130 6580//120
f 6580//120 6728//130 6724//120
f 6724//120 6728//130 6725//120
f 6725//120 6728//130 6729//120
f 6589//67 6588//2 6730//125
f 6730//125 6588//2 6731//99
f 6588//2 6591//535 6731//99
f 6731//99 6591//535 6726//471
f 6731//99 6726//471 6727//275
f 6591//535 6583//1085 6726//471
f 6586//1053 6594//15 6728//130
f 6594//15 6595//119 6728//130
f 6728//130 6595//119 6732//1049
f 6728//130 6732//1049 6729//120
f 6598//67 6597//67 6733//235
f 6733//235 6597//67 6734//125
f 6597//67 6589//67 6734//125
f 6734//125 6589//67 6730//125
f 6600//113 6735//113 6595//119
f 6595//119 6735//113 6732//1049
f 6601//7 6602//69 6736//192
f 6736//192 6602//69 6737//193
f 6602//69 6598//67 6737//193
f 6737//193 6598//67 6733//235
f 6604//113 6738//1097 6600//113
f 6600//113 6738//1097 6735//113
f 6605//198 6601//7 6739//14
f 6739//14 6601//7 6736//192
f 6607//113 6740//906 6604//113
f 6604//113 6740//906 6738//1097
f 6609//236 6605//198 6741//191
f 6741//191 6605//198 6739//14
f 6611//113 6742//18 6607//113
f 6607//113 6742//18 6740//906
f 6612//821 6613//193 6743//236
f 6743//236 6613//193 6744//193
f 6613//193 6609//236 6744//193
f 6744//193 6609//236 6741//191
f 6614//17 6745//18 6611//113
f 6611//113 6745//18 6742//18
f 6615//14 6612//821 6746//208
f 6746//208 6612//821 6743//236
f 6616//153 6747//28 6614//17
f 6614//17 6747//28 6745//18
f 6617//38 6615//14 6748//203
f 6748//203 6615//14 6746//208
f 6619//896 6749//407 6620//62
f 6620//62 6749//407 6616//153
f 6616//153 6749//407 6750//1098
f 6616//153 6750//1098 6747//28
f 6621//203 6617//38 6751//262
f 6751//262 6617//38 6748//203
f 6751//262 6748//203 6752//1099
f 6751//262 6752//1099 6753//1100
f 6622//1091 6754//174 6619//896
f 6619//896 6754//174 6755//434
f 6619//896 6755//434 6749//407
f 6749//407 6755//434 6750//1098
f 6621//203 6751//262 6624//1035
f 6624//1035 6751//262 6625//1092
f 6625//1092 6751//262 6753//1100
f 6625//1092 6753//1100 6756//42
f 6757//39 6758//184 6759//107
f 6626//29 6757//39 6622//1091
f 6622//1091 6757//39 6759//107
f 6622//1091 6759//107 6754//174
f 6625//1092 6756//42 6628//227
f 6628//227 6756//42 6760//230
f 6628//227 6760//230 6629//241
f 6629//241 6760//230 6761//218
f 6629//241 6761//218 6762//231
f 6762//231 6761//218 6763//241
f 6630//21 6764//185 6631//179
f 6631//179 6764//185 6758//184
f 6631//179 6758//184 6757//39
f 6631//179 6757//39 6626//29
f 6629//241 6762//231 6633//1035
f 6633//1035 6762//231 6634//432
f 6634//432 6762//231 6763//241
f 6634//432 6763//241 6765//214
f 6765//214 6763//241 6766//1099
f 6765//214 6766//1099 6767//432
f 6768//297 6769//54 6770//937
f 6635//30 6768//297 6636//94
f 6636//94 6768//297 6770//937
f 6636//94 6770//937 6771//31
f 6636//94 6771//31 6630//21
f 6630//21 6771//31 6764//185
f 6634//432 6765//214 6637//230
f 6637//230 6765//214 6638//194
f 6638//194 6765//214 6767//432
f 6638//194 6767//432 6772//95
f 6638//194 6772//95 6641//852
f 6641//852 6772//95 6773//852
f 6641//852 6773//852 6643//852
f 6643//852 6773//852 6774//852
f 6643//852 6774//852 6645//102
f 6645//102 6774//852 6775//828
f 6645//102 6775//828 6646//31
f 6646//31 6775//828 6769//54
f 6646//31 6769//54 6768//297
f 6646//31 6768//297 6635//30
f 6650//717 6649//716 6776//755
f 6649//716 6651//680 6776//755
f 6776//755 6651//680 6777//635
f 6651//680 6652//569 6777//635
f 6777//635 6652//569 6778//848
f 6652//569 6653//570 6778//848
f 6654//839 6655//603 6779//875
f 6655//603 6656//1093 6779//875
f 6779//875 6656//1093 6780//776
f 6779//875 6780//776 6781//753
f 6656//1093 6650//717 6780//776
f 6780//776 6650//717 6776//755
f 6780//776 6776//755 6782//635
f 6776//755 6777//635 6782//635
f 6782//635 6777//635 6783//679
f 6777//635 6778//848 6783//679
f 6783//679 6778//848 6784//797
f 6653//570 6657//1004 6778//848
f 6778//848 6657//1004 6785//847
f 6778//848 6785//847 6784//797
f 6657//1004 6659//570 6785//847
f 6785//847 6659//570 6786//570
f 6661//208 6654//839 6787//201
f 6787//201 6654//839 6779//875
f 6787//201 6779//875 6788//1027
f 6779//875 6781//753 6788//1027
f 6659//570 6662//570 6786//570
f 6786//570 6662//570 6789//991
f 6662//570 6663//1019 6789//991
f 6789//991 6663//1019 6790//77
f 6665//208 6661//208 6791//208
f 6791//208 6661//208 6787//201
f 6663//1019 6666//77 6790//77
f 6790//77 6666//77 6792//77
f 6666//77 6667//89 6792//77
f 6792//77 6667//89 6793//89
f 6669//381 6665//208 6794//208
f 6794//208 6665//208 6791//208
f 6670//89 6795//89 6667//89
f 6667//89 6795//89 6793//89
f 6671//20 6669//381 6796//42
f 6796//42 6669//381 6794//208
f 6670//89 6673//80 6795//89
f 6795//89 6673//80 6797//77
f 6673//80 6674//13 6797//77
f 6797//77 6674//13 6798//89
f 6671//20 6796//42 6675//149
f 6675//149 6796//42 6799//227
f 6675//149 6799//227 6676//149
f 6676//149 6799//227 6800//556
f 6678//1048 6801//89 6674//13
f 6674//13 6801//89 6798//89
f 6676//149 6800//556 6679//524
f 6679//524 6800//556 6802//595
f 6679//524 6802//595 6803//527
f 6679//524 6803//527 6680//1005
f 6682//120 6804//118 6678//1048
f 6678//1048 6804//118 6805//80
f 6678//1048 6805//80 6801//89
f 6804//118 6806//13 6805//80
f 6803//527 6802//595 6807//391
f 6683//595 6680//1005 6808//928
f 6808//928 6680//1005 6803//527
f 6808//928 6803//527 6807//391
f 6686//120 6809//120 6682//120
f 6682//120 6809//120 6804//118
f 6804//118 6809//120 6806//13
f 6806//13 6809//120 6810//113
f 6683//595 6808//928 6687//391
f 6687//391 6808//928 6811//557
f 6687//391 6811//557 6812//280
f 6687//391 6812//280 6689//280
f 6691//120 6813//120 6686//120
f 6686//120 6813//120 6809//120
f 6809//120 6813//120 6810//113
f 6810//113 6813//120 6814//113
f 6812//280 6811//557 6815//276
f 6815//276 6811//557 6816//492
f 6693//276 6689//280 6815//276
f 6815//276 6689//280 6812//280
f 6696//120 6817//120 6691//120
f 6691//120 6817//120 6813//120
f 6813//120 6817//120 6814//113
f 6814//113 6817//120 6818//113
f 6815//276 6816//492 6819//276
f 6819//276 6816//492 6820//492
f 6698//276 6693//276 6819//276
f 6819//276 6693//276 6815//276
f 6702//120 6821//120 6696//120
f 6696//120 6821//120 6817//120
f 6817//120 6821//120 6818//113
f 6818//113 6821//120 6822//113
f 6819//276 6820//492 6823//712
f 6823//712 6820//492 6824//307
f 6704//275 6698//276 6823//712
f 6823//712 6698//276 6819//276
f 6708//120 6825//120 6702//120
f 6702//120 6825//120 6821//120
f 6821//120 6825//120 6822//113
f 6822//113 6825//120 6826//113
f 6711//138 6710//1096 6827//413
f 6827//413 6710//1096 6823//712
f 6827//413 6823//712 6824//307
f 6710//1096 6704//275 6823//712
f 6715//120 6828//120 6708//120
f 6708//120 6828//120 6825//120
f 6825//120 6828//120 6826//113
f 6826//113 6828//120 6829//113
f 6830//183 6831//157 6832//3
f 6717//275 6711//138 6830//183
f 6830//183 6711//138 6827//413
f 6830//183 6827//413 6831//157
f 6719//120 6833//120 6715//120
f 6715//120 6833//120 6828//120
f 6828//120 6833//120 6829//113
f 6829//113 6833//120 6834//113
f 6722//138 6721//1096 6835//1101
f 6835//1101 6721//1096 6830//183
f 6835//1101 6830//183 6832//3
f 6721//1096 6717//275 6830//183
f 6725//120 6836//120 6719//120
f 6719//120 6836//120 6833//120
f 6833//120 6836//120 6834//113
f 6834//113 6836//120 6837//113
f 6838//1102 6839//67 6840//3
f 6727//275 6722//138 6838//1102
f 6838//1102 6722//138 6835//1101
f 6838//1102 6835//1101 6839//67
f 6729//120 6841//120 6725//120
f 6725//120 6841//120 6836//120
f 6836//120 6841//120 6837//113
f 6837//113 6841//120 6842//113
f 6730//125 6731//99 6843//159
f 6843//159 6731//99 6838//1102
f 6843//159 6838//1102 6840//3
f 6731//99 6727//275 6838//1102
f 6732//1049 6844//120 6729//120
f 6729//120 6844//120 6841//120
f 6841//120 6844//120 6842//113
f 6842//113 6844//120 6845//1103
f 6733//235 6734//125 6846//688
f 6846//688 6734//125 6847//125
f 6734//125 6730//125 6847//125
f 6847//125 6730//125 6843//159
f 6735//113 6848//120 6732//1049
f 6732//1049 6848//120 6844//120
f 6844//120 6848//120 6845//1103
f 6845//1103 6848//120 6849//1104
f 6736//192 6737//193 6850//199
f 6737//193 6733//235 6850//199
f 6850//199 6733//235 6846//688
f 6850//199 6846//688 6851//236
f 6738//1097 6852//1072 6735//113
f 6735//113 6852//1072 6848//120
f 6848//120 6852//1072 6849//1104
f 6849//1104 6852//1072 6853//122
f 6739//14 6736//192 6854//821
f 6854//821 6736//192 6850//199
f 6854//821 6850//199 6855//193
f 6850//199 6851//236 6855//193
f 6856//1073 6857//18 6858//1105
f 6740//906 6856//1073 6738//1097
f 6738//1097 6856//1073 6858//1105
f 6738//1097 6858//1105 6852//1072
f 6852//1072 6858//1105 6859//1075
f 6852//1072 6859//1075 6853//122
f 6741//191 6739//14 6860//198
f 6860//198 6739//14 6854//821
f 6856//1073 6861//77 6857//18
f 6742//18 6862//1076 6740//906
f 6740//906 6862//1076 6861//77
f 6740//906 6861//77 6856//1073
f 6743//236 6744//193 6863//207
f 6744//193 6741//191 6863//207
f 6863//207 6741//191 6860//198
f 6863//207 6860//198 6864//208
f 6745//18 6865//28 6742//18
f 6742//18 6865//28 6862//1076
f 6746//208 6743//236 6866//503
f 6866//503 6743//236 6863//207
f 6863//207 6864//208 6866//503
f 6866//503 6864//208 6867//208
f 6747//28 6868//29 6745//18
f 6745//18 6868//29 6865//28
f 6748//203 6746//208 6869//246
f 6869//246 6746//208 6866//503
f 6866//503 6867//208 6869//246
f 6869//246 6867//208 6870//247
f 6871//39 6872//184 6873//248
f 6750//1098 6871//39 6747//28
f 6747//28 6871//39 6873//248
f 6747//28 6873//248 6868//29
f 6748//203 6869//246 6752//1099
f 6752//1099 6869//246 6753//1100
f 6753//1100 6869//246 6870//247
f 6753//1100 6870//247 6874//203
f 6754//174 6875//185 6755//434
f 6755//434 6875//185 6872//184
f 6755//434 6872//184 6871//39
f 6755//434 6871//39 6750//1098
f 6756//42 6753//1100 6876//226
f 6876//226 6753//1100 6874//203
f 6876//226 6874//203 6877//1035
f 6876//226 6877//1035 6878//432
f 6758//184 6879//30 6759//107
f 6759//107 6879//30 6880//30
f 6759//107 6880//30 6754//174
f 6754//174 6880//30 6875//185
f 6756//42 6876//226 6760//230
f 6760//230 6876//226 6761//218
f 6761//218 6876//226 6878//432
f 6761//218 6878//432 6881//230
f 6761//218 6881//230 6763//241
f 6763//241 6881//230 6882//218
f 6763//241 6882//218 6883//722
f 6883//722 6882//218 6884//241
f 6885//39 6886//54 6887//1106
f 6764//185 6885//39 6758//184
f 6758//184 6885//39 6887//1106
f 6758//184 6887//1106 6879//30
f 6763//241 6883//722 6766//1099
f 6766//1099 6883//722 6767//432
f 6767//432 6883//722 6884//241
f 6767//432 6884//241 6888//195
f 6888//195 6884//241 6889//195
f 6888//195 6889//195 6890//164
f 6890//164 6889//195 6891//164
f 6890//164 6891//164 6892//164
f 6892//164 6891//164 6893//164
f 6892//164 6893//164 6894//71
f 6894//71 6893//164 6895//1107
f 6769//54 6894//71 6770//937
f 6770//937 6894//71 6895//1107
f 6770//937 6895//1107 6896//828
f 6770//937 6896//828 6771//31
f 6771//31 6896//828 6886//54
f 6771//31 6886//54 6885//39
f 6771//31 6885//39 6764//185
f 6767//432 6888//195 6772//95
f 6772//95 6888//195 6773//852
f 6773//852 6888//195 6890//164
f 6773//852 6890//164 6774//852
f 6774//852 6890//164 6892//164
f 6774//852 6892//164 6775//828
f 6775//828 6892//164 6894//71
f 6775//828 6894//71 6769//54
f 6781//753 6780//776 6897//603
f 6780//776 6782//635 6897//603
f 6897//603 6782//635 6898//715
f 6782//635 6783//679 6898//715
f 6898//715 6783//679 6899//752
f 6898//715 6899//752 6900//717
f 6783//679 6784//797 6899//752
f 6899//752 6784//797 6901//609
f 6899//752 6901//609 6902//799
f 6784//797 6785//847 6901//609
f 6901//609 6785//847 6903//848
f 6785//847 6786//570 6903//848
f 6787//201 6788//1027 6904//750
f 6788//1027 6781//753 6904//750
f 6904//750 6781//753 6897//603
f 6904//750 6897//603 6905//750
f 6905//750 6897//603 6906//603
f 6897//603 6898//715 6906//603
f 6906//603 6898//715 6907//653
f 6898//715 6900//717 6907//653
f 6901//609 6908//719 6902//799
f 6901//609 6903//848 6908//719
f 6908//719 6903//848 6909//797
f 6786//570 6789//991 6903//848
f 6903//848 6789//991 6910//847
f 6903//848 6910//847 6909//797
f 6789//991 6790//77 6910//847
f 6910//847 6790//77 6911//570
f 6791//208 6787//201 6912//503
f 6912//503 6787//201 6904//750
f 6904//750 6905//750 6912//503
f 6912//503 6905//750 6913//1108
f 6790//77 6792//77 6911//570
f 6911//570 6792//77 6914//570
f 6792//77 6793//89 6914//570
f 6914//570 6793//89 6915//811
f 6794//208 6791//208 6916//503
f 6916//503 6791//208 6912//503
f 6912//503 6913//1108 6916//503
f 6916//503 6913//1108 6917//208
f 6795//89 6918//89 6793//89
f 6793//89 6918//89 6915//811
f 6796//42 6794//208 6919//246
f 6919//246 6794//208 6916//503
f 6916//503 6917//208 6919//246
f 6919//246 6917//208 6920//381
f 6795//89 6797//77 6918//89
f 6918//89 6797//77 6921//916
f 6797//77 6798//89 6921//916
f 6921//916 6798//89 6922//811
f 6796//42 6919//246 6799//227
f 6799//227 6919//246 6800//556
f 6800//556 6919//246 6920//381
f 6800//556 6920//381 6923//14
f 6801//89 6924//89 6798//89
f 6798//89 6924//89 6922//811
f 6802//595 6800//556 6925//594
f 6925//594 6800//556 6923//14
f 6801//89 6805//80 6924//89
f 6924//89 6805//80 6926//916
f 6805//80 6806//13 6926//916
f 6926//916 6806//13 6927//811
f 6802//595 6925//594 6807//391
f 6807//391 6925//594 6928//595
f 6807//391 6928//595 6929//473
f 6807//391 6929//473 6808//928
f 6810//113 6930//18 6806//13
f 6806//13 6930//18 6927//811
f 6929//473 6928//595 6931//344
f 6811//557 6808//928 6932//1109
f 6932//1109 6808//928 6929//473
f 6932//1109 6929//473 6931//344
f 6814//113 6933//18 6810//113
f 6810//113 6933//18 6930//18
f 6816//492 6811//557 6934//177
f 6934//177 6811//557 6932//1109
f 6818//113 6935//18 6814//113
f 6814//113 6935//18 6933//18
f 6820//492 6816//492 6936//492
f 6936//492 6816//492 6934//177
f 6822//113 6937//18 6818//113
f 6818//113 6937//18 6935//18
f 6824//307 6820//492 6938//577
f 6938//577 6820//492 6936//492
f 6826//113 6939//147 6822//113
f 6822//113 6939//147 6937//18
f 6940//183 6941//157 6942//3
f 6827//413 6824//307 6940//183
f 6940//183 6824//307 6938//577
f 6940//183 6938//577 6941//157
f 6829//113 6943//148 6826//113
f 6826//113 6943//148 6939//147
f 6832//3 6831//157 6944//1110
f 6944//1110 6831//157 6940//183
f 6944//1110 6940//183 6942//3
f 6831//157 6827//413 6940//183
f 6834//113 6945//18 6829//113
f 6829//113 6945//18 6943//148
f 6835//1101 6832//3 6946//3
f 6946//3 6832//3 6944//1110
f 6837//113 6947//18 6834//113
f 6834//113 6947//18 6945//18
f 6840//3 6839//67 6948//7
f 6948//7 6839//67 6949//78
f 6839//67 6835//1101 6949//78
f 6949//78 6835//1101 6946//3
f 6842//113 6950//18 6837//113
f 6837//113 6950//18 6947//18
f 6843//159 6840//3 6951//7
f 6951//7 6840//3 6948//7
f 6845//1103 6952//19 6842//113
f 6842//113 6952//19 6950//18
f 6846//688 6847//125 6953//7
f 6953//7 6847//125 6954//125
f 6847//125 6843//159 6954//125
f 6954//125 6843//159 6951//7
f 6955//581 6956//18 6957//73
f 6955//581 6957//73 6958//1111
f 6958//1111 6957//73 6959//75
f 6849//1104 6958//1111 6845//1103
f 6845//1103 6958//1111 6959//75
f 6845//1103 6959//75 6952//19
f 6851//236 6846//688 6960//191
f 6960//191 6846//688 6953//7
f 6955//581 6961//1017 6956//18
f 6955//581 6958//1111 6961//1017
f 6961//1017 6958//1111 6962//1112
f 6853//122 6963//1113 6849//1104
f 6849//1104 6963//1113 6962//1112
f 6849//1104 6962//1112 6958//1111
f 6854//821 6855//193 6964//236
f 6964//236 6855//193 6965//193
f 6855//193 6851//236 6965//193
f 6965//193 6851//236 6960//191
f 6857//18 6966//1090 6858//1105
f 6858//1105 6966//1090 6859//1075
f 6859//1075 6966//1090 6967//1114
f 6859//1075 6967//1114 6968//179
f 6859//1075 6968//179 6853//122
f 6853//122 6968//179 6963//1113
f 6860//198 6854//821 6969//670
f 6969//670 6854//821 6964//236
f 6857//18 6861//77 6966//1090
f 6861//77 6862//1076 6966//1090
f 6966//1090 6862//1076 6970//17
f 6966//1090 6970//17 6967//1114
f 6864//208 6860//198 6971//38
f 6971//38 6860//198 6969//670
f 6865//28 6972//19 6862//1076
f 6862//1076 6972//19 6970//17
f 6867//208 6864//208 6973//208
f 6973//208 6864//208 6971//38
f 6974//39 6975//184 6976//107
f 6868//29 6974//39 6865//28
f 6865//28 6974//39 6976//107
f 6865//28 6976//107 6972//19
f 6870//247 6867//208 6977//203
f 6977//203 6867//208 6973//208
f 6872//184 6978//185 6873//248
f 6873//248 6978//185 6975//184
f 6873//248 6975//184 6974//39
f 6873//248 6974//39 6868//29
f 6874//203 6870//247 6979//262
f 6979//262 6870//247 6977//203
f 6979//262 6977//203 6980//1035
f 6979//262 6980//1035 6981//231
f 6982//39 6983//297 6984//1106
f 6875//185 6982//39 6872//184
f 6872//184 6982//39 6984//1106
f 6872//184 6984//1106 6978//185
f 6874//203 6979//262 6877//1035
f 6877//1035 6979//262 6878//432
f 6878//432 6979//262 6981//231
f 6878//432 6981//231 6985//214
f 6985//214 6981//231 6986//1035
f 6985//214 6986//1035 6987//432
f 6988//54 6989//297 6990//54
f 6879//30 6988//54 6880//30
f 6880//30 6988//54 6990//54
f 6880//30 6990//54 6982//39
f 6982//39 6990//54 6983//297
f 6880//30 6982//39 6875//185
f 6878//432 6985//214 6881//230
f 6881//230 6985//214 6882//218
f 6882//218 6985//214 6987//432
f 6882//218 6987//432 6991//230
f 6882//218 6991//230 6884//241
f 6884//241 6991//230 6992//194
f 6884//241 6992//194 6993//195
f 6993//195 6992//194 6994//164
f 6994//164 6992//194 6995//852
f 6994//164 6995//852 6996//164
f 6996//164 6995//852 6997//852
f 6996//164 6997//852 6998//164
f 6998//164 6997//852 6999//852
f 6998//164 6999//852 7000//71
f 7000//71 6999//852 7001//1115
f 6886//54 7000//71 6887//1106
f 6887//1106 7000//71 7001//1115
f 6887//1106 7001//1115 6988//54
f 6988//54 7001//1115 6989//297
f 6887//1106 6988//54 6879//30
f 6884//241 6993//195 6889//195
f 6889//195 6993//195 6891//164
f 6891//164 6993//195 6994//164
f 6891//164 6994//164 6893//164
f 6893//164 6994//164 6996//164
f 6893//164 6996//164 6895//1107
f 6895//1107 6996//164 6998//164
f 6895//1107 6998//164 6896//828
f 6896//828 6998//164 7000//71
f 6896//828 7000//71 6886//54
f 6900//717 6899//752 7002//849
f 6899//752 6902//799 7002//849
f 6905//750 6906//603 7003//1116
f 6906//603 6907//653 7003//1116
f 7003//1116 6907//653 7004//776
f 7003//1116 7004//776 7005//750
f 6907//653 6900//717 7004//776
f 7004//776 6900//717 7002//849
f 7004//776 7002//849 7006//635
f 6902//799 6908//719 7002//849
f 7002//849 6908//719 7007//1117
f 7002//849 7007//1117 7006//635
f 6908//719 6909//797 7007//1117
f 7007//1117 6909//797 7008//609
f 7007//1117 7008//609 7009//799
f 6909//797 6910//847 7008//609
f 7008//609 6910//847 7010//609
f 6910//847 6911//570 7010//609
f 6913//1108 6905//750 7011//750
f 7011//750 6905//750 7003//1116
f 7003//1116 7005//750 7011//750
f 7011//750 7005//750 7012//750
f 7008//609 7013//719 7009//799
f 7008//609 7010//609 7013//719
f 7013//719 7010//609 7014//925
f 6911//570 6914//570 7010//609
f 7010//609 6914//570 7015//964
f 7010//609 7015//964 7014//925
f 7014//925 7015//964 7016//799
f 6914//570 6915//811 7015//964
f 6917//208 6913//1108 7017//201
f 7017//201 6913//1108 7011//750
f 7017//201 7011//750 7018//753
f 7011//750 7012//750 7018//753
f 7015//964 7019//967 7016//799
f 6918//89 7020//1118 6915//811
f 6915//811 7020//1118 7019//967
f 6915//811 7019//967 7015//964
f 6920//381 6917//208 7021//208
f 7021//208 6917//208 7017//201
f 6918//89 6921//916 7020//1118
f 7020//1118 6921//916 7022//1014
f 7020//1118 7022//1014 7023//547
f 6921//916 6922//811 7022//1014
f 6923//14 6920//381 7024//208
f 7024//208 6920//381 7021//208
f 7022//1014 7025//570 7023//547
f 6924//89 7026//987 6922//811
f 6922//811 7026//987 7025//570
f 6922//811 7025//570 7022//1014
f 6925//594 6923//14 7027//208
f 7027//208 6923//14 7024//208
f 6924//89 6926//916 7026//987
f 7026//987 6926//916 7028//1014
f 7026//987 7028//1014 7029//547
f 6926//916 6927//811 7028//1014
f 6928//595 6925//594 7030//42
f 7030//42 6925//594 7027//208
f 7028//1014 7031//570 7029//547
f 6930//18 7032//740 6927//811
f 6927//811 7032//740 7031//570
f 6927//811 7031//570 7028//1014
f 6928//595 7030//42 6931//344
f 6931//344 7030//42 7033//227
f 6931//344 7033//227 6932//1109
f 6932//1109 7033//227 7034//1119
f 6933//18 7035//18 6930//18
f 6930//18 7035//18 7032//740
f 6934//177 6932//1109 7036//182
f 7036//182 6932//1109 7034//1119
f 6935//18 7037//18 6933//18
f 6933//18 7037//18 7035//18
f 7038//681 7039//67 7040//3
f 6936//492 6934//177 7038//681
f 7038//681 6934//177 7036//182
f 7038//681 7036//182 7039//67
f 6937//18 7041//18 6935//18
f 6935//18 7041//18 7037//18
f 7038//681 7040//3 7042//712
f 7042//712 7040//3 7043//492
f 6938//577 6936//492 7042//712
f 7042//712 6936//492 7038//681
f 6939//147 7044//89 6937//18
f 6937//18 7044//89 7041//18
f 6942//3 6941//157 7045//9
f 7045//9 6941//157 7042//712
f 7045//9 7042//712 7043//492
f 6941//157 6938//577 7042//712
f 6943//148 7046//48 6939//147
f 6939//147 7046//48 7047//255
f 6939//147 7047//255 7044//89
f 7046//48 7048//18 7047//255
f 6944//1110 6942//3 7049//182
f 7049//182 6942//3 7045//9
f 6945//18 7050//51 6943//148
f 6943//148 7050//51 7051//1120
f 6943//148 7051//1120 7046//48
f 7046//48 7051//1120 7048//18
f 7052//183 7053//67 7054//3
f 6946//3 6944//1110 7052//183
f 7052//183 6944//1110 7049//182
f 7052//183 7049//182 7053//67
f 6947//18 7055//18 6945//18
f 6945//18 7055//18 7050//51
f 6948//7 6949//78 7056//9
f 7056//9 6949//78 7052//183
f 7056//9 7052//183 7054//3
f 6949//78 6946//3 7052//183
f 6950//18 7057//18 6947//18
f 6947//18 7057//18 7055//18
f 6951//7 6948//7 7058//191
f 7058//191 6948//7 7056//9
f 6952//19 7059//19 6950//18
f 6950//18 7059//19 7057//18
f 6953//7 6954//125 7060//192
f 7060//192 6954//125 7061//193
f 6954//125 6951//7 7061//193
f 7061//193 6951//7 7058//191
f 6956//18 7062//1121 6957//73
f 6957//73 7062//1121 6959//75
f 6959//75 7062//1121 7063//1122
f 6959//75 7063//1122 7064//21
f 6959//75 7064//21 6952//19
f 6952//19 7064//21 7059//19
f 6960//191 6953//7 7065//198
f 7065//198 6953//7 7060//192
f 6956//18 6961//1017 7062//1121
f 6961//1017 6962//1112 7062//1121
f 7062//1121 6962//1112 7066//1123
f 7062//1121 7066//1123 7063//1122
f 7063//1122 7066//1123 7067//783
f 6962//1112 6963//1113 7066//1123
f 6964//236 6965//193 7068//207
f 6965//193 6960//191 7068//207
f 7068//207 6960//191 7065//198
f 7068//207 7065//198 7069//208
f 6967//1114 7070//885 6968//179
f 6968//179 7070//885 7067//783
f 6968//179 7067//783 7066//1123
f 6968//179 7066//1123 6963//1113
f 6969//670 6964//236 7071//750
f 7071//750 6964//236 7068//207
f 7068//207 7069//208 7071//750
f 7071//750 7069//208 7072//633
f 6970//17 7073//543 6967//1114
f 6967//1114 7073//543 7070//885
f 6971//38 6969//670 7074//982
f 7074//982 6969//670 7071//750
f 7074//982 7071//750 7075//753
f 7071//750 7072//633 7075//753
f 6972//19 7076//29 6970//17
f 6970//17 7076//29 7073//543
f 6973//208 6971//38 7077//1124
f 7077//1124 6971//38 7074//982
f 7077//1124 7074//982 7078//238
f 7077//1124 7078//238 7079//1125
f 6975//184 7080//21 6976//107
f 6976//107 7080//21 7081//179
f 6976//107 7081//179 6972//19
f 6972//19 7081//179 7076//29
f 6977//203 6973//208 7082//246
f 7082//246 6973//208 7077//1124
f 7077//1124 7079//1125 7082//246
f 7082//246 7079//1125 7083//246
f 7084//39 7085//30 7086//107
f 6978//185 7084//39 6975//184
f 6975//184 7084//39 7086//107
f 6975//184 7086//107 7080//21
f 6977//203 7082//246 6980//1035
f 6980//1035 7082//246 6981//231
f 6981//231 7082//246 7083//246
f 6981//231 7083//246 7087//1126
f 7087//1126 7083//246 7088//238
f 7087//1126 7088//238 7089//1126
f 7090//54 7091//30 7092//30
f 6983//297 7090//54 6984//1106
f 6984//1106 7090//54 7092//30
f 6984//1106 7092//30 7084//39
f 7084//39 7092//30 7085//30
f 6984//1106 7084//39 6978//185
f 6981//231 7087//1126 6986//1035
f 6986//1035 7087//1126 6987//432
f 6987//432 7087//1126 7089//1126
f 6987//432 7089//1126 7093//214
f 7093//214 7089//1126 7094//238
f 7093//214 7094//238 7095//432
f 7096//297 7097//54 7098//108
f 6989//297 7096//297 6990//54
f 6990//54 7096//297 7098//108
f 6990//54 7098//108 7090//54
f 7090//54 7098//108 7091//30
f 6990//54 7090//54 6983//297
f 6987//432 7093//214 6991//230
f 6991//230 7093//214 6992//194
f 6992//194 7093//214 7095//432
f 6992//194 7095//432 7099//95
f 6992//194 7099//95 6995//852
f 6995//852 7099//95 7100//852
f 6995//852 7100//852 6997//852
f 6997//852 7100//852 7101//852
f 6997//852 7101//852 6999//852
f 6999//852 7101//852 7102//828
f 6999//852 7102//828 7001//1115
f 7001//1115 7102//828 7097//54
f 7001//1115 7097//54 7096//297
f 7001//1115 7096//297 6989//297
f 7005//750 7004//776 7103//1127
f 7004//776 7006//635 7103//1127
f 7103//1127 7006//635 7104//947
f 7006//635 7007//1117 7104//947
f 7104//947 7007//1117 7105//848
f 7007//1117 7009//799 7105//848
f 7012//750 7005//750 7106//972
f 7106//972 7005//750 7103//1127
f 7103//1127 7104//947 7106//972
f 7106//972 7104//947 7107//603
f 7106//972 7107//603 7108//753
f 7104//947 7105//848 7107//603
f 7107//603 7105//848 7109//635
f 7009//799 7013//719 7105//848
f 7105//848 7013//719 7110//1117
f 7105//848 7110//1117 7109//635
f 7013//719 7014//925 7110//1117
f 7110//1117 7014//925 7111//734
f 7110//1117 7111//734 7112//799
f 7014//925 7016//799 7111//734
f 7017//201 7018//753 7113//750
f 7018//753 7012//750 7113//750
f 7113//750 7012//750 7106//972
f 7113//750 7106//972 7114//750
f 7114//750 7106//972 7115//202
f 7106//972 7108//753 7115//202
f 7111//734 7116//964 7112//799
f 7016//799 7019//967 7111//734
f 7111//734 7019//967 7117//967
f 7111//734 7117//967 7116//964
f 7116//964 7117//967 7118//799
f 7019//967 7020//1118 7117//967
f 7021//208 7017//201 7119//503
f 7119//503 7017//201 7113//750
f 7113//750 7114//750 7119//503
f 7119//503 7114//750 7120//1108
f 7117//967 7121//964 7118//799
f 7023//547 7122//756 7020//1118
f 7020//1118 7122//756 7121//964
f 7020//1118 7121//964 7117//967
f 7024//208 7021//208 7123//503
f 7123//503 7021//208 7119//503
f 7119//503 7120//1108 7123//503
f 7123//503 7120//1108 7124//208
f 7023//547 7025//570 7122//756
f 7122//756 7025//570 7125//570
f 7025//570 7026//987 7125//570
f 7125//570 7026//987 7126//547
f 7027//208 7024//208 7127//503
f 7127//503 7024//208 7123//503
f 7123//503 7124//208 7127//503
f 7127//503 7124//208 7128//208
f 7029//547 7129//576 7026//987
f 7026//987 7129//576 7126//547
f 7030//42 7027//208 7130//246
f 7130//246 7027//208 7127//503
f 7127//503 7128//208 7130//246
f 7130//246 7128//208 7131//381
f 7029//547 7031//570 7129//576
f 7129//576 7031//570 7132//570
f 7031//570 7032//740 7132//570
f 7132//570 7032//740 7133//547
f 7030//42 7130//246 7033//227
f 7033//227 7130//246 7034//1119
f 7034//1119 7130//246 7131//381
f 7034//1119 7131//381 7134//14
f 7035//18 7135//543 7032//740
f 7032//740 7135//543 7133//547
f 7036//182 7034//1119 7136//191
f 7136//191 7034//1119 7134//14
f 7037//18 7137//906 7035//18
f 7035//18 7137//906 7135//543
f 7040//3 7039//67 7138//192
f 7138//192 7039//67 7139//193
f 7039//67 7036//182 7139//193
f 7139//193 7036//182 7136//191
f 7041//18 7140//18 7037//18
f 7037//18 7140//18 7137//906
f 7043//492 7040//3 7141//14
f 7141//14 7040//3 7138//192
f 7044//89 7142//266 7041//18
f 7041//18 7142//266 7140//18
f 7045//9 7043//492 7143//14
f 7143//14 7043//492 7141//14
f 7044//89 7047//255 7142//266
f 7142//266 7047//255 7144//1128
f 7142//266 7144//1128 7145//547
f 7047//255 7048//18 7144//1128
f 7049//182 7045//9 7146//191
f 7146//191 7045//9 7143//14
f 7050//51 7147//1129 7051//1120
f 7051//1120 7147//1129 7148//1130
f 7051//1120 7148//1130 7144//1128
f 7144//1128 7148//1130 7145//547
f 7051//1120 7144//1128 7048//18
f 7147//1129 7149//18 7148//1130
f 7054//3 7053//67 7150//236
f 7150//236 7053//67 7151//193
f 7053//67 7049//182 7151//193
f 7151//193 7049//182 7146//191
f 7055//18 7152//153 7050//51
f 7050//51 7152//153 7153//434
f 7050//51 7153//434 7147//1129
f 7147//1129 7153//434 7149//18
f 7056//9 7054//3 7154//208
f 7154//208 7054//3 7150//236
f 7057//18 7155//28 7055//18
f 7055//18 7155//28 7152//153
f 7058//191 7056//9 7156//1131
f 7156//1131 7056//9 7154//208
f 7059//19 7157//29 7057//18
f 7057//18 7157//29 7155//28
f 7060//192 7061//193 7158//199
f 7061//193 7058//191 7158//199
f 7158//199 7058//191 7156//1131
f 7158//199 7156//1131 7159//200
f 7063//1122 7160//161 7064//21
f 7064//21 7160//161 7161//179
f 7064//21 7161//179 7059//19
f 7059//19 7161//179 7157//29
f 7065//198 7060//192 7162//201
f 7162//201 7060//192 7158//199
f 7162//201 7158//199 7163//202
f 7158//199 7159//200 7163//202
f 7067//783 7164//543 7063//1122
f 7063//1122 7164//543 7160//161
f 7069//208 7065//198 7165//208
f 7165//208 7065//198 7162//201
f 7070//885 7166//29 7067//783
f 7067//783 7166//29 7164//543
f 7072//633 7069//208 7167//745
f 7167//745 7069//208 7165//208
f 7168//1132 7169//29 7170//989
f 7073//543 7168//1132 7070//885
f 7070//885 7168//1132 7170//989
f 7070//885 7170//989 7166//29
f 7074//982 7075//753 7171//689
f 7075//753 7072//633 7171//689
f 7171//689 7072//633 7167//745
f 7171//689 7167//745 7172//1133
f 7168//1132 7173//260 7169//29
f 7169//29 7173//260 7174//783
f 7076//29 7173//260 7073//543
f 7073//543 7173//260 7168//1132
f 7074//982 7171//689 7078//238
f 7078//238 7171//689 7079//1125
f 7079//1125 7171//689 7172//1133
f 7079//1125 7172//1133 7175//203
f 7080//21 7176//206 7081//179
f 7081//179 7176//206 7174//783
f 7081//179 7174//783 7173//260
f 7081//179 7173//260 7076//29
f 7083//246 7079//1125 7177//262
f 7177//262 7079//1125 7175//203
f 7177//262 7175//203 7178//1099
f 7177//262 7178//1099 7179//975
f 7085//30 7180//30 7086//107
f 7086//107 7180//30 7181//94
f 7086//107 7181//94 7080//21
f 7080//21 7181//94 7176//206
f 7083//246 7177//262 7088//238
f 7088//238 7177//262 7089//1126
f 7089//1126 7177//262 7179//975
f 7089//1126 7179//975 7182//1126
f 7182//1126 7179//975 7183//1099
f 7182//1126 7183//1099 7184//1126
f 7091//30 7185//30 7092//30
f 7092//30 7185//30 7186//30
f 7092//30 7186//30 7085//30
f 7085//30 7186//30 7180//30
f 7089//1126 7182//1126 7094//238
f 7094//238 7182//1126 7095//432
f 7095//432 7182//1126 7184//1126
f 7095//432 7184//1126 7187//195
f 7187//195 7184//1126 7188//195
f 7187//195 7188//195 7189//164
f 7189//164 7188//195 7190//164
f 7189//164 7190//164 7191//164
f 7191//164 7190//164 7192//1061
f 7191//164 7192//1061 7193//71
f 7193//71 7192//1061 7194//1134
f 7097//54 7193//71 7098//108
f 7098//108 7193//71 7194//1134
f 7098//108 7194//1134 7195//64
f 7098//108 7195//64 7091//30
f 7091//30 7195//64 7185//30
f 7095//432 7187//195 7099//95
f 7099//95 7187//195 7100//852
f 7100//852 7187//195 7189//164
f 7100//852 7189//164 7101//852
f 7101//852 7189//164 7191//164
f 7101//852 7191//164 7102//828
f 7102//828 7191//164 7193//71
f 7102//828 7193//71 7097//54
f 7108//753 7107//603 7196//881
f 7107//603 7109//635 7196//881
f 7196//881 7109//635 7197//629
f 7109//635 7110//1117 7197//629
f 7197//629 7110//1117 7198//960
f 7110//1117 7112//799 7198//960
f 7114//750 7115//202 7199//970
f 7115//202 7108//753 7199//970
f 7199//970 7108//753 7196//881
f 7199//970 7196//881 7200//1135
f 7196//881 7197//629 7200//1135
f 7200//1135 7197//629 7201//629
f 7197//629 7198//960 7201//629
f 7201//629 7198//960 7202//629
f 7112//799 7116//964 7198//960
f 7198//960 7116//964 7203//823
f 7198//960 7203//823 7202//629
f 7116//964 7118//799 7203//823
f 7120//1108 7114//750 7204//972
f 7204//972 7114//750 7199//970
f 7199//970 7200//1135 7204//972
f 7204//972 7200//1135 7205//603
f 7204//972 7205//603 7206//753
f 7200//1135 7201//629 7205//603
f 7205//603 7201//629 7207//635
f 7201//629 7202//629 7207//635
f 7207//635 7202//629 7208//777
f 7202//629 7203//823 7208//777
f 7208//777 7203//823 7209//798
f 7208//777 7209//798 7210//799
f 7118//799 7121//964 7203//823
f 7203//823 7121//964 7211//823
f 7203//823 7211//823 7209//798
f 7121//964 7122//756 7211//823
f 7124//208 7120//1108 7212//201
f 7212//201 7120//1108 7204//972
f 7212//201 7204//972 7213//1027
f 7204//972 7206//753 7213//1027
f 7209//798 7214//965 7210//799
f 7209//798 7211//823 7214//965
f 7214//965 7211//823 7215//798
f 7214//965 7215//798 7216//799
f 7122//756 7125//570 7211//823
f 7211//823 7125//570 7217//877
f 7211//823 7217//877 7215//798
f 7125//570 7126//547 7217//877
f 7128//208 7124//208 7218//208
f 7218//208 7124//208 7212//201
f 7215//798 7219//965 7216//799
f 7215//798 7217//877 7219//965
f 7219//965 7217//877 7220//879
f 7219//965 7220//879 7221//799
f 7129//576 7220//879 7126//547
f 7126//547 7220//879 7217//877
f 7131//381 7128//208 7222//208
f 7222//208 7128//208 7218//208
f 7220//879 7223//964 7221//799
f 7129//576 7132//570 7220//879
f 7220//879 7132//570 7224//612
f 7220//879 7224//612 7223//964
f 7223//964 7224//612 7225//612
f 7132//570 7133//547 7224//612
f 7134//14 7131//381 7226//670
f 7226//670 7131//381 7222//208
f 7224//612 7227//258 7225//612
f 7225//612 7227//258 7228//258
f 7135//543 7227//258 7133//547
f 7133//547 7227//258 7224//612
f 7136//191 7134//14 7229//198
f 7229//198 7134//14 7226//670
f 7227//258 7230//612 7228//258
f 7228//258 7230//612 7231//612
f 7137//906 7230//612 7135//543
f 7135//543 7230//612 7227//258
f 7138//192 7139//193 7232//199
f 7139//193 7136//191 7232//199
f 7232//199 7136//191 7229//198
f 7232//199 7229//198 7233//200
f 7230//612 7234//967 7231//612
f 7140//18 7235//840 7137//906
f 7137//906 7235//840 7234//967
f 7137//906 7234//967 7230//612
f 7141//14 7138//192 7236//201
f 7236//201 7138//192 7232//199
f 7236//201 7232//199 7237//1027
f 7232//199 7233//200 7237//1027
f 7142//266 7238//28 7140//18
f 7140//18 7238//28 7235//840
f 7143//14 7141//14 7239//208
f 7239//208 7141//14 7236//201
f 7145//547 7240//1136 7142//266
f 7142//266 7240//1136 7238//28
f 7146//191 7143//14 7241//1131
f 7241//1131 7143//14 7239//208
f 7145//547 7148//1130 7240//1136
f 7240//1136 7148//1130 7242//267
f 7240//1136 7242//267 7243//659
f 7148//1130 7149//18 7242//267
f 7150//236 7151//193 7244//207
f 7151//193 7146//191 7244//207
f 7244//207 7146//191 7241//1131
f 7244//207 7241//1131 7245//208
f 7152//153 7246//1137 7153//434
f 7153//434 7246//1137 7243//659
f 7153//434 7243//659 7242//267
f 7153//434 7242//267 7149//18
f 7154//208 7150//236 7247//503
f 7247//503 7150//236 7244//207
f 7244//207 7245//208 7247//503
f 7247//503 7245//208 7248//208
f 7155//28 7249//29 7152//153
f 7152//153 7249//29 7246//1137
f 7156//1131 7154//208 7250//750
f 7250//750 7154//208 7247//503
f 7247//503 7248//208 7250//750
f 7250//750 7248//208 7251//200
f 7252//39 7253//741 7254//1106
f 7157//29 7252//39 7155//28
f 7155//28 7252//39 7254//1106
f 7155//28 7254//1106 7249//29
f 7159//200 7156//1131 7255//1138
f 7255//1138 7156//1131 7250//750
f 7255//1138 7250//750 7256//1027
f 7250//750 7251//200 7256//1027
f 7160//161 7257//185 7161//179
f 7161//179 7257//185 7253//741
f 7161//179 7253//741 7252//39
f 7161//179 7252//39 7157//29
f 7162//201 7163//202 7258//207
f 7163//202 7159//200 7258//207
f 7258//207 7159//200 7255//1138
f 7258//207 7255//1138 7259//503
f 7260//1132 7261//759 7262//1139
f 7164//543 7260//1132 7160//161
f 7160//161 7260//1132 7262//1139
f 7160//161 7262//1139 7257//185
f 7165//208 7162//201 7263//503
f 7263//503 7162//201 7258//207
f 7258//207 7259//503 7263//503
f 7263//503 7259//503 7264//503
f 7265//581 7266//578 7267//861
f 7265//581 7267//861 7268//862
f 7268//862 7267//861 7261//759
f 7268//862 7261//759 7260//1132
f 7166//29 7268//862 7164//543
f 7164//543 7268//862 7260//1132
f 7167//745 7165//208 7269//503
f 7269//503 7165//208 7263//503
f 7263//503 7264//503 7269//503
f 7269//503 7264//503 7270//503
f 7265//581 7271//863 7266//578
f 7169//29 7272//1140 7170//989
f 7170//989 7272//1140 7271//863
f 7170//989 7271//863 7268//862
f 7268//862 7271//863 7265//581
f 7170//989 7268//862 7166//29
f 7172//1133 7167//745 7273//503
f 7273//503 7167//745 7269//503
f 7269//503 7270//503 7273//503
f 7273//503 7270//503 7274//1141
f 7174//783 7275//28 7169//29
f 7169//29 7275//28 7272//1140
f 7175//203 7172//1133 7276//1142
f 7276//1142 7172//1133 7273//503
f 7273//503 7274//1141 7276//1142
f 7276//1142 7274//1141 7277//1143
f 7276//1142 7277//1143 7278//1144
f 7278//1144 7277//1143 7279//246
f 7176//206 7280//29 7174//783
f 7174//783 7280//29 7275//28
f 7175//203 7276//1142 7178//1099
f 7178//1099 7276//1142 7179//975
f 7179//975 7276//1142 7278//1144
f 7179//975 7278//1144 7281//246
f 7278//1144 7279//246 7281//246
f 7281//246 7279//246 7282//246
f 7283//172 7284//297 7285//937
f 7180//30 7283//172 7181//94
f 7181//94 7283//172 7285//937
f 7181//94 7285//937 7286//31
f 7181//94 7286//31 7176//206
f 7176//206 7286//31 7280//29
f 7179//975 7281//246 7183//1099
f 7183//1099 7281//246 7184//1126
f 7184//1126 7281//246 7282//246
f 7184//1126 7282//246 7287//195
f 7287//195 7282//246 7288//195
f 7287//195 7288//195 7289//196
f 7289//196 7288//195 7290//195
f 7289//196 7290//195 7291//432
f 7292//71 7293//43 7294//828
f 7292//71 7294//828 7295//71
f 7295//71 7294//828 7296//1115
f 7185//30 7295//71 7186//30
f 7186//30 7295//71 7296//1115
f 7186//30 7296//1115 7283//172
f 7283//172 7296//1115 7284//297
f 7186//30 7283//172 7180//30
f 7184//1126 7287//195 7188//195
f 7188//195 7287//195 7190//164
f 7190//164 7287//195 7289//196
f 7190//164 7289//196 7192//1061
f 7192//1061 7289//196 7291//432
f 7192//1061 7291//432 7297//44
f 7192//1061 7297//44 7194//1134
f 7194//1134 7297//44 7293//43
f 7194//1134 7293//43 7292//71
f 7194//1134 7292//71 7195//64
f 7195//64 7292//71 7295//71
f 7195//64 7295//71 7185//30
f 7206//753 7205//603 7298//881
f 7205//603 7207//635 7298//881
f 7298//881 7207//635 7299//629
f 7207//635 7208//777 7299//629
f 7299//629 7208//777 7300//960
f 7208//777 7210//799 7300//960
f 7212//201 7213//1027 7301//970
f 7213//1027 7206//753 7301//970
f 7301//970 7206//753 7298//881
f 7301//970 7298//881 7302//406
f 7298//881 7299//629 7302//406
f 7302//406 7299//629 7303//406
f 7299//629 7300//960 7303//406
f 7303//406 7300//960 7304//406
f 7210//799 7214//965 7300//960
f 7300//960 7214//965 7305//1145
f 7300//960 7305//1145 7304//406
f 7214//965 7216//799 7305//1145
f 7218//208 7212//201 7306//1146
f 7306//1146 7212//201 7301//970
f 7301//970 7302//406 7306//1146
f 7306//1146 7302//406 7307//406
f 7302//406 7303//406 7307//406
f 7307//406 7303//406 7308//406
f 7303//406 7304//406 7308//406
f 7308//406 7304//406 7309//406
f 7304//406 7305//1145 7309//406
f 7309//406 7305//1145 7310//406
f 7216//799 7219//965 7305//1145
f 7305//1145 7219//965 7311//1145
f 7305//1145 7311//1145 7310//406
f 7219//965 7221//799 7311//1145
f 7222//208 7218//208 7312//1146
f 7312//1146 7218//208 7306//1146
f 7306//1146 7307//406 7312//1146
f 7312//1146 7307//406 7313//406
f 7307//406 7308//406 7313//406
f 7313//406 7308//406 7314//406
f 7308//406 7309//406 7314//406
f 7314//406 7309//406 7315//1135
f 7309//406 7310//406 7315//1135
f 7315//1135 7310//406 7316//629
f 7310//406 7311//1145 7316//629
f 7316//629 7311//1145 7317//973
f 7221//799 7223//964 7311//1145
f 7311//1145 7223//964 7318//779
f 7311//1145 7318//779 7317//973
f 7223//964 7225//612 7318//779
f 7226//670 7222//208 7319//981
f 7319//981 7222//208 7312//1146
f 7312//1146 7313//406 7319//981
f 7319//981 7313//406 7320//629
f 7313//406 7314//406 7320//629
f 7320//629 7314//406 7321//1147
f 7314//406 7315//1135 7321//1147
f 7321//1147 7315//1135 7322//603
f 7321//1147 7322//603 7323//1148
f 7315//1135 7316//629 7322//603
f 7322//603 7316//629 7324//777
f 7316//629 7317//973 7324//777
f 7324//777 7317//973 7325//798
f 7324//777 7325//798 7326//799
f 7317//973 7318//779 7325//798
f 7325//798 7318//779 7327//915
f 7228//258 7327//915 7225//612
f 7225//612 7327//915 7318//779
f 7229//198 7226//670 7328//201
f 7328//201 7226//670 7319//981
f 7328//201 7319//981 7329//603
f 7319//981 7320//629 7329//603
f 7329//603 7320//629 7330//777
f 7320//629 7321//1147 7330//777
f 7330//777 7321//1147 7331//1149
f 7330//777 7331//1149 7332//799
f 7321//1147 7323//1148 7331//1149
f 7331//1149 7323//1148 7333//764
f 7325//798 7334//827 7326//799
f 7325//798 7327//915 7334//827
f 7334//827 7327//915 7335//879
f 7334//827 7335//879 7336//570
f 7231//612 7335//879 7228//258
f 7228//258 7335//879 7327//915
f 7233//200 7229//198 7337//745
f 7337//745 7229//198 7328//201
f 7331//1149 7338//1150 7332//799
f 7331//1149 7333//764 7338//1150
f 7335//879 7339//570 7336//570
f 7231//612 7234//967 7335//879
f 7335//879 7234//967 7340//964
f 7335//879 7340//964 7339//570
f 7339//570 7340//964 7341//570
f 7234//967 7235//840 7340//964
f 7236//201 7237//1027 7342//207
f 7237//1027 7233//200 7342//207
f 7342//207 7233//200 7337//745
f 7342//207 7337//745 7343//503
f 7340//964 7344//880 7341//570
f 7238//28 7345//1113 7235//840
f 7235//840 7345//1113 7344//880
f 7235//840 7344//880 7340//964
f 7239//208 7236//201 7346//503
f 7346//503 7236//201 7342//207
f 7342//207 7343//503 7346//503
f 7346//503 7343//503 7347//1108
f 7348//1132 7349//29 7350//1151
f 7240//1136 7348//1132 7238//28
f 7238//28 7348//1132 7350//1151
f 7238//28 7350//1151 7345//1113
f 7241//1131 7239//208 7351//750
f 7351//750 7239//208 7346//503
f 7346//503 7347//1108 7351//750
f 7351//750 7347//1108 7352//200
f 7348//1132 7353//258 7349//29
f 7349//29 7353//258 7354//977
f 7243//659 7353//258 7240//1136
f 7240//1136 7353//258 7348//1132
f 7245//208 7241//1131 7355//201
f 7355//201 7241//1131 7351//750
f 7355//201 7351//750 7356//1027
f 7351//750 7352//200 7356//1027
f 7353//258 7357//258 7354//977
f 7354//977 7357//258 7358//258
f 7246//1137 7357//258 7243//659
f 7243//659 7357//258 7353//258
f 7248//208 7245//208 7359//208
f 7359//208 7245//208 7355//201
f 7357//258 7360//260 7358//258
f 7358//258 7360//260 7361//260
f 7249//29 7360//260 7246//1137
f 7246//1137 7360//260 7357//258
f 7251//200 7248//208 7362//745
f 7362//745 7248//208 7359//208
f 7363//260 7364//1152 7365//785
f 7253//741 7363//260 7254//1106
f 7254//1106 7363//260 7365//785
f 7254//1106 7365//785 7360//260
f 7360//260 7365//785 7361//260
f 7254//1106 7360//260 7249//29
f 7255//1138 7256//1027 7366//207
f 7256//1027 7251//200 7366//207
f 7366//207 7251//200 7362//745
f 7366//207 7362//745 7367//503
f 7368//1153 7369//260 7370//1154
f 7368//1153 7370//1154 7371//845
f 7371//845 7370//1154 7364//1152
f 7371//845 7364//1152 7363//260
f 7257//185 7371//845 7253//741
f 7253//741 7371//845 7363//260
f 7259//503 7255//1138 7372//503
f 7372//503 7255//1138 7366//207
f 7366//207 7367//503 7372//503
f 7372//503 7367//503 7373//503
f 7368//1153 7374//804 7369//260
f 7369//260 7374//804 7375//659
f 7261//759 7374//804 7262//1139
f 7262//1139 7374//804 7368//1153
f 7262//1139 7368//1153 7371//845
f 7262//1139 7371//845 7257//185
f 7264//503 7259//503 7376//503
f 7376//503 7259//503 7372//503
f 7372//503 7373//503 7376//503
f 7376//503 7373//503 7377//1108
f 7266//578 7378//1155 7267//861
f 7267//861 7378//1155 7375//659
f 7267//861 7375//659 7374//804
f 7267//861 7374//804 7261//759
f 7270//503 7264//503 7379//503
f 7379//503 7264//503 7376//503
f 7376//503 7377//1108 7379//503
f 7379//503 7377//1108 7380//1156
f 7266//578 7271//863 7378//1155
f 7378//1155 7271//863 7381//1014
f 7378//1155 7381//1014 7382//547
f 7271//863 7272//1140 7381//1014
f 7274//1141 7270//503 7383//246
f 7383//246 7270//503 7379//503
f 7379//503 7380//1156 7383//246
f 7383//246 7380//1156 7384//246
f 7381//1014 7385//880 7382//547
f 7275//28 7386//1113 7272//1140
f 7272//1140 7386//1113 7385//880
f 7272//1140 7385//880 7381//1014
f 7274//1141 7383//246 7277//1143
f 7277//1143 7383//246 7279//246
f 7279//246 7383//246 7384//246
f 7279//246 7384//246 7387//246
f 7387//246 7384//246 7388//1035
f 7387//246 7388//1035 7389//1157
f 7390//39 7391//30 7392//1151
f 7280//29 7390//39 7275//28
f 7275//28 7390//39 7392//1151
f 7275//28 7392//1151 7386//1113
f 7282//246 7279//246 7393//1158
f 7393//1158 7279//246 7387//246
f 7387//246 7389//1157 7393//1158
f 7393//1158 7389//1157 7394//1143
f 7393//1158 7394//1143 7395//195
f 7395//195 7394//1143 7396//231
f 7397//40 7398//43 7399//937
f 7284//297 7397//40 7285//937
f 7285//937 7397//40 7399//937
f 7285//937 7399//937 7400//131
f 7285//937 7400//131 7286//31
f 7286//31 7400//131 7391//30
f 7286//31 7391//30 7390//39
f 7286//31 7390//39 7280//29
f 7282//246 7393//1158 7288//195
f 7288//195 7393//1158 7290//195
f 7290//195 7393//1158 7395//195
f 7290//195 7395//195 7291//432
f 7291//432 7395//195 7396//231
f 7291//432 7396//231 7401//164
f 7401//164 7396//231 7402//408
f 7293//43 7401//164 7294//828
f 7294//828 7401//164 7402//408
f 7294//828 7402//408 7403//828
f 7294//828 7403//828 7296//1115
f 7296//1115 7403//828 7398//43
f 7296//1115 7398//43 7397//40
f 7296//1115 7397//40 7284//297
f 7291//432 7401//164 7297//44
f 7297//44 7401//164 7293//43
f 7404//1159 7405//126 7406//764
f 7323//1148 7322//603 7407//1160
f 7404//1159 7408//77 7405//126
f 7322//603 7324//777 7407//1160
f 7407//1160 7324//777 7409//848
f 7324//777 7326//799 7409//848
f 7328//201 7329//603 7410//1127
f 7329//603 7330//777 7410//1127
f 7410//1127 7330//777 7411//1161
f 7330//777 7332//799 7411//1161
f 7404//1159 7406//764 7412//1162
f 7412//1162 7406//764 7413//1163
f 7333//764 7323//1148 7412//1162
f 7412//1162 7323//1148 7407//1160
f 7412//1162 7407//1160 7404//1159
f 7404//1159 7407//1160 7414//1164
f 7404//1159 7414//1164 7408//77
f 7407//1160 7409//848 7414//1164
f 7414//1164 7409//848 7415//1165
f 7326//799 7334//827 7409//848
f 7409//848 7334//827 7416//1001
f 7409//848 7416//1001 7415//1165
f 7334//827 7336//570 7416//1001
f 7416//1001 7336//570 7417//77
f 7337//745 7328//201 7418//1146
f 7418//1146 7328//201 7410//1127
f 7410//1127 7411//1161 7418//1146
f 7418//1146 7411//1161 7419//1166
f 7332//799 7338//1150 7411//1161
f 7411//1161 7338//1150 7412//1162
f 7411//1161 7412//1162 7419//1166
f 7419//1166 7412//1162 7413//1163
f 7419//1166 7413//1163 7420//633
f 7338//1150 7333//764 7412//1162
f 7336//570 7339//570 7417//77
f 7417//77 7339//570 7421//77
f 7339//570 7341//570 7421//77
f 7421//77 7341//570 7422//537
f 7343//503 7337//745 7423//1167
f 7423//1167 7337//745 7418//1146
f 7418//1146 7419//1166 7423//1167
f 7423//1167 7419//1166 7424//902
f 7423//1167 7424//902 7425//750
f 7419//1166 7420//633 7424//902
f 7341//570 7344//880 7422//537
f 7422//537 7344//880 7426//267
f 7422//537 7426//267 7427//1168
f 7344//880 7345//1113 7426//267
f 7347//1108 7343//503 7428//750
f 7428//750 7343//503 7423//1167
f 7423//1167 7425//750 7428//750
f 7428//750 7425//750 7429//750
f 7349//29 7430//1137 7350//1151
f 7350//1151 7430//1137 7427//1168
f 7350//1151 7427//1168 7426//267
f 7350//1151 7426//267 7345//1113
f 7352//200 7347//1108 7431//1138
f 7431//1138 7347//1108 7428//750
f 7431//1138 7428//750 7432//1027
f 7428//750 7429//750 7432//1027
f 7354//977 7433//29 7349//29
f 7349//29 7433//29 7430//1137
f 7355//201 7356//1027 7434//207
f 7356//1027 7352//200 7434//207
f 7434//207 7352//200 7431//1138
f 7434//207 7431//1138 7435//503
f 7436//1132 7437//260 7438//1139
f 7358//258 7436//1132 7354//977
f 7354//977 7436//1132 7438//1139
f 7354//977 7438//1139 7433//29
f 7359//208 7355//201 7439//503
f 7439//503 7355//201 7434//207
f 7434//207 7435//503 7439//503
f 7439//503 7435//503 7440//503
f 7436//1132 7441//260 7437//260
f 7437//260 7441//260 7442//659
f 7361//260 7441//260 7358//258
f 7358//258 7441//260 7436//1132
f 7362//745 7359//208 7443//503
f 7443//503 7359//208 7439//503
f 7439//503 7440//503 7443//503
f 7443//503 7440//503 7444//503
f 7364//1152 7445//185 7365//785
f 7365//785 7445//185 7442//659
f 7365//785 7442//659 7441//260
f 7365//785 7441//260 7361//260
f 7367//503 7362//745 7446//503
f 7446//503 7362//745 7443//503
f 7443//503 7444//503 7446//503
f 7446//503 7444//503 7447//503
f 7448//260 7449//759 7450//937
f 7369//260 7448//260 7370//1154
f 7370//1154 7448//260 7450//937
f 7370//1154 7450//937 7451//31
f 7370//1154 7451//31 7364//1152
f 7364//1152 7451//31 7445//185
f 7373//503 7367//503 7452//503
f 7452//503 7367//503 7446//503
f 7446//503 7447//503 7452//503
f 7452//503 7447//503 7453//1108
f 7454//581 7455//258 7456//762
f 7454//581 7456//762 7457//1169
f 7457//1169 7456//762 7449//759
f 7457//1169 7449//759 7448//260
f 7375//659 7457//1169 7369//260
f 7369//260 7457//1169 7448//260
f 7377//1108 7373//503 7458//750
f 7458//750 7373//503 7452//503
f 7452//503 7453//1108 7458//750
f 7458//750 7453//1108 7459//633
f 7454//581 7460//965 7455//258
f 7454//581 7457//1169 7460//965
f 7460//965 7457//1169 7461//879
f 7460//965 7461//879 7462//799
f 7378//1155 7461//879 7375//659
f 7375//659 7461//879 7457//1169
f 7380//1156 7377//1108 7463//982
f 7463//982 7377//1108 7458//750
f 7463//982 7458//750 7464//1027
f 7458//750 7459//633 7464//1027
f 7461//879 7465//986 7462//799
f 7382//547 7466//987 7378//1155
f 7378//1155 7466//987 7465//986
f 7378//1155 7465//986 7461//879
f 7384//246 7380//1156 7467//262
f 7467//262 7380//1156 7463//982
f 7467//262 7463//982 7468//1035
f 7467//262 7468//1035 7469//1092
f 7382//547 7385//880 7466//987
f 7466//987 7385//880 7470//267
f 7466//987 7470//267 7471//783
f 7385//880 7386//1113 7470//267
f 7384//246 7467//262 7388//1035
f 7388//1035 7467//262 7389//1157
f 7389//1157 7467//262 7469//1092
f 7389//1157 7469//1092 7472//231
f 7472//231 7469//1092 7473//227
f 7472//231 7473//227 7474//241
f 7391//30 7475//206 7392//1151
f 7392//1151 7475//206 7471//783
f 7392//1151 7471//783 7470//267
f 7392//1151 7470//267 7386//1113
f 7389//1157 7472//231 7394//1143
f 7394//1143 7472//231 7396//231
f 7396//231 7472//231 7474//241
f 7396//231 7474//241 7476//195
f 7476//195 7474//241 7477//195
f 7476//195 7477//195 7478//71
f 7478//71 7477//195 7479//1170
f 7398//43 7478//71 7399//937
f 7399//937 7478//71 7479//1170
f 7399//937 7479//1170 7480//102
f 7399//937 7480//102 7400//131
f 7400//131 7480//102 7481//140
f 7400//131 7481//140 7391//30
f 7391//30 7481//140 7475//206
f 7396//231 7476//195 7402//408
f 7402//408 7476//195 7403//828
f 7403//828 7476//195 7478//71
f 7403//828 7478//71 7398//43
f 7406//764 7405//126 7482//1171
f 7405//126 7408//77 7482//1171
f 7413//1163 7406//764 7483//1172
f 7483//1172 7406//764 7482//1171
f 7408//77 7414//1164 7482//1171
f 7482//1171 7414//1164 7484//1173
f 7482//1171 7484//1173 7483//1172
f 7414//1164 7415//1165 7484//1173
f 7484//1173 7415//1165 7485//943
f 7484//1173 7485//943 7486//125
f 7415//1165 7416//1001 7485//943
f 7485//943 7416//1001 7487//25
f 7416//1001 7417//77 7487//25
f 7487//25 7417//77 7488//77
f 7420//633 7413//1163 7489//1138
f 7489//1138 7413//1163 7483//1172
f 7489//1138 7483//1172 7490//603
f 7483//1172 7484//1173 7490//603
f 7490//603 7484//1173 7491//1174
f 7484//1173 7486//125 7491//1174
f 7417//77 7421//77 7488//77
f 7488//77 7421//77 7492//916
f 7421//77 7422//537 7492//916
f 7492//916 7422//537 7493//547
f 7425//750 7424//902 7494//207
f 7424//902 7420//633 7494//207
f 7494//207 7420//633 7489//1138
f 7494//207 7489//1138 7495//1141
f 7427//1168 7496//29 7422//537
f 7422//537 7496//29 7493//547
f 7429//750 7425//750 7497//1175
f 7497//1175 7425//750 7494//207
f 7494//207 7495//1141 7497//1175
f 7497//1175 7495//1141 7498//1143
f 7497//1175 7498//1143 7499//1176
f 7499//1176 7498//1143 7500//1177
f 7501//616 7502//759 7503//1178
f 7501//616 7503//1178 7504//819
f 7504//819 7503//1178 7505//1179
f 7430//1137 7504//819 7427//1168
f 7427//1168 7504//819 7505//1179
f 7427//1168 7505//1179 7496//29
f 7431//1138 7432//1027 7506//970
f 7432//1027 7429//750 7506//970
f 7506//970 7429//750 7497//1175
f 7506//970 7497//1175 7507//406
f 7497//1175 7499//1176 7507//406
f 7507//406 7499//1176 7508//1180
f 7499//1176 7500//1177 7508//1180
f 7508//1180 7500//1177 7509//1181
f 7508//1180 7509//1181 7510//1182
f 7510//1182 7509//1181 7511//1183
f 7511//1183 7509//1181 7512//619
f 7511//1183 7512//619 7513//1184
f 7513//1184 7512//619 7502//759
f 7513//1184 7502//759 7501//616
f 7501//616 7504//819 7513//1184
f 7513//1184 7504//819 7514//616
f 7433//29 7514//616 7430//1137
f 7430//1137 7514//616 7504//819
f 7435//503 7431//1138 7515//1146
f 7515//1146 7431//1138 7506//970
f 7506//970 7507//406 7515//1146
f 7515//1146 7507//406 7516//406
f 7507//406 7508//1180 7516//406
f 7516//406 7508//1180 7517//1185
f 7508//1180 7510//1182 7517//1185
f 7517//1185 7510//1182 7518//1186
f 7517//1185 7518//1186 7519//694
f 7510//1182 7511//1183 7518//1186
f 7518//1186 7511//1183 7520//798
f 7518//1186 7520//798 7521//570
f 7511//1183 7513//1184 7520//798
f 7520//798 7513//1184 7522//1187
f 7437//260 7522//1187 7438//1139
f 7438//1139 7522//1187 7513//1184
f 7438//1139 7513//1184 7514//616
f 7438//1139 7514//616 7433//29
f 7440//503 7435//503 7523//1146
f 7523//1146 7435//503 7515//1146
f 7515//1146 7516//406 7523//1146
f 7523//1146 7516//406 7524//406
f 7516//406 7517//1185 7524//406
f 7524//406 7517//1185 7525//970
f 7517//1185 7519//694 7525//970
f 7525//970 7519//694 7526//200
f 7520//798 7527//1188 7521//570
f 7520//798 7522//1187 7527//1188
f 7527//1188 7522//1187 7528//816
f 7527//1188 7528//816 7529//576
f 7442//659 7528//816 7437//260
f 7437//260 7528//816 7522//1187
f 7444//503 7440//503 7530//1146
f 7530//1146 7440//503 7523//1146
f 7523//1146 7524//406 7530//1146
f 7530//1146 7524//406 7531//1185
f 7524//406 7525//970 7531//1185
f 7531//1185 7525//970 7532//902
f 7531//1185 7532//902 7533//1189
f 7525//970 7526//200 7532//902
f 7528//816 7534//260 7529//576
f 7529//576 7534//260 7535//856
f 7445//185 7534//260 7442//659
f 7442//659 7534//260 7528//816
f 7447//503 7444//503 7536//1146
f 7536//1146 7444//503 7530//1146
f 7530//1146 7531//1185 7536//1146
f 7536//1146 7531//1185 7537//1180
f 7531//1185 7533//1189 7537//1180
f 7537//1180 7533//1189 7538//1181
f 7537//1180 7538//1181 7539//1190
f 7539//1190 7538//1181 7540//71
f 7540//71 7538//1181 7541//1170
f 7449//759 7540//71 7450//937
f 7450//937 7540//71 7541//1170
f 7450//937 7541//1170 7542//131
f 7450//937 7542//131 7451//31
f 7451//31 7542//131 7535//856
f 7451//31 7535//856 7534//260
f 7451//31 7534//260 7445//185
f 7453//1108 7447//503 7543//981
f 7543//981 7447//503 7536//1146
f 7536//1146 7537//1180 7543//981
f 7543//981 7537//1180 7544//629
f 7537//1180 7539//1190 7544//629
f 7544//629 7539//1190 7545//1191
f 7455//258 7545//1191 7456//762
f 7456//762 7545//1191 7539//1190
f 7456//762 7539//1190 7540//71
f 7456//762 7540//71 7449//759
f 7459//633 7453//1108 7546//1041
f 7546//1041 7453//1108 7543//981
f 7546//1041 7543//981 7547//802
f 7543//981 7544//629 7547//802
f 7547//802 7544//629 7548//797
f 7544//629 7545//1191 7548//797
f 7548//797 7545//1191 7549//976
f 7455//258 7460//965 7545//1191
f 7545//1191 7460//965 7550//1192
f 7545//1191 7550//1192 7549//976
f 7549//976 7550//1192 7551//1193
f 7460//965 7462//799 7550//1192
f 7463//982 7464//1027 7552//689
f 7464//1027 7459//633 7552//689
f 7552//689 7459//633 7546//1041
f 7552//689 7546//1041 7553//381
f 7550//1192 7554//1194 7551//1193
f 7551//1193 7554//1194 7555//18
f 7462//799 7465//986 7550//1192
f 7550//1192 7465//986 7556//1195
f 7550//1192 7556//1195 7554//1194
f 7554//1194 7556//1195 7557//1196
f 7465//986 7466//987 7556//1195
f 7556//1195 7466//987 7558//89
f 7463//982 7552//689 7468//1035
f 7468//1035 7552//689 7469//1092
f 7469//1092 7552//689 7553//381
f 7469//1092 7553//381 7559//20
f 7554//1194 7560//406 7555//18
f 7555//18 7560//406 7561//1197
f 7554//1194 7557//1196 7560//406
f 7560//406 7557//1196 7562//1198
f 7471//783 7563//18 7466//987
f 7466//987 7563//18 7558//89
f 7469//1092 7559//20 7473//227
f 7473//227 7559//20 7564//212
f 7473//227 7564//212 7474//241
f 7474//241 7564//212 7565//213
f 7474//241 7565//213 7566//214
f 7566//214 7565//213 7567//228
f 7560//406 7568//1199 7561//1197
f 7561//1197 7568//1199 7569//260
f 7560//406 7562//1198 7568//1199
f 7568//1199 7562//1198 7570//210
f 7475//206 7571//19 7471//783
f 7471//783 7571//19 7563//18
f 7474//241 7566//214 7477//195
f 7477//195 7566//214 7479//1170
f 7479//1170 7566//214 7567//228
f 7479//1170 7567//228 7572//44
f 7479//1170 7572//44 7480//102
f 7480//102 7572//44 7569//260
f 7480//102 7569//260 7568//1199
f 7480//102 7568//1199 7481//140
f 7481//140 7568//1199 7570//210
f 7481//140 7570//210 7573//103
f 7481//140 7573//103 7475//206
f 7475//206 7573//103 7571//19
f 7574//1200 7575//2 7576//3
f 7486//125 7485//943 7574//1200
f 7574//1200 7485//943 7577//566
f 7574//1200 7577//566 7575//2
f 7485//943 7487//25 7577//566
f 7577//566 7487//25 7578//151
f 7487//25 7488//77 7578//151
f 7578//151 7488//77 7579//537
f 7489//1138 7490//603 7580//1201
f 7490//603 7491//1174 7580//1201
f 7580//1201 7491//1174 7574//1200
f 7580//1201 7574//1200 7581//1202
f 7581//1202 7574//1200 7576//3
f 7491//1174 7486//125 7574//1200
f 7488//77 7492//916 7579//537
f 7579//537 7492//916 7582//855
f 7579//537 7582//855 7583//977
f 7492//916 7493//547 7582//855
f 7495//1141 7489//1138 7584//1142
f 7584//1142 7489//1138 7580//1201
f 7580//1201 7581//1202 7584//1142
f 7584//1142 7581//1202 7585//1203
f 7584//1142 7585//1203 7586//1204
f 7586//1204 7585//1203 7587//1205
f 7587//1205 7585//1203 7588//95
f 7587//1205 7588//95 7589//241
f 7582//855 7590//260 7583//977
f 7583//977 7590//260 7591//260
f 7496//29 7590//260 7493//547
f 7493//547 7590//260 7582//855
f 7495//1141 7584//1142 7498//1143
f 7498//1143 7584//1142 7500//1177
f 7500//1177 7584//1142 7586//1204
f 7500//1177 7586//1204 7592//1176
f 7586//1204 7587//1205 7592//1176
f 7592//1176 7587//1205 7593//1206
f 7502//759 7593//1206 7503//1178
f 7503//1178 7593//1206 7587//1205
f 7503//1178 7587//1205 7594//1207
f 7594//1207 7587//1205 7589//241
f 7503//1178 7594//1207 7505//1179
f 7505//1179 7594//1207 7591//260
f 7505//1179 7591//260 7590//260
f 7505//1179 7590//260 7496//29
f 7500//1177 7592//1176 7509//1181
f 7509//1181 7592//1176 7512//619
f 7512//619 7592//1176 7593//1206
f 7512//619 7593//1206 7502//759
f 7519//694 7518//1186 7595//7
f 7595//7 7518//1186 7596//126
f 7518//1186 7521//570 7596//126
f 7596//126 7521//570 7597//77
f 7526//200 7519//694 7598//770
f 7598//770 7519//694 7595//7
f 7521//570 7527//1188 7597//77
f 7597//77 7527//1188 7599//77
f 7527//1188 7529//576 7599//77
f 7599//77 7529//576 7600//89
f 7533//1189 7532//902 7601//771
f 7532//902 7526//200 7601//771
f 7601//771 7526//200 7598//770
f 7601//771 7598//770 7602//772
f 7535//856 7603//19 7529//576
f 7529//576 7603//19 7600//89
f 7533//1189 7601//771 7538//1181
f 7538//1181 7601//771 7541//1170
f 7541//1170 7601//771 7602//772
f 7541//1170 7602//772 7604//95
f 7541//1170 7604//95 7542//131
f 7542//131 7604//95 7605//140
f 7542//131 7605//140 7535//856
f 7535//856 7605//140 7603//19
f 7546//1041 7547//802 7606//192
f 7606//192 7547//802 7607//774
f 7547//802 7548//797 7607//774
f 7607//774 7548//797 7608//775
f 7607//774 7608//775 7609//799
f 7548//797 7549//976 7608//775
f 7608//775 7549//976 7610//1208
f 7608//775 7610//1208 7611//125
f 7549//976 7551//1193 7610//1208
f 7610//1208 7551//1193 7612//77
f 7553//381 7546//1041 7613//14
f 7613//14 7546//1041 7606//192
f 7608//775 7614//1150 7609//799
f 7608//775 7611//125 7614//1150
f 7555//18 7615//1209 7551//1193
f 7551//1193 7615//1209 7616//224
f 7551//1193 7616//224 7612//77
f 7557//1196 7556//1195 7615//1209
f 7615//1209 7556//1195 7617//1210
f 7615//1209 7617//1210 7616//224
f 7556//1195 7558//89 7617//1210
f 7617//1210 7558//89 7618//565
f 7559//20 7553//381 7619//20
f 7619//20 7553//381 7613//14
f 7561//1197 7620//1211 7555//18
f 7555//18 7620//1211 7615//1209
f 7562//1198 7557//1196 7620//1211
f 7620//1211 7557//1196 7615//1209
f 7563//18 7621//148 7558//89
f 7558//89 7621//148 7618//565
f 7559//20 7619//20 7564//212
f 7564//212 7619//20 7622//22
f 7564//212 7622//22 7565//213
f 7565//213 7622//22 7623//175
f 7565//213 7623//175 7567//228
f 7567//228 7623//175 7624//1212
f 7567//228 7624//1212 7625//167
f 7569//260 7625//167 7561//1197
f 7561//1197 7625//167 7624//1212
f 7561//1197 7624//1212 7620//1211
f 7620//1211 7624//1212 7626//807
f 7570//210 7562//1198 7627//953
f 7627//953 7562//1198 7620//1211
f 7627//953 7620//1211 7626//807
f 7571//19 7628//19 7563//18
f 7563//18 7628//19 7621//148
f 7567//228 7625//167 7572//44
f 7572//44 7625//167 7569//260
f 7570//210 7627//953 7573//103
f 7573//103 7627//953 7629//103
f 7573//103 7629//103 7571//19
f 7571//19 7629//103 7628//19
f 7630//155 7631//105 7632//67
f 7630//155 7633//46 7631//105
f 7576//3 7575//2 7634//1213
f 7634//1213 7575//2 7635//69
f 7575//2 7577//566 7635//69
f 7635//69 7577//566 7630//155
f 7635//69 7630//155 7632//67
f 7577//566 7578//151 7630//155
f 7630//155 7578//151 7636//47
f 7630//155 7636//47 7633//46
f 7578//151 7579//537 7636//47
f 7636//47 7579//537 7637//27
f 7581//1202 7576//3 7638//42
f 7638//42 7576//3 7634//1213
f 7583//977 7639//19 7579//537
f 7579//537 7639//19 7637//27
f 7581//1202 7638//42 7585//1203
f 7585//1203 7638//42 7640//95
f 7585//1203 7640//95 7588//95
f 7588//95 7640//95 7641//1040
f 7588//95 7641//1040 7589//241
f 7589//241 7641//1040 7642//216
f 7589//241 7642//216 7643//167
f 7591//260 7643//167 7583//977
f 7583//977 7643//167 7642//216
f 7583//977 7642//216 7639//19
f 7589//241 7643//167 7594//1207
f 7594//1207 7643//167 7591//260
f 7595//7 7596//126 7644//236
f 7644//236 7596//126 7645//564
f 7596//126 7597//77 7645//564
f 7645//564 7597//77 7646//570
f 7598//770 7595//7 7647//203
f 7647//203 7595//7 7644//236
f 7597//77 7599//77 7646//570
f 7646//570 7599//77 7648//991
f 7599//77 7600//89 7648//991
f 7648//991 7600//89 7649//1214
f 7602//772 7598//770 7650//226
f 7650//226 7598//770 7647//203
f 7650//226 7647//203 7651//238
f 7650//226 7651//238 7652//239
f 7603//19 7653//19 7600//89
f 7600//89 7653//19 7649//1214
f 7602//772 7650//226 7604//95
f 7604//95 7650//226 7605//140
f 7605//140 7650//226 7652//239
f 7605//140 7652//239 7654//103
f 7605//140 7654//103 7603//19
f 7603//19 7654//103 7653//19
f 7606//192 7607//774 7655//1215
f 7607//774 7609//799 7655//1215
f 7656//572 7657//410 7658//125
f 7611//125 7610//1208 7656//572
f 7656//572 7610//1208 7659//1216
f 7656//572 7659//1216 7657//410
f 7610//1208 7612//77 7659//1216
f 7659//1216 7612//77 7660//77
f 7613//14 7606//192 7661//201
f 7661//201 7606//192 7655//1215
f 7661//201 7655//1215 7662//1217
f 7609//799 7614//1150 7655//1215
f 7655//1215 7614//1150 7656//572
f 7655//1215 7656//572 7662//1217
f 7662//1217 7656//572 7658//125
f 7614//1150 7611//125 7656//572
f 7612//77 7616//224 7660//77
f 7660//77 7616//224 7663//1218
f 7616//224 7617//1210 7663//1218
f 7663//1218 7617//1210 7664//1219
f 7663//1218 7664//1219 7665//570
f 7617//1210 7618//565 7664//1219
f 7619//20 7613//14 7666//42
f 7666//42 7613//14 7661//201
f 7664//1219 7667//569 7665//570
f 7621//148 7668//48 7618//565
f 7618//565 7668//48 7669//1220
f 7618//565 7669//1220 7664//1219
f 7664//1219 7669//1220 7667//569
f 7668//48 7670//18 7669//1220
f 7619//20 7666//42 7622//22
f 7622//22 7666//42 7671//95
f 7622//22 7671//95 7623//175
f 7623//175 7671//95 7672//178
f 7623//175 7672//178 7624//1212
f 7624//1212 7672//178 7673//451
f 7624//1212 7673//451 7626//807
f 7626//807 7673//451 7674//808
f 7626//807 7674//808 7627//953
f 7627//953 7674//808 7675//149
f 7628//19 7676//174 7621//148
f 7621//148 7676//174 7677//434
f 7621//148 7677//434 7668//48
f 7668//48 7677//434 7670//18
f 7627//953 7675//149 7629//103
f 7629//103 7675//149 7678//103
f 7629//103 7678//103 7628//19
f 7628//19 7678//103 7676//174
f 7632//67 7631//105 7679//125
f 7679//125 7631//105 7680//146
f 7631//105 7633//46 7680//146
f 7680//146 7633//46 7681//34
f 7680//146 7681//34 7682//5
f 7681//34 7683//13 7682//5
f 7634//1213 7635//69 7684//1221
f 7684//1221 7635//69 7685//125
f 7635//69 7632//67 7685//125
f 7685//125 7632//67 7679//125
f 7633//46 7636//47 7681//34
f 7636//47 7637//27 7681//34
f 7681//34 7637//27 7686//17
f 7681//34 7686//17 7683//13
f 7638//42 7634//1213 7687//226
f 7687//226 7634//1213 7684//1221
f 7687//226 7684//1221 7688//227
f 7687//226 7688//227 7689//144
f 7639//19 7690//19 7637//27
f 7637//27 7690//19 7686//17
f 7638//42 7687//226 7640//95
f 7640//95 7687//226 7641//1040
f 7641//1040 7687//226 7689//144
f 7641//1040 7689//144 7691//22
f 7641//1040 7691//22 7642//216
f 7642//216 7691//22 7692//23
f 7642//216 7692//23 7639//19
f 7639//19 7692//23 7690//19
f 7644//236 7645//564 7693//1222
f 7645//564 7646//570 7693//1222
f 7647//203 7644//236 7694//1223
f 7694//1223 7644//236 7693//1222
f 7646//570 7648//991 7693//1222
f 7693//1222 7648//991 7695//1224
f 7693//1222 7695//1224 7694//1223
f 7694//1223 7695//1224 7696//1225
f 7648//991 7649//1214 7695//1224
f 7695//1224 7649//1214 7697//1030
f 7695//1224 7697//1030 7698//5
f 7697//1030 7699//1031 7698//5
f 7647//203 7694//1223 7651//238
f 7651//238 7694//1223 7652//239
f 7652//239 7694//1223 7696//1225
f 7652//239 7696//1225 7700//20
f 7653//19 7701//1226 7649//1214
f 7649//1214 7701//1226 7702//52
f 7649//1214 7702//52 7697//1030
f 7697//1030 7702//52 7699//1031
f 7652//239 7700//20 7654//103
f 7654//103 7700//20 7703//103
f 7654//103 7703//103 7653//19
f 7653//19 7703//103 7701//1226
f 7658//125 7657//410 7704//875
f 7657//410 7659//1216 7704//875
f 7704//875 7659//1216 7705//651
f 7704//875 7705//651 7706//193
f 7659//1216 7660//77 7705//651
f 7705//651 7660//77 7707//77
f 7661//201 7662//1217 7708//750
f 7662//1217 7658//125 7708//750
f 7708//750 7658//125 7704//875
f 7708//750 7704//875 7709//1196
f 7709//1196 7704//875 7710//1227
f 7704//875 7706//193 7710//1227
f 7660//77 7663//1218 7707//77
f 7707//77 7663//1218 7711//77
f 7663//1218 7665//570 7711//77
f 7711//77 7665//570 7712//77
f 7666//42 7661//201 7713//209
f 7713//209 7661//201 7708//750
f 7708//750 7709//1196 7713//209
f 7713//209 7709//1196 7714//1228
f 7665//570 7667//569 7712//77
f 7712//77 7667//569 7715//1218
f 7667//569 7669//1220 7715//1218
f 7715//1218 7669//1220 7716//258
f 7715//1218 7716//258 7717//1229
f 7669//1220 7670//18 7716//258
f 7666//42 7713//209 7671//95
f 7671//95 7713//209 7672//178
f 7672//178 7713//209 7714//1228
f 7672//178 7714//1228 7718//426
f 7672//178 7718//426 7673//451
f 7673//451 7718//426 7719//553
f 7673//451 7719//553 7720//455
f 7673//451 7720//455 7674//808
f 7674//808 7720//455 7721//638
f 7674//808 7721//638 7722//496
f 7674//808 7722//496 7675//149
f 7675//149 7722//496 7723//344
f 7676//174 7724//206 7677//434
f 7677//434 7724//206 7717//1229
f 7677//434 7717//1229 7716//258
f 7677//434 7716//258 7670//18
f 7720//455 7719//553 7725//289
f 7720//455 7725//289 7721//638
f 7675//149 7723//344 7678//103
f 7678//103 7723//344 7726//436
f 7678//103 7726//436 7676//174
f 7676//174 7726//436 7724//206
f 7679//125 7680//146 7727//125
f 7727//125 7680//146 7728//24
f 7680//146 7682//5 7728//24
f 7728//24 7682//5 7729//25
f 7682//5 7683//13 7729//25
f 7729//25 7683//13 7730//1230
f 7684//1221 7685//125 7731//14
f 7731//14 7685//125 7732//125
f 7685//125 7679//125 7732//125
f 7732//125 7679//125 7727//125
f 7686//17 7733//113 7683//13
f 7683//13 7733//113 7730//1230
f 7684//1221 7731//14 7688//227
f 7688//227 7731//14 7734//524
f 7688//227 7734//524 7689//144
f 7689//144 7734//524 7735//344
f 7690//19 7736//114 7686//17
f 7686//17 7736//114 7733//113
f 7689//144 7735//344 7691//22
f 7691//22 7735//344 7737//555
f 7691//22 7737//555 7692//23
f 7692//23 7737//555 7738//23
f 7692//23 7738//23 7690//19
f 7690//19 7738//23 7736//114
f 7739//277 7740//105 7741//1231
f 7739//277 7742//13 7740//105
f 7696//1225 7695//1224 7743//236
f 7743//236 7695//1224 7744//291
f 7695//1224 7698//5 7744//291
f 7744//291 7698//5 7745//1232
f 7698//5 7699//1031 7745//1232
f 7745//1232 7699//1031 7746//1233
f 7745//1232 7746//1233 7741//1231
f 7741//1231 7746//1233 7739//277
f 7739//277 7746//1233 7742//13
f 7742//13 7746//1233 7747//113
f 7700//20 7696//1225 7748//42
f 7748//42 7696//1225 7743//236
f 7701//1226 7749//1063 7702//52
f 7702//52 7749//1063 7699//1031
f 7699//1031 7749//1063 7750//1064
f 7699//1031 7750//1064 7746//1233
f 7746//1233 7750//1064 7747//113
f 7747//113 7750//1064 7751//122
f 7700//20 7748//42 7703//103
f 7703//103 7748//42 7752//264
f 7703//103 7752//264 7701//1226
f 7701//1226 7752//264 7753//1234
f 7701//1226 7753//1234 7749//1063
f 7749//1063 7753//1234 7750//1064
f 7750//1064 7753//1234 7754//251
f 7750//1064 7754//251 7751//122
f 7755//1235 7756//126 7757//945
f 7755//1235 7758//77 7756//126
f 7706//193 7705//651 7759//731
f 7759//731 7705//651 7760//564
f 7705//651 7707//77 7760//564
f 7760//564 7707//77 7761//570
f 7755//1235 7757//945 7762//1236
f 7762//1236 7757//945 7763//492
f 7709//1196 7710//1227 7762//1236
f 7762//1236 7710//1227 7764//1237
f 7762//1236 7764//1237 7755//1235
f 7755//1235 7764//1237 7758//77
f 7710//1227 7706//193 7764//1237
f 7764//1237 7706//193 7759//731
f 7707//77 7711//77 7761//570
f 7761//570 7711//77 7765//991
f 7711//77 7712//77 7765//991
f 7765//991 7712//77 7766//77
f 7762//1236 7763//492 7767//280
f 7767//280 7763//492 7768//390
f 7714//1228 7709//1196 7767//280
f 7767//280 7709//1196 7762//1236
f 7712//77 7715//1218 7766//77
f 7766//77 7715//1218 7769//916
f 7715//1218 7717//1229 7769//916
f 7769//916 7717//1229 7770//811
f 7767//280 7768//390 7771//391
f 7714//1228 7767//280 7718//426
f 7718//426 7767//280 7771//391
f 7718//426 7771//391 7772//403
f 7772//403 7771//391 7773//403
f 7718//426 7772//403 7719//553
f 7721//638 7774//373 7722//496
f 7722//496 7774//373 7723//344
f 7724//206 7775//19 7717//1229
f 7717//1229 7775//19 7770//811
f 7772//403 7773//403 7776//497
f 7719//553 7772//403 7725//289
f 7725//289 7772//403 7776//497
f 7725//289 7776//497 7777//456
f 7725//289 7777//456 7721//638
f 7721//638 7777//456 7778//523
f 7721//638 7778//523 7774//373
f 7723//344 7774//373 7726//436
f 7726//436 7774//373 7778//523
f 7726//436 7778//523 7779//23
f 7726//436 7779//23 7724//206
f 7724//206 7779//23 7775//19
f 7727//125 7728//24 7780//193
f 7780//193 7728//24 7781//291
f 7728//24 7729//25 7781//291
f 7781//291 7729//25 7782//1238
f 7729//25 7730//1230 7782//1238
f 7782//1238 7730//1230 7783//129
f 7782//1238 7783//129 7784//5
f 7783//129 7785//13 7784//5
f 7731//14 7732//125 7786//1239
f 7786//1239 7732//125 7787//193
f 7732//125 7727//125 7787//193
f 7787//193 7727//125 7780//193
f 7733//113 7788//120 7730//1230
f 7730//1230 7788//120 7783//129
f 7783//129 7788//120 7785//13
f 7785//13 7788//120 7789//113
f 7731//14 7786//1239 7734//524
f 7734//524 7786//1239 7790//1240
f 7734//524 7790//1240 7791//527
f 7734//524 7791//527 7735//344
f 7736//114 7792//121 7733//113
f 7733//113 7792//121 7788//120
f 7788//120 7792//121 7789//113
f 7789//113 7792//121 7793//122
f 7791//527 7790//1240 7794//1241
f 7735//344 7791//527 7737//555
f 7737//555 7791//527 7794//1241
f 7737//555 7794//1241 7795//1242
f 7737//555 7795//1242 7738//23
f 7738//23 7795//1242 7796//871
f 7738//23 7796//871 7736//114
f 7736//114 7796//871 7797//84
f 7736//114 7797//84 7792//121
f 7792//121 7797//84 7793//122
f 7741//1231 7740//105 7798//125
f 7798//125 7740//105 7799//126
f 7740//105 7742//13 7799//126
f 7799//126 7742//13 7800//89
f 7743//236 7744//291 7801//1116
f 7744//291 7745//1232 7801//1116
f 7801//1116 7745//1232 7802//693
f 7801//1116 7802//693 7803//1243
f 7745//1232 7741//1231 7802//693
f 7802//693 7741//1231 7798//125
f 7747//113 7804//18 7742//13
f 7742//13 7804//18 7800//89
f 7748//42 7743//236 7805//209
f 7805//209 7743//236 7801//1116
f 7801//1116 7803//1243 7805//209
f 7805//209 7803//1243 7806//772
f 7751//122 7807//19 7747//113
f 7747//113 7807//19 7804//18
f 7748//42 7805//209 7752//264
f 7752//264 7805//209 7753//1234
f 7753//1234 7805//209 7806//772
f 7753//1234 7806//772 7808//95
f 7753//1234 7808//95 7754//251
f 7754//251 7808//95 7809//140
f 7754//251 7809//140 7751//122
f 7751//122 7809//140 7807//19
f 7757//945 7756//126 7810//922
f 7756//126 7758//77 7810//922
f 7759//731 7760//564 7811//849
f 7760//564 7761//570 7811//849
f 7763//492 7757//945 7812//821
f 7812//821 7757//945 7810//922
f 7812//821 7810//922 7813//802
f 7758//77 7764//1237 7810//922
f 7810//922 7764//1237 7814//1244
f 7810//922 7814//1244 7813//802
f 7764//1237 7759//731 7814//1244
f 7814//1244 7759//731 7811//849
f 7814//1244 7811//849 7815//797
f 7761//570 7765//991 7811//849
f 7811//849 7765//991 7816//847
f 7811//849 7816//847 7815//797
f 7765//991 7766//77 7816//847
f 7816//847 7766//77 7817//655
f 7768//390 7763//492 7818//594
f 7818//594 7763//492 7812//821
f 7766//77 7769//916 7817//655
f 7817//655 7769//916 7819//1014
f 7817//655 7819//1014 7820//612
f 7769//916 7770//811 7819//1014
f 7768//390 7818//594 7771//391
f 7771//391 7818//594 7821//595
f 7771//391 7821//595 7822//473
f 7771//391 7822//473 7773//403
f 7819//1014 7823//967 7820//612
f 7775//19 7824//1113 7770//811
f 7770//811 7824//1113 7823//967
f 7770//811 7823//967 7819//1014
f 7822//473 7821//595 7825//643
f 7773//403 7822//473 7776//497
f 7776//497 7822//473 7825//643
f 7776//497 7825//643 7826//368
f 7776//497 7826//368 7777//456
f 7777//456 7826//368 7827//368
f 7777//456 7827//368 7778//523
f 7778//523 7827//368 7828//1245
f 7778//523 7828//1245 7779//23
f 7779//23 7828//1245 7829//64
f 7779//23 7829//64 7775//19
f 7775//19 7829//64 7824//1113
f 7780//193 7781//291 7830//875
f 7781//291 7782//1238 7830//875
f 7830//875 7782//1238 7831//716
f 7830//875 7831//716 7832//717
f 7782//1238 7784//5 7831//716
f 7831//716 7784//5 7833//569
f 7784//5 7785//13 7833//569
f 7833//569 7785//13 7834//811
f 7786//1239 7787//193 7835//750
f 7787//193 7780//193 7835//750
f 7835//750 7780//193 7830//875
f 7835//750 7830//875 7836//694
f 7836//694 7830//875 7837//193
f 7830//875 7832//717 7837//193
f 7789//113 7838//18 7785//13
f 7785//13 7838//18 7834//811
f 7790//1240 7786//1239 7839//209
f 7839//209 7786//1239 7835//750
f 7835//750 7836//694 7839//209
f 7839//209 7836//694 7840//1246
f 7793//122 7841//153 7789//113
f 7789//113 7841//153 7838//18
f 7790//1240 7839//209 7794//1241
f 7794//1241 7839//209 7795//1242
f 7795//1242 7839//209 7840//1246
f 7795//1242 7840//1246 7842//748
f 7842//748 7840//1246 7843//390
f 7795//1242 7842//748 7796//871
f 7796//871 7842//748 7844//638
f 7796//871 7844//638 7845//251
f 7796//871 7845//251 7797//84
f 7797//84 7845//251 7846//324
f 7797//84 7846//324 7793//122
f 7793//122 7846//324 7841//153
f 7842//748 7843//390 7847//496
f 7842//748 7847//496 7844//638
f 7798//125 7799//126 7848//193
f 7848//193 7799//126 7849//564
f 7799//126 7800//89 7849//564
f 7849//564 7800//89 7850//811
f 7803//1243 7802//693 7851//1247
f 7851//1247 7802//693 7852//193
f 7802//693 7798//125 7852//193
f 7852//193 7798//125 7848//193
f 7804//18 7853//18 7800//89
f 7800//89 7853//18 7850//811
f 7806//772 7803//1243 7854//226
f 7854//226 7803//1243 7851//1247
f 7854//226 7851//1247 7855//1099
f 7854//226 7855//1099 7856//239
f 7807//19 7857//19 7804//18
f 7804//18 7857//19 7853//18
f 7806//772 7854//226 7808//95
f 7808//95 7854//226 7809//140
f 7809//140 7854//226 7856//239
f 7809//140 7856//239 7858//103
f 7809//140 7858//103 7807//19
f 7807//19 7858//103 7857//19
f 7812//821 7813//802 7859//192
f 7859//192 7813//802 7860//291
f 7813//802 7814//1244 7860//291
f 7860//291 7814//1244 7861//732
f 7814//1244 7815//797 7861//732
f 7861//732 7815//797 7862//609
f 7861//732 7862//609 7863//799
f 7815//797 7816//847 7862//609
f 7862//609 7816//847 7864//813
f 7816//847 7817//655 7864//813
f 7818//594 7812//821 7865//177
f 7865//177 7812//821 7859//192
f 7862//609 7866//827 7863//799
f 7862//609 7864//813 7866//827
f 7866//827 7864//813 7867//1248
f 7866//827 7867//1248 7868//576
f 7820//612 7867//1248 7817//655
f 7817//655 7867//1248 7864//813
f 7821//595 7818//594 7869//682
f 7869//682 7818//594 7865//177
f 7867//1248 7870//1249 7868//576
f 7868//576 7870//1249 7871//977
f 7820//612 7823//967 7867//1248
f 7867//1248 7823//967 7872//1250
f 7867//1248 7872//1250 7870//1249
f 7823//967 7824//1113 7872//1250
f 7821//595 7869//682 7825//643
f 7825//643 7869//682 7873//472
f 7825//643 7873//472 7874//285
f 7825//643 7874//285 7826//368
f 7826//368 7874//285 7875//373
f 7826//368 7875//373 7827//368
f 7827//368 7875//373 7876//561
f 7827//368 7876//561 7828//1245
f 7828//1245 7876//561 7877//1251
f 7828//1245 7877//1251 7870//1249
f 7870//1249 7877//1251 7871//977
f 7828//1245 7870//1249 7829//64
f 7829//64 7870//1249 7872//1250
f 7829//64 7872//1250 7824//1113
f 7874//285 7873//472 7878//285
f 7874//285 7878//285 7875//373
f 7875//373 7878//285 7879//1252
f 7875//373 7879//1252 7876//561
f 7876//561 7879//1252 7880//870
f 7876//561 7880//870 7877//1251
f 7832//717 7831//716 7881//755
f 7831//716 7833//569 7881//755
f 7881//755 7833//569 7882//609
f 7833//569 7834//811 7882//609
f 7836//694 7837//193 7883//192
f 7883//192 7837//193 7884//853
f 7837//193 7832//717 7884//853
f 7884//853 7832//717 7881//755
f 7884//853 7881//755 7885//635
f 7881//755 7882//609 7885//635
f 7885//635 7882//609 7886//976
f 7838//18 7887//740 7834//811
f 7834//811 7887//740 7886//976
f 7834//811 7886//976 7882//609
f 7840//1246 7836//694 7888//14
f 7888//14 7836//694 7883//192
f 7841//153 7889//18 7838//18
f 7838//18 7889//18 7887//740
f 7843//390 7840//1246 7890//20
f 7890//20 7840//1246 7888//14
f 7844//638 7891//286 7845//251
f 7845//251 7891//286 7846//324
f 7846//324 7891//286 7892//286
f 7846//324 7892//286 7841//153
f 7841//153 7892//286 7893//60
f 7841//153 7893//60 7889//18
f 7843//390 7890//20 7847//496
f 7847//496 7890//20 7894//83
f 7847//496 7894//83 7844//638
f 7844//638 7894//83 7895//1045
f 7844//638 7895//1045 7891//286
f 7891//286 7895//1045 7892//286
f 7892//286 7895//1045 7896//251
f 7892//286 7896//251 7893//60
f 7848//193 7849//564 7897//635
f 7849//564 7850//811 7897//635
f 7851//1247 7852//193 7898//503
f 7852//193 7848//193 7898//503
f 7898//503 7848//193 7897//635
f 7898//503 7897//635 7899//1225
f 7899//1225 7897//635 7900//873
f 7853//18 7901//1253 7850//811
f 7850//811 7901//1253 7900//873
f 7850//811 7900//873 7897//635
f 7851//1247 7898//503 7855//1099
f 7855//1099 7898//503 7856//239
f 7856//239 7898//503 7899//1225
f 7856//239 7899//1225 7902//20
f 7857//19 7903//1254 7853//18
f 7853//18 7903//1254 7901//1253
f 7856//239 7902//20 7858//103
f 7858//103 7902//20 7904//1255
f 7858//103 7904//1255 7857//19
f 7857//19 7904//1255 7903//1254
f 7859//192 7860//291 7905//603
f 7860//291 7861//732 7905//603
f 7905//603 7861//732 7906//848
f 7861//732 7863//799 7906//848
f 7865//177 7859//192 7907//1256
f 7907//1256 7859//192 7905//603
f 7907//1256 7905//603 7908//802
f 7905//603 7906//848 7908//802
f 7908//802 7906//848 7909//680
f 7863//799 7866//827 7906//848
f 7906//848 7866//827 7910//993
f 7906//848 7910//993 7909//680
f 7866//827 7868//576 7910//993
f 7910//993 7868//576 7911//547
f 7912//681 7913//67 7914//138
f 7869//682 7865//177 7912//681
f 7912//681 7865//177 7907//1256
f 7912//681 7907//1256 7913//67
f 7871//977 7915//29 7868//576
f 7868//576 7915//29 7911//547
f 7912//681 7914//138 7916//280
f 7916//280 7914//138 7917//280
f 7873//472 7869//682 7916//280
f 7916//280 7869//682 7912//681
f 7918//39 7919//271 7920//248
f 7877//1251 7918//39 7871//977
f 7871//977 7918//39 7920//248
f 7871//977 7920//248 7915//29
f 7916//280 7917//280 7921//310
f 7873//472 7916//280 7878//285
f 7878//285 7916//280 7921//310
f 7878//285 7921//310 7922//455
f 7922//455 7921//310 7923//495
f 7878//285 7922//455 7879//1252
f 7879//1252 7922//455 7924//683
f 7879//1252 7924//683 7925//1257
f 7879//1252 7925//1257 7880//870
f 7880//870 7925//1257 7919//271
f 7880//870 7919//271 7918//39
f 7880//870 7918//39 7877//1251
f 7922//455 7923//495 7926//316
f 7922//455 7926//316 7924//683
f 7883//192 7884//853 7927//603
f 7884//853 7885//635 7927//603
f 7927//603 7885//635 7928//715
f 7885//635 7886//976 7928//715
f 7928//715 7886//976 7929//905
f 7928//715 7929//905 7930//717
f 7886//976 7887//740 7929//905
f 7929//905 7887//740 7931//811
f 7888//14 7883//192 7932//817
f 7932//817 7883//192 7927//603
f 7932//817 7927//603 7933//603
f 7927//603 7928//715 7933//603
f 7933//603 7928//715 7934//653
f 7928//715 7930//717 7934//653
f 7889//18 7935//18 7887//740
f 7887//740 7935//18 7931//811
f 7890//20 7888//14 7936//20
f 7936//20 7888//14 7932//817
f 7893//60 7937//153 7889//18
f 7889//18 7937//153 7935//18
f 7890//20 7936//20 7894//83
f 7894//83 7936//20 7938//22
f 7894//83 7938//22 7895//1045
f 7895//1045 7938//22 7939//451
f 7895//1045 7939//451 7896//251
f 7896//251 7939//451 7940//324
f 7896//251 7940//324 7893//60
f 7893//60 7940//324 7937//153
f 7899//1225 7900//873 7941//7
f 7941//7 7900//873 7942//146
f 7900//873 7901//1253 7942//146
f 7942//146 7901//1253 7943//129
f 7942//146 7943//129 7944//5
f 7943//129 7945//13 7944//5
f 7902//20 7899//1225 7946//594
f 7946//594 7899//1225 7941//7
f 7903//1254 7947//120 7901//1253
f 7901//1253 7947//120 7943//129
f 7943//129 7947//120 7945//13
f 7945//13 7947//120 7948//113
f 7902//20 7946//594 7904//1255
f 7904//1255 7946//594 7949//595
f 7904//1255 7949//595 7950//1258
f 7904//1255 7950//1258 7903//1254
f 7903//1254 7950//1258 7951//1064
f 7903//1254 7951//1064 7947//120
f 7947//120 7951//1064 7948//113
f 7948//113 7951//1064 7952//122
f 7950//1258 7949//595 7953//428
f 7950//1258 7953//428 7951//1064
f 7951//1064 7953//428 7954//251
f 7951//1064 7954//251 7952//122
f 7907//1256 7908//802 7955//731
f 7955//731 7908//802 7956//291
f 7908//802 7909//680 7956//291
f 7956//291 7909//680 7957//732
f 7909//680 7910//993 7957//732
f 7957//732 7910//993 7958//612
f 7957//732 7958//612 7959//612
f 7910//993 7911//547 7958//612
f 7914//138 7913//67 7960//141
f 7960//141 7913//67 7961//125
f 7913//67 7907//1256 7961//125
f 7961//125 7907//1256 7955//731
f 7958//612 7962//260 7959//612
f 7959//612 7962//260 7963//882
f 7915//29 7962//260 7911//547
f 7911//547 7962//260 7958//612
f 7964//1259 7965//233 7966//275
f 7917//280 7914//138 7964//1259
f 7964//1259 7914//138 7960//141
f 7964//1259 7960//141 7965//233
f 7919//271 7967//885 7920//248
f 7920//248 7967//885 7963//882
f 7920//248 7963//882 7962//260
f 7920//248 7962//260 7915//29
f 7964//1259 7966//275 7968//369
f 7968//369 7966//275 7969//280
f 7917//280 7964//1259 7921//310
f 7921//310 7964//1259 7968//369
f 7921//310 7968//369 7970//476
f 7921//310 7970//476 7923//495
f 7924//683 7971//1021 7925//1257
f 7925//1257 7971//1021 7919//271
f 7919//271 7971//1021 7972//1098
f 7919//271 7972//1098 7967//885
f 7968//369 7969//280 7973//424
f 7968//369 7973//424 7970//476
f 7970//476 7973//424 7974//372
f 7970//476 7974//372 7975//369
f 7923//495 7970//476 7926//316
f 7926//316 7970//476 7975//369
f 7926//316 7975//369 7976//286
f 7926//316 7976//286 7924//683
f 7924//683 7976//286 7977//62
f 7924//683 7977//62 7971//1021
f 7971//1021 7977//62 7978//434
f 7971//1021 7978//434 7972//1098
f 7975//369 7974//372 7979//362
f 7975//369 7979//362 7976//286
f 7976//286 7979//362 7980//251
f 7976//286 7980//251 7977//62
f 7930//717 7929//905 7981//812
f 7929//905 7931//811 7981//812
f 7932//817 7933//603 7982//875
f 7933//603 7934//653 7982//875
f 7982//875 7934//653 7983//776
f 7982//875 7983//776 7984//753
f 7934//653 7930//717 7983//776
f 7983//776 7930//717 7981//812
f 7983//776 7981//812 7985//976
f 7935//18 7986//740 7931//811
f 7931//811 7986//740 7985//976
f 7931//811 7985//976 7981//812
f 7936//20 7932//817 7987//901
f 7987//901 7932//817 7982//875
f 7987//901 7982//875 7988//1027
f 7982//875 7984//753 7988//1027
f 7937//153 7989//18 7935//18
f 7935//18 7989//18 7986//740
f 7936//20 7987//901 7938//22
f 7938//22 7987//901 7990//685
f 7938//22 7990//685 7939//451
f 7939//451 7990//685 7991//1042
f 7939//451 7991//1042 7992//285
f 7939//451 7992//285 7940//324
f 7940//324 7992//285 7993//286
f 7940//324 7993//286 7937//153
f 7937//153 7993//286 7994//60
f 7937//153 7994//60 7989//18
f 7992//285 7991//1042 7995//428
f 7992//285 7995//428 7993//286
f 7993//286 7995//428 7996//251
f 7993//286 7996//251 7994//60
f 7941//7 7942//146 7997//192
f 7997//192 7942//146 7998//291
f 7942//146 7944//5 7998//291
f 7998//291 7944//5 7999//569
f 7944//5 7945//13 7999//569
f 7999//569 7945//13 8000//811
f 7946//594 7941//7 8001//14
f 8001//14 7941//7 7997//192
f 7948//113 8002//18 7945//13
f 7945//13 8002//18 8000//811
f 7949//595 7946//594 8003//20
f 8003//20 7946//594 8001//14
f 7952//122 8004//19 7948//113
f 7948//113 8004//19 8002//18
f 7949//595 8003//20 7953//428
f 7953//428 8003//20 8005//22
f 7953//428 8005//22 7954//251
f 7954//251 8005//22 8006//23
f 7954//251 8006//23 7952//122
f 7952//122 8006//23 8004//19
f 7955//731 7956//291 8007//755
f 7956//291 7957//732 8007//755
f 8007//755 7957//732 8008//813
f 7957//732 7959//612 8008//813
f 7960//141 7961//125 8009//731
f 8009//731 7961//125 8010//853
f 7961//125 7955//731 8010//853
f 8010//853 7955//731 8007//755
f 8010//853 8007//755 8011//777
f 8007//755 8008//813 8011//777
f 8011//777 8008//813 8012//879
f 8011//777 8012//879 8013//799
f 7963//882 8012//879 7959//612
f 7959//612 8012//879 8008//813
f 8014//988 8015//410 8016//411
f 7966//275 7965//233 8014//988
f 8014//988 7965//233 8017//1260
f 8014//988 8017//1260 8015//410
f 7965//233 7960//141 8017//1260
f 8017//1260 7960//141 8009//731
f 8012//879 8018//967 8013//799
f 7967//885 8019//1113 7963//882
f 7963//882 8019//1113 8018//967
f 7963//882 8018//967 8012//879
f 8014//988 8016//411 8020//1261
f 8020//1261 8016//411 8021//275
f 7969//280 7966//275 8020//1261
f 8020//1261 7966//275 8014//988
f 8022//39 8023//205 8024//248
f 7972//1098 8022//39 7967//885
f 7967//885 8022//39 8024//248
f 7967//885 8024//248 8019//1113
f 8025//338 8026//97 8027//276
f 8025//338 8028//287 8026//97
f 8026//97 8028//287 8029//544
f 8028//287 8030//1262 8029//544
f 8029//544 8030//1262 8020//1261
f 8029//544 8020//1261 8021//275
f 7969//280 8020//1261 7973//424
f 7973//424 8020//1261 8030//1262
f 7973//424 8030//1262 8031//285
f 7973//424 8031//285 7974//372
f 7977//62 8032//206 7978//434
f 7978//434 8032//206 8023//205
f 7978//434 8023//205 8022//39
f 7978//434 8022//39 7972//1098
f 8025//338 8027//276 8033//314
f 8025//338 8033//314 8028//287
f 8028//287 8033//314 8034//373
f 8028//287 8034//373 8030//1262
f 8030//1262 8034//373 8035//1252
f 8030//1262 8035//1252 8031//285
f 8031//285 8035//1252 8036//451
f 7974//372 8031//285 7979//362
f 7979//362 8031//285 8036//451
f 7979//362 8036//451 8037//103
f 7979//362 8037//103 7980//251
f 7980//251 8037//103 8038//23
f 7980//251 8038//23 7977//62
f 7977//62 8038//23 8032//206
f 7984//753 7983//776 8039//875
f 7983//776 7985//976 8039//875
f 8039//875 7985//976 8040//905
f 8039//875 8040//905 8041//717
f 7985//976 7986//740 8040//905
f 8040//905 7986//740 8042//565
f 7987//901 7988//1027 8043//503
f 7988//1027 7984//753 8043//503
f 8043//503 7984//753 8039//875
f 8043//503 8039//875 8044//1225
f 8044//1225 8039//875 8045//193
f 8039//875 8041//717 8045//193
f 7989//18 8046//113 7986//740
f 7986//740 8046//113 8042//565
f 7987//901 8043//503 7990//685
f 7990//685 8043//503 7991//1042
f 7991//1042 8043//503 8044//1225
f 7991//1042 8044//1225 8047//20
f 7994//60 8048//1254 7989//18
f 7989//18 8048//1254 8046//113
f 7991//1042 8047//20 7995//428
f 7995//428 8047//20 8049//22
f 7995//428 8049//22 7996//251
f 7996//251 8049//22 8050//824
f 7996//251 8050//824 7994//60
f 7994//60 8050//824 8048//1254
f 7997//192 7998//291 8051//603
f 7998//291 7999//569 8051//603
f 8051//603 7999//569 8052//609
f 7999//569 8000//811 8052//609
f 8001//14 7997//192 8053//201
f 8053//201 7997//192 8051//603
f 8053//201 8051//603 8054//603
f 8051//603 8052//609 8054//603
f 8054//603 8052//609 8055//976
f 8002//18 8056//740 8000//811
f 8000//811 8056//740 8055//976
f 8000//811 8055//976 8052//609
f 8003//20 8001//14 8057//42
f 8057//42 8001//14 8053//201
f 8004//19 8058//153 8002//18
f 8002//18 8058//153 8056//740
f 8003//20 8057//42 8005//22
f 8005//22 8057//42 8059//95
f 8005//22 8059//95 8006//23
f 8006//23 8059//95 8060//1263
f 8006//23 8060//1263 8004//19
f 8004//19 8060//1263 8058//153
f 8009//731 8010//853 8061//755
f 8010//853 8011//777 8061//755
f 8061//755 8011//777 8062//609
f 8011//777 8013//799 8062//609
f 8016//411 8015//410 8063//437
f 8015//410 8017//1260 8063//437
f 8063//437 8017//1260 8064//776
f 8063//437 8064//776 8065//202
f 8017//1260 8009//731 8064//776
f 8064//776 8009//731 8061//755
f 8064//776 8061//755 8066//635
f 8061//755 8062//609 8066//635
f 8066//635 8062//609 8067//609
f 8013//799 8018//967 8062//609
f 8062//609 8018//967 8068//258
f 8062//609 8068//258 8067//609
f 8067//609 8068//258 8069//1264
f 8018//967 8019//1113 8068//258
f 8070//1265 8071//1266 8072//125
f 8021//275 8016//411 8070//1265
f 8070//1265 8016//411 8063//437
f 8070//1265 8063//437 8071//1266
f 8071//1266 8063//437 8073//603
f 8063//437 8065//202 8073//603
f 8023//205 8074//1137 8024//248
f 8024//248 8074//1137 8069//1264
f 8024//248 8069//1264 8068//258
f 8024//248 8068//258 8019//1113
f 8075//1267 8076//97 8077//1268
f 8027//276 8026//97 8075//1267
f 8075//1267 8026//97 8078//1269
f 8075//1267 8078//1269 8076//97
f 8026//97 8029//544 8078//1269
f 8078//1269 8029//544 8070//1265
f 8078//1269 8070//1265 8072//125
f 8029//544 8021//275 8070//1265
f 8032//206 8079//29 8023//205
f 8023//205 8079//29 8074//1137
f 8075//1267 8077//1268 8080//369
f 8080//369 8077//1268 8081//1270
f 8027//276 8075//1267 8033//314
f 8033//314 8075//1267 8080//369
f 8033//314 8080//369 8082//373
f 8033//314 8082//373 8034//373
f 8034//373 8082//373 8083//561
f 8034//373 8083//561 8035//1252
f 8035//1252 8083//561 8084//930
f 8035//1252 8084//930 8085//1271
f 8035//1252 8085//1271 8036//451
f 8036//451 8085//1271 8086//103
f 8036//451 8086//103 8037//103
f 8037//103 8086//103 8087//103
f 8037//103 8087//103 8038//23
f 8038//23 8087//103 8088//31
f 8038//23 8088//31 8032//206
f 8032//206 8088//31 8079//29
f 8080//369 8081//1270 8089//728
f 8080//369 8089//728 8082//373
f 8082//373 8089//728 8090//103
f 8082//373 8090//103 8083//561
f 8083//561 8090//103 8091//73
f 8083//561 8091//73 8084//930
f 8041//717 8040//905 8092//1272
f 8040//905 8042//565 8092//1272
f 8044//1225 8045//193 8093//192
f 8093//192 8045//193 8094//853
f 8045//193 8041//717 8094//853
f 8094//853 8041//717 8092//1272
f 8094//853 8092//1272 8095//1165
f 8046//113 8096//118 8042//565
f 8042//565 8096//118 8097//1273
f 8042//565 8097//1273 8092//1272
f 8092//1272 8097//1273 8095//1165
f 8096//118 8098//13 8097//1273
f 8047//20 8044//1225 8099//20
f 8099//20 8044//1225 8093//192
f 8048//1254 8100//120 8046//113
f 8046//113 8100//120 8096//118
f 8096//118 8100//120 8098//13
f 8098//13 8100//120 8101//113
f 8047//20 8099//20 8049//22
f 8049//22 8099//20 8102//498
f 8049//22 8102//498 8050//824
f 8050//824 8102//498 8103//344
f 8050//824 8103//344 8104//1274
f 8050//824 8104//1274 8048//1254
f 8048//1254 8104//1274 8105//1064
f 8048//1254 8105//1064 8100//120
f 8100//120 8105//1064 8101//113
f 8101//113 8105//1064 8106//122
f 8104//1274 8103//344 8107//428
f 8104//1274 8107//428 8105//1064
f 8105//1064 8107//428 8108//251
f 8105//1064 8108//251 8106//122
f 8053//201 8054//603 8109//1116
f 8054//603 8055//976 8109//1116
f 8109//1116 8055//976 8110//651
f 8109//1116 8110//651 8111//694
f 8055//976 8056//740 8110//651
f 8110//651 8056//740 8112//181
f 8057//42 8053//201 8113//209
f 8113//209 8053//201 8109//1116
f 8109//1116 8111//694 8113//209
f 8113//209 8111//694 8114//1246
f 8058//153 8115//148 8056//740
f 8056//740 8115//148 8112//181
f 8057//42 8113//209 8059//95
f 8059//95 8113//209 8060//1263
f 8060//1263 8113//209 8114//1246
f 8060//1263 8114//1246 8116//1275
f 8116//1275 8114//1246 8117//390
f 8060//1263 8116//1275 8058//153
f 8058//153 8116//1275 8118//60
f 8058//153 8118//60 8115//148
f 8116//1275 8117//390 8119//496
f 8116//1275 8119//496 8118//60
f 8065//202 8064//776 8120//603
f 8064//776 8066//635 8120//603
f 8120//603 8066//635 8121//635
f 8066//635 8067//609 8121//635
f 8121//635 8067//609 8122//813
f 8067//609 8069//1264 8122//813
f 8072//125 8071//1266 8123//881
f 8071//1266 8073//603 8123//881
f 8123//881 8073//603 8124//1276
f 8073//603 8065//202 8124//1276
f 8124//1276 8065//202 8120//603
f 8124//1276 8120//603 8125//902
f 8125//902 8120//603 8126//603
f 8120//603 8121//635 8126//603
f 8126//603 8121//635 8127//777
f 8121//635 8122//813 8127//777
f 8127//777 8122//813 8128//816
f 8127//777 8128//816 8129//612
f 8074//1137 8128//816 8069//1264
f 8069//1264 8128//816 8122//813
f 8130//299 8131//97 8132//1268
f 8130//299 8133//1277 8131//97
f 8131//97 8133//1277 8134//1278
f 8077//1268 8076//97 8133//1277
f 8133//1277 8076//97 8135//1279
f 8133//1277 8135//1279 8134//1278
f 8076//97 8078//1269 8135//1279
f 8135//1279 8078//1269 8136//971
f 8135//1279 8136//971 8137//1280
f 8078//1269 8072//125 8136//971
f 8136//971 8072//125 8123//881
f 8136//971 8123//881 8138//1281
f 8123//881 8124//1276 8138//1281
f 8138//1281 8124//1276 8139//902
f 8138//1281 8139//902 8140//503
f 8124//1276 8125//902 8139//902
f 8128//816 8141//260 8129//612
f 8129//612 8141//260 8142//260
f 8079//29 8141//260 8074//1137
f 8074//1137 8141//260 8128//816
f 8130//299 8132//1268 8143//357
f 8143//357 8132//1268 8144//1270
f 8130//299 8143//357 8133//1277
f 8133//1277 8143//357 8145//1282
f 8081//1270 8077//1268 8146//1283
f 8146//1283 8077//1268 8133//1277
f 8146//1283 8133//1277 8147//1284
f 8147//1284 8133//1277 8145//1282
f 8147//1284 8145//1282 8148//21
f 8146//1283 8147//1284 8149//1285
f 8149//1285 8147//1284 8137//1280
f 8149//1285 8137//1280 8136//971
f 8136//971 8138//1281 8149//1285
f 8149//1285 8138//1281 8150//1206
f 8084//930 8150//1206 8085//1271
f 8085//1271 8150//1206 8138//1281
f 8085//1271 8138//1281 8151//1286
f 8151//1286 8138//1281 8140//503
f 8085//1271 8151//1286 8086//103
f 8086//103 8151//1286 8152//178
f 8086//103 8152//178 8087//103
f 8087//103 8152//178 8153//109
f 8087//103 8153//109 8088//31
f 8088//31 8153//109 8142//260
f 8088//31 8142//260 8141//260
f 8088//31 8141//260 8079//29
f 8143//357 8144//1270 8154//728
f 8143//357 8154//728 8145//1282
f 8145//1282 8154//728 8155//73
f 8081//1270 8146//1283 8089//728
f 8145//1282 8155//73 8148//21
f 8089//728 8146//1283 8090//103
f 8090//103 8146//1283 8149//1285
f 8090//103 8149//1285 8091//73
f 8091//73 8149//1285 8150//1206
f 8091//73 8150//1206 8084//930
f 8093//192 8094//853 8156//875
f 8094//853 8095//1165 8156//875
f 8156//875 8095//1165 8157//716
f 8156//875 8157//716 8158//753
f 8095//1165 8097//1273 8157//716
f 8157//716 8097//1273 8159//1010
f 8097//1273 8098//13 8159//1010
f 8159//1010 8098//13 8160//89
f 8099//20 8093//192 8161//901
f 8161//901 8093//192 8156//875
f 8161//901 8156//875 8162//1027
f 8156//875 8158//753 8162//1027
f 8101//113 8163//18 8098//13
f 8098//13 8163//18 8160//89
f 8099//20 8161//901 8102//498
f 8102//498 8161//901 8164//227
f 8102//498 8164//227 8103//344
f 8103//344 8164//227 8165//249
f 8106//122 8166//19 8101//113
f 8101//113 8166//19 8163//18
f 8103//344 8165//249 8107//428
f 8107//428 8165//249 8167//22
f 8107//428 8167//22 8108//251
f 8108//251 8167//22 8168//23
f 8108//251 8168//23 8106//122
f 8106//122 8168//23 8166//19
f 8111//694 8110//651 8169//7
f 8169//7 8110//651 8170//126
f 8110//651 8112//181 8170//126
f 8170//126 8112//181 8171//77
f 8114//1246 8111//694 8172//14
f 8172//14 8111//694 8169//7
f 8115//148 8173//48 8112//181
f 8112//181 8173//48 8174//80
f 8112//181 8174//80 8171//77
f 8173//48 8175//288 8174//80
f 8117//390 8114//1246 8176//20
f 8176//20 8114//1246 8172//14
f 8118//60 8177//174 8115//148
f 8115//148 8177//174 8178//62
f 8115//148 8178//62 8173//48
f 8173//48 8178//62 8175//288
f 8117//390 8176//20 8119//496
f 8119//496 8176//20 8179//103
f 8119//496 8179//103 8118//60
f 8118//60 8179//103 8177//174
f 8125//902 8126//603 8180//603
f 8126//603 8127//777 8180//603
f 8180//603 8127//777 8181//813
f 8127//777 8129//612 8181//813
f 8182//1287 8183//97 8184//276
f 8132//1268 8131//97 8182//1287
f 8182//1287 8131//97 8185//1288
f 8182//1287 8185//1288 8183//97
f 8131//97 8134//1278 8185//1288
f 8185//1288 8134//1278 8186//1289
f 8185//1288 8186//1289 8187//1280
f 8134//1278 8135//1279 8186//1289
f 8186//1289 8135//1279 8188//581
f 8135//1279 8137//1280 8188//581
f 8140//503 8139//902 8189//1290
f 8139//902 8125//902 8189//1290
f 8189//1290 8125//902 8180//603
f 8189//1290 8180//603 8190//1291
f 8190//1291 8180//603 8191//815
f 8180//603 8181//813 8191//815
f 8191//815 8181//813 8192//1292
f 8191//815 8192//1292 8193//258
f 8142//260 8192//1292 8129//612
f 8129//612 8192//1292 8181//813
f 8182//1287 8184//276 8194//362
f 8144//1270 8132//1268 8195//1283
f 8195//1283 8132//1268 8182//1287
f 8195//1283 8182//1287 8196//1293
f 8196//1293 8182//1287 8194//362
f 8195//1283 8196//1293 8197//1294
f 8197//1294 8196//1293 8187//1280
f 8197//1294 8187//1280 8186//1289
f 8148//21 8197//1294 8147//1284
f 8147//1284 8197//1294 8186//1289
f 8147//1284 8186//1289 8188//581
f 8147//1284 8188//581 8137//1280
f 8140//503 8189//1290 8151//1286
f 8151//1286 8189//1290 8152//178
f 8152//178 8189//1290 8190//1291
f 8152//178 8190//1291 8198//44
f 8152//178 8198//44 8153//109
f 8153//109 8198//44 8193//258
f 8153//109 8193//258 8192//1292
f 8153//109 8192//1292 8142//260
f 8144//1270 8195//1283 8154//728
f 8154//728 8195//1283 8155//73
f 8155//73 8195//1283 8197//1294
f 8155//73 8197//1294 8148//21
f 8158//753 8157//716 8199//875
f 8157//716 8159//1010 8199//875
f 8199//875 8159//1010 8200//651
f 8199//875 8200//651 8201//850
f 8159//1010 8160//89 8200//651
f 8200//651 8160//89 8202//89
f 8161//901 8162//1027 8203//503
f 8162//1027 8158//753 8203//503
f 8203//503 8158//753 8199//875
f 8203//503 8199//875 8204//1295
f 8204//1295 8199//875 8205//1027
f 8199//875 8201//850 8205//1027
f 8163//18 8206//18 8160//89
f 8160//89 8206//18 8202//89
f 8161//901 8203//503 8164//227
f 8164//227 8203//503 8165//249
f 8165//249 8203//503 8204//1295
f 8165//249 8204//1295 8207//42
f 8166//19 8208//19 8163//18
f 8163//18 8208//19 8206//18
f 8165//249 8207//42 8167//22
f 8167//22 8207//42 8209//95
f 8167//22 8209//95 8168//23
f 8168//23 8209//95 8210//140
f 8168//23 8210//140 8166//19
f 8166//19 8210//140 8208//19
f 8169//7 8170//126 8211//7
f 8211//7 8170//126 8212//126
f 8170//126 8171//77 8212//126
f 8212//126 8171//77 8213//77
f 8172//14 8169//7 8214//38
f 8214//38 8169//7 8211//7
f 8171//77 8174//80 8213//77
f 8213//77 8174//80 8215//77
f 8174//80 8175//288 8215//77
f 8215//77 8175//288 8216//322
f 8176//20 8172//14 8217//42
f 8217//42 8172//14 8214//38
f 8177//174 8218//30 8178//62
f 8178//62 8218//30 8219//1296
f 8178//62 8219//1296 8175//288
f 8175//288 8219//1296 8216//322
f 8176//20 8217//42 8179//103
f 8179//103 8217//42 8220//65
f 8179//103 8220//65 8177//174
f 8177//174 8220//65 8218//30
f 8221//319 8222//97 8223//276
f 8184//276 8183//97 8221//319
f 8221//319 8183//97 8224//1297
f 8221//319 8224//1297 8222//97
f 8183//97 8185//1288 8224//1297
f 8224//1297 8185//1288 8225//258
f 8224//1297 8225//258 8226//1298
f 8185//1288 8187//1280 8225//258
f 8190//1291 8191//815 8227//406
f 8191//815 8193//258 8227//406
f 8221//319 8223//276 8228//400
f 8184//276 8221//319 8194//362
f 8194//362 8221//319 8228//400
f 8194//362 8228//400 8229//1299
f 8194//362 8229//1299 8196//1293
f 8196//1293 8229//1299 8226//1298
f 8196//1293 8226//1298 8225//258
f 8196//1293 8225//258 8187//1280
f 8230//287 8231//105 8232//397
f 8190//1291 8227//406 8198//44
f 8230//287 8233//288 8231//105
f 8198//44 8227//406 8193//258
f 8230//287 8232//397 8234//496
f 8230//287 8234//496 8233//288
f 8201//850 8200//651 8235//1034
f 8235//1034 8200//651 8236//564
f 8200//651 8202//89 8236//564
f 8236//564 8202//89 8237//565
f 8204//1295 8205//1027 8238//207
f 8205//1027 8201//850 8238//207
f 8238//207 8201//850 8235//1034
f 8238//207 8235//1034 8239//208
f 8206//18 8240//113 8202//89
f 8202//89 8240//113 8237//565
f 8207//42 8204//1295 8241//209
f 8241//209 8204//1295 8238//207
f 8238//207 8239//208 8241//209
f 8241//209 8239//208 8242//210
f 8208//19 8243//114 8206//18
f 8206//18 8243//114 8240//113
f 8207//42 8241//209 8209//95
f 8209//95 8241//209 8210//140
f 8210//140 8241//209 8242//210
f 8210//140 8242//210 8244//103
f 8210//140 8244//103 8208//19
f 8208//19 8244//103 8243//114
f 8211//7 8212//126 8245//236
f 8245//236 8212//126 8246//564
f 8212//126 8213//77 8246//564
f 8246//564 8213//77 8247//570
f 8214//38 8211//7 8248//1300
f 8248//1300 8211//7 8245//236
f 8213//77 8215//77 8247//570
f 8247//570 8215//77 8249//570
f 8215//77 8216//322 8249//570
f 8249//570 8216//322 8250//565
f 8217//42 8214//38 8251//55
f 8251//55 8214//38 8248//1300
f 8251//55 8248//1300 8252//1301
f 8218//30 8251//55 8219//1296
f 8219//1296 8251//55 8252//1301
f 8219//1296 8252//1301 8253//373
f 8253//373 8252//1301 8254//1302
f 8219//1296 8253//373 8216//322
f 8216//322 8253//373 8255//1303
f 8216//322 8255//1303 8250//565
f 8217//42 8251//55 8220//65
f 8220//65 8251//55 8218//30
f 8253//373 8254//1302 8256//496
f 8253//373 8256//496 8255//1303
f 8257//1235 8258//105 8259//3
f 8257//1235 8260//46 8258//105
f 8257//1235 8259//3 8261//1304
f 8261//1304 8259//3 8262//390
f 8223//276 8222//97 8261//1304
f 8261//1304 8222//97 8263//467
f 8261//1304 8263//467 8257//1235
f 8257//1235 8263//467 8260//46
f 8222//97 8224//1297 8263//467
f 8263//467 8224//1297 8264//1305
f 8224//1297 8226//1298 8264//1305
f 8264//1305 8226//1298 8265//578
f 8261//1304 8262//390 8266//344
f 8223//276 8261//1304 8228//400
f 8228//400 8261//1304 8266//344
f 8228//400 8266//344 8267//455
f 8267//455 8266//344 8268//1306
f 8228//400 8267//455 8229//1299
f 8229//1299 8267//455 8269//930
f 8229//1299 8269//930 8270//30
f 8229//1299 8270//30 8226//1298
f 8226//1298 8270//30 8265//578
f 8232//397 8231//105 8271//1307
f 8271//1307 8231//105 8272//564
f 8231//105 8233//288 8272//564
f 8272//564 8233//288 8273//578
f 8267//455 8268//1306 8274//103
f 8267//455 8274//103 8269//930
f 8232//397 8271//1307 8234//496
f 8234//496 8271//1307 8275//65
f 8234//496 8275//65 8233//288
f 8233//288 8275//65 8273//578
f 8235//1034 8236//564 8276//600
f 8236//564 8237//565 8276//600
f 8239//208 8235//1034 8277//201
f 8277//201 8235//1034 8276//600
f 8277//201 8276//600 8278//603
f 8240//113 8279//118 8237//565
f 8237//565 8279//118 8280//1308
f 8237//565 8280//1308 8276//600
f 8276//600 8280//1308 8278//603
f 8279//118 8281//245 8280//1308
f 8242//210 8239//208 8282//42
f 8282//42 8239//208 8277//201
f 8243//114 8283//121 8240//113
f 8240//113 8283//121 8279//118
f 8279//118 8283//121 8281//245
f 8281//245 8283//121 8284//1309
f 8242//210 8282//42 8244//103
f 8244//103 8282//42 8285//264
f 8244//103 8285//264 8243//114
f 8243//114 8285//264 8286//1310
f 8243//114 8286//1310 8283//121
f 8283//121 8286//1310 8284//1309
f 8245//236 8246//564 8287//1311
f 8246//564 8247//570 8287//1311
f 8248//1300 8245//236 8288//1312
f 8288//1312 8245//236 8287//1311
f 8247//570 8249//570 8287//1311
f 8287//1311 8249//570 8289//1313
f 8287//1311 8289//1313 8288//1312
f 8249//570 8250//565 8289//1313
f 8248//1300 8288//1312 8252//1301
f 8252//1301 8288//1312 8254//1302
f 8254//1302 8288//1312 8289//1313
f 8254//1302 8289//1313 8290//1314
f 8290//1314 8289//1313 8291//603
f 8255//1303 8292//48 8250//565
f 8250//565 8292//48 8293//605
f 8250//565 8293//605 8289//1313
f 8289//1313 8293//605 8291//603
f 8292//48 8294//288 8293//605
f 8254//1302 8290//1314 8256//496
f 8256//496 8290//1314 8295//264
f 8256//496 8295//264 8255//1303
f 8255//1303 8295//264 8296//265
f 8255//1303 8296//265 8292//48
f 8292//48 8296//265 8294//288
f 8259//3 8258//105 8297//7
f 8297//7 8258//105 8298//146
f 8258//105 8260//46 8298//146
f 8298//146 8260//46 8299//1315
f 8298//146 8299//1315 8300//867
f 8299//1315 8301//1316 8300//867
f 8262//390 8259//3 8302//20
f 8302//20 8259//3 8297//7
f 8260//46 8263//467 8299//1315
f 8263//467 8264//1305 8299//1315
f 8299//1315 8264//1305 8303//1123
f 8299//1315 8303//1123 8301//1316
f 8301//1316 8303//1123 8304//260
f 8264//1305 8265//578 8303//1123
f 8262//390 8302//20 8266//344
f 8266//344 8302//20 8305//212
f 8266//344 8305//212 8268//1306
f 8268//1306 8305//212 8306//1317
f 8268//1306 8306//1317 8307//164
f 8269//930 8307//164 8270//30
f 8270//30 8307//164 8306//1317
f 8270//30 8306//1317 8303//1123
f 8303//1123 8306//1317 8304//260
f 8270//30 8303//1123 8265//578
f 8308//287 8309//105 8310//397
f 8271//1307 8272//564 8311//406
f 8308//287 8312//1015 8309//105
f 8272//564 8273//578 8311//406
f 8268//1306 8307//164 8274//103
f 8274//103 8307//164 8269//930
f 8308//287 8310//397 8313//593
f 8271//1307 8311//406 8275//65
f 8308//287 8313//593 8312//1015
f 8275//65 8311//406 8273//578
f 8277//201 8278//603 8314//1127
f 8278//603 8280//1308 8314//1127
f 8314//1127 8280//1308 8315//657
f 8280//1308 8281//245 8315//657
f 8316//287 8317//126 8318//14
f 8316//287 8319//18 8317//126
f 8282//42 8277//201 8320//1176
f 8320//1176 8277//201 8314//1127
f 8314//1127 8315//657 8320//1176
f 8320//1176 8315//657 8321//616
f 8284//1309 8321//616 8281//245
f 8281//245 8321//616 8315//657
f 8316//287 8318//14 8322//103
f 8316//287 8322//103 8319//18
f 8282//42 8320//1176 8285//264
f 8285//264 8320//1176 8286//1310
f 8286//1310 8320//1176 8321//616
f 8286//1310 8321//616 8284//1309
f 8290//1314 8291//603 8323//1318
f 8291//603 8293//605 8323//1318
f 8323//1318 8293//605 8324//651
f 8323//1318 8324//651 8325//1319
f 8293//605 8294//288 8324//651
f 8324//651 8294//288 8326//18
f 8290//1314 8323//1318 8295//264
f 8295//264 8323//1318 8296//265
f 8296//265 8323//1318 8325//1319
f 8296//265 8325//1319 8327//103
f 8296//265 8327//103 8294//288
f 8294//288 8327//103 8326//18
f 8297//7 8298//146 8328//1213
f 8328//1213 8298//146 8329//1320
f 8298//146 8300//867 8329//1320
f 8329//1320 8300//867 8330//612
f 8329//1320 8330//612 8331//1321
f 8300//867 8301//1316 8330//612
f 8302//20 8297//7 8332//42
f 8332//42 8297//7 8328//1213
f 8330//612 8333//260 8331//1321
f 8331//1321 8333//260 8334//260
f 8304//260 8333//260 8301//1316
f 8301//1316 8333//260 8330//612
f 8302//20 8332//42 8305//212
f 8305//212 8332//42 8335//44
f 8305//212 8335//44 8306//1317
f 8306//1317 8335//44 8334//260
f 8306//1317 8334//260 8333//260
f 8306//1317 8333//260 8304//260
f 8310//397 8309//105 8336//1322
f 8336//1322 8309//105 8337//564
f 8309//105 8312//1015 8337//564
f 8337//564 8312//1015 8338//811
f 8310//397 8336//1322 8313//593
f 8313//593 8336//1322 8339//472
f 8313//593 8339//472 8340//373
f 8313//593 8340//373 8312//1015
f 8312//1015 8340//373 8341//60
f 8312//1015 8341//60 8338//811
f 8340//373 8339//472 8342//289
f 8340//373 8342//289 8341//60
f 8318//14 8317//126 8343//406
f 8317//126 8319//18 8343//406
f 8318//14 8343//406 8322//103
f 8322//103 8343//406 8319//18
f 8325//1319 8324//651 8344//14
f 8344//14 8324//651 8345//126
f 8324//651 8326//18 8345//126
f 8345//126 8326//18 8346//1323
f 8325//1319 8344//14 8327//103
f 8327//103 8344//14 8347//103
f 8327//103 8347//103 8326//18
f 8326//18 8347//103 8346//1323
f 8328//1213 8329//1320 8348//1247
f 8348//1247 8329//1320 8349//564
f 8329//1320 8331//1321 8349//564
f 8349//564 8331//1321 8350//578
f 8332//42 8328//1213 8351//1324
f 8351//1324 8328//1213 8348//1247
f 8351//1324 8348//1247 8352//242
f 8334//260 8351//1324 8331//1321
f 8331//1321 8351//1324 8352//242
f 8331//1321 8352//242 8350//578
f 8332//42 8351//1324 8335//44
f 8335//44 8351//1324 8334//260
f 8336//1322 8337//564 8353//1325
f 8337//564 8338//811 8353//1325
f 8354//1326 8355//1327 8356//397
f 8339//472 8336//1322 8354//1326
f 8354//1326 8336//1322 8353//1325
f 8354//1326 8353//1325 8355//1327
f 8355//1327 8353//1325 8357//925
f 8341//60 8358//1113 8338//811
f 8338//811 8358//1113 8357//925
f 8338//811 8357//925 8353//1325
f 8354//1326 8356//397 8359//452
f 8339//472 8354//1326 8342//289
f 8342//289 8354//1326 8359//452
f 8342//289 8359//452 8360//31
f 8342//289 8360//31 8341//60
f 8341//60 8360//31 8358//1113
f 8344//14 8345//126 8361//1307
f 8361//1307 8345//126 8362//1328
f 8345//126 8346//1323 8362//1328
f 8362//1328 8346//1323 8363//1030
f 8362//1328 8363//1030 8364//412
f 8363//1030 8365//1329 8364//412
f 8344//14 8361//1307 8347//103
f 8347//103 8361//1307 8366//264
f 8347//103 8366//264 8346//1323
f 8346//1323 8366//264 8367//265
f 8346//1323 8367//265 8363//1030
f 8363//1030 8367//265 8365//1329
f 8348//1247 8349//564 8368//406
f 8349//564 8350//578 8368//406
f 8348//1247 8368//406 8352//242
f 8352//242 8368//406 8350//578
f 8356//397 8355//1327 8369//1330
f 8369//1330 8355//1327 8370//1331
f 8355//1327 8357//925 8370//1331
f 8370//1331 8357//925 8371//258
f 8370//1331 8371//258 8372//1298
f 8357//925 8358//1113 8371//258
f 8356//397 8369//1330 8359//452
f 8359//452 8369//1330 8373//1332
f 8359//452 8373//1332 8360//31
f 8360//31 8373//1332 8372//1298
f 8360//31 8372//1298 8371//258
f 8360//31 8371//258 8358//1113
f 8361//1307 8362//1328 8374//1318
f 8362//1328 8364//412 8374//1318
f 8374//1318 8364//412 8375//1333
f 8374//1318 8375//1333 8376//1319
f 8364//412 8365//1329 8375//1333
f 8375//1333 8365//1329 8377//1334
f 8375//1333 8377//1334 8378//5
f 8377//1334 8379//13 8378//5
f 8361//1307 8374//1318 8366//264
f 8366//264 8374//1318 8367//265
f 8367//265 8374//1318 8376//1319
f 8367//265 8376//1319 8380//1335
f 8367//265 8380//1335 8365//1329
f 8365//1329 8380//1335 8381//1336
f 8365//1329 8381//1336 8377//1334
f 8377//1334 8381//1336 8382//897
f 8377//1334 8382//897 8379//13
f 8379//13 8382//897 8383//122
f 8382//897 8381//1336 8384//289
f 8382//897 8384//289 8383//122
f 8385//1267 8386//2 8387//3
f 8369//1330 8370//1331 8385//1267
f 8385//1267 8370//1331 8388//1210
f 8385//1267 8388//1210 8386//2
f 8370//1331 8372//1298 8388//1210
f 8388//1210 8372//1298 8389//578
f 8385//1267 8387//3 8390//920
f 8390//920 8387//3 8391//390
f 8369//1330 8385//1267 8373//1332
f 8373//1332 8385//1267 8390//920
f 8373//1332 8390//920 8392//1337
f 8392//1337 8390//920 8393//62
f 8373//1332 8392//1337 8372//1298
f 8372//1298 8392//1337 8389//578
f 8390//920 8391//390 8394//496
f 8390//920 8394//496 8393//62
f 8376//1319 8375//1333 8395//917
f 8395//917 8375//1333 8396//24
f 8375//1333 8378//5 8396//24
f 8396//24 8378//5 8397//25
f 8378//5 8379//13 8397//25
f 8397//25 8379//13 8398//89
f 8376//1319 8395//917 8380//1335
f 8380//1335 8395//917 8399//595
f 8380//1335 8399//595 8400//403
f 8380//1335 8400//403 8381//1336
f 8383//122 8401//19 8379//13
f 8379//13 8401//19 8398//89
f 8400//403 8399//595 8402//452
f 8381//1336 8400//403 8384//289
f 8384//289 8400//403 8402//452
f 8384//289 8402//452 8403//23
f 8384//289 8403//23 8383//122
f 8383//122 8403//23 8401//19
f 8387//3 8386//2 8404//952
f 8404//952 8386//2 8405//1331
f 8386//2 8388//1210 8405//1331
f 8405//1331 8388//1210 8406//258
f 8405//1331 8406//258 8407//1229
f 8388//1210 8389//578 8406//258
f 8391//390 8387//3 8408//865
f 8408//865 8387//3 8404//952
f 8393//62 8409//206 8392//1337
f 8392//1337 8409//206 8407//1229
f 8392//1337 8407//1229 8406//258
f 8392//1337 8406//258 8389//578
f 8391//390 8408//865 8394//496
f 8394//496 8408//865 8410//436
f 8394//496 8410//436 8393//62
f 8393//62 8410//436 8409//206
f 8395//917 8396//24 8411//1213
f 8411//1213 8396//24 8412//24
f 8396//24 8397//25 8412//24
f 8412//24 8397//25 8413//25
f 8397//25 8398//89 8413//25
f 8413//25 8398//89 8414//89
f 8399//595 8395//917 8415//42
f 8415//42 8395//917 8411//1213
f 8401//19 8416//19 8398//89
f 8398//89 8416//19 8414//89
f 8399//595 8415//42 8402//452
f 8402//452 8415//42 8417//95
f 8402//452 8417//95 8403//23
f 8403//23 8417//95 8418//140
f 8403//23 8418//140 8401//19
f 8401//19 8418//140 8416//19
f 8419//988 8420//2 8421//3
f 8404//952 8405//1331 8419//988
f 8419//988 8405//1331 8422//1210
f 8419//988 8422//1210 8420//2
f 8405//1331 8407//1229 8422//1210
f 8422//1210 8407//1229 8423//811
f 8419//988 8421//3 8424//280
f 8424//280 8421//3 8425//390
f 8408//865 8404//952 8424//280
f 8424//280 8404//952 8419//988
f 8409//206 8426//19 8407//1229
f 8407//1229 8426//19 8423//811
f 8424//280 8425//390 8427//452
f 8408//865 8424//280 8410//436
f 8410//436 8424//280 8427//452
f 8410//436 8427//452 8428//23
f 8410//436 8428//23 8409//206
f 8409//206 8428//23 8426//19
f 8411//1213 8412//24 8429//1247
f 8429//1247 8412//24 8430//291
f 8412//24 8413//25 8430//291
f 8430//291 8413//25 8431//1010
f 8413//25 8414//89 8431//1010
f 8431//1010 8414//89 8432//89
f 8415//42 8411//1213 8433//226
f 8433//226 8411//1213 8429//1247
f 8433//226 8429//1247 8434//1099
f 8433//226 8434//1099 8435//239
f 8416//19 8436//19 8414//89
f 8414//89 8436//19 8432//89
f 8415//42 8433//226 8417//95
f 8417//95 8433//226 8418//140
f 8418//140 8433//226 8435//239
f 8418//140 8435//239 8437//103
f 8418//140 8437//103 8416//19
f 8416//19 8437//103 8436//19
f 8421//3 8420//2 8438//7
f 8438//7 8420//2 8439//1320
f 8420//2 8422//1210 8439//1320
f 8439//1320 8422//1210 8440//733
f 8439//1320 8440//733 8441//570
f 8422//1210 8423//811 8440//733
f 8425//390 8421//3 8442//20
f 8442//20 8421//3 8438//7
f 8440//733 8443//570 8441//570
f 8426//19 8444//907 8423//811
f 8423//811 8444//907 8443//570
f 8423//811 8443//570 8440//733
f 8425//390 8442//20 8427//452
f 8427//452 8442//20 8445//22
f 8427//452 8445//22 8428//23
f 8428//23 8445//22 8446//23
f 8428//23 8446//23 8426//19
f 8426//19 8446//23 8444//907
f 8429//1247 8430//291 8447//1002
f 8430//291 8431//1010 8447//1002
f 8447//1002 8431//1010 8448//651
f 8447//1002 8448//651 8449//1225
f 8431//1010 8432//89 8448//651
f 8448//651 8432//89 8450//89
f 8429//1247 8447//1002 8434//1099
f 8434//1099 8447//1002 8435//239
f 8435//239 8447//1002 8449//1225
f 8435//239 8449//1225 8451//20
f 8436//19 8452//19 8432//89
f 8432//89 8452//19 8450//89
f 8435//239 8451//20 8437//103
f 8437//103 8451//20 8453//103
f 8437//103 8453//103 8436//19
f 8436//19 8453//103 8452//19
f 8438//7 8439//1320 8454//1338
f 8454//1338 8439//1320 8455//564
f 8439//1320 8441//570 8455//564
f 8455//564 8441//570 8456//570
f 8442//20 8438//7 8457//1339
f 8457//1339 8438//7 8454//1338
f 8441//570 8443//570 8456//570
f 8456//570 8443//570 8458//570
f 8443//570 8444//907 8458//570
f 8458//570 8444//907 8459//578
f 8442//20 8457//1339 8445//22
f 8445//22 8457//1339 8460//555
f 8445//22 8460//555 8446//23
f 8446//23 8460//555 8461//31
f 8446//23 8461//31 8444//907
f 8444//907 8461//31 8459//578
f 8449//1225 8448//651 8462//7
f 8462//7 8448//651 8463//126
f 8448//651 8450//89 8463//126
f 8463//126 8450//89 8464//181
f 8451//20 8449//1225 8465//20
f 8465//20 8449//1225 8462//7
f 8452//19 8466//114 8450//89
f 8450//89 8466//114 8464//181
f 8451//20 8465//20 8453//103
f 8453//103 8465//20 8467//103
f 8453//103 8467//103 8452//19
f 8452//19 8467//103 8466//114
f 8454//1338 8455//564 8468//1325
f 8455//564 8456//570 8468//1325
f 8469//1326 8470//1327 8471//397
f 8457//1339 8454//1338 8469//1326
f 8469//1326 8454//1338 8468//1325
f 8469//1326 8468//1325 8470//1327
f 8470//1327 8468//1325 8472//677
f 8456//570 8458//570 8468//1325
f 8468//1325 8458//570 8473//258
f 8468//1325 8473//258 8472//677
f 8472//677 8473//258 8474//1298
f 8458//570 8459//578 8473//258
f 8469//1326 8471//397 8475//452
f 8457//1339 8469//1326 8460//555
f 8460//555 8469//1326 8475//452
f 8460//555 8475//452 8476//131
f 8460//555 8476//131 8461//31
f 8461//31 8476//131 8474//1298
f 8461//31 8474//1298 8473//258
f 8461//31 8473//258 8459//578
f 8462//7 8463//126 8477//7
f 8477//7 8463//126 8478//126
f 8463//126 8464//181 8478//126
f 8478//126 8464//181 8479//77
f 8465//20 8462//7 8480//20
f 8480//20 8462//7 8477//7
f 8466//114 8481//1340 8464//181
f 8464//181 8481//1340 8482//1341
f 8464//181 8482//1341 8479//77
f 8465//20 8480//20 8467//103
f 8467//103 8480//20 8483//83
f 8467//103 8483//83 8466//114
f 8466//114 8483//83 8484//457
f 8466//114 8484//457 8481//1340
f 8471//397 8470//1327 8485//14
f 8485//14 8470//1327 8486//24
f 8470//1327 8472//677 8486//24
f 8486//24 8472//677 8487//25
f 8472//677 8474//1298 8487//25
f 8487//25 8474//1298 8488//18
f 8471//397 8485//14 8475//452
f 8475//452 8485//14 8489//22
f 8475//452 8489//22 8476//131
f 8476//131 8489//22 8490//23
f 8476//131 8490//23 8474//1298
f 8474//1298 8490//23 8488//18
f 8477//7 8478//126 8491//7
f 8491//7 8478//126 8492//126
f 8478//126 8479//77 8492//126
f 8492//126 8479//77 8493//77
f 8480//20 8477//7 8494//20
f 8494//20 8477//7 8491//7
f 8479//77 8482//1341 8493//77
f 8493//77 8482//1341 8495//77
f 8480//20 8494//20 8483//83
f 8483//83 8494//20 8496//22
f 8483//83 8496//22 8484//457
f 8484//457 8496//22 8497//103
f 8485//14 8486//24 8498//14
f 8498//14 8486//24 8499//24
f 8486//24 8487//25 8499//24
f 8499//24 8487//25 8500//25
f 8487//25 8488//18 8500//25
f 8500//25 8488//18 8501//322
f 8485//14 8498//14 8489//22
f 8489//22 8498//14 8502//22
f 8489//22 8502//22 8490//23
f 8490//23 8502//22 8503//824
f 8490//23 8503//824 8488//18
f 8488//18 8503//824 8501//322
f 8491//7 8492//126 8504//236
f 8504//236 8492//126 8505//564
f 8492//126 8493//77 8505//564
f 8505//564 8493//77 8506//570
f 8494//20 8491//7 8507//42
f 8507//42 8491//7 8504//236
f 8493//77 8495//77 8506//570
f 8506//570 8495//77 8508//1342
f 8494//20 8507//42 8496//22
f 8496//22 8507//42 8509//95
f 8496//22 8509//95 8497//103
f 8497//103 8509//95 8510//1343
f 8498//14 8499//24 8511//14
f 8511//14 8499//24 8512//24
f 8499//24 8500//25 8512//24
f 8512//24 8500//25 8513//25
f 8500//25 8501//322 8513//25
f 8513//25 8501//322 8514//89
f 8498//14 8511//14 8502//22
f 8502//22 8511//14 8515//560
f 8502//22 8515//560 8503//824
f 8503//824 8515//560 8516//553
f 8503//824 8516//553 8517//373
f 8503//824 8517//373 8501//322
f 8501//322 8517//373 8518//60
f 8501//322 8518//60 8514//89
f 8517//373 8516//553 8519//289
f 8517//373 8519//289 8518//60
f 8504//236 8505//564 8520//1222
f 8505//564 8506//570 8520//1222
f 8507//42 8504//236 8521//1344
f 8521//1344 8504//236 8520//1222
f 8506//570 8508//1342 8520//1222
f 8520//1222 8508//1342 8522//1345
f 8520//1222 8522//1345 8521//1344
f 8521//1344 8522//1345 8523//1319
f 8507//42 8521//1344 8509//95
f 8509//95 8521//1344 8510//1343
f 8510//1343 8521//1344 8523//1319
f 8510//1343 8523//1319 8524//149
f 8511//14 8512//24 8525//917
f 8525//917 8512//24 8526//24
f 8512//24 8513//25 8526//24
f 8526//24 8513//25 8527//25
f 8513//25 8514//89 8527//25
f 8527//25 8514//89 8528//89
f 8511//14 8525//917 8515//560
f 8515//560 8525//917 8529//595
f 8515//560 8529//595 8530//473
f 8515//560 8530//473 8516//553
f 8518//60 8531//19 8514//89
f 8514//89 8531//19 8528//89
f 8530//473 8529//595 8532//452
f 8516//553 8530//473 8519//289
f 8519//289 8530//473 8532//452
f 8519//289 8532//452 8533//23
f 8519//289 8533//23 8518//60
f 8518//60 8533//23 8531//19
f 8523//1319 8522//1345 8534//14
f 8534//14 8522//1345 8535//125
f 8523//1319 8534//14 8524//149
f 8524//149 8534//14 8536//149
f 8525//917 8526//24 8537//7
f 8537//7 8526//24 8538//24
f 8526//24 8527//25 8538//24
f 8538//24 8527//25 8539//25
f 8527//25 8528//89 8539//25
f 8539//25 8528//89 8540//89
f 8529//595 8525//917 8541//20
f 8541//20 8525//917 8537//7
f 8531//19 8542//19 8528//89
f 8528//89 8542//19 8540//89
f 8529//595 8541//20 8532//452
f 8532//452 8541//20 8543//22
f 8532//452 8543//22 8533//23
f 8533//23 8543//22 8544//23
f 8533//23 8544//23 8531//19
f 8531//19 8544//23 8542//19
f 8534//14 8535//125 8545//1307
f 8545//1307 8535//125 8546//1346
f 8534//14 8545//1307 8536//149
f 8536//149 8545//1307 8547//1347
f 8537//7 8538//24 8548//7
f 8548//7 8538//24 8549//24
f 8538//24 8539//25 8549//24
f 8549//24 8539//25 8550//25
f 8539//25 8540//89 8550//25
f 8550//25 8540//89 8551//89
f 8541//20 8537//7 8552//20
f 8552//20 8537//7 8548//7
f 8542//19 8553//19 8540//89
f 8540//89 8553//19 8551//89
f 8541//20 8552//20 8543//22
f 8543//22 8552//20 8554//22
f 8543//22 8554//22 8544//23
f 8544//23 8554//22 8555//23
f 8544//23 8555//23 8542//19
f 8542//19 8555//23 8553//19
f 8545//1307 8546//1346 8556//503
f 8545//1307 8556//503 8547//1347
f 8548//7 8549//24 8557//7
f 8557//7 8549//24 8558//24
f 8549//24 8550//25 8558//24
f 8558//24 8550//25 8559//25
f 8550//25 8551//89 8559//25
f 8559//25 8551//89 8560//89
f 8552//20 8548//7 8561//20
f 8561//20 8548//7 8557//7
f 8553//19 8562//19 8551//89
f 8551//89 8562//19 8560//89
f 8552//20 8561//20 8554//22
f 8554//22 8561//20 8563//22
f 8554//22 8563//22 8555//23
f 8555//23 8563//22 8564//23
f 8555//23 8564//23 8553//19
f 8553//19 8564//23 8562//19
f 8557//7 8558//24 8565//192
f 8565//192 8558//24 8566//291
f 8558//24 8559//25 8566//291
f 8566//291 8559//25 8567//1010
f 8559//25 8560//89 8567//1010
f 8567//1010 8560//89 8568//89
f 8561//20 8557//7 8569//20
f 8569//20 8557//7 8565//192
f 8562//19 8570//19 8560//89
f 8560//89 8570//19 8568//89
f 8561//20 8569//20 8563//22
f 8563//22 8569//20 8571//22
f 8563//22 8571//22 8564//23
f 8564//23 8571//22 8572//23
f 8564//23 8572//23 8562//19
f 8562//19 8572//23 8570//19
f 8565//192 8566//291 8573//875
f 8566//291 8567//1010 8573//875
f 8573//875 8567//1010 8574//905
f 8573//875 8574//905 8575//717
f 8567//1010 8568//89 8574//905
f 8574//905 8568//89 8576//811
f 8569//20 8565//192 8577//837
f 8577//837 8565//192 8573//875
f 8577//837 8573//875 8578//193
f 8573//875 8575//717 8578//193
f 8570//19 8579//19 8568//89
f 8568//89 8579//19 8576//811
f 8569//20 8577//837 8571//22
f 8571//22 8577//837 8580//22
f 8571//22 8580//22 8572//23
f 8572//23 8580//22 8581//23
f 8572//23 8581//23 8570//19
f 8570//19 8581//23 8579//19
f 8575//717 8574//905 8582//812
f 8574//905 8576//811 8582//812
f 8577//837 8578//193 8583//1307
f 8583//1307 8578//193 8584//853
f 8578//193 8575//717 8584//853
f 8584//853 8575//717 8582//812
f 8584//853 8582//812 8585//976
f 8579//19 8586//907 8576//811
f 8576//811 8586//907 8585//976
f 8576//811 8585//976 8582//812
f 8577//837 8583//1307 8580//22
f 8580//22 8583//1307 8587//95
f 8580//22 8587//95 8581//23
f 8581//23 8587//95 8588//140
f 8581//23 8588//140 8579//19
f 8579//19 8588//140 8586//907
f 8583//1307 8584//853 8589//1318
f 8584//853 8585//976 8589//1318
f 8589//1318 8585//976 8590//651
f 8589//1318 8590//651 8591//1319
f 8585//976 8586//907 8590//651
f 8590//651 8586//907 8592//18
f 8583//1307 8589//1318 8587//95
f 8587//95 8589//1318 8588//140
f 8588//140 8589//1318 8591//1319
f 8588//140 8591//1319 8593//103
f 8588//140 8593//103 8586//907
f 8586//907 8593//103 8592//18
f 8591//1319 8590//651 8594//14
f 8594//14 8590//651 8595//126
f 8590//651 8592//18 8595//126
f 8595//126 8592//18 8596//18
f 8591//1319 8594//14 8593//103
f 8593//103 8594//14 8597//103
f 8593//103 8597//103 8592//18
f 8592//18 8597//103 8596//18
f 8594//14 8595//126 8598//14
f 8598//14 8595//126 8599//126
f 8595//126 8596//18 8599//126
f 8599//126 8596//18 8600//18
f 8594//14 8598//14 8597//103
f 8597//103 8598//14 8601//103
f 8597//103 8601//103 8596//18
f 8596//18 8601//103 8600//18
